strike_idx,target_time,peak_time,timing_err_ms,peak_force,success,model_key,model,seed,midi,trial,force_threshold
0,0.41947096409301743,0.45442687776743557,34.955913674418134,9.692587054048303,False,RAL/B_seed1,B,1,gmd_03_high_bpm138.mid,1,1.0
1,0.7390678891162689,0.7490552930232454,9.9874039069765,21.50325022125921,True,RAL/B_seed1,B,1,gmd_03_high_bpm138.mid,1,1.0
2,0.9587907750697542,0.9837592848371957,24.96850976744147,3.1463667714468717,True,RAL/B_seed1,B,1,gmd_03_high_bpm138.mid,1,1.0
3,1.61795943293021,1.61795943293021,0.0,44.422650837733066,True,RAL/B_seed1,B,1,gmd_03_high_bpm138.mid,1,1.0
4,2.1572792439069466,,,0.0,False,RAL/B_seed1,B,1,gmd_03_high_bpm138.mid,1,1.0
5,2.4968509767441516,2.5667628040929875,69.91182734883594,13.064882351145954,False,RAL/B_seed1,B,1,gmd_03_high_bpm138.mid,1,1.0
6,2.6965990548836833,2.7615171802790313,64.91812539534791,1.803552354503033,False,RAL/B_seed1,B,1,gmd_03_high_bpm138.mid,1,1.0
7,3.016195979906935,3.0211896818604234,4.993701953488472,45.429761650441,True,RAL/B_seed1,B,1,gmd_03_high_bpm138.mid,1,1.0
8,3.3557677127441394,,,0.0,False,RAL/B_seed1,B,1,gmd_03_high_bpm138.mid,1,1.0
9,3.4756165596278588,3.565503194790648,89.88663516278939,19.82473220007936,False,RAL/B_seed1,B,1,gmd_03_high_bpm138.mid,1,1.0
10,4.194709640930174,,,0.0,False,RAL/B_seed1,B,1,gmd_03_high_bpm138.mid,1,1.0
11,4.434407334697613,4.459375844465054,24.968509767441027,38.31894894253364,True,RAL/B_seed1,B,1,gmd_03_high_bpm138.mid,1,1.0
12,4.973727145674349,4.978720847627838,4.993701953488916,89.86471144749292,True,RAL/B_seed1,B,1,gmd_03_high_bpm138.mid,1,1.0
13,5.273349262883648,5.288330368744113,14.981105860464972,24.371990112002926,True,RAL/B_seed1,B,1,gmd_03_high_bpm138.mid,1,1.0
14,5.612920995720852,5.632895803534805,19.974807813953,1.040589617603068,True,RAL/B_seed1,B,1,gmd_03_high_bpm138.mid,1,1.0
15,5.912543112930151,5.962480132465034,49.93701953488294,2.291848506118974,False,RAL/B_seed1,B,1,gmd_03_high_bpm138.mid,1,1.0
16,6.152240806697589,,,0.0,False,RAL/B_seed1,B,1,gmd_03_high_bpm138.mid,1,1.0
17,6.691560617674326,6.686566915720838,-4.993701953488028,43.88857692190313,True,RAL/B_seed1,B,1,gmd_03_high_bpm138.mid,1,1.0
18,6.9911827348836235,7.011157542697577,19.974807813953888,29.11761833552052,True,RAL/B_seed1,B,1,gmd_03_high_bpm138.mid,1,1.0
19,7.350729275534782,7.370704083348735,19.974807813953,5.6946623126926745,True,RAL/B_seed1,B,1,gmd_03_high_bpm138.mid,1,1.0
20,7.6903010083719865,7.735244325953381,44.943317581394915,1.1168858912930588,False,RAL/B_seed1,B,1,gmd_03_high_bpm138.mid,1,1.0
21,7.929998702139425,7.964954615813843,34.95591367441797,6.717032380138551,False,RAL/B_seed1,B,1,gmd_03_high_bpm138.mid,1,1.0
22,8.209646011534769,8.26457673302314,54.93072148837186,15.185918759727755,False,RAL/B_seed1,B,1,gmd_03_high_bpm138.mid,1,1.0
23,8.549217744371974,,,0.0,False,RAL/B_seed1,B,1,gmd_03_high_bpm138.mid,1,1.0
24,8.64909178344174,8.604148465860346,-44.94331758139403,1.803552354503033,False,RAL/B_seed1,B,1,gmd_03_high_bpm138.mid,1,1.0
25,9.113506065116152,,,0.0,False,RAL/B_seed1,B,1,gmd_03_high_bpm138.mid,1,1.0
26,9.408134480371963,9.438096692092893,29.962211720929943,43.23242896816921,True,RAL/B_seed1,B,1,gmd_03_high_bpm138.mid,1,1.0
27,9.667806981953355,9.687781789767307,19.97480781395211,10.806512649922167,True,RAL/B_seed1,B,1,gmd_03_high_bpm138.mid,1,1.0
28,9.987403906976606,10.00238501283707,14.981105860464083,25.01287881099885,True,RAL/B_seed1,B,1,gmd_03_high_bpm138.mid,1,1.0
29,10.307000831999856,10.381906361302182,74.90552930232575,4.885921811578717,False,RAL/B_seed1,B,1,gmd_03_high_bpm138.mid,1,1.0
30,10.866295450790547,10.876282854697523,9.987403906976056,5.572588274788634,True,RAL/B_seed1,B,1,gmd_03_high_bpm138.mid,1,1.0
31,11.190886077767287,11.215854587534729,24.968509767441915,20.099398785363327,True,RAL/B_seed1,B,1,gmd_03_high_bpm138.mid,1,1.0
32,11.405615261767284,11.435577473488213,29.962211720928167,28.430951872310544,True,RAL/B_seed1,B,1,gmd_03_high_bpm138.mid,1,1.0
33,11.94493507274402,11.979890986418438,34.95591367441797,32.74932096316414,False,RAL/B_seed1,B,1,gmd_03_high_bpm138.mid,1,1.0
34,12.24455718995332,12.364406036837037,119.848846883718,1.2999969481490368,False,RAL/B_seed1,B,1,gmd_03_high_bpm138.mid,1,1.0
35,12.584128922790523,12.604103730604477,19.974807813953888,8.212439344462428,True,RAL/B_seed1,B,1,gmd_03_high_bpm138.mid,1,1.0
36,12.88375103999982,12.91371325172075,29.962211720929943,42.69835505233922,True,RAL/B_seed1,B,1,gmd_03_high_bpm138.mid,1,1.0
37,13.642793736930043,13.697724458418415,54.93072148837186,1.895107882931022,False,RAL/B_seed1,B,1,gmd_03_high_bpm138.mid,1,1.0
38,13.922441046325389,13.937422152185853,14.981105860464083,47.74916837061678,True,RAL/B_seed1,B,1,gmd_03_high_bpm138.mid,1,1.0
39,14.301962394790499,14.346905712371894,44.9433175813958,1.3762932218390276,False,RAL/B_seed1,B,1,gmd_03_high_bpm138.mid,1,1.0
40,14.62155931981375,14.646527829581192,24.968509767441915,40.18057802056946,True,RAL/B_seed1,B,1,gmd_03_high_bpm138.mid,1,1.0
41,14.86125701358119,14.881231821395142,19.97480781395211,28.20206305124057,True,RAL/B_seed1,B,1,gmd_03_high_bpm138.mid,1,1.0
42,15.18584764055793,15.195835044464905,9.987403906976056,30.00265511032441,True,RAL/B_seed1,B,1,gmd_03_high_bpm138.mid,1,1.0
43,15.500450863627691,15.530413075348621,29.962211720929943,47.01672414319287,True,RAL/B_seed1,B,1,gmd_03_high_bpm138.mid,1,1.0
44,15.580350094883505,,,0.0,False,RAL/B_seed1,B,1,gmd_03_high_bpm138.mid,1,1.0
45,16.06473918437187,16.079720290232334,14.981105860464083,37.12872707296978,True,RAL/B_seed1,B,1,gmd_03_high_bpm138.mid,1,1.0
46,16.379342407441634,,,0.0,False,RAL/B_seed1,B,1,gmd_03_high_bpm138.mid,1,1.0
47,16.599065293395117,16.634021207069537,34.95591367441975,46.36057618945889,False,RAL/B_seed1,B,1,gmd_03_high_bpm138.mid,1,1.0
48,16.898687410604417,16.91366851646488,14.981105860464083,12.790215765861989,True,RAL/B_seed1,B,1,gmd_03_high_bpm138.mid,1,1.0
49,17.23825914344162,,,0.0,False,RAL/B_seed1,B,1,gmd_03_high_bpm138.mid,1,1.0
50,17.318158374697433,17.36310169227883,44.9433175813958,16.84917752616961,False,RAL/B_seed1,B,1,gmd_03_high_bpm138.mid,1,1.0
51,17.79755376223231,17.82751597395324,29.962211720928167,42.54576250495924,True,RAL/B_seed1,B,1,gmd_03_high_bpm138.mid,1,1.0
52,18.336873573209047,18.36184208297649,24.96850976744369,21.28962065492724,True,RAL/B_seed1,B,1,gmd_03_high_bpm138.mid,1,1.0
53,18.881187086139274,18.911149297860202,29.962211720928167,9.11273537400432,True,RAL/B_seed1,B,1,gmd_03_high_bpm138.mid,1,1.0
54,19.175815501395082,19.2107714150695,34.95591367441975,47.15405743583485,False,RAL/B_seed1,B,1,gmd_03_high_bpm138.mid,1,1.0
55,19.53536204204624,19.53536204204624,0.0,13.110660115359948,True,RAL/B_seed1,B,1,gmd_03_high_bpm138.mid,1,1.0
56,19.834984159255537,19.85995266902298,24.96850976744369,35.43494979705193,True,RAL/B_seed1,B,1,gmd_03_high_bpm138.mid,1,1.0
57,20.059700747162513,20.084669256929953,24.96850976744014,17.47480697042759,True,RAL/B_seed1,B,1,gmd_03_high_bpm138.mid,1,1.0
58,20.294404738976464,20.324366950697392,29.962211720928167,29.08709982604452,True,RAL/B_seed1,B,1,gmd_03_high_bpm138.mid,1,1.0
59,20.933598589022964,20.943585992929943,9.987403906979608,1.4831080050050147,True,RAL/B_seed1,B,1,gmd_03_high_bpm138.mid,1,1.0
60,21.572792439069467,21.612742054697375,39.949615627907775,29.78902554399244,False,RAL/B_seed1,B,1,gmd_03_high_bpm138.mid,1,1.0
61,21.792515325022954,21.822477536743882,29.962211720928167,34.50413525803398,True,RAL/B_seed1,B,1,gmd_03_high_bpm138.mid,1,1.0
62,22.431709175069457,22.45168398288341,19.97480781395211,5.679403057954676,True,RAL/B_seed1,B,1,gmd_03_high_bpm138.mid,1,1.0
63,22.51160840632527,22.501621002418293,-9.987403906976056,11.355845820490105,True,RAL/B_seed1,B,1,gmd_03_high_bpm138.mid,1,1.0
64,23.310600718883396,23.340562930604328,29.96221172093172,7.4799951170384595,True,RAL/B_seed1,B,1,gmd_03_high_bpm138.mid,1,1.0
65,23.530323604836884,23.5652795185113,34.955913674416195,29.59065523239846,False,RAL/B_seed1,B,1,gmd_03_high_bpm138.mid,1,1.0
66,23.849920529860135,23.879882741581063,29.962211720928167,2.383404034546963,True,RAL/B_seed1,B,1,gmd_03_high_bpm138.mid,1,1.0
67,24.169517454883387,24.199479666604315,29.962211720928167,3.604144413586816,True,RAL/B_seed1,B,1,gmd_03_high_bpm138.mid,1,1.0
68,24.2494166861392,,,0.0,False,RAL/B_seed1,B,1,gmd_03_high_bpm138.mid,1,1.0
69,24.728812073674074,24.758774285395006,29.96221172093172,54.26487014374216,True,RAL/B_seed1,B,1,gmd_03_high_bpm138.mid,1,1.0
70,25.06838380651128,25.09834601823221,29.962211720928167,38.41050447096163,True,RAL/B_seed1,B,1,gmd_03_high_bpm138.mid,1,1.0
71,25.288106692464766,25.313075202232206,24.96850976744014,41.126651814325406,True,RAL/B_seed1,B,1,gmd_03_high_bpm138.mid,1,1.0
72,25.8274265034415,25.84240760930197,14.981105860467636,1.7882930997650348,True,RAL/B_seed1,B,1,gmd_03_high_bpm138.mid,1,1.0
73,26.1270486206508,26.147023428464752,19.97480781395211,36.86931974242376,True,RAL/B_seed1,B,1,gmd_03_high_bpm138.mid,1,1.0
74,26.466620353488004,26.491588863255448,24.96850976744369,5.099551377910691,True,RAL/B_seed1,B,1,gmd_03_high_bpm138.mid,1,1.0
75,26.786217278511256,,,0.0,False,RAL/B_seed1,B,1,gmd_03_high_bpm138.mid,1,1.0
76,27.005940164464743,27.03590237618567,29.962211720928167,40.40946684163944,True,RAL/B_seed1,B,1,gmd_03_high_bpm138.mid,1,1.0
77,27.530278869581014,27.535272571534502,4.993701953488028,3.604144413586816,True,RAL/B_seed1,B,1,gmd_03_high_bpm138.mid,1,1.0
0,0.4194692618879023,0.4344503069553274,14.981045067425091,1.0100711081270717,True,RAL/B_seed1,B,1,gmd_03_high_bpm138.mid,2,1.0
1,0.7390648899929707,0.7390648899929707,0.0,1.605182042909,True,RAL/B_seed1,B,1,gmd_03_high_bpm138.mid,2,1.0
2,0.9587868843152052,0.9637805660043469,4.993681689141716,13.034363841669958,True,RAL/B_seed1,B,1,gmd_03_high_bpm138.mid,2,1.0
3,1.6179528672819088,1.6179528672819088,0.0,4.702810754722739,True,RAL/B_seed1,B,1,gmd_03_high_bpm138.mid,2,1.0
4,2.157270489709212,2.187232579844062,29.962090134850072,8.86858729819635,True,RAL/B_seed1,B,1,gmd_03_high_bpm138.mid,2,1.0
5,2.496840844570847,2.5218092530165555,24.968408445708246,1.7730338450270366,True,RAL/B_seed1,B,1,gmd_03_high_bpm138.mid,2,1.0
6,2.696588112136515,2.706575475514798,9.98736337828321,16.605029450361638,True,RAL/B_seed1,B,1,gmd_03_high_bpm138.mid,2,1.0
7,3.0161837402415834,3.0311647853090085,14.981045067425036,11.783104953154108,True,RAL/B_seed1,B,1,gmd_03_high_bpm138.mid,2,1.0
8,3.3557540951032183,3.3707351401706434,14.981045067425036,61.75716422009948,True,RAL/B_seed1,B,1,gmd_03_high_bpm138.mid,2,1.0
9,3.475602455642619,3.505564545777469,29.962090134850072,17.490066225165588,True,RAL/B_seed1,B,1,gmd_03_high_bpm138.mid,2,1.0
10,4.194692618879023,4.204679982257306,9.987363378283654,41.93539231543931,True,RAL/B_seed1,B,1,gmd_03_high_bpm138.mid,2,1.0
11,4.434389339957824,4.449370385025249,14.981045067425036,39.78383739738151,True,RAL/B_seed1,B,1,gmd_03_high_bpm138.mid,2,1.0
12,4.973706962385127,4.9637195990068435,-9.987363378283654,41.14191106906341,True,RAL/B_seed1,B,1,gmd_03_high_bpm138.mid,2,1.0
13,5.273327863733629,5.263340500355346,-9.987363378282765,9.173772392956312,True,RAL/B_seed1,B,1,gmd_03_high_bpm138.mid,2,1.0
14,5.612898218595264,5.607904536906123,-4.993681689141383,13.64473403118994,True,RAL/B_seed1,B,1,gmd_03_high_bpm138.mid,2,1.0
15,5.912519119943766,5.912519119943766,0.0,16.26932584612568,True,RAL/B_seed1,B,1,gmd_03_high_bpm138.mid,2,1.0
16,6.152215841022567,6.1721905677791336,19.97472675656642,14.010956144901895,True,RAL/B_seed1,B,1,gmd_03_high_bpm138.mid,2,1.0
17,6.69153346344987,6.686539781760728,-4.993681689142271,11.722067934202116,True,RAL/B_seed1,B,1,gmd_03_high_bpm138.mid,2,1.0
18,6.991154364798372,,,0.0,False,RAL/B_seed1,B,1,gmd_03_high_bpm138.mid,2,1.0
19,7.350699446416574,7.345705764727432,-4.993681689141383,17.64265877254557,True,RAL/B_seed1,B,1,gmd_03_high_bpm138.mid,2,1.0
20,7.690269801278209,7.7252255731022,34.955771823991455,2.5970336008789374,False,RAL/B_seed1,B,1,gmd_03_high_bpm138.mid,2,1.0
21,7.92996652235701,7.919979158978727,-9.987363378283654,30.139988402966395,True,RAL/B_seed1,B,1,gmd_03_high_bpm138.mid,2,1.0
22,8.209612696948945,8.209612696948945,0.0,43.46131778923918,True,RAL/B_seed1,B,1,gmd_03_high_bpm138.mid,2,1.0
23,8.54918305181058,8.569157778567147,19.974726756567307,57.45405438398389,True,RAL/B_seed1,B,1,gmd_03_high_bpm138.mid,2,1.0
24,8.649056685593415,8.674025094039122,24.968408445706913,3.680440687276807,True,RAL/B_seed1,B,1,gmd_03_high_bpm138.mid,2,1.0
25,9.113469082683592,9.10847540099445,-4.993681689141383,60.04812768944363,True,RAL/B_seed1,B,1,gmd_03_high_bpm138.mid,2,1.0
26,9.408096302342951,9.453039437545227,44.943135202276,2.947996459852895,False,RAL/B_seed1,B,1,gmd_03_high_bpm138.mid,2,1.0
27,9.667767750178319,9.667767750178319,0.0,67.35731070894496,True,RAL/B_seed1,B,1,gmd_03_high_bpm138.mid,2,1.0
28,9.987363378283389,10.007338105039954,19.97472675656553,10.272438734092232,True,RAL/B_seed1,B,1,gmd_03_high_bpm138.mid,2,1.0
29,10.306959006388457,10.336921096523307,29.962090134850072,8.654957731864375,True,RAL/B_seed1,B,1,gmd_03_high_bpm138.mid,2,1.0
30,10.866251355572325,10.87623871895061,9.987363378284542,2.24607074190498,True,RAL/B_seed1,B,1,gmd_03_high_bpm138.mid,2,1.0
31,11.190840665366537,11.185846983677395,-4.993681689141383,3.4362926114688364,True,RAL/B_seed1,B,1,gmd_03_high_bpm138.mid,2,1.0
32,11.405568977999629,11.410562659688772,4.993681689143159,1.8493301187170277,True,RAL/B_seed1,B,1,gmd_03_high_bpm138.mid,2,1.0
33,11.944886600426932,11.944886600426932,0.0,24.387249366740924,True,RAL/B_seed1,B,1,gmd_03_high_bpm138.mid,2,1.0
34,12.244507501775434,12.239513820086293,-4.993681689141383,11.3711050752281,True,RAL/B_seed1,B,1,gmd_03_high_bpm138.mid,2,1.0
35,12.58407785663707,12.574090493258785,-9.987363378284542,61.6198309274575,True,RAL/B_seed1,B,1,gmd_03_high_bpm138.mid,2,1.0
36,12.88369875798557,12.898679803052996,14.981045067425924,2.108737449262996,True,RAL/B_seed1,B,1,gmd_03_high_bpm138.mid,2,1.0
37,13.642738374735108,13.632751011356826,-9.987363378282765,1.696737571336989,True,RAL/B_seed1,B,1,gmd_03_high_bpm138.mid,2,1.0
38,13.922384549327044,13.922384549327044,0.0,54.95153660695213,True,RAL/B_seed1,B,1,gmd_03_high_bpm138.mid,2,1.0
39,14.301904357701812,,,0.0,False,RAL/B_seed1,B,1,gmd_03_high_bpm138.mid,2,1.0
40,14.62149998580688,14.636481030874306,14.981045067425924,5.465773491622647,True,RAL/B_seed1,B,1,gmd_03_high_bpm138.mid,2,1.0
41,14.861196706885682,14.856203025196539,-4.993681689143159,21.686361278115196,True,RAL/B_seed1,B,1,gmd_03_high_bpm138.mid,2,1.0
42,15.185786016679891,15.175798653301609,-9.987363378282765,30.063692129276404,True,RAL/B_seed1,B,1,gmd_03_high_bpm138.mid,2,1.0
43,15.500387963095818,15.5103753264741,9.987363378282765,45.490798669392994,True,RAL/B_seed1,B,1,gmd_03_high_bpm138.mid,2,1.0
44,15.580286870122086,15.59526791518951,14.981045067424148,9.387401959288288,True,RAL/B_seed1,B,1,gmd_03_high_bpm138.mid,2,1.0
45,16.064673993968828,16.05968031227969,-4.993681689139606,14.667104098635818,True,RAL/B_seed1,B,1,gmd_03_high_bpm138.mid,2,1.0
46,16.379275940384755,16.38926330376304,9.987363378286318,2.6275521103549337,True,RAL/B_seed1,B,1,gmd_03_high_bpm138.mid,2,1.0
47,16.59899793470699,16.608985298085276,9.987363378286318,77.41315958128604,True,RAL/B_seed1,B,1,gmd_03_high_bpm138.mid,2,1.0
48,16.898618836055494,16.923587244501203,24.96840844570869,6.137180700094621,True,RAL/B_seed1,B,1,gmd_03_high_bpm138.mid,2,1.0
49,17.23818919091713,17.248176554295412,9.987363378282765,12.149327066866064,True,RAL/B_seed1,B,1,gmd_03_high_bpm138.mid,2,1.0
50,17.318088097943395,17.35803755145653,39.949453513134614,3.2837000640888547,False,RAL/B_seed1,B,1,gmd_03_high_bpm138.mid,2,1.0
51,17.797481540100996,17.807468903479283,9.987363378286318,7.0069582201605165,True,RAL/B_seed1,B,1,gmd_03_high_bpm138.mid,2,1.0
52,18.3367991625283,18.36176757097401,24.96840844570869,12.51554918057802,True,RAL/B_seed1,B,1,gmd_03_high_bpm138.mid,2,1.0
53,18.881110466644746,18.871123103266463,-9.987363378282765,9.387401959288288,True,RAL/B_seed1,B,1,gmd_03_high_bpm138.mid,2,1.0
54,19.175737686304107,19.18572504968239,9.987363378282765,3.848292489394842,True,RAL/B_seed1,B,1,gmd_03_high_bpm138.mid,2,1.0
55,19.535282767922308,19.550263812989733,14.981045067425924,9.250068666646303,True,RAL/B_seed1,B,1,gmd_03_high_bpm138.mid,2,1.0
56,19.83490366927081,19.874853122783943,39.949453513134614,8.86858729819635,False,RAL/B_seed1,B,1,gmd_03_high_bpm138.mid,2,1.0
57,20.059619345282186,20.099568798795318,39.94945351313106,1.3457747123630313,False,RAL/B_seed1,B,1,gmd_03_high_bpm138.mid,2,1.0
58,20.294322384671844,20.304309748050127,9.987363378282765,8.685476241340371,True,RAL/B_seed1,B,1,gmd_03_high_bpm138.mid,2,1.0
59,20.93351364088198,20.93351364088198,0.0,2.0629596850490017,True,RAL/B_seed1,B,1,gmd_03_high_bpm138.mid,2,1.0
60,21.57270489709212,21.617648032294394,44.94313520227422,3.57362590411082,False,RAL/B_seed1,B,1,gmd_03_high_bpm138.mid,2,1.0
61,21.79242689141435,21.81739529986006,24.96840844570869,7.083254493850507,True,RAL/B_seed1,B,1,gmd_03_high_bpm138.mid,2,1.0
62,22.43161814762449,22.47156760113762,39.94945351313106,33.5580614642781,False,RAL/B_seed1,B,1,gmd_03_high_bpm138.mid,2,1.0
63,22.511517054650756,22.5165107363399,4.993681689143159,2.0629596850490017,True,RAL/B_seed1,B,1,gmd_03_high_bpm138.mid,2,1.0
64,23.310506124913427,23.32049348829171,9.987363378282765,3.848292489394842,True,RAL/B_seed1,B,1,gmd_03_high_bpm138.mid,2,1.0
65,23.530228119235662,23.570177572748797,39.949453513134614,18.832880642109423,False,RAL/B_seed1,B,1,gmd_03_high_bpm138.mid,2,1.0
66,23.849823747340732,23.854817429029872,4.993681689139606,6.625476851710562,True,RAL/B_seed1,B,1,gmd_03_high_bpm138.mid,2,1.0
67,24.1694193754458,24.184400420513224,14.981045067425924,48.61894589068272,True,RAL/B_seed1,B,1,gmd_03_high_bpm138.mid,2,1.0
68,24.249318282472068,24.249318282472068,0.0,2.3223670155949705,True,RAL/B_seed1,B,1,gmd_03_high_bpm138.mid,2,1.0
69,24.72871172462967,24.783642223210226,54.930498580556986,15.033326212347774,False,RAL/B_seed1,B,1,gmd_03_high_bpm138.mid,2,1.0
70,25.068282079491304,25.093250487937013,24.96840844570869,3.359996337778845,True,RAL/B_seed1,B,1,gmd_03_high_bpm138.mid,2,1.0
71,25.28800407381354,25.307978800570105,19.97472675656553,14.789178136539803,True,RAL/B_seed1,B,1,gmd_03_high_bpm138.mid,2,1.0
72,25.82732169624084,25.857283786375692,29.96209013485185,18.024140140995524,True,RAL/B_seed1,B,1,gmd_03_high_bpm138.mid,2,1.0
73,26.126942597589345,26.1219489159002,-4.993681689143159,16.360881374553667,True,RAL/B_seed1,B,1,gmd_03_high_bpm138.mid,2,1.0
74,26.46651295245098,26.476500315829263,9.987363378282765,2.078218939787,True,RAL/B_seed1,B,1,gmd_03_high_bpm138.mid,2,1.0
75,26.786108580556046,26.801089625623472,14.981045067425924,21.1370281075472,True,RAL/B_seed1,B,1,gmd_03_high_bpm138.mid,2,1.0
76,27.00583057487828,27.010824256567425,4.993681689143159,45.13983581041904,True,RAL/B_seed1,B,1,gmd_03_high_bpm138.mid,2,1.0
77,27.53016715223816,27.515186107170734,-14.981045067425924,22.90710165715505,True,RAL/B_seed1,B,1,gmd_03_high_bpm138.mid,2,1.0
0,0.41947278862302917,0.41947278862302917,0.0,59.07153538621175,True,RAL/B_seed1,B,1,gmd_03_high_bpm138.mid,3,1.0
1,0.7390711037643848,0.7240899327421337,-14.98117102225105,19.22962126529738,True,RAL/B_seed1,B,1,gmd_03_high_bpm138.mid,3,1.0
2,0.9587949454240667,0.9737761164463177,14.981171022250939,3.8025147251808473,True,RAL/B_seed1,B,1,gmd_03_high_bpm138.mid,3,1.0
3,1.6179664704031125,1.6179664704031125,0.0,36.5183568834498,True,RAL/B_seed1,B,1,gmd_03_high_bpm138.mid,3,1.0
4,2.15728862720415,2.1772635219004846,19.974894696334733,7.800439466536478,True,RAL/B_seed1,B,1,gmd_03_high_bpm138.mid,3,1.0
5,2.4968618370418403,2.4968618370418403,0.0,26.493026520584728,True,RAL/B_seed1,B,1,gmd_03_high_bpm138.mid,3,1.0
6,2.6966107840051876,2.7265731260496895,29.962342044501877,12.393475142674037,True,RAL/B_seed1,B,1,gmd_03_high_bpm138.mid,3,1.0
7,3.016209099146543,3.0411777175169616,24.96861837041875,6.778069399090544,True,RAL/B_seed1,B,1,gmd_03_high_bpm138.mid,3,1.0
8,3.3557823089842334,3.3707634800064845,14.98117102225116,3.878810998870838,True,RAL/B_seed1,B,1,gmd_03_high_bpm138.mid,3,1.0
9,3.4756316771622418,,,0.0,False,RAL/B_seed1,B,1,gmd_03_high_bpm138.mid,3,1.0
10,4.194727886230292,4.189734162556208,-4.993723674084016,20.969176305429222,True,RAL/B_seed1,B,1,gmd_03_high_bpm138.mid,3,1.0
11,4.434426622586308,4.444414069934476,9.987447348168033,47.38294625690482,True,RAL/B_seed1,B,1,gmd_03_high_bpm138.mid,3,1.0
12,4.973748779387346,4.983736226735513,9.987447348167144,10.028290658284265,True,RAL/B_seed1,B,1,gmd_03_high_bpm138.mid,3,1.0
13,5.273372199832367,5.258391028810116,-14.98117102225116,26.264137699514755,True,RAL/B_seed1,B,1,gmd_03_high_bpm138.mid,3,1.0
14,5.612945409670057,5.597964238647806,-14.98117102225116,27.606952116458643,True,RAL/B_seed1,B,1,gmd_03_high_bpm138.mid,3,1.0
15,5.912568830115078,5.90258138276691,-9.987447348168033,6.198217719046614,True,RAL/B_seed1,B,1,gmd_03_high_bpm138.mid,3,1.0
16,6.152267566471094,6.1822299085155965,29.96234204450232,10.943845942564153,True,RAL/B_seed1,B,1,gmd_03_high_bpm138.mid,3,1.0
17,6.691589723272132,6.686595999598048,-4.993723674084016,34.77880184331795,True,RAL/B_seed1,B,1,gmd_03_high_bpm138.mid,3,1.0
18,6.991213143717153,6.981225696368986,-9.987447348167144,25.058656575212844,True,RAL/B_seed1,B,1,gmd_03_high_bpm138.mid,3,1.0
19,7.350761248251178,7.38072359029568,29.962342044501433,7.586809900204447,True,RAL/B_seed1,B,1,gmd_03_high_bpm138.mid,3,1.0
20,7.690334458088868,7.695328181762952,4.993723674084016,21.99154637287516,True,RAL/B_seed1,B,1,gmd_03_high_bpm138.mid,3,1.0
21,7.930033194444885,7.930033194444885,0.0,7.022217474898515,True,RAL/B_seed1,B,1,gmd_03_high_bpm138.mid,3,1.0
22,8.20968172019357,8.23465033856399,24.968618370419193,2.6275521103549337,True,RAL/B_seed1,B,1,gmd_03_high_bpm138.mid,3,1.0
23,8.54925493003126,8.594198443098014,44.94351306675348,17.535843989379583,False,RAL/B_seed1,B,1,gmd_03_high_bpm138.mid,3,1.0
24,8.649129403512935,8.68408546923152,34.95606571858545,4.8554033021027205,False,RAL/B_seed1,B,1,gmd_03_high_bpm138.mid,3,1.0
25,9.113545705202718,9.10355825785455,-9.987447348168033,3.833033234656844,True,RAL/B_seed1,B,1,gmd_03_high_bpm138.mid,3,1.0
26,9.408175401973654,9.418162849321822,9.987447348168033,18.72606585894344,True,RAL/B_seed1,B,1,gmd_03_high_bpm138.mid,3,1.0
27,9.667849033026005,9.68782392772234,19.97489469633429,42.43894772179325,True,RAL/B_seed1,B,1,gmd_03_high_bpm138.mid,3,1.0
28,9.987447348167361,10.017409690211863,29.96234204450232,7.373180333872472,True,RAL/B_seed1,B,1,gmd_03_high_bpm138.mid,3,1.0
29,10.307045663308717,10.307045663308717,0.0,34.488876003295985,True,RAL/B_seed1,B,1,gmd_03_high_bpm138.mid,3,1.0
30,10.86634271480609,10.891311333176507,24.968618370417417,15.704733420819746,True,RAL/B_seed1,B,1,gmd_03_high_bpm138.mid,3,1.0
31,11.190934753621528,11.175953582599277,-14.98117102225116,31.89480269783624,True,RAL/B_seed1,B,1,gmd_03_high_bpm138.mid,3,1.0
32,11.405664871607126,11.435627213651628,29.96234204450232,10.104586931974254,True,RAL/B_seed1,B,1,gmd_03_high_bpm138.mid,3,1.0
33,11.944987028408164,11.939993304734081,-4.993723674083128,27.744285409100627,True,RAL/B_seed1,B,1,gmd_03_high_bpm138.mid,3,1.0
34,12.244610448853186,12.234623001505017,-9.987447348168033,4.44340342417677,True,RAL/B_seed1,B,1,gmd_03_high_bpm138.mid,3,1.0
35,12.584183658690876,12.574196211342707,-9.987447348168033,5.801477095858662,True,RAL/B_seed1,B,1,gmd_03_high_bpm138.mid,3,1.0
36,12.883807079135895,12.883807079135895,0.0,2.24607074190498,True,RAL/B_seed1,B,1,gmd_03_high_bpm138.mid,3,1.0
37,13.642853077596616,13.632865630248448,-9.987447348168033,45.94857631153294,True,RAL/B_seed1,B,1,gmd_03_high_bpm138.mid,3,1.0
38,13.922501603345301,13.912514155997135,-9.987447348166256,3.1921445356608658,True,RAL/B_seed1,B,1,gmd_03_high_bpm138.mid,3,1.0
39,14.302024602575662,14.297030878901577,-4.9937236740849045,20.557176427503272,True,RAL/B_seed1,B,1,gmd_03_high_bpm138.mid,3,1.0
40,14.621622917717017,14.616629194042932,-4.9937236740849045,10.898068178350158,True,RAL/B_seed1,B,1,gmd_03_high_bpm138.mid,3,1.0
41,14.861321654073034,14.886290272443452,24.968618370417417,10.837031159398164,True,RAL/B_seed1,B,1,gmd_03_high_bpm138.mid,3,1.0
42,15.185913692888473,15.185913692888473,0.0,13.537919248023954,True,RAL/B_seed1,B,1,gmd_03_high_bpm138.mid,3,1.0
43,15.500518284355744,15.515499455377995,14.98117102225116,2.200292977690985,True,RAL/B_seed1,B,1,gmd_03_high_bpm138.mid,3,1.0
44,15.580417863141083,15.550455521096582,-29.962342044500545,1.2084414197210478,True,RAL/B_seed1,B,1,gmd_03_high_bpm138.mid,3,1.0
45,16.0648090595272,16.174670980357043,109.86192082984303,1.1626636555070533,False,RAL/B_seed1,B,1,gmd_03_high_bpm138.mid,3,1.0
46,16.379413650994472,,,0.0,False,RAL/B_seed1,B,1,gmd_03_high_bpm138.mid,3,1.0
47,16.599137492654155,16.639087282046823,39.94978939266858,3.1921445356608658,False,RAL/B_seed1,B,1,gmd_03_high_bpm138.mid,3,1.0
48,16.898760913099174,16.903754636773257,4.993723674083128,8.410809656056404,True,RAL/B_seed1,B,1,gmd_03_high_bpm138.mid,3,1.0
49,17.238334122936866,17.238334122936866,0.0,7.632587664418498,True,RAL/B_seed1,B,1,gmd_03_high_bpm138.mid,3,1.0
50,17.318233701722203,17.323227425396286,4.993723674083128,11.355845820490105,True,RAL/B_seed1,B,1,gmd_03_high_bpm138.mid,3,1.0
51,17.797631174434237,17.82759351647874,29.96234204450232,2.642811365092932,True,RAL/B_seed1,B,1,gmd_03_high_bpm138.mid,3,1.0
52,18.336953331235275,18.351934502257528,14.981171022252937,9.55525376140632,True,RAL/B_seed1,B,1,gmd_03_high_bpm138.mid,3,1.0
53,18.881269211710396,18.87128176436223,-9.987447348166256,11.157475508896129,True,RAL/B_seed1,B,1,gmd_03_high_bpm138.mid,3,1.0
54,19.175898908481333,19.205861250525835,29.96234204450232,1.3762932218390276,True,RAL/B_seed1,B,1,gmd_03_high_bpm138.mid,3,1.0
55,19.535447013015357,19.540440736689444,4.993723674086681,22.4493240150151,True,RAL/B_seed1,B,1,gmd_03_high_bpm138.mid,3,1.0
56,19.83507043346038,19.870026499178966,34.95606571858545,1.8340708639790293,False,RAL/B_seed1,B,1,gmd_03_high_bpm138.mid,3,1.0
57,20.059787998794146,20.099737788186815,39.94978939266858,11.096438489944134,False,RAL/B_seed1,B,1,gmd_03_high_bpm138.mid,3,1.0
58,20.294493011476078,20.29948673515016,4.993723674083128,3.4668111209448327,True,RAL/B_seed1,B,1,gmd_03_high_bpm138.mid,3,1.0
59,20.93368964175879,20.94867081278104,14.981171022249384,24.76873073519088,True,RAL/B_seed1,B,1,gmd_03_high_bpm138.mid,3,1.0
60,21.5728862720415,21.592861166737833,19.974894696332512,7.083254493850507,True,RAL/B_seed1,B,1,gmd_03_high_bpm138.mid,3,1.0
61,21.792610113701183,21.7876163900271,-4.993723674083128,23.883693960386985,True,RAL/B_seed1,B,1,gmd_03_high_bpm138.mid,3,1.0
62,22.431806743983895,22.431806743983895,0.0,27.591692861720645,True,RAL/B_seed1,B,1,gmd_03_high_bpm138.mid,3,1.0
63,22.511706322769232,22.50671259909515,-4.993723674083128,8.303994872890417,True,RAL/B_seed1,B,1,gmd_03_high_bpm138.mid,3,1.0
64,23.31070211062262,23.320689557970788,9.987447348166256,65.31257057405315,True,RAL/B_seed1,B,1,gmd_03_high_bpm138.mid,3,1.0
65,23.530425952282304,23.530425952282304,0.0,46.11642811365092,True,RAL/B_seed1,B,1,gmd_03_high_bpm138.mid,3,1.0
66,23.85002426742366,23.845030543749576,-4.993723674083128,22.739249855037063,True,RAL/B_seed1,B,1,gmd_03_high_bpm138.mid,3,1.0
67,24.169622582565015,24.1746163062391,4.993723674083128,64.22916348765524,True,RAL/B_seed1,B,1,gmd_03_high_bpm138.mid,3,1.0
68,24.249522161350352,24.22954726665402,-19.974894696332512,2.6275521103549337,True,RAL/B_seed1,B,1,gmd_03_high_bpm138.mid,3,1.0
69,24.728919634062386,24.728919634062386,0.0,1.6357005523849963,True,RAL/B_seed1,B,1,gmd_03_high_bpm138.mid,3,1.0
70,25.068492843900078,25.083474014922327,14.981171022249384,18.2072511978515,True,RAL/B_seed1,B,1,gmd_03_high_bpm138.mid,3,1.0
71,25.28821668555976,25.293210409233843,4.993723674083128,54.73790704062016,True,RAL/B_seed1,B,1,gmd_03_high_bpm138.mid,3,1.0
72,25.827538842360795,25.822545118686712,-4.993723674083128,19.77895443586537,True,RAL/B_seed1,B,1,gmd_03_high_bpm138.mid,3,1.0
73,26.127162262805818,26.137149710153984,9.987447348166256,3.833033234656844,True,RAL/B_seed1,B,1,gmd_03_high_bpm138.mid,3,1.0
74,26.466735472643506,26.45674802529534,-9.987447348166256,64.83953367717521,True,RAL/B_seed1,B,1,gmd_03_high_bpm138.mid,3,1.0
75,26.786333787784862,,,0.0,False,RAL/B_seed1,B,1,gmd_03_high_bpm138.mid,3,1.0
76,27.006057629444545,27.006057629444545,0.0,18.05465865047152,True,RAL/B_seed1,B,1,gmd_03_high_bpm138.mid,3,1.0
77,27.53039861522333,27.5403860625715,9.987447348169809,16.055696279793704,True,RAL/B_seed1,B,1,gmd_03_high_bpm138.mid,3,1.0
0,0.4194859475455743,0.4744186311527328,54.93268360715853,14.865474410229794,False,RAL/B_seed2,B,2,gmd_03_high_bpm138.mid,1,1.0
1,0.7390942885326786,0.764063690172296,24.969401639617473,11.50843836787014,True,RAL/B_seed2,B,2,gmd_03_high_bpm138.mid,1,1.0
2,0.9588250229613127,,,0.0,False,RAL/B_seed2,B,2,gmd_03_high_bpm138.mid,1,1.0
3,1.6180172262472152,1.6280049869030622,9.987760655846945,34.97717215491198,True,RAL/B_seed2,B,2,gmd_03_high_bpm138.mid,1,1.0
4,2.1573563016629533,2.212288985270112,54.932683607158864,3.0700704977568805,False,RAL/B_seed2,B,2,gmd_03_high_bpm138.mid,1,1.0
5,2.4969401639617517,2.5069279246175986,9.987760655846945,128.0128482924894,True,RAL/B_seed2,B,2,gmd_03_high_bpm138.mid,1,1.0
6,2.696695377078692,2.616793291831916,-79.902085246776,1.4678487502670166,False,RAL/B_seed2,B,2,gmd_03_high_bpm138.mid,1,1.0
7,3.016303718065796,3.0712364016729548,54.932683607158864,2.3376262703329687,False,RAL/B_seed2,B,2,gmd_03_high_bpm138.mid,1,1.0
8,3.3558875803645942,3.3858508623321355,29.963281967541278,27.54591509750665,True,RAL/B_seed2,B,2,gmd_03_high_bpm138.mid,1,1.0
9,3.4757407082347584,3.5656305541373814,89.88984590262294,1.0711081270790643,False,RAL/B_seed2,B,2,gmd_03_high_bpm138.mid,1,1.0
10,4.194859475455743,4.2198288770953605,24.96940163961714,4.870662556840719,True,RAL/B_seed2,B,2,gmd_03_high_bpm138.mid,1,1.0
11,4.434565731196071,4.329694244309677,-104.87148688639358,1.5441450239570074,False,RAL/B_seed2,B,2,gmd_03_high_bpm138.mid,1,1.0
12,4.9739048066118094,,,0.0,False,RAL/B_seed2,B,2,gmd_03_high_bpm138.mid,1,1.0
13,5.27353762628722,5.303500908254761,29.963281967541278,27.45435956907866,True,RAL/B_seed2,B,2,gmd_03_high_bpm138.mid,1,1.0
14,5.613121488586018,5.623109249241865,9.9877606558465,2.566515091402941,True,RAL/B_seed2,B,2,gmd_03_high_bpm138.mid,1,1.0
15,5.9127543082614284,5.937723709901046,24.96940163961714,123.7402569658498,True,RAL/B_seed2,B,2,gmd_03_high_bpm138.mid,1,1.0
16,6.152460564001756,6.1874177262972205,34.95716229546453,18.40562150944548,False,RAL/B_seed2,B,2,gmd_03_high_bpm138.mid,1,1.0
17,6.691799639417495,6.791677245975965,99.87760655847033,1.8493301187170277,False,RAL/B_seed2,B,2,gmd_03_high_bpm138.mid,1,1.0
18,6.991432459092905,7.026389621388369,34.95716229546453,117.36188848536638,False,RAL/B_seed2,B,2,gmd_03_high_bpm138.mid,1,1.0
19,7.350991842703397,7.336010201719627,-14.981640983770639,66.62486648152105,True,RAL/B_seed2,B,2,gmd_03_high_bpm138.mid,1,1.0
20,7.690575705002195,7.7205389869697365,29.963281967541278,92.50456251716666,True,RAL/B_seed2,B,2,gmd_03_high_bpm138.mid,1,1.0
21,7.930281960742524,8.0101840459893,79.90208524677644,2.3986632892849613,False,RAL/B_seed2,B,2,gmd_03_high_bpm138.mid,1,1.0
22,8.209939259106239,8.254884182057552,44.944922951312805,10.318216498306228,False,RAL/B_seed2,B,2,gmd_03_high_bpm138.mid,1,1.0
23,8.549523121405038,8.559510882060884,9.9877606558465,2.856440931424906,True,RAL/B_seed2,B,2,gmd_03_high_bpm138.mid,1,1.0
24,8.649400727963508,,,0.0,False,RAL/B_seed2,B,2,gmd_03_high_bpm138.mid,1,1.0
25,9.113831598460393,9.20871532469094,94.88372623054708,1.040589617603068,False,RAL/B_seed2,B,2,gmd_03_high_bpm138.mid,1,1.0
26,9.408470537807881,9.458409341087116,49.93880327923428,73.32367931150242,False,RAL/B_seed2,B,2,gmd_03_high_bpm138.mid,1,1.0
27,9.668152314859903,9.738066639450832,69.91432459092906,12.637623218482004,False,RAL/B_seed2,B,2,gmd_03_high_bpm138.mid,1,1.0
28,9.987760655847007,10.007736177158701,19.975521311694777,22.678212836085077,True,RAL/B_seed2,B,2,gmd_03_high_bpm138.mid,1,1.0
29,10.30736899683411,10.317356757489959,9.987760655848277,9.2653279213843,True,RAL/B_seed2,B,2,gmd_03_high_bpm138.mid,1,1.0
30,10.866683593561543,,,0.0,False,RAL/B_seed2,B,2,gmd_03_high_bpm138.mid,1,1.0
31,11.191285814876572,11.211261336188265,19.975521311693,27.423841059602665,True,RAL/B_seed2,B,2,gmd_03_high_bpm138.mid,1,1.0
32,11.406022668977283,11.470943113240288,64.9204442630058,7.815698721274476,False,RAL/B_seed2,B,2,gmd_03_high_bpm138.mid,1,1.0
33,11.94536174439302,,,0.0,False,RAL/B_seed2,B,2,gmd_03_high_bpm138.mid,1,1.0
34,12.244994564068431,12.289939487019742,44.94492295131103,2.795403912472913,False,RAL/B_seed2,B,2,gmd_03_high_bpm138.mid,1,1.0
35,12.584578426367228,12.599560067351,14.981640983771527,120.91729483932008,True,RAL/B_seed2,B,2,gmd_03_high_bpm138.mid,1,1.0
36,12.88421124604264,12.919168408338104,34.95716229546453,2.764885402996917,False,RAL/B_seed2,B,2,gmd_03_high_bpm138.mid,1,1.0
37,13.643281055887012,13.648274936214936,4.99388032792325,12.301919614246046,True,RAL/B_seed2,B,2,gmd_03_high_bpm138.mid,1,1.0
38,13.922938354250729,13.96788327720204,44.94492295131103,45.07879879146704,False,RAL/B_seed2,B,2,gmd_03_high_bpm138.mid,1,1.0
39,14.302473259172913,14.302473259172913,0.0,24.67717520676289,True,RAL/B_seed2,B,2,gmd_03_high_bpm138.mid,1,1.0
40,14.622081600160017,,,0.0,False,RAL/B_seed2,B,2,gmd_03_high_bpm138.mid,1,1.0
41,14.861787855900346,14.926708300163352,64.9204442630058,82.81493575853756,False,RAL/B_seed2,B,2,gmd_03_high_bpm138.mid,1,1.0
42,15.186390077215375,15.206365598527068,19.975521311693,2.352885525070967,True,RAL/B_seed2,B,2,gmd_03_high_bpm138.mid,1,1.0
43,15.501004537874556,15.525973939514172,24.96940163961625,7.708883938108489,True,RAL/B_seed2,B,2,gmd_03_high_bpm138.mid,1,1.0
44,15.580906623121331,,,0.0,False,RAL/B_seed2,B,2,gmd_03_high_bpm138.mid,1,1.0
45,16.06531301492991,16.045337493618216,-19.975521311693,55.1956846827601,True,RAL/B_seed2,B,2,gmd_03_high_bpm138.mid,1,1.0
46,16.379927475589092,16.40489687722871,24.96940163961625,95.34278389843436,True,RAL/B_seed2,B,2,gmd_03_high_bpm138.mid,1,1.0
47,16.599658210017726,16.669572534608655,69.91432459092906,48.96990874965668,False,RAL/B_seed2,B,2,gmd_03_high_bpm138.mid,1,1.0
48,16.899291029693135,,,0.0,False,RAL/B_seed2,B,2,gmd_03_high_bpm138.mid,1,1.0
49,17.238874891991934,17.24886265264778,9.9877606558465,105.99374370555743,True,RAL/B_seed2,B,2,gmd_03_high_bpm138.mid,1,1.0
50,17.31877697723871,,,0.0,False,RAL/B_seed2,B,2,gmd_03_high_bpm138.mid,1,1.0
51,17.798189488719366,17.80318336904729,4.99388032792325,11.05066072573014,True,RAL/B_seed2,B,2,gmd_03_high_bpm138.mid,1,1.0
52,18.337528564135106,,,0.0,False,RAL/B_seed2,B,2,gmd_03_high_bpm138.mid,1,1.0
53,18.88186151987877,18.91681868217423,34.95716229546275,33.68013550218208,False,RAL/B_seed2,B,2,gmd_03_high_bpm138.mid,1,1.0
54,19.176500459226254,19.2713841854568,94.8837262305453,1.1626636555070533,False,RAL/B_seed2,B,2,gmd_03_high_bpm138.mid,1,1.0
55,19.536059842836746,19.5260720821809,-9.9877606558465,91.93997009186072,True,RAL/B_seed2,B,2,gmd_03_high_bpm138.mid,1,1.0
56,19.835692662512155,19.860662064151775,24.969401639619804,21.94576860866116,True,RAL/B_seed2,B,2,gmd_03_high_bpm138.mid,1,1.0
57,20.060417277268712,20.145313242843415,84.89596557470236,3.970366527298827,False,RAL/B_seed2,B,2,gmd_03_high_bpm138.mid,1,1.0
58,20.29512965268112,20.3550562166162,59.926563935082555,2.078218939787,False,RAL/B_seed2,B,2,gmd_03_high_bpm138.mid,1,1.0
59,20.934346334655327,20.959315736294943,24.96940163961625,56.35538804284796,True,RAL/B_seed2,B,2,gmd_03_high_bpm138.mid,1,1.0
60,21.573563016629535,21.59853241826915,24.96940163961625,67.18945890682699,True,RAL/B_seed2,B,2,gmd_03_high_bpm138.mid,1,1.0
61,21.79329375105817,21.848226434665328,54.932683607159305,40.28739280373545,False,RAL/B_seed2,B,2,gmd_03_high_bpm138.mid,1,1.0
62,22.432510433032377,22.467467595327843,34.957162295466304,18.71080660420544,False,RAL/B_seed2,B,2,gmd_03_high_bpm138.mid,1,1.0
63,22.512412518279152,22.517406398607076,4.99388032792325,10.104586931974254,True,RAL/B_seed2,B,2,gmd_03_high_bpm138.mid,1,1.0
64,23.311433370746915,23.31642725107484,4.99388032792325,4.672292245246743,True,RAL/B_seed2,B,2,gmd_03_high_bpm138.mid,1,1.0
65,23.53116410517555,23.62105395107817,89.88984590262206,23.50221259193703,False,RAL/B_seed2,B,2,gmd_03_high_bpm138.mid,1,1.0
66,23.85077244616265,23.885729608458117,34.957162295466304,8.578661458174384,False,RAL/B_seed2,B,2,gmd_03_high_bpm138.mid,1,1.0
67,24.170380787149757,24.195350188789373,24.96940163961625,63.25257118442336,True,RAL/B_seed2,B,2,gmd_03_high_bpm138.mid,1,1.0
68,24.250282872396532,24.235301231412762,-14.98164098376975,5.374217963194658,True,RAL/B_seed2,B,2,gmd_03_high_bpm138.mid,1,1.0
69,24.72969538387719,,,0.0,False,RAL/B_seed2,B,2,gmd_03_high_bpm138.mid,1,1.0
70,25.069279246175988,,,0.0,False,RAL/B_seed2,B,2,gmd_03_high_bpm138.mid,1,1.0
71,25.28900998060462,25.209107895357846,-79.90208524677556,1.040589617603068,False,RAL/B_seed2,B,2,gmd_03_high_bpm138.mid,1,1.0
72,25.82834905602036,,,0.0,False,RAL/B_seed2,B,2,gmd_03_high_bpm138.mid,1,1.0
73,26.12798187569577,26.277798285533475,149.8164098377046,2.810663167210912,False,RAL/B_seed2,B,2,gmd_03_high_bpm138.mid,1,1.0
74,26.46756573799457,26.48254737897834,14.98164098376975,112.73833429975278,True,RAL/B_seed2,B,2,gmd_03_high_bpm138.mid,1,1.0
75,26.78717407898167,26.81214348062129,24.969401639619804,2.261329996642978,True,RAL/B_seed2,B,2,gmd_03_high_bpm138.mid,1,1.0
76,27.00690481341031,27.116770180624624,109.86536721431506,1.040589617603068,False,RAL/B_seed2,B,2,gmd_03_high_bpm138.mid,1,1.0
77,27.531262247842275,27.576207170793587,44.944922951312805,63.35938596758935,False,RAL/B_seed2,B,2,gmd_03_high_bpm138.mid,1,1.0
0,0.41948125557566424,0.49938244711388596,79.90119153822172,2.459700308236954,False,RAL/B_seed2,B,2,gmd_03_high_bpm138.mid,2,1.0
1,0.7390860217285512,,,0.0,False,RAL/B_seed2,B,2,gmd_03_high_bpm138.mid,2,1.0
2,0.9588142984586611,,,0.0,False,RAL/B_seed2,B,2,gmd_03_high_bpm138.mid,2,1.0
3,1.6179991286489905,1.6429682510046848,24.96912235569426,36.35050508133182,True,RAL/B_seed2,B,2,gmd_03_high_bpm138.mid,2,1.0
4,2.1573321715319875,2.1872951183588207,29.962946826833203,50.23642689291053,True,RAL/B_seed2,B,2,gmd_03_high_bpm138.mid,2,1.0
5,2.4969122355694298,,,0.0,False,RAL/B_seed2,B,2,gmd_03_high_bpm138.mid,2,1.0
6,2.6966652144149843,,,0.0,False,RAL/B_seed2,B,2,gmd_03_high_bpm138.mid,2,1.0
7,3.016269980567871,3.136121767875204,119.85178730733281,36.22843104342783,False,RAL/B_seed2,B,2,gmd_03_high_bpm138.mid,2,1.0
8,3.355850044605314,,,0.0,False,RAL/B_seed2,B,2,gmd_03_high_bpm138.mid,2,1.0
9,3.4757018319126463,3.445738885085813,-29.962946826833203,3.40577410199284,True,RAL/B_seed2,B,2,gmd_03_high_bpm138.mid,2,1.0
10,4.194812555756642,4.28969522070828,94.88266495163788,8.960142826624338,False,RAL/B_seed2,B,2,gmd_03_high_bpm138.mid,2,1.0
11,4.434516130371307,4.544380268736362,109.86413836505537,26.172582171086766,False,RAL/B_seed2,B,2,gmd_03_high_bpm138.mid,2,1.0
12,4.973849173254305,5.03377506690797,59.92589365366552,12.774956511123987,False,RAL/B_seed2,B,2,gmd_03_high_bpm138.mid,2,1.0
13,5.273478641522636,5.363367482003135,89.88884048049961,75.30738242744223,False,RAL/B_seed2,B,2,gmd_03_high_bpm138.mid,2,1.0
14,5.6130587055600785,5.682972248156022,69.91354259594385,64.65642262031923,False,RAL/B_seed2,B,2,gmd_03_high_bpm138.mid,2,1.0
15,5.91268817382841,5.982601716424354,69.91354259594473,9.127994628742318,False,RAL/B_seed2,B,2,gmd_03_high_bpm138.mid,2,1.0
16,6.152391748443075,6.252268237865852,99.87648942277704,19.687398907437377,False,RAL/B_seed2,B,2,gmd_03_high_bpm138.mid,2,1.0
17,6.691724791326072,6.736669211566322,44.944420240249805,22.18991668446913,False,RAL/B_seed2,B,2,gmd_03_high_bpm138.mid,2,1.0
18,6.991354259594403,7.096224573488319,104.8703138939162,2.5054780724509484,False,RAL/B_seed2,B,2,gmd_03_high_bpm138.mid,2,1.0
19,7.350909621516402,7.415829339641206,64.91971812480469,42.80516983550526,False,RAL/B_seed2,B,2,gmd_03_high_bpm138.mid,2,1.0
20,7.690489685553844,7.7703908770920656,79.90119153822128,62.18442335276343,False,RAL/B_seed2,B,2,gmd_03_high_bpm138.mid,2,1.0
21,7.930193260168509,,,0.0,False,RAL/B_seed2,B,2,gmd_03_high_bpm138.mid,2,1.0
22,8.209847430552285,,,0.0,False,RAL/B_seed2,B,2,gmd_03_high_bpm138.mid,2,1.0
23,8.549427494589727,,,0.0,False,RAL/B_seed2,B,2,gmd_03_high_bpm138.mid,2,1.0
24,8.649303984012505,8.644310159541366,-4.993824471139163,33.72591326639608,True,RAL/B_seed2,B,2,gmd_03_high_bpm138.mid,2,1.0
25,9.113729659828419,9.15867408006867,44.94442024025069,39.8753929258095,False,RAL/B_seed2,B,2,gmd_03_high_bpm138.mid,2,1.0
26,9.408365303625612,9.513235617519527,104.87031389391532,38.12057863093966,False,RAL/B_seed2,B,2,gmd_03_high_bpm138.mid,2,1.0
27,9.668044176124832,,,0.0,False,RAL/B_seed2,B,2,gmd_03_high_bpm138.mid,2,1.0
28,9.987648942277719,,,0.0,False,RAL/B_seed2,B,2,gmd_03_high_bpm138.mid,2,1.0
29,10.307253708430606,,,0.0,False,RAL/B_seed2,B,2,gmd_03_high_bpm138.mid,2,1.0
30,10.866562049198158,,,0.0,False,RAL/B_seed2,B,2,gmd_03_high_bpm138.mid,2,1.0
31,11.191160639822185,11.291037129244963,99.87648942277794,7.571550645466448,False,RAL/B_seed2,B,2,gmd_03_high_bpm138.mid,2,1.0
32,11.405895092081156,,,0.0,False,RAL/B_seed2,B,2,gmd_03_high_bpm138.mid,2,1.0
33,11.945228134964152,11.995166379675542,49.938244711389856,1.879848628193024,False,RAL/B_seed2,B,2,gmd_03_high_bpm138.mid,2,1.0
34,12.244857603232484,12.319764970299566,74.90736706708212,7.632587664418498,False,RAL/B_seed2,B,2,gmd_03_high_bpm138.mid,2,1.0
35,12.584437667269926,,,0.0,False,RAL/B_seed2,B,2,gmd_03_high_bpm138.mid,2,1.0
36,12.884067135538258,12.973955976018757,89.88884048049961,75.44471572008422,False,RAL/B_seed2,B,2,gmd_03_high_bpm138.mid,2,1.0
37,13.643128455151365,13.698060524333892,54.93206918252724,25.9131748405408,False,RAL/B_seed2,B,2,gmd_03_high_bpm138.mid,2,1.0
38,13.922782625535142,,,0.0,False,RAL/B_seed2,B,2,gmd_03_high_bpm138.mid,2,1.0
39,14.302313285341695,,,0.0,False,RAL/B_seed2,B,2,gmd_03_high_bpm138.mid,2,1.0
40,14.621918051494582,14.706813067503942,84.89501600936045,90.8870815149388,False,RAL/B_seed2,B,2,gmd_03_high_bpm138.mid,2,1.0
41,14.861621626109246,,,0.0,False,RAL/B_seed2,B,2,gmd_03_high_bpm138.mid,2,1.0
42,15.186220216733272,,,0.0,False,RAL/B_seed2,B,2,gmd_03_high_bpm138.mid,2,1.0
43,15.500831158415021,,,0.0,False,RAL/B_seed2,B,2,gmd_03_high_bpm138.mid,2,1.0
44,15.580732349953243,15.620682945722352,39.95059576910975,1.91036713766902,False,RAL/B_seed2,B,2,gmd_03_high_bpm138.mid,2,1.0
45,16.06513332365371,16.085108621538268,19.975297884556653,28.29361857966856,True,RAL/B_seed2,B,2,gmd_03_high_bpm138.mid,2,1.0
46,16.37974426533546,16.46963310581596,89.88884048049783,1.8340708639790293,False,RAL/B_seed2,B,2,gmd_03_high_bpm138.mid,2,1.0
47,16.59947254206557,,,0.0,False,RAL/B_seed2,B,2,gmd_03_high_bpm138.mid,2,1.0
48,16.899102010333902,,,0.0,False,RAL/B_seed2,B,2,gmd_03_high_bpm138.mid,2,1.0
49,17.238682074371344,,,0.0,False,RAL/B_seed2,B,2,gmd_03_high_bpm138.mid,2,1.0
50,17.318583265909567,17.32857091485184,9.987648942274774,29.66695150608845,True,RAL/B_seed2,B,2,gmd_03_high_bpm138.mid,2,1.0
51,17.797990415138894,17.837941010908008,39.950595769113306,46.90990936002688,False,RAL/B_seed2,B,2,gmd_03_high_bpm138.mid,2,1.0
52,18.337323458021892,,,0.0,False,RAL/B_seed2,B,2,gmd_03_high_bpm138.mid,2,1.0
53,18.88165032537603,,,0.0,False,RAL/B_seed2,B,2,gmd_03_high_bpm138.mid,2,1.0
54,19.17628596917322,,,0.0,False,RAL/B_seed2,B,2,gmd_03_high_bpm138.mid,2,1.0
55,19.53584133109522,,,0.0,False,RAL/B_seed2,B,2,gmd_03_high_bpm138.mid,2,1.0
56,19.835470799363552,,,0.0,False,RAL/B_seed2,B,2,gmd_03_high_bpm138.mid,2,1.0
57,20.0601929005648,,,0.0,False,RAL/B_seed2,B,2,gmd_03_high_bpm138.mid,2,1.0
58,20.294902650708327,,,0.0,False,RAL/B_seed2,B,2,gmd_03_high_bpm138.mid,2,1.0
59,20.9341121830141,,,0.0,False,RAL/B_seed2,B,2,gmd_03_high_bpm138.mid,2,1.0
60,21.573321715319874,21.613272311088984,39.95059576910975,29.04132206183047,False,RAL/B_seed2,B,2,gmd_03_high_bpm138.mid,2,1.0
61,21.793049992049983,21.912901779357316,119.85178730733281,10.88280892361216,False,RAL/B_seed2,B,2,gmd_03_high_bpm138.mid,2,1.0
62,22.432259524355757,,,0.0,False,RAL/B_seed2,B,2,gmd_03_high_bpm138.mid,2,1.0
63,22.51216071589398,22.487191593538284,-24.969122355695816,35.709616382335895,True,RAL/B_seed2,B,2,gmd_03_high_bpm138.mid,2,1.0
64,23.311172631276197,23.361110875987585,49.93824471138808,4.657032990508744,False,RAL/B_seed2,B,2,gmd_03_high_bpm138.mid,2,1.0
65,23.530900908006306,,,0.0,False,RAL/B_seed2,B,2,gmd_03_high_bpm138.mid,2,1.0
66,23.850505674159194,,,0.0,False,RAL/B_seed2,B,2,gmd_03_high_bpm138.mid,2,1.0
67,24.17011044031208,,,0.0,False,RAL/B_seed2,B,2,gmd_03_high_bpm138.mid,2,1.0
68,24.250011631850303,,,0.0,False,RAL/B_seed2,B,2,gmd_03_high_bpm138.mid,2,1.0
69,24.729418781079634,24.754387903435326,24.969122355692264,58.6900540177618,True,RAL/B_seed2,B,2,gmd_03_high_bpm138.mid,2,1.0
70,25.068998845117076,25.17386915901099,104.87031389391532,1.7577745902890385,False,RAL/B_seed2,B,2,gmd_03_high_bpm138.mid,2,1.0
71,25.288727121847185,,,0.0,False,RAL/B_seed2,B,2,gmd_03_high_bpm138.mid,2,1.0
72,25.828060164730182,25.87799840944157,49.93824471138808,16.84917752616961,False,RAL/B_seed2,B,2,gmd_03_high_bpm138.mid,2,1.0
73,26.127689632998514,26.002844021220042,-124.84561177847198,1.238959929197044,False,RAL/B_seed2,B,2,gmd_03_high_bpm138.mid,2,1.0
74,26.467269697035956,,,0.0,False,RAL/B_seed2,B,2,gmd_03_high_bpm138.mid,2,1.0
75,26.786874463188845,26.866775654727064,79.9011915382195,24.96710104678485,False,RAL/B_seed2,B,2,gmd_03_high_bpm138.mid,2,1.0
76,27.006602739918954,,,0.0,False,RAL/B_seed2,B,2,gmd_03_high_bpm138.mid,2,1.0
77,27.530954309388534,27.55092960727309,19.975297884556653,40.51628162480542,True,RAL/B_seed2,B,2,gmd_03_high_bpm138.mid,2,1.0
0,0.41949730265994534,0.46444344223065376,44.94613957070842,85.60737937559128,False,RAL/B_seed2,B,2,gmd_03_high_bpm138.mid,3,1.0
1,0.7391142951627608,0.7690783882098998,29.964093047138984,2.0629596850490017,True,RAL/B_seed2,B,2,gmd_03_high_bpm138.mid,3,1.0
2,0.9588509775084465,1.0187791636027244,59.928186094277855,19.687398907437377,False,RAL/B_seed2,B,2,gmd_03_high_bpm138.mid,3,1.0
3,1.6180610245455034,1.6280490555612164,9.988031015712995,59.4682760093997,True,RAL/B_seed2,B,2,gmd_03_high_bpm138.mid,3,1.0
4,2.1574146993940047,,,0.0,False,RAL/B_seed2,B,2,gmd_03_high_bpm138.mid,3,1.0
5,2.497007753928246,,,0.0,False,RAL/B_seed2,B,2,gmd_03_high_bpm138.mid,3,1.0
6,2.696768374242506,2.7766726223682094,79.90424812570352,5.252143925290673,False,RAL/B_seed2,B,2,gmd_03_high_bpm138.mid,3,1.0
7,3.0163853667453213,3.0563374908081733,39.95212406285198,38.28843043305764,False,RAL/B_seed2,B,2,gmd_03_high_bpm138.mid,3,1.0
8,3.3559784212795627,3.3809484988188454,24.97007753928271,45.32294686727501,True,RAL/B_seed2,B,2,gmd_03_high_bpm138.mid,3,1.0
9,3.4758347934681186,3.440876684913123,-34.958108554995704,10.165623950926246,False,RAL/B_seed2,B,2,gmd_03_high_bpm138.mid,3,1.0
10,4.194973026599453,4.209955073123023,14.982046523569714,39.11243018890959,True,RAL/B_seed2,B,2,gmd_03_high_bpm138.mid,3,1.0
11,4.434685770976565,4.48462592605513,49.94015507856453,76.51286355174415,False,RAL/B_seed2,B,2,gmd_03_high_bpm138.mid,3,1.0
12,4.974039445825066,,,0.0,False,RAL/B_seed2,B,2,gmd_03_high_bpm138.mid,3,1.0
13,5.273680376296456,5.3236205313750204,49.94015507856453,46.2690206610309,False,RAL/B_seed2,B,2,gmd_03_high_bpm138.mid,3,1.0
14,5.613273430830697,5.663213585909262,49.94015507856542,4.260292367320792,False,RAL/B_seed2,B,2,gmd_03_high_bpm138.mid,3,1.0
15,5.912914361302087,5.942878454349226,29.96409304713943,99.12707907345803,True,RAL/B_seed2,B,2,gmd_03_high_bpm138.mid,3,1.0
16,6.152627105679199,6.2325313538049025,79.90424812570396,4.092440565202812,False,RAL/B_seed2,B,2,gmd_03_high_bpm138.mid,3,1.0
17,6.691980780527699,,,0.0,False,RAL/B_seed2,B,2,gmd_03_high_bpm138.mid,3,1.0
18,6.991621710999089,7.041561866077654,49.94015507856453,15.994659260841711,False,RAL/B_seed2,B,2,gmd_03_high_bpm138.mid,3,1.0
19,7.351190827564756,7.351190827564756,0.0,5.954069643238643,True,RAL/B_seed2,B,2,gmd_03_high_bpm138.mid,3,1.0
20,7.690783882098998,7.695777897606854,4.994015507856275,104.9561143833735,True,RAL/B_seed2,B,2,gmd_03_high_bpm138.mid,3,1.0
21,7.93049662647611,8.000412843586101,69.91621710999141,1.4678487502670166,False,RAL/B_seed2,B,2,gmd_03_high_bpm138.mid,3,1.0
22,8.210161494916074,8.275083696518207,64.92220160213336,4.763847773674732,False,RAL/B_seed2,B,2,gmd_03_high_bpm138.mid,3,1.0
23,8.549754549450315,8.56973061148174,19.9760620314251,44.1479842524491,True,RAL/B_seed2,B,2,gmd_03_high_bpm138.mid,3,1.0
24,8.649634859607444,,,0.0,False,RAL/B_seed2,B,2,gmd_03_high_bpm138.mid,3,1.0
25,9.114078301838099,9.094102239806672,-19.976062031426878,45.979094821008935,True,RAL/B_seed2,B,2,gmd_03_high_bpm138.mid,3,1.0
26,9.408725216801631,9.498617495943048,89.89227914141651,1.9408856471450164,False,RAL/B_seed2,B,2,gmd_03_high_bpm138.mid,3,1.0
27,9.668414023210168,9.758306302351587,89.89227914141829,1.2694784386730404,False,RAL/B_seed2,B,2,gmd_03_high_bpm138.mid,3,1.0
28,9.988031015712984,10.017995108760124,29.96409304713943,15.15540025025176,True,RAL/B_seed2,B,2,gmd_03_high_bpm138.mid,3,1.0
29,10.3076480082158,10.36258217880222,54.934170586420805,2.3071077608569723,False,RAL/B_seed2,B,2,gmd_03_high_bpm138.mid,3,1.0
30,10.866977745095728,10.931899946697861,64.92220160213336,43.62916959135716,False,RAL/B_seed2,B,2,gmd_03_high_bpm138.mid,3,1.0
31,11.1915887531064,11.211564815137825,19.9760620314251,110.98352000488292,True,RAL/B_seed2,B,2,gmd_03_high_bpm138.mid,3,1.0
32,11.406331419944229,,,0.0,False,RAL/B_seed2,B,2,gmd_03_high_bpm138.mid,3,1.0
33,11.94568509479273,,,0.0,False,RAL/B_seed2,B,2,gmd_03_high_bpm138.mid,3,1.0
34,12.245326025264118,12.28527814932697,39.95212406285198,73.09479049043244,False,RAL/B_seed2,B,2,gmd_03_high_bpm138.mid,3,1.0
35,12.584919079798361,12.609889157337642,24.970077539281377,14.8196966460158,True,RAL/B_seed2,B,2,gmd_03_high_bpm138.mid,3,1.0
36,12.88456001026975,12.929506149840458,44.946139570708254,8.090365306558443,False,RAL/B_seed2,B,2,gmd_03_high_bpm138.mid,3,1.0
37,13.643650367463936,13.72355461558964,79.90424812570396,15.124881740775765,False,RAL/B_seed2,B,2,gmd_03_high_bpm138.mid,3,1.0
38,13.9233152359039,13.998225468521747,74.91023261784768,1.2847376934110386,False,RAL/B_seed2,B,2,gmd_03_high_bpm138.mid,3,1.0
39,14.302860414500994,14.352800569579559,49.94015507856453,4.3823664052247775,False,RAL/B_seed2,B,2,gmd_03_high_bpm138.mid,3,1.0
40,14.622477407003808,14.667423546574518,44.94613957071003,6.793328653828542,False,RAL/B_seed2,B,2,gmd_03_high_bpm138.mid,3,1.0
41,14.86219015138092,14.932106368490912,69.91621710999141,3.329477828302849,False,RAL/B_seed2,B,2,gmd_03_high_bpm138.mid,3,1.0
42,15.186801159391592,15.216765252438732,29.96409304713943,14.422956022827847,True,RAL/B_seed2,B,2,gmd_03_high_bpm138.mid,3,1.0
43,15.501424136386552,15.51640618291012,14.982046523568826,74.98693807794427,True,RAL/B_seed2,B,2,gmd_03_high_bpm138.mid,3,1.0
44,15.581328384512256,15.551364291465116,-29.96409304713943,38.36472670674763,True,RAL/B_seed2,B,2,gmd_03_high_bpm138.mid,3,1.0
45,16.065747888774336,16.065747888774336,0.0,4.519699697866761,True,RAL/B_seed2,B,2,gmd_03_high_bpm138.mid,3,1.0
46,16.380370865769294,16.445293067371427,64.92220160213336,1.5441450239570074,False,RAL/B_seed2,B,2,gmd_03_high_bpm138.mid,3,1.0
47,16.60010754811498,16.6550417187014,54.934170586420805,89.30011902218693,False,RAL/B_seed2,B,2,gmd_03_high_bpm138.mid,3,1.0
48,16.89974847858637,16.949688633664934,49.94015507856275,1.1016266365550609,False,RAL/B_seed2,B,2,gmd_03_high_bpm138.mid,3,1.0
49,17.239341533120612,17.244335548628467,4.994015507854499,106.02426221503345,True,RAL/B_seed2,B,2,gmd_03_high_bpm138.mid,3,1.0
50,17.319245781246316,,,0.0,False,RAL/B_seed2,B,2,gmd_03_high_bpm138.mid,3,1.0
51,17.79867127000054,17.788683238984824,-9.988031015716103,72.30130924405654,True,RAL/B_seed2,B,2,gmd_03_high_bpm138.mid,3,1.0
52,18.33802494484904,18.39295911543546,54.934170586420805,38.517319254127614,False,RAL/B_seed2,B,2,gmd_03_high_bpm138.mid,3,1.0
53,18.882372635205396,,,0.0,False,RAL/B_seed2,B,2,gmd_03_high_bpm138.mid,3,1.0
54,19.17701955016893,19.24693576727892,69.91621710999141,111.7007049775689,False,RAL/B_seed2,B,2,gmd_03_high_bpm138.mid,3,1.0
55,19.5365886667346,,,0.0,False,RAL/B_seed2,B,2,gmd_03_high_bpm138.mid,3,1.0
56,19.836229597205985,19.87118770576098,34.958108554995704,1.2999969481490368,False,RAL/B_seed2,B,2,gmd_03_high_bpm138.mid,3,1.0
57,20.06096029505953,20.11589446564595,54.934170586420805,121.35981322672204,False,RAL/B_seed2,B,2,gmd_03_high_bpm138.mid,3,1.0
58,20.295679023928784,20.34561917900735,49.940155078566306,23.563249610889024,False,RAL/B_seed2,B,2,gmd_03_high_bpm138.mid,3,1.0
59,20.934913008934416,21.024805288075832,89.89227914141651,1.6509598071229945,False,RAL/B_seed2,B,2,gmd_03_high_bpm138.mid,3,1.0
60,21.574146993940047,21.599117071479327,24.9700775392796,9.997772148808266,True,RAL/B_seed2,B,2,gmd_03_high_bpm138.mid,3,1.0
61,21.79388367628573,21.718973443667885,-74.9102326178459,1.5441450239570074,False,RAL/B_seed2,B,2,gmd_03_high_bpm138.mid,3,1.0
62,22.433117661291362,22.468075769846358,34.958108554995704,2.5054780724509484,False,RAL/B_seed2,B,2,gmd_03_high_bpm138.mid,3,1.0
63,22.513021909417066,22.503033878401354,-9.98803101571255,25.11969359416484,True,RAL/B_seed2,B,2,gmd_03_high_bpm138.mid,3,1.0
64,23.312064390674106,23.312064390674106,0.0,9.55525376140632,True,RAL/B_seed2,B,2,gmd_03_high_bpm138.mid,3,1.0
65,23.531801073019793,23.416938716339093,-114.86235668069966,1.040589617603068,False,RAL/B_seed2,B,2,gmd_03_high_bpm138.mid,3,1.0
66,23.85141806552261,23.881382158569746,29.964093047137652,100.37833796197394,True,RAL/B_seed2,B,2,gmd_03_high_bpm138.mid,3,1.0
67,24.17103505802542,,,0.0,False,RAL/B_seed2,B,2,gmd_03_high_bpm138.mid,3,1.0
68,24.250939306151125,24.270915368182553,19.976062031428654,1.3915524765770255,True,RAL/B_seed2,B,2,gmd_03_high_bpm138.mid,3,1.0
69,24.73036479490535,24.710388732873923,-19.9760620314251,36.39628284554581,True,RAL/B_seed2,B,2,gmd_03_high_bpm138.mid,3,1.0
70,25.06995784943959,25.08493989596316,14.982046523570602,124.93047883541368,True,RAL/B_seed2,B,2,gmd_03_high_bpm138.mid,3,1.0
71,25.289694531785276,25.134880051041726,-154.81448074354986,1.1779229102450517,False,RAL/B_seed2,B,2,gmd_03_high_bpm138.mid,3,1.0
72,25.82904820663378,25.908952454759483,79.90424812570396,71.21790215765861,False,RAL/B_seed2,B,2,gmd_03_high_bpm138.mid,3,1.0
73,26.128689137105166,26.16864126116802,39.952124062853756,22.4645832697531,False,RAL/B_seed2,B,2,gmd_03_high_bpm138.mid,3,1.0
74,26.468282191639407,26.473276207147265,4.994015507858052,56.67583239234598,True,RAL/B_seed2,B,2,gmd_03_high_bpm138.mid,3,1.0
75,26.787899184142223,26.787899184142223,0.0,144.0503250221259,True,RAL/B_seed2,B,2,gmd_03_high_bpm138.mid,3,1.0
76,27.00763586648791,27.057576021566476,49.940155078566306,53.54768517105624,False,RAL/B_seed2,B,2,gmd_03_high_bpm138.mid,3,1.0
77,27.53200749481284,27.551983556844267,19.9760620314251,24.387249366740924,True,RAL/B_seed2,B,2,gmd_03_high_bpm138.mid,3,1.0
0,0.41947610983434086,0.4494386891082224,29.962579273881516,53.8986480300302,True,RAL/B_seed3,B,3,gmd_03_high_bpm138.mid,1,1.0
1,0.7390769554224101,0.8039958771824867,64.91892176007651,11.3711050752281,False,RAL/B_seed3,B,3,gmd_03_high_bpm138.mid,1,1.0
2,0.9588025367642077,0.9837713528257755,24.968816061567868,3.512588885158827,True,RAL/B_seed3,B,3,gmd_03_high_bpm138.mid,1,1.0
3,1.6179792807896005,1.6679169129127362,49.937632123135735,3.100589007232877,False,RAL/B_seed3,B,3,gmd_03_high_bpm138.mid,1,1.0
4,2.157305707719467,2.157305707719467,0.0,6.305032502212601,True,RAL/B_seed3,B,3,gmd_03_high_bpm138.mid,1,1.0
5,2.4968816061567907,2.5268441854306722,29.962579273881573,31.940580462050235,True,RAL/B_seed3,B,3,gmd_03_high_bpm138.mid,1,1.0
6,2.696632134649334,2.731588477135529,34.95634248619517,56.98101748710594,False,RAL/B_seed3,B,3,gmd_03_high_bpm138.mid,1,1.0
7,3.0162329802374033,3.0761581387851664,59.92515854776315,36.74724570451977,False,RAL/B_seed3,B,3,gmd_03_high_bpm138.mid,1,1.0
8,3.355808878674727,,,0.0,False,RAL/B_seed3,B,3,gmd_03_high_bpm138.mid,1,1.0
9,3.4756591957702527,3.425721563647117,-49.937632123135515,1.2542191839350425,False,RAL/B_seed3,B,3,gmd_03_high_bpm138.mid,1,1.0
10,4.194761098343409,4.2596800201034855,64.91892176007674,15.32325205236974,False,RAL/B_seed3,B,3,gmd_03_high_bpm138.mid,1,1.0
11,4.43446173253446,4.464424311808342,29.962579273881573,32.41361735892818,True,RAL/B_seed3,B,3,gmd_03_high_bpm138.mid,1,1.0
12,4.973788159464327,4.993763212313581,19.975052849254382,8.792291024506358,True,RAL/B_seed3,B,3,gmd_03_high_bpm138.mid,1,1.0
13,5.273413952203143,5.288395241840083,14.981289636939898,51.21301919614247,True,RAL/B_seed3,B,3,gmd_03_high_bpm138.mid,1,1.0
14,5.612989850640465,5.622977377065093,9.987526424627191,29.895840327158425,True,RAL/B_seed3,B,3,gmd_03_high_bpm138.mid,1,1.0
15,5.912615643379281,5.922603169803907,9.987526424626303,67.67775505844293,True,RAL/B_seed3,B,3,gmd_03_high_bpm138.mid,1,1.0
16,6.152316277570333,6.197260146481155,44.94386891082236,6.869624927518533,False,RAL/B_seed3,B,3,gmd_03_high_bpm138.mid,1,1.0
17,6.691642704500199,6.70662399413714,14.981289636940787,24.158360545670952,True,RAL/B_seed3,B,3,gmd_03_high_bpm138.mid,1,1.0
18,6.991268497239014,7.001256023663641,9.987526424627191,55.08886989959412,True,RAL/B_seed3,B,3,gmd_03_high_bpm138.mid,1,1.0
19,7.350819448525592,7.370794501374847,19.975052849254382,6.121921445356623,True,RAL/B_seed3,B,3,gmd_03_high_bpm138.mid,1,1.0
20,7.690395346962916,7.700382873387543,9.987526424627191,37.89168980986969,True,RAL/B_seed3,B,3,gmd_03_high_bpm138.mid,1,1.0
21,7.9300959811539675,7.9550647972155355,24.968816061567978,7.174810022278496,True,RAL/B_seed3,B,3,gmd_03_high_bpm138.mid,1,1.0
22,8.209746721043528,8.23970930031741,29.962579273881573,3.756736960966853,True,RAL/B_seed3,B,3,gmd_03_high_bpm138.mid,1,1.0
23,8.549322619480852,8.564303909117793,14.981289636940787,6.762810144352546,True,RAL/B_seed3,B,3,gmd_03_high_bpm138.mid,1,1.0
24,8.649197883727123,,,0.0,False,RAL/B_seed3,B,3,gmd_03_high_bpm138.mid,1,1.0
25,9.113617862472287,9.123605388896914,9.987526424627191,83.91360209967348,True,RAL/B_seed3,B,3,gmd_03_high_bpm138.mid,1,1.0
26,9.408249891998787,9.473168813758864,64.91892176007674,6.884884182256531,False,RAL/B_seed3,B,3,gmd_03_high_bpm138.mid,1,1.0
27,9.667925579039094,9.70288192152529,34.95634248619517,3.2837000640888547,False,RAL/B_seed3,B,3,gmd_03_high_bpm138.mid,1,1.0
28,9.987526424627163,,,0.0,False,RAL/B_seed3,B,3,gmd_03_high_bpm138.mid,1,1.0
29,10.307127270215233,10.337089849489114,29.962579273881573,12.637623218482004,True,RAL/B_seed3,B,3,gmd_03_high_bpm138.mid,1,1.0
30,10.866428749994354,10.871422513206667,4.9937632123135955,30.582506790368345,True,RAL/B_seed3,B,3,gmd_03_high_bpm138.mid,1,1.0
31,11.191023358794736,11.235967227705558,44.94386891082236,4.687551499984741,False,RAL/B_seed3,B,3,gmd_03_high_bpm138.mid,1,1.0
32,11.40575517692422,11.425730229773475,19.975052849254382,11.69154942472612,True,RAL/B_seed3,B,3,gmd_03_high_bpm138.mid,1,1.0
33,11.945081603854087,11.955069130278714,9.987526424627191,5.6946623126926745,True,RAL/B_seed3,B,3,gmd_03_high_bpm138.mid,1,1.0
34,12.244707396592903,12.25469492301753,9.987526424627191,6.472884304330581,True,RAL/B_seed3,B,3,gmd_03_high_bpm138.mid,1,1.0
35,12.584283295030225,12.599264584667166,14.981289636940787,1.803552354503033,True,RAL/B_seed3,B,3,gmd_03_high_bpm138.mid,1,1.0
36,12.883909087769041,12.913871667042923,29.962579273881573,1.5746635334330037,True,RAL/B_seed3,B,3,gmd_03_high_bpm138.mid,1,1.0
37,13.642961096040706,13.637967332828392,-4.9937632123135955,28.263100070192564,True,RAL/B_seed3,B,3,gmd_03_high_bpm138.mid,1,1.0
38,13.922611835930265,13.952574415204147,29.962579273881573,1.666219061860993,True,RAL/B_seed3,B,3,gmd_03_high_bpm138.mid,1,1.0
39,14.302137840066099,14.31711912970304,14.981289636940787,53.0593890194403,True,RAL/B_seed3,B,3,gmd_03_high_bpm138.mid,1,1.0
40,14.621738685654167,14.636719975291108,14.981289636940787,25.333323160496867,True,RAL/B_seed3,B,3,gmd_03_high_bpm138.mid,1,1.0
41,14.86143931984522,14.871426846269847,9.987526424627191,1.4525894955290184,True,RAL/B_seed3,B,3,gmd_03_high_bpm138.mid,1,1.0
42,15.186033928645601,15.235971560768737,49.937632123135955,34.44309823908199,False,RAL/B_seed3,B,3,gmd_03_high_bpm138.mid,1,1.0
43,15.500641011021358,15.495647247809044,-4.9937632123135955,24.310953093050934,True,RAL/B_seed3,B,3,gmd_03_high_bpm138.mid,1,1.0
44,15.580541222418375,15.54558487993218,-34.95634248619517,12.881771294289976,False,RAL/B_seed3,B,3,gmd_03_high_bpm138.mid,1,1.0
45,16.064936254012792,16.07991754364973,14.98128963693901,2.047700430311004,True,RAL/B_seed3,B,3,gmd_03_high_bpm138.mid,1,1.0
46,16.379543336388547,16.3995183892378,19.975052849254382,43.62916959135716,True,RAL/B_seed3,B,3,gmd_03_high_bpm138.mid,1,1.0
47,16.599268917730345,16.629231497004227,29.962579273881573,62.459089938047455,True,RAL/B_seed3,B,3,gmd_03_high_bpm138.mid,1,1.0
48,16.89889471046916,16.9138760001061,14.98128963693901,2.703848384044925,True,RAL/B_seed3,B,3,gmd_03_high_bpm138.mid,1,1.0
49,17.238470608906486,17.243464372118797,4.993763212311819,10.257179479354235,True,RAL/B_seed3,B,3,gmd_03_high_bpm138.mid,1,1.0
50,17.3183708203035,,,0.0,False,RAL/B_seed3,B,3,gmd_03_high_bpm138.mid,1,1.0
51,17.797772088685605,17.807759615110232,9.987526424627191,13.9804376354259,True,RAL/B_seed3,B,3,gmd_03_high_bpm138.mid,1,1.0
52,18.337098515615473,18.342092278827785,4.993763212311819,26.370952482680742,True,RAL/B_seed3,B,3,gmd_03_high_bpm138.mid,1,1.0
53,18.881418705757653,18.846462363271456,-34.956342486196945,26.79821161534469,False,RAL/B_seed3,B,3,gmd_03_high_bpm138.mid,1,1.0
54,19.176050735284154,19.211007077770347,34.95634248619339,46.7420575579089,False,RAL/B_seed3,B,3,gmd_03_high_bpm138.mid,1,1.0
55,19.535601686570732,19.530607923358417,-4.993763212315372,2.0171819208350072,True,RAL/B_seed3,B,3,gmd_03_high_bpm138.mid,1,1.0
56,19.835227479309545,19.850208768946487,14.981289636942563,69.64619891964475,True,RAL/B_seed3,B,3,gmd_03_high_bpm138.mid,1,1.0
57,20.05994682386366,20.09490316634985,34.95634248619339,2.24607074190498,False,RAL/B_seed3,B,3,gmd_03_high_bpm138.mid,1,1.0
58,20.294653694842395,20.329610037328592,34.956342486196945,29.407544175542483,False,RAL/B_seed3,B,3,gmd_03_high_bpm138.mid,1,1.0
59,20.933855386018536,20.95383043886779,19.975052849254382,57.28620258186591,True,RAL/B_seed3,B,3,gmd_03_high_bpm138.mid,1,1.0
60,21.573057077194672,,,0.0,False,RAL/B_seed3,B,3,gmd_03_high_bpm138.mid,1,1.0
61,21.79278265853647,,,0.0,False,RAL/B_seed3,B,3,gmd_03_high_bpm138.mid,1,1.0
62,22.431984349712607,22.471934455411116,39.950105698508764,8.86858729819635,False,RAL/B_seed3,B,3,gmd_03_high_bpm138.mid,1,1.0
63,22.511884561109625,,,0.0,False,RAL/B_seed3,B,3,gmd_03_high_bpm138.mid,1,1.0
64,23.3108866750798,23.35083678077831,39.950105698508764,1.7730338450270366,False,RAL/B_seed3,B,3,gmd_03_high_bpm138.mid,1,1.0
65,23.5306122564216,23.555581072483164,24.9688160615662,45.62813196203498,True,RAL/B_seed3,B,3,gmd_03_high_bpm138.mid,1,1.0
66,23.850213102009665,23.865194391646607,14.981289636942563,4.672292245246743,True,RAL/B_seed3,B,3,gmd_03_high_bpm138.mid,1,1.0
67,24.169813947597735,24.159826421173108,-9.987526424627191,35.038209173863976,True,RAL/B_seed3,B,3,gmd_03_high_bpm138.mid,1,1.0
68,24.249714158994752,24.21475781650856,-34.95634248619339,3.1463667714468717,False,RAL/B_seed3,B,3,gmd_03_high_bpm138.mid,1,1.0
69,24.729115427376858,,,0.0,False,RAL/B_seed3,B,3,gmd_03_high_bpm138.mid,1,1.0
70,25.06869132581418,25.118628957937315,49.937632123135955,3.0700704977568805,False,RAL/B_seed3,B,3,gmd_03_high_bpm138.mid,1,1.0
71,25.288416907155977,25.30839196000523,19.975052849254382,35.09924619281597,True,RAL/B_seed3,B,3,gmd_03_high_bpm138.mid,1,1.0
72,25.827743334085845,25.802774518024275,-24.968816061569754,3.955107272560829,True,RAL/B_seed3,B,3,gmd_03_high_bpm138.mid,1,1.0
73,26.12736912682466,26.18230052216011,54.931395335447775,3.4668111209448327,False,RAL/B_seed3,B,3,gmd_03_high_bpm138.mid,1,1.0
74,26.466945025261982,26.481926314898924,14.981289636942563,43.14087343974122,True,RAL/B_seed3,B,3,gmd_03_high_bpm138.mid,1,1.0
75,26.786545870850052,,,0.0,False,RAL/B_seed3,B,3,gmd_03_high_bpm138.mid,1,1.0
76,27.00627145219185,27.026246505041104,19.975052849254382,2.566515091402941,True,RAL/B_seed3,B,3,gmd_03_high_bpm138.mid,1,1.0
77,27.530616589484776,27.505647773423206,-24.968816061569754,48.67998290963472,True,RAL/B_seed3,B,3,gmd_03_high_bpm138.mid,1,1.0
0,0.41946441161515163,0.494368770832143,74.90435921699134,2.24607074190498,False,RAL/B_seed3,B,3,gmd_03_high_bpm138.mid,2,1.0
1,0.7390563442743148,0.8089670795435067,69.91073526919189,27.72902615436263,False,RAL/B_seed3,B,3,gmd_03_high_bpm138.mid,2,1.0
2,0.9587757979774894,1.0436674050900796,84.89160711259025,28.751396221808506,False,RAL/B_seed3,B,3,gmd_03_high_bpm138.mid,2,1.0
3,1.6179341590870133,1.6978321422518041,79.8979831647908,9.63155003509631,False,RAL/B_seed3,B,3,gmd_03_high_bpm138.mid,2,1.0
4,2.157245545449351,2.2221626567707435,64.91711132139244,3.40577410199284,False,RAL/B_seed3,B,3,gmd_03_high_bpm138.mid,2,1.0
5,2.496811973899712,2.566722709168904,69.91073526919189,18.75658436841944,False,RAL/B_seed3,B,3,gmd_03_high_bpm138.mid,2,1.0
6,2.696556931811689,2.8064166586632764,109.85972685158751,1.1474044007690551,False,RAL/B_seed3,B,3,gmd_03_high_bpm138.mid,2,1.0
7,3.016148864470852,,,0.0,False,RAL/B_seed3,B,3,gmd_03_high_bpm138.mid,2,1.0
8,3.355715292921213,,,0.0,False,RAL/B_seed3,B,3,gmd_03_high_bpm138.mid,2,1.0
9,3.475562267668399,,,0.0,False,RAL/B_seed3,B,3,gmd_03_high_bpm138.mid,2,1.0
10,4.194644116151516,4.244580355629511,49.936239477994526,1.4983672597430129,False,RAL/B_seed3,B,3,gmd_03_high_bpm138.mid,2,1.0
11,4.434338065645888,4.554185040393075,119.84697474718686,1.5441450239570074,False,RAL/B_seed3,B,3,gmd_03_high_bpm138.mid,2,1.0
12,4.973649452008226,4.993623947799424,19.97449579119781,28.53776665547653,True,RAL/B_seed3,B,3,gmd_03_high_bpm138.mid,2,1.0
13,5.273266888876192,5.323203128354186,49.936239477994526,22.93762016663104,False,RAL/B_seed3,B,3,gmd_03_high_bpm138.mid,2,1.0
14,5.612833317326553,5.652782308908948,39.94899158239562,61.833460493789474,False,RAL/B_seed3,B,3,gmd_03_high_bpm138.mid,2,1.0
15,5.912450754194518,5.967380617620312,54.929863425793535,23.288583025605057,False,RAL/B_seed3,B,3,gmd_03_high_bpm138.mid,2,1.0
16,6.15214470368889,6.222055438958082,69.91073526919234,2.810663167210912,False,RAL/B_seed3,B,3,gmd_03_high_bpm138.mid,2,1.0
17,6.691456090051228,6.76636044926822,74.90435921699134,1.5594042786950055,False,RAL/B_seed3,B,3,gmd_03_high_bpm138.mid,2,1.0
18,6.991073526919194,7.060984262188385,69.91073526919145,25.531693472090843,False,RAL/B_seed3,B,3,gmd_03_high_bpm138.mid,2,1.0
19,7.3506144511607525,7.410537938534345,59.92348737359254,4.672292245246743,False,RAL/B_seed3,B,3,gmd_03_high_bpm138.mid,2,1.0
20,7.690180879611113,7.750104366984706,59.92348737359343,7.922513504440463,False,RAL/B_seed3,B,3,gmd_03_high_bpm138.mid,2,1.0
21,7.9298748291054855,8.004779188322477,74.90435921699134,3.4668111209448327,False,RAL/B_seed3,B,3,gmd_03_high_bpm138.mid,2,1.0
22,8.209517770182254,8.269441257555846,59.923487373591655,14.621326334421823,False,RAL/B_seed3,B,3,gmd_03_high_bpm138.mid,2,1.0
23,8.549084198632613,,,0.0,False,RAL/B_seed3,B,3,gmd_03_high_bpm138.mid,2,1.0
24,8.648956677588602,8.609007686006207,-39.94899158239562,1.0558488723410662,False,RAL/B_seed3,B,3,gmd_03_high_bpm138.mid,2,1.0
25,9.113363704733949,9.18327444000314,69.91073526919145,10.150364696188248,False,RAL/B_seed3,B,3,gmd_03_high_bpm138.mid,2,1.0
26,9.407987517654115,9.492879124766706,84.89160711259025,2.780144657734916,False,RAL/B_seed3,B,3,gmd_03_high_bpm138.mid,2,1.0
27,9.667655962939685,9.737566698208877,69.91073526919145,30.139988402966395,False,RAL/B_seed3,B,3,gmd_03_high_bpm138.mid,2,1.0
28,9.987247895598848,10.027196887181244,39.94899158239562,58.41538743247783,False,RAL/B_seed3,B,3,gmd_03_high_bpm138.mid,2,1.0
29,10.306839828258012,10.371756939579404,64.91711132139244,6.213476973784612,False,RAL/B_seed3,B,3,gmd_03_high_bpm138.mid,2,1.0
30,10.866125710411547,10.911068325941741,44.94261553019463,3.6194036683248143,False,RAL/B_seed3,B,3,gmd_03_high_bpm138.mid,2,1.0
31,11.190711267018509,11.245641130444303,54.92986342579442,5.053773613696697,False,RAL/B_seed3,B,3,gmd_03_high_bpm138.mid,2,1.0
32,11.405437096773884,11.500315951782074,94.87885500819004,1.0711081270790643,False,RAL/B_seed3,B,3,gmd_03_high_bpm138.mid,2,1.0
33,11.944748483136221,11.954735731031821,9.987247895599793,26.752433851130696,True,RAL/B_seed3,B,3,gmd_03_high_bpm138.mid,2,1.0
34,12.244365920004187,12.309283031325581,64.91711132139422,43.56813257240517,False,RAL/B_seed3,B,3,gmd_03_high_bpm138.mid,2,1.0
35,12.583932348454548,12.618887716089144,34.95536763459661,29.026062807092472,False,RAL/B_seed3,B,3,gmd_03_high_bpm138.mid,2,1.0
36,12.883549785322513,12.92849240085271,44.942615530196406,40.50102237006743,False,RAL/B_seed3,B,3,gmd_03_high_bpm138.mid,2,1.0
37,13.642580625388026,,,0.0,False,RAL/B_seed3,B,3,gmd_03_high_bpm138.mid,2,1.0
38,13.922223566464794,13.992134301733985,69.91073526919145,1.040589617603068,False,RAL/B_seed3,B,3,gmd_03_high_bpm138.mid,2,1.0
39,14.30173898649755,,,0.0,False,RAL/B_seed3,B,3,gmd_03_high_bpm138.mid,2,1.0
40,14.621330919156714,,,0.0,False,RAL/B_seed3,B,3,gmd_03_high_bpm138.mid,2,1.0
41,14.861024868651086,14.925941979972478,64.91711132139244,36.41154210028381,False,RAL/B_seed3,B,3,gmd_03_high_bpm138.mid,2,1.0
42,15.185610425258048,15.225559416840444,39.94899158239562,4.504440443128763,False,RAL/B_seed3,B,3,gmd_03_high_bpm138.mid,2,1.0
43,15.500208733969412,15.535164101604009,34.95536763459661,7.129032258064502,False,RAL/B_seed3,B,3,gmd_03_high_bpm138.mid,2,1.0
44,15.580106717134203,,,0.0,False,RAL/B_seed3,B,3,gmd_03_high_bpm138.mid,2,1.0
45,16.064488240070748,16.12441172744434,59.923487373591655,33.5275429548021,False,RAL/B_seed3,B,3,gmd_03_high_bpm138.mid,2,1.0
46,16.379086548782112,,,0.0,False,RAL/B_seed3,B,3,gmd_03_high_bpm138.mid,2,1.0
47,16.598806002485286,16.703672105389074,104.86610290378806,2.6275521103549337,False,RAL/B_seed3,B,3,gmd_03_high_bpm138.mid,2,1.0
48,16.89842343935325,16.973327798570242,74.90435921699046,44.987243263039055,False,RAL/B_seed3,B,3,gmd_03_high_bpm138.mid,2,1.0
49,17.237989867803613,17.27793885938601,39.94899158239562,38.74620807519759,False,RAL/B_seed3,B,3,gmd_03_high_bpm138.mid,2,1.0
50,17.317887850968404,17.357836842550796,39.94899158239207,1.040589617603068,False,RAL/B_seed3,B,3,gmd_03_high_bpm138.mid,2,1.0
51,17.797275749957148,17.86219286127854,64.91711132139244,3.9245887630848326,False,RAL/B_seed3,B,3,gmd_03_high_bpm138.mid,2,1.0
52,18.336587136319483,18.371542503954082,34.95536763459839,66.50279244361707,False,RAL/B_seed3,B,3,gmd_03_high_bpm138.mid,2,1.0
53,18.880892146629623,18.89087939452522,9.987247895598017,1.9408856471450164,True,RAL/B_seed3,B,3,gmd_03_high_bpm138.mid,2,1.0
54,19.175515959549788,19.265401190610177,89.88523106038926,2.001922666097009,False,RAL/B_seed3,B,3,gmd_03_high_bpm138.mid,2,1.0
55,19.535056883791345,19.565018627478143,29.961743686797604,19.107547227393397,True,RAL/B_seed3,B,3,gmd_03_high_bpm138.mid,2,1.0
56,19.83467432065931,19.894597808032906,59.92348737359521,13.522659993285956,False,RAL/B_seed3,B,3,gmd_03_high_bpm138.mid,2,1.0
57,20.059387398310285,20.13429175752728,74.90435921699401,2.703848384044925,False,RAL/B_seed3,B,3,gmd_03_high_bpm138.mid,2,1.0
58,20.294087723856858,20.38896657886505,94.87885500819004,2.795403912472913,False,RAL/B_seed3,B,3,gmd_03_high_bpm138.mid,2,1.0
59,20.933271589175185,20.998188700496577,64.91711132139244,4.321329386272785,False,RAL/B_seed3,B,3,gmd_03_high_bpm138.mid,2,1.0
60,21.57245545449351,,,0.0,False,RAL/B_seed3,B,3,gmd_03_high_bpm138.mid,2,1.0
61,21.792174908196685,21.897041011100473,104.86610290378806,2.078218939787,False,RAL/B_seed3,B,3,gmd_03_high_bpm138.mid,2,1.0
62,22.43135877351501,,,0.0,False,RAL/B_seed3,B,3,gmd_03_high_bpm138.mid,2,1.0
63,22.511256756679803,22.476301389045208,-34.955367634594836,35.43494979705193,False,RAL/B_seed3,B,3,gmd_03_high_bpm138.mid,2,1.0
64,23.31023658832771,,,0.0,False,RAL/B_seed3,B,3,gmd_03_high_bpm138.mid,2,1.0
65,23.529956042030886,23.624834897039076,94.87885500819004,22.96813867610704,False,RAL/B_seed3,B,3,gmd_03_high_bpm138.mid,2,1.0
66,23.84954797469005,23.92445233390704,74.90435921699046,5.801477095858662,False,RAL/B_seed3,B,3,gmd_03_high_bpm138.mid,2,1.0
67,24.169139907349212,24.209088898931608,39.94899158239562,33.95480208746605,False,RAL/B_seed3,B,3,gmd_03_high_bpm138.mid,2,1.0
68,24.249037890514003,24.264018762357402,14.980871843398802,6.076143681142629,True,RAL/B_seed3,B,3,gmd_03_high_bpm138.mid,2,1.0
69,24.728425789502747,24.818311020563137,89.88523106038926,27.683248390148638,False,RAL/B_seed3,B,3,gmd_03_high_bpm138.mid,2,1.0
70,25.06799221795311,25.1528838250657,84.89160711259203,3.5583666493728217,False,RAL/B_seed3,B,3,gmd_03_high_bpm138.mid,2,1.0
71,25.287711671656282,25.382590526664472,94.87885500819004,21.747398297067186,False,RAL/B_seed3,B,3,gmd_03_high_bpm138.mid,2,1.0
72,25.82702305801862,,,0.0,False,RAL/B_seed3,B,3,gmd_03_high_bpm138.mid,2,1.0
73,26.126640494886587,26.18656398226018,59.923487373591655,39.34131900997957,False,RAL/B_seed3,B,3,gmd_03_high_bpm138.mid,2,1.0
74,26.466206923336948,26.521136786762742,54.92986342579442,54.112277596362176,False,RAL/B_seed3,B,3,gmd_03_high_bpm138.mid,2,1.0
75,26.78579885599611,26.835735095474103,49.93623947799364,29.987395855586414,False,RAL/B_seed3,B,3,gmd_03_high_bpm138.mid,2,1.0
76,27.005518309699283,27.115378036550872,109.85972685158885,1.696737571336989,False,RAL/B_seed3,B,3,gmd_03_high_bpm138.mid,2,1.0
77,27.529848824218224,27.55981056790502,29.961743686797604,20.3282876064333,True,RAL/B_seed3,B,3,gmd_03_high_bpm138.mid,2,1.0
0,0.4194762150698062,0.44444503739538993,24.96882232558373,22.769768364513062,True,RAL/B_seed3,B,3,gmd_03_high_bpm138.mid,3,1.0
1,0.7390771408372776,0.7590521986977445,19.97505786046694,7.342661824396476,True,RAL/B_seed3,B,3,gmd_03_high_bpm138.mid,3,1.0
2,0.9588027773024141,0.9787778351628812,19.97505786046705,49.77864925077058,True,RAL/B_seed3,B,3,gmd_03_high_bpm138.mid,3,1.0
3,1.617979686697824,1.6279672156280574,9.987528930233358,32.58146916104616,True,RAL/B_seed3,B,3,gmd_03_high_bpm138.mid,3,1.0
4,2.157306248930432,2.1473187200001984,-9.98752893023358,8.838068788720353,True,RAL/B_seed3,B,3,gmd_03_high_bpm138.mid,3,1.0
5,2.49688223255837,2.536832348279304,39.95011572093388,34.03109836115604,False,RAL/B_seed3,B,3,gmd_03_high_bpm138.mid,3,1.0
6,2.69663281116304,2.731589162418857,34.95635125581708,69.08160649433881,False,RAL/B_seed3,B,3,gmd_03_high_bpm138.mid,3,1.0
7,3.0162337369305114,3.0212275013956282,4.99376446511679,76.60441908017214,True,RAL/B_seed3,B,3,gmd_03_high_bpm138.mid,3,1.0
8,3.3558097205584496,3.3558097205584496,0.0,56.27909176915797,True,RAL/B_seed3,B,3,gmd_03_high_bpm138.mid,3,1.0
9,3.4756600677212517,3.3957598362793835,-79.9002314418682,5.435254982146651,False,RAL/B_seed3,B,3,gmd_03_high_bpm138.mid,3,1.0
10,4.194762150698062,,,0.0,False,RAL/B_seed3,B,3,gmd_03_high_bpm138.mid,3,1.0
11,4.434462845023666,,,0.0,False,RAL/B_seed3,B,3,gmd_03_high_bpm138.mid,3,1.0
12,4.973789407256274,4.958808113860924,-14.98129339535037,1.8645893734550256,True,RAL/B_seed3,B,3,gmd_03_high_bpm138.mid,3,1.0
13,5.273415275163278,5.278409039628395,4.99376446511679,54.921018097476136,True,RAL/B_seed3,B,3,gmd_03_high_bpm138.mid,3,1.0
14,5.612991258791216,5.617985023256333,4.99376446511679,81.62471388897364,True,RAL/B_seed3,B,3,gmd_03_high_bpm138.mid,3,1.0
15,5.912617126698221,5.947573477954038,34.95635125581753,35.969023712881864,False,RAL/B_seed3,B,3,gmd_03_high_bpm138.mid,3,1.0
16,6.152317821023824,6.157311585488941,4.99376446511679,9.066957609790324,True,RAL/B_seed3,B,3,gmd_03_high_bpm138.mid,3,1.0
17,6.691644383256432,6.701631912186666,9.98752893023358,12.27140110477005,True,RAL/B_seed3,B,3,gmd_03_high_bpm138.mid,3,1.0
18,6.991270251163437,6.996264015628554,4.99376446511679,5.542069765312638,True,RAL/B_seed3,B,3,gmd_03_high_bpm138.mid,3,1.0
19,7.350821292651842,7.375790114977426,24.96882232558395,2.474959562974952,True,RAL/B_seed3,B,3,gmd_03_high_bpm138.mid,3,1.0
20,7.69039727627978,7.700384805210014,9.98752893023358,32.50517288735617,True,RAL/B_seed3,B,3,gmd_03_high_bpm138.mid,3,1.0
21,7.9300979706053845,7.940085499535617,9.987528930232692,42.49998474074524,True,RAL/B_seed3,B,3,gmd_03_high_bpm138.mid,3,1.0
22,8.209748780651921,8.229723838512388,19.97505786046716,43.3392437513352,True,RAL/B_seed3,B,3,gmd_03_high_bpm138.mid,3,1.0
23,8.54932476427986,,,0.0,False,RAL/B_seed3,B,3,gmd_03_high_bpm138.mid,3,1.0
24,8.649200053582195,,,0.0,False,RAL/B_seed3,B,3,gmd_03_high_bpm138.mid,3,1.0
25,9.113620148838052,9.13359520669852,19.97505786046716,3.588885158848818,True,RAL/B_seed3,B,3,gmd_03_high_bpm138.mid,3,1.0
26,9.40825225227994,9.438214839070639,29.962586790698964,31.48280281991029,True,RAL/B_seed3,B,3,gmd_03_high_bpm138.mid,3,1.0
27,9.66792800446601,9.687903062326477,19.97505786046716,4.809625537888726,True,RAL/B_seed3,B,3,gmd_03_high_bpm138.mid,3,1.0
28,9.98752893023348,10.002510223628832,14.981293395351258,80.44975127414779,True,RAL/B_seed3,B,3,gmd_03_high_bpm138.mid,3,1.0
29,10.307129856000953,10.317117384931185,9.987528930231804,1.1626636555070533,True,RAL/B_seed3,B,3,gmd_03_high_bpm138.mid,3,1.0
30,10.866431476094027,10.861437711628911,-4.993764465115902,32.108432264168215,True,RAL/B_seed3,B,3,gmd_03_high_bpm138.mid,3,1.0
31,11.191026166326616,11.201013695256849,9.98752893023358,70.0734580523087,True,RAL/B_seed3,B,3,gmd_03_high_bpm138.mid,3,1.0
32,11.405758038326635,11.420739331721986,14.981293395351258,1.5746635334330037,True,RAL/B_seed3,B,3,gmd_03_high_bpm138.mid,3,1.0
33,11.945084600559243,11.90513448483831,-39.950115720932544,34.79406109805595,False,RAL/B_seed3,B,3,gmd_03_high_bpm138.mid,3,1.0
34,12.244710468466248,,,0.0,False,RAL/B_seed3,B,3,gmd_03_high_bpm138.mid,3,1.0
35,12.584286452094187,12.664186683536053,79.90023144186686,3.314218573564851,False,RAL/B_seed3,B,3,gmd_03_high_bpm138.mid,3,1.0
36,12.88391232000119,12.903887377861658,19.97505786046716,20.709768974883254,True,RAL/B_seed3,B,3,gmd_03_high_bpm138.mid,3,1.0
37,13.642964518698935,13.667933341024519,24.968822325583062,5.908291879024649,True,RAL/B_seed3,B,3,gmd_03_high_bpm138.mid,3,1.0
38,13.922615328745472,13.937596622140823,14.981293395351258,2.3376262703329687,True,RAL/B_seed3,B,3,gmd_03_high_bpm138.mid,3,1.0
39,14.302141428094345,14.317122721489696,14.981293395351258,68.60856959746087,True,RAL/B_seed3,B,3,gmd_03_high_bpm138.mid,3,1.0
40,14.621742353861817,14.621742353861817,0.0,66.85375530259103,True,RAL/B_seed3,B,3,gmd_03_high_bpm138.mid,3,1.0
41,14.86144304818742,14.866436812652537,4.993764465117678,7.464735862300461,True,RAL/B_seed3,B,3,gmd_03_high_bpm138.mid,3,1.0
42,15.186037738420008,15.191031502885124,4.993764465115902,3.115848261970875,True,RAL/B_seed3,B,3,gmd_03_high_bpm138.mid,3,1.0
43,15.500644899722364,15.515626193117713,14.981293395349482,24.66191595202489,True,RAL/B_seed3,B,3,gmd_03_high_bpm138.mid,3,1.0
44,15.58054513116423,,,0.0,False,RAL/B_seed3,B,3,gmd_03_high_bpm138.mid,3,1.0
45,16.064940284280553,16.069934048745672,4.993764465119455,14.667104098635818,True,RAL/B_seed3,B,3,gmd_03_high_bpm138.mid,3,1.0
46,16.379547445582908,16.434478854699194,54.93140911628558,17.230658894619562,False,RAL/B_seed3,B,3,gmd_03_high_bpm138.mid,3,1.0
47,16.599273082048047,16.62424190437363,24.968822325583062,43.70546586504715,True,RAL/B_seed3,B,3,gmd_03_high_bpm138.mid,3,1.0
48,16.89889894995505,16.903892714420166,4.993764465115902,2.856440931424906,True,RAL/B_seed3,B,3,gmd_03_high_bpm138.mid,3,1.0
49,17.23847493358299,17.243468698048105,4.993764465115902,24.539841914120903,True,RAL/B_seed3,B,3,gmd_03_high_bpm138.mid,3,1.0
50,17.318375165024857,,,0.0,False,RAL/B_seed3,B,3,gmd_03_high_bpm138.mid,3,1.0
51,17.797776553676062,17.812757847071413,14.981293395351258,6.137180700094621,True,RAL/B_seed3,B,3,gmd_03_high_bpm138.mid,3,1.0
52,18.337103115908672,,,0.0,False,RAL/B_seed3,B,3,gmd_03_high_bpm138.mid,3,1.0
53,18.881423442606398,18.836479562420347,-44.94388018605022,10.516586809900204,False,RAL/B_seed3,B,3,gmd_03_high_bpm138.mid,3,1.0
54,19.176055546048286,19.206018132838985,29.962586790698964,103.85744804223764,True,RAL/B_seed3,B,3,gmd_03_high_bpm138.mid,3,1.0
55,19.53560658753669,19.53061282307157,-4.993764465119455,2.841181676686908,True,RAL/B_seed3,B,3,gmd_03_high_bpm138.mid,3,1.0
56,19.835232455443695,19.895157629025096,59.92517358140148,1.1474044007690551,False,RAL/B_seed3,B,3,gmd_03_high_bpm138.mid,3,1.0
57,20.059951856373946,20.074933149769297,14.981293395351258,52.83050019837033,True,RAL/B_seed3,B,3,gmd_03_high_bpm138.mid,3,1.0
58,20.294658786234432,20.32961513749025,34.95635125581842,51.57924130985442,False,RAL/B_seed3,B,3,gmd_03_high_bpm138.mid,3,1.0
59,20.933860637769378,20.953835695629845,19.97505786046716,6.091402935880627,True,RAL/B_seed3,B,3,gmd_03_high_bpm138.mid,3,1.0
60,21.57306248930432,21.623000133955486,49.937644651166124,2.0629596850490017,False,RAL/B_seed3,B,3,gmd_03_high_bpm138.mid,3,1.0
61,21.792788125769455,21.837732005955505,44.94388018605022,1.1168858912930588,False,RAL/B_seed3,B,3,gmd_03_high_bpm138.mid,3,1.0
62,22.431989977304397,22.4619525640951,29.962586790702517,16.452436902981656,True,RAL/B_seed3,B,3,gmd_03_high_bpm138.mid,3,1.0
63,22.511890208746266,,,0.0,False,RAL/B_seed3,B,3,gmd_03_high_bpm138.mid,3,1.0
64,23.310892523164945,23.335861345490528,24.968822325583062,6.411847285378588,True,RAL/B_seed3,B,3,gmd_03_high_bpm138.mid,3,1.0
65,23.53061815963008,23.550593217490547,19.97505786046716,9.677327799310303,True,RAL/B_seed3,B,3,gmd_03_high_bpm138.mid,3,1.0
66,23.850219085397555,23.860206614327787,9.987528930231804,69.1731620227668,True,RAL/B_seed3,B,3,gmd_03_high_bpm138.mid,3,1.0
67,24.169820011165026,24.179807540095258,9.987528930231804,3.009033478804888,True,RAL/B_seed3,B,3,gmd_03_high_bpm138.mid,3,1.0
68,24.24972024260689,,,0.0,False,RAL/B_seed3,B,3,gmd_03_high_bpm138.mid,3,1.0
69,24.7291216312581,24.74410292465345,14.981293395351258,62.50486770226145,True,RAL/B_seed3,B,3,gmd_03_high_bpm138.mid,3,1.0
70,25.068697614886037,25.068697614886037,0.0,23.27332377086706,True,RAL/B_seed3,B,3,gmd_03_high_bpm138.mid,3,1.0
71,25.288423251351176,,,0.0,False,RAL/B_seed3,B,3,gmd_03_high_bpm138.mid,3,1.0
72,25.827749813583782,25.822756049118667,-4.993764465115902,11.081179235206136,True,RAL/B_seed3,B,3,gmd_03_high_bpm138.mid,3,1.0
73,26.127375681490786,26.132369445955902,4.993764465115902,51.06042664876249,True,RAL/B_seed3,B,3,gmd_03_high_bpm138.mid,3,1.0
74,26.466951665118724,26.511895545304775,44.94388018605022,41.43183690908537,False,RAL/B_seed3,B,3,gmd_03_high_bpm138.mid,3,1.0
75,26.786552590886195,26.801533884281547,14.981293395351258,57.77449873348185,True,RAL/B_seed3,B,3,gmd_03_high_bpm138.mid,3,1.0
76,27.006278227351334,27.021259520746682,14.981293395347706,2.7191076387829227,True,RAL/B_seed3,B,3,gmd_03_high_bpm138.mid,3,1.0
77,27.530623496188593,27.540611025118825,9.987528930231804,41.76754051332133,True,RAL/B_seed3,B,3,gmd_03_high_bpm138.mid,3,1.0
0,0.4194841279625247,0.4294718452949658,9.987717332441083,4.44340342417677,True,RAL/B_seed4,B,4,gmd_03_high_bpm138.mid,1,1.0
1,0.7390910826006387,0.7890296692628441,49.93858666220541,2.551255836664943,False,RAL/B_seed4,B,4,gmd_03_high_bpm138.mid,1,1.0
2,0.9588208639143422,1.013753309242768,54.932445328425786,43.38502151554919,False,RAL/B_seed4,B,4,gmd_03_high_bpm138.mid,1,1.0
3,1.6180102078554524,1.632991783854114,14.981575998661567,2.001922666097009,True,RAL/B_seed4,B,4,gmd_03_high_bpm138.mid,1,1.0
4,2.15734694380727,2.1623408024734903,4.993858666220152,8.288735618152419,True,RAL/B_seed4,B,4,gmd_03_high_bpm138.mid,1,1.0
5,2.496929333110266,,,0.0,False,RAL/B_seed4,B,4,gmd_03_high_bpm138.mid,1,1.0
6,2.6966836797590874,2.7266468317564105,29.963151997323134,55.05835139011812,True,RAL/B_seed4,B,4,gmd_03_high_bpm138.mid,1,1.0
7,3.0162906343972016,3.021284493063422,4.993858666220596,23.319101535081053,True,RAL/B_seed4,B,4,gmd_03_high_bpm138.mid,1,1.0
8,3.3558730237001977,3.3908300343637414,34.95701066354373,2.078218939787,False,RAL/B_seed4,B,4,gmd_03_high_bpm138.mid,1,1.0
9,3.4757256316894902,3.5306580770179163,54.93244532842611,11.325327311014108,False,RAL/B_seed4,B,4,gmd_03_high_bpm138.mid,1,1.0
10,4.194841279625247,4.239786007621232,44.94472799598537,20.03836176641133,False,RAL/B_seed4,B,4,gmd_03_high_bpm138.mid,1,1.0
11,4.434546495603833,4.454521930268715,19.975434664882386,43.90383617664113,True,RAL/B_seed4,B,4,gmd_03_high_bpm138.mid,1,1.0
12,4.97388323155565,4.958901655556988,-14.98157599866179,29.377025666066487,True,RAL/B_seed4,B,4,gmd_03_high_bpm138.mid,1,1.0
13,5.273514751528882,5.323453338191087,49.938586662205076,11.752586443678112,False,RAL/B_seed4,B,4,gmd_03_high_bpm138.mid,1,1.0
14,5.613097140831878,5.648054151495422,34.95701066354329,21.6405835139012,False,RAL/B_seed4,B,4,gmd_03_high_bpm138.mid,1,1.0
15,5.91272866080511,5.91272866080511,0.0,14.31614123966186,True,RAL/B_seed4,B,4,gmd_03_high_bpm138.mid,1,1.0
16,6.152433876783696,6.222347898110783,69.91402132708745,2.368144779808965,False,RAL/B_seed4,B,4,gmd_03_high_bpm138.mid,1,1.0
17,6.691770612735513,6.701758330067954,9.987717332441193,19.595843379009388,True,RAL/B_seed4,B,4,gmd_03_high_bpm138.mid,1,1.0
18,6.991402132708745,,,0.0,False,RAL/B_seed4,B,4,gmd_03_high_bpm138.mid,1,1.0
19,7.350959956676624,7.375929250007726,24.969293331102094,6.350810266426596,True,RAL/B_seed4,B,4,gmd_03_high_bpm138.mid,1,1.0
20,7.69054234597962,7.710517780644501,19.975434664881497,63.67983031708731,True,RAL/B_seed4,B,4,gmd_03_high_bpm138.mid,1,1.0
21,7.930247561958205,7.940235279290646,9.987717332441193,43.87331766716513,True,RAL/B_seed4,B,4,gmd_03_high_bpm138.mid,1,1.0
22,8.209903647266556,8.229879081931436,19.97543466488061,27.88161870174261,True,RAL/B_seed4,B,4,gmd_03_high_bpm138.mid,1,1.0
23,8.54948603656955,8.554479895235772,4.9938586662214846,2.3071077608569723,True,RAL/B_seed4,B,4,gmd_03_high_bpm138.mid,1,1.0
24,8.649363209893961,8.669338644558843,19.975434664882386,4.229773857844796,True,RAL/B_seed4,B,4,gmd_03_high_bpm138.mid,1,1.0
25,9.113792065852472,9.128773641851133,14.981575998660901,5.465773491622647,True,RAL/B_seed4,B,4,gmd_03_high_bpm138.mid,1,1.0
26,9.408429727159483,9.493325324485232,84.89559732574925,16.879696035645605,False,RAL/B_seed4,B,4,gmd_03_high_bpm138.mid,1,1.0
27,9.66811037780295,9.728036681797597,59.92630399464716,2.8717001861629043,False,RAL/B_seed4,B,4,gmd_03_high_bpm138.mid,1,1.0
28,9.987717332441065,10.017680484438388,29.96315199732358,17.81051057466355,True,RAL/B_seed4,B,4,gmd_03_high_bpm138.mid,1,1.0
29,10.307324287079178,10.32230586307784,14.981575998662677,58.73583178197579,True,RAL/B_seed4,B,4,gmd_03_high_bpm138.mid,1,1.0
30,10.866636457695877,,,0.0,False,RAL/B_seed4,B,4,gmd_03_high_bpm138.mid,1,1.0
31,11.191237271000213,,,0.0,False,RAL/B_seed4,B,4,gmd_03_high_bpm138.mid,1,1.0
32,11.405973193647695,11.425948628312577,19.975434664882386,37.63228247932372,True,RAL/B_seed4,B,4,gmd_03_high_bpm138.mid,1,1.0
33,11.945309929599514,11.950303788265733,4.993858666219708,22.78502761925106,True,RAL/B_seed4,B,4,gmd_03_high_bpm138.mid,1,1.0
34,12.244941449572744,12.27989846023629,34.95701066354506,3.0853297524948786,False,RAL/B_seed4,B,4,gmd_03_high_bpm138.mid,1,1.0
35,12.584523838875741,12.609493132206843,24.969293331102094,6.182958464308616,True,RAL/B_seed4,B,4,gmd_03_high_bpm138.mid,1,1.0
36,12.884155358848973,12.899136934847634,14.981575998660901,30.155247657704397,True,RAL/B_seed4,B,4,gmd_03_high_bpm138.mid,1,1.0
37,13.643221876114493,13.678178886778039,34.95701066354506,7.953032013916459,False,RAL/B_seed4,B,4,gmd_03_high_bpm138.mid,1,1.0
38,13.922877961422843,13.942853396087726,19.975434664882386,38.166356395153656,True,RAL/B_seed4,B,4,gmd_03_high_bpm138.mid,1,1.0
39,14.302411220055605,14.317392796054266,14.981575998660901,15.43006683553578,True,RAL/B_seed4,B,4,gmd_03_high_bpm138.mid,1,1.0
40,14.622018174693718,14.686938337354585,64.92016266086686,14.957029938657785,False,RAL/B_seed4,B,4,gmd_03_high_bpm138.mid,1,1.0
41,14.861723390672303,,,0.0,False,RAL/B_seed4,B,4,gmd_03_high_bpm138.mid,1,1.0
42,15.186324203976639,15.211293497307741,24.969293331102094,2.3223670155949705,True,RAL/B_seed4,B,4,gmd_03_high_bpm138.mid,1,1.0
43,15.500937299948532,15.49594344128231,-4.9938586662214846,59.31568346201972,True,RAL/B_seed4,B,4,gmd_03_high_bpm138.mid,1,1.0
44,15.58083903860806,15.615796049271605,34.95701066354506,2.078218939787,False,RAL/B_seed4,B,4,gmd_03_high_bpm138.mid,1,1.0
45,16.065243329231453,16.03028631856791,-34.95701066354329,15.521622363963768,False,RAL/B_seed4,B,4,gmd_03_high_bpm138.mid,1,1.0
46,16.379856425203347,16.404825718534447,24.969293331100317,58.72057252723779,True,RAL/B_seed4,B,4,gmd_03_high_bpm138.mid,1,1.0
47,16.59958620651705,16.62954935851437,29.963151997321802,62.9168675801874,True,RAL/B_seed4,B,4,gmd_03_high_bpm138.mid,1,1.0
48,16.89921772649028,16.954150171818707,54.93244532842567,4.550218207342757,False,RAL/B_seed4,B,4,gmd_03_high_bpm138.mid,1,1.0
49,17.23880011579328,17.233806257127057,-4.9938586662214846,41.56917020172735,True,RAL/B_seed4,B,4,gmd_03_high_bpm138.mid,1,1.0
50,17.318701854452804,17.33368343045147,14.981575998664454,8.838068788720353,True,RAL/B_seed4,B,4,gmd_03_high_bpm138.mid,1,1.0
51,17.798112286409978,17.8280754384073,29.963151997321802,7.159550767540498,True,RAL/B_seed4,B,4,gmd_03_high_bpm138.mid,1,1.0
52,18.337449022361795,18.382393750357778,44.9447279959827,3.1921445356608658,False,RAL/B_seed4,B,4,gmd_03_high_bpm138.mid,1,1.0
53,18.88177961697983,18.921730486309595,39.95086932976477,2.093478194524998,False,RAL/B_seed4,B,4,gmd_03_high_bpm138.mid,1,1.0
54,19.176417278286845,19.196392712951727,19.975434664882386,40.40946684163944,True,RAL/B_seed4,B,4,gmd_03_high_bpm138.mid,1,1.0
55,19.53597510225472,19.530981243588503,-4.993858666217932,4.595995971556752,True,RAL/B_seed4,B,4,gmd_03_high_bpm138.mid,1,1.0
56,19.835606622227953,19.86556977422528,29.963151997325355,22.495101779229092,True,RAL/B_seed4,B,4,gmd_03_high_bpm138.mid,1,1.0
57,20.060330262207877,20.08030569687276,19.975434664882386,46.51316873683887,True,RAL/B_seed4,B,4,gmd_03_high_bpm138.mid,1,1.0
58,20.295041619520244,20.325004771517566,29.963151997321802,15.59791863765376,True,RAL/B_seed4,B,4,gmd_03_high_bpm138.mid,1,1.0
59,20.93425552879647,20.93924938746269,4.9938586662214846,26.7219153416547,True,RAL/B_seed4,B,4,gmd_03_high_bpm138.mid,1,1.0
60,21.5734694380727,21.55848786207404,-14.981575998660901,11.233771782586118,True,RAL/B_seed4,B,4,gmd_03_high_bpm138.mid,1,1.0
61,21.793199219386402,21.87310095804593,79.90173865952954,10.806512649922167,False,RAL/B_seed4,B,4,gmd_03_high_bpm138.mid,1,1.0
62,22.43241312866263,,,0.0,False,RAL/B_seed4,B,4,gmd_03_high_bpm138.mid,1,1.0
63,22.51231486732216,,,0.0,False,RAL/B_seed4,B,4,gmd_03_high_bpm138.mid,1,1.0
64,23.311332253917445,23.36127084057965,49.93858666220419,6.030365916928634,False,RAL/B_seed4,B,4,gmd_03_high_bpm138.mid,1,1.0
65,23.531062035231148,23.56601904589469,34.95701066354329,6.671254615924557,False,RAL/B_seed4,B,4,gmd_03_high_bpm138.mid,1,1.0
66,23.850668989869263,23.85566284853548,4.993858666217932,23.16650898770101,True,RAL/B_seed4,B,4,gmd_03_high_bpm138.mid,1,1.0
67,24.170275944507377,24.18525752050604,14.981575998660901,29.2549516281625,True,RAL/B_seed4,B,4,gmd_03_high_bpm138.mid,1,1.0
68,24.250177683166903,24.255171541833125,4.9938586662214846,3.5431073946348235,True,RAL/B_seed4,B,4,gmd_03_high_bpm138.mid,1,1.0
69,24.729588115124077,24.754557408455177,24.969293331100317,7.052735984374511,True,RAL/B_seed4,B,4,gmd_03_high_bpm138.mid,1,1.0
70,25.06917050442707,25.104127515090614,34.95701066354329,4.672292245246743,False,RAL/B_seed4,B,4,gmd_03_high_bpm138.mid,1,1.0
71,25.288900285740777,25.328851155070538,39.95086932976122,35.06872768333997,False,RAL/B_seed4,B,4,gmd_03_high_bpm138.mid,1,1.0
72,25.828237021692594,25.81325544569393,-14.981575998664454,35.84694967497788,True,RAL/B_seed4,B,4,gmd_03_high_bpm138.mid,1,1.0
73,26.127868541665823,,,0.0,False,RAL/B_seed4,B,4,gmd_03_high_bpm138.mid,1,1.0
74,26.46745093096882,26.46745093096882,0.0,35.19080172124396,True,RAL/B_seed4,B,4,gmd_03_high_bpm138.mid,1,1.0
75,26.787057885606934,26.812027178938038,24.96929333110387,29.026062807092472,True,RAL/B_seed4,B,4,gmd_03_high_bpm138.mid,1,1.0
76,27.006787666920637,27.02676310158552,19.975434664882386,60.52116458632163,True,RAL/B_seed4,B,4,gmd_03_high_bpm138.mid,1,1.0
77,27.531142826873793,27.531142826873793,0.0,6.411847285378588,True,RAL/B_seed4,B,4,gmd_03_high_bpm138.mid,1,1.0
0,0.4194414977306235,0.43442155122100296,14.980053490379452,1.1016266365550609,True,RAL/B_seed4,B,4,gmd_03_high_bpm138.mid,2,1.0
1,0.739015972192051,0.8488696977881667,109.85372559611572,1.1779229102450517,False,RAL/B_seed4,B,4,gmd_03_high_bpm138.mid,2,1.0
2,0.9587234233842823,0.9986702326919608,39.946809307678464,42.14902188177128,False,RAL/B_seed4,B,4,gmd_03_high_bpm138.mid,2,1.0
3,1.6178457769609764,1.6577925862686549,39.946809307678464,10.22666096987824,False,RAL/B_seed4,B,4,gmd_03_high_bpm138.mid,2,1.0
4,2.1571277026146354,2.1571277026146354,0.0,3.1463667714468717,True,RAL/B_seed4,B,4,gmd_03_high_bpm138.mid,2,1.0
5,2.496675581729902,,,0.0,False,RAL/B_seed4,B,4,gmd_03_high_bpm138.mid,2,1.0
6,2.696409628268294,2.776303246883651,79.89361861535693,34.70250556962796,False,RAL/B_seed4,B,4,gmd_03_high_bpm138.mid,2,1.0
7,3.0159841027297216,3.1757713399604355,159.78723723071386,1.2694784386730404,False,RAL/B_seed4,B,4,gmd_03_high_bpm138.mid,2,1.0
8,3.355531981844988,3.365518684171908,9.986702326919783,20.74028748435925,True,RAL/B_seed4,B,4,gmd_03_high_bpm138.mid,2,1.0
9,3.4753724097680236,3.415452195806506,-59.92021396151781,2.7191076387829227,False,RAL/B_seed4,B,4,gmd_03_high_bpm138.mid,2,1.0
10,4.194414977306235,4.284295298248511,89.88032094227627,1.2084414197210478,False,RAL/B_seed4,B,4,gmd_03_high_bpm138.mid,2,1.0
11,4.4340958331523055,4.494016047113823,59.92021396151781,5.221625415814676,False,RAL/B_seed4,B,4,gmd_03_high_bpm138.mid,2,1.0
12,4.973377758805965,4.983364461132885,9.986702326919783,23.68532364879301,True,RAL/B_seed4,B,4,gmd_03_high_bpm138.mid,2,1.0
13,5.272978828613553,5.307932286757771,34.95345814421835,28.50724814600053,False,RAL/B_seed4,B,4,gmd_03_high_bpm138.mid,2,1.0
14,5.6125267077288195,5.652473517036498,39.946809307678244,49.24457533494065,False,RAL/B_seed4,B,4,gmd_03_high_bpm138.mid,2,1.0
15,5.912127777536408,5.942087884517167,29.96010698075935,23.83791619617299,True,RAL/B_seed4,B,4,gmd_03_high_bpm138.mid,2,1.0
16,6.151808633382478,6.181768740363237,29.96010698075935,32.06265449995422,True,RAL/B_seed4,B,4,gmd_03_high_bpm138.mid,2,1.0
17,6.691090559036137,6.691090559036137,0.0,28.064729758598588,True,RAL/B_seed4,B,4,gmd_03_high_bpm138.mid,2,1.0
18,6.9906916288437255,7.025645086987944,34.95345814421835,11.416882839442096,False,RAL/B_seed4,B,4,gmd_03_high_bpm138.mid,2,1.0
19,7.3502129126128315,7.405139775410889,54.92686279805792,20.709768974883254,False,RAL/B_seed4,B,4,gmd_03_high_bpm138.mid,2,1.0
20,7.689760791728098,7.714727547545397,24.966755817299457,22.11362041077914,True,RAL/B_seed4,B,4,gmd_03_high_bpm138.mid,2,1.0
21,7.929441647574168,7.959401754554928,29.96010698075935,38.45628223517562,True,RAL/B_seed4,B,4,gmd_03_high_bpm138.mid,2,1.0
22,8.209069312727918,8.234036068545217,24.966755817299457,19.4890285958434,True,RAL/B_seed4,B,4,gmd_03_high_bpm138.mid,2,1.0
23,8.548617191843185,8.563597245333563,14.980053490377898,2.9785149693288915,True,RAL/B_seed4,B,4,gmd_03_high_bpm138.mid,2,1.0
24,8.648484215112381,8.728377833727738,79.89361861535649,7.998809778130454,False,RAL/B_seed4,B,4,gmd_03_high_bpm138.mid,2,1.0
25,9.112865873314142,9.102879170987222,-9.986702326919783,32.97820978423411,True,RAL/B_seed4,B,4,gmd_03_high_bpm138.mid,2,1.0
26,9.40747359195827,,,0.0,False,RAL/B_seed4,B,4,gmd_03_high_bpm138.mid,2,1.0
27,9.667127852458181,9.707074661765859,39.946809307677356,30.658803064058333,False,RAL/B_seed4,B,4,gmd_03_high_bpm138.mid,2,1.0
28,9.986702326919607,,,0.0,False,RAL/B_seed4,B,4,gmd_03_high_bpm138.mid,2,1.0
29,10.306276801381035,10.336236908361794,29.96010698075935,9.204290902432309,True,RAL/B_seed4,B,4,gmd_03_high_bpm138.mid,2,1.0
30,10.865532131688534,10.900485589832751,34.953458144217464,23.181768242439013,False,RAL/B_seed4,B,4,gmd_03_high_bpm138.mid,2,1.0
31,11.19009995731342,11.2050800108038,14.980053490379674,16.193029572435687,True,RAL/B_seed4,B,4,gmd_03_high_bpm138.mid,2,1.0
32,11.404814057342191,11.45474756897679,49.933511634598915,27.698507644886632,False,RAL/B_seed4,B,4,gmd_03_high_bpm138.mid,2,1.0
33,11.94409598299585,11.96906273881315,24.966755817299457,9.143253883480316,True,RAL/B_seed4,B,4,gmd_03_high_bpm138.mid,2,1.0
34,12.243697052803439,12.278650510947658,34.95345814421924,17.779992065187553,False,RAL/B_seed4,B,4,gmd_03_high_bpm138.mid,2,1.0
35,12.583244931918706,12.643165145880223,59.92021396151692,3.9245887630848326,False,RAL/B_seed4,B,4,gmd_03_high_bpm138.mid,2,1.0
36,12.882846001726294,12.917799459870512,34.953458144217464,7.937772759178461,False,RAL/B_seed4,B,4,gmd_03_high_bpm138.mid,2,1.0
37,13.641835378572184,13.676788836716403,34.95345814421924,3.833033234656844,False,RAL/B_seed4,B,4,gmd_03_high_bpm138.mid,2,1.0
38,13.921463043725934,13.966403204197071,44.94016047113725,26.40147099215674,False,RAL/B_seed4,B,4,gmd_03_high_bpm138.mid,2,1.0
39,14.300957732148879,14.315937785639258,14.980053490379674,4.2908108767967885,True,RAL/B_seed4,B,4,gmd_03_high_bpm138.mid,2,1.0
40,14.620532206610307,14.720399229879503,99.86702326919605,1.513626514481011,False,RAL/B_seed4,B,4,gmd_03_high_bpm138.mid,2,1.0
41,14.860213062456376,14.895166520600595,34.95345814421924,5.343699453718662,False,RAL/B_seed4,B,4,gmd_03_high_bpm138.mid,2,1.0
42,15.184780888081264,15.229721048552403,44.94016047113902,20.3130283516953,False,RAL/B_seed4,B,4,gmd_03_high_bpm138.mid,2,1.0
43,15.499362011379231,15.624195790465727,124.83377908649551,3.314218573564851,False,RAL/B_seed4,B,4,gmd_03_high_bpm138.mid,2,1.0
44,15.579255629994588,15.53930882068691,-39.946809307677356,13.110660115359948,False,RAL/B_seed4,B,4,gmd_03_high_bpm138.mid,2,1.0
45,16.06361069285019,16.05861734168673,-4.9933511634598915,31.620136112552277,True,RAL/B_seed4,B,4,gmd_03_high_bpm138.mid,2,1.0
46,16.378191816148156,16.418138625455835,39.94680930767913,69.40205084383678,False,RAL/B_seed4,B,4,gmd_03_high_bpm138.mid,2,1.0
47,16.597899267340388,16.687779588282666,89.88032094227805,13.782067323831924,False,RAL/B_seed4,B,4,gmd_03_high_bpm138.mid,2,1.0
48,16.897500337147978,16.952427199946033,54.926862798055254,5.9693288979766415,False,RAL/B_seed4,B,4,gmd_03_high_bpm138.mid,2,1.0
49,17.237048216263243,17.257021620917083,19.973404653839566,2.1392559587389925,True,RAL/B_seed4,B,4,gmd_03_high_bpm138.mid,2,1.0
50,17.316941834878598,17.296968430224762,-19.973404653836013,9.7078463087863,True,RAL/B_seed4,B,4,gmd_03_high_bpm138.mid,2,1.0
51,17.79630354657074,17.79131019540728,-4.9933511634598915,24.356730857264928,True,RAL/B_seed4,B,4,gmd_03_high_bpm138.mid,2,1.0
52,18.3355854722244,18.350565525714778,14.980053490379674,45.658650471510974,True,RAL/B_seed4,B,4,gmd_03_high_bpm138.mid,2,1.0
53,18.87986074904152,18.92480090951266,44.94016047113902,21.96102786339916,False,RAL/B_seed4,B,4,gmd_03_high_bpm138.mid,2,1.0
54,19.174468467685646,19.214415276993325,39.94680930767913,40.62309640797141,False,RAL/B_seed4,B,4,gmd_03_high_bpm138.mid,2,1.0
55,19.533989751454754,19.519009697964375,-14.980053490379674,35.60280159916991,True,RAL/B_seed4,B,4,gmd_03_high_bpm138.mid,2,1.0
56,19.83359082126234,19.89850438638732,64.91356512497859,5.130069887386688,False,RAL/B_seed4,B,4,gmd_03_high_bpm138.mid,2,1.0
57,20.058291623618032,20.11321848641609,54.92686279805881,41.43183690908537,False,RAL/B_seed4,B,4,gmd_03_high_bpm138.mid,2,1.0
58,20.292979128300644,,,0.0,False,RAL/B_seed4,B,4,gmd_03_high_bpm138.mid,2,1.0
59,20.9321280772235,20.94710813071388,14.980053490379674,28.72087771233251,True,RAL/B_seed4,B,4,gmd_03_high_bpm138.mid,2,1.0
60,21.57127702614635,21.561290323819435,-9.98670232691623,20.3130283516953,True,RAL/B_seed4,B,4,gmd_03_high_bpm138.mid,2,1.0
61,21.790984477338583,21.87087809595394,79.89361861535826,27.9731742301706,False,RAL/B_seed4,B,4,gmd_03_high_bpm138.mid,2,1.0
62,22.43013342626144,22.440120128588358,9.986702326919783,2.459700308236954,True,RAL/B_seed4,B,4,gmd_03_high_bpm138.mid,2,1.0
63,22.510027044876797,22.475073586732577,-34.95345814421924,21.213324381237197,False,RAL/B_seed4,B,4,gmd_03_high_bpm138.mid,2,1.0
64,23.308963231030365,23.338923338011124,29.96010698075935,2.780144657734916,True,RAL/B_seed4,B,4,gmd_03_high_bpm138.mid,2,1.0
65,23.528670682222597,23.588590896184115,59.9202139615187,4.000885036774823,False,RAL/B_seed4,B,4,gmd_03_high_bpm138.mid,2,1.0
66,23.848245156684023,23.92813877529938,79.89361861535826,1.8645893734550256,False,RAL/B_seed4,B,4,gmd_03_high_bpm138.mid,2,1.0
67,24.167819631145452,24.167819631145452,0.0,32.04739524521622,True,RAL/B_seed4,B,4,gmd_03_high_bpm138.mid,2,1.0
68,24.247713249760807,24.237726547433887,-9.986702326919783,8.60917996765038,True,RAL/B_seed4,B,4,gmd_03_high_bpm138.mid,2,1.0
69,24.72707496145295,24.73206831261641,4.9933511634598915,34.000579851680044,True,RAL/B_seed4,B,4,gmd_03_high_bpm138.mid,2,1.0
70,25.066622840568215,25.101576298712434,34.95345814421924,2.459700308236954,False,RAL/B_seed4,B,4,gmd_03_high_bpm138.mid,2,1.0
71,25.286330291760446,25.326277101068126,39.94680930767913,50.22116763817253,False,RAL/B_seed4,B,4,gmd_03_high_bpm138.mid,2,1.0
72,25.825612217414104,25.840592270904484,14.980053490379674,4.03140354625082,True,RAL/B_seed4,B,4,gmd_03_high_bpm138.mid,2,1.0
73,26.125213287221694,,,0.0,False,RAL/B_seed4,B,4,gmd_03_high_bpm138.mid,2,1.0
74,26.46476116633696,26.50470797564464,39.94680930767913,56.11123996703999,False,RAL/B_seed4,B,4,gmd_03_high_bpm138.mid,2,1.0
75,26.78433564079839,26.864229259413744,79.89361861535471,4.306070131534787,False,RAL/B_seed4,B,4,gmd_03_high_bpm138.mid,2,1.0
76,27.00404309199062,27.078943359442516,74.90026745189482,40.79094821008939,False,RAL/B_seed4,B,4,gmd_03_high_bpm138.mid,2,1.0
77,27.5283449641539,27.568291773461578,39.94680930767913,8.487105929746395,False,RAL/B_seed4,B,4,gmd_03_high_bpm138.mid,2,1.0
0,0.419513973076289,0.4394908289370647,19.97685586077569,1.666219061860993,True,RAL/B_seed4,B,4,gmd_03_high_bpm138.mid,3,1.0
1,0.7391436668486997,0.7741031646050571,34.95949775635743,2.82592242194891,False,RAL/B_seed4,B,4,gmd_03_high_bpm138.mid,3,1.0
2,0.958889081317232,0.9738717232128138,14.98264189558174,46.43687246314888,True,RAL/B_seed4,B,4,gmd_03_high_bpm138.mid,3,1.0
3,1.618125324722829,1.6131311107576352,-4.99421396519395,4.840144047364722,True,RAL/B_seed4,B,4,gmd_03_high_bpm138.mid,3,1.0
4,2.157500432963772,2.177477288824548,19.9768558607758,3.512588885158827,True,RAL/B_seed4,B,4,gmd_03_high_bpm138.mid,3,1.0
5,2.4971069825969585,2.5420549082837036,44.94792568674511,70.69908749656668,False,RAL/B_seed4,B,4,gmd_03_high_bpm138.mid,3,1.0
6,2.696875541204715,2.721846611030685,24.97106982596975,3.634662923062813,True,RAL/B_seed4,B,4,gmd_03_high_bpm138.mid,3,1.0
7,3.0165052349771257,2.9915341651511564,-24.971069825969305,11.249031037324116,True,RAL/B_seed4,B,4,gmd_03_high_bpm138.mid,3,1.0
8,3.356111784610312,,,0.0,False,RAL/B_seed4,B,4,gmd_03_high_bpm138.mid,3,1.0
9,3.475972919774966,3.431024994088221,-44.94792568674511,1.0711081270790643,False,RAL/B_seed4,B,4,gmd_03_high_bpm138.mid,3,1.0
10,4.19513973076289,4.22011080058886,24.97106982596975,45.15509506515704,True,RAL/B_seed4,B,4,gmd_03_high_bpm138.mid,3,1.0
11,4.434862001092198,4.459833070918168,24.97106982596975,35.99954222235786,True,RAL/B_seed4,B,4,gmd_03_high_bpm138.mid,3,1.0
12,4.974237109333141,4.984225537263529,9.9884279303879,8.303994872890417,True,RAL/B_seed4,B,4,gmd_03_high_bpm138.mid,3,1.0
13,5.273889947244776,5.298861017070746,24.97106982596975,29.499099703970472,True,RAL/B_seed4,B,4,gmd_03_high_bpm138.mid,3,1.0
14,5.613496496877962,5.618490710843156,4.99421396519395,24.43302713095492,True,RAL/B_seed4,B,4,gmd_03_high_bpm138.mid,3,1.0
15,5.913149334789598,5.968085688406731,54.93635361713345,10.516586809900204,False,RAL/B_seed4,B,4,gmd_03_high_bpm138.mid,3,1.0
16,6.152871605118905,6.202813744770845,49.9421396519395,3.1921445356608658,False,RAL/B_seed4,B,4,gmd_03_high_bpm138.mid,3,1.0
17,6.692246713359848,6.712223569220624,19.9768558607758,1.7577745902890385,True,RAL/B_seed4,B,4,gmd_03_high_bpm138.mid,3,1.0
18,6.991899551271484,7.036847476958229,44.94792568674555,28.858211004974493,False,RAL/B_seed4,B,4,gmd_03_high_bpm138.mid,3,1.0
19,7.351482956765445,7.346488742800251,-4.99421396519395,17.612140263069573,True,RAL/B_seed4,B,4,gmd_03_high_bpm138.mid,3,1.0
20,7.691089506398632,7.716060576224602,24.97106982596975,10.04354991302226,True,RAL/B_seed4,B,4,gmd_03_high_bpm138.mid,3,1.0
21,7.93081177672794,7.950788632588716,19.9768558607758,13.110660115359948,True,RAL/B_seed4,B,4,gmd_03_high_bpm138.mid,3,1.0
22,8.210487758778799,8.25044147050035,39.9537117215516,17.79525131992555,False,RAL/B_seed4,B,4,gmd_03_high_bpm138.mid,3,1.0
23,8.550094308411985,8.55508852237718,4.99421396519395,13.00384533219396,True,RAL/B_seed4,B,4,gmd_03_high_bpm138.mid,3,1.0
24,8.649978587715864,8.659967015646252,9.9884279303879,9.35688344981229,True,RAL/B_seed4,B,4,gmd_03_high_bpm138.mid,3,1.0
25,9.114440486478898,9.10445205854851,-9.9884279303879,2.810663167210912,True,RAL/B_seed4,B,4,gmd_03_high_bpm138.mid,3,1.0
26,9.40909911042534,9.439064394216503,29.9652837911637,13.65999328592794,True,RAL/B_seed4,B,4,gmd_03_high_bpm138.mid,3,1.0
27,9.668798236615423,9.708751948336975,39.9537117215516,8.4413281655324,False,RAL/B_seed4,B,4,gmd_03_high_bpm138.mid,3,1.0
28,9.988427930387834,10.003410572283416,14.98264189558185,27.912137211218607,True,RAL/B_seed4,B,4,gmd_03_high_bpm138.mid,3,1.0
29,10.308057624160245,10.323040266055827,14.98264189558185,9.463698232978278,True,RAL/B_seed4,B,4,gmd_03_high_bpm138.mid,3,1.0
30,10.867409588261964,10.882392230157546,14.98264189558185,13.934659871211906,True,RAL/B_seed4,B,4,gmd_03_high_bpm138.mid,3,1.0
31,11.192033495999567,11.192033495999567,0.0,28.339396343882555,True,RAL/B_seed4,B,4,gmd_03_high_bpm138.mid,3,1.0
32,11.406784696502907,,,0.0,False,RAL/B_seed4,B,4,gmd_03_high_bpm138.mid,3,1.0
33,11.94615980474385,11.931177162848268,-14.98264189558185,32.2152470473342,True,RAL/B_seed4,B,4,gmd_03_high_bpm138.mid,3,1.0
34,12.245812642655485,12.270783712481453,24.971069825967973,1.986663411359011,True,RAL/B_seed4,B,4,gmd_03_high_bpm138.mid,3,1.0
35,12.58541919228867,12.63536133194061,49.9421396519395,9.173772392956312,False,RAL/B_seed4,B,4,gmd_03_high_bpm138.mid,3,1.0
36,12.885072030200305,12.930019955887051,44.94792568674555,5.114810632648689,False,RAL/B_seed4,B,4,gmd_03_high_bpm138.mid,3,1.0
37,13.64419255290978,13.629209911014199,-14.98264189558185,20.282509842219305,True,RAL/B_seed4,B,4,gmd_03_high_bpm138.mid,3,1.0
38,13.92386853496064,13.963822246682192,39.9537117215516,1.3610339671010294,False,RAL/B_seed4,B,4,gmd_03_high_bpm138.mid,3,1.0
39,14.303428796315378,14.288446154419796,-14.98264189558185,24.96710104678485,True,RAL/B_seed4,B,4,gmd_03_high_bpm138.mid,3,1.0
40,14.62305849008779,14.633046918018177,9.9884279303879,7.846217230750472,True,RAL/B_seed4,B,4,gmd_03_high_bpm138.mid,3,1.0
41,14.862780760417097,14.872769188347485,9.9884279303879,12.683400982696,True,RAL/B_seed4,B,4,gmd_03_high_bpm138.mid,3,1.0
42,15.187404668154702,15.187404668154702,0.0,17.108584856715577,True,RAL/B_seed4,B,4,gmd_03_high_bpm138.mid,3,1.0
43,15.502040147961917,15.507034361927111,4.99421396519395,23.99050874355297,True,RAL/B_seed4,B,4,gmd_03_high_bpm138.mid,3,1.0
44,15.58194757140502,15.586941785370215,4.99421396519395,3.329477828302849,True,RAL/B_seed4,B,4,gmd_03_high_bpm138.mid,3,1.0
45,16.06638632602883,16.0913573958548,24.97106982596975,3.4515518662068345,True,RAL/B_seed4,B,4,gmd_03_high_bpm138.mid,3,1.0
46,16.38102180583605,16.400998661696825,19.9768558607758,1.8645893734550256,True,RAL/B_seed4,B,4,gmd_03_high_bpm138.mid,3,1.0
47,16.60076722030458,16.65070935995652,49.9421396519395,4.092440565202812,False,RAL/B_seed4,B,4,gmd_03_high_bpm138.mid,3,1.0
48,16.900420058216216,16.920396914076992,19.9768558607758,34.04635761589404,True,RAL/B_seed4,B,4,gmd_03_high_bpm138.mid,3,1.0
49,17.2400266078494,17.25001503577979,9.9884279303879,2.352885525070967,True,RAL/B_seed4,B,4,gmd_03_high_bpm138.mid,3,1.0
50,17.319934031292505,17.33991088715328,19.9768558607758,2.856440931424906,True,RAL/B_seed4,B,4,gmd_03_high_bpm138.mid,3,1.0
51,17.79937857195112,17.804372785916314,4.99421396519395,4.809625537888726,True,RAL/B_seed4,B,4,gmd_03_high_bpm138.mid,3,1.0
52,18.338753680192063,18.32377103829648,-14.98264189558185,8.258217108676423,True,RAL/B_seed4,B,4,gmd_03_high_bpm138.mid,3,1.0
53,18.8831230023982,18.913088286189364,29.9652837911637,4.992736594744704,True,RAL/B_seed4,B,4,gmd_03_high_bpm138.mid,3,1.0
54,19.17778162634464,19.25269483582255,74.91320947790925,5.831995605334658,False,RAL/B_seed4,B,4,gmd_03_high_bpm138.mid,3,1.0
55,19.537365031838604,19.547353459768992,9.9884279303879,14.361919003875856,True,RAL/B_seed4,B,4,gmd_03_high_bpm138.mid,3,1.0
56,19.837017869750238,19.881965795436983,44.94792568674555,6.198217719046614,False,RAL/B_seed4,B,4,gmd_03_high_bpm138.mid,3,1.0
57,20.061757498183965,20.071745926114353,9.9884279303879,5.069032868434695,True,RAL/B_seed4,B,4,gmd_03_high_bpm138.mid,3,1.0
58,20.296485554548077,20.33643926626963,39.9537117215516,35.6943571275979,False,RAL/B_seed4,B,4,gmd_03_high_bpm138.mid,3,1.0
59,20.9357449420929,20.96071601191887,24.97106982596975,3.482070375682831,True,RAL/B_seed4,B,4,gmd_03_high_bpm138.mid,3,1.0
60,21.57500432963772,21.555027473776946,-19.9768558607758,4.824884792626724,True,RAL/B_seed4,B,4,gmd_03_high_bpm138.mid,3,1.0
61,21.794749744106255,21.834703455827803,39.953711721548046,6.366069521164594,False,RAL/B_seed4,B,4,gmd_03_high_bpm138.mid,3,1.0
62,22.434009131651074,22.439003345616268,4.99421396519395,29.77376628925444,True,RAL/B_seed4,B,4,gmd_03_high_bpm138.mid,3,1.0
63,22.513916555094177,22.54388183888534,29.9652837911637,4.336588641010783,True,RAL/B_seed4,B,4,gmd_03_high_bpm138.mid,3,1.0
64,23.312990789525205,23.35793871521195,44.94792568674555,31.80324716940825,False,RAL/B_seed4,B,4,gmd_03_high_bpm138.mid,3,1.0
65,23.532736203993736,23.557707273819705,24.97106982596975,82.76915799432356,True,RAL/B_seed4,B,4,gmd_03_high_bpm138.mid,3,1.0
66,23.85236589776615,23.877336967592118,24.97106982596975,21.518509475997213,True,RAL/B_seed4,B,4,gmd_03_high_bpm138.mid,3,1.0
67,24.171995591538558,24.181984019468945,9.9884279303879,11.172734763634123,True,RAL/B_seed4,B,4,gmd_03_high_bpm138.mid,3,1.0
68,24.25190301498166,24.281868298772824,29.9652837911637,1.132145146031057,True,RAL/B_seed4,B,4,gmd_03_high_bpm138.mid,3,1.0
69,24.731347555640276,24.73634176960547,4.99421396519395,23.609027375103015,True,RAL/B_seed4,B,4,gmd_03_high_bpm138.mid,3,1.0
70,25.07095410527346,25.09592517509943,24.97106982596975,2.9785149693288915,True,RAL/B_seed4,B,4,gmd_03_high_bpm138.mid,3,1.0
71,25.290699519741995,25.305682161637577,14.98264189558185,1.0863673818170625,True,RAL/B_seed4,B,4,gmd_03_high_bpm138.mid,3,1.0
72,25.83007462798294,25.840063055913326,9.9884279303879,12.561326944792016,True,RAL/B_seed4,B,4,gmd_03_high_bpm138.mid,3,1.0
73,26.12972746589457,26.17966960554651,49.9421396519395,10.089327677236255,False,RAL/B_seed4,B,4,gmd_03_high_bpm138.mid,3,1.0
74,26.46933401552776,26.484316657423342,14.98264189558185,20.83184301278724,True,RAL/B_seed4,B,4,gmd_03_high_bpm138.mid,3,1.0
75,26.78896370930017,26.793957923265364,4.99421396519395,14.682363353373816,True,RAL/B_seed4,B,4,gmd_03_high_bpm138.mid,3,1.0
76,27.008709123768703,27.02868597962948,19.9768558607758,10.684438612018184,True,RAL/B_seed4,B,4,gmd_03_high_bpm138.mid,3,1.0
77,27.533101590114065,27.543090018044452,9.9884279303879,10.730216376232178,True,RAL/B_seed4,B,4,gmd_03_high_bpm138.mid,3,1.0
0,0.41946297249857223,0.4843798610995418,64.91688860096956,20.25199133274331,False,RAL/B_seed5,B,5,gmd_03_high_bpm138.mid,1,1.0
1,0.7390538086879607,,,0.0,False,RAL/B_seed5,B,5,gmd_03_high_bpm138.mid,1,1.0
2,0.9587725085681651,0.9937277562763795,34.95524770821446,23.63954588457901,False,RAL/B_seed5,B,5,gmd_03_high_bpm138.mid,1,1.0
3,1.6179286082087787,1.6828454968097482,64.91688860096944,14.514511551255836,False,RAL/B_seed5,B,5,gmd_03_high_bpm138.mid,1,1.0
4,2.1572381442783715,2.242129460141178,84.89131586280641,10.21140171514024,False,RAL/B_seed5,B,5,gmd_03_high_bpm138.mid,1,1.0
5,2.4968034077295966,2.526765048622352,29.961640892755437,3.161626026184869,True,RAL/B_seed5,B,5,gmd_03_high_bpm138.mid,1,1.0
6,2.6965476803479644,2.7215157144252604,24.968034077295975,38.349467452009634,True,RAL/B_seed5,B,5,gmd_03_high_bpm138.mid,1,1.0
7,3.0161385165373527,3.1060234392156185,89.88492267826587,4.229773857844796,False,RAL/B_seed5,B,5,gmd_03_high_bpm138.mid,1,1.0
8,3.355703779988578,3.40563984814317,49.93606815459195,4.733329264198735,False,RAL/B_seed5,B,5,gmd_03_high_bpm138.mid,1,1.0
9,3.4755503435595987,,,0.0,False,RAL/B_seed5,B,5,gmd_03_high_bpm138.mid,1,1.0
10,4.194629724985723,4.249559399955774,54.92967497005097,3.9245887630848326,False,RAL/B_seed5,B,5,gmd_03_high_bpm138.mid,1,1.0
11,4.434322852127764,4.464284493020519,29.961640892754993,33.46650593585011,True,RAL/B_seed5,B,5,gmd_03_high_bpm138.mid,1,1.0
12,4.973632388197356,5.043542883613785,69.91049541642892,7.7699209570604815,False,RAL/B_seed5,B,5,gmd_03_high_bpm138.mid,1,1.0
13,5.273248797124908,5.293223224386745,19.974427261836958,17.841029084139546,True,RAL/B_seed5,B,5,gmd_03_high_bpm138.mid,1,1.0
14,5.612814060576134,5.6827245559925625,69.91049541642892,8.853328043458351,False,RAL/B_seed5,B,5,gmd_03_high_bpm138.mid,1,1.0
15,5.912430469503685,5.952379324027358,39.94885452367303,2.3223670155949705,False,RAL/B_seed5,B,5,gmd_03_high_bpm138.mid,1,1.0
16,6.152123596645726,6.177091630723022,24.968034077295975,16.467696157719654,True,RAL/B_seed5,B,5,gmd_03_high_bpm138.mid,1,1.0
17,6.69143313271532,6.706413953161697,14.980820446377052,1.986663411359011,True,RAL/B_seed5,B,5,gmd_03_high_bpm138.mid,1,1.0
18,6.991049541642871,7.030998396166544,39.94885452367303,1.3457747123630313,False,RAL/B_seed5,B,5,gmd_03_high_bpm138.mid,1,1.0
19,7.350589232355933,7.380550873248688,29.961640892754993,37.0066530350658,True,RAL/B_seed5,B,5,gmd_03_high_bpm138.mid,1,1.0
20,7.690154495807158,7.715122529884454,24.968034077295975,57.89657277138584,True,RAL/B_seed5,B,5,gmd_03_high_bpm138.mid,1,1.0
21,7.929847622949199,7.949822050211036,19.974427261836958,31.58961760307628,True,RAL/B_seed5,B,5,gmd_03_high_bpm138.mid,1,1.0
22,8.209489604614914,8.274406493215883,64.916888600969,12.561326944792016,False,RAL/B_seed5,B,5,gmd_03_high_bpm138.mid,1,1.0
23,8.54905486806614,8.589003722589812,39.94885452367214,27.56117435224465,False,RAL/B_seed5,B,5,gmd_03_high_bpm138.mid,1,1.0
24,8.648927004375324,8.698863072529916,49.93606815459195,1.238959929197044,False,RAL/B_seed5,B,5,gmd_03_high_bpm138.mid,1,1.0
25,9.113332438213028,9.113332438213028,0.0,49.702352977080594,True,RAL/B_seed5,B,5,gmd_03_high_bpm138.mid,1,1.0
26,9.407955240325121,9.457891308479713,49.93606815459195,5.221625415814676,False,RAL/B_seed5,B,5,gmd_03_high_bpm138.mid,1,1.0
27,9.667622794728999,,,0.0,False,RAL/B_seed5,B,5,gmd_03_high_bpm138.mid,1,1.0
28,9.987213630918387,9.997200844549305,9.987213630918035,33.573320719016095,True,RAL/B_seed5,B,5,gmd_03_high_bpm138.mid,1,1.0
29,10.306804467107776,10.376714962524204,69.91049541642802,19.946806237983346,False,RAL/B_seed5,B,5,gmd_03_high_bpm138.mid,1,1.0
30,10.866088430439206,10.911030891778339,44.94246133913293,3.5583666493728217,False,RAL/B_seed5,B,5,gmd_03_high_bpm138.mid,1,1.0
31,11.190672873444052,,,0.0,False,RAL/B_seed5,B,5,gmd_03_high_bpm138.mid,1,1.0
32,11.405397966508797,11.440353214217012,34.9552477082149,36.80828272347176,False,RAL/B_seed5,B,5,gmd_03_high_bpm138.mid,1,1.0
33,11.94470750257839,11.989649963917524,44.94246133913293,1.1168858912930588,False,RAL/B_seed5,B,5,gmd_03_high_bpm138.mid,1,1.0
34,12.244323911505942,12.25930473195232,14.980820446377052,20.19095431379132,True,RAL/B_seed5,B,5,gmd_03_high_bpm138.mid,1,1.0
35,12.583889174957168,12.603863602219004,19.97442726183607,57.25568407238991,True,RAL/B_seed5,B,5,gmd_03_high_bpm138.mid,1,1.0
36,12.88350558388472,12.923454438408394,39.948854523673916,45.61287270729698,False,RAL/B_seed5,B,5,gmd_03_high_bpm138.mid,1,1.0
37,13.642533819834517,13.68248267435819,39.948854523673916,7.190069277016495,False,RAL/B_seed5,B,5,gmd_03_high_bpm138.mid,1,1.0
38,13.92217580150023,,,0.0,False,RAL/B_seed5,B,5,gmd_03_high_bpm138.mid,1,1.0
39,14.30168991947513,,,0.0,False,RAL/B_seed5,B,5,gmd_03_high_bpm138.mid,1,1.0
40,14.621280755664518,14.646248789741815,24.968034077296863,15.475844599749774,True,RAL/B_seed5,B,5,gmd_03_high_bpm138.mid,1,1.0
41,14.86097388280656,14.885941916883855,24.968034077295087,25.57747123630484,True,RAL/B_seed5,B,5,gmd_03_high_bpm138.mid,1,1.0
42,15.185558325811407,15.270449641674213,84.89131586280685,3.878810998870838,False,RAL/B_seed5,B,5,gmd_03_high_bpm138.mid,1,1.0
43,15.500155555185337,,,0.0,False,RAL/B_seed5,B,5,gmd_03_high_bpm138.mid,1,1.0
44,15.580053264232683,15.575059657417224,-4.993606815459017,47.71864986114078,True,RAL/B_seed5,B,5,gmd_03_high_bpm138.mid,1,1.0
45,16.064433125332226,16.069426732147683,4.993606815457241,68.65434736167487,True,RAL/B_seed5,B,5,gmd_03_high_bpm138.mid,1,1.0
46,16.379030354706156,16.413985602414368,34.955247708211346,28.430951872310544,False,RAL/B_seed5,B,5,gmd_03_high_bpm138.mid,1,1.0
47,16.59874905458636,16.638697909110032,39.94885452367214,49.59553819391461,False,RAL/B_seed5,B,5,gmd_03_high_bpm138.mid,1,1.0
48,16.898365463513912,,,0.0,False,RAL/B_seed5,B,5,gmd_03_high_bpm138.mid,1,1.0
49,17.237930726965136,,,0.0,False,RAL/B_seed5,B,5,gmd_03_high_bpm138.mid,1,1.0
50,17.317828436012483,17.332809256458862,14.980820446378829,30.948728904080298,True,RAL/B_seed5,B,5,gmd_03_high_bpm138.mid,1,1.0
51,17.797214690296567,17.83216993800478,34.955247708211346,1.4831080050050147,False,RAL/B_seed5,B,5,gmd_03_high_bpm138.mid,1,1.0
52,18.33652422636616,18.371479474074373,34.9552477082149,3.833033234656844,False,RAL/B_seed5,B,5,gmd_03_high_bpm138.mid,1,1.0
53,18.88082736925121,18.89580818969759,14.980820446378829,27.04235969115266,True,RAL/B_seed5,B,5,gmd_03_high_bpm138.mid,1,1.0
54,19.175450171363302,19.220392632702435,44.94246133913293,1.0100711081270717,False,RAL/B_seed5,B,5,gmd_03_high_bpm138.mid,1,1.0
55,19.534989862076365,19.539983468891823,4.993606815457241,69.2036805322428,True,RAL/B_seed5,B,5,gmd_03_high_bpm138.mid,1,1.0
56,19.834606271003917,19.859574305081214,24.968034077296863,6.518662068544575,True,RAL/B_seed5,B,5,gmd_03_high_bpm138.mid,1,1.0
57,20.05931857769958,20.089280218592336,29.961640892754104,36.4878383739738,True,RAL/B_seed5,B,5,gmd_03_high_bpm138.mid,1,1.0
58,20.29401809802616,20.37391580707351,79.89770904734783,4.2908108767967885,False,RAL/B_seed5,B,5,gmd_03_high_bpm138.mid,1,1.0
59,20.93319977040494,20.973148624928612,39.94885452367214,1.8645893734550256,False,RAL/B_seed5,B,5,gmd_03_high_bpm138.mid,1,1.0
60,21.572381442783715,,,0.0,False,RAL/B_seed5,B,5,gmd_03_high_bpm138.mid,1,1.0
61,21.79210014266392,21.812074569925755,19.97442726183607,21.57954649494921,True,RAL/B_seed5,B,5,gmd_03_high_bpm138.mid,1,1.0
62,22.4312818150427,22.461243455935453,29.961640892754104,32.50517288735617,True,RAL/B_seed5,B,5,gmd_03_high_bpm138.mid,1,1.0
63,22.511179524090043,22.556121985429176,44.94246133913293,6.549180578020572,False,RAL/B_seed5,B,5,gmd_03_high_bpm138.mid,1,1.0
64,23.310156614563514,23.35010546908719,39.94885452367569,12.500289925840022,False,RAL/B_seed5,B,5,gmd_03_high_bpm138.mid,1,1.0
65,23.52987531444372,23.564830562151933,34.955247708211346,6.869624927518533,False,RAL/B_seed5,B,5,gmd_03_high_bpm138.mid,1,1.0
66,23.84946615063311,23.869440577894945,19.97442726183607,31.711691640980263,True,RAL/B_seed5,B,5,gmd_03_high_bpm138.mid,1,1.0
67,24.169056986822497,24.20900584134617,39.94885452367214,51.71657460249641,False,RAL/B_seed5,B,5,gmd_03_high_bpm138.mid,1,1.0
68,24.248954695869845,24.248954695869845,0.0,3.756736960966853,True,RAL/B_seed5,B,5,gmd_03_high_bpm138.mid,1,1.0
69,24.728340950153925,24.748315377415764,19.974427261839622,8.19718008972443,True,RAL/B_seed5,B,5,gmd_03_high_bpm138.mid,1,1.0
70,25.067906213605152,25.102861461313367,34.9552477082149,6.793328653828542,False,RAL/B_seed5,B,5,gmd_03_high_bpm138.mid,1,1.0
71,25.287624913485356,25.33256737482449,44.94246133913293,36.07583849604785,False,RAL/B_seed5,B,5,gmd_03_high_bpm138.mid,1,1.0
72,25.826934449554948,25.846908876816787,19.974427261839622,1.5288857692190092,True,RAL/B_seed5,B,5,gmd_03_high_bpm138.mid,1,1.0
73,26.1265508584825,26.151518892559796,24.968034077296863,8.044587542344448,True,RAL/B_seed5,B,5,gmd_03_high_bpm138.mid,1,1.0
74,26.466116121933727,26.486090549195563,19.97442726183607,54.05124057741018,True,RAL/B_seed5,B,5,gmd_03_high_bpm138.mid,1,1.0
75,26.785706958123114,26.830649419462247,44.94246133913293,2.1545152134769907,False,RAL/B_seed5,B,5,gmd_03_high_bpm138.mid,1,1.0
76,27.00542565800332,27.06534893978883,59.92328178551176,37.22028260139777,False,RAL/B_seed5,B,5,gmd_03_high_bpm138.mid,1,1.0
77,27.529754373626535,27.54473519407291,14.980820446375276,13.247993408001932,True,RAL/B_seed5,B,5,gmd_03_high_bpm138.mid,1,1.0
0,0.41947186219174115,0.4744027012882787,54.93083909653757,1.986663411359011,False,RAL/B_seed5,B,5,gmd_03_high_bpm138.mid,2,1.0
1,0.7390694714806868,0.7540506094161061,14.98113793541933,14.16354869228188,True,RAL/B_seed5,B,5,gmd_03_high_bpm138.mid,2,1.0
2,0.958792827866837,1.0436859428342131,84.89311496737616,2.780144657734916,False,RAL/B_seed5,B,5,gmd_03_high_bpm138.mid,2,1.0
3,1.6179628970252873,1.6429314602509861,24.968563225698848,32.04739524521622,True,RAL/B_seed5,B,5,gmd_03_high_bpm138.mid,2,1.0
4,2.157283862700383,2.1722650006358024,14.98113793541922,19.29065828424937,True,RAL/B_seed5,B,5,gmd_03_high_bpm138.mid,2,1.0
5,2.496856322569888,2.5318123110858664,34.955988515978476,3.298959318826853,False,RAL/B_seed5,B,5,gmd_03_high_bpm138.mid,2,1.0
6,2.696604828375479,2.7565293801171564,59.92455174167732,15.872585222937726,False,RAL/B_seed5,B,5,gmd_03_high_bpm138.mid,2,1.0
7,3.0162024376644245,,,0.0,False,RAL/B_seed5,B,5,gmd_03_high_bpm138.mid,2,1.0
8,3.355774897533929,3.410705736630467,54.93083909653773,1.2999969481490368,False,RAL/B_seed5,B,5,gmd_03_high_bpm138.mid,2,1.0
9,3.475624001017284,3.4606428630818646,-14.98113793541922,1.238959929197044,True,RAL/B_seed5,B,5,gmd_03_high_bpm138.mid,2,1.0
10,4.194718621917412,4.239662035723669,44.94341380625766,35.40443128757593,False,RAL/B_seed5,B,5,gmd_03_high_bpm138.mid,2,1.0
11,4.434416828884121,4.4743665300452395,39.94970116111851,4.44340342417677,False,RAL/B_seed5,B,5,gmd_03_high_bpm138.mid,2,1.0
12,4.9737377945592165,4.988718932494636,14.98113793541922,1.605182042909,True,RAL/B_seed5,B,5,gmd_03_high_bpm138.mid,2,1.0
13,5.273360553267604,,,0.0,False,RAL/B_seed5,B,5,gmd_03_high_bpm138.mid,2,1.0
14,5.612933013137108,5.667863852233645,54.93083909653684,28.55302591021453,False,RAL/B_seed5,B,5,gmd_03_high_bpm138.mid,2,1.0
15,5.912555771845494,5.932530622426054,19.974850580559256,24.44828638569292,True,RAL/B_seed5,B,5,gmd_03_high_bpm138.mid,2,1.0
16,6.152253978812204,,,0.0,False,RAL/B_seed5,B,5,gmd_03_high_bpm138.mid,2,1.0
17,6.691574944487299,6.701562369777579,9.987425290280072,7.327402569658478,True,RAL/B_seed5,B,5,gmd_03_high_bpm138.mid,2,1.0
18,6.991197703195686,7.016166266421385,24.968563225698404,79.64101077303383,True,RAL/B_seed5,B,5,gmd_03_high_bpm138.mid,2,1.0
19,7.35074501364575,7.430644415967986,79.89940232223614,1.1779229102450517,False,RAL/B_seed5,B,5,gmd_03_high_bpm138.mid,2,1.0
20,7.690317473515255,7.780204301127771,89.88682761251621,7.983550523392456,False,RAL/B_seed5,B,5,gmd_03_high_bpm138.mid,2,1.0
21,7.930015680481964,7.949990531062523,19.974850580559256,30.551988280892346,True,RAL/B_seed5,B,5,gmd_03_high_bpm138.mid,2,1.0
22,8.209663588609791,8.24461957712577,34.955988515978476,6.793328653828542,False,RAL/B_seed5,B,5,gmd_03_high_bpm138.mid,2,1.0
23,8.549236048479296,,,0.0,False,RAL/B_seed5,B,5,gmd_03_high_bpm138.mid,2,1.0
24,8.649110301382091,8.599173174930694,-49.93712645139681,30.475692007202355,False,RAL/B_seed5,B,5,gmd_03_high_bpm138.mid,2,1.0
25,9.113525577380091,9.108531864734951,-4.993712645140036,9.005920590838333,True,RAL/B_seed5,B,5,gmd_03_high_bpm138.mid,2,1.0
26,9.408154623443338,9.453098037249596,44.94341380625855,10.37925351725822,False,RAL/B_seed5,B,5,gmd_03_high_bpm138.mid,2,1.0
27,9.667827680990605,9.697789956861445,29.962275870840216,47.5965758232368,True,RAL/B_seed5,B,5,gmd_03_high_bpm138.mid,2,1.0
28,9.987425290279552,10.03736241673095,49.93712645139858,14.606067079683823,False,RAL/B_seed5,B,5,gmd_03_high_bpm138.mid,2,1.0
29,10.307022899568498,10.331991462794196,24.968563225698404,41.53865169225136,True,RAL/B_seed5,B,5,gmd_03_high_bpm138.mid,2,1.0
30,10.866318715824152,10.881299853759572,14.981137935420108,53.303537095248274,True,RAL/B_seed5,B,5,gmd_03_high_bpm138.mid,2,1.0
31,11.190910037758238,11.240847164209635,49.93712645139681,18.359843745231483,False,RAL/B_seed5,B,5,gmd_03_high_bpm138.mid,2,1.0
32,11.405639681499247,11.460570520595786,54.93083909653862,23.822656941434992,False,RAL/B_seed5,B,5,gmd_03_high_bpm138.mid,2,1.0
33,11.944960647174344,11.999891486270881,54.93083909653684,2.673329874568928,False,RAL/B_seed5,B,5,gmd_03_high_bpm138.mid,2,1.0
34,12.24458340588273,12.279539394398709,34.955988515978476,1.696737571336989,False,RAL/B_seed5,B,5,gmd_03_high_bpm138.mid,2,1.0
35,12.584155865752235,12.594143291042515,9.987425290280072,5.633625293740627,True,RAL/B_seed5,B,5,gmd_03_high_bpm138.mid,2,1.0
36,12.883778624460621,12.91374090033146,29.96227587083844,32.779839472640134,True,RAL/B_seed5,B,5,gmd_03_high_bpm138.mid,2,1.0
37,13.642822946521868,13.672785222392706,29.96227587083844,27.9731742301706,True,RAL/B_seed5,B,5,gmd_03_high_bpm138.mid,2,1.0
38,13.922470854649696,13.957426843165674,34.955988515978476,6.991698965422518,False,RAL/B_seed5,B,5,gmd_03_high_bpm138.mid,2,1.0
39,14.301993015680317,14.326961578906017,24.96856322570018,37.12872707296978,True,RAL/B_seed5,B,5,gmd_03_high_bpm138.mid,2,1.0
40,14.621590624969263,14.641565475549823,19.974850580560144,16.00991851557971,True,RAL/B_seed5,B,5,gmd_03_high_bpm138.mid,2,1.0
41,14.861288831935973,14.881263682516531,19.974850580558368,45.490798669392994,True,RAL/B_seed5,B,5,gmd_03_high_bpm138.mid,2,1.0
42,15.185880153870059,15.215842429740897,29.96227587083844,3.161626026184869,True,RAL/B_seed5,B,5,gmd_03_high_bpm138.mid,2,1.0
43,15.500484050513863,15.620333153997219,119.84910348335553,3.634662923062813,False,RAL/B_seed5,B,5,gmd_03_high_bpm138.mid,2,1.0
44,15.5803834528361,15.550421176965262,-29.96227587083844,1.1016266365550609,True,RAL/B_seed5,B,5,gmd_03_high_bpm138.mid,2,1.0
45,16.06477357941466,16.119704418511198,54.93083909653862,1.4373302407910202,False,RAL/B_seed5,B,5,gmd_03_high_bpm138.mid,2,1.0
46,16.379377476058465,16.434308315155,54.93083909653507,18.63451033051545,False,RAL/B_seed5,B,5,gmd_03_high_bpm138.mid,2,1.0
47,16.599100832444616,16.659025384186293,59.92455174167688,8.303994872890417,False,RAL/B_seed5,B,5,gmd_03_high_bpm138.mid,2,1.0
48,16.898723591153,16.958648142894678,59.92455174167688,2.368144779808965,False,RAL/B_seed5,B,5,gmd_03_high_bpm138.mid,2,1.0
49,17.238296051022505,,,0.0,False,RAL/B_seed5,B,5,gmd_03_high_bpm138.mid,2,1.0
50,17.318195453344742,17.308208028054462,-9.987425290280072,4.901181066316715,True,RAL/B_seed5,B,5,gmd_03_high_bpm138.mid,2,1.0
51,17.79759186727816,17.827554143149,29.962275870840216,49.91598254341257,True,RAL/B_seed5,B,5,gmd_03_high_bpm138.mid,2,1.0
52,18.336912832953256,18.361881396178955,24.968563225698404,37.7696157719657,True,RAL/B_seed5,B,5,gmd_03_high_bpm138.mid,2,1.0
53,18.881227511273494,18.93116463772489,49.93712645139681,12.698660237433998,False,RAL/B_seed5,B,5,gmd_03_high_bpm138.mid,2,1.0
54,19.17585655733674,19.205818833207577,29.962275870836663,41.44709616382337,True,RAL/B_seed5,B,5,gmd_03_high_bpm138.mid,2,1.0
55,19.5354038677868,19.540397580431943,4.993712645141812,3.375255592516844,True,RAL/B_seed5,B,5,gmd_03_high_bpm138.mid,2,1.0
56,19.83502662649519,19.86498890236603,29.962275870840216,40.51628162480542,True,RAL/B_seed5,B,5,gmd_03_high_bpm138.mid,2,1.0
57,20.05974369552648,20.08970597139732,29.962275870840216,40.07376323740348,True,RAL/B_seed5,B,5,gmd_03_high_bpm138.mid,2,1.0
58,20.294448189848048,20.344385316299448,49.93712645140036,29.636432996612456,False,RAL/B_seed5,B,5,gmd_03_high_bpm138.mid,2,1.0
59,20.93364340842594,21.003555385457897,69.91197703195695,11.29480880153811,False,RAL/B_seed5,B,5,gmd_03_high_bpm138.mid,2,1.0
60,21.572838627003833,21.59780719022953,24.968563225698404,30.582506790368345,True,RAL/B_seed5,B,5,gmd_03_high_bpm138.mid,2,1.0
61,21.79256198338998,21.852486535131657,59.92455174167688,5.9693288979766415,False,RAL/B_seed5,B,5,gmd_03_high_bpm138.mid,2,1.0
62,22.431757201967873,22.461719477838713,29.962275870840216,37.47968993194374,True,RAL/B_seed5,B,5,gmd_03_high_bpm138.mid,2,1.0
63,22.51165660429011,,,0.0,False,RAL/B_seed5,B,5,gmd_03_high_bpm138.mid,2,1.0
64,23.310650627512473,23.37057517925415,59.92455174167688,1.2542191839350425,False,RAL/B_seed5,B,5,gmd_03_high_bpm138.mid,2,1.0
65,23.530373983898624,23.555342547124322,24.968563225698404,62.65746024964143,True,RAL/B_seed5,B,5,gmd_03_high_bpm138.mid,2,1.0
66,23.84997159318757,,,0.0,False,RAL/B_seed5,B,5,gmd_03_high_bpm138.mid,2,1.0
67,24.169569202476517,24.20452519099249,34.95598851597492,38.85302285836362,False,RAL/B_seed5,B,5,gmd_03_high_bpm138.mid,2,1.0
68,24.24946860479875,,,0.0,False,RAL/B_seed5,B,5,gmd_03_high_bpm138.mid,2,1.0
69,24.72886501873217,24.77880214518357,49.93712645140036,47.33716849269083,False,RAL/B_seed5,B,5,gmd_03_high_bpm138.mid,2,1.0
70,25.068437478601673,,,0.0,False,RAL/B_seed5,B,5,gmd_03_high_bpm138.mid,2,1.0
71,25.288160834987824,25.3480853867295,59.92455174167688,11.004882961516143,False,RAL/B_seed5,B,5,gmd_03_high_bpm138.mid,2,1.0
72,25.82748180066292,25.842462938598338,14.981137935418332,49.6260567033906,True,RAL/B_seed5,B,5,gmd_03_high_bpm138.mid,2,1.0
73,26.127104559371308,26.167054260532424,39.949701161116735,2.3986632892849613,False,RAL/B_seed5,B,5,gmd_03_high_bpm138.mid,2,1.0
74,26.466677019240812,26.486651869821372,19.974850580560144,61.77242347483748,True,RAL/B_seed5,B,5,gmd_03_high_bpm138.mid,2,1.0
75,26.786274628529757,26.816236904400597,29.962275870840216,1.4373302407910202,True,RAL/B_seed5,B,5,gmd_03_high_bpm138.mid,2,1.0
76,27.005997984915908,27.040953973431886,34.955988515978476,35.953764458143866,False,RAL/B_seed5,B,5,gmd_03_high_bpm138.mid,2,1.0
77,27.530337812655585,,,0.0,False,RAL/B_seed5,B,5,gmd_03_high_bpm138.mid,2,1.0
0,0.41947008263410807,0.5043628374529157,84.89275481880759,2.474959562974952,False,RAL/B_seed5,B,5,gmd_03_high_bpm138.mid,3,1.0
1,0.7390663360696189,,,0.0,False,RAL/B_seed5,B,5,gmd_03_high_bpm138.mid,3,1.0
2,0.9587887603065327,1.0586625895051298,99.87382919859711,14.40769676808985,False,RAL/B_seed5,B,5,gmd_03_high_bpm138.mid,3,1.0
3,1.617956033017274,1.6628992561566427,44.94322313936871,1.2694784386730404,False,RAL/B_seed5,B,5,gmd_03_high_bpm138.mid,3,1.0
4,2.157274710689699,2.212205316748927,54.93060605922828,41.965910824915305,False,RAL/B_seed5,B,5,gmd_03_high_bpm138.mid,3,1.0
5,2.496845729964929,2.5367952616443676,39.94953167943871,37.87643055513169,False,RAL/B_seed5,B,5,gmd_03_high_bpm138.mid,3,1.0
6,2.6965933883621234,2.786479834640861,89.88644627873742,1.8645893734550256,False,RAL/B_seed5,B,5,gmd_03_high_bpm138.mid,3,1.0
7,3.016189641797634,3.0761139393167922,59.92429751915829,26.615100558488717,False,RAL/B_seed5,B,5,gmd_03_high_bpm138.mid,3,1.0
8,3.3557606610728645,,,0.0,False,RAL/B_seed5,B,5,gmd_03_high_bpm138.mid,3,1.0
9,3.475609256111181,3.4256723415118824,-49.93691459929872,4.412884914700774,False,RAL/B_seed5,B,5,gmd_03_high_bpm138.mid,3,1.0
10,4.194700826341081,,,0.0,False,RAL/B_seed5,B,5,gmd_03_high_bpm138.mid,3,1.0
11,4.434398016417714,4.539265537076241,104.86752065852656,19.0312509537034,False,RAL/B_seed5,B,5,gmd_03_high_bpm138.mid,3,1.0
12,4.973716694090139,5.028647300149367,54.93060605922828,5.297921689504667,False,RAL/B_seed5,B,5,gmd_03_high_bpm138.mid,3,1.0
13,5.27333818168593,5.3382561706650185,64.91798897908829,1.5746635334330037,False,RAL/B_seed5,B,5,gmd_03_high_bpm138.mid,3,1.0
14,5.61290920096116,5.682820881400178,69.9116804390183,34.45835749381999,False,RAL/B_seed5,B,5,gmd_03_high_bpm138.mid,3,1.0
15,5.912530688556951,5.97245498607611,59.92429751915829,24.555101168858904,False,RAL/B_seed5,B,5,gmd_03_high_bpm138.mid,3,1.0
16,6.1522278786335844,6.202164793232884,49.936914599299165,26.706656086916706,False,RAL/B_seed5,B,5,gmd_03_high_bpm138.mid,3,1.0
17,6.69154655630601,6.736489779445378,44.94322313936827,35.35865352336194,False,RAL/B_seed5,B,5,gmd_03_high_bpm138.mid,3,1.0
18,6.991168043901801,7.061079724340819,69.9116804390174,25.79110080263681,False,RAL/B_seed5,B,5,gmd_03_high_bpm138.mid,3,1.0
19,7.350713829016751,7.445593966755418,94.88013773866655,1.7577745902890385,False,RAL/B_seed5,B,5,gmd_03_high_bpm138.mid,3,1.0
20,7.690284848291981,7.750209145811139,59.92429751915829,41.85909604174932,False,RAL/B_seed5,B,5,gmd_03_high_bpm138.mid,3,1.0
21,7.929982038368614,7.795152368950508,-134.8296694181057,1.1779229102450517,False,RAL/B_seed5,B,5,gmd_03_high_bpm138.mid,3,1.0
22,8.209628760124687,8.269553057643845,59.92429751915829,25.39436017944886,False,RAL/B_seed5,B,5,gmd_03_high_bpm138.mid,3,1.0
23,8.549199779399917,,,0.0,False,RAL/B_seed5,B,5,gmd_03_high_bpm138.mid,3,1.0
24,8.649073608598513,8.669048374438233,19.97476583972002,12.576586199530013,True,RAL/B_seed5,B,5,gmd_03_high_bpm138.mid,3,1.0
25,9.113486914371991,9.183398594811008,69.91168043901652,9.52473525193027,False,RAL/B_seed5,B,5,gmd_03_high_bpm138.mid,3,1.0
26,9.408114710507853,9.49800115678659,89.88644627873654,1.7425153355510403,False,RAL/B_seed5,B,5,gmd_03_high_bpm138.mid,3,1.0
27,9.667786666424204,9.732704655403293,64.91798897908829,22.250953703421125,False,RAL/B_seed5,B,5,gmd_03_high_bpm138.mid,3,1.0
28,9.987382919859716,10.042313525918944,54.93060605922828,2.24607074190498,False,RAL/B_seed5,B,5,gmd_03_high_bpm138.mid,3,1.0
29,10.306979173295227,10.376890853734245,69.9116804390183,28.766655476546504,False,RAL/B_seed5,B,5,gmd_03_high_bpm138.mid,3,1.0
30,10.86627261680737,10.941177988706318,74.9053718989483,26.81347087008269,False,RAL/B_seed5,B,5,gmd_03_high_bpm138.mid,3,1.0
31,11.190862561702811,11.26077424214183,69.9116804390183,31.696432386242265,False,RAL/B_seed5,B,5,gmd_03_high_bpm138.mid,3,1.0
32,11.405591294479795,11.485490357838673,79.89906335887831,27.530655842768653,False,RAL/B_seed5,B,5,gmd_03_high_bpm138.mid,3,1.0
33,11.94490997215222,11.99484688675152,49.93691459930005,2.200292977690985,False,RAL/B_seed5,B,5,gmd_03_high_bpm138.mid,3,1.0
34,12.24453145974801,,,0.0,False,RAL/B_seed5,B,5,gmd_03_high_bpm138.mid,3,1.0
35,12.584102479023242,12.64902046800233,64.91798897908829,1.803552354503033,False,RAL/B_seed5,B,5,gmd_03_high_bpm138.mid,3,1.0
36,12.883723966619034,12.938654572678262,54.93060605922828,29.560136722922465,False,RAL/B_seed5,B,5,gmd_03_high_bpm138.mid,3,1.0
37,13.642765068528371,13.72266413188725,79.89906335887831,20.541917172765277,False,RAL/B_seed5,B,5,gmd_03_high_bpm138.mid,3,1.0
38,13.922411790284444,13.977342396343673,54.93060605922828,60.07864619891963,False,RAL/B_seed5,B,5,gmd_03_high_bpm138.mid,3,1.0
39,14.301932341239112,14.36185663875827,59.92429751915829,56.12649922177799,False,RAL/B_seed5,B,5,gmd_03_high_bpm138.mid,3,1.0
40,14.621528594674624,14.706421349493432,84.89275481880831,5.572588274788634,False,RAL/B_seed5,B,5,gmd_03_high_bpm138.mid,3,1.0
41,14.861225784751257,,,0.0,False,RAL/B_seed5,B,5,gmd_03_high_bpm138.mid,3,1.0
42,15.185815729646698,15.245740027165857,59.92429751915829,2.0629596850490017,False,RAL/B_seed5,B,5,gmd_03_high_bpm138.mid,3,1.0
43,15.500418291622278,,,0.0,False,RAL/B_seed5,B,5,gmd_03_high_bpm138.mid,3,1.0
44,15.580317354981156,15.580317354981156,0.0,4.870662556840719,True,RAL/B_seed5,B,5,gmd_03_high_bpm138.mid,3,1.0
45,16.06470542659435,,,0.0,False,RAL/B_seed5,B,5,gmd_03_high_bpm138.mid,3,1.0
46,16.379307988569934,16.46420074338874,84.89275481880654,19.794213690603364,False,RAL/B_seed5,B,5,gmd_03_high_bpm138.mid,3,1.0
47,16.599030412806847,16.683923167625654,84.89275481880654,19.717917416913373,False,RAL/B_seed5,B,5,gmd_03_high_bpm138.mid,3,1.0
48,16.89865190040264,16.953582506461867,54.930606059226506,45.20087282937103,False,RAL/B_seed5,B,5,gmd_03_high_bpm138.mid,3,1.0
49,17.23822291967787,,,0.0,False,RAL/B_seed5,B,5,gmd_03_high_bpm138.mid,3,1.0
50,17.318121983036747,17.318121983036747,0.0,40.165318765831465,True,RAL/B_seed5,B,5,gmd_03_high_bpm138.mid,3,1.0
51,17.797516363190013,17.86742804362903,69.91168043901652,6.73229163487655,False,RAL/B_seed5,B,5,gmd_03_high_bpm138.mid,3,1.0
52,18.33683504086244,18.421727795681246,84.89275481880654,1.1016266365550609,False,RAL/B_seed5,B,5,gmd_03_high_bpm138.mid,3,1.0
53,18.881147409994792,18.926090633134162,44.94322313937005,25.44013794366285,False,RAL/B_seed5,B,5,gmd_03_high_bpm138.mid,3,1.0
54,19.175775206130655,19.260667960949462,84.89275481880654,1.91036713766902,False,RAL/B_seed5,B,5,gmd_03_high_bpm138.mid,3,1.0
55,19.535320991245605,19.56528314000518,29.96214875957648,32.58146916104616,True,RAL/B_seed5,B,5,gmd_03_high_bpm138.mid,3,1.0
56,19.834942478841395,,,0.0,False,RAL/B_seed5,B,5,gmd_03_high_bpm138.mid,3,1.0
57,20.059658594538238,20.134563966437188,74.90537189895008,1.0253303628650698,False,RAL/B_seed5,B,5,gmd_03_high_bpm138.mid,3,1.0
58,20.29436209315494,20.38424853943368,89.8864462787401,21.930509353923163,False,RAL/B_seed5,B,5,gmd_03_high_bpm138.mid,3,1.0
59,20.933554600025964,20.99847258900505,64.91798897908652,4.77910702841273,False,RAL/B_seed5,B,5,gmd_03_high_bpm138.mid,3,1.0
60,21.572747106896987,,,0.0,False,RAL/B_seed5,B,5,gmd_03_high_bpm138.mid,3,1.0
61,21.7924695311339,21.877362285952707,84.89275481880654,7.190069277016495,False,RAL/B_seed5,B,5,gmd_03_high_bpm138.mid,3,1.0
62,22.431662038004923,,,0.0,False,RAL/B_seed5,B,5,gmd_03_high_bpm138.mid,3,1.0
63,22.5115611013638,,,0.0,False,RAL/B_seed5,B,5,gmd_03_high_bpm138.mid,3,1.0
64,23.310551734952575,23.365482341011806,54.93060605923006,34.67198706015196,False,RAL/B_seed5,B,5,gmd_03_high_bpm138.mid,3,1.0
65,23.53027415918949,23.58520476524872,54.93060605923006,34.71776482436596,False,RAL/B_seed5,B,5,gmd_03_high_bpm138.mid,3,1.0
66,23.849870412625002,23.90480101868423,54.930606059226506,8.410809656056404,False,RAL/B_seed5,B,5,gmd_03_high_bpm138.mid,3,1.0
67,24.16946666606051,24.279327878178968,109.86121211845656,2.24607074190498,False,RAL/B_seed5,B,5,gmd_03_high_bpm138.mid,3,1.0
68,24.249365729419388,24.22439727211974,-24.968457299646474,37.32709738456376,True,RAL/B_seed5,B,5,gmd_03_high_bpm138.mid,3,1.0
69,24.728760109572654,24.793678098551744,64.91798897909007,30.963988158818296,False,RAL/B_seed5,B,5,gmd_03_high_bpm138.mid,3,1.0
70,25.068331128847888,25.133249117826974,64.91798897908652,4.931699575792711,False,RAL/B_seed5,B,5,gmd_03_high_bpm138.mid,3,1.0
71,25.2880535530848,25.357965233523817,69.91168043901652,1.6357005523849963,False,RAL/B_seed5,B,5,gmd_03_high_bpm138.mid,3,1.0
72,25.827372230757224,25.877309145356524,49.93691459930005,48.35953856013671,False,RAL/B_seed5,B,5,gmd_03_high_bpm138.mid,3,1.0
73,26.126993718353017,26.181924324412243,54.930606059226506,9.478957487716276,False,RAL/B_seed5,B,5,gmd_03_high_bpm138.mid,3,1.0
74,26.466564737628246,26.526489035147407,59.92429751916006,2.0324411755730054,False,RAL/B_seed5,B,5,gmd_03_high_bpm138.mid,3,1.0
75,26.786160991063756,26.846085288582916,59.92429751916006,40.45524460585343,False,RAL/B_seed5,B,5,gmd_03_high_bpm138.mid,3,1.0
76,27.005883415300673,,,0.0,False,RAL/B_seed5,B,5,gmd_03_high_bpm138.mid,3,1.0
77,27.530221018593306,27.560183167352886,29.96214875958003,43.70546586504715,True,RAL/B_seed5,B,5,gmd_03_high_bpm138.mid,3,1.0
0,0.4194727476981742,0.47440370275388755,54.930955055713326,17.97836237678153,False,RAL/E_seed1,E,1,gmd_03_high_bpm138.mid,1,1.0
1,0.7390710316586879,0.8039894330881673,64.91840142947936,24.08206427198096,False,RAL/E_seed1,E,1,gmd_03_high_bpm138.mid,1,1.0
2,0.9587948518815411,,,0.0,False,RAL/E_seed1,E,1,gmd_03_high_bpm138.mid,1,1.0
3,1.6179663125501007,1.702859606727112,84.8932941770113,26.187841425824764,False,RAL/E_seed1,E,1,gmd_03_high_bpm138.mid,1,1.0
4,2.1572884167334676,2.087376292117105,-69.91212461636253,38.85302285836362,False,RAL/E_seed1,E,1,gmd_03_high_bpm138.mid,1,1.0
5,2.4968615934415133,2.5517925484972266,54.930955055713326,35.02294991912598,False,RAL/E_seed1,E,1,gmd_03_high_bpm138.mid,1,1.0
6,2.6966105209168343,2.781503815093846,84.89329417701174,24.814508499404877,False,RAL/E_seed1,E,1,gmd_03_high_bpm138.mid,1,1.0
7,3.016208804877348,3.1011020990543594,84.8932941770113,8.990661336100334,False,RAL/E_seed1,E,1,gmd_03_high_bpm138.mid,1,1.0
8,3.3557819815853938,3.385744320706692,29.96233912129842,8.807550279244357,True,RAL/E_seed1,E,1,gmd_03_high_bpm138.mid,1,1.0
9,3.4756313380705866,,,0.0,False,RAL/E_seed1,E,1,gmd_03_high_bpm138.mid,1,1.0
10,4.194727476981742,4.209708646542391,14.981169560648766,2.9785149693288915,True,RAL/E_seed1,E,1,gmd_03_high_bpm138.mid,1,1.0
11,4.434426189952128,4.514325760942256,79.89957099012824,3.161626026184869,False,RAL/E_seed1,E,1,gmd_03_high_bpm138.mid,1,1.0
12,4.973748294135494,4.913823615892898,-59.92467824259595,39.26502273628957,False,RAL/E_seed1,E,1,gmd_03_high_bpm138.mid,1,1.0
13,5.273371685348476,5.31332147084354,39.94978549506456,3.4668111209448327,False,RAL/E_seed1,E,1,gmd_03_high_bpm138.mid,1,1.0
14,5.612944862056522,5.652894647551586,39.94978549506456,47.199835200048845,False,RAL/E_seed1,E,1,gmd_03_high_bpm138.mid,1,1.0
15,5.912568253269503,5.9724929315121,59.92467824259684,8.899105807672345,False,RAL/E_seed1,E,1,gmd_03_high_bpm138.mid,1,1.0
16,6.152266966239889,6.207197921295602,54.930955055713326,9.570513016144318,False,RAL/E_seed1,E,1,gmd_03_high_bpm138.mid,1,1.0
17,6.691589070423256,6.7465200254789695,54.930955055713326,3.131107516708873,False,RAL/E_seed1,E,1,gmd_03_high_bpm138.mid,1,1.0
18,6.991212461636238,,,0.0,False,RAL/E_seed1,E,1,gmd_03_high_bpm138.mid,1,1.0
19,7.350760531091815,7.420672655708177,69.91212461636209,7.4799951170384595,False,RAL/E_seed1,E,1,gmd_03_high_bpm138.mid,1,1.0
20,7.690333707799861,7.7103086005473935,19.97489274753228,43.03405865657523,True,RAL/E_seed1,E,1,gmd_03_high_bpm138.mid,1,1.0
21,7.930032420770246,7.979969652639077,49.9372318688307,41.798059022797325,False,RAL/E_seed1,E,1,gmd_03_high_bpm138.mid,1,1.0
22,8.209680919235696,8.284586767038942,74.9058478032456,24.78398998992888,False,RAL/E_seed1,E,1,gmd_03_high_bpm138.mid,1,1.0
23,8.549254095943741,8.584210158251922,34.956062308181046,4.2908108767967885,False,RAL/E_seed1,E,1,gmd_03_high_bpm138.mid,1,1.0
24,8.649128559681403,8.674097175615817,24.968615934414018,1.4525894955290184,True,RAL/E_seed1,E,1,gmd_03_high_bpm138.mid,1,1.0
25,9.113544816061523,9.068601307379577,-44.9435086819463,3.939848017822831,False,RAL/E_seed1,E,1,gmd_03_high_bpm138.mid,1,1.0
26,9.408174484087622,9.45311799276957,44.943508681948074,50.35850093081452,False,RAL/E_seed1,E,1,gmd_03_high_bpm138.mid,1,1.0
27,9.66784808980554,9.752741383982551,84.89329417701086,1.2847376934110386,False,RAL/E_seed1,E,1,gmd_03_high_bpm138.mid,1,1.0
28,9.987446373766053,10.037383605634883,49.93723186882981,71.2941984313486,False,RAL/E_seed1,E,1,gmd_03_high_bpm138.mid,1,1.0
29,10.307044657726568,10.337006996847865,29.962339121297532,27.65272988067264,True,RAL/E_seed1,E,1,gmd_03_high_bpm138.mid,1,1.0
30,10.866341654657466,10.951234948834477,84.89329417701086,31.864284188360244,False,RAL/E_seed1,E,1,gmd_03_high_bpm138.mid,1,1.0
31,11.190933661804863,11.240870893673693,49.93723186882981,7.953032013916459,False,RAL/E_seed1,E,1,gmd_03_high_bpm138.mid,1,1.0
32,11.405663758840833,11.475575883457195,69.91212461636209,4.3823664052247775,False,RAL/E_seed1,E,1,gmd_03_high_bpm138.mid,1,1.0
33,11.9449858630242,11.875073738407837,-69.91212461636387,42.39316995757925,False,RAL/E_seed1,E,1,gmd_03_high_bpm138.mid,1,1.0
34,12.244609254237181,12.279565316545362,34.956062308181046,32.88665425580612,False,RAL/E_seed1,E,1,gmd_03_high_bpm138.mid,1,1.0
35,12.584182430945226,12.65409455556159,69.91212461636387,18.863399151585423,False,RAL/E_seed1,E,1,gmd_03_high_bpm138.mid,1,1.0
36,12.883805822158209,12.963705393148338,79.89957099012912,3.9245887630848326,False,RAL/E_seed1,E,1,gmd_03_high_bpm138.mid,1,1.0
37,13.642851746564428,13.647845469751312,4.993723186883514,38.31894894253364,True,RAL/E_seed1,E,1,gmd_03_high_bpm138.mid,1,1.0
38,13.922500245029878,14.012387262393773,89.88701736389437,2.459700308236954,False,RAL/E_seed1,E,1,gmd_03_high_bpm138.mid,1,1.0
39,14.302023207232988,14.37193533184935,69.91212461636209,2.1392559587389925,False,RAL/E_seed1,E,1,gmd_03_high_bpm138.mid,1,1.0
40,14.621621491193503,14.661571276688566,39.949785495062784,35.84694967497788,False,RAL/E_seed1,E,1,gmd_03_high_bpm138.mid,1,1.0
41,14.861320204163887,14.911257436032718,49.93723186883159,4.1992553483688,False,RAL/E_seed1,E,1,gmd_03_high_bpm138.mid,1,1.0
42,15.185912211311285,15.210880827245699,24.968615934414018,41.81331827753532,True,RAL/E_seed1,E,1,gmd_03_high_bpm138.mid,1,1.0
43,15.500516772084914,15.520491664832447,19.97489274753228,12.19510483108006,True,RAL/E_seed1,E,1,gmd_03_high_bpm138.mid,1,1.0
44,15.580416343075044,15.57542261988816,-4.993723186883514,6.8238471633045386,True,RAL/E_seed1,E,1,gmd_03_high_bpm138.mid,1,1.0
45,16.064807492202696,16.059813769015815,-4.993723186881738,2.5207373271889466,True,RAL/E_seed1,E,1,gmd_03_high_bpm138.mid,1,1.0
46,16.379412052976328,,,0.0,False,RAL/E_seed1,E,1,gmd_03_high_bpm138.mid,1,1.0
47,16.59913587319918,,,0.0,False,RAL/E_seed1,E,1,gmd_03_high_bpm138.mid,1,1.0
48,16.898759264412163,16.94869649628099,49.937231868828036,78.89330729087192,False,RAL/E_seed1,E,1,gmd_03_high_bpm138.mid,1,1.0
49,17.238332441120207,,,0.0,False,RAL/E_seed1,E,1,gmd_03_high_bpm138.mid,1,1.0
50,17.318232012110336,17.29326339617592,-24.968615934415794,33.75643177587207,True,RAL/E_seed1,E,1,gmd_03_high_bpm138.mid,1,1.0
51,17.797629438051107,17.80262316123799,4.993723186881738,4.428144169438772,True,RAL/E_seed1,E,1,gmd_03_high_bpm138.mid,1,1.0
52,18.336951542234473,18.416851113224602,79.89957099012912,22.05258339182715,False,RAL/E_seed1,E,1,gmd_03_high_bpm138.mid,1,1.0
53,18.881267369604725,18.811355244988363,-69.91212461636209,22.754509109775064,False,RAL/E_seed1,E,1,gmd_03_high_bpm138.mid,1,1.0
54,19.175897037630822,19.225834269499654,49.93723186883159,59.08679464094975,False,RAL/E_seed1,E,1,gmd_03_high_bpm138.mid,1,1.0
55,19.5354451070864,19.58038861576835,44.94350868194985,33.817468794824066,False,RAL/E_seed1,E,1,gmd_03_high_bpm138.mid,1,1.0
56,19.835068498299382,19.870024560607565,34.95606230818282,44.37687307351907,False,RAL/E_seed1,E,1,gmd_03_high_bpm138.mid,1,1.0
57,20.059786041709117,20.12969816632548,69.91212461636209,1.727256080812985,False,RAL/E_seed1,E,1,gmd_03_high_bpm138.mid,1,1.0
58,20.29449103149262,20.3594094329221,64.91840142948035,41.2182073427534,False,RAL/E_seed1,E,1,gmd_03_high_bpm138.mid,1,1.0
59,20.93368759941365,20.983624831282476,49.937231868828036,56.59953611865599,False,RAL/E_seed1,E,1,gmd_03_high_bpm138.mid,1,1.0
60,21.572884167334674,21.632808845577273,59.92467824259862,13.00384533219396,False,RAL/E_seed1,E,1,gmd_03_high_bpm138.mid,1,1.0
61,21.792607987557528,21.852532665800126,59.92467824259862,2.474959562974952,False,RAL/E_seed1,E,1,gmd_03_high_bpm138.mid,1,1.0
62,22.431804555478557,22.346911261301543,-84.89329417701441,2.551255836664943,False,RAL/E_seed1,E,1,gmd_03_high_bpm138.mid,1,1.0
63,22.511704126468683,22.511704126468683,0.0,36.701467940305776,True,RAL/E_seed1,E,1,gmd_03_high_bpm138.mid,1,1.0
64,23.31069983636997,23.28073749724867,-29.962339121301085,10.928586687826154,True,RAL/E_seed1,E,1,gmd_03_high_bpm138.mid,1,1.0
65,23.53042365659282,23.59034833483542,59.92467824259862,21.6558427686392,False,RAL/E_seed1,E,1,gmd_03_high_bpm138.mid,1,1.0
66,23.850021940553336,23.8899717260484,39.94978549506456,5.938810388500645,False,RAL/E_seed1,E,1,gmd_03_high_bpm138.mid,1,1.0
67,24.16962022451385,24.184601394074498,14.981169560648766,31.81850642414625,True,RAL/E_seed1,E,1,gmd_03_high_bpm138.mid,1,1.0
68,24.24951979550398,24.24951979550398,0.0,10.592883083590197,True,RAL/E_seed1,E,1,gmd_03_high_bpm138.mid,1,1.0
69,24.72891722144475,24.788841899687345,59.924678242595064,18.191991943113504,False,RAL/E_seed1,E,1,gmd_03_high_bpm138.mid,1,1.0
70,25.068490398152793,25.118427630021625,49.93723186883159,38.71568956572159,False,RAL/E_seed1,E,1,gmd_03_high_bpm138.mid,1,1.0
71,25.288214218375646,25.34314517343136,54.930955055713326,38.74620807519759,False,RAL/E_seed1,E,1,gmd_03_high_bpm138.mid,1,1.0
72,25.827536322559013,25.792580260250833,-34.95606230817927,1.3762932218390276,False,RAL/E_seed1,E,1,gmd_03_high_bpm138.mid,1,1.0
73,26.127159713771995,26.162115776080178,34.95606230818282,22.96813867610704,False,RAL/E_seed1,E,1,gmd_03_high_bpm138.mid,1,1.0
74,26.466732890480042,26.521663845535755,54.930955055713326,44.84990997039707,False,RAL/E_seed1,E,1,gmd_03_high_bpm138.mid,1,1.0
75,26.786331174440555,26.84126212949627,54.930955055713326,21.28962065492724,False,RAL/E_seed1,E,1,gmd_03_high_bpm138.mid,1,1.0
76,27.00605499466341,,,0.0,False,RAL/E_seed1,E,1,gmd_03_high_bpm138.mid,1,1.0
77,27.530395929286126,27.50542731335171,-24.968615934415794,63.37464522232735,True,RAL/E_seed1,E,1,gmd_03_high_bpm138.mid,1,1.0
0,0.4194775642416282,0.5093656137219771,89.8880494803489,19.0465102084414,False,RAL/E_seed1,E,1,gmd_03_high_bpm138.mid,2,1.0
1,0.7390795179495353,0.813986225849826,74.90670790029074,21.411694692831222,False,RAL/E_seed1,E,1,gmd_03_high_bpm138.mid,2,1.0
2,0.9588058611237216,,,0.0,False,RAL/E_seed1,E,1,gmd_03_high_bpm138.mid,2,1.0
3,1.6179848906462801,1.513115499585873,-104.86939106040705,20.755546739097248,False,RAL/E_seed1,E,1,gmd_03_high_bpm138.mid,2,1.0
4,2.1573131875283735,2.1423318459483154,-14.98134158005815,19.595843379009388,True,RAL/E_seed1,E,1,gmd_03_high_bpm138.mid,2,1.0
5,2.4968902633430248,,,0.0,False,RAL/E_seed1,E,1,gmd_03_high_bpm138.mid,2,1.0
6,2.696641484410467,2.7965170949441878,99.87561053372085,8.807550279244357,False,RAL/E_seed1,E,1,gmd_03_high_bpm138.mid,2,1.0
7,3.016243438118374,,,0.0,False,RAL/E_seed1,E,1,gmd_03_high_bpm138.mid,2,1.0
8,3.3558205139330255,3.3957707581465137,39.95024421348825,75.17004913480025,False,RAL/E_seed1,E,1,gmd_03_high_bpm138.mid,2,1.0
9,3.4756712465734907,,,0.0,False,RAL/E_seed1,E,1,gmd_03_high_bpm138.mid,2,1.0
10,4.194775642416282,4.2547010087365145,59.9253663202326,37.0066530350658,False,RAL/E_seed1,E,1,gmd_03_high_bpm138.mid,2,1.0
11,4.434477107697212,4.30963259453006,-124.84451316715183,21.777916806543185,False,RAL/E_seed1,E,1,gmd_03_high_bpm138.mid,2,1.0
12,4.973805404579306,4.988786746159364,14.98134158005815,1.223700674459046,True,RAL/E_seed1,E,1,gmd_03_high_bpm138.mid,2,1.0
13,5.273432236180469,,,0.0,False,RAL/E_seed1,E,1,gmd_03_high_bpm138.mid,2,1.0
14,5.613009311995119,5.6629471172619805,49.93780526686109,54.78368480483415,False,RAL/E_seed1,E,1,gmd_03_high_bpm138.mid,2,1.0
15,5.912636143596282,5.967567729389829,54.931585793546844,2.612292855616936,False,RAL/E_seed1,E,1,gmd_03_high_bpm138.mid,2,1.0
16,6.152337608877213,6.247219438884248,94.88183000703555,8.380291146580408,False,RAL/E_seed1,E,1,gmd_03_high_bpm138.mid,2,1.0
17,6.691665905759306,6.701653466812679,9.987561053372396,10.989623706778149,True,RAL/E_seed1,E,1,gmd_03_high_bpm138.mid,2,1.0
18,6.991292737360469,7.0911683478941905,99.8756105337213,1.5441450239570074,False,RAL/E_seed1,E,1,gmd_03_high_bpm138.mid,2,1.0
19,7.350844935281865,7.400782740548726,49.93780526686109,62.306497390667474,False,RAL/E_seed1,E,1,gmd_03_high_bpm138.mid,2,1.0
20,7.6904220110965165,7.715390913729946,24.968902633429657,29.560136722922465,True,RAL/E_seed1,E,1,gmd_03_high_bpm138.mid,2,1.0
21,7.930123476377447,8.025005306384482,94.88183000703555,18.832880642109423,False,RAL/E_seed1,E,1,gmd_03_high_bpm138.mid,2,1.0
22,8.209775185871866,8.299663235352215,89.8880494803489,1.2694784386730404,False,RAL/E_seed1,E,1,gmd_03_high_bpm138.mid,2,1.0
23,8.549352261686517,8.39454506535925,-154.80719632726726,1.0711081270790643,False,RAL/E_seed1,E,1,gmd_03_high_bpm138.mid,2,1.0
24,8.649227872220237,8.639240311166866,-9.987561053371508,12.729178746909994,True,RAL/E_seed1,E,1,gmd_03_high_bpm138.mid,2,1.0
25,9.11364946120204,9.168581046995588,54.931585793546844,58.99523911252176,False,RAL/E_seed1,E,1,gmd_03_high_bpm138.mid,2,1.0
26,9.408282512276518,9.51814568386361,109.86317158709191,1.9714041566210128,False,RAL/E_seed1,E,1,gmd_03_high_bpm138.mid,2,1.0
27,9.667959099664191,9.75784714914454,89.8880494803489,45.68916898098697,False,RAL/E_seed1,E,1,gmd_03_high_bpm138.mid,2,1.0
28,9.987561053372099,10.097424224959193,109.86317158709369,25.684286019470825,False,RAL/E_seed1,E,1,gmd_03_high_bpm138.mid,2,1.0
29,10.307163007080007,10.362094592873552,54.93158579354507,38.02902310251167,False,RAL/E_seed1,E,1,gmd_03_high_bpm138.mid,2,1.0
30,10.866466426068843,10.816528620801984,-49.937805266859314,20.282509842219305,False,RAL/E_seed1,E,1,gmd_03_high_bpm138.mid,2,1.0
31,11.191062160303437,11.270962648730414,79.90048842697739,42.21005890072328,False,RAL/E_seed1,E,1,gmd_03_high_bpm138.mid,2,1.0
32,11.405794722950937,,,0.0,False,RAL/E_seed1,E,1,gmd_03_high_bpm138.mid,2,1.0
33,11.94512301983303,11.955110580886403,9.987561053373284,29.65169225135045,True,RAL/E_seed1,E,1,gmd_03_high_bpm138.mid,2,1.0
34,12.244749851434193,12.344625461967915,99.87561053372218,1.5746635334330037,False,RAL/E_seed1,E,1,gmd_03_high_bpm138.mid,2,1.0
35,12.584326927248846,12.694190098835938,109.86317158709191,26.172582171086766,False,RAL/E_seed1,E,1,gmd_03_high_bpm138.mid,2,1.0
36,12.883953758850009,12.96884802780367,84.89426895366137,1.9256263924070185,False,RAL/E_seed1,E,1,gmd_03_high_bpm138.mid,2,1.0
37,13.643008398906288,13.742884009440008,99.8756105337204,1.6509598071229945,False,RAL/E_seed1,E,1,gmd_03_high_bpm138.mid,2,1.0
38,13.922660108400706,14.002560596827683,79.90048842697739,41.1876888332774,False,RAL/E_seed1,E,1,gmd_03_high_bpm138.mid,2,1.0
39,14.302187428428846,14.41205060001594,109.86317158709369,3.375255592516844,False,RAL/E_seed1,E,1,gmd_03_high_bpm138.mid,2,1.0
40,14.621789382136754,14.716671212143789,94.88183000703465,7.327402569658478,False,RAL/E_seed1,E,1,gmd_03_high_bpm138.mid,2,1.0
41,14.861490847417684,14.96636023847809,104.86939106040616,2.673329874568928,False,RAL/E_seed1,E,1,gmd_03_high_bpm138.mid,2,1.0
42,15.186086581652276,15.290955972712684,104.86939106040793,23.227546006653064,False,RAL/E_seed1,E,1,gmd_03_high_bpm138.mid,2,1.0
43,15.500694754833498,15.540644999046986,39.95024421348781,40.974059266945424,False,RAL/E_seed1,E,1,gmd_03_high_bpm138.mid,2,1.0
44,15.580595243260474,15.580595243260474,0.0,14.72814111758781,True,RAL/E_seed1,E,1,gmd_03_high_bpm138.mid,2,1.0
45,16.064991954349022,16.084967076455765,19.975122106743015,77.21478926969206,True,RAL/E_seed1,E,1,gmd_03_high_bpm138.mid,2,1.0
46,16.379600127530242,16.429537932797103,49.93780526686109,6.5339213232825735,False,RAL/E_seed1,E,1,gmd_03_high_bpm138.mid,2,1.0
47,16.59932647070443,16.704195861764834,104.86939106040438,3.0700704977568805,False,RAL/E_seed1,E,1,gmd_03_high_bpm138.mid,2,1.0
48,16.898953302305593,16.96387244915251,64.91914684691835,40.15005951109347,False,RAL/E_seed1,E,1,gmd_03_high_bpm138.mid,2,1.0
49,17.23853037812024,,,0.0,False,RAL/E_seed1,E,1,gmd_03_high_bpm138.mid,2,1.0
50,17.31843086654722,17.34339976918065,24.96890263342877,24.478804895168917,True,RAL/E_seed1,E,1,gmd_03_high_bpm138.mid,2,1.0
51,17.79783379710908,17.847771602375943,49.93780526686109,49.763389996032586,False,RAL/E_seed1,E,1,gmd_03_high_bpm138.mid,2,1.0
52,18.337162093991175,18.33216831346449,-4.993780526685754,5.19110690633868,True,RAL/E_seed1,E,1,gmd_03_high_bpm138.mid,2,1.0
53,18.881484171399954,18.916440635086754,34.95646368680028,1.0100711081270717,False,RAL/E_seed1,E,1,gmd_03_high_bpm138.mid,2,1.0
54,19.17611722247443,19.29097417458821,114.85695211377944,2.780144657734916,False,RAL/E_seed1,E,1,gmd_03_high_bpm138.mid,2,1.0
55,19.535669420395827,19.615569908822803,79.90048842697561,24.951841792046856,False,RAL/E_seed1,E,1,gmd_03_high_bpm138.mid,2,1.0
56,19.83529625199699,19.88523405726385,49.93780526686109,4.809625537888726,False,RAL/E_seed1,E,1,gmd_03_high_bpm138.mid,2,1.0
57,20.06001637569786,19.930178082004023,-129.8382936938367,1.132145146031057,False,RAL/E_seed1,E,1,gmd_03_high_bpm138.mid,2,1.0
58,20.294724060452104,20.42955613467263,134.832074220526,25.8979155858028,False,RAL/E_seed1,E,1,gmd_03_high_bpm138.mid,2,1.0
59,20.93392796786792,20.824064796280826,-109.86317158709369,13.049623096407956,False,RAL/E_seed1,E,1,gmd_03_high_bpm138.mid,2,1.0
60,21.573131875283735,21.48823760633007,-84.89426895366492,1.2084414197210478,False,RAL/E_seed1,E,1,gmd_03_high_bpm138.mid,2,1.0
61,21.79285821845792,21.663019924764082,-129.8382936938367,22.64769432660908,False,RAL/E_seed1,E,1,gmd_03_high_bpm138.mid,2,1.0
62,22.432062125873735,,,0.0,False,RAL/E_seed1,E,1,gmd_03_high_bpm138.mid,2,1.0
63,22.51196261430071,22.56190041956757,49.93780526686109,12.286660359508048,False,RAL/E_seed1,E,1,gmd_03_high_bpm138.mid,2,1.0
64,23.31096749857048,23.405849328577514,94.88183000703287,2.749626148258919,False,RAL/E_seed1,E,1,gmd_03_high_bpm138.mid,2,1.0
65,23.530693841744664,23.66552591596519,134.832074220526,21.823694570757176,False,RAL/E_seed1,E,1,gmd_03_high_bpm138.mid,2,1.0
66,23.850295795452574,23.920208722826178,69.9129273736041,35.60280159916991,False,RAL/E_seed1,E,1,gmd_03_high_bpm138.mid,2,1.0
67,24.16989774916048,24.20984799337397,39.95024421348958,14.712881862849812,False,RAL/E_seed1,E,1,gmd_03_high_bpm138.mid,2,1.0
68,24.249798237587456,24.264779579167516,14.981341580060814,1.2542191839350425,True,RAL/E_seed1,E,1,gmd_03_high_bpm138.mid,2,1.0
69,24.729201168149316,24.76415763183612,34.95646368680383,3.482070375682831,False,RAL/E_seed1,E,1,gmd_03_high_bpm138.mid,2,1.0
70,25.06877824396397,,,0.0,False,RAL/E_seed1,E,1,gmd_03_high_bpm138.mid,2,1.0
71,25.288504587138156,,,0.0,False,RAL/E_seed1,E,1,gmd_03_high_bpm138.mid,2,1.0
72,25.82783288402025,25.792876420333446,-34.95646368680383,73.76619769890436,False,RAL/E_seed1,E,1,gmd_03_high_bpm138.mid,2,1.0
73,26.127459715621413,26.19237886246833,64.91914684691835,56.66057313760798,False,RAL/E_seed1,E,1,gmd_03_high_bpm138.mid,2,1.0
74,26.467036791436062,26.54693727986304,79.90048842697917,7.78518021179848,False,RAL/E_seed1,E,1,gmd_03_high_bpm138.mid,2,1.0
75,26.78663874514397,26.83657655041083,49.93780526685754,8.395550401318406,False,RAL/E_seed1,E,1,gmd_03_high_bpm138.mid,2,1.0
76,27.006365088318155,27.121222040431935,114.85695211377944,7.876735740226469,False,RAL/E_seed1,E,1,gmd_03_high_bpm138.mid,2,1.0
77,27.53071204362019,,,0.0,False,RAL/E_seed1,E,1,gmd_03_high_bpm138.mid,2,1.0
0,0.4194669125300278,0.4544224885741968,34.95557604416899,65.48042237617113,False,RAL/E_seed1,E,1,gmd_03_high_bpm138.mid,3,1.0
1,0.7390607506481442,0.7840036341335044,44.94288348536013,19.65688039796138,False,RAL/E_seed1,E,1,gmd_03_high_bpm138.mid,3,1.0
2,0.9587815143543492,1.0137117052809006,54.93019092655138,42.78991058076726,False,RAL/E_seed1,E,1,gmd_03_high_bpm138.mid,3,1.0
3,1.6179438054729645,1.6778676501201113,59.92384464714684,31.16235847041233,False,RAL/E_seed1,E,1,gmd_03_high_bpm138.mid,3,1.0
4,2.157258407297286,2.237156866826815,79.89845952952912,1.3762932218390276,False,RAL/E_seed1,E,1,gmd_03_high_bpm138.mid,3,1.0
5,2.4968268602977846,,,0.0,False,RAL/E_seed1,E,1,gmd_03_high_bpm138.mid,3,1.0
6,2.6965730091216074,2.756496853768754,59.92384464714684,43.186651203955215,False,RAL/E_seed1,E,1,gmd_03_high_bpm138.mid,3,1.0
7,3.016166847239724,3.061109730725084,44.94288348536024,4.748588518936733,False,RAL/E_seed1,E,1,gmd_03_high_bpm138.mid,3,1.0
8,3.3557353002402226,3.375709915122605,19.97461488238228,13.522659993285956,True,RAL/E_seed1,E,1,gmd_03_high_bpm138.mid,3,1.0
9,3.4755829895345163,3.4206527986079647,-54.9301909265516,4.687551499984741,False,RAL/E_seed1,E,1,gmd_03_high_bpm138.mid,3,1.0
10,4.194669125300278,4.199662779020874,4.993653720595681,46.7573168126469,True,RAL/E_seed1,E,1,gmd_03_high_bpm138.mid,3,1.0
11,4.434364503888865,4.494288348536013,59.923844647147284,52.60161137730036,False,RAL/E_seed1,E,1,gmd_03_high_bpm138.mid,3,1.0
12,4.973679105713187,4.948710837110209,-24.968268602978405,1.223700674459046,True,RAL/E_seed1,E,1,gmd_03_high_bpm138.mid,3,1.0
13,5.273298328948921,5.333222173596067,59.923844647146396,44.92620624408706,False,RAL/E_seed1,E,1,gmd_03_high_bpm138.mid,3,1.0
14,5.612866781949419,5.677784280317162,64.91749836774297,1.4831080050050147,False,RAL/E_seed1,E,1,gmd_03_high_bpm138.mid,3,1.0
15,5.912486005185154,5.9524352349499186,39.94922976476456,44.987243263039055,False,RAL/E_seed1,E,1,gmd_03_high_bpm138.mid,3,1.0
16,6.152181383773741,6.18713695981791,34.95557604416888,31.92532120731224,False,RAL/E_seed1,E,1,gmd_03_high_bpm138.mid,3,1.0
17,6.6914959855980625,6.736438869083423,44.94288348536024,27.45435956907866,False,RAL/E_seed1,E,1,gmd_03_high_bpm138.mid,3,1.0
18,6.991115208833797,7.046045399760348,54.930190926550715,52.95257423627432,False,RAL/E_seed1,E,1,gmd_03_high_bpm138.mid,3,1.0
19,7.350658276716678,7.41557577508442,64.91749836774207,14.16354869228188,False,RAL/E_seed1,E,1,gmd_03_high_bpm138.mid,3,1.0
20,7.6902267297171765,7.700214037158368,9.987307441191362,5.389477217932656,True,RAL/E_seed1,E,1,gmd_03_high_bpm138.mid,3,1.0
21,7.929922108305764,7.969871338070528,39.94922976476456,7.403698843348469,False,RAL/E_seed1,E,1,gmd_03_high_bpm138.mid,3,1.0
22,8.209566716659115,8.244522292703286,34.955576044170655,67.26575518051698,False,RAL/E_seed1,E,1,gmd_03_high_bpm138.mid,3,1.0
23,8.549135169659614,8.55412882338021,4.993653720596569,56.61479537339399,True,RAL/E_seed1,E,1,gmd_03_high_bpm138.mid,3,1.0
24,8.649008244071526,8.693951127556886,44.94288348536024,8.883846552934347,False,RAL/E_seed1,E,1,gmd_03_high_bpm138.mid,3,1.0
25,9.113418040086914,9.168348231013464,54.93019092654983,13.125919370097948,False,RAL/E_seed1,E,1,gmd_03_high_bpm138.mid,3,1.0
26,9.408043609602052,9.472961107969795,64.91749836774297,25.424878688924856,False,RAL/E_seed1,E,1,gmd_03_high_bpm138.mid,3,1.0
27,9.667713603073022,9.717650140278977,49.936537205955034,35.282357249671946,False,RAL/E_seed1,E,1,gmd_03_high_bpm138.mid,3,1.0
28,9.987307441191138,10.047231285838285,59.923844647146396,15.58265938291576,False,RAL/E_seed1,E,1,gmd_03_high_bpm138.mid,3,1.0
29,10.306901279309255,10.361831470235806,54.9301909265516,5.801477095858662,False,RAL/E_seed1,E,1,gmd_03_high_bpm138.mid,3,1.0
30,10.866190496015959,10.96606357042787,99.87307441191184,3.878810998870838,False,RAL/E_seed1,E,1,gmd_03_high_bpm138.mid,3,1.0
31,11.19077798785467,11.23572087134003,44.94288348536024,47.41346476638082,False,RAL/E_seed1,E,1,gmd_03_high_bpm138.mid,3,1.0
32,11.40550509784028,11.455441635046236,49.93653720595681,21.930509353923163,False,RAL/E_seed1,E,1,gmd_03_high_bpm138.mid,3,1.0
33,11.9448196996646,12.014730851752939,69.91115208833776,18.80236213263343,False,RAL/E_seed1,E,1,gmd_03_high_bpm138.mid,3,1.0
34,12.244438922900336,12.269407191503314,24.968268602977517,45.78072450941496,True,RAL/E_seed1,E,1,gmd_03_high_bpm138.mid,3,1.0
35,12.584007375900834,12.6239566056656,39.94922976476545,3.161626026184869,False,RAL/E_seed1,E,1,gmd_03_high_bpm138.mid,3,1.0
36,12.883626599136567,12.918582175180738,34.955576044170655,50.35850093081452,False,RAL/E_seed1,E,1,gmd_03_high_bpm138.mid,3,1.0
37,13.642661964667095,13.632674657225904,-9.987307441191362,47.108279671620856,True,RAL/E_seed1,E,1,gmd_03_high_bpm138.mid,3,1.0
38,13.922306573020446,13.977236763946998,54.9301909265516,35.618060853907906,False,RAL/E_seed1,E,1,gmd_03_high_bpm138.mid,3,1.0
39,14.30182425578571,14.346767139271071,44.94288348536024,13.934659871211906,False,RAL/E_seed1,E,1,gmd_03_high_bpm138.mid,3,1.0
40,14.621418093903827,14.66136732366859,39.94922976476367,39.249763481551575,False,RAL/E_seed1,E,1,gmd_03_high_bpm138.mid,3,1.0
41,14.861113472492415,14.906056355977773,44.942883485358465,3.222663045136862,False,RAL/E_seed1,E,1,gmd_03_high_bpm138.mid,3,1.0
42,15.185700964331126,15.205675579213509,19.974614882382724,49.06146427808467,True,RAL/E_seed1,E,1,gmd_03_high_bpm138.mid,3,1.0
43,15.500301148728646,15.515282109890434,14.980961161787931,61.71138645588549,True,RAL/E_seed1,E,1,gmd_03_high_bpm138.mid,3,1.0
44,15.580199608258175,15.650110760346514,69.91115208833953,5.603106784264631,False,RAL/E_seed1,E,1,gmd_03_high_bpm138.mid,3,1.0
45,16.064584019155944,16.044609404273565,-19.97461488237917,94.83922849208042,True,RAL/E_seed1,E,1,gmd_03_high_bpm138.mid,3,1.0
46,16.379184203553468,16.394165164715254,14.980961161786155,5.709921567430673,True,RAL/E_seed1,E,1,gmd_03_high_bpm138.mid,3,1.0
47,16.59890496725967,16.68879073423039,89.88576697072048,35.00769066438798,False,RAL/E_seed1,E,1,gmd_03_high_bpm138.mid,3,1.0
48,16.898524190495404,16.983416303745532,84.89211325012747,25.98947111423079,False,RAL/E_seed1,E,1,gmd_03_high_bpm138.mid,3,1.0
49,17.238092643495904,17.372921293951986,134.8286504560825,4.916440321054713,False,RAL/E_seed1,E,1,gmd_03_high_bpm138.mid,3,1.0
50,17.317991103025435,17.283035526981266,-34.95557604416888,42.65257728812522,False,RAL/E_seed1,E,1,gmd_03_high_bpm138.mid,3,1.0
51,17.79738186020261,17.812362821364395,14.980961161786155,14.178807947019877,True,RAL/E_seed1,E,1,gmd_03_high_bpm138.mid,3,1.0
52,18.33669646202693,18.26678530993859,-69.91115208833776,1.1626636555070533,False,RAL/E_seed1,E,1,gmd_03_high_bpm138.mid,3,1.0
53,18.881004717571848,18.9359349084984,54.9301909265516,30.1247291482284,False,RAL/E_seed1,E,1,gmd_03_high_bpm138.mid,3,1.0
54,19.175630287086985,19.21557951685175,39.94922976476545,3.3447370830408474,False,RAL/E_seed1,E,1,gmd_03_high_bpm138.mid,3,1.0
55,19.535173354969867,19.550154316131653,14.980961161786155,60.2922757652516,True,RAL/E_seed1,E,1,gmd_03_high_bpm138.mid,3,1.0
56,19.8347925782056,19.854767193087984,19.974614882382724,42.53050325022124,True,RAL/E_seed1,E,1,gmd_03_high_bpm138.mid,3,1.0
57,20.0595069956324,20.13940545516193,79.8984595295309,18.436140018921478,False,RAL/E_seed1,E,1,gmd_03_high_bpm138.mid,3,1.0
58,20.294208720500393,20.349138911426945,54.9301909265516,58.36960966826378,False,RAL/E_seed1,E,1,gmd_03_high_bpm138.mid,3,1.0
59,20.933396396736626,20.958364665339605,24.968268602979293,1.727256080812985,True,RAL/E_seed1,E,1,gmd_03_high_bpm138.mid,3,1.0
60,21.57258407297286,21.567590419252262,-4.993653720596569,1.5594042786950055,True,RAL/E_seed1,E,1,gmd_03_high_bpm138.mid,3,1.0
61,21.792304836679065,21.657476186222983,-134.8286504560825,21.6100650044252,False,RAL/E_seed1,E,1,gmd_03_high_bpm138.mid,3,1.0
62,22.431492512915298,22.376562321988747,-54.9301909265516,1.0711081270790643,False,RAL/E_seed1,E,1,gmd_03_high_bpm138.mid,3,1.0
63,22.511390972444826,22.481429050121253,-29.96192232357231,13.675252540665936,True,RAL/E_seed1,E,1,gmd_03_high_bpm138.mid,3,1.0
64,23.310375567740117,23.3303501826225,19.974614882382724,2.6885891293069264,True,RAL/E_seed1,E,1,gmd_03_high_bpm138.mid,3,1.0
65,23.530096331446323,23.585026522372875,54.9301909265516,9.89095736564228,False,RAL/E_seed1,E,1,gmd_03_high_bpm138.mid,3,1.0
66,23.84969016956444,23.88464574560861,34.95557604416888,3.848292489394842,False,RAL/E_seed1,E,1,gmd_03_high_bpm138.mid,3,1.0
67,24.169284007682556,24.179271315123746,9.987307441189586,35.09924619281597,True,RAL/E_seed1,E,1,gmd_03_high_bpm138.mid,3,1.0
68,24.249182467212083,24.30910631185923,59.92384464714817,3.359996337778845,False,RAL/E_seed1,E,1,gmd_03_high_bpm138.mid,3,1.0
69,24.728573224389258,24.713592263227472,-14.980961161786155,2.780144657734916,True,RAL/E_seed1,E,1,gmd_03_high_bpm138.mid,3,1.0
70,25.068141677389757,25.08811629227214,19.974614882382724,2.108737449262996,True,RAL/E_seed1,E,1,gmd_03_high_bpm138.mid,3,1.0
71,25.287862441095964,25.33779897830192,49.936537205955034,42.24057741019927,False,RAL/E_seed1,E,1,gmd_03_high_bpm138.mid,3,1.0
72,25.827177042920283,25.872119926405645,44.94288348536202,30.84191412091431,False,RAL/E_seed1,E,1,gmd_03_high_bpm138.mid,3,1.0
73,26.126796266156017,26.151764534758996,24.968268602979293,102.23996704000976,True,RAL/E_seed1,E,1,gmd_03_high_bpm138.mid,3,1.0
74,26.466364719156516,26.491332987759495,24.968268602979293,14.377178258613853,True,RAL/E_seed1,E,1,gmd_03_high_bpm138.mid,3,1.0
75,26.785958557274633,26.805933172157015,19.974614882382724,19.70265816217537,True,RAL/E_seed1,E,1,gmd_03_high_bpm138.mid,3,1.0
76,27.00567932098084,27.07059681934858,64.91749836774119,36.56413464766379,False,RAL/E_seed1,E,1,gmd_03_high_bpm138.mid,3,1.0
77,27.530012961643372,27.51003834676099,-19.974614882382724,4.885921811578717,True,RAL/E_seed1,E,1,gmd_03_high_bpm138.mid,3,1.0
0,0.4194698150483805,0.4694066977922353,49.936882743854824,1.406811731315024,False,RAL/E_seed2,E,2,gmd_03_high_bpm138.mid,1,1.0
1,0.7390658646090513,0.808977500450448,69.9116358413967,32.96295052949611,False,RAL/E_seed2,E,2,gmd_03_high_bpm138.mid,1,1.0
2,0.9587881486820125,0.9937439666027109,34.955817920698465,10.562364574114198,False,RAL/E_seed2,E,2,gmd_03_high_bpm138.mid,1,1.0
3,1.617955000900896,1.6878666367422928,69.9116358413967,11.950956755272088,False,RAL/E_seed2,E,2,gmd_03_high_bpm138.mid,1,1.0
4,2.157273334534528,,,0.0,False,RAL/E_seed2,E,2,gmd_03_high_bpm138.mid,1,1.0
5,2.496844137192741,2.5567683964853667,59.92425929262568,11.630512405774128,False,RAL/E_seed2,E,2,gmd_03_high_bpm138.mid,1,1.0
6,2.69659166816816,,,0.0,False,RAL/E_seed2,E,2,gmd_03_high_bpm138.mid,1,1.0
7,3.016187717728831,3.0411561591007583,24.96844137192733,28.690359202856516,True,RAL/E_seed2,E,2,gmd_03_high_bpm138.mid,1,1.0
8,3.355758520387044,3.3857206500333565,29.96212964631262,1.422070986053022,True,RAL/E_seed2,E,2,gmd_03_high_bpm138.mid,1,1.0
9,3.4756070389722953,3.430663844502826,-44.943194469469375,4.412884914700774,False,RAL/E_seed2,E,2,gmd_03_high_bpm138.mid,1,1.0
10,4.194698150483805,4.2845845394227435,89.88638893893875,1.6204412976469982,False,RAL/E_seed2,E,2,gmd_03_high_bpm138.mid,1,1.0
11,4.4343951876543075,4.479338382123777,44.943194469469816,10.775994140446173,False,RAL/E_seed2,E,2,gmd_03_high_bpm138.mid,1,1.0
12,4.97371352128794,4.958732456464784,-14.98106482315631,49.41242713705863,True,RAL/E_seed2,E,2,gmd_03_high_bpm138.mid,1,1.0
13,5.273334817751069,5.278328506025455,4.9936882743857325,26.111545152134774,True,RAL/E_seed2,E,2,gmd_03_high_bpm138.mid,1,1.0
14,5.612905620409282,5.622892996958052,9.987376548770577,5.52681051057464,True,RAL/E_seed2,E,2,gmd_03_high_bpm138.mid,1,1.0
15,5.912526916872411,5.962463799616265,49.93688274385466,24.44828638569292,False,RAL/E_seed2,E,2,gmd_03_high_bpm138.mid,1,1.0
16,6.152223954042913,6.16720501886607,14.98106482315631,49.94650105288856,True,RAL/E_seed2,E,2,gmd_03_high_bpm138.mid,1,1.0
17,6.691542287676546,6.666573846304618,-24.968441371927774,41.1724295785394,True,RAL/E_seed2,E,2,gmd_03_high_bpm138.mid,1,1.0
18,6.991163584139675,7.046094155157915,54.93057101824039,2.0171819208350072,False,RAL/E_seed2,E,2,gmd_03_high_bpm138.mid,1,1.0
19,7.35070913989543,7.380671269541742,29.96212964631262,1.4678487502670166,True,RAL/E_seed2,E,2,gmd_03_high_bpm138.mid,1,1.0
20,7.690279942553642,7.745210513571882,54.93057101824039,20.3130283516953,False,RAL/E_seed2,E,2,gmd_03_high_bpm138.mid,1,1.0
21,7.929976979724145,7.964932797644844,34.95581792069835,15.292733542893744,False,RAL/E_seed2,E,2,gmd_03_high_bpm138.mid,1,1.0
22,8.209623523089732,8.254566717559202,44.943194469469816,26.019989623706785,False,RAL/E_seed2,E,2,gmd_03_high_bpm138.mid,1,1.0
23,8.549194325747944,8.564175390571101,14.981064823157197,39.93642994476149,True,RAL/E_seed2,E,2,gmd_03_high_bpm138.mid,1,1.0
24,8.649068091235655,8.674036532607582,24.968441371926886,5.343699453718662,True,RAL/E_seed2,E,2,gmd_03_high_bpm138.mid,1,1.0
25,9.113481100753503,9.133455853851046,19.97475309754293,1.513626514481011,True,RAL/E_seed2,E,2,gmd_03_high_bpm138.mid,1,1.0
26,9.408108708942247,9.473026656509258,64.91794756701097,15.06384472182377,False,RAL/E_seed2,E,2,gmd_03_high_bpm138.mid,1,1.0
27,9.667780499210293,9.682761564033449,14.981064823155421,7.281624805444483,True,RAL/E_seed2,E,2,gmd_03_high_bpm138.mid,1,1.0
28,9.987376548770964,10.04730080806359,59.92425929262524,18.909176915799417,False,RAL/E_seed2,E,2,gmd_03_high_bpm138.mid,1,1.0
29,10.306972598331635,10.32195366315479,14.981064823155421,7.6783654286324925,True,RAL/E_seed2,E,2,gmd_03_high_bpm138.mid,1,1.0
30,10.866265685062809,10.93118363262982,64.91794756701097,17.291695913571555,False,RAL/E_seed2,E,2,gmd_03_high_bpm138.mid,1,1.0
31,11.190855422897865,11.25077968219049,59.92425929262524,1.589922788171002,False,RAL/E_seed2,E,2,gmd_03_high_bpm138.mid,1,1.0
32,11.405584018696441,11.44053983661714,34.95581792069835,32.16946928312021,False,RAL/E_seed2,E,2,gmd_03_high_bpm138.mid,1,1.0
33,11.944902352330072,11.984851858525156,39.94950619508408,32.45939512314217,False,RAL/E_seed2,E,2,gmd_03_high_bpm138.mid,1,1.0
34,12.244523648793201,12.254511025341973,9.987376548771465,53.15094454786829,True,RAL/E_seed2,E,2,gmd_03_high_bpm138.mid,1,1.0
35,12.584094451451413,12.5890881397258,4.9936882743857325,71.62990203558456,True,RAL/E_seed2,E,2,gmd_03_high_bpm138.mid,1,1.0
36,12.883715747914543,12.90868418928647,24.968441371926886,28.919248023926485,True,RAL/E_seed2,E,2,gmd_03_high_bpm138.mid,1,1.0
37,13.642756365621135,13.67271849526745,29.962129646314395,15.445326090273776,True,RAL/E_seed2,E,2,gmd_03_high_bpm138.mid,1,1.0
38,13.922402908986724,13.93738397380988,14.981064823155421,26.203100680562763,True,RAL/E_seed2,E,2,gmd_03_high_bpm138.mid,1,1.0
39,14.30192321784002,14.316904282663176,14.981064823155421,1.1474044007690551,True,RAL/E_seed2,E,2,gmd_03_high_bpm138.mid,1,1.0
40,14.621519267400691,14.646487708772618,24.968441371926886,2.780144657734916,True,RAL/E_seed2,E,2,gmd_03_high_bpm138.mid,1,1.0
41,14.861216304571194,14.876197369394351,14.981064823157197,36.44206060975981,True,RAL/E_seed2,E,2,gmd_03_high_bpm138.mid,1,1.0
42,15.18580604240625,15.195793418955022,9.987376548771465,58.613757744071805,True,RAL/E_seed2,E,2,gmd_03_high_bpm138.mid,1,1.0
43,15.500408403692536,15.515389468515693,14.981064823157197,57.469313638721886,True,RAL/E_seed2,E,2,gmd_03_high_bpm138.mid,1,1.0
44,15.580307416082704,15.570320039533932,-9.987376548771465,2.1239967040009944,True,RAL/E_seed2,E,2,gmd_03_high_bpm138.mid,1,1.0
45,16.064695178698095,16.05970149042371,-4.9936882743857325,93.74056215094456,True,RAL/E_seed2,E,2,gmd_03_high_bpm138.mid,1,1.0
46,16.379297539984382,16.409259669630693,29.962129646310842,38.86828211310162,True,RAL/E_seed2,E,2,gmd_03_high_bpm138.mid,1,1.0
47,16.59901982405734,,,0.0,False,RAL/E_seed2,E,2,gmd_03_high_bpm138.mid,1,1.0
48,16.89864112052047,16.958565379813095,59.92425929262524,16.711844233527625,False,RAL/E_seed2,E,2,gmd_03_high_bpm138.mid,1,1.0
49,17.23821192317868,17.258186676276225,19.97475309754293,4.03140354625082,True,RAL/E_seed2,E,2,gmd_03_high_bpm138.mid,1,1.0
50,17.31811093556885,17.412991012782175,94.88007721332536,1.605182042909,False,RAL/E_seed2,E,2,gmd_03_high_bpm138.mid,1,1.0
51,17.79750500990986,17.79750500990986,0.0,59.86501663258765,True,RAL/E_seed2,E,2,gmd_03_high_bpm138.mid,1,1.0
52,18.33682334354349,18.356798096641032,19.97475309754293,20.770805993835246,True,RAL/E_seed2,E,2,gmd_03_high_bpm138.mid,1,1.0
53,18.881135365451506,18.871147988902734,-9.987376548771465,12.835993530075982,True,RAL/E_seed2,E,2,gmd_03_high_bpm138.mid,1,1.0
54,19.17576297364025,19.21071879156095,34.95581792070013,7.067995239112509,False,RAL/E_seed2,E,2,gmd_03_high_bpm138.mid,1,1.0
55,19.535308529396005,19.520327464572848,-14.981064823157197,64.12234870448926,True,RAL/E_seed2,E,2,gmd_03_high_bpm138.mid,1,1.0
56,19.834929825859135,19.85989826723106,24.96844137192511,44.07168797875911,True,RAL/E_seed2,E,2,gmd_03_high_bpm138.mid,1,1.0
57,20.059645798206482,20.109582680950336,49.93688274385377,1.7119968260749872,False,RAL/E_seed2,E,2,gmd_03_high_bpm138.mid,1,1.0
58,20.294349147102597,20.32431127674891,29.962129646314395,43.78176213873714,True,RAL/E_seed2,E,2,gmd_03_high_bpm138.mid,1,1.0
59,20.93354124622394,20.98847181724218,54.930571018239505,41.126651814325406,False,RAL/E_seed2,E,2,gmd_03_high_bpm138.mid,1,1.0
60,21.57273334534528,21.617676539814752,44.94319446947159,1.3610339671010294,False,RAL/E_seed2,E,2,gmd_03_high_bpm138.mid,1,1.0
61,21.792455629418242,21.832405135613328,39.94950619508586,36.21317178868984,False,RAL/E_seed2,E,2,gmd_03_high_bpm138.mid,1,1.0
62,22.431647728539584,22.551496247124835,119.84851858525047,6.259254737998607,False,RAL/E_seed2,E,2,gmd_03_high_bpm138.mid,1,1.0
63,22.511546740929752,22.49157198783221,-19.97475309754293,10.95910519730215,True,RAL/E_seed2,E,2,gmd_03_high_bpm138.mid,1,1.0
64,23.31053686483143,23.3554800593009,44.94319446946804,67.52516251106294,False,RAL/E_seed2,E,2,gmd_03_high_bpm138.mid,1,1.0
65,23.530259148904392,23.55023390200193,19.974753097539377,20.03836176641133,True,RAL/E_seed2,E,2,gmd_03_high_bpm138.mid,1,1.0
66,23.84985519846506,23.86483626328822,14.981064823157197,14.575548570207827,True,RAL/E_seed2,E,2,gmd_03_high_bpm138.mid,1,1.0
67,24.169451248025734,24.309274519708527,139.8232716827934,3.268440809350857,False,RAL/E_seed2,E,2,gmd_03_high_bpm138.mid,1,1.0
68,24.2493502604159,24.219388130769588,-29.962129646310842,36.5030976287118,True,RAL/E_seed2,E,2,gmd_03_high_bpm138.mid,1,1.0
69,24.728744334756907,24.74372539958006,14.981064823153645,103.38441114535968,True,RAL/E_seed2,E,2,gmd_03_high_bpm138.mid,1,1.0
70,25.06831513741512,,,0.0,False,RAL/E_seed2,E,2,gmd_03_high_bpm138.mid,1,1.0
71,25.28803742148808,25.322993239408778,34.955817920696575,45.81124301889096,False,RAL/E_seed2,E,2,gmd_03_high_bpm138.mid,1,1.0
72,25.82735575512171,25.862311573042412,34.95581792070013,16.223548081911684,False,RAL/E_seed2,E,2,gmd_03_high_bpm138.mid,1,1.0
73,26.12697705158484,26.176913934328695,49.93688274385377,1.0711081270790643,False,RAL/E_seed2,E,2,gmd_03_high_bpm138.mid,1,1.0
74,26.466547854243053,26.486522607340596,19.97475309754293,72.36234626300853,True,RAL/E_seed2,E,2,gmd_03_high_bpm138.mid,1,1.0
75,26.786143903803726,26.816106033450037,29.962129646310842,31.833765678884248,True,RAL/E_seed2,E,2,gmd_03_high_bpm138.mid,1,1.0
76,27.005866187876684,27.04581569407177,39.94950619508586,34.71776482436596,False,RAL/E_seed2,E,2,gmd_03_high_bpm138.mid,1,1.0
77,27.53020345668716,27.580140339431015,49.93688274385377,2.734366893520921,False,RAL/E_seed2,E,2,gmd_03_high_bpm138.mid,1,1.0
0,0.41946703530469487,0.4494289663978874,29.961931093192508,87.9573046052431,True,RAL/E_seed2,E,2,gmd_03_high_bpm138.mid,2,1.0
1,0.7390609669654148,0.813965794698396,74.90482773298123,1.6509598071229945,False,RAL/E_seed2,E,2,gmd_03_high_bpm138.mid,2,1.0
2,0.9587817949821598,0.9837500708931535,24.96827591099371,60.032868434705634,True,RAL/E_seed2,E,2,gmd_03_high_bpm138.mid,2,1.0
3,1.6179442790323946,1.6628871756721832,44.94289663978868,4.03140354625082,False,RAL/E_seed2,E,2,gmd_03_high_bpm138.mid,2,1.0
4,2.1572590387098596,2.207195590531847,49.93655182198742,37.90694906460769,False,RAL/E_seed2,E,2,gmd_03_high_bpm138.mid,2,1.0
5,2.4968275910993745,2.5317831773747654,34.95558627539097,1.696737571336989,False,RAL/E_seed2,E,2,gmd_03_high_bpm138.mid,2,1.0
6,2.696573798387324,2.746510350209312,49.93655182198786,16.75762199774162,False,RAL/E_seed2,E,2,gmd_03_high_bpm138.mid,2,1.0
7,3.016167730048044,3.0361423507768395,19.97462072879541,53.56294442579424,True,RAL/E_seed2,E,2,gmd_03_high_bpm138.mid,2,1.0
8,3.355736282437559,3.4256474549883418,69.91117255078282,6.747550889614548,False,RAL/E_seed2,E,2,gmd_03_high_bpm138.mid,2,1.0
9,3.475584006810329,3.5055459379035216,29.96193109319245,14.697622608111814,True,RAL/E_seed2,E,2,gmd_03_high_bpm138.mid,2,1.0
10,4.194670353046949,,,0.0,False,RAL/E_seed2,E,2,gmd_03_high_bpm138.mid,2,1.0
11,4.434365801792489,4.489296008796675,54.93020700418594,3.298959318826853,False,RAL/E_seed2,E,2,gmd_03_high_bpm138.mid,2,1.0
12,4.973680561469954,4.963693251105556,-9.987310364397928,68.51701406903288,True,RAL/E_seed2,E,2,gmd_03_high_bpm138.mid,2,1.0
13,5.2732998724018785,5.293274493130673,19.974620728794967,1.238959929197044,True,RAL/E_seed2,E,2,gmd_03_high_bpm138.mid,2,1.0
14,5.612868424791394,5.617862079973593,4.993655182198964,1.1626636555070533,True,RAL/E_seed2,E,2,gmd_03_high_bpm138.mid,2,1.0
15,5.912487735723318,,,0.0,False,RAL/E_seed2,E,2,gmd_03_high_bpm138.mid,2,1.0
16,6.152183184468859,6.167164150015455,14.980965546596003,24.387249366740924,True,RAL/E_seed2,E,2,gmd_03_high_bpm138.mid,2,1.0
17,6.691497944146323,6.691497944146323,0.0,1.7425153355510403,True,RAL/E_seed2,E,2,gmd_03_high_bpm138.mid,2,1.0
18,6.991117255078248,7.006098220624844,14.980965546596003,66.41123691518908,True,RAL/E_seed2,E,2,gmd_03_high_bpm138.mid,2,1.0
19,7.350660428196559,7.375628704107552,24.968275910993043,18.46665852839747,True,RAL/E_seed2,E,2,gmd_03_high_bpm138.mid,2,1.0
20,7.690228980586073,,,0.0,False,RAL/E_seed2,E,2,gmd_03_high_bpm138.mid,2,1.0
21,7.929924429331613,,,0.0,False,RAL/E_seed2,E,2,gmd_03_high_bpm138.mid,2,1.0
22,8.209569119534743,8.22455008508134,14.980965546596892,9.7231055635243,True,RAL/E_seed2,E,2,gmd_03_high_bpm138.mid,2,1.0
23,8.549137671924258,8.554131327106457,4.993655182198964,1.040589617603068,True,RAL/E_seed2,E,2,gmd_03_high_bpm138.mid,2,1.0
24,8.649010775568232,8.654004430750431,4.993655182198964,6.961180455946522,True,RAL/E_seed2,E,2,gmd_03_high_bpm138.mid,2,1.0
25,9.113420707512716,9.108427052330518,-4.993655182198964,75.17004913480025,True,RAL/E_seed2,E,2,gmd_03_high_bpm138.mid,2,1.0
26,9.408046363262443,9.443001949537834,34.95558627539097,2.9785149693288915,False,RAL/E_seed2,E,2,gmd_03_high_bpm138.mid,2,1.0
27,9.667716432736778,9.687691053465572,19.97462072879408,43.598651081881165,True,RAL/E_seed2,E,2,gmd_03_high_bpm138.mid,2,1.0
28,9.987310364397498,10.047234226583882,59.923862186384014,41.58442945646535,False,RAL/E_seed2,E,2,gmd_03_high_bpm138.mid,2,1.0
29,10.306904296058217,10.3718218134268,64.91751736858298,1.406811731315024,False,RAL/E_seed2,E,2,gmd_03_high_bpm138.mid,2,1.0
30,10.866193676464476,10.876180986828874,9.987310364397928,4.153477584154805,True,RAL/E_seed2,E,2,gmd_03_high_bpm138.mid,2,1.0
31,11.190781263307397,11.200768573671793,9.987310364396151,58.766350291451786,True,RAL/E_seed2,E,2,gmd_03_high_bpm138.mid,2,1.0
32,11.405508436141941,11.425483056870737,19.974620728795855,30.536729026154347,True,RAL/E_seed2,E,2,gmd_03_high_bpm138.mid,2,1.0
33,11.944823195819406,11.924848575090612,-19.97462072879408,63.83242286446729,True,RAL/E_seed2,E,2,gmd_03_high_bpm138.mid,2,1.0
34,12.244442506751332,12.264417127480128,19.974620728795855,2.6275521103549337,True,RAL/E_seed2,E,2,gmd_03_high_bpm138.mid,2,1.0
35,12.584011059140847,12.589004714323046,4.993655182198964,16.711844233527625,True,RAL/E_seed2,E,2,gmd_03_high_bpm138.mid,2,1.0
36,12.883630370072773,12.908598645983766,24.968275910993043,22.05258339182715,True,RAL/E_seed2,E,2,gmd_03_high_bpm138.mid,2,1.0
37,13.642665957766981,13.657646923313578,14.980965546596892,18.80236213263343,True,RAL/E_seed2,E,2,gmd_03_high_bpm138.mid,2,1.0
38,13.92231064797011,13.997215475703094,74.90482773298268,1.7119968260749872,False,RAL/E_seed2,E,2,gmd_03_high_bpm138.mid,2,1.0
39,14.301828441817216,,,0.0,False,RAL/E_seed2,E,2,gmd_03_high_bpm138.mid,2,1.0
40,14.621422373477936,14.661371614935526,39.949241457589935,2.5359965819269448,False,RAL/E_seed2,E,2,gmd_03_high_bpm138.mid,2,1.0
41,14.861117822223477,14.911054374045463,49.936551821986086,8.670216986602373,False,RAL/E_seed2,E,2,gmd_03_high_bpm138.mid,2,1.0
42,15.185705409066395,15.195692719430793,9.987310364397928,28.20206305124057,True,RAL/E_seed2,E,2,gmd_03_high_bpm138.mid,2,1.0
43,15.500305685544916,15.515286651091513,14.980965546596892,35.77065340128789,True,RAL/E_seed2,E,2,gmd_03_high_bpm138.mid,2,1.0
44,15.580204168460096,15.5652232029135,-14.980965546595115,14.621326334421823,True,RAL/E_seed2,E,2,gmd_03_high_bpm138.mid,2,1.0
45,16.064588721133376,16.059595065951175,-4.99365518220074,102.65196691793572,True,RAL/E_seed2,E,2,gmd_03_high_bpm138.mid,2,1.0
46,16.379188997611895,16.429125549433884,49.93655182198964,8.929624317148342,False,RAL/E_seed2,E,2,gmd_03_high_bpm138.mid,2,1.0
47,16.598909825628642,16.648846377450628,49.936551821986086,20.053621021149333,False,RAL/E_seed2,E,2,gmd_03_high_bpm138.mid,2,1.0
48,16.898529136560565,16.953459343564752,54.930207004186826,28.24784081545457,False,RAL/E_seed2,E,2,gmd_03_high_bpm138.mid,2,1.0
49,17.23809768895008,17.263065964861074,24.968275910993043,53.15094454786829,True,RAL/E_seed2,E,2,gmd_03_high_bpm138.mid,2,1.0
50,17.31799617186526,17.39789465478044,79.89848291517987,4.321329386272785,False,RAL/E_seed2,E,2,gmd_03_high_bpm138.mid,2,1.0
51,17.79738706935634,17.81236803490294,14.980965546598668,1.6814783165989908,True,RAL/E_seed2,E,2,gmd_03_high_bpm138.mid,2,1.0
52,18.336701829033807,18.3566764497626,19.974620728792303,54.84472182378615,True,RAL/E_seed2,E,2,gmd_03_high_bpm138.mid,2,1.0
53,18.88101024389347,18.856041967982474,-24.968275910996596,41.69124423963134,True,RAL/E_seed2,E,2,gmd_03_high_bpm138.mid,2,1.0
54,19.175635899643197,19.210591485918588,34.95558627539097,2.6275521103549337,False,RAL/E_seed2,E,2,gmd_03_high_bpm138.mid,2,1.0
55,19.535179072761505,19.525191762397107,-9.987310364397928,10.05880916776026,True,RAL/E_seed2,E,2,gmd_03_high_bpm138.mid,2,1.0
56,19.834798383693432,19.859766659604425,24.968275910993043,21.213324381237197,True,RAL/E_seed2,E,2,gmd_03_high_bpm138.mid,2,1.0
57,20.059512866892373,20.07948748762117,19.974620728795855,3.4362926114688364,True,RAL/E_seed2,E,2,gmd_03_high_bpm138.mid,2,1.0
58,20.294214660455715,20.31418928118451,19.974620728795855,57.77449873348185,True,RAL/E_seed2,E,2,gmd_03_high_bpm138.mid,2,1.0
59,20.933402523777154,20.943389834141552,9.987310364397928,6.015106662190636,True,RAL/E_seed2,E,2,gmd_03_high_bpm138.mid,2,1.0
60,21.572590387098593,21.59256500782739,19.974620728795855,1.6509598071229945,True,RAL/E_seed2,E,2,gmd_03_high_bpm138.mid,2,1.0
61,21.79231121511534,21.82726680139073,34.95558627539097,1.1016266365550609,False,RAL/E_seed2,E,2,gmd_03_high_bpm138.mid,2,1.0
62,22.43149907843678,22.58130873390274,149.8096554659618,1.6814783165989908,False,RAL/E_seed2,E,2,gmd_03_high_bpm138.mid,2,1.0
63,22.51139756135196,22.47644197507657,-34.95558627539097,35.25183874019595,False,RAL/E_seed2,E,2,gmd_03_high_bpm138.mid,2,1.0
64,23.310382390503758,23.34533797677915,34.95558627539097,7.251106295968487,False,RAL/E_seed2,E,2,gmd_03_high_bpm138.mid,2,1.0
65,23.530103218520505,23.600014391071287,69.91117255078194,29.911099581896423,False,RAL/E_seed2,E,2,gmd_03_high_bpm138.mid,2,1.0
66,23.849697150181225,23.859684460545623,9.987310364397928,33.252876369518134,True,RAL/E_seed2,E,2,gmd_03_high_bpm138.mid,2,1.0
67,24.169291081841944,24.209240323299532,39.94924145758816,5.145329142124686,False,RAL/E_seed2,E,2,gmd_03_high_bpm138.mid,2,1.0
68,24.249189564757124,,,0.0,False,RAL/E_seed2,E,2,gmd_03_high_bpm138.mid,2,1.0
69,24.728580462248203,24.723586807066006,-4.9936551821971875,66.42649616992708,True,RAL/E_seed2,E,2,gmd_03_high_bpm138.mid,2,1.0
70,25.06814901463772,25.088123635366514,19.974620728795855,66.80797753837703,True,RAL/E_seed2,E,2,gmd_03_high_bpm138.mid,2,1.0
71,25.287869842654462,25.307844463383258,19.974620728795855,16.971251564073594,True,RAL/E_seed2,E,2,gmd_03_high_bpm138.mid,2,1.0
72,25.82718460233193,25.812203636785334,-14.980965546595115,5.19110690633868,True,RAL/E_seed2,E,2,gmd_03_high_bpm138.mid,2,1.0
73,26.126803913263853,26.13679122362825,9.987310364397928,63.55775627918332,True,RAL/E_seed2,E,2,gmd_03_high_bpm138.mid,2,1.0
74,26.466372465653368,26.486347086382164,19.974620728795855,2.047700430311004,True,RAL/E_seed2,E,2,gmd_03_high_bpm138.mid,2,1.0
75,26.785966397314088,,,0.0,False,RAL/E_seed2,E,2,gmd_03_high_bpm138.mid,2,1.0
76,27.005687225330835,27.050630121970624,44.9428966397889,1.406811731315024,False,RAL/E_seed2,E,2,gmd_03_high_bpm138.mid,2,1.0
77,27.530021019461703,27.525027364279502,-4.99365518220074,2.0171819208350072,True,RAL/E_seed2,E,2,gmd_03_high_bpm138.mid,2,1.0
0,0.4194789607068033,,,0.0,False,RAL/E_seed2,E,2,gmd_03_high_bpm138.mid,3,1.0
1,0.7390819783881772,0.789019949900892,49.93797151271473,2.093478194524998,False,RAL/E_seed2,E,2,gmd_03_high_bpm138.mid,3,1.0
2,0.9588090530441218,1.003753227405565,44.94417436144316,14.48399304177984,False,RAL/E_seed2,E,2,gmd_03_high_bpm138.mid,3,1.0
3,1.6179902770119556,1.6679282485246703,49.93797151271462,7.632587664418498,False,RAL/E_seed2,E,2,gmd_03_high_bpm138.mid,3,1.0
4,2.157320369349274,2.1822893551056315,24.96898575635731,2.1545152134769907,True,RAL/E_seed2,E,2,gmd_03_high_bpm138.mid,3,1.0
5,2.496898575635734,,,0.0,False,RAL/E_seed2,E,2,gmd_03_high_bpm138.mid,3,1.0
6,2.6966504616865925,,,0.0,False,RAL/E_seed2,E,2,gmd_03_high_bpm138.mid,3,1.0
7,3.0162534793679665,3.0512100594268667,34.95658005890023,56.23331400494398,False,RAL/E_seed2,E,2,gmd_03_high_bpm138.mid,3,1.0
8,3.3558316856544264,3.3808006714107837,24.96898575635731,39.72280037842952,True,RAL/E_seed2,E,2,gmd_03_high_bpm138.mid,3,1.0
9,3.475682817284942,,,0.0,False,RAL/E_seed2,E,2,gmd_03_high_bpm138.mid,3,1.0
10,4.194789607068033,4.274690361488377,79.90075442034339,28.079989013336583,False,RAL/E_seed2,E,2,gmd_03_high_bpm138.mid,3,1.0
11,4.4344918703290634,4.48942363899305,54.931768663986524,3.9093295083468345,False,RAL/E_seed2,E,2,gmd_03_high_bpm138.mid,3,1.0
12,4.973821962666382,4.973821962666382,0.0,58.1864986114078,True,RAL/E_seed2,E,2,gmd_03_high_bpm138.mid,3,1.0
13,5.27344979174267,5.353350546163013,79.90075442034339,19.595843379009388,False,RAL/E_seed2,E,2,gmd_03_high_bpm138.mid,3,1.0
14,5.61302799802913,5.642990780936759,29.96278290762877,59.39197973570971,True,RAL/E_seed2,E,2,gmd_03_high_bpm138.mid,3,1.0
15,5.912655827105418,5.942618610013047,29.96278290762877,34.71776482436596,True,RAL/E_seed2,E,2,gmd_03_high_bpm138.mid,3,1.0
16,6.152358090366448,6.19230846757662,39.950377210171695,31.00976592303229,False,RAL/E_seed2,E,2,gmd_03_high_bpm138.mid,3,1.0
17,6.691688182703767,6.696681979855039,4.993797151271906,46.37583544419689,True,RAL/E_seed2,E,2,gmd_03_high_bpm138.mid,3,1.0
18,6.9913160117800555,7.026272591838955,34.95658005889979,39.8601336710715,False,RAL/E_seed2,E,2,gmd_03_high_bpm138.mid,3,1.0
19,7.350869406671601,7.3808321895792295,29.96278290762877,1.1931821649830496,True,RAL/E_seed2,E,2,gmd_03_high_bpm138.mid,3,1.0
20,7.690447612958061,7.715416598714418,24.968985756356865,1.4983672597430129,True,RAL/E_seed2,E,2,gmd_03_high_bpm138.mid,3,1.0
21,7.930149876219091,7.96011265912672,29.96278290762877,37.41865291299175,True,RAL/E_seed2,E,2,gmd_03_high_bpm138.mid,3,1.0
22,8.209802516690294,8.279715676808094,69.91316011779958,33.329172643208125,False,RAL/E_seed2,E,2,gmd_03_high_bpm138.mid,3,1.0
23,8.549380722976753,,,0.0,False,RAL/E_seed2,E,2,gmd_03_high_bpm138.mid,3,1.0
24,8.649256666002183,8.734151217573798,84.8945515716153,5.8777733695486525,False,RAL/E_seed2,E,2,gmd_03_high_bpm138.mid,3,1.0
25,9.113679801070429,9.128661192524243,14.981391453813941,67.67775505844293,True,RAL/E_seed2,E,2,gmd_03_high_bpm138.mid,3,1.0
26,9.408313832995445,9.45825180450816,49.93797151271551,23.654805139317013,False,RAL/E_seed2,E,2,gmd_03_high_bpm138.mid,3,1.0
27,9.667991284861563,9.712935459223004,44.944174361441824,6.045625171666632,False,RAL/E_seed2,E,2,gmd_03_high_bpm138.mid,3,1.0
28,9.987594302542936,10.017557085450564,29.962782907627883,66.67064424573505,True,RAL/E_seed2,E,2,gmd_03_high_bpm138.mid,3,1.0
29,10.30719732022431,10.347147697434481,39.950377210171695,2.047700430311004,False,RAL/E_seed2,E,2,gmd_03_high_bpm138.mid,3,1.0
30,10.866502601166713,10.891471586923071,24.968985756357753,45.52131717886899,True,RAL/E_seed2,E,2,gmd_03_high_bpm138.mid,3,1.0
31,11.191099415999359,11.23104979320953,39.950377210171695,2.5359965819269448,False,RAL/E_seed2,E,2,gmd_03_high_bpm138.mid,3,1.0
32,11.405832693504033,11.460764462168019,54.931768663985636,1.513626514481011,False,RAL/E_seed2,E,2,gmd_03_high_bpm138.mid,3,1.0
33,11.945162785841351,11.945162785841351,0.0,57.68294320505386,True,RAL/E_seed2,E,2,gmd_03_high_bpm138.mid,3,1.0
34,12.244790614917639,12.309709977884168,64.91936296652945,2.9632557145908933,False,RAL/E_seed2,E,2,gmd_03_high_bpm138.mid,3,1.0
35,12.5843688212041,12.599350212657914,14.981391453813941,27.79006317331462,True,RAL/E_seed2,E,2,gmd_03_high_bpm138.mid,3,1.0
36,12.883996650280388,12.968891201852003,84.8945515716153,4.229773857844796,False,RAL/E_seed2,E,2,gmd_03_high_bpm138.mid,3,1.0
37,13.64305381727365,,,0.0,False,RAL/E_seed2,E,2,gmd_03_high_bpm138.mid,3,1.0
38,13.922706457744853,13.94767544350121,24.968985756355977,17.352732932523548,True,RAL/E_seed2,E,2,gmd_03_high_bpm138.mid,3,1.0
39,14.302235041241484,14.327204026997842,24.968985756357753,36.80828272347176,True,RAL/E_seed2,E,2,gmd_03_high_bpm138.mid,3,1.0
40,14.621838058922858,14.666782233284302,44.9441743614436,32.81035798211613,False,RAL/E_seed2,E,2,gmd_03_high_bpm138.mid,3,1.0
41,14.861540322183888,14.896496902242788,34.95658005889979,48.3900570696127,False,RAL/E_seed2,E,2,gmd_03_high_bpm138.mid,3,1.0
42,15.186137137016534,15.216099919924163,29.96278290762966,46.787835322122895,True,RAL/E_seed2,E,2,gmd_03_high_bpm138.mid,3,1.0
43,15.500746357546637,,,0.0,False,RAL/E_seed2,E,2,gmd_03_high_bpm138.mid,3,1.0
44,15.58064711196698,15.560671923361895,-19.975188605085847,13.9956968901639,True,RAL/E_seed2,E,2,gmd_03_high_bpm138.mid,3,1.0
45,16.06504543564031,16.070039232791583,4.993797151271906,64.82427442243721,True,RAL/E_seed2,E,2,gmd_03_high_bpm138.mid,3,1.0
46,16.379654656170416,16.424598830531856,44.94417436144005,3.894070253608836,False,RAL/E_seed2,E,2,gmd_03_high_bpm138.mid,3,1.0
47,16.59938173082636,16.654313499490346,54.93176866398741,33.78695028534807,False,RAL/E_seed2,E,2,gmd_03_high_bpm138.mid,3,1.0
48,16.899009559902648,16.923978545659004,24.968985756355977,19.91628772850735,True,RAL/E_seed2,E,2,gmd_03_high_bpm138.mid,3,1.0
49,17.238587766189106,,,0.0,False,RAL/E_seed2,E,2,gmd_03_high_bpm138.mid,3,1.0
50,17.31848852060945,17.30850092630691,-9.98759430254026,9.234809411908303,True,RAL/E_seed2,E,2,gmd_03_high_bpm138.mid,3,1.0
51,17.797893047131513,17.817868235736597,19.97518860508407,12.02725302896208,True,RAL/E_seed2,E,2,gmd_03_high_bpm138.mid,3,1.0
52,18.33722313946883,18.37217971952773,34.95658005889979,41.126651814325406,False,RAL/E_seed2,E,2,gmd_03_high_bpm138.mid,3,1.0
53,18.88154702895742,18.931485000470136,49.93797151271551,19.85525070955536,False,RAL/E_seed2,E,2,gmd_03_high_bpm138.mid,3,1.0
54,19.17618106088244,19.241100423848966,64.91936296652767,1.7425153355510403,False,RAL/E_seed2,E,2,gmd_03_high_bpm138.mid,3,1.0
55,19.535734455773984,,,0.0,False,RAL/E_seed2,E,2,gmd_03_high_bpm138.mid,3,1.0
56,19.83536228485027,19.87531266206044,39.950377210171695,30.84191412091431,False,RAL/E_seed2,E,2,gmd_03_high_bpm138.mid,3,1.0
57,20.060083156657488,,,0.0,False,RAL/E_seed2,E,2,gmd_03_high_bpm138.mid,3,1.0
58,20.294791622767246,20.37469237718759,79.90075442034339,11.279549546800112,False,RAL/E_seed2,E,2,gmd_03_high_bpm138.mid,3,1.0
59,20.933997658129993,20.96396044103762,29.962782907627883,1.2542191839350425,True,RAL/E_seed2,E,2,gmd_03_high_bpm138.mid,3,1.0
60,21.57320369349274,21.643116853610543,69.91316011780313,2.3071077608569723,False,RAL/E_seed2,E,2,gmd_03_high_bpm138.mid,3,1.0
61,21.792930768148686,21.882819116871573,89.8883487228872,17.200140385143566,False,RAL/E_seed2,E,2,gmd_03_high_bpm138.mid,3,1.0
62,22.432136803511433,,,0.0,False,RAL/E_seed2,E,2,gmd_03_high_bpm138.mid,3,1.0
63,22.512037557931777,22.492062369326693,-19.97518860508407,2.459700308236954,True,RAL/E_seed2,E,2,gmd_03_high_bpm138.mid,3,1.0
64,23.31104510213521,23.37097066795047,59.92556581525932,55.516129032258064,False,RAL/E_seed2,E,2,gmd_03_high_bpm138.mid,3,1.0
65,23.530772176791157,23.590697742606416,59.92556581525932,22.891842402417048,False,RAL/E_seed2,E,2,gmd_03_high_bpm138.mid,3,1.0
66,23.85037519447253,23.880337977380158,29.962782907627883,15.704733420819746,True,RAL/E_seed2,E,2,gmd_03_high_bpm138.mid,3,1.0
67,24.169978212153904,24.204934792212804,34.95658005889979,7.373180333872472,False,RAL/E_seed2,E,2,gmd_03_high_bpm138.mid,3,1.0
68,24.249878966574247,,,0.0,False,RAL/E_seed2,E,2,gmd_03_high_bpm138.mid,3,1.0
69,24.729283493096307,24.754252478852667,24.96898575635953,4.107699819940811,True,RAL/E_seed2,E,2,gmd_03_high_bpm138.mid,3,1.0
70,25.06886169938277,25.10381827944167,34.95658005889979,50.25168614764853,False,RAL/E_seed2,E,2,gmd_03_high_bpm138.mid,3,1.0
71,25.288588774038715,25.288588774038715,0.0,1.1474044007690551,True,RAL/E_seed2,E,2,gmd_03_high_bpm138.mid,3,1.0
72,25.82791886637603,25.81793127207349,-9.98759430254026,20.602954191717263,True,RAL/E_seed2,E,2,gmd_03_high_bpm138.mid,3,1.0
73,26.12754669545232,26.157509478359948,29.962782907627883,9.097476119266322,True,RAL/E_seed2,E,2,gmd_03_high_bpm138.mid,3,1.0
74,26.46712490173878,26.542031859007853,74.90695726907148,15.93362224188972,False,RAL/E_seed2,E,2,gmd_03_high_bpm138.mid,3,1.0
75,26.786727919420155,26.821684499479055,34.95658005889979,35.92324594866787,False,RAL/E_seed2,E,2,gmd_03_high_bpm138.mid,3,1.0
76,27.006454994076098,27.096343342798985,89.8883487228872,15.39954832605973,False,RAL/E_seed2,E,2,gmd_03_high_bpm138.mid,3,1.0
77,27.5308036949596,27.5308036949596,0.0,53.16620380260629,True,RAL/E_seed2,E,2,gmd_03_high_bpm138.mid,3,1.0
0,0.41947977958170257,0.4294673933812669,9.98761379956431,1.406811731315024,True,RAL/E_seed3,E,3,gmd_03_high_bpm138.mid,1,1.0
1,0.7390834211677616,0.7440772280675438,4.993806899782238,55.2414624469741,True,RAL/E_seed3,E,3,gmd_03_high_bpm138.mid,1,1.0
2,0.9588109247581773,1.0137428006557812,54.931875897603845,18.29880672627949,False,RAL/E_seed3,E,3,gmd_03_high_bpm138.mid,1,1.0
3,1.617993435529424,1.6529500838278994,34.956648298475336,2.291848506118974,False,RAL/E_seed3,E,3,gmd_03_high_bpm138.mid,1,1.0
4,2.157324580705899,2.1423431600065523,-14.981420699346604,72.45390179143652,True,RAL/E_seed3,E,3,gmd_03_high_bpm138.mid,1,1.0
5,2.4969034498910867,2.5018972567908686,4.993806899781905,2.230811487166981,True,RAL/E_seed3,E,3,gmd_03_high_bpm138.mid,1,1.0
6,2.6966557258823736,2.716630953481502,19.97522759912851,30.033173619800408,True,RAL/E_seed3,E,3,gmd_03_high_bpm138.mid,1,1.0
7,3.016259367468433,3.0811788571656007,64.91948969716788,1.2542191839350425,False,RAL/E_seed3,E,3,gmd_03_high_bpm138.mid,1,1.0
8,3.3558382366536206,3.3708196573529667,14.98142069934616,5.709921567430673,True,RAL/E_seed3,E,3,gmd_03_high_bpm138.mid,1,1.0
9,3.4756896022483925,3.5605843195446893,84.89471729629683,7.220587786492491,False,RAL/E_seed3,E,3,gmd_03_high_bpm138.mid,1,1.0
10,4.194797795817025,,,0.0,False,RAL/E_seed3,E,3,gmd_03_high_bpm138.mid,1,1.0
11,4.43450052700657,4.479444789104609,44.94426209803937,18.64976958525345,False,RAL/E_seed3,E,3,gmd_03_high_bpm138.mid,1,1.0
12,4.973831672183045,,,0.0,False,RAL/E_seed3,E,3,gmd_03_high_bpm138.mid,1,1.0
13,5.273460086169975,5.293435313769104,19.97522759912851,14.438215277565844,True,RAL/E_seed3,E,3,gmd_03_high_bpm138.mid,1,1.0
14,5.6130389553551625,,,0.0,False,RAL/E_seed3,E,3,gmd_03_high_bpm138.mid,1,1.0
15,5.912667369342093,5.952617824540351,39.950455198257906,14.270363475447866,False,RAL/E_seed3,E,3,gmd_03_high_bpm138.mid,1,1.0
16,6.152370100531638,6.197314362629677,44.94426209803937,23.624286629841016,False,RAL/E_seed3,E,3,gmd_03_high_bpm138.mid,1,1.0
17,6.691701245708112,6.726657894006587,34.95664829847556,16.26932584612568,False,RAL/E_seed3,E,3,gmd_03_high_bpm138.mid,1,1.0
18,6.991329659695042,7.0113048872941715,19.975227599129397,26.081026642658777,True,RAL/E_seed3,E,3,gmd_03_high_bpm138.mid,1,1.0
19,7.350883756479359,7.370858984078487,19.97522759912851,31.711691640980263,True,RAL/E_seed3,E,3,gmd_03_high_bpm138.mid,1,1.0
20,7.690462625664547,7.700450239464111,9.98761379956381,32.12369151890621,True,RAL/E_seed3,E,3,gmd_03_high_bpm138.mid,1,1.0
21,7.930165356854091,7.970115812052349,39.950455198257906,9.43317972350228,False,RAL/E_seed3,E,3,gmd_03_high_bpm138.mid,1,1.0
22,8.209818543241893,8.279731839838844,69.91329659695111,2.3986632892849613,False,RAL/E_seed3,E,3,gmd_03_high_bpm138.mid,1,1.0
23,8.54939741242708,8.539409798627517,-9.987613799562922,47.108279671620856,True,RAL/E_seed3,E,3,gmd_03_high_bpm138.mid,1,1.0
24,8.649273550422723,8.669248778021853,19.975227599129397,3.1463667714468717,True,RAL/E_seed3,E,3,gmd_03_high_bpm138.mid,1,1.0
25,9.113697592102467,9.083734750703773,-29.962841398694096,19.351695303201417,True,RAL/E_seed3,E,3,gmd_03_high_bpm138.mid,1,1.0
26,9.408332199189614,9.433301233688525,24.969034498910858,10.852290414136164,True,RAL/E_seed3,E,3,gmd_03_high_bpm138.mid,1,1.0
27,9.668010157978287,9.692979192477198,24.969034498910858,59.36146122623372,True,RAL/E_seed3,E,3,gmd_03_high_bpm138.mid,1,1.0
28,9.987613799564347,10.007589027163474,19.97522759912762,31.60487685781428,True,RAL/E_seed3,E,3,gmd_03_high_bpm138.mid,1,1.0
29,10.307217441150405,10.302223634250623,-4.993806899781461,9.44843897824028,True,RAL/E_seed3,E,3,gmd_03_high_bpm138.mid,1,1.0
30,10.866523813926008,10.896486655324702,29.962841398694096,3.9245887630848326,True,RAL/E_seed3,E,3,gmd_03_high_bpm138.mid,1,1.0
31,11.19112126241185,11.221084103810544,29.962841398694096,7.418958098086467,True,RAL/E_seed3,E,3,gmd_03_high_bpm138.mid,1,1.0
32,11.405854959102484,11.470774448799652,64.91948969716788,20.786065248573244,False,RAL/E_seed3,E,3,gmd_03_high_bpm138.mid,1,1.0
33,11.945186104278958,11.935198490479394,-9.987613799564699,11.76784569841611,True,RAL/E_seed3,E,3,gmd_03_high_bpm138.mid,1,1.0
34,12.244814518265889,12.239820711366107,-4.993806899781461,89.78841517380293,True,RAL/E_seed3,E,3,gmd_03_high_bpm138.mid,1,1.0
35,12.584393387451076,12.609362421949987,24.969034498910858,11.889919736320095,True,RAL/E_seed3,E,3,gmd_03_high_bpm138.mid,1,1.0
36,12.884021801438006,12.874034187638442,-9.987613799564699,13.797326578569924,True,RAL/E_seed3,E,3,gmd_03_high_bpm138.mid,1,1.0
37,13.643080450204897,13.658061870904243,14.98142069934616,9.494216742454274,True,RAL/E_seed3,E,3,gmd_03_high_bpm138.mid,1,1.0
38,13.9227336365927,13.937715057292046,14.98142069934616,1.5746635334330037,True,RAL/E_seed3,E,3,gmd_03_high_bpm138.mid,1,1.0
39,14.302262960976144,14.302262960976144,0.0,22.235694448683127,True,RAL/E_seed3,E,3,gmd_03_high_bpm138.mid,1,1.0
40,14.621866602562203,14.641841830161331,19.97522759912762,6.747550889614548,True,RAL/E_seed3,E,3,gmd_03_high_bpm138.mid,1,1.0
41,14.861569333751747,14.906513595849788,44.944262098040255,2.82592242194891,False,RAL/E_seed3,E,3,gmd_03_high_bpm138.mid,1,1.0
42,15.186166782237589,15.16619155463846,-19.975227599129397,86.88915677358317,True,RAL/E_seed3,E,3,gmd_03_high_bpm138.mid,1,1.0
43,15.500776616923865,15.500776616923865,0.0,2.093478194524998,True,RAL/E_seed3,E,3,gmd_03_high_bpm138.mid,1,1.0
44,15.58067752732038,15.605646561819292,24.969034498910858,3.0853297524948786,True,RAL/E_seed3,E,3,gmd_03_high_bpm138.mid,1,1.0
45,16.06507679659925,16.10502725179751,39.950455198258794,21.091250343333208,False,RAL/E_seed3,E,3,gmd_03_high_bpm138.mid,1,1.0
46,16.379686631285526,16.40465566578444,24.969034498912634,10.333475753044226,True,RAL/E_seed3,E,3,gmd_03_high_bpm138.mid,1,1.0
47,16.599414134875943,,,0.0,False,RAL/E_seed3,E,3,gmd_03_high_bpm138.mid,1,1.0
48,16.899042548862873,16.91402396956222,14.98142069934616,22.418805505539105,True,RAL/E_seed3,E,3,gmd_03_high_bpm138.mid,1,1.0
49,17.238621418048062,17.25859664564719,19.975227599129397,38.15109714041566,True,RAL/E_seed3,E,3,gmd_03_high_bpm138.mid,1,1.0
50,17.318522328444576,17.35347897674305,34.95664829847556,4.367107150486779,False,RAL/E_seed3,E,3,gmd_03_high_bpm138.mid,1,1.0
51,17.797927790823664,17.777952563224538,-19.975227599125844,43.88857692190313,True,RAL/E_seed3,E,3,gmd_03_high_bpm138.mid,1,1.0
52,18.33725893600014,18.35723416359927,19.975227599129397,82.20456556901763,True,RAL/E_seed3,E,3,gmd_03_high_bpm138.mid,1,1.0
53,18.881583888076396,18.881583888076396,0.0,27.54591509750665,True,RAL/E_seed3,E,3,gmd_03_high_bpm138.mid,1,1.0
54,19.176218495163546,19.18620610896311,9.987613799562922,79.33582567827386,True,RAL/E_seed3,E,3,gmd_03_high_bpm138.mid,1,1.0
55,19.53577259194786,19.510803557448952,-24.96903449890908,9.585772270882316,True,RAL/E_seed3,E,3,gmd_03_high_bpm138.mid,1,1.0
56,19.83540100593479,19.830407199035008,-4.993806899783237,41.53865169225136,True,RAL/E_seed3,E,3,gmd_03_high_bpm138.mid,1,1.0
57,20.06012231642499,20.10506657852303,44.94426209803848,11.20325327311012,False,RAL/E_seed3,E,3,gmd_03_high_bpm138.mid,1,1.0
58,20.294831240714753,20.31480646831388,19.975227599125844,13.49214148380996,True,RAL/E_seed3,E,3,gmd_03_high_bpm138.mid,1,1.0
59,20.93403852388687,,,0.0,False,RAL/E_seed3,E,3,gmd_03_high_bpm138.mid,1,1.0
60,21.57324580705899,21.60320864845768,29.96284139869232,29.51435895870847,True,RAL/E_seed3,E,3,gmd_03_high_bpm138.mid,1,1.0
61,21.792973310649405,21.842911379647227,49.938068997821716,48.4205755790887,False,RAL/E_seed3,E,3,gmd_03_high_bpm138.mid,1,1.0
62,22.43218059382152,22.45215582142065,19.975227599129397,7.510513626514456,True,RAL/E_seed3,E,3,gmd_03_high_bpm138.mid,1,1.0
63,22.512081504218038,,,0.0,False,RAL/E_seed3,E,3,gmd_03_high_bpm138.mid,1,1.0
64,23.311090608183186,23.356034870281224,44.94426209803848,31.80324716940825,False,RAL/E_seed3,E,3,gmd_03_high_bpm138.mid,1,1.0
65,23.5308181117736,23.565774760072074,34.95664829847556,18.115695669423516,False,RAL/E_seed3,E,3,gmd_03_high_bpm138.mid,1,1.0
66,23.850421753359658,23.865403174059004,14.98142069934616,19.0770287179174,True,RAL/E_seed3,E,3,gmd_03_high_bpm138.mid,1,1.0
67,24.170025394945718,24.1750192018455,4.993806899783237,1.0863673818170625,True,RAL/E_seed3,E,3,gmd_03_high_bpm138.mid,1,1.0
68,24.249926305342232,24.224957270843323,-24.96903449890908,1.91036713766902,True,RAL/E_seed3,E,3,gmd_03_high_bpm138.mid,1,1.0
69,24.729331767721323,24.74431318842067,14.98142069934616,35.633320108645904,True,RAL/E_seed3,E,3,gmd_03_high_bpm138.mid,1,1.0
70,25.06891063690651,25.058923023106946,-9.987613799562922,28.24784081545457,True,RAL/E_seed3,E,3,gmd_03_high_bpm138.mid,1,1.0
71,25.288638140496925,25.333582402594963,44.94426209803848,19.30591753898737,False,RAL/E_seed3,E,3,gmd_03_high_bpm138.mid,1,1.0
72,25.8279692856734,25.822975478773618,-4.993806899783237,18.100436414685515,True,RAL/E_seed3,E,3,gmd_03_high_bpm138.mid,1,1.0
73,26.12759769966033,26.15256673415924,24.96903449890908,10.88280892361216,True,RAL/E_seed3,E,3,gmd_03_high_bpm138.mid,1,1.0
74,26.467176568845517,26.462182761945737,-4.993806899779685,22.31199072237312,True,RAL/E_seed3,E,3,gmd_03_high_bpm138.mid,1,1.0
75,26.786780210431576,26.786780210431576,0.0,55.98916592913601,True,RAL/E_seed3,E,3,gmd_03_high_bpm138.mid,1,1.0
76,27.006507714021993,27.04146436232047,34.95664829847556,1.3915524765770255,False,RAL/E_seed3,E,3,gmd_03_high_bpm138.mid,1,1.0
77,27.530857438499122,27.54583885919847,14.98142069934616,13.843104342783915,True,RAL/E_seed3,E,3,gmd_03_high_bpm138.mid,1,1.0
0,0.4194773898702268,0.40948983296855473,-9.987556901672079,89.26960051271094,True,RAL/E_seed3,E,3,gmd_03_high_bpm138.mid,2,1.0
1,0.739079210723733,0.7240978753712248,-14.981335352508118,12.378215887936037,True,RAL/E_seed3,E,3,gmd_03_high_bpm138.mid,2,1.0
2,0.9588054625605185,0.9787805763638625,19.975113803344048,15.826807458723732,True,RAL/E_seed3,E,3,gmd_03_high_bpm138.mid,2,1.0
3,1.6179842180708748,1.6679220025792352,49.937784508360394,20.862361522263235,False,RAL/E_seed3,E,3,gmd_03_high_bpm138.mid,2,1.0
4,2.1573122907611664,2.1972625183678547,39.950227606688316,23.105471968749026,False,RAL/E_seed3,E,3,gmd_03_high_bpm138.mid,2,1.0
5,2.4968892254180166,2.5168643392213608,19.975113803344158,23.59376812036502,True,RAL/E_seed3,E,3,gmd_03_high_bpm138.mid,2,1.0
6,2.696640363451458,2.741584369508982,44.94400605752391,2.4291817987609576,False,RAL/E_seed3,E,3,gmd_03_high_bpm138.mid,2,1.0
7,3.0162421843049643,3.0112484058541282,-4.993778450836039,11.752586443678112,True,RAL/E_seed3,E,3,gmd_03_high_bpm138.mid,2,1.0
8,3.3558191189618145,3.3658066758634866,9.987556901672079,7.190069277016495,True,RAL/E_seed3,E,3,gmd_03_high_bpm138.mid,2,1.0
9,3.475669801781879,,,0.0,False,RAL/E_seed3,E,3,gmd_03_high_bpm138.mid,2,1.0
10,4.194773898702268,4.209755234054776,14.981335352508118,31.74221015045626,True,RAL/E_seed3,E,3,gmd_03_high_bpm138.mid,2,1.0
11,4.434475264342398,4.484413048850758,49.937784508360394,4.412884914700774,False,RAL/E_seed3,E,3,gmd_03_high_bpm138.mid,2,1.0
12,4.973803337032689,4.993778450836033,19.975113803344158,2.108737449262996,True,RAL/E_seed3,E,3,gmd_03_high_bpm138.mid,2,1.0
13,5.273430044082851,5.2884113794353595,14.981335352508118,11.111697744682132,True,RAL/E_seed3,E,3,gmd_03_high_bpm138.mid,2,1.0
14,5.613006978739701,5.598025643387193,-14.981335352508118,41.50813318277536,True,RAL/E_seed3,E,3,gmd_03_high_bpm138.mid,2,1.0
15,5.912633685789864,5.932608799593208,19.975113803344158,8.410809656056404,True,RAL/E_seed3,E,3,gmd_03_high_bpm138.mid,2,1.0
16,6.1523350514299935,6.192285279036682,39.950227606688316,9.570513016144318,False,RAL/E_seed3,E,3,gmd_03_high_bpm138.mid,2,1.0
17,6.691663124120285,6.696656902571121,4.993778450836039,46.2690206610309,True,RAL/E_seed3,E,3,gmd_03_high_bpm138.mid,2,1.0
18,6.991289831170446,6.991289831170446,0.0,67.63197729422893,True,RAL/E_seed3,E,3,gmd_03_high_bpm138.mid,2,1.0
19,7.350841879630641,7.355835658081477,4.993778450836039,28.38517410809655,True,RAL/E_seed3,E,3,gmd_03_high_bpm138.mid,2,1.0
20,7.690418814287491,7.685425035836655,-4.993778450836039,38.02902310251167,True,RAL/E_seed3,E,3,gmd_03_high_bpm138.mid,2,1.0
21,7.930120179927621,7.950095293730965,19.975113803344158,51.7928708761864,True,RAL/E_seed3,E,3,gmd_03_high_bpm138.mid,2,1.0
22,8.209771773174438,8.204777994723603,-4.993778450835151,7.067995239112509,True,RAL/E_seed3,E,3,gmd_03_high_bpm138.mid,2,1.0
23,8.549348707831289,8.579311378536305,29.962670705016237,1.1626636555070533,True,RAL/E_seed3,E,3,gmd_03_high_bpm138.mid,2,1.0
24,8.64922427684801,,,0.0,False,RAL/E_seed3,E,3,gmd_03_high_bpm138.mid,2,1.0
25,9.11364567277576,9.083683002070744,-29.962670705016237,2.352885525070967,True,RAL/E_seed3,E,3,gmd_03_high_bpm138.mid,2,1.0
26,9.408278601375088,9.423259936727595,14.98133535250723,22.601916562395083,True,RAL/E_seed3,E,3,gmd_03_high_bpm138.mid,2,1.0
27,9.66795508081856,9.697917751523576,29.962670705016237,54.09701834162418,True,RAL/E_seed3,E,3,gmd_03_high_bpm138.mid,2,1.0
28,9.987556901672066,9.97257556631956,-14.98133535250723,16.1014740440077,True,RAL/E_seed3,E,3,gmd_03_high_bpm138.mid,2,1.0
29,10.307158722525573,10.317146279427245,9.987556901672079,29.78902554399244,True,RAL/E_seed3,E,3,gmd_03_high_bpm138.mid,2,1.0
30,10.86646190901921,10.90141835817506,34.95644915585139,25.058656575212844,False,RAL/E_seed3,E,3,gmd_03_high_bpm138.mid,2,1.0
31,11.191057508323551,11.181069951421879,-9.987556901672079,8.792291024506358,True,RAL/E_seed3,E,3,gmd_03_high_bpm138.mid,2,1.0
32,11.4057899817095,11.425765095512844,19.975113803344158,12.85125278481398,True,RAL/E_seed3,E,3,gmd_03_high_bpm138.mid,2,1.0
33,11.945118054399792,11.930136719047283,-14.981335352509006,2.0324411755730054,True,RAL/E_seed3,E,3,gmd_03_high_bpm138.mid,2,1.0
34,12.244744761449954,12.259726096802462,14.98133535250723,19.168584246345382,True,RAL/E_seed3,E,3,gmd_03_high_bpm138.mid,2,1.0
35,12.584321696106803,12.594309253008475,9.987556901672079,31.00976592303229,True,RAL/E_seed3,E,3,gmd_03_high_bpm138.mid,2,1.0
36,12.883948403156966,12.893935960058638,9.987556901672079,26.12680440687277,True,RAL/E_seed3,E,3,gmd_03_high_bpm138.mid,2,1.0
37,13.643002727684044,13.652990284585716,9.987556901672079,64.13760795922725,True,RAL/E_seed3,E,3,gmd_03_high_bpm138.mid,2,1.0
38,13.92265432093086,13.917660542480025,-4.993778450835151,67.78456984160891,True,RAL/E_seed3,E,3,gmd_03_high_bpm138.mid,2,1.0
39,14.3021814831944,14.307175261645236,4.993778450836928,29.65169225135045,True,RAL/E_seed3,E,3,gmd_03_high_bpm138.mid,2,1.0
40,14.621783304047906,14.64175841785125,19.975113803344158,9.662068544572309,True,RAL/E_seed3,E,3,gmd_03_high_bpm138.mid,2,1.0
41,14.861484669688036,14.906428675745559,44.94400605752347,10.928586687826154,False,RAL/E_seed3,E,3,gmd_03_high_bpm138.mid,2,1.0
42,15.186080268992377,15.191074047443214,4.993778450836928,27.9731742301706,True,RAL/E_seed3,E,3,gmd_03_high_bpm138.mid,2,1.0
43,15.500688311395047,15.5356447605509,34.956449155853164,10.22666096987824,False,RAL/E_seed3,E,3,gmd_03_high_bpm138.mid,2,1.0
44,15.580588766608424,15.61055143731344,29.962670705016237,4.138218329416807,True,RAL/E_seed3,E,3,gmd_03_high_bpm138.mid,2,1.0
45,16.06498527633952,16.05000394098701,-14.981335352509006,32.29154332102419,True,RAL/E_seed3,E,3,gmd_03_high_bpm138.mid,2,1.0
46,16.379593318742188,16.409555989447206,29.962670705018013,4.916440321054713,True,RAL/E_seed3,E,3,gmd_03_high_bpm138.mid,2,1.0
47,16.599319570578974,16.619294684382318,19.975113803344158,36.9608752708518,True,RAL/E_seed3,E,3,gmd_03_high_bpm138.mid,2,1.0
48,16.898946277629136,16.888958720727466,-9.987556901670303,44.05642872402111,True,RAL/E_seed3,E,3,gmd_03_high_bpm138.mid,2,1.0
49,17.238523212285987,17.27347966144184,34.956449155853164,9.768883327738294,False,RAL/E_seed3,E,3,gmd_03_high_bpm138.mid,2,1.0
50,17.318423667499363,17.318423667499363,0.0,4.595995971556752,True,RAL/E_seed3,E,3,gmd_03_high_bpm138.mid,2,1.0
51,17.797826398779623,17.83777662638631,39.950227606688316,10.623401593066191,False,RAL/E_seed3,E,3,gmd_03_high_bpm138.mid,2,1.0
52,18.337154471469916,18.39208603442911,54.93156295919377,25.852137821588805,False,RAL/E_seed3,E,3,gmd_03_high_bpm138.mid,2,1.0
53,18.881476322611043,18.911438993316057,29.96267070501446,5.465773491622647,True,RAL/E_seed3,E,3,gmd_03_high_bpm138.mid,2,1.0
54,19.176109251210367,19.181103029661205,4.993778450838704,15.15540025025176,True,RAL/E_seed3,E,3,gmd_03_high_bpm138.mid,2,1.0
55,19.53566129967056,19.5406550781214,4.993778450838704,1.3457747123630313,True,RAL/E_seed3,E,3,gmd_03_high_bpm138.mid,2,1.0
56,19.835288006720724,19.850269342073233,14.981335352509006,5.64888454847868,True,RAL/E_seed3,E,3,gmd_03_high_bpm138.mid,2,1.0
57,20.060008037008345,20.094964486164198,34.956449155853164,15.14014099551376,False,RAL/E_seed3,E,3,gmd_03_high_bpm138.mid,2,1.0
58,20.29471562419764,20.334665851804328,39.950227606688316,29.45332193975648,False,RAL/E_seed3,E,3,gmd_03_high_bpm138.mid,2,1.0
59,20.933919265904652,20.918937930552143,-14.981335352509006,26.676137577440706,True,RAL/E_seed3,E,3,gmd_03_high_bpm138.mid,2,1.0
60,21.573122907611666,21.60308557831668,29.96267070501446,1.040589617603068,True,RAL/E_seed3,E,3,gmd_03_high_bpm138.mid,2,1.0
61,21.79284915944845,21.847780722407645,54.93156295919377,19.21436201055938,False,RAL/E_seed3,E,3,gmd_03_high_bpm138.mid,2,1.0
62,22.43205280115546,22.44703413650797,14.981335352509006,17.62739951780757,True,RAL/E_seed3,E,3,gmd_03_high_bpm138.mid,2,1.0
63,22.511953256368837,22.501965699467167,-9.987556901670303,2.6275521103549337,True,RAL/E_seed3,E,3,gmd_03_high_bpm138.mid,2,1.0
64,23.310957808502604,23.295976473150095,-14.981335352509006,26.88976714377268,True,RAL/E_seed3,E,3,gmd_03_high_bpm138.mid,2,1.0
65,23.53068406033939,23.585615623298587,54.93156295919732,35.84694967497788,False,RAL/E_seed3,E,3,gmd_03_high_bpm138.mid,2,1.0
66,23.850285881192896,23.85527965964373,4.993778450835151,13.858363597521915,True,RAL/E_seed3,E,3,gmd_03_high_bpm138.mid,2,1.0
67,24.169887702046402,24.184869037398908,14.981335352505454,9.387401959288288,True,RAL/E_seed3,E,3,gmd_03_high_bpm138.mid,2,1.0
68,24.24978815725978,24.289738384866467,39.950227606688316,7.357921079134474,False,RAL/E_seed3,E,3,gmd_03_high_bpm138.mid,2,1.0
69,24.72919088854004,24.749166002343383,19.975113803344158,9.219550157170309,True,RAL/E_seed3,E,3,gmd_03_high_bpm138.mid,2,1.0
70,25.068767823196886,25.07875538009856,9.987556901673855,12.897030549027974,True,RAL/E_seed3,E,3,gmd_03_high_bpm138.mid,2,1.0
71,25.28849407503367,25.31845674573869,29.962670705018013,19.30591753898737,True,RAL/E_seed3,E,3,gmd_03_high_bpm138.mid,2,1.0
72,25.827822147723964,25.812840812371455,-14.981335352509006,47.39820551164282,True,RAL/E_seed3,E,3,gmd_03_high_bpm138.mid,2,1.0
73,26.127448854774126,26.16240530392998,34.956449155853164,6.793328653828542,False,RAL/E_seed3,E,3,gmd_03_high_bpm138.mid,2,1.0
74,26.467025789430977,26.48700090323432,19.975113803344158,20.435102389599287,True,RAL/E_seed3,E,3,gmd_03_high_bpm138.mid,2,1.0
75,26.786627610284484,26.806602724087828,19.975113803344158,1.986663411359011,True,RAL/E_seed3,E,3,gmd_03_high_bpm138.mid,2,1.0
76,27.00635386212127,27.04131031127712,34.95644915584961,29.68221076082645,False,RAL/E_seed3,E,3,gmd_03_high_bpm138.mid,2,1.0
77,27.530700599459053,27.515719264106544,-14.981335352509006,70.94323557237465,True,RAL/E_seed3,E,3,gmd_03_high_bpm138.mid,2,1.0
0,0.41951496758232987,0.4344976449959845,14.98267741365461,91.68056276131476,True,RAL/E_seed3,E,3,gmd_03_high_bpm138.mid,3,1.0
1,0.7391454190736287,0.7441396448781803,4.994225804551555,60.84160893581959,True,RAL/E_seed3,E,3,gmd_03_high_bpm138.mid,3,1.0
2,0.9588913544738968,1.0138278383239638,54.936483850067,9.829920346690288,False,RAL/E_seed3,E,3,gmd_03_high_bpm138.mid,3,1.0
3,1.6181291606747008,1.6181291606747008,0.0,17.07806634723958,True,RAL/E_seed3,E,3,gmd_03_high_bpm138.mid,3,1.0
4,2.157505547566268,2.1475170959571646,-9.988451609103333,4.901181066316715,True,RAL/E_seed3,E,3,gmd_03_high_bpm138.mid,3,1.0
5,2.4971129022757728,2.507101353884876,9.988451609103333,28.034211249122592,True,RAL/E_seed3,E,3,gmd_03_high_bpm138.mid,3,1.0
6,2.6968819344578345,2.7518184183079017,54.93648385006722,19.382213812677414,False,RAL/E_seed3,E,3,gmd_03_high_bpm138.mid,3,1.0
7,3.0165123859491336,3.0414835149718913,24.971129022757665,29.51435895870847,True,RAL/E_seed3,E,3,gmd_03_high_bpm138.mid,3,1.0
8,3.356119740658639,3.3810908696813966,24.971129022757665,28.430951872310544,True,RAL/E_seed3,E,3,gmd_03_high_bpm138.mid,3,1.0
9,3.475981159967876,3.575865676058907,99.8845160910311,5.297921689504667,False,RAL/E_seed3,E,3,gmd_03_high_bpm138.mid,3,1.0
10,4.1951496758232985,4.280051514500674,84.90183867737588,24.67717520676289,False,RAL/E_seed3,E,3,gmd_03_high_bpm138.mid,3,1.0
11,4.434872514441772,4.504791675705494,69.919161263722,25.54695272682884,False,RAL/E_seed3,E,3,gmd_03_high_bpm138.mid,3,1.0
12,4.97424890133334,4.97424890133334,0.0,8.838068788720353,True,RAL/E_seed3,E,3,gmd_03_high_bpm138.mid,3,1.0
13,5.273902449606433,5.2888851270200865,14.982677413653889,2.1392559587389925,True,RAL/E_seed3,E,3,gmd_03_high_bpm138.mid,3,1.0
14,5.613509804315937,5.628492481729592,14.982677413654777,4.260292367320792,True,RAL/E_seed3,E,3,gmd_03_high_bpm138.mid,3,1.0
15,5.91316335258903,5.91316335258903,0.0,1.5746635334330037,True,RAL/E_seed3,E,3,gmd_03_high_bpm138.mid,3,1.0
16,6.152886191207505,6.197834223448468,44.94803224096344,32.82561723685413,False,RAL/E_seed3,E,3,gmd_03_high_bpm138.mid,3,1.0
17,6.692262578099071,6.687268352294519,-4.994225804551888,16.66606646931363,True,RAL/E_seed3,E,3,gmd_03_high_bpm138.mid,3,1.0
18,6.991916126372164,6.996910352176716,4.994225804551888,26.264137699514755,True,RAL/E_seed3,E,3,gmd_03_high_bpm138.mid,3,1.0
19,7.351500384299875,7.371477287518082,19.976903218206665,18.863399151585423,True,RAL/E_seed3,E,3,gmd_03_high_bpm138.mid,3,1.0
20,7.6911077390093805,7.686113513204829,-4.994225804551888,21.28962065492724,True,RAL/E_seed3,E,3,gmd_03_high_bpm138.mid,3,1.0
21,7.930830577627854,7.975778609868819,44.94803224096433,39.12768944364759,False,RAL/E_seed3,E,3,gmd_03_high_bpm138.mid,3,1.0
22,8.210507222682741,8.20551299687819,-4.994225804551888,70.66856898709068,True,RAL/E_seed3,E,3,gmd_03_high_bpm138.mid,3,1.0
23,8.550114577392247,8.580079932219556,29.965354827309554,1.2847376934110386,True,RAL/E_seed3,E,3,gmd_03_high_bpm138.mid,3,1.0
24,8.649999093483277,,,0.0,False,RAL/E_seed3,E,3,gmd_03_high_bpm138.mid,3,1.0
25,9.114462093306571,9.07950251267471,-34.95958063186144,62.07760856959744,False,RAL/E_seed3,E,3,gmd_03_high_bpm138.mid,3,1.0
26,9.409121415775113,9.449075222211524,39.953806436411554,26.87450788903468,False,RAL/E_seed3,E,3,gmd_03_high_bpm138.mid,3,1.0
27,9.668821157611793,9.723757641461859,54.93648385006544,16.788140507217616,False,RAL/E_seed3,E,3,gmd_03_high_bpm138.mid,3,1.0
28,9.988451609103091,9.993445834907643,4.994225804551888,1.986663411359011,True,RAL/E_seed3,E,3,gmd_03_high_bpm138.mid,3,1.0
29,10.30808206059439,10.328058963812596,19.976903218205777,7.388439588610471,True,RAL/E_seed3,E,3,gmd_03_high_bpm138.mid,3,1.0
30,10.867435350704163,10.92237183455423,54.93648385006722,6.73229163487655,False,RAL/E_seed3,E,3,gmd_03_high_bpm138.mid,3,1.0
31,11.192060028000014,11.187065802195463,-4.994225804551888,47.443983275856816,True,RAL/E_seed3,E,3,gmd_03_high_bpm138.mid,3,1.0
32,11.40681173759573,11.4717366730549,64.924935459171,9.662068544572309,False,RAL/E_seed3,E,3,gmd_03_high_bpm138.mid,3,1.0
33,11.946188124487298,11.941193898682746,-4.994225804551888,42.83568834498126,True,RAL/E_seed3,E,3,gmd_03_high_bpm138.mid,3,1.0
34,12.24584167276039,12.270812801783148,24.971129022757665,40.98931852168342,True,RAL/E_seed3,E,3,gmd_03_high_bpm138.mid,3,1.0
35,12.585449027469895,12.605425930688101,19.976903218205777,26.76769310586869,True,RAL/E_seed3,E,3,gmd_03_high_bpm138.mid,3,1.0
36,12.885102575742987,12.910073704765745,24.971129022757665,10.272438734092232,True,RAL/E_seed3,E,3,gmd_03_high_bpm138.mid,3,1.0
37,13.644224898034823,13.649219123839375,4.994225804551888,21.83895382549517,True,RAL/E_seed3,E,3,gmd_03_high_bpm138.mid,3,1.0
38,13.923901543089709,13.963855349526122,39.95380643641333,10.837031159398164,False,RAL/E_seed3,E,3,gmd_03_high_bpm138.mid,3,1.0
39,14.303462704235628,14.288480026821972,-14.982677413655665,61.070497756889566,True,RAL/E_seed3,E,3,gmd_03_high_bpm138.mid,3,1.0
40,14.623093155726925,14.653058510554235,29.965354827309554,9.02117984557633,True,RAL/E_seed3,E,3,gmd_03_high_bpm138.mid,3,1.0
41,14.8628159943454,14.937729381413673,74.913387068273,33.5580614642781,False,RAL/E_seed3,E,3,gmd_03_high_bpm138.mid,3,1.0
42,15.18744067164125,15.177452220032148,-9.988451609102,13.01910458693196,True,RAL/E_seed3,E,3,gmd_03_high_bpm138.mid,3,1.0
43,15.502076897327997,15.527048026350755,24.971129022757665,28.62932218390452,True,RAL/E_seed3,E,3,gmd_03_high_bpm138.mid,3,1.0
44,15.581984510200822,15.596967187614478,14.982677413655665,4.1992553483688,True,RAL/E_seed3,E,3,gmd_03_high_bpm138.mid,3,1.0
45,16.066424413242324,16.051441735828668,-14.982677413655665,47.535538804284805,True,RAL/E_seed3,E,3,gmd_03_high_bpm138.mid,3,1.0
46,16.38106063892907,16.386054864733623,4.994225804551888,43.78176213873714,True,RAL/E_seed3,E,3,gmd_03_high_bpm138.mid,3,1.0
47,16.600806574329336,16.690702638811267,89.89606448193044,2.566515091402941,False,RAL/E_seed3,E,3,gmd_03_high_bpm138.mid,3,1.0
48,16.900460122602432,16.900460122602432,0.0,2.24607074190498,True,RAL/E_seed3,E,3,gmd_03_high_bpm138.mid,3,1.0
49,17.240067477311936,17.369917348230278,129.849870918342,3.634662923062813,False,RAL/E_seed3,E,3,gmd_03_high_bpm138.mid,3,1.0
50,17.319975090184762,17.295003961162003,-24.971129022759442,15.964140751365717,True,RAL/E_seed3,E,3,gmd_03_high_bpm138.mid,3,1.0
51,17.799420767421708,,,0.0,False,RAL/E_seed3,E,3,gmd_03_high_bpm138.mid,3,1.0
52,18.338797154313276,18.353779831726932,14.982677413655665,38.04428235724967,True,RAL/E_seed3,E,3,gmd_03_high_bpm138.mid,3,1.0
53,18.883167767009393,18.87817354120484,-4.994225804551888,2.780144657734916,True,RAL/E_seed3,E,3,gmd_03_high_bpm138.mid,3,1.0
54,19.177827089477937,19.227769347523452,49.94225804551533,46.07065034943693,False,RAL/E_seed3,E,3,gmd_03_high_bpm138.mid,3,1.0
55,19.537411347405648,19.51244021838289,-24.971129022759442,56.43168431653801,True,RAL/E_seed3,E,3,gmd_03_high_bpm138.mid,3,1.0
56,19.83706489567874,19.867030250506048,29.965354827307777,34.168431653798024,True,RAL/E_seed3,E,3,gmd_03_high_bpm138.mid,3,1.0
57,20.06180505688356,20.101758863319972,39.953806436411554,2.612292855616936,False,RAL/E_seed3,E,3,gmd_03_high_bpm138.mid,3,1.0
58,20.29653366969748,20.32150479872024,24.971129022759442,5.160588396862684,True,RAL/E_seed3,E,3,gmd_03_high_bpm138.mid,3,1.0
59,20.93579457268008,20.93080034687553,-4.994225804551888,50.06857509079255,True,RAL/E_seed3,E,3,gmd_03_high_bpm138.mid,3,1.0
60,21.575055475662676,21.580049701467228,4.994225804551888,59.62086855677968,True,RAL/E_seed3,E,3,gmd_03_high_bpm138.mid,3,1.0
61,21.794801411062945,,,0.0,False,RAL/E_seed3,E,3,gmd_03_high_bpm138.mid,3,1.0
62,22.434062314045544,22.474016120481956,39.953806436411554,1.1474044007690551,False,RAL/E_seed3,E,3,gmd_03_high_bpm138.mid,3,1.0
63,22.513969926918367,,,0.0,False,RAL/E_seed3,E,3,gmd_03_high_bpm138.mid,3,1.0
64,23.313046055646616,23.313046055646616,0.0,51.88442640461439,True,RAL/E_seed3,E,3,gmd_03_high_bpm138.mid,3,1.0
65,23.532791991046885,23.567751571678745,34.959580631859666,23.12073122348702,False,RAL/E_seed3,E,3,gmd_03_high_bpm138.mid,3,1.0
66,23.85242244253818,23.84243399092908,-9.988451609100224,16.66606646931363,True,RAL/E_seed3,E,3,gmd_03_high_bpm138.mid,3,1.0
67,24.17205289402948,24.16705866822493,-4.994225804551888,56.019684438612,True,RAL/E_seed3,E,3,gmd_03_high_bpm138.mid,3,1.0
68,24.251960506902307,24.316885442361475,64.92493545916744,1.696737571336989,False,RAL/E_seed3,E,3,gmd_03_high_bpm138.mid,3,1.0
69,24.731406184139253,,,0.0,False,RAL/E_seed3,E,3,gmd_03_high_bpm138.mid,3,1.0
70,25.07101353884876,25.085996216262416,14.982677413655665,44.37687307351907,True,RAL/E_seed3,E,3,gmd_03_high_bpm138.mid,3,1.0
71,25.29075947424903,25.345695958099096,54.93648385006722,15.781029694509735,False,RAL/E_seed3,E,3,gmd_03_high_bpm138.mid,3,1.0
72,25.830135861140594,25.84511853855425,14.982677413655665,22.479842524491097,True,RAL/E_seed3,E,3,gmd_03_high_bpm138.mid,3,1.0
73,26.129789409413686,26.129789409413686,0.0,70.43968016602071,True,RAL/E_seed3,E,3,gmd_03_high_bpm138.mid,3,1.0
74,26.469396764123193,26.4993621189505,29.965354827307777,14.422956022827847,True,RAL/E_seed3,E,3,gmd_03_high_bpm138.mid,3,1.0
75,26.789027215614492,26.838969473660008,49.94225804551533,9.921475875118276,False,RAL/E_seed3,E,3,gmd_03_high_bpm138.mid,3,1.0
76,27.008773151014758,27.03873850584207,29.96535482731133,36.91509750663781,True,RAL/E_seed3,E,3,gmd_03_high_bpm138.mid,3,1.0
77,27.53316686049267,27.53316686049267,0.0,19.015991698965404,True,RAL/E_seed3,E,3,gmd_03_high_bpm138.mid,3,1.0
0,0.41945546705573084,0.479377676635121,59.92220957939015,72.25553147984255,False,RAL/E_seed4,E,4,gmd_03_high_bpm138.mid,1,1.0
1,0.7390405848124781,0.7690016896021732,29.96110478969505,44.30057679982908,True,RAL/E_seed4,E,4,gmd_03_high_bpm138.mid,1,1.0
2,0.958755353270242,1.0286645977795303,69.90924450928837,1.0863673818170625,False,RAL/E_seed4,E,4,gmd_03_high_bpm138.mid,1,1.0
3,1.6178996586435332,1.7177700079425167,99.87034929898341,6.076143681142629,False,RAL/E_seed4,E,4,gmd_03_high_bpm138.mid,1,1.0
4,2.1571995448580443,2.1621930623229937,4.99351746494936,2.810663167210912,True,RAL/E_seed4,E,4,gmd_03_high_bpm138.mid,1,1.0
5,2.4967587324745883,2.5566809420539784,59.9222095793901,2.673329874568928,False,RAL/E_seed4,E,4,gmd_03_high_bpm138.mid,1,1.0
6,2.696499431072555,2.7763957105117423,79.89627943918708,19.80947294534136,False,RAL/E_seed4,E,4,gmd_03_high_bpm138.mid,1,1.0
7,3.0160845488293027,3.056032688548896,39.94813971959354,34.54991302224798,False,RAL/E_seed4,E,4,gmd_03_high_bpm138.mid,1,1.0
8,3.3556437364458467,,,0.0,False,RAL/E_seed4,E,4,gmd_03_high_bpm138.mid,1,1.0
9,3.475488155604627,3.420559463490186,-54.928692114440736,10.837031159398164,False,RAL/E_seed4,E,4,gmd_03_high_bpm138.mid,1,1.0
10,4.1945546705573085,4.269457432531546,74.90276197423728,12.378215887936037,False,RAL/E_seed4,E,4,gmd_03_high_bpm138.mid,1,1.0
11,4.434243508874869,4.54410089310375,109.85738422888147,33.573320719016095,False,RAL/E_seed4,E,4,gmd_03_high_bpm138.mid,1,1.0
12,4.97354339508938,4.948575807764634,-24.967587324746354,5.81673635059666,True,RAL/E_seed4,E,4,gmd_03_high_bpm138.mid,1,1.0
13,5.27315444298633,5.318096100170873,44.941657184542905,1.8645893734550256,False,RAL/E_seed4,E,4,gmd_03_high_bpm138.mid,1,1.0
14,5.612713630602874,5.677629357647214,64.91572704433946,3.359996337778845,False,RAL/E_seed4,E,4,gmd_03_high_bpm138.mid,1,1.0
15,5.912324678499825,5.932298748359622,19.97406985979655,23.59376812036502,True,RAL/E_seed4,E,4,gmd_03_high_bpm138.mid,1,1.0
16,6.1520135168173855,,,0.0,False,RAL/E_seed4,E,4,gmd_03_high_bpm138.mid,1,1.0
17,6.691313403031897,6.701300437961795,9.987034929897831,4.1992553483688,True,RAL/E_seed4,E,4,gmd_03_high_bpm138.mid,1,1.0
18,6.990924450928848,7.0059050033236945,14.980552394846747,39.75331888790552,True,RAL/E_seed4,E,4,gmd_03_high_bpm138.mid,1,1.0
19,7.350457708405188,7.435347505309324,84.889796904136,1.238959929197044,False,RAL/E_seed4,E,4,gmd_03_high_bpm138.mid,1,1.0
20,7.690016896021732,7.709990965881529,19.97406985979655,10.30295724356823,True,RAL/E_seed4,E,4,gmd_03_high_bpm138.mid,1,1.0
21,7.929705734339293,7.959666839128988,29.96110478969527,46.87939085055088,True,RAL/E_seed4,E,4,gmd_03_high_bpm138.mid,1,1.0
22,8.209342712376447,8.219329747306345,9.987034929897831,60.96368297372358,True,RAL/E_seed4,E,4,gmd_03_high_bpm138.mid,1,1.0
23,8.548901899992991,8.578863004782685,29.961104789693493,23.68532364879301,True,RAL/E_seed4,E,4,gmd_03_high_bpm138.mid,1,1.0
24,8.648772249291975,8.628798179432177,-19.97406985979744,5.5115512558366415,True,RAL/E_seed4,E,4,gmd_03_high_bpm138.mid,1,1.0
25,9.113169373532248,9.123156408462146,9.987034929897831,1.666219061860993,True,RAL/E_seed4,E,4,gmd_03_high_bpm138.mid,1,1.0
26,9.407786903964249,9.437748008753944,29.96110478969527,6.4423657948545845,True,RAL/E_seed4,E,4,gmd_03_high_bpm138.mid,1,1.0
27,9.667449812141607,9.692417399466352,24.967587324745466,36.121616260261845,True,RAL/E_seed4,E,4,gmd_03_high_bpm138.mid,1,1.0
28,9.987034929898353,10.036970104547844,49.93517464949093,16.299844355601675,False,RAL/E_seed4,E,4,gmd_03_high_bpm138.mid,1,1.0
29,10.3066200476551,10.336581152444795,29.96110478969527,63.16101565599537,True,RAL/E_seed4,E,4,gmd_03_high_bpm138.mid,1,1.0
30,10.865894003729409,10.875881038659307,9.987034929897831,44.69731742301703,True,RAL/E_seed4,E,4,gmd_03_high_bpm138.mid,1,1.0
31,11.190472638951105,,,0.0,False,RAL/E_seed4,E,4,gmd_03_high_bpm138.mid,1,1.0
32,11.40519388994392,11.510057756707852,104.86386676393167,19.107547227393397,False,RAL/E_seed4,E,4,gmd_03_high_bpm138.mid,1,1.0
33,11.944493776158431,,,0.0,False,RAL/E_seed4,E,4,gmd_03_high_bpm138.mid,1,1.0
34,12.24410482405538,12.289046481239923,44.941657184542905,4.306070131534787,False,RAL/E_seed4,E,4,gmd_03_high_bpm138.mid,1,1.0
35,12.583664011671924,12.588657529136874,4.993517464949804,18.573473311563458,True,RAL/E_seed4,E,4,gmd_03_high_bpm138.mid,1,1.0
36,12.883275059568875,12.938203751683316,54.928692114440736,7.953032013916459,False,RAL/E_seed4,E,4,gmd_03_high_bpm138.mid,1,1.0
37,13.642289714241151,13.70720544128549,64.91572704433857,29.65169225135045,False,RAL/E_seed4,E,4,gmd_03_high_bpm138.mid,1,1.0
38,13.921926692278305,,,0.0,False,RAL/E_seed4,E,4,gmd_03_high_bpm138.mid,1,1.0
39,14.301434019614442,,,0.0,False,RAL/E_seed4,E,4,gmd_03_high_bpm138.mid,1,1.0
40,14.621019137371189,14.68094134695058,59.92220957939054,41.03509628589742,False,RAL/E_seed4,E,4,gmd_03_high_bpm138.mid,1,1.0
41,14.860707975688749,14.885675563013496,24.967587324747242,16.9254737998596,True,RAL/E_seed4,E,4,gmd_03_high_bpm138.mid,1,1.0
42,15.185286610910445,15.205260680770243,19.97406985979744,34.13791314432203,True,RAL/E_seed4,E,4,gmd_03_high_bpm138.mid,1,1.0
43,15.499878211202244,15.549813385851737,49.93517464949271,4.901181066316715,False,RAL/E_seed4,E,4,gmd_03_high_bpm138.mid,1,1.0
44,15.579774490641432,15.599748560501228,19.974069859795662,26.24887844477676,True,RAL/E_seed4,E,4,gmd_03_high_bpm138.mid,1,1.0
45,16.0641456847415,16.0741327196714,9.987034929899608,7.632587664418498,True,RAL/E_seed4,E,4,gmd_03_high_bpm138.mid,1,1.0
46,16.3787372850333,16.44864652954259,69.90924450929015,2.108737449262996,False,RAL/E_seed4,E,4,gmd_03_high_bpm138.mid,1,1.0
47,16.598452053491062,16.673354815465302,74.90276197423995,25.21124912259288,False,RAL/E_seed4,E,4,gmd_03_high_bpm138.mid,1,1.0
48,16.898063101388015,16.91304365378286,14.980552394845859,48.20694601275672,True,RAL/E_seed4,E,4,gmd_03_high_bpm138.mid,1,1.0
49,17.23762228900456,17.382434295488085,144.81200648352655,2.0171819208350072,False,RAL/E_seed4,E,4,gmd_03_high_bpm138.mid,1,1.0
50,17.317518568443745,17.28755746365405,-29.96110478969527,50.9536118655965,True,RAL/E_seed4,E,4,gmd_03_high_bpm138.mid,1,1.0
51,17.796896245078866,17.81687031493866,19.974069859795662,8.349772637104412,True,RAL/E_seed4,E,4,gmd_03_high_bpm138.mid,1,1.0
52,18.336196131293377,,,0.0,False,RAL/E_seed4,E,4,gmd_03_high_bpm138.mid,1,1.0
53,18.88048953497284,18.945405262017175,64.91572704433679,1.4678487502670166,False,RAL/E_seed4,E,4,gmd_03_high_bpm138.mid,1,1.0
54,19.175107065404838,19.23003575751928,54.928692114440736,59.81923886837366,False,RAL/E_seed4,E,4,gmd_03_high_bpm138.mid,1,1.0
55,19.534640322881177,19.534640322881177,0.0,64.87005218665121,True,RAL/E_seed4,E,4,gmd_03_high_bpm138.mid,1,1.0
56,19.83425137077813,19.914147650217316,79.8962794391862,6.701773125400553,False,RAL/E_seed4,E,4,gmd_03_high_bpm138.mid,1,1.0
57,20.058959656700843,20.13386241867508,74.9027619742364,6.56443983275857,False,RAL/E_seed4,E,4,gmd_03_high_bpm138.mid,1,1.0
58,20.293654977553455,,,0.0,False,RAL/E_seed4,E,4,gmd_03_high_bpm138.mid,1,1.0
59,20.93282521306695,20.937818730531898,4.993517464949804,14.331400494399858,True,RAL/E_seed4,E,4,gmd_03_high_bpm138.mid,1,1.0
60,21.57199544858044,,,0.0,False,RAL/E_seed4,E,4,gmd_03_high_bpm138.mid,1,1.0
61,21.791710217038208,,,0.0,False,RAL/E_seed4,E,4,gmd_03_high_bpm138.mid,1,1.0
62,22.4308804525517,22.545731354245532,114.85090169383128,20.877620777001237,False,RAL/E_seed4,E,4,gmd_03_high_bpm138.mid,1,1.0
63,22.510776731990887,22.50078969706099,-9.987034929896055,33.75643177587207,True,RAL/E_seed4,E,4,gmd_03_high_bpm138.mid,1,1.0
64,23.309739526382756,23.334707113707502,24.967587324745466,63.43568224127934,True,RAL/E_seed4,E,4,gmd_03_high_bpm138.mid,1,1.0
65,23.52945429484052,,,0.0,False,RAL/E_seed4,E,4,gmd_03_high_bpm138.mid,1,1.0
66,23.849039412597268,23.854032930062218,4.993517464949804,35.81643116550188,True,RAL/E_seed4,E,4,gmd_03_high_bpm138.mid,1,1.0
67,24.168624530354016,,,0.0,False,RAL/E_seed4,E,4,gmd_03_high_bpm138.mid,1,1.0
68,24.248520809793202,24.213566187538557,-34.954622254645074,50.86205633716851,False,RAL/E_seed4,E,4,gmd_03_high_bpm138.mid,1,1.0
69,24.727898486428323,,,0.0,False,RAL/E_seed4,E,4,gmd_03_high_bpm138.mid,1,1.0
70,25.067457674044867,25.10740581376446,39.948139719591325,52.235389263588345,False,RAL/E_seed4,E,4,gmd_03_high_bpm138.mid,1,1.0
71,25.28717244250263,25.367068721941816,79.8962794391862,30.063692129276404,False,RAL/E_seed4,E,4,gmd_03_high_bpm138.mid,1,1.0
72,25.82647232871714,25.83645936364704,9.987034929899608,3.741477706228855,True,RAL/E_seed4,E,4,gmd_03_high_bpm138.mid,1,1.0
73,26.12608337661409,26.156044481403786,29.96110478969527,57.14886928922392,True,RAL/E_seed4,E,4,gmd_03_high_bpm138.mid,1,1.0
74,26.465642564230635,26.55053236113477,84.889796904136,33.664876247444084,False,RAL/E_seed4,E,4,gmd_03_high_bpm138.mid,1,1.0
75,26.785227681987383,26.815188786777078,29.96110478969527,62.29123813592948,True,RAL/E_seed4,E,4,gmd_03_high_bpm138.mid,1,1.0
76,27.004942450445146,27.05487762509464,49.935174649494485,45.58235419782098,False,RAL/E_seed4,E,4,gmd_03_high_bpm138.mid,1,1.0
77,27.52926178426481,27.549235854124607,19.974069859795662,2.6275521103549337,True,RAL/E_seed4,E,4,gmd_03_high_bpm138.mid,1,1.0
0,0.4194782959424124,0.49438513450355753,74.90683856114511,1.605182042909,False,RAL/E_seed4,E,4,gmd_03_high_bpm138.mid,2,1.0
1,0.7390808071366315,0.7540621748488605,14.981367712229021,2.169774468214989,True,RAL/E_seed4,E,4,gmd_03_high_bpm138.mid,2,1.0
2,0.958807533582657,1.0237267936689827,64.91926008632565,3.680440687276807,False,RAL/E_seed4,E,4,gmd_03_high_bpm138.mid,2,1.0
3,1.6179877129207336,1.6928945514818787,74.90683856114511,2.780144657734916,False,RAL/E_seed4,E,4,gmd_03_high_bpm138.mid,2,1.0
4,2.157316950560978,2.177292107510617,19.975156949638695,62.68797875911743,True,RAL/E_seed4,E,4,gmd_03_high_bpm138.mid,2,1.0
5,2.496894618704836,2.5368449326041134,39.95031389927739,57.20990630817592,False,RAL/E_seed4,E,4,gmd_03_high_bpm138.mid,2,1.0
6,2.696646188201223,2.771553026762368,74.90683856114488,16.727103488265623,False,RAL/E_seed4,E,4,gmd_03_high_bpm138.mid,2,1.0
7,3.016248699395442,3.076174170244358,59.925470848916085,16.437177648243658,False,RAL/E_seed4,E,4,gmd_03_high_bpm138.mid,2,1.0
8,3.3558263675392994,,,0.0,False,RAL/E_seed4,E,4,gmd_03_high_bpm138.mid,2,1.0
9,3.4756773092371316,3.435726995337854,-39.95031389927739,1.7425153355510403,False,RAL/E_seed4,E,4,gmd_03_high_bpm138.mid,2,1.0
10,4.194782959424124,4.274683587222679,79.90062779855478,1.2542191839350425,False,RAL/E_seed4,E,4,gmd_03_high_bpm138.mid,2,1.0
11,4.4344848428197885,4.519379259855753,84.89441703596424,32.59672841578416,False,RAL/E_seed4,E,4,gmd_03_high_bpm138.mid,2,1.0
12,4.973814080460033,,,0.0,False,RAL/E_seed4,E,4,gmd_03_high_bpm138.mid,2,1.0
13,5.273441434704614,5.303404170129071,29.9627354244576,1.5594042786950055,True,RAL/E_seed4,E,4,gmd_03_high_bpm138.mid,2,1.0
14,5.6130191028484715,5.63798804903552,24.968946187048147,49.99227881710256,True,RAL/E_seed4,E,4,gmd_03_high_bpm138.mid,2,1.0
15,5.912646457093052,5.962584349467148,49.93789237409629,23.30384228034305,False,RAL/E_seed4,E,4,gmd_03_high_bpm138.mid,2,1.0
16,6.152348340488716,6.212273811337632,59.925470848916085,2.780144657734916,False,RAL/E_seed4,E,4,gmd_03_high_bpm138.mid,2,1.0
17,6.69167757812896,6.816522309064203,124.84473093524251,1.132145146031057,False,RAL/E_seed4,E,4,gmd_03_high_bpm138.mid,2,1.0
18,6.991304932373541,7.01627387856059,24.968946187049035,29.04132206183047,True,RAL/E_seed4,E,4,gmd_03_high_bpm138.mid,2,1.0
19,7.350857757467037,7.3808204928914956,29.962735424458486,72.27079073458054,True,RAL/E_seed4,E,4,gmd_03_high_bpm138.mid,2,1.0
20,7.690435425610895,7.7203981610353525,29.9627354244576,29.45332193975648,True,RAL/E_seed4,E,4,gmd_03_high_bpm138.mid,2,1.0
21,7.930137309006559,7.965093833668427,34.95652466186794,40.63835566270941,False,RAL/E_seed4,E,4,gmd_03_high_bpm138.mid,2,1.0
22,8.209789506301501,8.264721187913008,54.93168161150663,11.493179113132086,False,RAL/E_seed4,E,4,gmd_03_high_bpm138.mid,2,1.0
23,8.549367174445358,8.584323699107227,34.956524661868826,28.65984069338052,False,RAL/E_seed4,E,4,gmd_03_high_bpm138.mid,2,1.0
24,8.649242959193552,8.634261591481323,-14.981367712229243,23.41065706350904,True,RAL/E_seed4,E,4,gmd_03_high_bpm138.mid,2,1.0
25,9.113665358272652,9.213541143020844,99.87578474819259,1.7577745902890385,False,RAL/E_seed4,E,4,gmd_03_high_bpm138.mid,2,1.0
26,9.408298923279823,,,0.0,False,RAL/E_seed4,E,4,gmd_03_high_bpm138.mid,2,1.0
27,9.667975963625125,9.702932488286992,34.95652466186705,15.018066957609776,False,RAL/E_seed4,E,4,gmd_03_high_bpm138.mid,2,1.0
28,9.987578474819344,10.017541210243802,29.962735424458486,31.284432508316318,True,RAL/E_seed4,E,4,gmd_03_high_bpm138.mid,2,1.0
29,10.307180986013563,10.382087824574707,74.90683856114444,3.69569994201486,False,RAL/E_seed4,E,4,gmd_03_high_bpm138.mid,2,1.0
30,10.866485380603446,10.896448116027905,29.962735424458486,1.986663411359011,True,RAL/E_seed4,E,4,gmd_03_high_bpm138.mid,2,1.0
31,11.191081681035074,11.221044416459533,29.962735424458486,40.51628162480542,True,RAL/E_seed4,E,4,gmd_03_high_bpm138.mid,2,1.0
32,11.40581461824369,11.505690402991885,99.87578474819436,12.866512039551978,False,RAL/E_seed4,E,4,gmd_03_high_bpm138.mid,2,1.0
33,11.945143855883936,11.925168698934296,-19.975156949639583,5.725180822168671,True,RAL/E_seed4,E,4,gmd_03_high_bpm138.mid,2,1.0
34,12.244771210128516,12.279727734790383,34.95652466186705,1.8188116092410311,False,RAL/E_seed4,E,4,gmd_03_high_bpm138.mid,2,1.0
35,12.584348878272374,12.624299192171652,39.95031389927739,11.52369762260814,False,RAL/E_seed4,E,4,gmd_03_high_bpm138.mid,2,1.0
36,12.883976232516954,12.898957600229183,14.981367712229243,37.174504837183775,True,RAL/E_seed4,E,4,gmd_03_high_bpm138.mid,2,1.0
37,13.643032196603224,13.677988721265091,34.95652466186705,17.123844111453575,False,RAL/E_seed4,E,4,gmd_03_high_bpm138.mid,2,1.0
38,13.922684393898166,14.027553967883769,104.86957398560293,1.5441450239570074,False,RAL/E_seed4,E,4,gmd_03_high_bpm138.mid,2,1.0
39,14.3022123759413,14.382113003739855,79.90062779855478,13.949919125949904,False,RAL/E_seed4,E,4,gmd_03_high_bpm138.mid,2,1.0
40,14.62181488713552,14.686734147221845,64.91926008632554,6.839106418042537,False,RAL/E_seed4,E,4,gmd_03_high_bpm138.mid,2,1.0
41,14.861516770531184,14.93142981985492,69.91304932373588,1.895107882931022,False,RAL/E_seed4,E,4,gmd_03_high_bpm138.mid,2,1.0
42,15.186113070962813,15.196100649437632,9.987578474818903,24.6008789330729,True,RAL/E_seed4,E,4,gmd_03_high_bpm138.mid,2,1.0
43,15.500721792919622,15.550659685293718,49.93789237409629,55.95864741966001,False,RAL/E_seed4,E,4,gmd_03_high_bpm138.mid,2,1.0
44,15.580622420718177,15.605591366905225,24.968946187048147,11.233771782586118,True,RAL/E_seed4,E,4,gmd_03_high_bpm138.mid,2,1.0
45,16.065019976746914,16.070013765984324,4.99378923741034,78.54234443189796,True,RAL/E_seed4,E,4,gmd_03_high_bpm138.mid,2,1.0
46,16.379628698703723,16.45453553726487,74.90683856114799,11.20325327311012,False,RAL/E_seed4,E,4,gmd_03_high_bpm138.mid,2,1.0
47,16.59935542514975,16.75416289150945,154.80746635969922,1.4525894955290184,False,RAL/E_seed4,E,4,gmd_03_high_bpm138.mid,2,1.0
48,16.89898277939433,16.913964147106558,14.981367712227467,50.739982299264526,True,RAL/E_seed4,E,4,gmd_03_high_bpm138.mid,2,1.0
49,17.238560447538188,,,0.0,False,RAL/E_seed4,E,4,gmd_03_high_bpm138.mid,2,1.0
50,17.318461075336742,,,0.0,False,RAL/E_seed4,E,4,gmd_03_high_bpm138.mid,2,1.0
51,17.79786484212807,17.82283378831512,24.968946187048147,28.232581560716568,True,RAL/E_seed4,E,4,gmd_03_high_bpm138.mid,2,1.0
52,18.337194079768317,18.372150604430182,34.956524661865274,1.1016266365550609,False,RAL/E_seed4,E,4,gmd_03_high_bpm138.mid,2,1.0
53,18.88151710664597,18.901492263595607,19.975156949637807,34.824579607531945,True,RAL/E_seed4,E,4,gmd_03_high_bpm138.mid,2,1.0
54,19.17615067165314,19.2061134070776,29.962735424458486,32.04739524521622,True,RAL/E_seed4,E,4,gmd_03_high_bpm138.mid,2,1.0
55,19.53570349674664,19.545691075221455,9.987578474817127,19.65688039796138,True,RAL/E_seed4,E,4,gmd_03_high_bpm138.mid,2,1.0
56,19.835330850991216,19.890262532602723,54.93168161150663,60.13968321787162,False,RAL/E_seed4,E,4,gmd_03_high_bpm138.mid,2,1.0
57,20.060051366674653,20.164920940660256,104.86957398560293,20.16043580431532,False,RAL/E_seed4,E,4,gmd_03_high_bpm138.mid,2,1.0
58,20.294759460832907,,,0.0,False,RAL/E_seed4,E,4,gmd_03_high_bpm138.mid,2,1.0
59,20.933964483221345,20.97890858635803,44.94410313668595,3.421033356730838,False,RAL/E_seed4,E,4,gmd_03_high_bpm138.mid,2,1.0
60,21.573169505609783,21.62810118722129,54.93168161150663,1.1931821649830496,False,RAL/E_seed4,E,4,gmd_03_high_bpm138.mid,2,1.0
61,21.79289623205581,21.872796859854365,79.90062779855478,21.899990844447167,False,RAL/E_seed4,E,4,gmd_03_high_bpm138.mid,2,1.0
62,22.432101254444248,,,0.0,False,RAL/E_seed4,E,4,gmd_03_high_bpm138.mid,2,1.0
63,22.512001882242803,22.53697082842985,24.968946187048147,2.3986632892849613,True,RAL/E_seed4,E,4,gmd_03_high_bpm138.mid,2,1.0
64,23.311008160228347,23.390908788026902,79.90062779855478,4.351847895748781,False,RAL/E_seed4,E,4,gmd_03_high_bpm138.mid,2,1.0
65,23.530734886674374,23.640598249897387,109.86336322301327,23.868434705648987,False,RAL/E_seed4,E,4,gmd_03_high_bpm138.mid,2,1.0
66,23.850337397868593,23.865318765580824,14.98136771223102,20.282509842219305,True,RAL/E_seed4,E,4,gmd_03_high_bpm138.mid,2,1.0
67,24.169939909062812,24.3197535861851,149.81367712228888,1.1168858912930588,False,RAL/E_seed4,E,4,gmd_03_high_bpm138.mid,2,1.0
68,24.249840536861367,24.274809483048415,24.968946187048147,2.0171819208350072,True,RAL/E_seed4,E,4,gmd_03_high_bpm138.mid,2,1.0
69,24.729244303652695,24.749219460602333,19.975156949637807,1.1168858912930588,True,RAL/E_seed4,E,4,gmd_03_high_bpm138.mid,2,1.0
70,25.068821971796552,25.10377849645842,34.956524661868826,42.22531815546128,False,RAL/E_seed4,E,4,gmd_03_high_bpm138.mid,2,1.0
71,25.28854869824258,25.213641859681434,-74.90683856114444,1.91036713766902,False,RAL/E_seed4,E,4,gmd_03_high_bpm138.mid,2,1.0
72,25.827877935882825,25.817890357408004,-9.98757847482068,8.288735618152419,True,RAL/E_seed4,E,4,gmd_03_high_bpm138.mid,2,1.0
73,26.127505290127402,26.16745560402668,39.950313899279166,52.784722434156336,False,RAL/E_seed4,E,4,gmd_03_high_bpm138.mid,2,1.0
74,26.467082958271263,26.546983586069818,79.90062779855478,6.915402691732528,False,RAL/E_seed4,E,4,gmd_03_high_bpm138.mid,2,1.0
75,26.786685469465482,26.831629572602168,44.94410313668595,39.76857814264351,False,RAL/E_seed4,E,4,gmd_03_high_bpm138.mid,2,1.0
76,27.006412195911505,27.09630040218488,89.88820627337546,14.270363475447866,False,RAL/E_seed4,E,4,gmd_03_high_bpm138.mid,2,1.0
77,27.530760065839523,27.505791119652475,-24.968946187048147,23.44117557298504,True,RAL/E_seed4,E,4,gmd_03_high_bpm138.mid,2,1.0
0,0.419462462511596,0.4244560632557817,4.9936007441857,128.89788506729334,True,RAL/E_seed4,E,4,gmd_03_high_bpm138.mid,3,1.0
1,0.7390529101394787,0.74904011162785,9.987201488371289,6.8238471633045386,True,RAL/E_seed4,E,4,gmd_03_high_bpm138.mid,3,1.0
2,0.9587713428836481,0.9837393466045764,24.968003720928333,40.47050386059143,True,RAL/E_seed4,E,4,gmd_03_high_bpm138.mid,3,1.0
3,1.6179266411161561,1.697824253023127,79.89761190697075,12.225623340556057,False,RAL/E_seed4,E,4,gmd_03_high_bpm138.mid,3,1.0
4,2.157235521488208,2.2271459319068074,69.91041041859924,3.9093295083468345,False,RAL/E_seed4,E,4,gmd_03_high_bpm138.mid,3,1.0
5,2.4968003720928333,2.5417427787905047,44.94240669767136,18.115695669423516,False,RAL/E_seed4,E,4,gmd_03_high_bpm138.mid,3,1.0
6,2.69654440186026,2.716518804837003,19.974402976743022,78.13034455397201,True,RAL/E_seed4,E,4,gmd_03_high_bpm138.mid,3,1.0
7,3.016134849488143,3.0111412487439573,-4.9936007441857555,47.5660573137608,True,RAL/E_seed4,E,4,gmd_03_high_bpm138.mid,3,1.0
8,3.355699700092768,3.3407188978602114,-14.980802232556822,80.48026978362378,True,RAL/E_seed4,E,4,gmd_03_high_bpm138.mid,3,1.0
9,3.475546117953224,3.505507722418338,29.96160446511409,3.3447370830408474,True,RAL/E_seed4,E,4,gmd_03_high_bpm138.mid,3,1.0
10,4.19462462511596,4.214599028092703,19.974402976743022,54.08175908688618,True,RAL/E_seed4,E,4,gmd_03_high_bpm138.mid,3,1.0
11,4.434317460836873,4.464279065301986,29.961604465113645,45.35346537675101,True,RAL/E_seed4,E,4,gmd_03_high_bpm138.mid,3,1.0
12,4.9736263412089246,5.023562348650781,49.93600744185667,4.5654774620807554,False,RAL/E_seed4,E,4,gmd_03_high_bpm138.mid,3,1.0
13,5.2732423858600646,5.268248785115879,-4.9936007441857555,120.16959135715813,True,RAL/E_seed4,E,4,gmd_03_high_bpm138.mid,3,1.0
14,5.61280723646469,5.597826434232132,-14.980802232557267,1.6509598071229945,True,RAL/E_seed4,E,4,gmd_03_high_bpm138.mid,3,1.0
15,5.91242328111583,5.9174168818600155,4.9936007441857555,18.60399182103945,True,RAL/E_seed4,E,4,gmd_03_high_bpm138.mid,3,1.0
16,6.1521161168367415,6.162103318325113,9.987201488371511,22.93762016663104,True,RAL/E_seed4,E,4,gmd_03_high_bpm138.mid,3,1.0
17,6.691424997208794,6.731373803162279,39.948805953485156,38.70043031098359,False,RAL/E_seed4,E,4,gmd_03_high_bpm138.mid,3,1.0
18,6.991041041859934,6.991041041859934,0.0,34.13791314432203,True,RAL/E_seed4,E,4,gmd_03_high_bpm138.mid,3,1.0
19,7.3505802954413015,7.405509903627344,54.92960818604242,1.3457747123630313,False,RAL/E_seed4,E,4,gmd_03_high_bpm138.mid,3,1.0
20,7.690145146045928,7.720106750511041,29.961604465113645,27.484878078554654,True,RAL/E_seed4,E,4,gmd_03_high_bpm138.mid,3,1.0
21,7.929837981766839,7.9498123847435815,19.974402976742134,24.66191595202489,True,RAL/E_seed4,E,4,gmd_03_high_bpm138.mid,3,1.0
22,8.209479623441236,8.244434828650537,34.95520520930029,19.977324747459345,False,RAL/E_seed4,E,4,gmd_03_high_bpm138.mid,3,1.0
23,8.549044474045862,8.57401247776679,24.968003720927,39.18872646259958,True,RAL/E_seed4,E,4,gmd_03_high_bpm138.mid,3,1.0
24,8.648916488929576,8.708839697859803,59.92320893022729,2.352885525070967,False,RAL/E_seed4,E,4,gmd_03_high_bpm138.mid,3,1.0
25,9.113321358138842,9.1283021603714,14.980802232557267,18.451399273659472,True,RAL/E_seed4,E,4,gmd_03_high_bpm138.mid,3,1.0
26,9.407943802045796,9.417931003534168,9.987201488371511,86.73656422620319,True,RAL/E_seed4,E,4,gmd_03_high_bpm138.mid,3,1.0
27,9.667611040743452,9.72753424967368,59.92320893022729,4.107699819940811,False,RAL/E_seed4,E,4,gmd_03_high_bpm138.mid,3,1.0
28,9.987201488371333,9.987201488371333,0.0,33.03924680318616,True,RAL/E_seed4,E,4,gmd_03_high_bpm138.mid,3,1.0
29,10.306791935999216,10.32676633897596,19.974402976743022,49.35139011810664,True,RAL/E_seed4,E,4,gmd_03_high_bpm138.mid,3,1.0
30,10.866075219348012,10.90103042455731,34.95520520929851,1.2999969481490368,False,RAL/E_seed4,E,4,gmd_03_high_bpm138.mid,3,1.0
31,11.19065926772008,11.215627271441008,24.968003720928778,41.58442945646535,True,RAL/E_seed4,E,4,gmd_03_high_bpm138.mid,3,1.0
32,11.405384099720063,11.425358502696806,19.974402976743022,20.786065248573244,True,RAL/E_seed4,E,4,gmd_03_high_bpm138.mid,3,1.0
33,11.944692980092116,11.919724976371187,-24.968003720928778,22.098361156041143,True,RAL/E_seed4,E,4,gmd_03_high_bpm138.mid,3,1.0
34,12.244309024743256,12.27427062920837,29.961604465114533,2.6885891293069264,True,RAL/E_seed4,E,4,gmd_03_high_bpm138.mid,3,1.0
35,12.58387387534788,12.548918670138582,-34.95520520929851,31.60487685781428,False,RAL/E_seed4,E,4,gmd_03_high_bpm138.mid,3,1.0
36,12.883489919999022,12.878496319254836,-4.9936007441857555,5.160588396862684,True,RAL/E_seed4,E,4,gmd_03_high_bpm138.mid,3,1.0
37,13.642517233115242,13.647510833859428,4.9936007441857555,75.65834528641619,True,RAL/E_seed4,E,4,gmd_03_high_bpm138.mid,3,1.0
38,13.92215887478964,13.917165274045454,-4.9936007441857555,89.37641529587692,True,RAL/E_seed4,E,4,gmd_03_high_bpm138.mid,3,1.0
39,14.30167253134775,14.30167253134775,0.0,73.65938291573838,True,RAL/E_seed4,E,4,gmd_03_high_bpm138.mid,3,1.0
40,14.621262978975633,14.626256579719819,4.9936007441857555,88.766045106357,True,RAL/E_seed4,E,4,gmd_03_high_bpm138.mid,3,1.0
41,14.860955814696545,14.90090462065003,39.94880595348427,47.5965758232368,False,RAL/E_seed4,E,4,gmd_03_high_bpm138.mid,3,1.0
42,15.185539863068614,15.170559060836057,-14.980802232557267,27.912137211218607,True,RAL/E_seed4,E,4,gmd_03_high_bpm138.mid,3,1.0
43,15.50013670995231,15.545079116649982,44.9424066976718,40.21109653004546,False,RAL/E_seed4,E,4,gmd_03_high_bpm138.mid,3,1.0
44,15.580034321859282,15.585027922603468,4.9936007441857555,1.4678487502670166,True,RAL/E_seed4,E,4,gmd_03_high_bpm138.mid,3,1.0
45,16.06441359404529,16.084387997022034,19.974402976743022,5.831995605334658,True,RAL/E_seed4,E,4,gmd_03_high_bpm138.mid,3,1.0
46,16.379010440928987,16.413965646138287,34.95520520930029,5.740440076906669,False,RAL/E_seed4,E,4,gmd_03_high_bpm138.mid,3,1.0
47,16.598728873673156,16.638677679626642,39.948805953486044,29.483840449232478,False,RAL/E_seed4,E,4,gmd_03_high_bpm138.mid,3,1.0
48,16.898344918324298,16.903338519068484,4.9936007441857555,25.8826563310648,True,RAL/E_seed4,E,4,gmd_03_high_bpm138.mid,3,1.0
49,17.237909768928922,17.27785857488241,39.948805953486044,7.052735984374511,False,RAL/E_seed4,E,4,gmd_03_high_bpm138.mid,3,1.0
50,17.317807380835895,,,0.0,False,RAL/E_seed4,E,4,gmd_03_high_bpm138.mid,3,1.0
51,17.797193052277716,17.78221225004516,-14.980802232557267,9.601031525620314,True,RAL/E_seed4,E,4,gmd_03_high_bpm138.mid,3,1.0
52,18.33650193264977,,,0.0,False,RAL/E_seed4,E,4,gmd_03_high_bpm138.mid,3,1.0
53,18.880804413766008,18.86582361153345,-14.980802232557267,5.8777733695486525,True,RAL/E_seed4,E,4,gmd_03_high_bpm138.mid,3,1.0
54,19.17542685767296,19.190407659905517,14.980802232557267,34.97717215491198,True,RAL/E_seed4,E,4,gmd_03_high_bpm138.mid,3,1.0
55,19.53496611125433,19.505004506789216,-29.961604465114533,83.07434308908353,True,RAL/E_seed4,E,4,gmd_03_high_bpm138.mid,3,1.0
56,19.83458215590547,19.90449256632407,69.91041041860058,3.1463667714468717,False,RAL/E_seed4,E,4,gmd_03_high_bpm138.mid,3,1.0
57,20.059294189393825,20.094249394603125,34.95520520930029,30.33835871456037,False,RAL/E_seed4,E,4,gmd_03_high_bpm138.mid,3,1.0
58,20.29399342437055,20.313967827347295,19.974402976743022,18.37510299996948,True,RAL/E_seed4,E,4,gmd_03_high_bpm138.mid,3,1.0
59,20.933174319626318,20.993097528556543,59.92320893022551,1.238959929197044,False,RAL/E_seed4,E,4,gmd_03_high_bpm138.mid,3,1.0
60,21.57235521488208,21.592329617858823,19.974402976743022,34.366801965392,True,RAL/E_seed4,E,4,gmd_03_high_bpm138.mid,3,1.0
61,21.79207364762625,21.856990457300665,64.91680967441482,14.102511673329886,False,RAL/E_seed4,E,4,gmd_03_high_bpm138.mid,3,1.0
62,22.431254542882016,,,0.0,False,RAL/E_seed4,E,4,gmd_03_high_bpm138.mid,3,1.0
63,22.511152154788988,22.481190550323873,-29.961604465114533,23.547990356151026,True,RAL/E_seed4,E,4,gmd_03_high_bpm138.mid,3,1.0
64,23.310128273858695,23.360064281300552,49.936007441857555,2.4902188177129503,False,RAL/E_seed4,E,4,gmd_03_high_bpm138.mid,3,1.0
65,23.529846706602864,23.569795512556347,39.94880595348249,26.98132267220067,False,RAL/E_seed4,E,4,gmd_03_high_bpm138.mid,3,1.0
66,23.849437154230746,23.81947554976563,-29.961604465114533,9.860438856166285,True,RAL/E_seed4,E,4,gmd_03_high_bpm138.mid,3,1.0
67,24.169027601858627,24.174021202602813,4.9936007441857555,20.282509842219305,True,RAL/E_seed4,E,4,gmd_03_high_bpm138.mid,3,1.0
68,24.2489252137656,24.2139700085563,-34.95520520930029,2.566515091402941,False,RAL/E_seed4,E,4,gmd_03_high_bpm138.mid,3,1.0
69,24.728310885207424,24.748285288184167,19.974402976743022,3.298959318826853,True,RAL/E_seed4,E,4,gmd_03_high_bpm138.mid,3,1.0
70,25.06787573581205,25.082856538044606,14.980802232557267,5.862514114810654,True,RAL/E_seed4,E,4,gmd_03_high_bpm138.mid,3,1.0
71,25.287594168556218,25.327542974509704,39.948805953486044,7.357921079134474,False,RAL/E_seed4,E,4,gmd_03_high_bpm138.mid,3,1.0
72,25.82690304892827,25.806928645951526,-19.974402976743022,2.0629596850490017,True,RAL/E_seed4,E,4,gmd_03_high_bpm138.mid,3,1.0
73,26.12651909357941,26.136506295067782,9.987201488371511,24.951841792046856,True,RAL/E_seed4,E,4,gmd_03_high_bpm138.mid,3,1.0
74,26.466083944184035,26.456096742695664,-9.987201488371511,75.53627124851221,True,RAL/E_seed4,E,4,gmd_03_high_bpm138.mid,3,1.0
75,26.785674391811916,26.795661593300288,9.987201488371511,88.26248970000306,True,RAL/E_seed4,E,4,gmd_03_high_bpm138.mid,3,1.0
76,27.005392824556086,27.040348029765386,34.95520520930029,2.169774468214989,False,RAL/E_seed4,E,4,gmd_03_high_bpm138.mid,3,1.0
77,27.529720902695583,27.56966970864907,39.948805953486044,5.725180822168671,False,RAL/E_seed4,E,4,gmd_03_high_bpm138.mid,3,1.0
0,0.4194261549486027,0.44439199750506714,24.965842556464445,20.679250465407257,True,RAL/E_seed5,E,5,gmd_03_high_bpm138.mid,1,1.0
1,0.7389889396713476,0.7689479507391049,29.959011067757334,35.09924619281597,True,RAL/E_seed5,E,5,gmd_03_high_bpm138.mid,1,1.0
2,0.9586883541682347,1.028592713326335,69.90435915810033,24.219397564622945,False,RAL/E_seed5,E,5,gmd_03_high_bpm138.mid,1,1.0
3,1.617786597658896,,,0.0,False,RAL/E_seed5,E,5,gmd_03_high_bpm138.mid,1,1.0
4,2.157048796878528,2.1969941449688712,39.94534809034312,7.571550645466448,False,RAL/E_seed5,E,5,gmd_03_high_bpm138.mid,1,1.0
5,2.496584255646445,2.516556929691616,19.972674045171335,30.41465498825036,True,RAL/E_seed5,E,5,gmd_03_high_bpm138.mid,1,1.0
6,2.69631099609816,2.7662153552562607,69.90435915810079,26.676137577440706,False,RAL/E_seed5,E,5,gmd_03_high_bpm138.mid,1,1.0
7,3.015873780820905,3.030853286354784,14.979505533879056,48.46635334330269,True,RAL/E_seed5,E,5,gmd_03_high_bpm138.mid,1,1.0
8,3.3554092395888215,3.350416071077529,-4.993168511292723,50.984130375072496,True,RAL/E_seed5,E,5,gmd_03_high_bpm138.mid,1,1.0
9,3.475245283859851,3.4053409247017505,-69.90435915810033,1.0863673818170625,False,RAL/E_seed5,E,5,gmd_03_high_bpm138.mid,1,1.0
10,4.194261549486027,4.2591727401328345,64.91119064680717,3.741477706228855,False,RAL/E_seed5,E,5,gmd_03_high_bpm138.mid,1,1.0
11,4.433933638028085,,,0.0,False,RAL/E_seed5,E,5,gmd_03_high_bpm138.mid,1,1.0
12,4.973195837247718,4.923264152134789,-49.931685112929,45.62813196203498,False,RAL/E_seed5,E,5,gmd_03_high_bpm138.mid,1,1.0
13,5.272785947925291,5.307738127504341,34.95217957904995,71.18738364818262,False,RAL/E_seed5,E,5,gmd_03_high_bpm138.mid,1,1.0
14,5.612321406693208,5.622307743715793,9.986337022585445,8.334513382366413,True,RAL/E_seed5,E,5,gmd_03_high_bpm138.mid,1,1.0
15,5.911911517370781,5.931884191415953,19.97267404517178,16.74236274300362,True,RAL/E_seed5,E,5,gmd_03_high_bpm138.mid,1,1.0
16,6.1515836059128395,6.2015152910257685,49.931685112929,42.94250312814725,False,RAL/E_seed5,E,5,gmd_03_high_bpm138.mid,1,1.0
17,6.690845805132471,6.6708731310872995,-19.97267404517178,14.865474410229794,True,RAL/E_seed5,E,5,gmd_03_high_bpm138.mid,1,1.0
18,6.990435915810044,7.015401758366509,24.9658425564645,79.44264046143985,True,RAL/E_seed5,E,5,gmd_03_high_bpm138.mid,1,1.0
19,7.349944048623133,7.374909891179597,24.9658425564645,30.490951261940356,True,RAL/E_seed5,E,5,gmd_03_high_bpm138.mid,1,1.0
20,7.68947950739105,7.754390698037857,64.91119064680717,1.7577745902890385,False,RAL/E_seed5,E,5,gmd_03_high_bpm138.mid,1,1.0
21,7.929151595933108,7.974090112534744,44.93851660163539,14.40769676808985,False,RAL/E_seed5,E,5,gmd_03_high_bpm138.mid,1,1.0
22,8.20876903256551,8.233734875121975,24.96584255646539,31.91006195257424,True,RAL/E_seed5,E,5,gmd_03_high_bpm138.mid,1,1.0
23,8.548304491333425,8.543311322822133,-4.993168511292723,63.14575640125737,True,RAL/E_seed5,E,5,gmd_03_high_bpm138.mid,1,1.0
24,8.648167861559283,8.578263502401184,-69.9043591580999,4.626514481032748,False,RAL/E_seed5,E,5,gmd_03_high_bpm138.mid,1,1.0
25,9.112532533109523,9.117525701620815,4.993168511292723,20.786065248573244,True,RAL/E_seed5,E,5,gmd_03_high_bpm138.mid,1,1.0
26,9.407129475275804,9.442081654854853,34.95217957904906,15.689474166081748,False,RAL/E_seed5,E,5,gmd_03_high_bpm138.mid,1,1.0
27,9.666774237863034,9.761644439577598,94.8702017145635,1.6509598071229945,False,RAL/E_seed5,E,5,gmd_03_high_bpm138.mid,1,1.0
28,9.98633702258578,10.05624138174388,69.9043591580999,30.872432630390307,False,RAL/E_seed5,E,5,gmd_03_high_bpm138.mid,1,1.0
29,10.305899807308524,10.350838323910159,44.938516601634504,47.367687002166825,False,RAL/E_seed5,E,5,gmd_03_high_bpm138.mid,1,1.0
30,10.865134680573327,,,0.0,False,RAL/E_seed5,E,5,gmd_03_high_bpm138.mid,1,1.0
31,11.189690633807365,11.204670139341243,14.979505533878168,75.6278267769402,True,RAL/E_seed5,E,5,gmd_03_high_bpm138.mid,1,1.0
32,11.404396879792959,11.514246587041402,109.84970724844345,17.062807092501583,False,RAL/E_seed5,E,5,gmd_03_high_bpm138.mid,1,1.0
33,11.94365907901259,11.948652247523883,4.993168511292723,4.183996093630801,True,RAL/E_seed5,E,5,gmd_03_high_bpm138.mid,1,1.0
34,12.243249189690165,12.283194537780508,39.94534809034356,64.83953367717521,False,RAL/E_seed5,E,5,gmd_03_high_bpm138.mid,1,1.0
35,12.58278464845808,,,0.0,False,RAL/E_seed5,E,5,gmd_03_high_bpm138.mid,1,1.0
36,12.882374759135654,12.917326938714705,34.952179579050835,3.497329630420829,False,RAL/E_seed5,E,5,gmd_03_high_bpm138.mid,1,1.0
37,13.641336372852173,13.671295383919931,29.959011067758112,4.183996093630801,True,RAL/E_seed5,E,5,gmd_03_high_bpm138.mid,1,1.0
38,13.920953809484574,,,0.0,False,RAL/E_seed5,E,5,gmd_03_high_bpm138.mid,1,1.0
39,14.300434616342834,,,0.0,False,RAL/E_seed5,E,5,gmd_03_high_bpm138.mid,1,1.0
40,14.619997401065579,14.684908591712388,64.91119064680895,24.036286507766967,False,RAL/E_seed5,E,5,gmd_03_high_bpm138.mid,1,1.0
41,14.859669489607638,,,0.0,False,RAL/E_seed5,E,5,gmd_03_high_bpm138.mid,1,1.0
42,15.184225442841676,15.24414346497719,59.91802213551445,11.20325327311012,False,RAL/E_seed5,E,5,gmd_03_high_bpm138.mid,1,1.0
43,15.498795059053128,15.508781396075713,9.986337022585445,37.52546769615773,True,RAL/E_seed5,E,5,gmd_03_high_bpm138.mid,1,1.0
44,15.578685755233813,15.548726744166057,-29.959011067756336,15.048585467085772,True,RAL/E_seed5,E,5,gmd_03_high_bpm138.mid,1,1.0
45,16.063023100829223,16.043050426784053,-19.97267404517089,35.60280159916991,True,RAL/E_seed5,E,5,gmd_03_high_bpm138.mid,1,1.0
46,16.377592717040677,16.462476581732655,84.88386469197806,5.313180944242665,False,RAL/E_seed5,E,5,gmd_03_high_bpm138.mid,1,1.0
47,16.597292131537564,16.52239460386817,-74.89752766939262,1.1779229102450517,False,RAL/E_seed5,E,5,gmd_03_high_bpm138.mid,1,1.0
48,16.89688224221514,16.911861747749015,14.979505533876392,75.18530838953825,True,RAL/E_seed5,E,5,gmd_03_high_bpm138.mid,1,1.0
49,17.236417700983054,17.241410869494345,4.993168511290946,24.371990112002926,True,RAL/E_seed5,E,5,gmd_03_high_bpm138.mid,1,1.0
50,17.31630839716374,17.28634938609598,-29.95901106775989,1.2542191839350425,True,RAL/E_seed5,E,5,gmd_03_high_bpm138.mid,1,1.0
51,17.795652574247857,17.820618416804322,24.96584255646539,12.256141850032051,True,RAL/E_seed5,E,5,gmd_03_high_bpm138.mid,1,1.0
52,18.33491477346749,18.314942099422318,-19.97267404517089,20.98443556016722,True,RAL/E_seed5,E,5,gmd_03_high_bpm138.mid,1,1.0
53,18.879170141198415,18.899142815243586,19.97267404517089,3.939848017822831,True,RAL/E_seed5,E,5,gmd_03_high_bpm138.mid,1,1.0
54,19.173767083364694,19.293603127635723,119.8360442710289,4.336588641010783,False,RAL/E_seed5,E,5,gmd_03_high_bpm138.mid,1,1.0
55,19.53327521617778,19.523288879155196,-9.986337022585445,24.219397564622945,True,RAL/E_seed5,E,5,gmd_03_high_bpm138.mid,1,1.0
56,19.832865326855355,19.86282433792311,29.959011067756336,52.26590777306434,True,RAL/E_seed5,E,5,gmd_03_high_bpm138.mid,1,1.0
57,20.057557909863537,20.14743494306681,89.87703320327256,9.814661091952289,False,RAL/E_seed5,E,5,gmd_03_high_bpm138.mid,1,1.0
58,20.2922368298943,20.20235979669103,-89.87703320326901,3.970366527298827,False,RAL/E_seed5,E,5,gmd_03_high_bpm138.mid,1,1.0
59,20.93136239933979,21.041212106588237,109.849707248447,1.727256080812985,False,RAL/E_seed5,E,5,gmd_03_high_bpm138.mid,1,1.0
60,21.57048796878528,,,0.0,False,RAL/E_seed5,E,5,gmd_03_high_bpm138.mid,1,1.0
61,21.79018738328217,21.865084910951563,74.89752766939262,20.40458388012329,False,RAL/E_seed5,E,5,gmd_03_high_bpm138.mid,1,1.0
62,22.42931295272766,22.45427879528412,24.965842556461837,5.557329020050636,True,RAL/E_seed5,E,5,gmd_03_high_bpm138.mid,1,1.0
63,22.509203648908343,22.494224143374467,-14.979505533876392,5.114810632648689,True,RAL/E_seed5,E,5,gmd_03_high_bpm138.mid,1,1.0
64,23.308110610715207,23.323090116249084,14.979505533876392,72.77434614093448,True,RAL/E_seed5,E,5,gmd_03_high_bpm138.mid,1,1.0
65,23.527810025212094,23.40298081242977,-124.8292127823234,1.4678487502670166,False,RAL/E_seed5,E,5,gmd_03_high_bpm138.mid,1,1.0
66,23.84737280993484,23.91727716909294,69.90435915810167,5.999847407452638,False,RAL/E_seed5,E,5,gmd_03_high_bpm138.mid,1,1.0
67,24.166935594657584,24.17692193168017,9.986337022585445,62.74901577806942,True,RAL/E_seed5,E,5,gmd_03_high_bpm138.mid,1,1.0
68,24.24682629083827,24.21187411125922,-34.952179579050835,35.43494979705193,False,RAL/E_seed5,E,5,gmd_03_high_bpm138.mid,1,1.0
69,24.726170467922387,24.79607482708049,69.90435915810167,4.580736716818754,False,RAL/E_seed5,E,5,gmd_03_high_bpm138.mid,1,1.0
70,25.065705926690303,25.105651274780648,39.945348090345334,2.9785149693288915,False,RAL/E_seed5,E,5,gmd_03_high_bpm138.mid,1,1.0
71,25.28540534118719,25.390261879924342,104.8565387371525,1.1779229102450517,False,RAL/E_seed5,E,5,gmd_03_high_bpm138.mid,1,1.0
72,25.82466754040682,25.85462655147458,29.95901106775989,1.3762932218390276,True,RAL/E_seed5,E,5,gmd_03_high_bpm138.mid,1,1.0
73,26.124257651084395,26.159209830663446,34.952179579050835,53.02887050996431,False,RAL/E_seed5,E,5,gmd_03_high_bpm138.mid,1,1.0
74,26.46379310985231,26.508731626453947,44.93851660163628,23.181768242439013,False,RAL/E_seed5,E,5,gmd_03_high_bpm138.mid,1,1.0
75,26.783355894575056,26.87323292777833,89.87703320327256,14.23984496597187,False,RAL/E_seed5,E,5,gmd_03_high_bpm138.mid,1,1.0
76,27.003055309071947,27.072959668230045,69.90435915809812,69.84456923123872,False,RAL/E_seed5,E,5,gmd_03_high_bpm138.mid,1,1.0
77,27.5273380027577,27.56229018233675,34.952179579050835,15.14014099551376,False,RAL/E_seed5,E,5,gmd_03_high_bpm138.mid,1,1.0
0,0.41950851881122814,0.4394851149450961,19.976596133867986,4.962218085268708,True,RAL/E_seed5,E,5,gmd_03_high_bpm138.mid,2,1.0
1,0.7391340569531162,0.7940696963212532,54.93563936813706,21.091250343333208,False,RAL/E_seed5,E,5,gmd_03_high_bpm138.mid,2,1.0
2,0.9588766144256643,1.0537654460615373,94.88883163587303,7.632587664418498,False,RAL/E_seed5,E,5,gmd_03_high_bpm138.mid,2,1.0
3,1.6181042868433084,1.6730399262114455,54.93563936813706,16.818659016693612,False,RAL/E_seed5,E,5,gmd_03_high_bpm138.mid,2,1.0
4,2.157472382457745,2.2323846179597497,74.91223550200488,6.167699209570618,False,RAL/E_seed5,E,5,gmd_03_high_bpm138.mid,2,1.0
5,2.497074516733501,2.5020686657669677,4.994149033466844,70.5464949491867,True,RAL/E_seed5,E,5,gmd_03_high_bpm138.mid,2,1.0
6,2.696840478072181,2.806711756808455,109.87127873627412,1.223700674459046,False,RAL/E_seed5,E,5,gmd_03_high_bpm138.mid,2,1.0
7,3.016466016214069,3.0414367613814037,24.970745167334663,28.88872951445049,True,RAL/E_seed5,E,5,gmd_03_high_bpm138.mid,2,1.0
8,3.356068150489825,3.356068150489825,0.0,3.955107272560829,True,RAL/E_seed5,E,5,gmd_03_high_bpm138.mid,2,1.0
9,3.475927727293033,,,0.0,False,RAL/E_seed5,E,5,gmd_03_high_bpm138.mid,2,1.0
10,4.195085188112281,4.225050082313083,29.96489420080195,42.57628101443523,True,RAL/E_seed5,E,5,gmd_03_high_bpm138.mid,2,1.0
11,4.4348043417186975,,,0.0,False,RAL/E_seed5,E,5,gmd_03_high_bpm138.mid,2,1.0
12,4.9741724373331335,4.999143182500468,24.970745167334663,6.762810144352546,True,RAL/E_seed5,E,5,gmd_03_high_bpm138.mid,2,1.0
13,5.273821379341154,5.293797975475021,19.976596133867375,48.03909421063874,True,RAL/E_seed5,E,5,gmd_03_high_bpm138.mid,2,1.0
14,5.61342351361691,5.61342351361691,0.0,21.07599108859521,True,RAL/E_seed5,E,5,gmd_03_high_bpm138.mid,2,1.0
15,5.9130724556249294,5.923060753691864,9.988298066934576,64.87005218665121,True,RAL/E_seed5,E,5,gmd_03_high_bpm138.mid,2,1.0
16,6.152791609231346,6.187750652465615,34.95904323426924,78.09982604449601,False,RAL/E_seed5,E,5,gmd_03_high_bpm138.mid,2,1.0
17,6.692159704845782,6.657200661611513,-34.95904323426924,29.209173863948507,False,RAL/E_seed5,E,5,gmd_03_high_bpm138.mid,2,1.0
18,6.991808646853802,7.006791093954203,14.982447100400975,52.72368541520434,True,RAL/E_seed5,E,5,gmd_03_high_bpm138.mid,2,1.0
19,7.351387377263427,7.371363973397294,19.976596133867375,29.148136844996515,True,RAL/E_seed5,E,5,gmd_03_high_bpm138.mid,2,1.0
20,7.690989511539183,7.725948554773451,34.95904323426835,26.096285897396776,False,RAL/E_seed5,E,5,gmd_03_high_bpm138.mid,2,1.0
21,7.930708665145598,7.990638453547202,59.9297884016039,34.916135135959934,False,RAL/E_seed5,E,5,gmd_03_high_bpm138.mid,2,1.0
22,8.21038101101975,8.245340054254019,34.95904323426835,2.3223670155949705,False,RAL/E_seed5,E,5,gmd_03_high_bpm138.mid,2,1.0
23,8.549983145295506,8.535000698195105,-14.982447100400975,64.42753379924926,True,RAL/E_seed5,E,5,gmd_03_high_bpm138.mid,2,1.0
24,8.649866125964847,8.569959741429374,-79.90638453547305,20.98443556016722,False,RAL/E_seed5,E,5,gmd_03_high_bpm138.mid,2,1.0
25,9.114321986077277,9.10932783704381,-4.9941490334664,24.234656819360943,True,RAL/E_seed5,E,5,gmd_03_high_bpm138.mid,2,1.0
26,9.40897677905183,,,0.0,False,RAL/E_seed5,E,5,gmd_03_high_bpm138.mid,2,1.0
27,9.668672528792115,9.733596466227185,64.9239374350703,1.3762932218390276,False,RAL/E_seed5,E,5,gmd_03_high_bpm138.mid,2,1.0
28,9.988298066934004,9.998286365000936,9.9882980669328,1.9256263924070185,True,RAL/E_seed5,E,5,gmd_03_high_bpm138.mid,2,1.0
29,10.30792360507589,10.347876797343627,39.953192267736526,12.225623340556057,False,RAL/E_seed5,E,5,gmd_03_high_bpm138.mid,2,1.0
30,10.867268296824195,10.982133724593936,114.8654277697414,5.923551133762647,False,RAL/E_seed5,E,5,gmd_03_high_bpm138.mid,2,1.0
31,11.19188798399955,11.251817772401154,59.9297884016039,2.24607074190498,False,RAL/E_seed5,E,5,gmd_03_high_bpm138.mid,2,1.0
32,11.406636392438632,,,0.0,False,RAL/E_seed5,E,5,gmd_03_high_bpm138.mid,2,1.0
33,11.946004488053068,11.97596938225387,29.96489420080195,7.78518021179848,True,RAL/E_seed5,E,5,gmd_03_high_bpm138.mid,2,1.0
34,12.245653430061088,12.27561832426189,29.96489420080195,3.40577410199284,True,RAL/E_seed5,E,5,gmd_03_high_bpm138.mid,2,1.0
35,12.585255564336844,12.580261415303378,-4.9941490334664,24.50932340464491,True,RAL/E_seed5,E,5,gmd_03_high_bpm138.mid,2,1.0
36,12.884904506344864,12.929851847646066,44.947341301202925,1.1474044007690551,False,RAL/E_seed5,E,5,gmd_03_high_bpm138.mid,2,1.0
37,13.644015159431849,13.753886438168122,109.87127873627323,1.0711081270790643,False,RAL/E_seed5,E,5,gmd_03_high_bpm138.mid,2,1.0
38,13.923687505306,14.068517827276544,144.83032197054337,1.0253303628650698,False,RAL/E_seed5,E,5,gmd_03_high_bpm138.mid,2,1.0
39,14.303242831849493,14.32321942798336,19.976596133867375,4.748588518936733,True,RAL/E_seed5,E,5,gmd_03_high_bpm138.mid,2,1.0
40,14.62286836999138,14.667815711292583,44.947341301202925,4.44340342417677,False,RAL/E_seed5,E,5,gmd_03_high_bpm138.mid,2,1.0
41,14.862587523597796,14.8925524177986,29.964894200803727,16.315103610339673,True,RAL/E_seed5,E,5,gmd_03_high_bpm138.mid,2,1.0
42,15.18720721077315,15.177218912706218,-9.9882980669328,63.95449690237128,True,RAL/E_seed5,E,5,gmd_03_high_bpm138.mid,2,1.0
43,15.501838599881573,15.531803494082375,29.96489420080195,15.67421491134375,True,RAL/E_seed5,E,5,gmd_03_high_bpm138.mid,2,1.0
44,15.581744984417044,,,0.0,False,RAL/E_seed5,E,5,gmd_03_high_bpm138.mid,2,1.0
45,16.066177440663346,16.021230099362143,-44.947341301202925,9.2805871761223,False,RAL/E_seed5,E,5,gmd_03_high_bpm138.mid,2,1.0
46,16.380808829771766,16.410773723972568,29.96489420080195,1.8493301187170277,True,RAL/E_seed5,E,5,gmd_03_high_bpm138.mid,2,1.0
47,16.600551387244312,16.74038756018139,139.83617293707695,1.803552354503033,False,RAL/E_seed5,E,5,gmd_03_high_bpm138.mid,2,1.0
48,16.900200329252332,16.80531149761646,-94.88883163587047,1.4678487502670166,False,RAL/E_seed5,E,5,gmd_03_high_bpm138.mid,2,1.0
49,17.23980246352809,17.244796612561558,4.994149033468176,3.207403790398864,True,RAL/E_seed5,E,5,gmd_03_high_bpm138.mid,2,1.0
50,17.319708848063563,17.279755655795825,-39.9531922677383,45.445020905179,False,RAL/E_seed5,E,5,gmd_03_high_bpm138.mid,2,1.0
51,17.799147155276394,17.814129602376795,14.982447100400975,7.891994994964467,True,RAL/E_seed5,E,5,gmd_03_high_bpm138.mid,2,1.0
52,18.33851525089083,18.383462592192032,44.947341301202925,1.1168858912930588,False,RAL/E_seed5,E,5,gmd_03_high_bpm138.mid,2,1.0
53,18.882877495538732,18.842924303270998,-39.95319226773475,2.65807061983093,False,RAL/E_seed5,E,5,gmd_03_high_bpm138.mid,2,1.0
54,19.177532288513287,19.217485480781022,39.95319226773475,84.70708334604939,False,RAL/E_seed5,E,5,gmd_03_high_bpm138.mid,2,1.0
55,19.53711101892291,19.51713442278904,-19.97659613386915,6.137180700094621,True,RAL/E_seed5,E,5,gmd_03_high_bpm138.mid,2,1.0
56,19.83675996093093,19.83675996093093,0.0,68.3491622669149,True,RAL/E_seed5,E,5,gmd_03_high_bpm138.mid,2,1.0
57,20.061496667436945,20.12142645583855,59.9297884016039,41.59968871120335,False,RAL/E_seed5,E,5,gmd_03_high_bpm138.mid,2,1.0
58,20.296221672009896,20.346163162344563,49.94149033466755,39.47865230262155,False,RAL/E_seed5,E,5,gmd_03_high_bpm138.mid,2,1.0
59,20.93547274829367,20.995402536695273,59.9297884016039,58.705313272499794,False,RAL/E_seed5,E,5,gmd_03_high_bpm138.mid,2,1.0
60,21.574723824577447,21.59969456974478,24.970745167333774,57.11835077974793,True,RAL/E_seed5,E,5,gmd_03_high_bpm138.mid,2,1.0
61,21.794466382049993,21.889355213685867,94.88883163587403,3.4362926114688364,False,RAL/E_seed5,E,5,gmd_03_high_bpm138.mid,2,1.0
62,22.43371745833377,22.43871160736724,4.994149033468176,14.23984496597187,True,RAL/E_seed5,E,5,gmd_03_high_bpm138.mid,2,1.0
63,22.513623842869244,22.493647246735375,-19.97659613386915,4.9469588305307095,True,RAL/E_seed5,E,5,gmd_03_high_bpm138.mid,2,1.0
64,23.312687688223964,23.322675986290896,9.9882980669328,1.5746635334330037,True,RAL/E_seed5,E,5,gmd_03_high_bpm138.mid,2,1.0
65,23.53243024569651,23.60234833216505,69.91808646854025,1.3762932218390276,False,RAL/E_seed5,E,5,gmd_03_high_bpm138.mid,2,1.0
66,23.8520557838384,,,0.0,False,RAL/E_seed5,E,5,gmd_03_high_bpm138.mid,2,1.0
67,24.171681321980287,24.176675471013755,4.994149033468176,20.541917172765277,True,RAL/E_seed5,E,5,gmd_03_high_bpm138.mid,2,1.0
68,24.25158770651576,24.226616961348423,-24.970745167337327,2.169774468214989,True,RAL/E_seed5,E,5,gmd_03_high_bpm138.mid,2,1.0
69,24.73102601372859,24.755996758895925,24.970745167333774,40.22635578478346,True,RAL/E_seed5,E,5,gmd_03_high_bpm138.mid,2,1.0
70,25.07062814800435,25.125563787372485,54.935639368135725,10.348735007782224,False,RAL/E_seed5,E,5,gmd_03_high_bpm138.mid,2,1.0
71,25.290370705476896,,,0.0,False,RAL/E_seed5,E,5,gmd_03_high_bpm138.mid,2,1.0
72,25.82973880109133,25.8646978443256,34.959043234270126,4.2908108767967885,False,RAL/E_seed5,E,5,gmd_03_high_bpm138.mid,2,1.0
73,26.12938774309935,26.159352637300152,29.96489420080195,1.4831080050050147,True,RAL/E_seed5,E,5,gmd_03_high_bpm138.mid,2,1.0
74,26.468989877375108,26.46399572834164,-4.994149033468176,1.330515457625033,True,RAL/E_seed5,E,5,gmd_03_high_bpm138.mid,2,1.0
75,26.788615415516997,26.85353935295207,64.92393743507208,30.76561784722432,False,RAL/E_seed5,E,5,gmd_03_high_bpm138.mid,2,1.0
76,27.008357972989543,27.078276059458084,69.91808646854025,1.1779229102450517,False,RAL/E_seed5,E,5,gmd_03_high_bpm138.mid,2,1.0
77,27.53274362150358,27.587679260871717,54.935639368135725,10.577623828852197,False,RAL/E_seed5,E,5,gmd_03_high_bpm138.mid,2,1.0
0,0.4194633529650425,0.42945057565468636,9.98722268964386,51.64027832880642,True,RAL/E_seed5,E,5,gmd_03_high_bpm138.mid,3,1.0
1,0.7390544790336463,0.8139586492059753,74.90417017232897,3.8025147251808473,False,RAL/E_seed5,E,5,gmd_03_high_bpm138.mid,3,1.0
2,0.9587733782058114,1.0186967143436745,59.923336137863046,59.72768333994567,False,RAL/E_seed5,E,5,gmd_03_high_bpm138.mid,3,1.0
3,1.6179300757223067,1.6978278572394576,79.89778151715088,18.95495468001341,False,RAL/E_seed5,E,5,gmd_03_high_bpm138.mid,3,1.0
4,2.1572401009630755,2.2421314938250485,84.891392861973,17.764732810449555,False,RAL/E_seed5,E,5,gmd_03_high_bpm138.mid,3,1.0
5,2.496805672410967,2.506792895100611,9.987222689643804,1.605182042909,True,RAL/E_seed5,E,5,gmd_03_high_bpm138.mid,3,1.0
6,2.6965501262038445,2.5417481745143644,-154.80195168948006,26.416730246894737,False,RAL/E_seed5,E,5,gmd_03_high_bpm138.mid,3,1.0
7,3.0161412522724484,3.031122086306914,14.980834034465484,66.2586443678091,True,RAL/E_seed5,E,5,gmd_03_high_bpm138.mid,3,1.0
8,3.35570682372034,3.340725989685874,-14.980834034465929,61.833460493789474,True,RAL/E_seed5,E,5,gmd_03_high_bpm138.mid,3,1.0
9,3.475553495996066,3.5504576661683953,74.9041701723292,10.440290536210211,False,RAL/E_seed5,E,5,gmd_03_high_bpm138.mid,3,1.0
10,4.1946335296504245,,,0.0,False,RAL/E_seed5,E,5,gmd_03_high_bpm138.mid,3,1.0
11,4.4343268742018775,4.504237433029385,69.91055882750707,42.774651326029264,False,RAL/E_seed5,E,5,gmd_03_high_bpm138.mid,3,1.0
12,4.9736368994426465,,,0.0,False,RAL/E_seed5,E,5,gmd_03_high_bpm138.mid,3,1.0
13,5.273253580131962,5.298221636856073,24.968056724110177,6.793328653828542,True,RAL/E_seed5,E,5,gmd_03_high_bpm138.mid,3,1.0
14,5.6128191515798544,5.647774430993608,34.95527941375354,37.26606036561176,False,RAL/E_seed5,E,5,gmd_03_high_bpm138.mid,3,1.0
15,5.91243583226917,5.952384723027746,39.94889075857522,43.186651203955215,False,RAL/E_seed5,E,5,gmd_03_high_bpm138.mid,3,1.0
16,6.152129176820623,6.19707167892402,44.9425021033969,36.15213476973784,False,RAL/E_seed5,E,5,gmd_03_high_bpm138.mid,3,1.0
17,6.6914392020613915,6.7064200360958575,14.980834034465929,10.13510544145025,True,RAL/E_seed5,E,5,gmd_03_high_bpm138.mid,3,1.0
18,6.991055882750708,7.011030328129996,19.97444537928761,1.3762932218390276,True,RAL/E_seed5,E,5,gmd_03_high_bpm138.mid,3,1.0
19,7.350595899577887,7.335615065543421,-14.980834034465929,1.8493301187170277,True,RAL/E_seed5,E,5,gmd_03_high_bpm138.mid,3,1.0
20,7.690161471025779,7.695155082370601,4.99361134482168,92.56559953611864,True,RAL/E_seed5,E,5,gmd_03_high_bpm138.mid,3,1.0
21,7.929854815577231,8.009752597094382,79.89778151715043,11.554216132084136,False,RAL/E_seed5,E,5,gmd_03_high_bpm138.mid,3,1.0
22,8.20949705088726,8.224477884921725,14.980834034465929,19.687398907437377,True,RAL/E_seed5,E,5,gmd_03_high_bpm138.mid,3,1.0
23,8.549062622335152,8.549062622335152,0.0,11.554216132084136,True,RAL/E_seed5,E,5,gmd_03_high_bpm138.mid,3,1.0
24,8.64893484923159,,,0.0,False,RAL/E_seed5,E,5,gmd_03_high_bpm138.mid,3,1.0
25,9.11334070430003,9.123327926989674,9.98722268964336,3.726218451490857,True,RAL/E_seed5,E,5,gmd_03_high_bpm138.mid,3,1.0
26,9.407963773644525,9.442919053058278,34.95527941375265,70.0429395428327,False,RAL/E_seed5,E,5,gmd_03_high_bpm138.mid,3,1.0
27,9.667631563575265,9.742535733747594,74.90417017232964,1.5746635334330037,False,RAL/E_seed5,E,5,gmd_03_high_bpm138.mid,3,1.0
28,9.987222689643868,9.842407960644032,-144.81472899983672,1.4831080050050147,False,RAL/E_seed5,E,5,gmd_03_high_bpm138.mid,3,1.0
29,10.306813815712472,10.321794649746938,14.980834034465929,81.71626941740163,True,RAL/E_seed5,E,5,gmd_03_high_bpm138.mid,3,1.0
30,10.866098286332528,10.73626439136716,-129.833894965369,12.988586077455963,False,RAL/E_seed5,E,5,gmd_03_high_bpm138.mid,3,1.0
31,11.190683023745954,11.180695801056311,-9.98722268964336,26.157322916348768,True,RAL/E_seed5,E,5,gmd_03_high_bpm138.mid,3,1.0
32,11.405408311573298,11.475318870400805,69.91055882750707,1.7882930997650348,False,RAL/E_seed5,E,5,gmd_03_high_bpm138.mid,3,1.0
33,11.944718336814066,11.9297375027796,-14.980834034465929,1.3762932218390276,True,RAL/E_seed5,E,5,gmd_03_high_bpm138.mid,3,1.0
34,12.244335017503383,12.26430946288267,19.97444537928672,4.245033112582794,True,RAL/E_seed5,E,5,gmd_03_high_bpm138.mid,3,1.0
35,12.583900588951275,12.578906977606453,-4.993611344822568,56.813165684987965,True,RAL/E_seed5,E,5,gmd_03_high_bpm138.mid,3,1.0
36,12.88351726964059,12.888510880985413,4.993611344822568,71.3552354503006,True,RAL/E_seed5,E,5,gmd_03_high_bpm138.mid,3,1.0
37,13.642546194053525,13.652533416743168,9.98722268964336,117.37714774010438,True,RAL/E_seed5,E,5,gmd_03_high_bpm138.mid,3,1.0
38,13.922188429363553,13.957143708777306,34.95527941375265,4.153477584154805,False,RAL/E_seed5,E,5,gmd_03_high_bpm138.mid,3,1.0
39,14.30170289157002,14.286722057535554,-14.980834034465929,20.465620899075283,True,RAL/E_seed5,E,5,gmd_03_high_bpm138.mid,3,1.0
40,14.621294017638624,14.626287628983446,4.993611344822568,20.221472823267312,True,RAL/E_seed5,E,5,gmd_03_high_bpm138.mid,3,1.0
41,14.860987362190077,,,0.0,False,RAL/E_seed5,E,5,gmd_03_high_bpm138.mid,3,1.0
42,15.185572099603503,15.175584876913858,-9.987222689645137,1.6204412976469982,True,RAL/E_seed5,E,5,gmd_03_high_bpm138.mid,3,1.0
43,15.500169614327284,15.49018239163764,-9.98722268964336,59.63612781151768,True,RAL/E_seed5,E,5,gmd_03_high_bpm138.mid,3,1.0
44,15.580067395844434,,,0.0,False,RAL/E_seed5,E,5,gmd_03_high_bpm138.mid,3,1.0
45,16.064447696292163,16.08442214167145,19.97444537928672,9.616290780358312,True,RAL/E_seed5,E,5,gmd_03_high_bpm138.mid,3,1.0
46,16.379045211015946,,,0.0,False,RAL/E_seed5,E,5,gmd_03_high_bpm138.mid,3,1.0
47,16.59876411018811,16.67866189170526,79.89778151715043,29.94161809137242,False,RAL/E_seed5,E,5,gmd_03_high_bpm138.mid,3,1.0
48,16.898380790877425,16.923348847601535,24.96805672410929,41.53865169225136,True,RAL/E_seed5,E,5,gmd_03_high_bpm138.mid,3,1.0
49,17.237946362325317,17.232952750980495,-4.993611344822568,68.04397717215488,True,RAL/E_seed5,E,5,gmd_03_high_bpm138.mid,3,1.0
50,17.317844143842468,17.27290164173907,-44.94250210339601,1.8188116092410311,False,RAL/E_seed5,E,5,gmd_03_high_bpm138.mid,3,1.0
51,17.797230832945374,17.812211666979838,14.980834034464152,8.456587420270399,True,RAL/E_seed5,E,5,gmd_03_high_bpm138.mid,3,1.0
52,18.336540858186144,18.346528080875785,9.987222689641584,4.092440565202812,True,RAL/E_seed5,E,5,gmd_03_high_bpm138.mid,3,1.0
53,18.880844494771733,18.915799774185487,34.955279413754425,19.199102755821382,False,RAL/E_seed5,E,5,gmd_03_high_bpm138.mid,3,1.0
54,19.17546756411623,19.215416454874802,39.94889075857344,91.1007110812708,False,RAL/E_seed5,E,5,gmd_03_high_bpm138.mid,3,1.0
55,19.535007580943407,19.54998841497787,14.980834034464152,41.9964293343913,True,RAL/E_seed5,E,5,gmd_03_high_bpm138.mid,3,1.0
56,19.834624261632722,19.839617872977545,4.993611344822568,54.14279610583817,True,RAL/E_seed5,E,5,gmd_03_high_bpm138.mid,3,1.0
57,20.05933677214971,20.119260108287573,59.923336137863714,8.960142826624338,False,RAL/E_seed5,E,5,gmd_03_high_bpm138.mid,3,1.0
58,20.294036505356342,20.338979007459738,44.94250210339601,51.25879696035646,False,RAL/E_seed5,E,5,gmd_03_high_bpm138.mid,3,1.0
59,20.93321875749355,20.998135704976235,64.91694748268628,1.589922788171002,False,RAL/E_seed5,E,5,gmd_03_high_bpm138.mid,3,1.0
60,21.572401009630756,21.592375455010043,19.97444537928672,82.98278756065554,True,RAL/E_seed5,E,5,gmd_03_high_bpm138.mid,3,1.0
61,21.79211990880292,21.89199213569936,99.87222689644071,11.52369762260814,False,RAL/E_seed5,E,5,gmd_03_high_bpm138.mid,3,1.0
62,22.431302160940128,22.456270217664237,24.96805672410929,23.883693960386985,True,RAL/E_seed5,E,5,gmd_03_high_bpm138.mid,3,1.0
63,22.511199942457278,,,0.0,False,RAL/E_seed5,E,5,gmd_03_high_bpm138.mid,3,1.0
64,23.31017775762879,23.305184146283967,-4.993611344822568,94.47300637836848,True,RAL/E_seed5,E,5,gmd_03_high_bpm138.mid,3,1.0
65,23.529896656800954,,,0.0,False,RAL/E_seed5,E,5,gmd_03_high_bpm138.mid,3,1.0
66,23.84948778286956,23.8594750055592,9.987222689641584,77.733603930784,True,RAL/E_seed5,E,5,gmd_03_high_bpm138.mid,3,1.0
67,24.16907890893816,24.204034188351915,34.955279413754425,13.35480819116792,False,RAL/E_seed5,E,5,gmd_03_high_bpm138.mid,3,1.0
68,24.24897669045531,,,0.0,False,RAL/E_seed5,E,5,gmd_03_high_bpm138.mid,3,1.0
69,24.728363379558218,24.728363379558218,0.0,6.015106662190636,True,RAL/E_seed5,E,5,gmd_03_high_bpm138.mid,3,1.0
70,25.06792895100611,25.112871453109506,44.94250210339601,10.699697866756182,False,RAL/E_seed5,E,5,gmd_03_high_bpm138.mid,3,1.0
71,25.287647850178274,25.362552020350606,74.90417017233142,8.899105807672345,False,RAL/E_seed5,E,5,gmd_03_high_bpm138.mid,3,1.0
72,25.826957875419044,25.84693232079833,19.97444537928672,12.378215887936037,True,RAL/E_seed5,E,5,gmd_03_high_bpm138.mid,3,1.0
73,26.12657455610836,26.161529835522114,34.955279413754425,16.51347392193365,False,RAL/E_seed5,E,5,gmd_03_high_bpm138.mid,3,1.0
74,26.46614012755625,26.456152904866606,-9.987222689645137,3.0548112430188823,True,RAL/E_seed5,E,5,gmd_03_high_bpm138.mid,3,1.0
75,26.785731253624856,26.835667367073075,49.93611344821858,13.18695638904994,False,RAL/E_seed5,E,5,gmd_03_high_bpm138.mid,3,1.0
76,27.00545015279702,27.060379877590062,54.929724793041146,46.10116885891292,False,RAL/E_seed5,E,5,gmd_03_high_bpm138.mid,3,1.0
77,27.529779344003323,27.584709068796364,54.929724793041146,4.763847773674732,False,RAL/E_seed5,E,5,gmd_03_high_bpm138.mid,3,1.0
