timestamp_pc,meas_pres_DF,meas_pres_F,meas_pres_G,wrist_angle_deg,grip_angle_deg,flag,force_N,time,cmd_DF,cmd_F,cmd_G,cmd_pc
11636.621953706,-0.009746767442794754,-0.001193108383237327,-0.009983245376146203,-2.34,12.78,0.0,-0.11911374248479234,0.0,0.1,0.1,0.3,11636.618367983
11636.62678267,-0.015534236699483128,-0.004994638735848879,-0.007035972854466824,-2.34,12.78,0.1,-0.19541001617478315,0.005,0.1,0.1,0.3,11636.618367983
11636.631503824,-0.00433275870795263,-0.007345018273580525,-0.0058641603495041255,-2.34,12.78,0.1,-0.05807672353279969,0.01,0.1,0.1,0.3,11636.618367983
11636.636417205,-0.011626785981063363,-0.016505598131940365,-0.005295027080393828,-2.34,12.78,0.1,-0.180150761436785,0.015,0.1,0.1,0.3,11636.618367983
11636.642186367,-0.006829999205958547,-0.010034466830388378,-0.010220209461872475,-2.34,12.78,0.1,-0.3174840540788235,0.02,0.1,0.1,0.3,11636.638452964
11636.646668832,0.0010257433284914436,-0.013586205945800888,-0.014512512359191179,-2.34,12.78,0.1,-0.11911374248479234,0.025,0.1,0.1,0.3,11636.638452964
11636.65232241,0.0062493885717601555,-0.014828655029339955,-0.011899779762893933,-2.34,12.78,0.1,-0.10385448774679418,0.03,0.1,0.1,0.3,11636.638452964
11636.65682958,0.001631861740950408,-0.02049379702379355,-0.018606683632937025,-2.34,12.78,0.1,0.00296029541919296,0.035,0.1,0.1,0.3,11636.638452964
11636.661938865,-6.312907933375868e-05,-0.011421554710454687,-0.008950578563296535,-2.34,12.78,0.1,0.09451582384718193,0.04,0.1,0.1,0.3,11636.658570744
11636.666361458,0.006680494066900866,-0.004512375991920957,0.009357640917383328,-2.34,12.78,0.1,0.07925656910918377,0.045,0.1,0.1,0.3,11636.658570744
11636.672155741,0.01781948821497963,0.007657822300579414,0.029743737631040684,-2.34,12.78,0.1,0.00296029541919296,0.05,0.1,0.1,0.3,11636.658570744
11636.67661171,0.03274610521787795,0.02413318169358349,0.062130325265028624,-2.34,12.78,0.1,-0.30222479934082536,0.055,0.1,0.1,0.3,11636.658570744
11636.681218784,0.03326503524601953,0.02447064256261744,0.08581467294949868,-2.16,12.6,0.1,0.07925656910918377,0.06,0.1,0.1,0.3,11636.678558252
11636.686851401,0.04317206097889903,0.02605972351567295,0.10467951284941421,-1.98,12.42,0.1,0.2318491164891654,0.065,0.1,0.1,0.3,11636.678558252
11636.691336394,0.04340917187439255,0.04548483091674754,0.12915674982480785,-1.7999999999999998,12.059999999999999,0.1,-0.14963225196078866,0.07,0.1,0.1,0.3,11636.678558252
11636.696838419,0.0533775420490404,0.04066704344174708,0.15415422046599117,-1.44,11.7,0.1,0.018219550157191122,0.075,0.1,0.1,0.3,11636.678558252
11636.701850072,0.06301946352215008,0.0562782483286533,0.17073126387044815,-1.26,11.34,0.1,0.018219550157191122,0.08,0.1,0.1,0.3,11636.698487775
11636.706360889,0.06981326735492642,0.0664429624515215,0.18709250832733376,-0.8999999999999999,10.799999999999999,0.1,-0.21066927091278131,0.085,0.1,0.1,0.3,11636.698487775
11636.711888482,0.0754330523999613,0.06978881021432327,0.2043379547417038,-0.54,10.26,0.1,-0.14963225196078866,0.09,0.1,0.1,0.3,11636.698487775
11636.716313635,0.07750276791526652,0.07437452747903123,0.21549202362579775,-0.0,9.719999999999999,0.1,-0.05807672353279969,0.095,0.1,0.1,0.3,11636.698487775
11636.721866028,0.07821062546376244,0.08426593099745872,0.22581997962291747,0.36,9.18,0.1,-0.012298959318805203,0.1,0.1,0.1,0.3,11636.718225553
11636.726398382,0.07847438755771328,0.09740827146059106,0.2381932673226988,0.72,8.64,0.1,-0.16489150669878683,0.105,0.1,0.1,0.3,11636.718225553
11636.731924406,0.0831225502980773,0.09669492655437437,0.24661251898011327,1.08,8.28,0.1,-0.027558214056803365,0.11,0.1,0.1,0.3,11636.718225553
11636.736365879,0.09204526982484942,0.09227961571895073,0.25392912679644836,1.26,7.739999999999999,0.1,-0.2869655446028272,0.115,0.1,0.1,0.3,11636.718225553
11636.741910336,0.1002507457488207,0.08825662854693854,0.2623288510409264,1.6199999999999999,7.38,0.1,-0.19541001617478315,0.12,0.1,0.1,0.3,11636.738070052
11636.746326337,0.10745961153424372,0.08506140812423685,0.26879547097844325,1.7999999999999998,7.199999999999999,0.1,-0.07333597827079785,0.125,0.1,0.1,0.3,11636.738070052
11636.751852426,0.10845370798452018,0.08798067532616519,0.2734097811347295,1.98,7.02,0.1,0.033478804895189285,0.13,0.1,0.1,0.3,11636.738070052
11636.756352651,0.1053245959355524,0.08972545794334759,0.2786919484404074,1.98,6.84,0.1,-0.05807672353279969,0.135,0.1,0.1,0.3,11636.738070052
11636.761908692,0.1006809035605672,0.09752306838138726,0.2829216389058858,1.98,6.84,0.1,-0.07333597827079785,0.14,0.1,0.1,0.3,11636.758288345
11636.766424053,0.10408391785893091,0.10015274030220128,0.285937379712357,1.98,6.84,0.1,-0.180150761436785,0.145,0.1,0.1,0.3,11636.758288345
11636.772066143,0.10182537387359827,0.09442418895067729,0.28867653556535056,1.98,7.02,0.1,-0.04281746879480153,0.15,0.1,0.1,0.3,11636.758288345
11636.776536256,0.09761285191092128,0.10509208752221184,0.29121259981057873,1.7999999999999998,7.199999999999999,0.1,-0.14963225196078866,0.155,0.1,0.1,0.3,11636.758288345
11636.782070441,0.09257123251471112,0.09953771501746839,0.29271909359149223,1.6199999999999999,7.38,0.1,-0.012298959318805203,0.16,0.1,0.1,0.3,11636.778171724
11636.786524682,0.10345571291847817,0.09298210180479041,0.294867069427619,1.44,7.56,0.1,-0.180150761436785,0.165,0.1,0.1,0.3,11636.778171724
11636.792083187,0.1049037689903566,0.08651198110671666,0.2968142722483246,1.44,7.739999999999999,0.1,0.00296029541919296,0.17,0.1,0.1,0.3,11636.778171724
11636.79656322,0.09462464402296232,0.10135066833297668,0.29805182743814485,1.26,7.92,0.1,-0.3174840540788235,0.17500000000000002,0.1,0.1,0.3,11636.778171724
11636.80120943,0.0938236901154052,0.10144607036556474,0.29894625224998606,1.08,8.1,0.1,0.07925656910918377,0.18,0.1,0.1,0.3,11636.797858365
11636.806782207,0.10310586500397478,0.0912293750445371,0.29967305452789955,1.08,8.1,0.1,-0.16489150669878683,0.185,0.1,0.1,0.3,11636.797858365
11636.811201088,0.10444553395507063,0.09519888533483342,0.30001919153329054,1.08,8.28,0.1,-0.027558214056803365,0.19,0.1,0.1,0.3,11636.797858365
11636.816709257,0.10176986253822021,0.09953208216563474,0.29996343228031497,1.08,8.28,0.1,-0.10385448774679418,0.195,0.1,0.1,0.3,11636.797858365
11636.821620333,0.10411815478158071,0.09585868151250944,0.29971186324158655,1.08,8.28,0.1,0.15555284279917458,0.2,0.1,0.1,0.3,11636.818207892
11636.82717519,0.10471160349597583,0.1017115790061777,0.29957862766500015,1.08,8.1,0.1,-0.363261818292818,0.20500000000000002,0.1,0.1,0.3,11636.818207892
11636.831692567,0.09200451155549233,0.10169788121603611,0.29876916250220853,1.08,8.1,0.1,-0.027558214056803365,0.21,0.1,0.1,0.3,11636.818207892
11636.836201113,0.08892946931603961,0.10234429276215765,0.2983804137251259,1.26,7.92,0.1,-0.3327433088168217,0.215,0.1,0.1,0.3,11636.818207892
11636.841753762,0.09898866473518307,0.10296576022276244,0.29863684583426947,1.26,7.92,0.1,0.15555284279917458,0.22,0.1,0.1,0.3,11636.838063559
11636.846191939,0.10291504740518768,0.09456441562307562,0.2982004570490079,1.44,7.739999999999999,0.1,-0.04281746879480153,0.225,0.1,0.1,0.3,11636.838063559
11636.851709803,0.0958618041144381,0.09784471937152844,0.29767658223999627,1.44,7.56,0.1,0.033478804895189285,0.23,0.1,0.1,0.3,11636.838063559
11636.856261933,0.09439244368501401,0.09933184860598417,0.29748574125039284,1.6199999999999999,7.56,0.1,-0.16489150669878683,0.23500000000000001,0.1,0.1,0.3,11636.838063559
11636.861836022,0.08432533511895918,0.11866343976883606,0.29736218772803114,1.6199999999999999,7.38,0.1,0.04873805963318745,0.24,0.1,0.1,0.3,11636.858381053
11636.866327671,0.08392930133038404,0.11465854920347791,0.29718612535027267,1.6199999999999999,7.38,0.1,-0.42429883724481066,0.245,0.1,0.1,0.3,11636.858381053
11636.871861824,0.09094386647977751,0.11440424322967531,0.29741498340784595,1.6199999999999999,7.38,0.1,0.21658986175116723,0.25,0.1,0.1,0.3,11636.858381053
11636.876339009,0.09468832403930895,0.11289442280176917,0.29735881118487295,1.6199999999999999,7.38,0.1,-0.39378032776881433,0.255,0.1,0.1,0.3,11636.858381053
11636.88186241,0.09405529182633204,0.11016860902152596,0.29712186004264285,1.6199999999999999,7.38,0.1,0.07925656910918377,0.26,0.1,0.1,0.3,11636.878006222
11636.886312011,0.09137276586710659,0.10945129840768782,0.2969337334362109,1.6199999999999999,7.38,0.1,-0.16489150669878683,0.265,0.1,0.1,0.3,11636.878006222
11636.89184098,0.09884413313407411,0.09575892815778347,0.29687837564357034,1.6199999999999999,7.38,0.1,0.018219550157191122,0.27,0.1,0.1,0.3,11636.878006222
11636.896334037,0.09092543111168495,0.10259555491652196,0.29666426022249826,1.6199999999999999,7.38,0.1,-0.14963225196078866,0.275,0.1,0.1,0.3,11636.878006222
11636.901871838,0.0934261777243626,0.09750340685991411,0.2966345441788526,1.6199999999999999,7.56,0.1,-0.1343729972227905,0.28,0.1,0.1,0.3,11636.898234883
11636.906341279,0.09374625998622589,0.0983137262748027,0.29660112676435,1.44,7.56,0.1,-0.1343729972227905,0.28500000000000003,0.1,0.1,0.3,11636.898234883
11636.911890376,0.09029949766792776,0.09864218050462797,0.2964619530617614,1.44,7.56,0.1,0.04873805963318745,0.29,0.1,0.1,0.3,11636.898234883
11636.916327177,0.09922197755466733,0.09788812916813089,0.29680110558320627,1.44,7.56,0.1,-0.4395580919828088,0.295,0.1,0.1,0.3,11636.898234883
11636.921873362,0.09700919160859446,0.0993099300042026,0.2967366450488467,1.44,7.56,0.1,0.12503433332317826,0.3,0.1,0.1,0.3,11636.917900116
11636.926350323,0.09288983207610726,0.1063899994493731,0.2967541490870038,1.6199999999999999,7.56,0.1,0.07925656910918377,0.305,0.1,0.1,0.3,11636.917900116
11636.931864828,0.0999603754130329,0.09715286700948661,0.2967893126169167,1.6199999999999999,7.56,0.1,-0.08859523300879601,0.31,0.1,0.1,0.3,11636.917900116
11636.936396413,0.10239973939567522,0.09344254031384096,0.29683235560457516,1.6199999999999999,7.38,0.1,-0.1343729972227905,0.315,0.1,0.1,0.3,11636.917900116
11636.941936454,0.09803891122674813,0.1069067871314306,0.29709182537419365,1.6199999999999999,7.38,0.1,0.033478804895189285,0.32,0.1,0.1,0.3,11636.938049065
11636.946346694,0.09632335111699233,0.11035212650294572,0.29723315424494023,1.6199999999999999,7.38,0.1,-0.180150761436785,0.325,0.1,0.1,0.3,11636.938049065
11636.951868623,0.0987543354295588,0.09424305470947185,0.29709523923245507,1.6199999999999999,7.38,0.1,-0.05807672353279969,0.33,0.1,0.1,0.3,11636.938049065
11636.956413361,0.1133235707462822,0.08588654714888766,0.2975094033165544,1.6199999999999999,7.38,0.1,-0.3174840540788235,0.335,0.1,0.1,0.3,11636.938049065
11636.962009402,0.11430527489994566,0.08885351913976242,0.29786720809968686,1.6199999999999999,7.38,0.1,-0.027558214056803365,0.34,0.1,0.1,0.3,11636.958010333
11636.966496187,0.1062836872378717,0.0939232680402002,0.29785868325935433,1.6199999999999999,7.38,0.1,-0.10385448774679418,0.34500000000000003,0.1,0.1,0.3,11636.958010333
11636.972056356,0.10871237837918749,0.08631720925351444,0.2979458870435011,1.6199999999999999,7.38,0.1,-0.027558214056803365,0.35000000000000003,0.1,0.1,0.3,11636.958010333
11636.976515749,0.10143356628172086,0.09625764837634489,0.2978623111867631,1.6199999999999999,7.38,0.1,-0.05807672353279969,0.355,0.1,0.1,0.3,11636.958010333
11636.981202568,0.10516630438382737,0.0865544687918842,0.2978696753141653,1.6199999999999999,7.38,0.1,0.14029358806117642,0.36,0.1,0.1,0.3,11636.977843599
11636.986727217,0.10826504331474926,0.08486993013976957,0.29815570883725573,1.6199999999999999,7.38,0.1,-0.16489150669878683,0.365,0.1,0.1,0.3,11636.977843599
11636.991210354,0.10124416991070571,0.08794155507661473,0.29802079090677,1.6199999999999999,7.38,0.1,-0.10385448774679418,0.37,0.1,0.1,0.3,11636.977843599
11636.996752283,0.09688663575561975,0.08748170518886539,0.29792529403009493,1.6199999999999999,7.38,0.1,-0.1343729972227905,0.375,0.1,0.1,0.3,11636.977843599
11637.001654399,0.09720532304445192,0.10050433328963647,0.29830940290442454,1.6199999999999999,7.38,0.1,-0.04281746879480153,0.38,0.1,0.1,0.3,11636.998238758
11637.007215624,0.09749346121275836,0.09882294843719161,0.2983903529005496,1.6199999999999999,7.38,0.1,-0.180150761436785,0.385,0.1,0.1,0.3,11636.998238758
11637.011667497,0.10091817711840667,0.09677093820949939,0.2986613707828081,1.6199999999999999,7.38,0.1,0.07925656910918377,0.39,0.1,0.1,0.3,11636.998238758
11637.017205586,0.09724954281083509,0.09886353301480533,0.2986795502852448,1.6199999999999999,7.38,0.1,-0.2869655446028272,0.395,0.1,0.1,0.3,11636.998238758
11637.021699027,0.08542974283589293,0.11046266476924958,0.2985537956437837,1.6199999999999999,7.38,0.1,0.06399731437118561,0.4,0.1,0.1,0.3,11637.018063736
11637.02723574,0.08991604721808838,0.10150648084348098,0.2985785858450889,1.6199999999999999,7.38,0.1,-0.14963225196078866,0.405,0.1,0.1,0.3,11637.018063736
11637.031696509,0.08941990309132711,0.10653053954897738,0.2987983948095256,1.6199999999999999,7.38,0.1,0.06399731437118561,0.41000000000000003,0.1,0.1,0.3,11637.018063736
11637.03720951,0.09681972037027575,0.10197653799492165,0.29919312098569695,1.6199999999999999,7.38,0.1,-0.180150761436785,0.41500000000000004,0.1,0.1,0.3,11637.018063736
11637.041752871,0.10508318970674393,0.08868188438187807,0.2993792272297534,1.6199999999999999,7.199999999999999,0.1,0.17081209753717275,0.42,0.1,0.1,0.3,11637.038013548
11637.046232616,0.10804813754176788,0.09681139283513611,0.29965771603363006,1.7999999999999998,7.199999999999999,0.1,-0.027558214056803365,0.425,0.1,0.1,0.3,11637.038013548
11637.051860562,0.10472682029171249,0.08913342466788168,0.29945213311558755,1.7999999999999998,7.199999999999999,0.1,-0.012298959318805203,0.43,0.1,0.1,0.3,11637.038013548
11637.056506324,0.10288882423222095,0.08427111880881219,0.29936267150070284,1.7999999999999998,7.199999999999999,0.1,0.04873805963318745,0.435,0.1,0.1,0.3,11637.038013548
11637.062059741,0.09846670900921384,0.09499372486838682,0.29949771725606383,1.7999999999999998,7.199999999999999,0.1,0.15555284279917458,0.44,0.1,0.1,0.3,11637.058071232
11637.066523614,0.10170678512413127,0.09890684061486826,0.29980406722367087,1.7999999999999998,7.199999999999999,0.1,0.00296029541919296,0.445,0.1,0.1,0.3,11637.058071232
11637.072406506,0.09000174242279185,0.10630278488451522,0.2996190491763141,1.7999999999999998,7.199999999999999,0.1,-0.027558214056803365,0.45,0.1,0.1,0.3,11637.058071232
11637.076897003,0.09664040103204262,0.10435227636970339,0.2998672619339855,1.7999999999999998,7.199999999999999,0.1,-0.180150761436785,0.455,0.1,0.1,0.3,11637.058071232
11637.081722703,0.09441116829475078,0.10756114027512707,0.2999501514522785,1.7999999999999998,7.199999999999999,0.1,-0.30222479934082536,0.46,0.1,0.1,0.3,11637.078381142
11637.087335064,0.09459813457324627,0.10184623362181355,0.2998999895503375,1.7999999999999998,7.199999999999999,0.1,-0.10385448774679418,0.465,0.1,0.1,0.3,11637.078381142
11637.091798681,0.09797657425606084,0.10588300501095285,0.3001048790164131,1.7999999999999998,7.199999999999999,0.1,-0.04281746879480153,0.47000000000000003,0.1,0.1,0.3,11637.078381142
11637.09622281,0.10033480830783297,0.09947144895451956,0.3000801100848669,1.7999999999999998,7.199999999999999,0.1,-0.05807672353279969,0.47500000000000003,0.1,0.1,0.3,11637.078381142
11637.101764291,0.09460182829617306,0.11420888623404604,0.3001067819255011,1.7999999999999998,7.199999999999999,0.1,-0.04281746879480153,0.48,0.1,0.1,0.3,11637.098069095
11637.106290916,0.09487556388938344,0.11185330424964587,0.3000605330286767,1.7999999999999998,7.199999999999999,0.1,0.04873805963318745,0.485,0.1,0.1,0.3,11637.098069095
11637.111797581,0.10286880393638069,0.0996695094193358,0.3002954202399029,1.7999999999999998,7.199999999999999,0.1,0.04873805963318745,0.49,0.1,0.1,0.3,11637.098069095
11637.116210061,0.09917468992255941,0.10400096408380421,0.3002234609627882,1.7999999999999998,7.199999999999999,0.1,-0.180150761436785,0.495,0.1,0.1,0.3,11637.098069095
11637.12172575,0.09981541589496373,0.09890910405219379,0.30019354793292524,1.7999999999999998,7.199999999999999,0.1,0.018219550157191122,0.5,0.1,0.1,0.3,11637.118131228
11637.127240735,0.09602948924530331,0.11030867478323535,0.30040818003761166,1.7999999999999998,7.199999999999999,0.1,-0.08859523300879601,0.505,0.1,0.1,0.3,11637.118131228
11637.131702752,0.10097305741672453,0.10468697681621712,0.30050721649805656,1.7999999999999998,7.02,0.1,-0.07333597827079785,0.51,0.1,0.1,0.3,11637.118131228
11637.137213993,0.10277216408108808,0.1039431162056886,0.30051978525489176,1.7999999999999998,7.02,0.1,-0.11911374248479234,0.515,0.1,0.1,0.3,11637.118131228
11637.141838571,0.1028706296016656,0.10515358784275125,0.3007653627465877,1.7999999999999998,7.02,0.1,-0.04281746879480153,0.52,0.1,0.1,0.3,11637.137854797
11637.146386732,0.09904976542661713,0.10424671856465095,0.3006975651812322,1.7999999999999998,7.02,0.1,-0.08859523300879601,0.525,0.1,0.1,0.3,11637.137854797
11637.15204591,0.09993911695603097,0.09911800940409571,0.3005443618970638,1.98,7.02,0.1,-0.14963225196078866,0.53,0.1,0.1,0.3,11637.137854797
11637.156673304,0.09394771079739295,0.10209333078261343,0.3004995151947971,1.98,7.02,0.1,-0.22592852565083454,0.535,0.1,0.1,0.3,11637.137854797
11637.161256986,0.10097948861340302,0.0971693115273897,0.30076588241584273,1.98,7.02,0.1,-0.16489150669878683,0.54,0.1,0.1,0.3,11637.158497382
11637.166836515,0.09843288628821485,0.11020938891658401,0.30081906714556167,1.98,7.02,0.1,0.14029358806117642,0.545,0.1,0.1,0.3,11637.158497382
11637.171395141,0.10144265438832228,0.09537425926158559,0.30080674146142256,1.98,7.02,0.1,-0.11911374248479234,0.55,0.1,0.1,0.3,11637.158497382
11637.176891246,0.10313754502259834,0.09698628189322976,0.30103021677019415,1.7999999999999998,7.02,0.1,-0.10385448774679418,0.555,0.1,0.1,0.3,11637.158497382
11637.181771186,0.10490818276513661,0.08491253187791777,0.3007652010895598,1.7999999999999998,7.02,0.1,-0.1343729972227905,0.56,0.1,0.1,0.3,11637.178401561
11637.186735254,0.10123459306621213,0.08731496302934363,0.30074777719835677,1.7999999999999998,7.02,0.1,0.15555284279917458,0.5650000000000001,0.1,0.1,0.3,11637.178401561
11637.191208824,0.09390278162195892,0.08977430307677033,0.3007872451797272,1.7999999999999998,7.02,0.1,-0.16489150669878683,0.5700000000000001,0.1,0.1,0.3,11637.178401561
11637.196705952,0.10350559060604324,0.07924169868798865,0.3008828489769953,1.7999999999999998,7.02,0.1,-0.027558214056803365,0.5750000000000001,0.1,0.1,0.3,11637.178401561
11637.202043848,0.0977960085215573,0.09103257899348573,0.3009264568226056,1.7999999999999998,7.199999999999999,0.1,-0.25644703512683087,0.58,0.1,0.1,0.3,11637.198259948
11637.206595497,0.09904761413039838,0.0964912434913698,0.3013456979842516,1.7999999999999998,7.199999999999999,0.1,-0.05807672353279969,0.585,0.1,0.1,0.3,11637.198259948
11637.212102226,0.1098177822430718,0.09091439829817186,0.3016566861308496,1.7999999999999998,7.199999999999999,0.1,-0.04281746879480153,0.59,0.1,0.1,0.3,11637.198259948
11637.216520531,0.10175242981934032,0.09097253856486663,0.3012605980192301,1.7999999999999998,7.199999999999999,0.1,-0.1343729972227905,0.595,0.1,0.1,0.3,11637.198259948
11637.222319229,0.09423472637930101,0.10670817524019009,0.30159014238325754,1.7999999999999998,7.199999999999999,0.1,-0.04281746879480153,0.6,0.1,0.1,0.3,11637.217771484
11637.226753342,0.10462193820052097,0.09161155567789236,0.30158848499662394,1.7999999999999998,7.199999999999999,0.1,0.1097750785851801,0.605,0.1,0.1,0.3,11637.217771484
11637.232244391,0.1048199959860145,0.09571035891456417,0.30169673893846993,1.7999999999999998,7.199999999999999,0.1,-0.30222479934082536,0.61,0.1,0.1,0.3,11637.217771484
11637.236750664,0.0974302071149527,0.09763366578504443,0.30165926634974477,1.6199999999999999,7.199999999999999,0.1,0.12503433332317826,0.615,0.1,0.1,0.3,11637.217771484
11637.241431275,0.0913840672718998,0.10672642047912433,0.30182828879308043,1.6199999999999999,7.38,0.1,-0.37852107303081617,0.62,0.1,0.1,0.3,11637.23807349
11637.246947539,0.09837166742774273,0.10058832787466067,0.3017558659363061,1.6199999999999999,7.38,0.1,0.00296029541919296,0.625,0.1,0.1,0.3,11637.23807349
11637.251334452,0.10425747804089158,0.09131305895806921,0.30192763769263553,1.6199999999999999,7.38,0.1,-0.180150761436785,0.63,0.1,0.1,0.3,11637.23807349
11637.257009758,0.09922019012401292,0.09162524082613767,0.30188481917310406,1.6199999999999999,7.38,0.1,0.033478804895189285,0.635,0.1,0.1,0.3,11637.23807349
11637.261530943,0.09944027213914551,0.08812284138978069,0.3016963169360891,1.6199999999999999,7.38,0.1,-0.11911374248479234,0.64,0.1,0.1,0.3,11637.258202182
11637.267119176,0.09154405340564636,0.10233190077558664,0.301839964456093,1.6199999999999999,7.38,0.1,0.17081209753717275,0.645,0.1,0.1,0.3,11637.258202182
11637.271661322,0.08377091454955447,0.10777961127974736,0.3019455799036489,1.6199999999999999,7.38,0.1,-0.11911374248479234,0.65,0.1,0.1,0.3,11637.258202182
11637.277175315,0.08576479957639245,0.10569317658223906,0.30180803327295364,1.6199999999999999,7.38,0.1,-0.027558214056803365,0.655,0.1,0.1,0.3,11637.258202182
11637.281634356,0.08609067944262758,0.11495241267881699,0.3020523039480342,1.6199999999999999,7.38,0.1,-0.3327433088168217,0.66,0.1,0.1,0.3,11637.278259547
11637.287298461,0.0916193566044709,0.10637121892702016,0.30239762445716073,1.6199999999999999,7.38,0.1,0.14029358806117642,0.665,0.1,0.1,0.3,11637.278259547
11637.291784223,0.09516256195107832,0.11002483418534408,0.3027480170323032,1.6199999999999999,7.38,0.1,-0.22592852565083454,0.67,0.1,0.1,0.3,11637.278259547
11637.297280743,0.0983295832762575,0.09941942595192255,0.3023947370803497,1.6199999999999999,7.38,0.1,-0.16489150669878683,0.675,0.1,0.1,0.3,11637.278259547
11637.301704136,0.09317249638809781,0.10051595747856393,0.3023523661744874,1.6199999999999999,7.38,0.1,-0.25644703512683087,0.68,0.1,0.1,0.3,11637.297803307
11637.306225833,0.09263802074832836,0.10571169280247272,0.30247982620717967,1.6199999999999999,7.38,0.1,0.32340464491715437,0.685,0.1,0.1,0.3,11637.297803307
11637.31170949,0.0912286668926161,0.10166464869909471,0.3022571264294289,1.6199999999999999,7.38,0.1,-0.27170628986482903,0.6900000000000001,0.1,0.1,0.3,11637.297803307
11637.317181434,0.10183241139037022,0.09212662781857453,0.3027251094378175,1.6199999999999999,7.38,0.1,-0.10385448774679418,0.6950000000000001,0.1,0.1,0.3,11637.297803307
11637.32175142,0.09858266425252381,0.08676671492892711,0.3024894877576145,1.6199999999999999,7.38,0.1,-0.012298959318805203,0.7000000000000001,0.1,0.1,0.3,11637.318045825
11637.326274269,0.10552389441023075,0.07948056317299386,0.30242855308850175,1.6199999999999999,7.38,0.1,0.00296029541919296,0.705,0.1,0.1,0.3,11637.318045825
11637.331808838,0.10165698753661334,0.08027850980771531,0.3024765686323309,1.6199999999999999,7.38,0.1,-0.19541001617478315,0.71,0.1,0.1,0.3,11637.318045825
11637.336304072,0.0973787692212105,0.08819749122040701,0.30267019050406013,1.6199999999999999,7.38,0.1,-0.027558214056803365,0.715,0.1,0.1,0.3,11637.318045825
11637.341243756,0.09469037314360039,0.09164679666642404,0.3025453090502718,1.6199999999999999,7.38,0.1,-0.180150761436785,0.72,0.1,0.1,0.3,11637.33792978
11637.346758389,0.0981014731145262,0.08500377266288837,0.3025313650051289,1.6199999999999999,7.38,0.1,0.12503433332317826,0.725,0.1,0.1,0.3,11637.33792978
11637.352255038,0.10511557451417125,0.08421169389146706,0.30296071549329484,1.6199999999999999,7.38,0.1,-0.19541001617478315,0.73,0.1,0.1,0.3,11637.33792978
11637.35687712,0.09296747712812294,0.09868614367042261,0.30257533614124654,1.6199999999999999,7.38,0.1,-0.08859523300879601,0.735,0.1,0.1,0.3,11637.33792978
11637.361768805,0.09720678023963278,0.090410304682726,0.3020430118372145,1.6199999999999999,7.38,0.1,-0.027558214056803365,0.74,0.1,0.1,0.3,11637.358466412
11637.367262542,0.09212154418239331,0.09783145382763678,0.30171551549986414,1.6199999999999999,7.38,0.1,0.033478804895189285,0.745,0.1,0.1,0.3,11637.358466412
11637.371826096,0.1004263942962485,0.0907818243585837,0.30126309184215266,1.6199999999999999,7.38,0.1,-0.10385448774679418,0.75,0.1,0.1,0.3,11637.358466412
11637.376280529,0.10755877688340058,0.08335470604284925,0.3004173161235103,1.6199999999999999,7.38,0.1,-0.04281746879480153,0.755,0.1,0.1,0.3,11637.358466412
11637.381809978,0.10811693041164268,0.08623425143298101,0.29957613554289325,1.6199999999999999,7.38,0.1,-0.19541001617478315,0.76,0.1,0.1,0.3,11637.378377312
11637.387431364,0.09980045747995862,0.09986204024893439,0.29868399544271323,1.6199999999999999,7.38,0.1,0.2318491164891654,0.765,0.1,0.1,0.3,11637.378377312
11637.391961733,0.10195561235158072,0.09021582962783965,0.2974843799972737,1.6199999999999999,7.38,0.1,-0.08859523300879601,0.77,0.1,0.1,0.3,11637.378377312
11637.39639079,0.10210926233511666,0.09004190360054057,0.2965754293027004,1.6199999999999999,7.38,0.1,-0.04281746879480153,0.775,0.1,0.1,0.3,11637.378377312
11637.40199416,0.10973200426737237,0.0810715035740729,0.2958834950234199,1.6199999999999999,7.38,0.1,0.033478804895189285,0.78,0.1,0.1,0.3,11637.398166515
11637.406568146,0.09867076968795378,0.09366536767998601,0.295289893998261,1.6199999999999999,7.38,0.1,0.04873805963318745,0.785,0.1,0.1,0.3,11637.398166515
11637.412074939,0.09781102141543435,0.09807177536407721,0.29524593771956403,1.6199999999999999,7.38,0.1,-0.19541001617478315,0.79,0.1,0.1,0.3,11637.398166515
11637.416496476,0.10363673590736103,0.08683528918217497,0.2949799905217389,1.6199999999999999,7.38,0.1,-0.08859523300879601,0.795,0.1,0.1,0.3,11637.398166515
11637.421343776,0.09926877994154541,0.0961850689203828,0.29514559914677735,1.6199999999999999,7.38,0.1,-0.37852107303081617,0.8,0.1,0.1,0.3,11637.417974375
11637.426859305,0.10485008290165028,0.08798241734276843,0.29545720053523966,1.6199999999999999,7.38,0.1,0.09451582384718193,0.805,0.1,0.1,0.3,11637.417974375
11637.431239401,0.10672500338160942,0.08514079442693673,0.2955811406643149,1.6199999999999999,7.38,0.1,0.033478804895189285,0.81,0.1,0.1,0.3,11637.417974375
11637.436890035,0.10393574314511889,0.08176653419916288,0.2957375027427839,1.6199999999999999,7.38,0.1,0.06399731437118561,0.8150000000000001,0.1,0.1,0.3,11637.417974375
11637.441320116,0.09859585648817919,0.09051105265889865,0.2961280476536947,1.6199999999999999,7.38,0.1,0.12503433332317826,0.8200000000000001,0.1,0.1,0.3,11637.437831738
11637.446816797,0.09925623948618728,0.09488751040480821,0.29631392877583673,1.6199999999999999,7.38,0.1,-0.14963225196078866,0.8250000000000001,0.1,0.1,0.3,11637.437831738
11637.452316326,0.10368352080939759,0.09032655405628982,0.29669601400933204,1.6199999999999999,7.38,0.1,-0.19541001617478315,0.8300000000000001,0.1,0.1,0.3,11637.437831738
11637.456855784,0.10594047392306952,0.08315629570562633,0.29692906582776707,1.6199999999999999,7.38,0.1,0.018219550157191122,0.835,0.1,0.1,0.3,11637.437831738
11637.461586475,0.10032667958834761,0.09111544640233074,0.29697986535509113,1.6199999999999999,7.38,0.1,-0.07333597827079785,0.84,0.1,0.1,0.3,11637.458280946
11637.467081524,0.10253231692111128,0.09584004387506524,0.2974450147131206,1.6199999999999999,7.38,0.1,-0.07333597827079785,0.845,0.1,0.1,0.3,11637.458280946
11637.471637878,0.09289904528326925,0.1001227880906908,0.2975107670638883,1.6199999999999999,7.38,0.1,-0.2869655446028272,0.85,0.1,0.1,0.3,11637.458280946
11637.477215103,0.09725679063351517,0.10141903794706973,0.29789528243002955,1.6199999999999999,7.38,0.1,-0.11911374248479234,0.855,0.1,0.1,0.3,11637.458280946
11637.4816848,0.0936373109721033,0.10030685882183006,0.2978059579134348,1.6199999999999999,7.38,0.1,-0.5005951109348015,0.86,0.1,0.1,0.3,11637.478244583
11637.487272554,0.10576347180804291,0.08756493498800229,0.29819032013530256,1.6199999999999999,7.38,0.1,-0.14963225196078866,0.865,0.1,0.1,0.3,11637.478244583
11637.491745067,0.10822027785444815,0.09283358005962497,0.29862640035136195,1.6199999999999999,7.38,0.1,-0.11911374248479234,0.87,0.1,0.1,0.3,11637.478244583
11637.497247284,0.11327094308643568,0.09055593964018156,0.2989794708335297,1.6199999999999999,7.38,0.1,-0.08859523300879601,0.875,0.1,0.1,0.3,11637.478244583
11637.501673205,0.09578205120557101,0.11123983437740265,0.298974296863629,1.6199999999999999,7.38,0.1,-0.14963225196078866,0.88,0.1,0.1,0.3,11637.498204091
11637.506267127,0.09555687646792337,0.11074762232325694,0.29905630745353023,1.6199999999999999,7.38,0.1,-0.16489150669878683,0.885,0.1,0.1,0.3,11637.498204091
11637.511797056,0.09867931176141609,0.10318727327768674,0.29926476074304936,1.6199999999999999,7.38,0.1,0.04873805963318745,0.89,0.1,0.1,0.3,11637.498204091
11637.517295017,0.10557203484484665,0.09273555318085235,0.2994568938758905,1.6199999999999999,7.38,0.1,-0.14963225196078866,0.895,0.1,0.1,0.3,11637.498204091
11637.521869931,0.10965894680450657,0.08703275987158574,0.29962758861180055,1.6199999999999999,7.38,0.1,-0.08859523300879601,0.9,0.1,0.1,0.3,11637.517925038
11637.526274444,0.11117952594910728,0.08952050407108239,0.3000019760060839,1.6199999999999999,7.38,0.1,-0.10385448774679418,0.905,0.1,0.1,0.3,11637.517925038
11637.531770741,0.11070527231254053,0.0881670824019349,0.30011317909553253,1.6199999999999999,7.38,0.1,0.09451582384718193,0.91,0.1,0.1,0.3,11637.517925038
11637.537366078,0.11460215142285572,0.08460304784492079,0.30026714718906433,1.6199999999999999,7.38,0.1,-0.05807672353279969,0.915,0.1,0.1,0.3,11637.517925038
11637.541850048,0.1105135226175048,0.08320137150813461,0.30019101464329523,1.6199999999999999,7.38,0.1,0.12503433332317826,0.92,0.1,0.1,0.3,11637.538348261
11637.546284576,0.10870281488205935,0.08664808832968718,0.3003000685055264,1.6199999999999999,7.38,0.1,-0.27170628986482903,0.925,0.1,0.1,0.3,11637.538348261
11637.551783081,0.10080724589398261,0.09773408708616511,0.3003676521419128,1.6199999999999999,7.38,0.1,-0.2411877803888327,0.93,0.1,0.1,0.3,11637.538348261
11637.556286411,0.09721740110372139,0.09762778038890839,0.30036366025340683,1.6199999999999999,7.38,0.1,-0.10385448774679418,0.935,0.1,0.1,0.3,11637.538348261
11637.561802708,0.09466837937329906,0.10497397826310573,0.30051459297848443,1.6199999999999999,7.38,0.1,0.00296029541919296,0.9400000000000001,0.1,0.1,0.3,11637.55804956
11637.567300349,0.10134559224803244,0.08932585637501923,0.3004503792813416,1.6199999999999999,7.38,0.1,-0.180150761436785,0.9450000000000001,0.1,0.1,0.3,11637.55804956
11637.571854271,0.1013174572772374,0.09086251736229473,0.30076894615561667,1.6199999999999999,7.38,0.1,0.1860713522751709,0.9500000000000001,0.1,0.1,0.3,11637.55804956
11637.576257247,0.10197386931076954,0.0930444593162091,0.30093817719628274,1.6199999999999999,7.38,0.1,-0.1343729972227905,0.9550000000000001,0.1,0.1,0.3,11637.55804956
11637.581882505,0.09895539323943689,0.09951066361234215,0.3008413551288193,1.6199999999999999,7.38,0.1,0.06399731437118561,0.96,0.1,0.1,0.3,11637.577861323
11637.586378955,0.10015285048782764,0.09444454247882501,0.3007536420308075,1.6199999999999999,7.38,0.1,-0.3174840540788235,0.965,0.1,0.1,0.3,11637.577861323
11637.592053301,0.1019428748827445,0.0936969182051035,0.30061103897269126,1.6199999999999999,7.38,0.1,0.04873805963318745,0.97,0.1,0.1,0.3,11637.577861323
11637.59650367,0.10241191128042648,0.0879631060639648,0.3000182141028654,1.6199999999999999,7.38,0.1,-0.39378032776881433,0.975,0.1,0.1,0.3,11637.577861323
11637.602014399,0.09753843235339446,0.0946473323786742,0.29942778172040796,1.6199999999999999,7.38,0.1,0.033478804895189285,0.98,0.1,0.1,0.3,11637.598219363
11637.606528576,0.09556662763186442,0.09597922960934212,0.29885402285848006,1.6199999999999999,7.38,0.1,-0.08859523300879601,0.985,0.1,0.1,0.3,11637.598219363
11637.612059881,0.1054739846406073,0.08747890925301775,0.2985428211132567,1.6199999999999999,7.38,0.1,-0.180150761436785,0.99,0.1,0.1,0.3,11637.598219363
11637.616587755,0.1008303759010862,0.09481692683177573,0.2978707054579358,1.6199999999999999,7.38,0.1,-0.10385448774679418,0.995,0.1,0.1,0.3,11637.598219363
11637.621516336,0.10143219366720573,0.09159376749294847,0.29725133650610436,1.6199999999999999,7.38,0.1,0.15555284279917458,1.0,0.1,0.1,0.3,11637.618077398
11637.62714969,0.10848041284203964,0.07874860238442269,0.2966233712262512,1.6199999999999999,7.38,0.1,-0.11911374248479234,1.0050000000000001,0.1,0.1,0.3,11637.618077398
11637.631581115,0.10303408188873067,0.0874012543024245,0.2959890183677198,1.6199999999999999,7.38,0.1,0.17081209753717275,1.01,0.1,0.1,0.3,11637.618077398
11637.637291237,0.09847664141787017,0.09709770510025686,0.295625054448844,1.6199999999999999,7.38,0.1,-0.05807672353279969,1.0150000000000001,0.1,0.1,0.3,11637.618077398
11637.641938888,0.09937384048658082,0.09730580732225559,0.2953868243049984,1.6199999999999999,7.38,0.1,0.04873805963318745,1.02,0.1,0.1,0.3,11637.637846825
11637.646364936,0.10843833092475169,0.08329338350267355,0.29538089711039744,1.6199999999999999,7.38,0.1,-0.30222479934082536,1.025,0.1,0.1,0.3,11637.637846825
11637.651866193,0.09191464158023324,0.10920778259445732,0.29558246323383053,1.6199999999999999,7.38,0.1,0.06399731437118561,1.03,0.1,0.1,0.3,11637.637846825
11637.656513268,0.09855356041593162,0.09897372088787003,0.29566566720244725,1.6199999999999999,7.38,0.1,-0.14963225196078866,1.035,0.1,0.1,0.3,11637.637846825
11637.662079997,0.09307374050293724,0.10599710046734265,0.29607962954651834,1.6199999999999999,7.38,0.1,-0.012298959318805203,1.04,0.1,0.1,0.3,11637.658155776
11637.666684896,0.09190387780816767,0.10649131835760099,0.29623451970871345,1.6199999999999999,7.38,0.1,-0.11911374248479234,1.045,0.1,0.1,0.3,11637.658155776
11637.671347746,0.1022877010523138,0.09247737879244049,0.2964905785666332,1.6199999999999999,7.38,0.1,0.12503433332317826,1.05,0.1,0.1,0.3,11637.658155776
11637.676973964,0.10524405257313992,0.09017070172426392,0.2968371147704355,1.6199999999999999,7.38,0.1,-0.34800256355481984,1.055,0.1,0.1,0.3,11637.658155776
11637.681485134,0.10489029104917846,0.09001027158919794,0.2971263603676056,1.6199999999999999,7.38,0.1,0.17081209753717275,1.06,0.1,0.1,0.3,11637.678179701
11637.68722876,0.09683547491679774,0.09435910818583353,0.29693103025690865,1.6199999999999999,7.38,0.1,-0.08859523300879601,1.065,0.1,0.1,0.3,11637.678179701
11637.691866683,0.09900645635293047,0.09229613974656986,0.29735527991626104,1.6199999999999999,7.38,0.1,0.04873805963318745,1.07,0.1,0.1,0.3,11637.678179701
11637.696270587,0.10310228586592685,0.08606941935984923,0.2976685464938338,1.6199999999999999,7.38,0.1,-0.363261818292818,1.075,0.1,0.1,0.3,11637.678179701
11637.701889221,0.1013461122423805,0.08708482788544283,0.2977241158246799,1.6199999999999999,7.38,0.1,-0.012298959318805203,1.08,0.1,0.1,0.3,11637.697959176
11637.706502312,0.0977094762644891,0.09162456280197358,0.2980016401011591,1.6199999999999999,7.38,0.1,-0.16489150669878683,1.085,0.1,0.1,0.3,11637.697959176
11637.712048497,0.09500611042841325,0.09623229621296463,0.29825229021509586,1.6199999999999999,7.38,0.1,0.1097750785851801,1.09,0.1,0.1,0.3,11637.697959176
11637.716481074,0.09684988370917728,0.09441422163745629,0.2984321991247551,1.6199999999999999,7.38,0.1,-0.16489150669878683,1.095,0.1,0.1,0.3,11637.697959176
11637.722227228,0.09802788308580385,0.09400822484282866,0.2987351795007469,1.6199999999999999,7.38,0.1,0.09451582384718193,1.1,0.1,0.1,0.3,11637.718255935
11637.726702366,0.0916999967076291,0.1005509877192727,0.2987731114691811,1.6199999999999999,7.38,0.1,-0.27170628986482903,1.105,0.1,0.1,0.3,11637.718255935
11637.732258279,0.09387964993463786,0.09787804570688875,0.2989944249842099,1.6199999999999999,7.38,0.1,-0.012298959318805203,1.11,0.1,0.1,0.3,11637.718255935
11637.736787593,0.09368351991182274,0.09733589207838379,0.2991744156315342,1.6199999999999999,7.38,0.1,-0.012298959318805203,1.115,0.1,0.1,0.3,11637.718255935
11637.741455915,0.0937273227140238,0.09765721365148547,0.29929296140894285,1.6199999999999999,7.38,0.1,-0.08859523300879601,1.12,0.1,0.1,0.3,11637.738022738
11637.746999861,0.08692943298588207,0.10358902593323813,0.2991810460107977,1.6199999999999999,7.38,0.1,-0.2411877803888327,1.125,0.1,0.1,0.3,11637.738022738
11637.751556374,0.08865383244668631,0.10174959614292899,0.2994405630649463,1.6199999999999999,7.38,0.1,-0.08859523300879601,1.1300000000000001,0.1,0.1,0.3,11637.738022738
11637.757313537,0.08708978526423374,0.10602966861901608,0.299703040191218,1.6199999999999999,7.38,0.1,-0.30222479934082536,1.135,0.1,0.1,0.3,11637.738022738
11637.761772674,0.09048160703150412,0.10873335448168862,0.3001366879528709,1.6199999999999999,7.38,0.1,-0.2411877803888327,1.1400000000000001,0.1,0.1,0.3,11637.757881989
11637.767272939,0.0942463224337104,0.10775699176832688,0.30062408902517923,1.6199999999999999,7.38,0.1,-0.180150761436785,1.145,0.1,0.1,0.3,11637.757881989
11637.771882798,0.09456709849148535,0.09964807768523441,0.30026220577316326,1.6199999999999999,7.38,0.1,-0.07333597827079785,1.1500000000000001,0.1,0.1,0.3,11637.757881989
11637.776287598,0.08971248525518255,0.10184609107905102,0.3002101364912006,1.6199999999999999,7.38,0.1,-0.10385448774679418,1.155,0.1,0.1,0.3,11637.757881989
11637.781891704,0.09407044674466714,0.0978294547011632,0.30065708870009483,1.6199999999999999,7.38,0.1,0.00296029541919296,1.16,0.1,0.1,0.3,11637.778223773
11637.786495642,0.09609534120931539,0.09346894080897096,0.30059779942050563,1.6199999999999999,7.38,0.1,0.00296029541919296,1.165,0.1,0.1,0.3,11637.778223773
11637.792114404,0.09197668964969558,0.09972911560965494,0.30077411129785386,1.6199999999999999,7.38,0.1,0.1097750785851801,1.17,0.1,0.1,0.3,11637.778223773
11637.796591333,0.08733088187952538,0.10414621602903541,0.30079498017482514,1.6199999999999999,7.38,0.1,-0.180150761436785,1.175,0.1,0.1,0.3,11637.778223773
11637.801303496,0.09229697320949704,0.0978979699761197,0.3007553750311518,1.6199999999999999,7.38,0.1,0.1097750785851801,1.18,0.1,0.1,0.3,11637.798033104
11637.80694981,0.09331129766207352,0.09856131190422422,0.300741970431351,1.6199999999999999,7.38,0.1,-0.07333597827079785,1.185,0.1,0.1,0.3,11637.798033104
11637.811381107,0.09116986706818778,0.10096516725352585,0.300577305980844,1.6199999999999999,7.38,0.1,-0.07333597827079785,1.19,0.1,0.1,0.3,11637.798033104
11637.816960829,0.09567064746783414,0.09205648478484908,0.30022623022615835,1.6199999999999999,7.38,0.1,-0.39378032776881433,1.195,0.1,0.1,0.3,11637.798033104
11637.821949602,0.09873109123334642,0.09281023986229257,0.29993165582592746,1.6199999999999999,7.38,0.1,0.06399731437118561,1.2,0.1,0.1,0.3,11637.818437352
11637.826400771,0.09486886884115008,0.09518295386756359,0.29940666122568366,1.6199999999999999,7.38,0.1,-0.16489150669878683,1.205,0.1,0.1,0.3,11637.818437352
11637.831921804,0.10053269856465363,0.09081656346200402,0.29914649160127177,1.6199999999999999,7.38,0.1,-0.08859523300879601,1.21,0.1,0.1,0.3,11637.818437352
11637.83647339,0.11087116166874353,0.080513143724791,0.29874439683189125,1.6199999999999999,7.38,0.1,-0.21066927091278131,1.215,0.1,0.1,0.3,11637.818437352
11637.842046903,0.10618428815941314,0.085516996652188,0.29798758540096526,1.6199999999999999,7.38,0.1,0.018219550157191122,1.22,0.1,0.1,0.3,11637.838321787
11637.84650956,0.10264788875239894,0.08403201413460745,0.29715168019364085,1.6199999999999999,7.38,0.1,0.04873805963318745,1.225,0.1,0.1,0.3,11637.838321787
11637.85211725,0.11048163680819371,0.07765964981387447,0.296765962592101,1.6199999999999999,7.38,0.1,-0.027558214056803365,1.23,0.1,0.1,0.3,11637.838321787
11637.856724516,0.10885646656459926,0.07583915852691711,0.29604743052875865,1.6199999999999999,7.38,0.1,-0.180150761436785,1.235,0.1,0.1,0.3,11637.838321787
11637.861586408,0.09402002072132554,0.09255225762300578,0.2954472625457518,1.6199999999999999,7.38,0.1,0.00296029541919296,1.24,0.1,0.1,0.3,11637.858237872
11637.867096049,0.09724468972334806,0.0941145758805811,0.2955666783686338,1.6199999999999999,7.38,0.1,-0.08859523300879601,1.245,0.1,0.1,0.3,11637.858237872
11637.8717661,0.08933762194048644,0.10536106545547261,0.2957265198951236,1.6199999999999999,7.38,0.1,-0.180150761436785,1.25,0.1,0.1,0.3,11637.858237872
11637.876275094,0.09412467966135422,0.09670549335018344,0.29566742560802034,1.6199999999999999,7.38,0.1,-0.4090395825068125,1.2550000000000001,0.1,0.1,0.3,11637.858237872
11637.881825183,0.09269968491619522,0.09381328839437596,0.2956853364364123,1.6199999999999999,7.38,0.1,-0.180150761436785,1.26,0.1,0.1,0.3,11637.87798381
11637.886294208,0.0902609017461153,0.10217217154433193,0.2962091065160787,1.6199999999999999,7.38,0.1,-0.04281746879480153,1.2650000000000001,0.1,0.1,0.3,11637.87798381
11637.891962794,0.09136766142850758,0.10530617810794363,0.29660391563322736,1.6199999999999999,7.38,0.1,0.12503433332317826,1.27,0.1,0.1,0.3,11637.87798381
11637.896383947,0.08276422534061283,0.11683392462083239,0.29675199596067936,1.6199999999999999,7.38,0.1,-0.27170628986482903,1.2750000000000001,0.1,0.1,0.3,11637.87798381
11637.901803315,0.093825018315876,0.10775737635065537,0.2975242041251569,1.6199999999999999,7.38,0.1,-0.21066927091278131,1.28,0.1,0.1,0.3,11637.89791055
11637.906274389,0.08653045296749923,0.10587326968096764,0.29720167569560957,1.6199999999999999,7.38,0.1,0.018219550157191122,1.285,0.1,0.1,0.3,11637.89791055
11637.91177715,0.09065384468063709,0.09450004892193183,0.2971857154611751,1.6199999999999999,7.38,0.1,-0.07333597827079785,1.29,0.1,0.1,0.3,11637.89791055
11637.917240006,0.0837374165203649,0.10434851039171102,0.29742834804988266,1.6199999999999999,7.38,0.1,-0.14963225196078866,1.295,0.1,0.1,0.3,11637.89791055
11637.921763848,0.0936230826205249,0.09533313904375335,0.2978609371629465,1.6199999999999999,7.38,0.1,0.00296029541919296,1.3,0.1,0.1,0.3,11637.918057836
11637.927235024,0.0978530200278453,0.09785408431444394,0.2982826774071934,1.6199999999999999,7.38,0.1,-0.012298959318805203,1.305,0.1,0.1,0.3,11637.918057836
11637.931661137,0.09382011442101733,0.0997720193082697,0.2983729565695756,1.6199999999999999,7.38,0.1,-0.3327433088168217,1.31,0.1,0.1,0.3,11637.918057836
11637.937277691,0.09171583815898544,0.10381951083463468,0.2985767118453717,1.6199999999999999,7.38,0.1,-0.27170628986482903,1.315,0.1,0.1,0.3,11637.918057836
11637.941922334,0.09149669481763718,0.1017714102210316,0.2985726895498322,1.6199999999999999,7.38,0.1,-0.16489150669878683,1.32,0.1,0.1,0.3,11637.938533796
11637.946412831,0.09464119877743979,0.09827092419818016,0.2989116471678479,1.6199999999999999,7.38,0.1,0.12503433332317826,1.325,0.1,0.1,0.3,11637.938533796
11637.951934024,0.0955149926785908,0.09259200701748445,0.2989870637627424,1.6199999999999999,7.38,0.1,-0.21066927091278131,1.33,0.1,0.1,0.3,11637.938533796
11637.956437706,0.0959425043914162,0.09595574060639543,0.29924388325977674,1.6199999999999999,7.38,0.1,-0.11911374248479234,1.335,0.1,0.1,0.3,11637.938533796
11637.961990355,0.09257632567712851,0.10629973191027733,0.2996656076801138,1.6199999999999999,7.38,0.1,-0.10385448774679418,1.34,0.1,0.1,0.3,11637.958427928
11637.966520597,0.09807070270973706,0.09830183321854272,0.2998063017059172,1.6199999999999999,7.38,0.1,-0.10385448774679418,1.345,0.1,0.1,0.3,11637.958427928
11637.972188767,0.095339686003838,0.09930980223320172,0.2997980450890168,1.6199999999999999,7.38,0.1,-0.1343729972227905,1.35,0.1,0.1,0.3,11637.958427928
11637.97663728,0.10681434080478866,0.08631674977170409,0.3001166490545686,1.6199999999999999,7.38,0.1,-0.3174840540788235,1.355,0.1,0.1,0.3,11637.958427928
11637.982159849,0.10535181351470459,0.08804746845986654,0.30024754938640424,1.6199999999999999,7.38,0.1,0.09451582384718193,1.36,0.1,0.1,0.3,11637.978152107
11637.986643914,0.10289854239434235,0.08337613477309319,0.3001909844370862,1.6199999999999999,7.38,0.1,-0.16489150669878683,1.365,0.1,0.1,0.3,11637.978152107
11637.99221682,0.10673386293523443,0.08164414982545981,0.300462050546988,1.6199999999999999,7.38,0.1,-0.3327433088168217,1.37,0.1,0.1,0.3,11637.978152107
11637.996658709,0.10310887678059753,0.09553223892682539,0.30073631492557124,1.6199999999999999,7.38,0.1,-0.11911374248479234,1.375,0.1,0.1,0.3,11637.978152107
11638.001288119,0.100736413456352,0.09509050590251616,0.3006583524288254,1.6199999999999999,7.38,0.1,-0.08859523300879601,1.3800000000000001,0.1,0.1,0.3,11637.997987518
11638.006878305,0.10808904231289387,0.08200810564204702,0.30049774834362364,1.6199999999999999,7.38,0.1,-0.10385448774679418,1.385,0.1,0.1,0.3,11637.997987518
11638.011276929,0.10614698461786337,0.08223874334760135,0.3000716508392084,1.6199999999999999,7.38,0.1,-0.2411877803888327,1.3900000000000001,0.1,0.1,0.3,11637.997987518
11638.016832843,0.10249760734807639,0.0896878648247446,0.2999590937196635,1.6199999999999999,7.38,0.1,-0.07333597827079785,1.395,0.1,0.1,0.3,11637.997987518
11638.021677839,0.1075177155566239,0.0824931793563954,0.2996119267196851,1.6199999999999999,7.38,0.1,-0.2411877803888327,1.4000000000000001,0.1,0.1,0.3,11638.018279925
11638.027215448,0.10776451476158529,0.07966334783980228,0.29894596659222683,1.6199999999999999,7.38,0.1,-0.027558214056803365,1.405,0.1,0.1,0.3,11638.018279925
11638.031640217,0.10478670524591317,0.08337895842413282,0.29845382017401695,1.6199999999999999,7.38,0.1,-0.16489150669878683,1.41,0.1,0.1,0.3,11638.018279925
11638.037262882,0.09633383565152324,0.09814173226066882,0.29806822224885865,1.6199999999999999,7.38,0.1,0.018219550157191122,1.415,0.1,0.1,0.3,11638.018279925
11638.041707427,0.09103686467899444,0.09651590968506214,0.2971691912252436,1.6199999999999999,7.38,0.1,-0.22592852565083454,1.42,0.1,0.1,0.3,11638.037848935
11638.047195852,0.08459520317501203,0.09949333384203475,0.296388128603574,1.6199999999999999,7.38,0.1,0.2318491164891654,1.425,0.1,0.1,0.3,11638.037848935
11638.051672942,0.09301733319919456,0.09890361619481348,0.2965105205780001,1.6199999999999999,7.38,0.1,-0.3327433088168217,1.43,0.1,0.1,0.3,11638.037848935
11638.057267671,0.10227326311784185,0.08433927852237698,0.2962253529282942,1.6199999999999999,7.38,0.1,-0.1343729972227905,1.435,0.1,0.1,0.3,11638.037848935
11638.061715032,0.09864601327706952,0.08965549567645764,0.29626759845744627,1.6199999999999999,7.38,0.1,-0.34800256355481984,1.44,0.1,0.1,0.3,11638.058037181
11638.067211649,0.09263554451669972,0.09830414245207478,0.29622578554343926,1.6199999999999999,7.38,0.1,-0.05807672353279969,1.445,0.1,0.1,0.3,11638.058037181
11638.071875204,0.08871084525559711,0.10315677038418272,0.2962850167591299,1.6199999999999999,7.38,0.1,-0.14963225196078866,1.45,0.1,0.1,0.3,11638.058037181
11638.076330981,0.09094889937985685,0.1003833569818403,0.29656662677105056,1.6199999999999999,7.38,0.1,-0.10385448774679418,1.455,0.1,0.1,0.3,11638.058037181
11638.082361842,0.09372962640141587,0.0955109631936603,0.2967746754323938,1.6199999999999999,7.38,0.1,-0.1343729972227905,1.46,0.1,0.1,0.3,11638.077895952
11638.086803027,0.10137857230572314,0.08952682581739266,0.2972409684217067,1.6199999999999999,7.38,0.1,0.09451582384718193,1.465,0.1,0.1,0.3,11638.077895952
11638.092295132,0.09477694830409086,0.10368621420683254,0.29774188733175794,1.6199999999999999,7.38,0.1,-0.363261818292818,1.47,0.1,0.1,0.3,11638.077895952
11638.096694972,0.10092690592569276,0.09275078806325462,0.2979190472037326,1.6199999999999999,7.38,0.1,0.1097750785851801,1.475,0.1,0.1,0.3,11638.077895952
11638.101649697,0.09863121995787234,0.0939256001813416,0.29801290666564656,1.6199999999999999,7.38,0.1,-0.3327433088168217,1.48,0.1,0.1,0.3,11638.098178727
11638.107310411,0.09509590998176524,0.09993029097088385,0.298285169852841,1.6199999999999999,7.38,0.1,0.20133060701316907,1.485,0.1,0.1,0.3,11638.098178727
11638.11176494,0.10109239582092164,0.09290038741316019,0.29849364431329756,1.6199999999999999,7.38,0.1,-0.05807672353279969,1.49,0.1,0.1,0.3,11638.098178727
11638.117293301,0.10671236090583319,0.08290018088332106,0.2986263635427512,1.6199999999999999,7.38,0.1,-0.027558214056803365,1.495,0.1,0.1,0.3,11638.098178727
11638.12189132,0.09735619469614096,0.09407555612791722,0.2988598417190375,1.6199999999999999,7.38,0.1,-0.27170628986482903,1.5,0.1,0.1,0.3,11638.118251868
11638.126293784,0.09744284101872229,0.09034843607122989,0.2990110158434099,1.6199999999999999,7.38,0.1,0.033478804895189285,1.5050000000000001,0.1,0.1,0.3,11638.118251868
11638.131824801,0.0994371862077637,0.09295714750909331,0.29937996876924056,1.6199999999999999,7.38,0.1,-0.21066927091278131,1.51,0.1,0.1,0.3,11638.118251868
11638.136304451,0.09235913844827444,0.10669253989048924,0.2996168219249357,1.6199999999999999,7.38,0.1,0.29288613544115805,1.5150000000000001,0.1,0.1,0.3,11638.118251868
11638.141930925,0.09082376476184242,0.10143575313552755,0.2995828166333947,1.6199999999999999,7.38,0.1,-0.454817346720807,1.52,0.1,0.1,0.3,11638.13830245
11638.14642315,0.09197894651320651,0.10475348775516359,0.2999464269943659,1.6199999999999999,7.38,0.1,0.06399731437118561,1.5250000000000001,0.1,0.1,0.3,11638.13830245
11638.151994807,0.09264931024090564,0.10623566336016843,0.30009156451925156,1.6199999999999999,7.38,0.1,-0.11911374248479234,1.53,0.1,0.1,0.3,11638.13830245
11638.156629722,0.08604002239406908,0.10878460518909895,0.299860816536751,1.6199999999999999,7.38,0.1,0.018219550157191122,1.5350000000000001,0.1,0.1,0.3,11638.13830245
11638.16143683,0.09832433135797507,0.08921204040601657,0.30008631407560077,1.6199999999999999,7.38,0.1,-0.363261818292818,1.54,0.1,0.1,0.3,11638.158095813
11638.166972327,0.09310712597909915,0.09192596448760153,0.29999999349345674,1.6199999999999999,7.38,0.1,0.2776268807031599,1.545,0.1,0.1,0.3,11638.158095813
11638.1715138,0.09196000628349328,0.09635210261524979,0.30001908186918513,1.6199999999999999,7.38,0.1,-0.2869655446028272,1.55,0.1,0.1,0.3,11638.158095813
11638.177052914,0.08970274382773859,0.10774914349351873,0.30024199770145954,1.6199999999999999,7.38,0.1,-0.11911374248479234,1.555,0.1,0.1,0.3,11638.158095813
11638.181607475,0.09537276972678312,0.10469313206864625,0.3003456860499085,1.6199999999999999,7.38,0.1,-0.16489150669878683,1.56,0.1,0.1,0.3,11638.178127706
11638.187425599,0.1053104847377998,0.09382633927859517,0.30024519616403356,1.6199999999999999,7.38,0.1,0.00296029541919296,1.565,0.1,0.1,0.3,11638.178127706
11638.192165954,0.10057956054103896,0.09125202905809497,0.2994733582728047,1.6199999999999999,7.38,0.1,-0.2411877803888327,1.57,0.1,0.1,0.3,11638.178127706
11638.196834085,0.09258525627527617,0.09426994533805971,0.2988230531888699,1.6199999999999999,7.38,0.1,0.06399731437118561,1.575,0.1,0.1,0.3,11638.178127706
11638.201826826,0.10030701041092342,0.09380732020211972,0.298859459215293,1.6199999999999999,7.38,0.1,-0.11911374248479234,1.58,0.1,0.1,0.3,11638.198311216
11638.206478316,0.10913024636940989,0.08557379509607245,0.2985043932991876,1.6199999999999999,7.38,0.1,-0.04281746879480153,1.585,0.1,0.1,0.3,11638.198311216
11638.212119062,0.10258499163876988,0.0833623852264532,0.2975132650801541,1.6199999999999999,7.38,0.1,-0.10385448774679418,1.59,0.1,0.1,0.3,11638.198311216
11638.216577367,0.09055079113414631,0.10092073345278953,0.2968998078086765,1.6199999999999999,7.38,0.1,0.07925656910918377,1.595,0.1,0.1,0.3,11638.198311216
11638.22234813,0.08596450809452903,0.11074634100582442,0.29650759672221083,1.6199999999999999,7.38,0.1,-0.2869655446028272,1.6,0.1,0.1,0.3,11638.218449893
11638.226844484,0.08320795757013838,0.11189271879664421,0.2960028082194502,1.6199999999999999,7.38,0.1,0.09451582384718193,1.605,0.1,0.1,0.3,11638.218449893
11638.231260037,0.08216304105608753,0.11186723932276141,0.2955951162222682,1.6199999999999999,7.38,0.1,-0.10385448774679418,1.61,0.1,0.1,0.3,11638.218449893
11638.236770382,0.08789428951162828,0.10764100586265452,0.2958196603184723,1.6199999999999999,7.38,0.1,0.14029358806117642,1.615,0.1,0.1,0.3,11638.218449893
11638.241587409,0.08553855287583872,0.11553340321851563,0.2960890124324292,1.6199999999999999,7.38,0.1,-0.4090395825068125,1.62,0.1,0.1,0.3,11638.238262137
11638.247126171,0.10006224065651906,0.09755650352200229,0.29635639295232374,1.6199999999999999,7.38,0.1,0.12503433332317826,1.625,0.1,0.1,0.3,11638.238262137
11638.251573628,0.08655748875956833,0.10702017240425303,0.2962601973878366,1.6199999999999999,7.38,0.1,-0.180150761436785,1.6300000000000001,0.1,0.1,0.3,11638.238262137
11638.257086021,0.10162246949655955,0.09644798726783317,0.29689764365585186,1.6199999999999999,7.38,0.1,0.14029358806117642,1.635,0.1,0.1,0.3,11638.238262137
11638.261526822,0.10442814434677389,0.08656411533806624,0.29687865683462034,1.6199999999999999,7.38,0.1,-0.16489150669878683,1.6400000000000001,0.1,0.1,0.3,11638.257837066
11638.267071311,0.11074034002078868,0.07906140546637147,0.2974100781383638,1.6199999999999999,7.38,0.1,-0.07333597827079785,1.645,0.1,0.1,0.3,11638.257837066
11638.271541712,0.11772158211724032,0.07311842545873957,0.297862637899934,1.6199999999999999,7.38,0.1,-0.1343729972227905,1.6500000000000001,0.1,0.1,0.3,11638.257837066
11638.277077337,0.1113875680757719,0.0786257778631819,0.29789811921924747,1.6199999999999999,7.38,0.1,-0.27170628986482903,1.655,0.1,0.1,0.3,11638.257837066
11638.281501562,0.09502385109436447,0.09863772679635881,0.2979794361952325,1.6199999999999999,7.38,0.1,-0.1343729972227905,1.6600000000000001,0.1,0.1,0.3,11638.278044512
11638.287063363,0.09253208094413438,0.10085470383298559,0.2980955108584388,1.6199999999999999,7.38,0.1,0.00296029541919296,1.665,0.1,0.1,0.3,11638.278044512
11638.291523845,0.0930616479285895,0.10032015521627713,0.29831970305130767,1.6199999999999999,7.38,0.1,-0.08859523300879601,1.67,0.1,0.1,0.3,11638.278044512
11638.297021997,0.09043160008324094,0.10174917801999142,0.29847917681717395,1.6199999999999999,7.38,0.1,-0.11911374248479234,1.675,0.1,0.1,0.3,11638.278044512
11638.301593039,0.09007605543549375,0.10613131768400384,0.29881738879405606,1.6199999999999999,7.38,0.1,-0.07333597827079785,1.68,0.1,0.1,0.3,11638.298279703
11638.307144345,0.09743885455859523,0.09292687359111133,0.2989394116665631,1.6199999999999999,7.38,0.1,-0.04281746879480153,1.685,0.1,0.1,0.3,11638.298279703
11638.311603834,0.09865179595641549,0.08859638270489144,0.2990861414563493,1.6199999999999999,7.38,0.1,-0.012298959318805203,1.69,0.1,0.1,0.3,11638.298279703
11638.317161635,0.10449805135796233,0.08340130916755026,0.29933749461445036,1.6199999999999999,7.38,0.1,0.06399731437118561,1.695,0.1,0.1,0.3,11638.298279703
11638.321611908,0.10554849309571462,0.07803794202284961,0.29947806754310297,1.6199999999999999,7.38,0.1,0.09451582384718193,1.7,0.1,0.1,0.3,11638.317830952
11638.32717851,0.10543809275764025,0.07936352433013914,0.29963700984405844,1.6199999999999999,7.38,0.1,-0.1343729972227905,1.705,0.1,0.1,0.3,11638.317830952
11638.331630287,0.10244595156629246,0.08727372111493244,0.2998820127052314,1.6199999999999999,7.38,0.1,-0.1343729972227905,1.71,0.1,0.1,0.3,11638.317830952
11638.337190808,0.09848320015004217,0.0983849975950118,0.30040258168890405,1.6199999999999999,7.38,0.1,0.018219550157191122,1.715,0.1,0.1,0.3,11638.317830952
11638.341757082,0.09875268664864528,0.09467305682093047,0.3004391817334924,1.6199999999999999,7.38,0.1,-0.1343729972227905,1.72,0.1,0.1,0.3,11638.338123359
11638.346296412,0.1016723369873473,0.08940395209168488,0.3003106296568329,1.6199999999999999,7.38,0.1,0.1860713522751709,1.725,0.1,0.1,0.3,11638.338123359
11638.351897382,0.09757235850814458,0.09176747560311203,0.30026904053091746,1.6199999999999999,7.38,0.1,0.17081209753717275,1.73,0.1,0.1,0.3,11638.338123359
11638.356466824,0.10287669868252712,0.09315847226200885,0.30068012666109817,1.6199999999999999,7.38,0.1,-0.3327433088168217,1.735,0.1,0.1,0.3,11638.338123359
11638.361992274,0.10731853745737864,0.0894199981338894,0.3005041244415884,1.6199999999999999,7.38,0.1,-0.16489150669878683,1.74,0.1,0.1,0.3,11638.358226261
11638.366409939,0.1106640893473361,0.08899973651271094,0.30047887055656824,1.6199999999999999,7.38,0.1,-0.1343729972227905,1.745,0.1,0.1,0.3,11638.358226261
11638.372094717,0.10307802632330461,0.10199574566678589,0.3003318002736051,1.6199999999999999,7.38,0.1,-0.11911374248479234,1.75,0.1,0.1,0.3,11638.358226261
11638.376693152,0.10694522452477971,0.09903030020534857,0.29999534051247495,1.6199999999999999,7.38,0.1,-0.2411877803888327,1.7550000000000001,0.1,0.1,0.3,11638.358226261
11638.381318114,0.09755531596808745,0.09601223626800907,0.2987516160162877,1.6199999999999999,7.38,0.1,-0.07333597827079785,1.76,0.1,0.1,0.3,11638.377941161
11638.386962124,0.089796895098157,0.09932310637720308,0.2979022161577913,1.6199999999999999,7.38,0.1,-0.04281746879480153,1.7650000000000001,0.1,0.1,0.3,11638.377941161
11638.391696656,0.08748347009412512,0.10102653679438262,0.29732775370879966,1.6199999999999999,7.38,0.1,0.018219550157191122,1.77,0.1,0.1,0.3,11638.377941161
11638.397304186,0.07737938283402263,0.11619652854316126,0.29670675663856355,1.6199999999999999,7.38,0.1,-0.363261818292818,1.7750000000000001,0.1,0.1,0.3,11638.377941161
11638.401771547,0.07126693434664495,0.126476709438319,0.2963899725230314,1.6199999999999999,7.38,0.1,-0.05807672353279969,1.78,0.1,0.1,0.3,11638.398090368
11638.406312509,0.07226145675670748,0.11779076282733504,0.2957839863281111,1.6199999999999999,7.38,0.1,-0.3174840540788235,1.7850000000000001,0.1,0.1,0.3,11638.398090368
11638.411860679,0.07181067860219086,0.11630560066670326,0.29571169405526915,1.6199999999999999,7.38,0.1,-0.1343729972227905,1.79,0.1,0.1,0.3,11638.398090368
11638.41630132,0.07879322827677346,0.11374517592423511,0.29617777339588847,1.6199999999999999,7.38,0.1,-0.10385448774679418,1.795,0.1,0.1,0.3,11638.398090368
11638.421957266,0.09102340152091848,0.09487859909721713,0.2963465980098465,1.6199999999999999,7.38,0.1,-0.14963225196078866,1.8,0.1,0.1,0.3,11638.418244758
11638.42644754,0.10264284583166128,0.08616672721221555,0.2969537528465231,1.6199999999999999,7.38,0.1,-0.21066927091278131,1.805,0.1,0.1,0.3,11638.418244758
11638.431975901,0.09618120349465487,0.08826646777720717,0.29679151377884944,1.6199999999999999,7.38,0.1,-0.027558214056803365,1.81,0.1,0.1,0.3,11638.418244758
11638.436541343,0.09434361411020313,0.10070604679092447,0.2974294056662403,1.6199999999999999,7.38,0.1,-0.3174840540788235,1.815,0.1,0.1,0.3,11638.418244758
11638.442126345,0.10243806032360799,0.09323852572509533,0.2980431124728885,1.6199999999999999,7.38,0.1,0.14029358806117642,1.82,0.1,0.1,0.3,11638.438005034
11638.446605131,0.1044156639280388,0.08841765725134039,0.29825371487234187,1.6199999999999999,7.38,0.1,-0.16489150669878683,1.825,0.1,0.1,0.3,11638.438005034
11638.452190068,0.10534072597455041,0.0943791722682907,0.2986949784485566,1.6199999999999999,7.38,0.1,0.12503433332317826,1.83,0.1,0.1,0.3,11638.438005034
11638.456802967,0.10647733269487894,0.08909613933827876,0.2987771358379436,1.6199999999999999,7.38,0.1,-0.25644703512683087,1.835,0.1,0.1,0.3,11638.438005034
11638.461292056,0.09878442237911106,0.08936743390021441,0.29855587372362496,1.6199999999999999,7.38,0.1,-0.14963225196078866,1.84,0.1,0.1,0.3,11638.457737278
11638.466823778,0.10142343920924114,0.08866203337886132,0.2987398695422895,1.6199999999999999,7.38,0.1,-0.22592852565083454,1.845,0.1,0.1,0.3,11638.457737278
11638.471354212,0.0984767128883874,0.09061205084973371,0.29894904291457836,1.6199999999999999,7.38,0.1,0.12503433332317826,1.85,0.1,0.1,0.3,11638.457737278
11638.476905677,0.09527093689007936,0.0846796266242987,0.2986643207534737,1.6199999999999999,7.38,0.1,-0.25644703512683087,1.855,0.1,0.1,0.3,11638.457737278
11638.481443407,0.10423846421772555,0.08375882004127927,0.2994221122457727,1.6199999999999999,7.38,0.1,0.09451582384718193,1.86,0.1,0.1,0.3,11638.478109974
11638.487047833,0.10070096756505159,0.09204756236726638,0.299757576088358,1.6199999999999999,7.38,0.1,0.07925656910918377,1.865,0.1,0.1,0.3,11638.478109974
11638.491566043,0.09471429858078091,0.09569265780832335,0.2996787384148183,1.6199999999999999,7.38,0.1,-0.027558214056803365,1.87,0.1,0.1,0.3,11638.478109974
11638.497281766,0.09339094570508402,0.09569607258538053,0.2998027168842198,1.6199999999999999,7.38,0.1,-0.22592852565083454,1.875,0.1,0.1,0.3,11638.478109974
11638.501789479,0.0941052823334357,0.09244955005072628,0.29993500876496215,1.6199999999999999,7.38,0.1,0.12503433332317826,1.8800000000000001,0.1,0.1,0.3,11638.498300045
11638.506388938,0.09596085359614441,0.095540906601195,0.3002863328351901,1.6199999999999999,7.38,0.1,-0.30222479934082536,1.885,0.1,0.1,0.3,11638.498300045
11638.511930323,0.09022543472472502,0.1025889344202776,0.30046877016320145,1.6199999999999999,7.38,0.1,-0.14963225196078866,1.8900000000000001,0.1,0.1,0.3,11638.498300045
11638.516455285,0.09551150853970174,0.09463536363838564,0.3005745863593629,1.6199999999999999,7.38,0.1,0.018219550157191122,1.895,0.1,0.1,0.3,11638.498300045
11638.522108959,0.08847023844823139,0.10700231523821421,0.300560925320929,1.6199999999999999,7.38,0.1,-0.19541001617478315,1.9000000000000001,0.1,0.1,0.3,11638.518178338
11638.526601121,0.08466602784863346,0.11535442405149407,0.3006390642480609,1.6199999999999999,7.38,0.1,-0.25644703512683087,1.905,0.1,0.1,0.3,11638.518178338
11638.532132202,0.09378995602937268,0.10420140940978878,0.300690711568178,1.6199999999999999,7.38,0.1,-0.10385448774679418,1.9100000000000001,0.1,0.1,0.3,11638.518178338
11638.536702988,0.09603453006763643,0.09665392227156189,0.30016658295116017,1.6199999999999999,7.38,0.1,-0.11911374248479234,1.915,0.1,0.1,0.3,11638.518178338
11638.54146568,0.09537459120936857,0.097070444147388,0.29975223474923973,1.6199999999999999,7.38,0.1,0.00296029541919296,1.92,0.1,0.1,0.3,11638.538085399
11638.547016474,0.09034707164267802,0.10650748169322667,0.2994125484261596,1.6199999999999999,7.38,0.1,-0.16489150669878683,1.925,0.1,0.1,0.3,11638.538085399
11638.551447995,0.08637933981345611,0.11412380698808403,0.2988883106266237,1.6199999999999999,7.38,0.1,-0.10385448774679418,1.93,0.1,0.1,0.3,11638.538085399
11638.557174726,0.09254221176242534,0.10633929814311036,0.2984453135545802,1.6199999999999999,7.38,0.1,-0.21066927091278131,1.935,0.1,0.1,0.3,11638.538085399
11638.56171828,0.09541088853673886,0.09940382304525683,0.29790794999151765,1.6199999999999999,7.38,0.1,0.00296029541919296,1.94,0.1,0.1,0.3,11638.558212717
11638.567236177,0.10082612227148215,0.0913675903964746,0.2974010924817721,1.6199999999999999,7.38,0.1,-0.22592852565083454,1.945,0.1,0.1,0.3,11638.558212717
11638.571748083,0.09388981637549504,0.09853001792554922,0.2968068268782414,1.6199999999999999,7.38,0.1,-0.05807672353279969,1.95,0.1,0.1,0.3,11638.558212717
11638.577264412,0.09352491922373744,0.09862131996105616,0.2962965604810817,1.6199999999999999,7.38,0.1,-0.2411877803888327,1.955,0.1,0.1,0.3,11638.558212717
11638.581737181,0.09885363275076453,0.09552970691349184,0.2963134392560196,1.6199999999999999,7.38,0.1,0.07925656910918377,1.96,0.1,0.1,0.3,11638.577887201
11638.587261031,0.09348976730812911,0.10525335523637927,0.29641875574595133,1.6199999999999999,7.38,0.1,-0.2411877803888327,1.965,0.1,0.1,0.3,11638.577887201
11638.59176388,0.08894103349369986,0.110279253828137,0.29634145160290376,1.6199999999999999,7.38,0.1,-0.05807672353279969,1.97,0.1,0.1,0.3,11638.577887201
11638.597271409,0.09435494027105798,0.09889327495535341,0.29634268910262074,1.6199999999999999,7.38,0.1,0.018219550157191122,1.975,0.1,0.1,0.3,11638.577887201
11638.601704467,0.09917464500317659,0.09141772823216789,0.2966877601762463,1.6199999999999999,7.38,0.1,0.04873805963318745,1.98,0.1,0.1,0.3,11638.597986103
11638.607226972,0.09223619994212907,0.1005760404853576,0.2968137874990252,1.6199999999999999,7.38,0.1,-0.27170628986482903,1.985,0.1,0.1,0.3,11638.597986103
11638.61177923,0.08603402931953866,0.10726396021217982,0.29691741540123506,1.6199999999999999,7.38,0.1,0.033478804895189285,1.99,0.1,0.1,0.3,11638.597986103
11638.617300999,0.0941887114502344,0.09411617093817153,0.297316023859754,1.6199999999999999,7.38,0.1,-0.19541001617478315,1.995,0.1,0.1,0.3,11638.597986103
11638.621827081,0.09296074328476717,0.09761582366063916,0.2975546338933921,1.6199999999999999,7.38,0.1,-0.07333597827079785,2.0,0.1070242700576782,0.1009588230252266,0.288,11638.617773963
11638.627370963,0.0917970725963901,0.09396702169756223,0.2975159972075724,1.6199999999999999,7.38,0.1070242700576782,-0.16489150669878683,2.005,0.1070242700576782,0.1009588230252266,0.288,11638.617773963
11638.631865812,0.09412271860634162,0.09119715466795114,0.29779666479289385,1.6199999999999999,7.38,0.1070242700576782,0.06399731437118561,2.0100000000000002,0.1070242700576782,0.1009588230252266,0.288,11638.617773963
11638.637388382,0.0918301914123276,0.10014524085343902,0.29831725016428245,1.6199999999999999,7.38,0.1070242700576782,0.00296029541919296,2.015,0.1070242700576782,0.1009588230252266,0.288,11638.617773963
11638.641834111,0.09664127621774189,0.09340379636887075,0.298523574079812,1.6199999999999999,7.38,0.1070242700576782,0.14029358806117642,2.02,0.1140485401153564,0.1019176460504531,0.2759999999999999,11638.637934722
11638.6473642,0.09327794305611496,0.09980214402877709,0.29870101864258564,1.6199999999999999,7.38,0.1140485401153564,0.018219550157191122,2.025,0.1140485401153564,0.1019176460504531,0.2759999999999999,11638.637934722
11638.651877578,0.0959188160273169,0.09651766357185011,0.2988206672632373,1.6199999999999999,7.38,0.1140485401153564,-0.05807672353279969,2.0300000000000002,0.1140485401153564,0.1019176460504531,0.2759999999999999,11638.637934722
11638.656324459,0.10162290802076851,0.08915213645530587,0.29915201760370547,1.6199999999999999,7.38,0.1140485401153564,-0.22592852565083454,2.035,0.1140485401153564,0.1019176460504531,0.2759999999999999,11638.637934722
11638.661839412,0.1003179941903145,0.0863244314900161,0.2987657283646036,1.6199999999999999,7.38,0.1140485401153564,-0.027558214056803365,2.04,0.1210728101730346,0.1028764690756797,0.264,11638.657941175
11638.66736355,0.09459924629611322,0.09369125276682427,0.2984282020271919,1.6199999999999999,7.38,0.1210728101730346,-0.3174840540788235,2.045,0.1210728101730346,0.1028764690756797,0.264,11638.657941175
11638.672077409,0.08349913079969654,0.10696404547804576,0.297994531495581,1.6199999999999999,7.38,0.1210728101730346,-0.11911374248479234,2.05,0.1210728101730346,0.1028764690756797,0.264,11638.657941175
11638.676595171,0.08021713176391873,0.11541850481142592,0.29755993078441384,1.6199999999999999,7.199999999999999,0.1210728101730346,-0.180150761436785,2.055,0.1210728101730346,0.1028764690756797,0.264,11638.657941175
11638.682144684,0.09199012089817805,0.1021649648797309,0.2962962170125764,1.7999999999999998,7.199999999999999,0.1210728101730346,-0.27170628986482903,2.06,0.1280970802307129,0.1038352921009063,0.252,11638.678036526
11638.686824079,0.09800009253854414,0.09856504636660084,0.29513387763518606,1.7999999999999998,7.199999999999999,0.1280970802307129,-0.012298959318805203,2.065,0.1280970802307129,0.1038352921009063,0.252,11638.678036526
11638.691768788,0.09029714604113784,0.11268202587853961,0.29385304407681867,1.7999999999999998,7.199999999999999,0.1280970802307129,-0.027558214056803365,2.07,0.1280970802307129,0.1038352921009063,0.252,11638.678036526
11638.697314942,0.08869342975801874,0.11156954273229792,0.29151089441288797,1.7999999999999998,7.199999999999999,0.1280970802307129,-0.14963225196078866,2.075,0.1280970802307129,0.1038352921009063,0.252,11638.678036526
11638.701903296,0.09002735208380692,0.107987248789017,0.288970740178467,1.7999999999999998,7.199999999999999,0.1280970802307129,-0.012298959318805203,2.08,0.1351213502883911,0.1047941151261329,0.24,11638.698171844
11638.706592835,0.09728888840422278,0.10061535948484325,0.2870879574328347,1.7999999999999998,7.199999999999999,0.1351213502883911,0.018219550157191122,2.085,0.1351213502883911,0.1047941151261329,0.24,11638.698171844
11638.712120237,0.08665945433193144,0.10735047383980209,0.28381727096312104,1.7999999999999998,7.199999999999999,0.1351213502883911,-0.07333597827079785,2.09,0.1351213502883911,0.1047941151261329,0.24,11638.698171844
11638.716584142,0.09613074427388349,0.10551389628225288,0.2811706132623162,1.7999999999999998,7.199999999999999,0.1351213502883911,-0.19541001617478315,2.095,0.1351213502883911,0.1047941151261329,0.24,11638.698171844
11638.72137045,0.09185073744880572,0.10256147834635117,0.27840829343789975,1.7999999999999998,7.199999999999999,0.1351213502883911,-0.012298959318805203,2.1,0.1421456203460693,0.1057529381513595,0.2279999999999999,11638.717790135
11638.726903579,0.09860344506903329,0.1041072938973987,0.27583421335084174,1.7999999999999998,7.199999999999999,0.1421456203460693,-0.21066927091278131,2.105,0.1421456203460693,0.1057529381513595,0.2279999999999999,11638.717790135
11638.731307516,0.11049081782134103,0.08848138123730744,0.2726255854783561,1.7999999999999998,7.199999999999999,0.1421456203460693,-0.10385448774679418,2.11,0.1421456203460693,0.1057529381513595,0.2279999999999999,11638.717790135
11638.736838629,0.11799630282122593,0.0774734872501905,0.2701259933036888,1.7999999999999998,7.199999999999999,0.1421456203460693,-0.16489150669878683,2.115,0.1421456203460693,0.1057529381513595,0.2279999999999999,11638.717790135
11638.741332263,0.11253983429240276,0.07940650120882968,0.2673055520447531,1.7999999999999998,7.02,0.1421456203460693,0.018219550157191122,2.12,0.1491698904037475,0.1067117611765861,0.2159999999999999,11638.738001166
11638.746833264,0.106720871626958,0.08999375016324475,0.26407534330495425,1.98,7.02,0.1491698904037475,-0.012298959318805203,2.125,0.1491698904037475,0.1067117611765861,0.2159999999999999,11638.738001166
11638.752331833,0.10652481771375497,0.10248676203793808,0.2616477356188428,1.98,6.84,0.1491698904037475,-0.04281746879480153,2.13,0.1491698904037475,0.1067117611765861,0.2159999999999999,11638.738001166
11638.756906332,0.10151701669544641,0.11361064391704559,0.25920251555975005,2.16,6.66,0.1491698904037475,-0.10385448774679418,2.1350000000000002,0.1491698904037475,0.1067117611765861,0.2159999999999999,11638.738001166
11638.761331677,0.10334617963919147,0.11599291367932744,0.25617646419140405,2.34,6.4799999999999995,0.1491698904037475,-0.012298959318805203,2.14,0.1561941604614257,0.1076705842018127,0.204,11638.757965379
11638.76683367,0.1026149627506789,0.12622718752086692,0.25375936346120503,2.52,6.12,0.1561941604614257,0.033478804895189285,2.145,0.1561941604614257,0.1076705842018127,0.204,11638.757965379
11638.772348239,0.09412711483272079,0.13834428554115413,0.2514636930935176,2.88,5.76,0.1561941604614257,-0.19541001617478315,2.15,0.1561941604614257,0.1076705842018127,0.204,11638.757965379
11638.776776496,0.10531540552297022,0.13971152502160858,0.24852215663468435,3.06,5.3999999999999995,0.1561941604614257,-0.07333597827079785,2.1550000000000002,0.1561941604614257,0.1076705842018127,0.204,11638.757965379
11638.781316306,0.10563726143627576,0.14203916336011188,0.2459996592853448,3.42,4.859999999999999,0.1561941604614257,-0.30222479934082536,2.16,0.1632184305191039,0.1086294072270393,0.192,11638.777934937
11638.786837499,0.09644329972978695,0.1435795045623498,0.24378183856725513,3.78,4.32,0.1632184305191039,0.21658986175116723,2.165,0.1632184305191039,0.1086294072270393,0.192,11638.777934937
11638.792349029,0.10001655461440467,0.14072201452539143,0.24102321496669638,4.32,3.78,0.1632184305191039,-0.2869655446028272,2.17,0.1632184305191039,0.1086294072270393,0.192,11638.777934937
11638.796775846,0.09374326987144664,0.15017222460753324,0.2377965634420504,4.5,3.42,0.1632184305191039,-0.11911374248479234,2.1750000000000003,0.1632184305191039,0.1086294072270393,0.192,11638.777934937
11638.80157953,0.09953151602504161,0.1452743967894801,0.23544918135128498,4.859999999999999,2.88,0.1632184305191039,-0.180150761436785,2.18,0.1702427005767822,0.1095882302522659,0.18,11638.798179312
11638.807246932,0.09911819629812116,0.15096626385335044,0.2329069643689863,5.22,2.34,0.1702427005767822,0.00296029541919296,2.185,0.1702427005767822,0.1095882302522659,0.18,11638.798179312
11638.811694485,0.09229498232639506,0.15193686242564097,0.23029493539225682,5.58,1.98,0.1702427005767822,-0.180150761436785,2.19,0.1702427005767822,0.1095882302522659,0.18,11638.798179312
11638.817191262,0.10042289329876361,0.15146201760562203,0.22798717554708653,5.9399999999999995,1.6199999999999999,0.1702427005767822,-0.11911374248479234,2.195,0.1702427005767822,0.1095882302522659,0.18,11638.798179312
11638.821726752,0.09159298998346081,0.15734730384616688,0.22587878175335188,6.12,1.26,0.1702427005767822,-0.39378032776881433,2.2,0.1772669706344604,0.1105470532774925,0.1679999999999999,11638.817998437
11638.827272714,0.08999753824339493,0.15900343931658822,0.223050350304592,6.3,0.8999999999999999,0.1772669706344604,0.06399731437118561,2.205,0.1772669706344604,0.1105470532774925,0.1679999999999999,11638.817998437
11638.831710315,0.1003036713977793,0.15525879086831887,0.2205555621442294,6.4799999999999995,0.72,0.1772669706344604,-0.2869655446028272,2.21,0.1772669706344604,0.1105470532774925,0.1679999999999999,11638.817998437
11638.83742399,0.09478152035902121,0.16148826329775956,0.2184243776339464,6.4799999999999995,0.54,0.1772669706344604,-0.07333597827079785,2.215,0.1772669706344604,0.1105470532774925,0.1679999999999999,11638.817998437
11638.841907607,0.09263363183277117,0.16765725136430976,0.21530691703588203,6.66,0.54,0.1772669706344604,-0.363261818292818,2.22,0.1842912406921386,0.1115058763027191,0.156,11638.837845401
11638.846341561,0.09797185686089645,0.16547507173510642,0.21321696284559025,6.66,0.54,0.1842912406921386,-0.027558214056803365,2.225,0.1842912406921386,0.1115058763027191,0.156,11638.837845401
11638.851836386,0.09844267827074586,0.16579211129160784,0.21098744433514882,6.66,0.54,0.1842912406921386,-0.2869655446028272,2.23,0.1842912406921386,0.1115058763027191,0.156,11638.837845401
11638.85644634,0.10076218733349417,0.1716971313444193,0.20798214310956067,6.66,0.54,0.1842912406921386,-0.05807672353279969,2.235,0.1842912406921386,0.1115058763027191,0.156,11638.837845401
11638.861999854,0.10675435537402414,0.17690667638423657,0.2056169554601482,6.4799999999999995,0.54,0.1842912406921386,-0.30222479934082536,2.24,0.1913155107498168,0.1124646993279457,0.144,11638.858355762
11638.866384654,0.10782327540454201,0.17329586457168605,0.20325692063124373,6.4799999999999995,0.54,0.1913155107498168,0.1860713522751709,2.245,0.1913155107498168,0.1124646993279457,0.144,11638.858355762
11638.871913464,0.10557601721660538,0.17333933888208639,0.20031695781960873,6.66,0.54,0.1913155107498168,0.033478804895189285,2.25,0.1913155107498168,0.1124646993279457,0.144,11638.858355762
11638.876349401,0.10929629545594795,0.1746106413030031,0.19800683031944308,6.66,0.54,0.1913155107498168,0.018219550157191122,2.255,0.1913155107498168,0.1124646993279457,0.144,11638.858355762
11638.881886786,0.11413632957031311,0.17133213637447728,0.1960633635627916,6.66,0.36,0.1913155107498168,-0.25644703512683087,2.2600000000000002,0.1983397808074951,0.1134235223531723,0.1319999999999999,11638.878128294
11638.887381291,0.1100279679712018,0.17740818364753683,0.19328990144087557,6.84,0.18,0.1983397808074951,-0.16489150669878683,2.265,0.1983397808074951,0.1134235223531723,0.1319999999999999,11638.878128294
11638.891899373,0.1051709903101074,0.18071023364204136,0.19068854886321662,7.02,0.18,0.1983397808074951,-0.30222479934082536,2.27,0.1983397808074951,0.1134235223531723,0.1319999999999999,11638.878128294
11638.896338094,0.10857244225413408,0.18374248858554001,0.1886710848407878,7.02,0.18,0.1983397808074951,-0.22592852565083454,2.275,0.1983397808074951,0.1134235223531723,0.1319999999999999,11638.878128294
11638.901953144,0.10962342219998267,0.1833575920442859,0.18618347762020304,7.199999999999999,0.18,0.1983397808074951,-0.47007660145880514,2.2800000000000002,0.2053640508651733,0.1143823453783988,0.12,11638.898386622
11638.906603867,0.11901970201466996,0.19188011993014284,0.18309947750365863,7.199999999999999,0.18,0.2053640508651733,-0.08859523300879601,2.285,0.2053640508651733,0.1143823453783988,0.12,11638.898386622
11638.912151973,0.1294776811240536,0.19386845460490923,0.18087616087550565,7.38,0.18,0.2053640508651733,-0.2869655446028272,2.29,0.2053640508651733,0.1143823453783988,0.12,11638.898386622
11638.916576742,0.12356024533213669,0.1948834602237784,0.1790015909543324,7.38,0.18,0.2053640508651733,-0.10385448774679418,2.295,0.2053640508651733,0.1143823453783988,0.12,11638.898386622
11638.92215592,0.11142530120196247,0.20293604432774343,0.1766000069822216,7.56,0.18,0.2053640508651733,-0.3327433088168217,2.3000000000000003,0.2123883209228515,0.1153411684036254,0.1079999999999999,11638.918248242
11638.926595985,0.11014945177891702,0.2016911924856114,0.1743455198881227,7.739999999999999,0.18,0.2123883209228515,-0.04281746879480153,2.305,0.2123883209228515,0.1153411684036254,0.1079999999999999,11638.918248242
11638.932096506,0.1168493096521446,0.19841172922339256,0.1720855697235424,7.92,0.18,0.2123883209228515,-0.22592852565083454,2.31,0.2123883209228515,0.1153411684036254,0.1079999999999999,11638.918248242
11638.936639644,0.11559628450821763,0.19803092913777673,0.1694445043305889,7.92,0.18,0.2123883209228515,-0.21066927091278131,2.315,0.2123883209228515,0.1153411684036254,0.1079999999999999,11638.918248242
11638.941731618,0.11126796822828913,0.20136247251554681,0.16676848560936933,8.1,0.18,0.2123883209228515,-0.363261818292818,2.32,0.2194125909805297,0.116299991428852,0.0959999999999999,11638.938204392
11638.947367916,0.11347747019546388,0.208567058012881,0.16461426709958196,8.28,0.18,0.2194125909805297,-0.04281746879480153,2.325,0.2194125909805297,0.116299991428852,0.0959999999999999,11638.938204392
11638.95188107,0.11154870919974974,0.21442078328113104,0.16192793918634016,8.64,0.18,0.2194125909805297,-0.25644703512683087,2.33,0.2194125909805297,0.116299991428852,0.0959999999999999,11638.938204392
11638.956491376,0.11349125741377207,0.20250556006197679,0.1595031475912328,8.82,0.18,0.2194125909805297,-0.012298959318805203,2.335,0.2194125909805297,0.116299991428852,0.0959999999999999,11638.938204392
11638.962011802,0.10806856799600194,0.20784745757656725,0.15758632309409246,9.0,0.18,0.2194125909805297,-0.34800256355481984,2.34,0.2264368610382079,0.1172588144540786,0.0839999999999999,11638.958166493
11638.966430779,0.11497428192681154,0.20532916821703223,0.15546292933500663,9.18,0.18,0.2264368610382079,-0.16489150669878683,2.345,0.2264368610382079,0.1172588144540786,0.0839999999999999,11638.958166493
11638.972211302,0.1122622743798191,0.21464167125918632,0.15268982403398534,9.54,0.18,0.2264368610382079,-0.3174840540788235,2.35,0.2264368610382079,0.1172588144540786,0.0839999999999999,11638.958166493
11638.976729384,0.11818559324347477,0.2061770243401291,0.15089205216190554,9.719999999999999,0.18,0.2264368610382079,-0.04281746879480153,2.355,0.2264368610382079,0.1172588144540786,0.0839999999999999,11638.958166493
11638.982311442,0.10698209485887754,0.2147854543937189,0.14896306512098953,10.08,0.18,0.2264368610382079,-0.180150761436785,2.36,0.2334611310958862,0.1182176374793052,0.072,11638.9783933
11638.986826099,0.11484126490524597,0.21943592659909114,0.14589643035655828,10.26,0.18,0.2334611310958862,-0.07333597827079785,2.365,0.2334611310958862,0.1182176374793052,0.072,11638.9783933
11638.991351989,0.11142463159108006,0.2085827377388255,0.14372917073715888,10.44,0.18,0.2334611310958862,-0.7142246772667757,2.37,0.2334611310958862,0.1182176374793052,0.072,11638.9783933
11638.996872158,0.11778063464510465,0.2144562192540069,0.14147729968512965,10.799999999999999,0.18,0.2334611310958862,-0.14963225196078866,2.375,0.2334611310958862,0.1182176374793052,0.072,11638.9783933
11639.00133264,0.11854995349109404,0.22298911015697043,0.13902453179889415,10.98,0.18,0.2334611310958862,-0.4395580919828088,2.38,0.2404854011535644,0.1191764605045318,0.06,11638.997960999
11639.007147755,0.12128993218069829,0.21794622316743886,0.1367038497111872,11.16,0.18,0.2404854011535644,0.07925656910918377,2.3850000000000002,0.2404854011535644,0.1191764605045318,0.06,11638.997960999
11639.011719502,0.1169977796445546,0.21287077357644962,0.13470670802723253,11.34,0.18,0.2404854011535644,-0.180150761436785,2.39,0.2404854011535644,0.1191764605045318,0.06,11638.997960999
11639.017230071,0.12309557523948154,0.2120685366601285,0.13209513488087574,11.52,0.18,0.2404854011535644,-0.11911374248479234,2.395,0.2404854011535644,0.1191764605045318,0.06,11638.997960999
11639.021773913,0.105826821506831,0.22687926697320468,0.12968737792498697,11.7,0.18,0.2404854011535644,-0.25644703512683087,2.4,0.2475096712112426,0.1201352835297584,0.0479999999999999,11639.018275967
11639.027291906,0.10978375031406627,0.23001249130462156,0.1280355249290218,11.879999999999999,0.18,0.2475096712112426,0.033478804895189285,2.4050000000000002,0.2475096712112426,0.1201352835297584,0.0479999999999999,11639.018275967
11639.031832484,0.10683492914185005,0.22741758972379525,0.12558297680221817,12.059999999999999,0.18,0.2475096712112426,-0.180150761436785,2.41,0.2475096712112426,0.1201352835297584,0.0479999999999999,11639.018275967
11639.036359046,0.11189688951210223,0.2410826208234681,0.12356361088731399,12.24,0.18,0.2475096712112426,0.15555284279917458,2.415,0.2475096712112426,0.1201352835297584,0.0479999999999999,11639.018275967
11639.041896015,0.11854023494170772,0.2503474330461811,0.12101308368840354,12.42,0.18,0.2475096712112426,-0.2869655446028272,2.42,0.2545339412689208,0.121094106554985,0.0359999999999999,11639.038032146
11639.046483858,0.13194007439124722,0.23748354832954535,0.11823927179168223,12.6,0.18,0.2545339412689208,-0.3174840540788235,2.4250000000000003,0.2545339412689208,0.121094106554985,0.0359999999999999,11639.038032146
11639.052114492,0.12440014912184917,0.23691615651622555,0.11638006855183765,12.78,0.18,0.2545339412689208,-0.22592852565083454,2.43,0.2545339412689208,0.121094106554985,0.0359999999999999,11639.038032146
11639.05672179,0.1139032203146122,0.23545760281282702,0.11486304903642428,12.959999999999999,0.18,0.2545339412689208,-0.10385448774679418,2.435,0.2545339412689208,0.121094106554985,0.0359999999999999,11639.038032146
11639.061452802,0.1138508786910817,0.2396762617831975,0.11282219673686184,13.139999999999999,0.18,0.2545339412689208,-0.30222479934082536,2.44,0.261558211326599,0.1220529295802116,0.0239999999999999,11639.058176745
11639.066947147,0.11751192680670523,0.23017056428802593,0.1106815840507924,13.32,0.18,0.261558211326599,-0.1343729972227905,2.445,0.261558211326599,0.1220529295802116,0.0239999999999999,11639.058176745
11639.071415788,0.10870689289126907,0.24746657845290693,0.10867124199063431,13.5,0.18,0.261558211326599,-0.22592852565083454,2.45,0.261558211326599,0.1220529295802116,0.0239999999999999,11639.058176745
11639.076927445,0.10099798287665443,0.2486348488037507,0.10686521989832717,13.68,0.18,0.261558211326599,-0.10385448774679418,2.455,0.261558211326599,0.1220529295802116,0.0239999999999999,11639.058176745
11639.081709177,0.1055483252310501,0.2426381090703587,0.10419653193592968,13.86,0.18,0.261558211326599,-0.454817346720807,2.46,0.2685824813842773,0.1230117526054382,0.012,11639.07838944
11639.08721117,0.11025304307521978,0.24092826583076687,0.10185509426711853,14.04,0.18,0.2685824813842773,-0.363261818292818,2.465,0.2685824813842773,0.1230117526054382,0.012,11639.07838944
11639.091771844,0.11059667346597422,0.24464467262183442,0.09924965105594305,14.219999999999999,0.18,0.2685824813842773,-0.3327433088168217,2.47,0.2685824813842773,0.1230117526054382,0.012,11639.07838944
11639.097289134,0.10573227062498508,0.2477194266663354,0.09666804939583921,14.399999999999999,0.18,0.2685824813842773,-0.027558214056803365,2.475,0.2685824813842773,0.1230117526054382,0.012,11639.07838944
11639.101717423,0.10936021212464714,0.24706672555046177,0.09498197296835466,14.58,0.18,0.2685824813842773,-0.4090395825068125,2.48,0.2756067514419555,0.1239705756306648,0.0,11639.098076627
11639.107349273,0.11622982980378867,0.2520653737769757,0.09292464106512496,14.76,0.18,0.2756067514419555,-0.22592852565083454,2.485,0.2756067514419555,0.1239705756306648,0.0,11639.098076627
11639.111802874,0.11932248895122832,0.25960095986189907,0.09148918808162207,15.12,0.18,0.2756067514419555,-0.16489150669878683,2.49,0.2756067514419555,0.1239705756306648,0.0,11639.098076627
11639.116331932,0.12022761624262425,0.2623046177843055,0.08927345013624305,15.299999999999999,0.18,0.2756067514419555,-0.1343729972227905,2.495,0.2756067514419555,0.1239705756306648,0.0,11639.098076627
11639.121957158,0.11679367609200468,0.2723655237984857,0.08721830255443963,15.479999999999999,0.18,0.2756067514419555,-0.2411877803888327,2.5,0.2756067514419555,0.1239705756306648,0.0,11639.118255594
11639.126339303,0.11797048932668149,0.26887646250336955,0.0844979131571851,15.84,0.18,0.2756067514419555,-0.11911374248479234,2.505,0.2756067514419555,0.1239705756306648,0.0,11639.118255594
11639.131942449,0.12226387510740676,0.2721137537740173,0.07713239868397118,16.02,0.18,0.2756067514419555,-0.16489150669878683,2.5100000000000002,0.2756067514419555,0.1239705756306648,0.0,11639.118255594
11639.136438802,0.12049042676851894,0.2706011788665444,0.0804766279705373,16.38,0.18,0.2756067514419555,-0.012298959318805203,2.515,0.2756067514419555,0.1239705756306648,0.0,11639.118255594
11639.142374047,0.11825967807623582,0.26571466620375733,0.07336724451725574,16.56,0.18,0.2756067514419555,-0.27170628986482903,2.52,0.4583169519901275,0.1497006714344024,0.019965935498476,11639.137930686
11639.146820416,0.11489990505649639,0.26736270890936603,0.05989486175581279,16.74,0.18,0.4583169519901275,-0.11911374248479234,2.525,0.4583169519901275,0.1497006714344024,0.019965935498476,11639.137930686
11639.15237841,0.11849925252066015,0.2654750947164579,0.05455214105527905,17.099999999999998,0.18,0.4583169519901275,-0.07333597827079785,2.5300000000000002,0.4583169519901275,0.1497006714344024,0.019965935498476,11639.137930686
11639.156939468,0.1251353561719668,0.271912738070277,0.04855685036525574,17.28,0.18,0.4583169519901275,-0.180150761436785,2.535,0.4583169519901275,0.1497006714344024,0.019965935498476,11639.137930686
11639.161349933,0.12638513021518358,0.2653495600245083,0.03398121034658703,17.64,0.18,0.4583169519901275,-0.4395580919828088,2.54,0.5329423546791077,0.3108848333358764,0.1663137376308441,11639.15799442
11639.166846582,0.12088173992444247,0.2731154505931863,0.028234694128184537,17.82,0.18,0.5329423546791077,-0.2411877803888327,2.545,0.5329423546791077,0.3108848333358764,0.1663137376308441,11639.15799442
11639.17134732,0.11710249802263904,0.27469525421312274,0.01968897702636724,18.0,0.18,0.5329423546791077,-0.10385448774679418,2.5500000000000003,0.5329423546791077,0.3108848333358764,0.1663137376308441,11639.15799442
11639.176893377,0.11363967685166286,0.28657403060201647,0.01081506529128588,18.18,0.18,0.5329423546791077,-0.22592852565083454,2.555,0.5329423546791077,0.3108848333358764,0.1663137376308441,11639.15799442
11639.181384707,0.10958310491524588,0.3056812497406587,0.011705099690099731,18.54,0.0,0.5329423546791077,-0.11911374248479234,2.56,0.5401259064674377,0.4495613574981689,0.112616628408432,11639.178065066
11639.186883468,0.1232316246061748,0.31424307244266486,0.01335627639096044,18.9,0.0,0.5401259064674377,-0.2411877803888327,2.565,0.5401259064674377,0.4495613574981689,0.112616628408432,11639.178065066
11639.191337869,0.12657830128369743,0.32450925217871057,0.01596322649677114,19.439999999999998,0.0,0.5401259064674377,-0.05807672353279969,2.57,0.5401259064674377,0.4495613574981689,0.112616628408432,11639.178065066
11639.196838102,0.1351499430556114,0.3398142437790733,0.014724356532380353,20.16,0.0,0.5401259064674377,-0.27170628986482903,2.575,0.5401259064674377,0.4495613574981689,0.112616628408432,11639.178065066
11639.20164713,0.15872181327650112,0.36506280921402456,0.0180186585179688,21.06,0.0,0.5401259064674377,-0.2411877803888327,2.58,0.5771195292472839,0.5131673216819763,0.1124810352921485,11639.198343521
11639.207169411,0.1766138816423113,0.3850373639612558,0.03246814686655413,22.14,0.0,0.5771195292472839,-0.14963225196078866,2.585,0.5771195292472839,0.5131673216819763,0.1124810352921485,11639.198343521
11639.211583204,0.1890945915166393,0.4052622636146521,0.040828033811107806,23.4,0.0,0.5771195292472839,-0.16489150669878683,2.59,0.5771195292472839,0.5131673216819763,0.1124810352921485,11639.198343521
11639.217181134,0.20932410630965553,0.4245032677299778,0.05574251148913122,25.02,0.0,0.5771195292472839,-0.2411877803888327,2.595,0.5771195292472839,0.5131673216819763,0.1124810352921485,11639.198343521
11639.221758609,0.23477167789911843,0.4417147066649051,0.058429851693081944,26.64,0.0,0.5771195292472839,-0.04281746879480153,2.6,0.6,0.6,0.0,11639.217903924
11639.227270234,0.2554618081540638,0.45717824020444925,0.06990478630993884,28.619999999999997,0.0,0.6,-0.4853358561968033,2.605,0.6,0.6,0.0,11639.217903924
11639.231742427,0.27686652741648293,0.4698055201179279,0.07336256036090148,30.779999999999998,0.0,0.6,-0.16489150669878683,2.61,0.6,0.6,0.0,11639.217903924
11639.23740567,0.3015248535621774,0.47894799071961186,0.08095174423509803,33.12,0.0,0.6,-0.3327433088168217,2.615,0.6,0.6,0.0,11639.217903924
11639.241871015,0.32163356628699524,0.48492275579224386,0.08644552610617393,35.64,0.0,0.6,-0.08859523300879601,2.62,0.5213586091995239,0.5882061719894409,0.0,11639.23799233
11639.247393488,0.3413734533406452,0.4943682742962847,0.09252513470823735,38.339999999999996,0.0,0.5213586091995239,-0.07333597827079785,2.625,0.5213586091995239,0.5882061719894409,0.0,11639.23799233
11639.251895762,0.3632874605409398,0.49923702869810016,0.09627506387019387,40.86,0.18,0.5213586091995239,-0.2411877803888327,2.63,0.5213586091995239,0.5882061719894409,0.0,11639.23799233
11639.256424148,0.38142862845970377,0.5019265062953387,0.10086189059362095,43.559999999999995,0.18,0.5213586091995239,-0.2411877803888327,2.6350000000000002,0.5213586091995239,0.5882061719894409,0.0,11639.23799233
11639.261934717,0.3988425424442811,0.5134356263895808,0.09354273826187158,46.08,0.36,0.5213586091995239,-0.10385448774679418,2.64,0.6,0.6,0.0,11639.258172641
11639.266348862,0.41974468207765714,0.5168972882130991,0.10027111980141747,48.239999999999995,0.8999999999999999,0.6,-0.21066927091278131,2.645,0.6,0.6,0.0,11639.258172641
11639.271938184,0.43829078387907383,0.5233936202211188,0.10596978439429729,50.04,1.98,0.6,-0.22592852565083454,2.65,0.6,0.6,0.0,11639.258172641
11639.276335401,0.4533521777362053,0.5277998082284842,0.09871641441815408,51.3,3.78,0.6,-0.25644703512683087,2.6550000000000002,0.6,0.6,0.0,11639.258172641
11639.28182709,0.4700395261893484,0.5272640666849685,0.08888104418163102,51.839999999999996,6.4799999999999995,0.6,-0.180150761436785,2.66,0.5354189872741699,0.6,0.0,11639.278355352
11639.287325019,0.4826000655680147,0.5342751993416839,0.07966042495523878,51.66,10.08,0.5354189872741699,-0.25644703512683087,2.665,0.5354189872741699,0.6,0.0,11639.278355352
11639.291842909,0.49189883183405136,0.5314625632130782,0.07078271666617976,51.3,14.399999999999999,0.5354189872741699,-0.180150761436785,2.67,0.5354189872741699,0.6,0.0,11639.278355352
11639.297351558,0.5032976554130032,0.52220379046785,0.06623282574529708,50.22,19.259999999999998,0.5354189872741699,-0.3174840540788235,2.6750000000000003,0.5354189872741699,0.6,0.0,11639.278355352
11639.301771399,0.5121417940701394,0.527860639305354,0.0592503638171427,48.78,24.66,0.5354189872741699,0.09451582384718193,2.68,0.5201039910316467,0.6,0.0,11639.298133772
11639.307387793,0.5179517271094785,0.5335171107632164,0.04749406208303209,47.16,30.24,0.5201039910316467,-0.4395580919828088,2.685,0.5201039910316467,0.6,0.0,11639.298133772
11639.311901907,0.5262841999656509,0.5369218731307629,0.04138471691423978,45.54,36.0,0.5201039910316467,-0.012298959318805203,2.69,0.5201039910316467,0.6,0.0,11639.298133772
11639.316423189,0.5343967222055203,0.5442807856616393,0.036313856311698395,43.559999999999995,41.58,0.5201039910316467,-0.3174840540788235,2.695,0.5201039910316467,0.6,0.0,11639.298133772
11639.322096031,0.5397607067892751,0.5433252664111472,0.020866162546622644,41.94,47.16,0.5201039910316467,-0.027558214056803365,2.7,0.4458663165569305,0.6,0.0,11639.318373091
11639.326492448,0.5461618112879956,0.554961192915546,0.017398156513445267,40.32,52.379999999999995,0.4458663165569305,-0.454817346720807,2.705,0.4458663165569305,0.6,0.0,11639.318373091
11639.332132458,0.5531377106623752,0.5626618299186874,0.012178805111367182,38.879999999999995,57.059999999999995,0.4458663165569305,0.04873805963318745,2.71,0.4458663165569305,0.6,0.0,11639.318373091
11639.336680204,0.5580061564397312,0.5633271429165497,0.006041272118415799,37.8,61.199999999999996,0.4458663165569305,-0.3174840540788235,2.715,0.4458663165569305,0.6,0.0,11639.318373091
11639.341705714,0.5637369577331628,0.563330386748544,0.011332320005052434,37.26,64.25999999999999,0.4458663165569305,-0.05807672353279969,2.72,0.4671294689178467,0.6,0.0,11639.338134711
11639.347362941,0.5699822388300173,0.565682479969216,0.009008693922873116,36.9,66.24,0.4671294689178467,-0.1343729972227905,2.725,0.4671294689178467,0.6,0.0,11639.338134711
11639.351890175,0.5741957602794932,0.5596486922425499,0.01201063478752737,37.08,66.78,0.4671294689178467,-0.11911374248479234,2.73,0.4671294689178467,0.6,0.0,11639.338134711
11639.357514601,0.5786271663103084,0.5642037076632658,0.004128628820436942,37.62,66.6,0.4671294689178467,-0.2411877803888327,2.735,0.4671294689178467,0.6,0.0,11639.338134711
11639.361987499,0.5832126239333685,0.5511738523766877,-0.00048310917714666703,37.98,65.88,0.4671294689178467,-0.04281746879480153,2.74,0.3400691747665405,0.584980309009552,0.0,11639.358264015
11639.366424108,0.5863382173776756,0.541155314720972,-0.00243554252385879,38.339999999999996,64.98,0.3400691747665405,-0.27170628986482903,2.745,0.3400691747665405,0.584980309009552,0.0,11639.358264015
11639.371949558,0.5885619146348813,0.5399810392083313,0.000582242162373828,38.339999999999996,64.08,0.3400691747665405,0.00296029541919296,2.75,0.3400691747665405,0.584980309009552,0.0,11639.358264015
11639.376495448,0.5910080386999764,0.5393938082886744,-0.007998451339685216,38.339999999999996,63.54,0.3400691747665405,-0.2411877803888327,2.755,0.3400691747665405,0.584980309009552,0.0,11639.358264015
11639.38234106,0.5923952679679694,0.5515915281638228,-0.0032215419401525306,37.98,63.0,0.3400691747665405,-0.2411877803888327,2.7600000000000002,0.2959193587303161,0.3933447897434234,0.0,11639.377937475
11639.386787845,0.5924655742077121,0.5418255213561994,0.002505475837458854,37.62,62.28,0.2959193587303161,-0.14963225196078866,2.765,0.2959193587303161,0.3933447897434234,0.0,11639.377937475
11639.392344239,0.5918841012719551,0.5476905968610164,-0.0021378186350271937,37.44,61.559999999999995,0.2959193587303161,-0.027558214056803365,2.77,0.2959193587303161,0.3933447897434234,0.0,11639.377937475
11639.396787793,0.5909522840776645,0.5366612637455155,-0.008821174042444977,37.08,60.66,0.2959193587303161,-0.47007660145880514,2.775,0.2959193587303161,0.3933447897434234,0.0,11639.377937475
11639.401486388,0.589427478786927,0.522641329865913,-0.00028663931948653124,36.54,59.4,0.2959193587303161,-0.012298959318805203,2.7800000000000002,0.43397057056427,0.3470504581928253,0.0,11639.398180635
11639.407021278,0.5882679791060934,0.5097857962802809,-0.0024558140194506123,36.0,58.5,0.43397057056427,-0.27170628986482903,2.785,0.43397057056427,0.3470504581928253,0.0,11639.398180635
11639.411458207,0.5868313315919949,0.4944212169787869,-0.005012835958063216,35.46,57.599999999999994,0.43397057056427,0.033478804895189285,2.79,0.43397057056427,0.3470504581928253,0.0,11639.398180635
11639.417068329,0.5845238843818751,0.48641788797836577,-0.0072215942651538325,34.74,56.879999999999995,0.43397057056427,-0.27170628986482903,2.795,0.43397057056427,0.3470504581928253,0.0,11639.398180635
11639.421706028,0.5810977905864956,0.4613782689076429,-0.00994517438180984,33.66,56.519999999999996,0.43397057056427,0.06399731437118561,2.8000000000000003,0.1825832277536392,0.1039197966456413,0.0,11639.417835311
11639.427272534,0.5778415313970207,0.43578726595527045,-0.010284432588298054,32.58,56.339999999999996,0.1825832277536392,-0.4090395825068125,2.805,0.1825832277536392,0.1039197966456413,0.0,11639.417835311
11639.431739768,0.5750458448705678,0.42996124230038113,-0.00401400552835276,31.14,56.16,0.1825832277536392,0.04873805963318745,2.81,0.1825832277536392,0.1039197966456413,0.0,11639.417835311
11639.437401058,0.5700531416718968,0.4165359304398435,6.957310747309915e-05,29.88,56.16,0.1825832277536392,-0.3327433088168217,2.815,0.1825832277536392,0.1039197966456413,0.0,11639.417835311
11639.441890084,0.565607687514873,0.4169552151217451,0.006932467077895538,28.259999999999998,56.16,0.1825832277536392,0.04873805963318745,2.82,0.4254694283008575,0.2142670452594757,0.0,11639.438139112
11639.44741803,0.5621227285222735,0.4066839754798791,-0.00617785144290555,27.0,55.8,0.4254694283008575,-0.42429883724481066,2.825,0.4254694283008575,0.2142670452594757,0.0,11639.438139112
11639.451880143,0.5559694301372418,0.4027729182640478,-0.007343290700645414,25.919999999999998,55.26,0.4254694283008575,-0.16489150669878683,2.83,0.4254694283008575,0.2142670452594757,0.0,11639.438139112
11639.456336881,0.5392753058066534,0.416064901014176,0.000550985506879481,25.02,54.36,0.4254694283008575,-0.27170628986482903,2.835,0.4254694283008575,0.2142670452594757,0.0,11639.438139112
11639.461926427,0.5203985556474359,0.4094483460683992,-0.004417564230141823,24.48,52.919999999999995,0.4254694283008575,-0.27170628986482903,2.84,0.2472065240144729,0.1886538565158844,0.0,11639.457853628
11639.466353692,0.503145706114458,0.4007132930801101,-0.011987916597992995,24.119999999999997,51.3,0.2472065240144729,-0.4090395825068125,2.845,0.2472065240144729,0.1886538565158844,0.0,11639.457853628
11639.47188007,0.4823571119495696,0.38909068580835765,-0.006713412143899357,24.119999999999997,49.32,0.2472065240144729,-0.07333597827079785,2.85,0.2472065240144729,0.1886538565158844,0.0,11639.457853628
11639.476332839,0.4614808691295257,0.38032540627816314,-0.003331007525205269,24.3,46.98,0.2472065240144729,-0.3327433088168217,2.855,0.2472065240144729,0.1886538565158844,0.0,11639.457853628
11639.481870641,0.44412256653815196,0.3750987387982623,-0.0077133137761104306,24.66,44.46,0.2472065240144729,-0.19541001617478315,2.86,0.2823776006698608,0.2384977638721466,0.0676518380641937,11639.477967796
11639.486351923,0.4247662573687954,0.37270790581569657,-0.00098157005923013,25.38,41.58,0.2823776006698608,-0.027558214056803365,2.865,0.2823776006698608,0.2384977638721466,0.0676518380641937,11639.477967796
11639.491970973,0.40627578191131336,0.3652919442638802,-0.004789257791045029,26.279999999999998,38.16,0.2823776006698608,0.018219550157191122,2.87,0.2823776006698608,0.2384977638721466,0.0676518380641937,11639.477967796
11639.496379742,0.3907585854506488,0.36592878258910677,-0.005279188144536579,27.18,34.74,0.2823776006698608,-0.2869655446028272,2.875,0.2823776006698608,0.2384977638721466,0.0676518380641937,11639.477967796
11639.501906568,0.3760361892117456,0.3717876175753881,-0.012698856850712124,28.439999999999998,30.959999999999997,0.2823776006698608,0.00296029541919296,2.88,0.4512047171592712,0.3788612484931946,0.0113465311005711,11639.498042443
11639.507419345,0.36031321877650013,0.3579004978084235,-0.008286180126923039,29.52,27.36,0.4512047171592712,-0.27170628986482903,2.8850000000000002,0.4512047171592712,0.3788612484931946,0.0113465311005711,11639.498042443
11639.511893779,0.3480205472481668,0.34778845432740285,-0.007331296270290538,30.599999999999998,23.58,0.4512047171592712,0.00296029541919296,2.89,0.4512047171592712,0.3788612484931946,0.0113465311005711,11639.498042443
11639.517473213,0.33635162088487575,0.33955303862840014,-0.014271843856040361,31.86,19.8,0.4512047171592712,-0.5005951109348015,2.895,0.4512047171592712,0.3788612484931946,0.0113465311005711,11639.498042443
11639.521944126,0.3258921128956157,0.3408173953745812,-0.008590928778983542,32.94,16.2,0.4512047171592712,-0.07333597827079785,2.9,0.4901928901672363,0.3169811367988586,0.1793436706066131,11639.518072865
11639.526434976,0.319414966282567,0.34688820258986575,-0.010415301685829718,34.019999999999996,12.42,0.4901928901672363,-0.180150761436785,2.9050000000000002,0.4901928901672363,0.3169811367988586,0.1793436706066131,11639.518072865
11639.531959754,0.3162775757013094,0.3380623498863016,0.004999079832953273,34.92,8.82,0.4901928901672363,-0.2411877803888327,2.91,0.4901928901672363,0.3169811367988586,0.1793436706066131,11639.518072865
11639.53644686,0.31550468236521834,0.33220879391358976,0.008803298523481494,35.64,5.58,0.4901928901672363,0.00296029541919296,2.915,0.4901928901672363,0.3169811367988586,0.1793436706066131,11639.518072865
11639.542090454,0.3149870993380632,0.3339997137369265,0.01324435894554565,36.18,2.34,0.4901928901672363,-0.16489150669878683,2.92,0.3878126442432403,0.3131119310855865,0.2336867898702621,11639.538073944
11639.546477175,0.3160547466776101,0.32666410141100355,0.012308537501791957,36.54,0.0,0.3878126442432403,-0.05807672353279969,2.9250000000000003,0.3878126442432403,0.3131119310855865,0.2336867898702621,11639.538073944
11639.55196016,0.31667965409011034,0.32807938661551644,0.01654027151692852,35.64,0.36,0.3878126442432403,-0.07333597827079785,2.93,0.3878126442432403,0.3131119310855865,0.2336867898702621,11639.538073944
11639.556578755,0.3162456663801144,0.3258505273135799,0.02971419860215448,34.74,1.7999999999999998,0.3878126442432403,-0.6837061677907794,2.935,0.3878126442432403,0.3131119310855865,0.2336867898702621,11639.538073944
11639.56232107,0.31677870805448133,0.32950661879261334,0.03961148349020214,33.839999999999996,2.88,0.3878126442432403,-0.04281746879480153,2.94,0.6,0.4440610408782959,0.185562178492546,11639.557928973
11639.566892081,0.31681357476756017,0.3297714034779495,0.04009241144028456,32.76,4.14,0.6,-0.25644703512683087,2.945,0.6,0.4440610408782959,0.185562178492546,11639.557928973
11639.571467827,0.31746697824028014,0.3349670831010671,0.05585845046491959,31.86,5.04,0.6,-0.2869655446028272,2.95,0.6,0.4440610408782959,0.185562178492546,11639.557928973
11639.577169086,0.3173161453344158,0.34279586672889617,0.08645465577108981,31.32,5.76,0.6,-0.19541001617478315,2.955,0.6,0.4440610408782959,0.185562178492546,11639.557928973
11639.581707968,0.31744177085933095,0.3505152190335792,0.09618486846797189,30.779999999999998,6.12,0.6,-0.25644703512683087,2.96,0.4534991085529327,0.4657691121101379,0.2959084808826446,11639.57828551
11639.58727009,0.3182512858058094,0.3667446045622869,0.10960188117922956,30.419999999999998,6.12,0.4534991085529327,-0.07333597827079785,2.965,0.4534991085529327,0.4657691121101379,0.2959084808826446,11639.57828551
11639.591737996,0.3185227233625771,0.37854785963203275,0.12852969031726388,30.599999999999998,5.58,0.4534991085529327,-0.2411877803888327,2.97,0.4534991085529327,0.4657691121101379,0.2959084808826446,11639.57828551
11639.597259189,0.32034666689920244,0.3998374648381963,0.14011532112512287,30.959999999999997,4.68,0.4534991085529327,-0.3174840540788235,2.975,0.4534991085529327,0.4657691121101379,0.2959084808826446,11639.57828551
11639.601727895,0.3235599028703769,0.41483448252728194,0.14829042403599513,31.5,3.2399999999999998,0.4534991085529327,-0.07333597827079785,2.98,0.6,0.4860506951808929,0.1900769919157028,11639.597991611
11639.607269601,0.3266121580960708,0.4258293266982864,0.15635032058862716,32.58,1.26,0.6,-0.2411877803888327,2.985,0.6,0.4860506951808929,0.1900769919157028,11639.597991611
11639.61172909,0.33347592643645607,0.436313284983456,0.16198851374727832,33.66,-0.36,0.6,-0.4395580919828088,2.99,0.6,0.4860506951808929,0.1900769919157028,11639.597991611
11639.617288716,0.3495701778433954,0.4540197676250999,0.16641529112257303,34.019999999999996,0.18,0.6,0.04873805963318745,2.995,0.6,0.4860506951808929,0.1900769919157028,11639.597991611
11639.621887375,0.3640256522449813,0.46748099612143,0.17980701471631647,34.92,1.08,0.6,-0.30222479934082536,3.0,0.4638048112392425,0.5004301071166992,0.1479811668395996,11639.618286996
11639.626419281,0.37623288702913765,0.4654612005935662,0.19415732641299857,35.46,1.44,0.4638048112392425,0.1097750785851801,3.005,0.4638048112392425,0.5004301071166992,0.1479811668395996,11639.618286996
11639.631992603,0.3922988689612099,0.4785140346299467,0.20241311920911986,36.36,1.7999999999999998,0.4638048112392425,-0.04281746879480153,3.0100000000000002,0.4638048112392425,0.5004301071166992,0.1479811668395996,11639.618286996
11639.636460156,0.4062248495317819,0.48160092020621703,0.20615739059528432,37.44,1.98,0.4638048112392425,-0.37852107303081617,3.015,0.4638048112392425,0.5004301071166992,0.1479811668395996,11639.618286996
11639.64202471,0.41666689733404094,0.4894785767057398,0.20849648728665107,38.339999999999996,2.16,0.4638048112392425,-0.4090395825068125,3.02,0.6,0.4491075277328491,0.11304472386837,11639.638093545
11639.646477608,0.42899736268463673,0.5032252612639926,0.2097163521841876,39.24,2.16,0.6,-0.07333597827079785,3.025,0.6,0.4491075277328491,0.11304472386837,11639.638093545
11639.652044274,0.4390260109331746,0.5016156526960215,0.2098023361214107,39.96,2.52,0.6,-0.22592852565083454,3.0300000000000002,0.6,0.4491075277328491,0.11304472386837,11639.638093545
11639.656546195,0.446306169672019,0.5033595566380945,0.21002671331765577,40.5,2.88,0.6,-0.04281746879480153,3.035,0.6,0.4491075277328491,0.11304472386837,11639.638093545
11639.662109341,0.45543193877552424,0.5016733876297164,0.2098694440052329,40.86,3.78,0.6,-0.34800256355481984,3.04,0.4942369163036346,0.4582143127918243,0.0255810339003801,11639.658318529
11639.666489438,0.46337249869141317,0.5038260950554041,0.20891909872523048,40.86,5.04,0.4942369163036346,-0.012298959318805203,3.045,0.4942369163036346,0.4582143127918243,0.0255810339003801,11639.658318529
11639.67209316,0.4677914401590737,0.5027380573770326,0.20879033923494264,40.68,6.4799999999999995,0.4942369163036346,-0.363261818292818,3.0500000000000003,0.4942369163036346,0.4582143127918243,0.0255810339003801,11639.658318529
11639.676584842,0.4697283467499969,0.5112116835739305,0.20876529684322964,40.5,8.1,0.4942369163036346,-0.180150761436785,3.055,0.4942369163036346,0.4582143127918243,0.0255810339003801,11639.658318529
11639.682140308,0.4703336784379503,0.5112945072612383,0.20807154139215228,40.14,9.719999999999999,0.4942369163036346,-0.16489150669878683,3.06,0.6,0.3881585001945495,0.0,11639.678089814
11639.686680822,0.47023635909592887,0.5083769467956061,0.2077318555225212,39.96,11.16,0.6,0.033478804895189285,3.065,0.6,0.3881585001945495,0.0,11639.678089814
11639.692298177,0.46963944400934726,0.5149350656626523,0.20800503307298993,39.78,12.42,0.6,-0.3327433088168217,3.0700000000000003,0.6,0.3881585001945495,0.0,11639.678089814
11639.696751426,0.46926035261294397,0.5264672726325424,0.20723734376002478,39.78,13.32,0.6,-0.07333597827079785,3.075,0.6,0.3881585001945495,0.0,11639.678089814
11639.702283084,0.46875630563211806,0.5294878061377837,0.2063008816926192,39.96,14.04,0.6,-0.2411877803888327,3.08,0.5803284645080566,0.4144174754619598,0.0,11639.697920427
11639.706868398,0.4680049842944655,0.5317730215001466,0.20548977626069875,40.14,14.58,0.5803284645080566,-0.07333597827079785,3.085,0.5803284645080566,0.4144174754619598,0.0,11639.697920427
11639.712647386,0.46768555757284075,0.5378573734572595,0.20437866010521638,40.32,15.12,0.5803284645080566,-0.2869655446028272,3.09,0.5803284645080566,0.4144174754619598,0.0,11639.697920427
11639.717221276,0.46732936367838124,0.5399574125533663,0.19926888269802476,40.5,15.66,0.5803284645080566,-0.180150761436785,3.095,0.5803284645080566,0.4144174754619598,0.0,11639.697920427
11639.721824575,0.4658940858641453,0.5373531281116223,0.189983912553207,40.5,16.2,0.5803284645080566,-0.5005951109348015,3.1,0.586469292640686,0.4407571852207184,0.0,11639.718377957
11639.727366184,0.4649656602841825,0.5365841747119574,0.17630459901287696,40.5,16.919999999999998,0.586469292640686,-0.27170628986482903,3.105,0.586469292640686,0.4407571852207184,0.0,11639.718377957
11639.731795754,0.4649402453233782,0.5396451053478812,0.1613765121532146,40.5,17.64,0.586469292640686,-0.39378032776881433,3.11,0.586469292640686,0.4407571852207184,0.0,11639.718377957
11639.737408596,0.4643473639625428,0.5597043052785691,0.14537709368701776,40.32,18.54,0.586469292640686,0.00296029541919296,3.115,0.586469292640686,0.4407571852207184,0.0,11639.718377957
11639.741902646,0.4633241396546374,0.5524291054293317,0.13092903782522702,40.32,19.259999999999998,0.586469292640686,-0.42429883724481066,3.12,0.5457186102867126,0.4875035881996155,0.0,11639.73815033
11639.747405919,0.4629562079445374,0.5612059043821389,0.1168616552781983,40.14,19.8,0.5457186102867126,0.033478804895189285,3.125,0.5457186102867126,0.4875035881996155,0.0,11639.73815033
11639.751829601,0.4622205536804164,0.5608990490963649,0.10406910687234387,40.14,20.34,0.5457186102867126,-0.3174840540788235,3.13,0.5457186102867126,0.4875035881996155,0.0,11639.73815033
11639.756435555,0.46191453025225554,0.564758101928965,0.09236001553608786,40.32,20.7,0.5457186102867126,-0.027558214056803365,3.1350000000000002,0.5457186102867126,0.4875035881996155,0.0,11639.73815033
11639.762072686,0.46168525321847886,0.5649575690743879,0.07158864773583572,40.32,21.06,0.5457186102867126,-0.39378032776881433,3.14,0.5106281042098999,0.4679486453533172,0.0,11639.758190256
11639.766471951,0.46160064411887014,0.5742851839669163,0.07254753647482075,40.5,21.24,0.5106281042098999,0.09451582384718193,3.145,0.5106281042098999,0.4679486453533172,0.0,11639.758190256
11639.772078489,0.4613774815948131,0.5805576313175212,0.07697663407507936,40.5,21.419999999999998,0.5106281042098999,-0.07333597827079785,3.15,0.5106281042098999,0.4679486453533172,0.0,11639.758190256
11639.776475994,0.4612880088249301,0.5815345100652655,0.060648382329971474,40.5,21.599999999999998,0.5106281042098999,-0.04281746879480153,3.1550000000000002,0.5106281042098999,0.4679486453533172,0.0,11639.758190256
11639.781996548,0.46152091093475,0.5729739772821676,0.05096098020759022,40.5,21.96,0.5106281042098999,-0.5158543656727996,3.16,0.4577366411685943,0.426545649766922,0.0,11639.778253095
11639.786477477,0.4618262616370371,0.5766117163701434,0.03803306167874657,40.5,22.32,0.4577366411685943,0.04873805963318745,3.165,0.4577366411685943,0.426545649766922,0.0,11639.778253095
11639.792101648,0.46142743520408475,0.5724926928700014,0.03282700783620449,40.5,22.5,0.4577366411685943,-0.19541001617478315,3.17,0.4577366411685943,0.426545649766922,0.0,11639.778253095
11639.796530321,0.4610866891037627,0.5735238048201865,0.02738038151679695,40.32,22.86,0.4577366411685943,0.1097750785851801,3.1750000000000003,0.4577366411685943,0.426545649766922,0.0,11639.778253095
11639.802270428,0.46161542975233244,0.5818541633537263,0.013077789981868706,40.32,23.04,0.4577366411685943,-0.3174840540788235,3.18,0.4764973819255829,0.4069231450557709,0.0,11639.797791706
11639.806928511,0.46183351147542767,0.5780027810813444,0.018176296256321948,40.32,23.04,0.4764973819255829,0.018219550157191122,3.185,0.4764973819255829,0.4069231450557709,0.0,11639.797791706
11639.812448265,0.4619068313685293,0.5681010407492627,0.010730420413432794,40.32,23.04,0.4764973819255829,-0.5768913846247923,3.19,0.4764973819255829,0.4069231450557709,0.0,11639.797791706
11639.816939979,0.4610989609881077,0.5614773798196183,-0.00023635920708980167,40.32,23.04,0.4764973819255829,0.15555284279917458,3.1950000000000003,0.4764973819255829,0.4069231450557709,0.0,11639.797791706
11639.821545485,0.46061440184643765,0.5502365903971494,-0.00010221438963247823,40.5,22.86,0.4764973819255829,-0.3327433088168217,3.2,0.473782479763031,0.4046651422977447,0.0,11639.818110739
11639.827079799,0.4602075913620382,0.5488348400404613,0.013469849348708577,40.5,22.86,0.473782479763031,-0.10385448774679418,3.205,0.473782479763031,0.4046651422977447,0.0,11639.818110739
11639.831528952,0.45963624267055153,0.5490963787199679,-0.000460314684265974,40.5,22.68,0.473782479763031,-0.1343729972227905,3.21,0.473782479763031,0.4046651422977447,0.0,11639.818110739
11639.837189667,0.4592850260747055,0.5511437160895255,-0.01259694603342784,40.5,22.68,0.473782479763031,-0.027558214056803365,3.215,0.473782479763031,0.4046651422977447,0.0,11639.818110739
11639.841677253,0.4589692977672727,0.5556061022651856,-0.005251816889665131,40.5,22.5,0.473782479763031,-0.454817346720807,3.22,0.4657630026340484,0.4263402223587036,0.0,11639.83838382
11639.847080653,0.45846045743232217,0.5585503750678945,-0.010814726625969072,40.32,22.5,0.4657630026340484,0.09451582384718193,3.225,0.4657630026340484,0.4263402223587036,0.0,11639.83838382
11639.851405006,0.4581066566298515,0.5695687957359493,-0.0024277339655918375,40.32,22.32,0.4657630026340484,-0.27170628986482903,3.23,0.4657630026340484,0.4263402223587036,0.0,11639.83838382
11639.856916535,0.45760777680584186,0.5613318563764382,0.00021435174090828998,40.32,22.14,0.4657630026340484,-0.05807672353279969,3.235,0.4657630026340484,0.4263402223587036,0.0,11639.83838382
11639.86234928,0.45682315297412984,0.5523518558217947,-0.0024482326561243114,40.32,21.779999999999998,0.4657630026340484,-0.27170628986482903,3.24,0.5264742970466614,0.4997399747371673,0.0,11639.857867487
11639.866851458,0.45585922702570175,0.5526662518151733,0.006211901236645727,40.32,21.419999999999998,0.5264742970466614,-0.027558214056803365,3.245,0.5264742970466614,0.4997399747371673,0.0,11639.857867487
11639.871420037,0.4548918916289025,0.5462031286382725,-0.00612196762765206,40.32,21.24,0.5264742970466614,-0.08859523300879601,3.25,0.5264742970466614,0.4997399747371673,0.0,11639.857867487
11639.877044207,0.4533357155385869,0.5248965414158192,0.0015539320477276995,40.32,20.88,0.5264742970466614,-0.08859523300879601,3.255,0.5264742970466614,0.4997399747371673,0.0,11639.857867487
11639.881960596,0.4507942376294081,0.5192393197715423,-0.001917144685218416,40.32,20.52,0.5264742970466614,-0.180150761436785,3.2600000000000002,0.5473536252975464,0.5682970881462097,0.0,11639.878610939
11639.887355452,0.44717902709866686,0.5079752999179206,-0.007533652180256838,40.14,20.16,0.5473536252975464,-0.012298959318805203,3.265,0.5473536252975464,0.5682970881462097,0.0,11639.878610939
11639.891708317,0.44441425808570967,0.5040810990472695,-0.011374540950439941,40.14,19.8,0.5473536252975464,-0.27170628986482903,3.27,0.5473536252975464,0.5682970881462097,0.0,11639.878610939
11639.89712135,0.4422773552399403,0.500987727521495,-0.01362560958758623,40.14,19.439999999999998,0.5473536252975464,-0.25644703512683087,3.275,0.5473536252975464,0.5682970881462097,0.0,11639.878610939
11639.901557223,0.44225083700141543,0.5078650365680808,-0.012578295055741519,40.14,18.9,0.5473536252975464,-0.08859523300879601,3.2800000000000002,0.5394938588142395,0.6,0.0,11639.898319151
11639.907036433,0.44138989411942575,0.5007681602708091,-0.0025599670089137606,40.14,18.36,0.5394938588142395,-0.1343729972227905,3.285,0.5394938588142395,0.6,0.0,11639.898319151
11639.911406641,0.4411602949114755,0.48641656430039204,-0.006974159486493615,40.14,17.82,0.5394938588142395,-0.4090395825068125,3.29,0.5394938588142395,0.6,0.0,11639.898319151
11639.916971771,0.44279595670591754,0.5021601077608523,-0.005396138368374572,40.14,17.099999999999998,0.5394938588142395,-0.180150761436785,3.295,0.5394938588142395,0.6,0.0,11639.898319151
11639.921443005,0.4431904463637627,0.5105279046880368,-0.005891387336986909,40.14,16.56,0.5394938588142395,-0.3327433088168217,3.3000000000000003,0.5610485076904297,0.6,0.0,11639.918020259
11639.92691559,0.443758957884618,0.5017802557440881,-0.004355931456876335,40.14,15.84,0.5610485076904297,-0.05807672353279969,3.305,0.5610485076904297,0.6,0.0,11639.918020259
11639.93241752,0.4459848206110382,0.4910523218043715,-0.009101866394939097,40.14,15.12,0.5610485076904297,-0.21066927091278131,3.31,0.5610485076904297,0.6,0.0,11639.918020259
11639.936955698,0.4503206362489646,0.4925137746193629,-0.010594210963947645,40.14,14.399999999999999,0.5610485076904297,-0.012298959318805203,3.315,0.5610485076904297,0.6,0.0,11639.918020259
11639.941730646,0.45328024045482646,0.48550784243842937,-0.0006409472224209735,40.14,13.68,0.5610485076904297,-0.37852107303081617,3.3200000000000003,0.5822218060493469,0.6,0.0,11639.938294748
11639.947262239,0.4619590302738501,0.49289577297458015,-0.002648736986770585,39.96,13.139999999999999,0.5822218060493469,-0.27170628986482903,3.325,0.5822218060493469,0.6,0.0,11639.938294748
11639.951746177,0.4777686439007892,0.49314144035593305,0.003391768168290482,39.96,12.42,0.5822218060493469,-0.08859523300879601,3.33,0.5822218060493469,0.6,0.0,11639.938294748
11639.957385675,0.49096862150630594,0.49841224532476563,0.0035715140238541847,39.78,11.7,0.5822218060493469,-0.25644703512683087,3.335,0.5822218060493469,0.6,0.0,11639.938294748
11639.96191371,0.5018579400174427,0.49564945569900337,0.0013205772006467445,39.6,11.16,0.5822218060493469,-0.27170628986482903,3.34,0.5793331265449524,0.6,0.0,11639.958295218
11639.966425808,0.5159628722310399,0.48912419103625443,-0.00023387832844462995,39.24,10.62,0.5793331265449524,-0.2411877803888327,3.345,0.5793331265449524,0.6,0.0,11639.958295218
11639.972203963,0.5276081286341624,0.498571179824039,0.0012851639633873603,38.879999999999995,10.26,0.5793331265449524,-0.19541001617478315,3.35,0.5793331265449524,0.6,0.0,11639.958295218
11639.9765511,0.5368756666458258,0.5035339044675979,-0.003245794160245922,38.339999999999996,9.9,0.5793331265449524,-0.21066927091278131,3.355,0.5793331265449524,0.6,0.0,11639.958295218
11639.981452289,0.5475768142837376,0.5074512123907082,-0.0041147326394247626,37.8,9.719999999999999,0.5793331265449524,-0.11911374248479234,3.36,0.5819032192230225,0.6,0.0,11639.978149992
11639.987239852,0.5553115450662822,0.5077368433173369,-0.004549084449031366,37.08,9.719999999999999,0.5819032192230225,-0.30222479934082536,3.365,0.5819032192230225,0.6,0.0,11639.978149992
11639.99173947,0.5607292329052056,0.5078539864643926,0.004093573765984082,36.36,9.54,0.5819032192230225,-0.21066927091278131,3.37,0.5819032192230225,0.6,0.0,11639.978149992
11639.997243735,0.5676102045581356,0.5144270280682991,0.0012142604102474029,35.64,9.54,0.5819032192230225,-0.2869655446028272,3.375,0.5819032192230225,0.6,0.0,11639.978149992
11640.001887802,0.5730565444922314,0.5091874382259989,0.002252957373810387,34.92,9.36,0.5819032192230225,-0.2411877803888327,3.38,0.5896391868591309,0.587648868560791,0.0,11639.997856604
11640.006480253,0.5767125207999254,0.5166585882007374,0.0041579850648061495,34.56,9.0,0.5896391868591309,-0.3327433088168217,3.3850000000000002,0.5896391868591309,0.587648868560791,0.0,11639.997856604
11640.012028423,0.5811101997568595,0.5186462476305,-0.003958469240203216,34.199999999999996,8.28,0.5896391868591309,-0.07333597827079785,3.39,0.5896391868591309,0.587648868560791,0.0,11639.997856604
11640.0164162,0.5852708123778204,0.5323204014766736,1.5159326472207841e-05,34.019999999999996,7.199999999999999,0.5896391868591309,-0.14963225196078866,3.395,0.5896391868591309,0.587648868560791,0.0,11639.997856604
11640.022045618,0.588183623144813,0.5388725923804889,-0.0049138143855289775,34.019999999999996,5.76,0.5896391868591309,-0.05807672353279969,3.4,0.5839931964874268,0.5608366131782532,0.0,11640.018281142
11640.026445075,0.5907650814452892,0.5443601142188327,-0.009077330908874633,34.199999999999996,4.14,0.5839931964874268,-0.3327433088168217,3.4050000000000002,0.5839931964874268,0.5608366131782532,0.0,11640.018281142
11640.031958845,0.5934013249980503,0.5549627735188358,-0.005521093896227042,34.379999999999995,2.34,0.5839931964874268,0.04873805963318745,3.41,0.5839931964874268,0.5608366131782532,0.0,11640.018281142
11640.036500959,0.5954901578069552,0.5582887589154956,-0.005526179590033857,34.56,0.72,0.5839931964874268,-0.39378032776881433,3.415,0.5839931964874268,0.5608366131782532,0.0,11640.018281142
11640.042362027,0.5959979861369097,0.5623503472182575,-0.008918687325960996,34.379999999999995,0.0,0.5839931964874268,-0.180150761436785,3.42,0.5725166201591492,0.5285089015960693,0.0,11640.03797777
11640.046793068,0.5962469907766088,0.5740448917259058,-0.010693194516351439,34.199999999999996,0.36,0.5725166201591492,-0.27170628986482903,3.4250000000000003,0.5725166201591492,0.5285089015960693,0.0,11640.03797777
11640.052292534,0.5958455224591948,0.5676658845891214,-0.012784079543336617,34.019999999999996,0.72,0.5725166201591492,-0.3327433088168217,3.43,0.5725166201591492,0.5285089015960693,0.0,11640.03797777
11640.056843768,0.5943094459432637,0.5748505179978481,-0.007266953880483242,34.019999999999996,0.8999999999999999,0.5725166201591492,-0.08859523300879601,3.435,0.5725166201591492,0.5285089015960693,0.0,11640.03797777
11640.062451618,0.5936372457629011,0.5794328270638546,-0.008554370964054724,34.019999999999996,0.54,0.5725166201591492,-0.19541001617478315,3.44,0.5610706806182861,0.4901535212993622,0.0,11640.058070785
11640.066883972,0.5931272807711507,0.5764510595924113,-0.00892215409771028,34.379999999999995,0.0,0.5610706806182861,-0.4090395825068125,3.4450000000000003,0.5610706806182861,0.4901535212993622,0.0,11640.058070785
11640.071430054,0.5920553493641505,0.5790536205883423,-0.013278428200568645,34.379999999999995,0.0,0.5610706806182861,-0.07333597827079785,3.45,0.5610706806182861,0.4901535212993622,0.0,11640.058070785
11640.076437899,0.5908949812550097,0.5747636428609819,-0.012011996070015407,34.379999999999995,0.18,0.5610706806182861,-0.22592852565083454,3.455,0.5610706806182861,0.4901535212993622,0.0,11640.058070785
11640.081976181,0.5909885927557846,0.5673440407531716,-0.00991135912504401,34.56,0.36,0.5610706806182861,-0.14963225196078866,3.46,0.5453770160675049,0.4495336711406708,0.0,11640.078166552
11640.086506871,0.5901255728014837,0.5794299348476136,-0.011823837251590514,34.56,0.54,0.5453770160675049,-0.4853358561968033,3.465,0.5453770160675049,0.4495336711406708,0.0,11640.078166552
11640.092077313,0.5890637929419056,0.5815564175655495,-0.007668731418877218,34.56,0.54,0.5453770160675049,-0.10385448774679418,3.47,0.5453770160675049,0.4495336711406708,0.0,11640.078166552
11640.096470146,0.5888747387487964,0.5805466747872663,-0.011334913192094509,34.56,0.72,0.5453770160675049,-0.1343729972227905,3.475,0.5453770160675049,0.4495336711406708,0.0,11640.078166552
11640.102156525,0.5875412170262738,0.5873680226429798,-0.00021183380452404022,34.56,0.8999999999999999,0.5453770160675049,-0.10385448774679418,3.48,0.5251279473304749,0.4177570641040802,0.0,11640.097789356
11640.106775472,0.5859674611284377,0.5800646788660871,-0.007164127843517221,34.56,1.08,0.5251279473304749,-0.3327433088168217,3.485,0.5251279473304749,0.4177570641040802,0.0,11640.097789356
11640.112296025,0.5856233778719677,0.5745946862236968,-0.014338570359733406,34.379999999999995,1.26,0.5251279473304749,0.00296029541919296,3.49,0.5251279473304749,0.4177570641040802,0.0,11640.097789356
11640.116729531,0.5844657246104402,0.5735109152916384,-0.007506610363621801,34.379999999999995,1.26,0.5251279473304749,-0.2869655446028272,3.495,0.5251279473304749,0.4177570641040802,0.0,11640.097789356
11640.122449414,0.5792173419848704,0.5689279832289231,-0.005154194384987987,34.379999999999995,1.26,0.5251279473304749,-0.2411877803888327,3.5,0.5143758058547974,0.4000296890735626,0.0,11640.117936196
11640.126903303,0.5705851577232803,0.5671058609910464,-0.006181454357812505,34.56,0.8999999999999999,0.5143758058547974,-0.42429883724481066,3.505,0.5143758058547974,0.4000296890735626,0.0,11640.117936196
11640.132411377,0.5626914717561259,0.5633499788989322,-0.0010776670948320502,34.56,0.54,0.5143758058547974,0.09451582384718193,3.5100000000000002,0.5143758058547974,0.4000296890735626,0.0,11640.117936196
11640.136932403,0.5520787620039193,0.5553379894880422,-0.005675616528230351,34.74,0.18,0.5143758058547974,-0.05807672353279969,3.515,0.5143758058547974,0.4000296890735626,0.0,11640.117936196
11640.141783191,0.5341928325465553,0.569762380192542,0.009105560593443682,34.74,0.0,0.5143758058547974,0.00296029541919296,3.52,0.4113871157169342,0.5029170513153076,0.0,11640.138182012
11640.147418082,0.5203897817254505,0.5798621539463634,-0.004970113889812604,34.74,0.18,0.4113871157169342,-0.42429883724481066,3.525,0.4113871157169342,0.5029170513153076,0.0,11640.138182012
11640.151968996,0.5070638352388026,0.5795538686086577,-0.006851646250249131,34.92,0.18,0.4113871157169342,0.07925656910918377,3.5300000000000002,0.4113871157169342,0.5029170513153076,0.0,11640.138182012
11640.156583687,0.4915864473374722,0.5679391766833446,-0.01718398870966954,35.28,0.0,0.4113871157169342,-0.11911374248479234,3.535,0.4113871157169342,0.5029170513153076,0.0,11640.138182012
11640.162113936,0.47985165033948346,0.5641964381474419,-0.024434989408575414,35.64,0.0,0.4113871157169342,-0.2869655446028272,3.54,0.3075954616069793,0.5683682560920715,0.0,11640.158253331
11640.166536337,0.4718368320188189,0.5638389276093652,-0.029905688873774323,36.0,0.0,0.3075954616069793,-0.4090395825068125,3.545,0.3075954616069793,0.5683682560920715,0.0,11640.158253331
11640.172313565,0.46586087602073456,0.5628364091203027,-0.026895353724158407,36.54,0.0,0.3075954616069793,0.018219550157191122,3.5500000000000003,0.3075954616069793,0.5683682560920715,0.0,11640.158253331
11640.176823039,0.46173832444307294,0.5590340862029839,-0.017272427364729448,37.26,0.0,0.3075954616069793,-0.22592852565083454,3.555,0.3075954616069793,0.5683682560920715,0.0,11640.158253331
11640.182445065,0.4599871794484445,0.5661083157229545,-0.001892263126282811,37.98,0.0,0.3075954616069793,-0.16489150669878683,3.56,0.4748798906803131,0.3501735329627991,0.0,11640.177963176
11640.186947243,0.4594986573307853,0.5569222142198652,0.0071239461039513665,38.699999999999996,0.18,0.4748798906803131,-0.14963225196078866,3.565,0.4748798906803131,0.3501735329627991,0.0,11640.177963176
11640.191445357,0.4602824096693153,0.5492489767133614,-0.001355572217761856,39.42,0.18,0.4748798906803131,-0.16489150669878683,3.5700000000000003,0.4748798906803131,0.3501735329627991,0.0,11640.177963176
11640.196977783,0.46192953099233897,0.5344362224334893,-0.014314808279797614,39.96,0.36,0.4748798906803131,-0.3174840540788235,3.575,0.4748798906803131,0.3501735329627991,0.0,11640.177963176
11640.201466904,0.4645605490376574,0.5199387997959942,-0.0023938646852522364,40.14,0.8999999999999999,0.4748798906803131,-0.027558214056803365,3.58,0.4789302945137024,0.3619658052921295,0.0088892877101898,11640.198191232
11640.207018754,0.4660293332861427,0.5036506058442939,-0.002753777850520583,40.14,1.7999999999999998,0.4789302945137024,-0.5158543656727996,3.585,0.4789302945137024,0.3619658052921295,0.0088892877101898,11640.198191232
11640.211434883,0.46666934070511823,0.49086728287636405,0.0015410977630680568,39.96,3.2399999999999998,0.4789302945137024,-0.4090395825068125,3.59,0.4789302945137024,0.3619658052921295,0.0088892877101898,11640.198191232
11640.216962189,0.46657636876621283,0.47221159509177585,4.1092252606104314e-05,39.6,4.68,0.4789302945137024,-0.2869655446028272,3.595,0.4789302945137024,0.3619658052921295,0.0088892877101898,11640.198191232
11640.221430671,0.4658408070565753,0.46274795632967414,-0.005954741524201239,39.059999999999995,6.4799999999999995,0.4789302945137024,0.04873805963318745,3.6,0.2949175238609314,0.4998687207698822,0.0,11640.217733651
11640.226999481,0.46541416656851775,0.4578925682302863,-0.0040870287171993905,38.339999999999996,8.1,0.2949175238609314,-0.30222479934082536,3.605,0.2949175238609314,0.4998687207698822,0.0,11640.217733651
11640.231436826,0.46389755564588997,0.456293085721086,-0.004188305106491489,37.8,9.719999999999999,0.2949175238609314,-0.22592852565083454,3.61,0.2949175238609314,0.4998687207698822,0.0,11640.217733651
11640.237072996,0.46190601685359356,0.4537436175179291,-0.0010196599729964918,37.08,11.34,0.2949175238609314,-0.27170628986482903,3.615,0.2949175238609314,0.4998687207698822,0.0,11640.217733651
11640.241596934,0.4610395365759813,0.45289142386731596,2.2789055911822574e-05,36.54,12.78,0.2949175238609314,0.00296029541919296,3.62,0.337787926197052,0.5634799003601074,0.0,11640.237949035
11640.247134928,0.4594156507145542,0.45946144349094126,0.0016598771173526703,36.18,13.86,0.337787926197052,-0.3174840540788235,3.625,0.337787926197052,0.5634799003601074,0.0,11640.237949035
11640.251562609,0.4583522356943221,0.4601855497134365,-0.006066613288602833,36.0,14.76,0.337787926197052,0.07925656910918377,3.63,0.337787926197052,0.5634799003601074,0.0,11640.237949035
11640.257178012,0.45744499130845,0.46367352256404787,0.0012775343970473072,36.0,15.299999999999999,0.337787926197052,-0.16489150669878683,3.6350000000000002,0.337787926197052,0.5634799003601074,0.0,11640.237949035
11640.261695966,0.4565246531368495,0.44780558812002697,-0.00011073591015206883,36.0,15.66,0.337787926197052,-0.10385448774679418,3.64,0.5482833385467529,0.3997157514095306,0.1434884369373321,11640.258188867
11640.26728772,0.45726385592911484,0.44169064956797904,-0.003364524544878709,36.18,15.84,0.5482833385467529,-0.546372875148796,3.645,0.5482833385467529,0.3997157514095306,0.1434884369373321,11640.258188867
11640.271813066,0.45746570927766445,0.43075211191059587,-0.007217626253051133,36.18,16.02,0.5482833385467529,-0.08859523300879601,3.65,0.5482833385467529,0.3997157514095306,0.1434884369373321,11640.258188867
11640.27739538,0.45846592525225727,0.4238531706062786,-0.002680617039888294,36.18,16.38,0.5482833385467529,-0.11911374248479234,3.6550000000000002,0.5482833385467529,0.3997157514095306,0.1434884369373321,11640.258188867
11640.281871349,0.4598739970816267,0.41527839925208937,-0.002508781437838015,36.18,16.56,0.5482833385467529,-0.363261818292818,3.66,0.5145842432975769,0.5422951579093933,0.2077398300170898,11640.277740662
11640.287472576,0.4608065045936163,0.42009678132798417,-0.004044884807236509,36.18,16.919999999999998,0.5145842432975769,-0.27170628986482903,3.665,0.5145842432975769,0.5422951579093933,0.2077398300170898,11640.277740662
11640.291929441,0.4607662682775924,0.4057869636503568,-0.0038128564825976596,36.0,17.46,0.5145842432975769,0.07925656910918377,3.67,0.5145842432975769,0.5422951579093933,0.2077398300170898,11640.277740662
11640.296484739,0.4602307381462386,0.40146713850471566,-0.00842622832151288,36.0,17.64,0.5145842432975769,-0.454817346720807,3.6750000000000003,0.5145842432975769,0.5422951579093933,0.2077398300170898,11640.277740662
11640.302023821,0.460401885162717,0.3967534964990078,-0.008992160387034764,36.0,18.0,0.5145842432975769,-0.11911374248479234,3.68,0.444941759109497,0.6,0.0634475648403167,11640.297978735
11640.30661368,0.46020466090470985,0.40090504052441966,0.01654462249990329,35.82,18.0,0.444941759109497,-0.363261818292818,3.685,0.444941759109497,0.6,0.0634475648403167,11640.297978735
11640.312149561,0.4607306020807771,0.4083132150873246,0.0138109609047007,35.82,18.0,0.444941759109497,-0.180150761436785,3.69,0.444941759109497,0.6,0.0634475648403167,11640.297978735
11640.316568251,0.46154635018059303,0.41122413236305894,0.021817142855903058,36.0,18.0,0.444941759109497,-0.3327433088168217,3.6950000000000003,0.444941759109497,0.6,0.0634475648403167,11640.297978735
11640.3221329,0.4614949599747441,0.41416734757206713,0.051057061788165256,36.0,17.82,0.444941759109497,-0.012298959318805203,3.7,0.498076468706131,0.6,0.0637001395225524,11640.318255367
11640.326563078,0.46267422561368915,0.41467469572989846,0.07139219335721696,36.0,17.64,0.498076468706131,-0.42429883724481066,3.705,0.498076468706131,0.6,0.0637001395225524,11640.318255367
11640.332083919,0.46470575497040467,0.42617231969234515,0.09210148513028561,36.18,17.46,0.498076468706131,0.12503433332317826,3.71,0.498076468706131,0.6,0.0637001395225524,11640.318255367
11640.33664069,0.4657899378411152,0.4285460116409052,0.09278608424981842,36.18,17.28,0.498076468706131,-0.11911374248479234,3.715,0.498076468706131,0.6,0.0637001395225524,11640.318255367
11640.342512286,0.46840684983578545,0.42833070607129825,0.09497203504859231,36.18,17.099999999999998,0.498076468706131,-0.10385448774679418,3.72,0.6,0.6,0.068187691271305,11640.337821819
11640.346996288,0.47952969588023364,0.43072187833933584,0.09339726414036852,36.0,16.919999999999998,0.6,-0.1343729972227905,3.725,0.6,0.6,0.068187691271305,11640.337821819
11640.351434946,0.4932839048821222,0.43724246770859276,0.08917375756117743,36.0,16.74,0.6,-0.21066927091278131,3.73,0.6,0.6,0.068187691271305,11640.337821819
11640.357047116,0.5033133176570724,0.44046910679893536,0.09001589966905886,36.0,16.74,0.6,-0.11911374248479234,3.735,0.6,0.6,0.068187691271305,11640.337821819
11640.361507214,0.5146987161952551,0.43797392043405364,0.08874576916749947,35.82,16.56,0.6,-0.14963225196078866,3.74,0.6,0.6,0.0270109195262193,11640.357942707
11640.367030584,0.5283923709645285,0.45930083920773573,0.0968769101317402,35.82,16.38,0.6,-0.10385448774679418,3.745,0.6,0.6,0.0270109195262193,11640.357942707
11640.37156297,0.5376447919865834,0.4626709499405471,0.09788175353645966,35.82,16.02,0.6,-0.3174840540788235,3.75,0.6,0.6,0.0270109195262193,11640.357942707
11640.377108676,0.5474234301676963,0.4843355408939577,0.09234582863829761,35.82,15.479999999999999,0.6,-0.16489150669878683,3.755,0.6,0.6,0.0270109195262193,11640.357942707
11640.381557702,0.5570130827189759,0.49658251567144435,0.09541042356488462,35.82,14.94,0.6,-0.30222479934082536,3.7600000000000002,0.6,0.6,0.1864207983016967,11640.377958219
11640.387098416,0.5634327714444713,0.4965424072587133,0.09096586892061603,36.0,14.399999999999999,0.6,-0.34800256355481984,3.765,0.6,0.6,0.1864207983016967,11640.377958219
11640.391599986,0.5694167842716185,0.5149683642866306,0.09512618655693439,36.0,13.68,0.6,-0.22592852565083454,3.77,0.6,0.6,0.1864207983016967,11640.377958219
11640.397181372,0.5760057925968812,0.5230365406852802,0.09693854847186004,36.0,13.139999999999999,0.6,-0.3327433088168217,3.775,0.6,0.6,0.1864207983016967,11640.377958219
11640.401704126,0.5805211126785466,0.5415865652081494,0.09444392400413223,36.18,12.42,0.6,-0.27170628986482903,3.7800000000000002,0.6,0.6,0.4879142343997955,11640.39824026
11640.407423978,0.5840211266606025,0.5498959280313966,0.09613860674507739,36.18,11.879999999999999,0.6,-0.2869655446028272,3.785,0.6,0.6,0.4879142343997955,11640.39824026
11640.411918764,0.5877484138989216,0.5595723469827261,0.10007402620574801,36.18,11.34,0.6,-0.4090395825068125,3.79,0.6,0.6,0.4879142343997955,11640.39824026
11640.41745711,0.5905416162684911,0.5615866593276717,0.09480855106953906,36.0,10.62,0.6,-0.1343729972227905,3.795,0.6,0.6,0.4879142343997955,11640.39824026
11640.422168217,0.5929627561588738,0.563674465513609,0.10574666036826424,36.0,10.08,0.6,-0.1343729972227905,3.8000000000000003,0.4307568967342376,0.5798795223236084,0.5403040051460266,11640.417952953
11640.426598619,0.5955976031993571,0.5669000223904976,0.1023239575448231,36.0,9.36,0.4307568967342376,-0.05807672353279969,3.805,0.4307568967342376,0.5798795223236084,0.5403040051460266,11640.417952953
11640.432111685,0.5976125500700413,0.5674611079058647,0.11334860171884173,36.0,8.459999999999999,0.4307568967342376,-0.16489150669878683,3.81,0.4307568967342376,0.5798795223236084,0.5403040051460266,11640.417952953
11640.436700039,0.5994054559653118,0.5764420181586205,0.13661372361117877,36.0,7.739999999999999,0.4307568967342376,-0.16489150669878683,3.815,0.4307568967342376,0.5798795223236084,0.5403040051460266,11640.417952953
11640.442454483,0.6009685573661038,0.5728236921860556,0.15790523359925504,36.18,6.66,0.4307568967342376,-0.25644703512683087,3.8200000000000003,0.344241052865982,0.4959299862384796,0.6,11640.438245779
11640.446912789,0.6022869394765875,0.5768483979680592,0.1785649021210787,36.18,5.76,0.344241052865982,-0.04281746879480153,3.825,0.344241052865982,0.4959299862384796,0.6,11640.438245779
11640.451436567,0.6030332545015037,0.5846565232240667,0.20473445898053655,36.18,4.859999999999999,0.344241052865982,-0.2869655446028272,3.83,0.344241052865982,0.4959299862384796,0.6,11640.438245779
11640.457007489,0.6026250767713426,0.5756143003073287,0.22833592820348292,36.18,3.96,0.344241052865982,-0.05807672353279969,3.835,0.344241052865982,0.4959299862384796,0.6,11640.438245779
11640.461455619,0.6027560847413759,0.583954876917989,0.248911121323826,36.18,3.06,0.344241052865982,-0.2869655446028272,3.84,0.3447224795818329,0.6,0.6,11640.457836647
11640.466986765,0.602690600228073,0.5940840468884792,0.27255527977769073,36.0,1.98,0.3447224795818329,-0.180150761436785,3.845,0.3447224795818329,0.6,0.6,11640.457836647
11640.471674448,0.6008150544739246,0.5898140310054469,0.29616377473367445,36.0,1.08,0.3447224795818329,-0.39378032776881433,3.85,0.3447224795818329,0.6,0.6,11640.457836647
11640.477286939,0.6005937172138083,0.5947142219350923,0.31611600459826306,36.0,0.0,0.3447224795818329,-0.14963225196078866,3.855,0.3447224795818329,0.6,0.6,11640.457836647
11640.481732668,0.5998744855790923,0.5862192136885525,0.33732641696542764,35.64,0.0,0.3447224795818329,-0.25644703512683087,3.86,0.0276137180626392,0.6,0.6,11640.478193153
11640.487357287,0.5981420309748883,0.5827762139881,0.36044517773619633,35.64,0.18,0.0276137180626392,-0.27170628986482903,3.865,0.0276137180626392,0.6,0.6,11640.478193153
11640.491818793,0.5972346906139758,0.5751748513300333,0.3804966419244483,35.46,0.18,0.0276137180626392,-0.2411877803888327,3.87,0.0276137180626392,0.6,0.6,11640.478193153
11640.497398323,0.59683107942436,0.5698878821899056,0.401643785418316,35.46,0.0,0.0276137180626392,-0.180150761436785,3.875,0.0276137180626392,0.6,0.6,11640.478193153
11640.501901077,0.5967293396940145,0.544487742531459,0.42261354450368943,35.46,0.0,0.0276137180626392,-0.2869655446028272,3.88,0.0,0.6,0.6,11640.497885463
11640.507432639,0.5970192099932512,0.53088891498315,0.44096880310221137,35.46,0.0,0.0,0.07925656910918377,3.8850000000000002,0.0,0.6,0.6,11640.497885463
11640.511859136,0.5965193230754482,0.5136813881419431,0.4587476788438217,35.46,0.0,0.0,-0.363261818292818,3.89,0.0,0.6,0.6,11640.497885463
11640.517438891,0.5965418600811427,0.48682371472023467,0.4771197857882309,35.1,0.18,0.0,0.06399731437118561,3.895,0.0,0.6,0.6,11640.497885463
11640.521897964,0.5949711131158739,0.45972061711001605,0.491167353862569,34.92,0.18,0.0,-0.2411877803888327,3.9,0.0,0.6,0.6,11640.518088784
11640.52739647,0.5941171225926426,0.43935607701265633,0.5039072469436903,34.56,0.18,0.0,-0.19541001617478315,3.9050000000000002,0.0,0.6,0.6,11640.518088784
11640.5318366,0.5936214513704756,0.426161174306817,0.516046644500534,33.66,0.18,0.0,-0.4090395825068125,3.91,0.0,0.6,0.6,11640.518088784
11640.537498626,0.5919578862840913,0.392283565507646,0.5255272965453681,32.76,0.18,0.0,-0.012298959318805203,3.915,0.0,0.6,0.6,11640.518088784
11640.541968548,0.589767703879303,0.3642139406849304,0.5335395576560539,31.32,0.18,0.0,-0.14963225196078866,3.92,0.0,0.6,0.6,11640.537873541
11640.547494318,0.5871154285033943,0.3381965140026522,0.5425183334607497,29.7,0.18,0.0,-0.027558214056803365,3.9250000000000003,0.0,0.6,0.6,11640.537873541
11640.55192104,0.5844466854767039,0.3089646995784513,0.5487446423784258,27.72,0.18,0.0,-0.16489150669878683,3.93,0.0,0.6,0.6,11640.537873541
11640.556449778,0.5811244869687496,0.2824433360006662,0.5536667705103191,25.38,0.18,0.0,-0.04281746879480153,3.935,0.0,0.6,0.6,11640.537873541
11640.561976828,0.5777798874333802,0.25730470782251713,0.5592940660706756,22.86,0.0,0.0,-0.5005951109348015,3.94,0.0,0.6,0.6,11640.558057278
11640.567477573,0.5737569666235083,0.23767913087151848,0.5641637615307522,20.16,0.0,0.0,0.04873805963318745,3.9450000000000003,0.0,0.6,0.6,11640.558057278
11640.572073384,0.5693875208830652,0.21985068654949735,0.5679440342311902,17.099999999999998,0.0,0.0,-0.3327433088168217,3.95,0.0,0.6,0.6,11640.558057278
11640.57658449,0.5654001747440078,0.20513169457037195,0.5719019295467586,14.04,0.0,0.0,0.00296029541919296,3.955,0.0,0.6,0.6,11640.558057278
11640.5821165,0.5626918703827458,0.17318310285800304,0.5751985802080775,10.799999999999999,0.0,0.0,-0.4395580919828088,3.96,0.1153071001172065,0.3156832158565521,0.6,11640.578157974
11640.586542454,0.5624143088303414,0.1485591009995968,0.5773298236320117,7.56,0.0,0.1153071001172065,-0.1343729972227905,3.9650000000000003,0.1153071001172065,0.3156832158565521,0.6,11640.578157974
11640.592067264,0.5629846395435649,0.12195289465066494,0.5803237076101792,4.32,3.5999999999999996,0.1153071001172065,1.91036713766902,3.97,0.1153071001172065,0.3156832158565521,0.6,11640.578157974
11640.596554018,0.5646667356389136,0.11617069709968378,0.5840335962516976,2.16,8.459999999999999,0.1153071001172065,-0.7142246772667757,3.975,0.1153071001172065,0.3156832158565521,0.6,11640.578157974
11640.602287757,0.5695387984055739,0.11036704035353143,0.5877966344852912,1.08,9.719999999999999,0.1153071001172065,-1.1567430646687225,3.98,0.4425012767314911,0.3769088089466095,0.588478684425354,11640.597867756
11640.606731279,0.5742251558569692,0.09234888868628122,0.5903150270218144,0.8999999999999999,8.1,0.4425012767314911,-1.202520828882717,3.985,0.4425012767314911,0.3769088089466095,0.588478684425354,11640.597867756
11640.612236216,0.5774883799659322,0.08052374207439274,0.5905401638712835,1.44,7.38,0.4425012767314911,-0.42429883724481066,3.99,0.4425012767314911,0.3769088089466095,0.588478684425354,11640.597867756
11640.616737722,0.5775679019470348,0.060453539914522826,0.5909297770386606,2.52,6.4799999999999995,0.4425012767314911,-1.4771874141666839,3.995,0.4425012767314911,0.3769088089466095,0.588478684425354,11640.597867756
11640.62143171,0.5786336552316423,0.05950152404136705,0.5902860284138094,4.14,3.96,0.4425012767314911,-0.3327433088168217,4.0,0.1423941850662231,0.1854179799556732,0.5658708810806274,11640.618108805
11640.626945416,0.5799324488014179,0.04575186399213225,0.5882978032018314,5.9399999999999995,0.54,0.1423941850662231,11.630512405774127,4.005,0.1423941850662231,0.1854179799556732,0.5658708810806274,11640.618108805
11640.632445777,0.5795569091993871,0.06897478560241271,0.5860188412534284,7.02,0.18,0.1423941850662231,-1.7365947447126526,4.01,0.1423941850662231,0.1854179799556732,0.5658708810806274,11640.618108805
11640.6369901,0.5798242685785656,0.07500779646699823,0.5849064990841123,8.1,0.36,0.1423941850662231,-0.7600024414807702,4.015,0.1423941850662231,0.1854179799556732,0.5658708810806274,11640.618108805
11640.641665239,0.5798331281291954,0.08120023942872054,0.5837499193564796,9.0,0.18,0.1423941850662231,-0.5158543656727996,4.0200000000000005,0.0,0.0,0.5639222264289856,11640.638352062
11640.647166465,0.5726135533977821,0.10039762137220834,0.5831149830751801,9.54,0.18,0.0,0.2318491164891654,4.025,0.0,0.0,0.5639222264289856,11640.638352062
11640.651549378,0.5520499555295961,0.10856062965019729,0.5826478646592341,10.08,0.18,0.0,-0.3327433088168217,4.03,0.0,0.0,0.5639222264289856,11640.638352062
11640.657192749,0.5318326541798782,0.12001956444122701,0.5818977485129984,10.44,0.18,0.0,-0.027558214056803365,4.035,0.0,0.0,0.5639222264289856,11640.638352062
11640.661599758,0.5130220248755175,0.14138090995117944,0.5813106643539997,10.62,0.18,0.0,-0.39378032776881433,4.04,0.444460928440094,0.0,0.4306411147117615,11640.658009683
11640.667100088,0.4901708552349725,0.15078772708560134,0.5806204272788991,10.799999999999999,0.18,0.444460928440094,-0.10385448774679418,4.045,0.444460928440094,0.0,0.4306411147117615,11640.658009683
11640.671568346,0.46935821242037323,0.14623914722514642,0.5797048182426541,10.98,0.18,0.444460928440094,-0.180150761436785,4.05,0.444460928440094,0.0,0.4306411147117615,11640.658009683
11640.677096387,0.4508855858189936,0.1513139835594272,0.5795827124647523,11.16,0.18,0.444460928440094,-0.25644703512683087,4.055,0.444460928440094,0.0,0.4306411147117615,11640.658009683
11640.682003401,0.4300487354420187,0.15186387236179036,0.5790091102392184,11.16,0.18,0.444460928440094,-0.546372875148796,4.0600000000000005,0.6,0.1332567632198333,0.4608523845672607,11640.678405229
11640.686447466,0.40565691400747284,0.14729599830220236,0.5781254684077104,11.16,0.18,0.6,-0.07333597827079785,4.065,0.6,0.1332567632198333,0.4608523845672607,11640.678405229
11640.692087893,0.3786414906981572,0.1542872958484358,0.5780862263403893,11.16,0.18,0.6,-0.3174840540788235,4.07,0.6,0.1332567632198333,0.4608523845672607,11640.678405229
11640.696627767,0.3505588317231495,0.16719490169078835,0.5773910878318987,11.16,0.18,0.6,-0.05807672353279969,4.075,0.6,0.1332567632198333,0.4608523845672607,11640.678405229
11640.70144262,0.32227079383403684,0.17096776980506703,0.5752802889459689,11.16,0.18,0.6,-0.30222479934082536,4.08,0.3379162549972534,0.3066776394844055,0.0,11640.69808461
11640.707074694,0.2944399463637225,0.1890558511837221,0.5747209991600781,11.16,0.18,0.3379162549972534,-0.10385448774679418,4.085,0.3379162549972534,0.3066776394844055,0.0,11640.69808461
11640.71156212,0.26796132485424606,0.20680566639582368,0.5747096007584498,11.16,0.0,0.3379162549972534,-0.3174840540788235,4.09,0.3379162549972534,0.3066776394844055,0.0,11640.69808461
11640.717187859,0.24307234032907776,0.2225931232303824,0.572754141975155,11.34,0.0,0.3379162549972534,-0.2869655446028272,4.095,0.3379162549972534,0.3066776394844055,0.0,11640.69808461
11640.721781814,0.22231432530460926,0.25667877384230536,0.5715133528548323,11.7,0.0,0.3379162549972534,-0.25644703512683087,4.1,0.27820885181427,0.3217122554779053,0.126776784658432,11640.718178266
11640.727292607,0.20587450138538083,0.2767838547601857,0.571838047981286,12.42,0.0,0.27820885181427,-0.1343729972227905,4.105,0.27820885181427,0.3217122554779053,0.126776784658432,11640.718178266
11640.731716993,0.19549392049206502,0.30581564158103297,0.568202969747782,13.139999999999999,0.0,0.27820885181427,-0.47007660145880514,4.11,0.27820885181427,0.3217122554779053,0.126776784658432,11640.718178266
11640.737443852,0.19033069040143785,0.32586017095819375,0.554516891583784,14.399999999999999,0.0,0.27820885181427,-0.08859523300879601,4.115,0.27820885181427,0.3217122554779053,0.126776784658432,11640.718178266
11640.742054671,0.18885729870953633,0.34046607238572607,0.5367711379892468,15.66,0.0,0.27820885181427,-0.11911374248479234,4.12,0.6,0.5994776487350464,0.2908346652984619,11640.73825381
11640.746589394,0.18960757503596345,0.3431997407836608,0.5201953159261365,17.099999999999998,0.0,0.6,-0.04281746879480153,4.125,0.6,0.5994776487350464,0.2908346652984619,11640.73825381
11640.752203484,0.18967380129708253,0.339161196444179,0.4999601039478993,18.72,0.18,0.6,-0.14963225196078866,4.13,0.6,0.5994776487350464,0.2908346652984619,11640.73825381
11640.756857087,0.1932921599963062,0.3314564730401224,0.4795299337843455,20.34,0.18,0.6,-0.11911374248479234,4.135,0.6,0.5994776487350464,0.2908346652984619,11640.73825381
11640.761663364,0.20587598896617398,0.33518993881117853,0.46134407908507424,22.14,0.18,0.6,-0.11911374248479234,4.14,0.6,0.6,0.3908270299434662,11640.758291882
11640.76721403,0.22012993256471905,0.34289333347393836,0.44284615524277066,23.939999999999998,0.18,0.6,-0.16489150669878683,4.1450000000000005,0.6,0.6,0.3908270299434662,11640.758291882
11640.771794256,0.2317098727830006,0.35075116201529916,0.4235999092593234,25.919999999999998,0.18,0.6,-0.10385448774679418,4.15,0.6,0.6,0.3908270299434662,11640.758291882
11640.777410171,0.2508881387890337,0.36174604314478753,0.4076831983210007,27.9,0.18,0.6,-0.05807672353279969,4.155,0.6,0.6,0.3908270299434662,11640.758291882
11640.781854077,0.27464517333257765,0.36435765700094014,0.3922116324858179,29.88,0.18,0.6,-0.2411877803888327,4.16,0.341355413198471,0.5404348969459534,0.501955509185791,11640.778184961
11640.787409543,0.2980391053963013,0.36770563926512634,0.37951779739299485,31.86,0.18,0.341355413198471,-0.14963225196078866,4.165,0.341355413198471,0.5404348969459534,0.501955509185791,11640.778184961
11640.791849128,0.3215717839276331,0.3860337780082495,0.37030001478227825,34.019999999999996,0.18,0.341355413198471,-0.19541001617478315,4.17,0.341355413198471,0.5404348969459534,0.501955509185791,11640.778184961
11640.797404338,0.350667499903257,0.4078308662548229,0.3654395932299319,36.0,0.18,0.341355413198471,-0.07333597827079785,4.175,0.341355413198471,0.5404348969459534,0.501955509185791,11640.778184961
11640.801832148,0.37535102243628304,0.42975272003401876,0.3634158076048959,37.98,0.18,0.341355413198471,-0.4090395825068125,4.18,0.3468304574489593,0.6,0.4712260961532593,11640.797989783
11640.807356798,0.3983743715166685,0.4479947026506599,0.36219923483755284,39.78,0.36,0.3468304574489593,-0.34800256355481984,4.1850000000000005,0.3468304574489593,0.6,0.4712260961532593,11640.797989783
11640.811799647,0.42215117655759044,0.4632869850191236,0.36260459808083484,41.4,0.72,0.3468304574489593,-0.19541001617478315,4.19,0.3468304574489593,0.6,0.4712260961532593,11640.797989783
11640.817398058,0.44193564883449876,0.4646155850723117,0.3641248823761616,42.48,1.44,0.3468304574489593,-0.1343729972227905,4.195,0.3468304574489593,0.6,0.4712260961532593,11640.797989783
11640.821852971,0.45751810099524026,0.47340104474707145,0.36420197750766986,43.199999999999996,2.88,0.3468304574489593,-0.42429883724481066,4.2,0.3308191299438476,0.6,0.5392187833786011,11640.817924814
11640.827354613,0.47204311589053055,0.4765266221747607,0.3653138784070217,43.379999999999995,4.859999999999999,0.3308191299438476,-0.21066927091278131,4.205,0.3308191299438476,0.6,0.5392187833786011,11640.817924814
11640.831775895,0.48135540637740915,0.474543117524593,0.36949222277744204,43.379999999999995,7.38,0.3308191299438476,-0.42429883724481066,4.21,0.3308191299438476,0.6,0.5392187833786011,11640.817924814
11640.837476738,0.4894089923559627,0.4851561028461674,0.375072903940758,42.839999999999996,9.9,0.3308191299438476,-0.2869655446028272,4.215,0.3308191299438476,0.6,0.5392187833786011,11640.817924814
11640.842051492,0.500757643423968,0.47311949306825085,0.3812782984986451,42.12,12.24,0.3308191299438476,-0.454817346720807,4.22,0.0,0.6,0.6,11640.837996486
11640.846449318,0.5100964103005213,0.47564709393527455,0.39296522236144277,41.4,13.86,0.0,-0.546372875148796,4.225,0.0,0.6,0.6,11640.837996486
11640.852087536,0.5165511141933815,0.4721920813408837,0.4057538091850157,40.86,14.399999999999999,0.0,-0.10385448774679418,4.23,0.0,0.6,0.6,11640.837996486
11640.856694035,0.526621520922049,0.47145458759027153,0.4151152466007178,40.32,14.04,0.0,0.018219550157191122,4.235,0.0,0.6,0.6,11640.837996486
11640.862344382,0.5349408117919067,0.47162336986717196,0.42679090657355284,39.96,12.959999999999999,0.0,-0.30222479934082536,4.24,0.0,0.6,0.6,11640.858214015
11640.866829056,0.5409031744873067,0.4727456155219829,0.44156529648127385,39.42,10.98,0.0,-0.3174840540788235,4.245,0.0,0.6,0.6,11640.858214015
11640.872479851,0.5483856633133067,0.4697592173584174,0.45244776592356106,39.059999999999995,8.82,0.0,-0.027558214056803365,4.25,0.0,0.6,0.6,11640.858214015
11640.877025421,0.5550183906692404,0.4635926723225491,0.4639420992176204,38.339999999999996,6.12,0.0,-0.22592852565083454,4.255,0.0,0.6,0.6,11640.858214015
11640.881756593,0.5593887089630503,0.44468592007482854,0.4777469820051424,37.62,3.06,0.0,-0.012298959318805203,4.26,0.0,0.6,0.6,11640.878343287
11640.887405148,0.5643593006745954,0.4279252502353081,0.49009463389538144,36.36,0.18,0.0,-0.30222479934082536,4.265,0.0,0.6,0.6,11640.878343287
11640.891963518,0.567875453979955,0.39434511674862166,0.5021910564362686,33.48,0.54,0.0,-0.16489150669878683,4.2700000000000005,0.0,0.6,0.6,11640.878343287
11640.896480736,0.5688341172393375,0.3658258246269746,0.5167628472553337,30.599999999999998,1.26,0.0,-0.5005951109348015,4.275,0.0,0.6,0.6,11640.878343287
11640.902075435,0.5699746749149328,0.32694197055346985,0.5291253825914795,27.9,0.8999999999999999,0.0,-0.08859523300879601,4.28,0.0,0.5710880160331726,0.6,11640.89847752
11640.906674382,0.5726186033514793,0.30902984973244857,0.5378388092410911,24.48,0.36,0.0,-0.19541001617478315,4.285,0.0,0.5710880160331726,0.6,11640.89847752
11640.912237016,0.5737524652028205,0.2718153021051755,0.5474234571613589,20.7,0.18,0.0,-0.2411877803888327,4.29,0.0,0.5710880160331726,0.6,11640.89847752
11640.916736634,0.5746633274529515,0.23342290368936328,0.555429795334998,17.28,0.18,0.0,-0.30222479934082536,4.295,0.0,0.5710880160331726,0.6,11640.89847752
11640.921530014,0.5770503562143873,0.2164766447713086,0.5610735923361474,13.139999999999999,0.0,0.0,-0.2411877803888327,4.3,0.0006843209266662,0.5302046537399292,0.6,11640.9181025
11640.927095368,0.5790627980268609,0.20190900750902077,0.5666214549932058,9.0,0.0,0.0006843209266662,-0.5311136204107978,4.305,0.0006843209266662,0.5302046537399292,0.6,11640.9181025
11640.931530858,0.579255136450779,0.18845408396064336,0.5714749851239211,5.04,1.26,0.0006843209266662,49.015686513870676,4.3100000000000005,0.0006843209266662,0.5302046537399292,0.6,11640.9181025
11640.937140852,0.5791506281498536,0.17478922928637147,0.575375847098244,1.7999999999999998,8.82,0.0006843209266662,-1.7823725089266471,4.315,0.0006843209266662,0.5302046537399292,0.6,11640.9181025
11640.941622902,0.5788603562961472,0.1526269375440812,0.5826352540540584,-0.36,12.42,0.0006843209266662,-1.5077059236426802,4.32,0.2268626093864441,0.1916717588901519,0.6,11640.938106556
11640.947296769,0.5786574616193239,0.1354216973949921,0.5870813090349682,-0.8999999999999999,11.879999999999999,0.2268626093864441,1.2542191839350423,4.325,0.2268626093864441,0.1916717588901519,0.6,11640.938106556
11640.951741443,0.5779370409195658,0.11983306200724186,0.5888019731605529,-0.54,8.82,0.2268626093864441,31.33021027253031,4.33,0.2268626093864441,0.1916717588901519,0.6,11640.938106556
11640.957505263,0.5778283798659761,0.09762951957819853,0.5892563172420519,0.72,8.82,0.2268626093864441,2.1392559587389925,4.335,0.2268626093864441,0.1916717588901519,0.6,11640.938106556
11640.962081073,0.5774515674412268,0.09395610359814566,0.5899907708220938,2.52,6.66,0.2268626093864441,-1.7823725089266471,4.34,0.565788209438324,0.1937031894922256,0.6,11640.958104115
11640.966596627,0.5779345255227701,0.08932544456987498,0.587968779584922,4.68,3.06,0.565788209438324,-0.6379284035767849,4.345,0.565788209438324,0.1937031894922256,0.6,11640.958104115
11640.972271294,0.5788605358652804,0.07776414803195697,0.5862637952714383,6.66,-0.18,0.565788209438324,2.3071077608569723,4.3500000000000005,0.565788209438324,0.1937031894922256,0.6,11640.958104115
11640.976846657,0.5797134928217161,0.08543110294482696,0.5863314415213774,7.56,0.54,0.565788209438324,0.2776268807031599,4.355,0.565788209438324,0.1937031894922256,0.6,11640.958104115
11640.981791974,0.5788145414645851,0.07160441253027593,0.5880411947570421,8.64,0.54,0.565788209438324,-0.6379284035767849,4.36,0.3251861333847046,0.5618972182273865,0.4888355433940887,11640.978216299
11640.987523122,0.5783425151121439,0.06380481823629786,0.5899070264544319,9.54,0.0,0.3251861333847046,-0.47007660145880514,4.365,0.3251861333847046,0.5618972182273865,0.4888355433940887,11640.978216299
11640.992082324,0.5784530716966884,0.0850840940431702,0.592120328091484,9.9,0.18,0.3251861333847046,0.04873805963318745,4.37,0.3251861333847046,0.5618972182273865,0.4888355433940887,11640.978216299
11640.996516822,0.5748473720160686,0.11130911141886866,0.5939537735302541,10.44,0.18,0.3251861333847046,-0.34800256355481984,4.375,0.3251861333847046,0.5618972182273865,0.4888355433940887,11640.978216299
11641.002179041,0.5581337656515043,0.12780198838615106,0.5959159550371563,10.62,0.18,0.3251861333847046,-0.1343729972227905,4.38,0.0,0.2055194526910781,0.6,11640.998196899
11641.006755395,0.53963738141512,0.14645321051771923,0.5983314298227742,10.62,0.0,0.0,-0.6379284035767849,4.385,0.0,0.2055194526910781,0.6,11640.998196899
11641.012301741,0.5246365351996488,0.17374624916169162,0.6000177169778304,10.799999999999999,0.0,0.0,0.06399731437118561,4.39,0.0,0.2055194526910781,0.6,11640.998196899
11641.016725295,0.5137262432741545,0.21512880633092912,0.6003971756329907,10.98,0.0,0.0,-0.180150761436785,4.3950000000000005,0.0,0.2055194526910781,0.6,11640.998196899
11641.02165938,0.5066975796872901,0.22597465304420392,0.5993796500236366,10.98,0.0,0.0,0.14029358806117642,4.4,0.0519510097801685,0.0,0.5074996948242188,11641.018239738
11641.027212574,0.5005451519190893,0.26341454519273194,0.5991463640472943,11.16,0.0,0.0519510097801685,-0.19541001617478315,4.405,0.0519510097801685,0.0,0.5074996948242188,11641.018239738
11641.031700832,0.4872265905086486,0.27033951823578567,0.5996927169713889,11.52,0.0,0.0519510097801685,0.00296029541919296,4.41,0.0519510097801685,0.0,0.5074996948242188,11641.018239738
11641.037345323,0.4752715426378628,0.26751269125418714,0.5986678117754696,11.879999999999999,0.0,0.0519510097801685,-0.19541001617478315,4.415,0.0519510097801685,0.0,0.5074996948242188,11641.018239738
11641.041833613,0.46499670072894056,0.280383125548446,0.5984547577531039,12.24,0.0,0.0519510097801685,0.1097750785851801,4.42,0.4566048383712768,0.0,0.5036637187004089,11641.03822709
11641.047396727,0.45043454946198086,0.27686614131466947,0.5980670843610274,12.78,0.0,0.4566048383712768,-0.2411877803888327,4.425,0.4566048383712768,0.0,0.5036637187004089,11641.03822709
11641.051855129,0.4322422192621393,0.27672302029931917,0.5963391757364784,13.32,0.0,0.4566048383712768,0.04873805963318745,4.43,0.4566048383712768,0.0,0.5036637187004089,11641.03822709
11641.057487556,0.4165315274893393,0.27532034949486395,0.595810228523475,14.04,0.0,0.4566048383712768,-0.3327433088168217,4.4350000000000005,0.4566048383712768,0.0,0.5036637187004089,11641.03822709
11641.061971814,0.39871885641128224,0.26894108006369133,0.5963049341556556,14.58,0.0,0.4566048383712768,-0.2411877803888327,4.44,0.5769438743591309,0.2366112172603607,0.310680091381073,11641.05807812
11641.067511279,0.3783189534535705,0.2681027025154953,0.5942818378815027,15.299999999999999,0.0,0.5769438743591309,-0.19541001617478315,4.445,0.5769438743591309,0.2366112172603607,0.310680091381073,11641.05807812
11641.072085394,0.35391053955236007,0.2635836362308425,0.593471418804297,16.02,0.0,0.5769438743591309,-0.07333597827079785,4.45,0.5769438743591309,0.2366112172603607,0.310680091381073,11641.05807812
11641.0765221,0.32787292956848196,0.2613473782005052,0.5942492070341141,16.919999999999998,0.0,0.5769438743591309,-0.42429883724481066,4.455,0.5769438743591309,0.2366112172603607,0.310680091381073,11641.05807812
11641.082457697,0.30080051657427653,0.263662133733877,0.5924936199288612,17.64,0.0,0.5769438743591309,-0.08859523300879601,4.46,0.3451942801475525,0.4214252531528473,0.0,11641.078004095
11641.087009699,0.2752890650699096,0.26237093744226997,0.5887206775542764,18.36,0.0,0.3451942801475525,-0.2869655446028272,4.465,0.3451942801475525,0.4214252531528473,0.0,11641.078004095
11641.091501701,0.2497571698985443,0.2739529300790222,0.585692510515295,19.259999999999998,0.0,0.3451942801475525,-0.10385448774679418,4.47,0.3451942801475525,0.4214252531528473,0.0,11641.078004095
11641.097044879,0.22587721246802814,0.2802104613945113,0.5807067084930987,20.16,0.0,0.3451942801475525,-0.27170628986482903,4.4750000000000005,0.3451942801475525,0.4214252531528473,0.0,11641.078004095
11641.101649298,0.20496888607375677,0.29438602237786804,0.56513475368009,21.06,0.0,0.3451942801475525,-0.08859523300879601,4.48,0.291357547044754,0.3145793676376343,0.1657695472240448,11641.098314937
11641.107332093,0.19177986746353268,0.3161468635709854,0.5443836899806247,22.14,0.0,0.291357547044754,-0.47007660145880514,4.485,0.291357547044754,0.3145793676376343,0.1657695472240448,11641.098314937
11641.111806303,0.1885258761431985,0.34964499136901495,0.525547151327318,23.4,0.0,0.291357547044754,-0.180150761436785,4.49,0.291357547044754,0.3145793676376343,0.1657695472240448,11641.098314937
11641.117347401,0.1861941161300279,0.3664525950814233,0.5047407032279003,24.66,0.0,0.291357547044754,-0.180150761436785,4.495,0.291357547044754,0.3145793676376343,0.1657695472240448,11641.098314937
11641.121926827,0.18664260443381547,0.36963086095947617,0.4791811594225773,26.099999999999998,0.0,0.291357547044754,-0.34800256355481984,4.5,0.6,0.5419042110443115,0.26338791847229,11641.117927309
11641.127509846,0.197386089172717,0.3782489920099863,0.45389263431826693,27.72,0.0,0.6,-0.363261818292818,4.505,0.6,0.5419042110443115,0.26338791847229,11641.117927309
11641.131975064,0.21875367734325232,0.3729532889650015,0.4285272827909723,29.16,0.18,0.6,-0.04281746879480153,4.51,0.6,0.5419042110443115,0.26338791847229,11641.117927309
11641.136716539,0.23867554503628788,0.3805094410419057,0.4048987180418656,30.779999999999998,0.18,0.6,-0.25644703512683087,4.515,0.6,0.5419042110443115,0.26338791847229,11641.117927309
11641.142488775,0.25777909485630807,0.37617796293907396,0.3852321102325512,32.4,0.18,0.6,0.00296029541919296,4.5200000000000005,0.6,0.5889086723327637,0.5038310885429382,11641.137792868
11641.147006089,0.27497751928791125,0.3825966738114943,0.3679343953308676,34.019999999999996,0.18,0.6,-0.3327433088168217,4.525,0.6,0.5889086723327637,0.5038310885429382,11641.137792868
11641.151632108,0.28624904143689167,0.38202652635316664,0.3520133887865366,35.64,0.18,0.6,-0.16489150669878683,4.53,0.6,0.5889086723327637,0.5038310885429382,11641.137792868
11641.157393144,0.30067410518194904,0.3888481465187843,0.3391900371942949,37.26,0.18,0.6,-0.27170628986482903,4.535,0.6,0.5889086723327637,0.5038310885429382,11641.137792868
11641.161900314,0.3233973369082122,0.40063298578616025,0.3282061252123999,38.519999999999996,0.36,0.6,0.00296029541919296,4.54,0.3835465610027313,0.4685187041759491,0.5513700842857361,11641.157809787
11641.167485316,0.3474206934678784,0.41597745809237013,0.3192451610188252,39.78,0.72,0.3835465610027313,-0.22592852565083454,4.545,0.3835465610027313,0.4685187041759491,0.5513700842857361,11641.157809787
11641.171962438,0.3691114868367982,0.43380523190238507,0.3127173957422073,41.04,1.08,0.3835465610027313,-0.180150761436785,4.55,0.3835465610027313,0.4685187041759491,0.5513700842857361,11641.157809787
11641.177512112,0.39474453845029156,0.45160212623878754,0.3091096592471747,41.76,1.98,0.3835465610027313,-0.2411877803888327,4.555,0.3835465610027313,0.4685187041759491,0.5513700842857361,11641.157809787
11641.181984306,0.41779626043364365,0.46947207809813774,0.3094665274613488,42.12,3.2399999999999998,0.3835465610027313,-0.10385448774679418,4.5600000000000005,0.3489648103713989,0.5660383105278015,0.5061043500900269,11641.177811315
11641.187532508,0.4356691362332037,0.47974888089755785,0.31016619771715326,42.3,4.859999999999999,0.3489648103713989,-0.08859523300879601,4.565,0.3489648103713989,0.5660383105278015,0.5061043500900269,11641.177811315
11641.192022526,0.45226572568102363,0.4955370160952436,0.3107252740743764,42.3,6.84,0.3489648103713989,-0.16489150669878683,4.57,0.3489648103713989,0.5660383105278015,0.5061043500900269,11641.177811315
11641.19646352,0.4649757078404041,0.4990085534336653,0.31916207365576177,41.94,9.0,0.3489648103713989,-0.14963225196078866,4.575,0.3489648103713989,0.5660383105278015,0.5061043500900269,11641.177811315
11641.202289772,0.4722976950747722,0.5080177582175792,0.3373213471880028,41.58,10.799999999999999,0.3489648103713989,-0.19541001617478315,4.58,0.3332701325416565,0.6,0.5603136420249939,11641.197836746
11641.206722381,0.4767496031972838,0.5106475792882174,0.3572887644843379,41.4,12.24,0.3332701325416565,-0.04281746879480153,4.585,0.3332701325416565,0.6,0.5603136420249939,11641.197836746
11641.212274904,0.47912271719660293,0.5135762436060611,0.37839703614062525,41.4,12.78,0.3332701325416565,-0.30222479934082536,4.59,0.3332701325416565,0.6,0.5603136420249939,11641.197836746
11641.21684985,0.4811881381963955,0.5057951853132988,0.40028875817390963,41.58,12.24,0.3332701325416565,-0.16489150669878683,4.595,0.3332701325416565,0.6,0.5603136420249939,11641.197836746
11641.221518174,0.48663830530017566,0.5093468150253341,0.4165101444078494,41.76,10.98,0.3332701325416565,-0.25644703512683087,4.6000000000000005,0.0,0.6,0.5634405612945557,11641.218044643
11641.227124648,0.4932553316069886,0.5045787606511065,0.4304881995800949,42.12,9.36,0.0,-0.22592852565083454,4.605,0.0,0.6,0.5634405612945557,11641.218044643
11641.231620202,0.4979399365887305,0.5003215839397248,0.44385878432195913,42.3,7.199999999999999,0.0,-0.10385448774679418,4.61,0.0,0.6,0.5634405612945557,11641.218044643
11641.237315477,0.5058980417423569,0.5055989316067787,0.45316234679259276,42.3,4.859999999999999,0.0,-0.16489150669878683,4.615,0.0,0.6,0.5634405612945557,11641.218044643
11641.241869944,0.5156034177489827,0.49951309720908416,0.46162169162085953,42.3,2.34,0.0,-0.07333597827079785,4.62,0.0,0.6,0.6,11641.237976666
11641.247484898,0.5226737209710237,0.49086331803519084,0.47316299184594235,41.94,0.0,0.0,-0.3174840540788235,4.625,0.0,0.6,0.6,11641.237976666
11641.251975972,0.5291074948513237,0.4813075257821124,0.48392243848417016,39.96,0.54,0.0,-0.04281746879480153,4.63,0.0,0.6,0.6,11641.237976666
11641.256673832,0.5366449281266861,0.4708352681270833,0.4938294249877579,38.339999999999996,1.08,0.0,-0.08859523300879601,4.635,0.0,0.6,0.6,11641.237976666
11641.261719918,0.5418021724476871,0.45120633807330346,0.5050756652197387,36.54,0.8999999999999999,0.0,-0.34800256355481984,4.64,0.0,0.6,0.6,11641.258234355
11641.267309016,0.5468238729204546,0.41834664042333153,0.5138429713323912,34.379999999999995,0.54,0.0,-0.27170628986482903,4.6450000000000005,0.0,0.6,0.6,11641.258234355
11641.272035324,0.5535085382120558,0.39677399400076224,0.5191465168146917,32.04,0.0,0.0,-0.027558214056803365,4.65,0.0,0.6,0.6,11641.258234355
11641.27652019,0.5574363732332469,0.3695482851812999,0.5279356539028476,29.16,0.18,0.0,-0.04281746879480153,4.655,0.0,0.6,0.6,11641.258234355
11641.282097192,0.5603691532568558,0.34408155374796895,0.5365561477937077,26.279999999999998,0.0,0.0,-0.34800256355481984,4.66,0.0,0.5837621092796326,0.6,11641.278004041
11641.286685803,0.5648748799333078,0.30558773560937336,0.5427055600360338,23.04,0.18,0.0,-0.21066927091278131,4.665,0.0,0.5837621092796326,0.6,11641.278004041
11641.292298805,0.5679004022370234,0.2812454974069432,0.5492670008324051,19.62,0.0,0.0,-0.4853358561968033,4.67,0.0,0.5837621092796326,0.6,11641.278004041
11641.296847064,0.5704569088740066,0.25667566388071184,0.5557179194522683,16.02,0.0,0.0,0.06399731437118561,4.675,0.0,0.5837621092796326,0.6,11641.278004041
11641.301498491,0.5739363191981323,0.23270330883413742,0.5602755651811653,12.24,0.0,0.0,-0.34800256355481984,4.68,0.0144716268405318,0.6,0.6,11641.298112289
11641.307210022,0.577464456326772,0.20716066168408168,0.5646174235926248,8.459999999999999,0.0,0.0144716268405318,-0.10385448774679418,4.6850000000000005,0.0144716268405318,0.6,0.6,11641.298112289
11641.311774793,0.5798696502430138,0.19636731927530895,0.569581307077101,4.68,2.52,0.0144716268405318,17.123844111453575,4.69,0.0144716268405318,0.6,0.6,11641.298112289
11641.317376755,0.5827810649567867,0.17262025402707998,0.5741075873483954,1.7999999999999998,8.64,0.0144716268405318,-3.2472609637745258,4.695,0.0144716268405318,0.6,0.6,11641.298112289
11641.321999958,0.5856311727626939,0.15337140441722957,0.5806645187830637,0.18,11.34,0.0144716268405318,-0.9736320078127445,4.7,0.1994367390871048,0.2360593676567077,0.6,11641.317694998
11641.326489144,0.5884384416767645,0.1370564787662711,0.5848551656425598,-0.18,10.26,0.1994367390871048,1.4525894955290184,4.705,0.1994367390871048,0.2360593676567077,0.6,11641.317694998
11641.332078915,0.5912090961013924,0.11944276026083468,0.5864808588840581,0.36,8.459999999999999,0.1994367390871048,6.945921201208524,4.71,0.1994367390871048,0.2360593676567077,0.6,11641.317694998
11641.336622085,0.5945395854638663,0.1118114728592448,0.5866427615671352,1.7999999999999998,7.56,0.1994367390871048,-0.7142246772667757,4.715,0.1994367390871048,0.2360593676567077,0.6,11641.317694998
11641.342553714,0.5974781023951,0.10815822739023445,0.5872003511529875,3.5999999999999996,5.22,0.1994367390871048,-0.4395580919828088,4.72,0.5501734018325806,0.274013489484787,0.6,11641.337713005
11641.347077141,0.5991584644073954,0.08716541423934471,0.5855015931025032,5.3999999999999995,1.6199999999999999,0.5501734018325806,-0.07333597827079785,4.7250000000000005,0.5501734018325806,0.274013489484787,0.6,11641.337713005
11641.351504246,0.6002066868147067,0.0635770510366364,0.5840281452450796,6.66,0.0,0.5501734018325806,1.9256263924070183,4.73,0.5501734018325806,0.274013489484787,0.6,11641.337713005
11641.357356355,0.6015247330568646,0.06589881927856223,0.5851956855345357,7.38,0.72,0.5501734018325806,-0.05807672353279969,4.735,0.5501734018325806,0.274013489484787,0.6,11641.337713005
11641.361960518,0.6006865339798755,0.06938158569313395,0.587617183642404,8.1,0.54,0.5501734018325806,-0.5005951109348015,4.74,0.324702650308609,0.5284894704818726,0.4909800887107849,11641.357888295
11641.367534288,0.5992422480585599,0.058537472863097094,0.5895076340643918,8.459999999999999,0.0,0.324702650308609,-0.08859523300879601,4.745,0.324702650308609,0.5284894704818726,0.4909800887107849,11641.357888295
11641.372285045,0.5989723449514204,0.07568771097332469,0.5914296338583062,8.64,0.18,0.324702650308609,-0.4853358561968033,4.75,0.324702650308609,0.5284894704818726,0.4909800887107849,11641.357888295
11641.376876408,0.5968987268773132,0.09350247671570806,0.5936296408158485,8.64,0.0,0.324702650308609,-0.04281746879480153,4.755,0.324702650308609,0.5284894704818726,0.4909800887107849,11641.357888295
11641.382439106,0.5825035250802155,0.12115070203410304,0.5952404504244365,8.28,0.0,0.324702650308609,-0.39378032776881433,4.76,0.0,0.0975947007536888,0.6,11641.37770659
11641.386905828,0.5613339193027164,0.14449953884004024,0.5973165487235655,7.92,0.0,0.0,-0.27170628986482903,4.765,0.0,0.0975947007536888,0.6,11641.37770659
11641.392463214,0.5424486220715629,0.16289843934879422,0.5994267507906518,7.739999999999999,0.0,0.0,-0.027558214056803365,4.7700000000000005,0.0,0.0975947007536888,0.6,11641.37770659
11641.396925744,0.5273025118264372,0.19528836688781984,0.6003642641673315,7.56,0.0,0.0,-0.180150761436785,4.775,0.0,0.0975947007536888,0.6,11641.37770659
11641.402470939,0.5164205012954621,0.21710606206944522,0.6000396291087499,7.38,0.0,0.0,-0.22592852565083454,4.78,0.0571288205683231,0.0,0.5038790702819824,11641.397677814
11641.406941437,0.5094557069974937,0.24085101424188873,0.5995464384201181,7.38,0.0,0.0571288205683231,-0.25644703512683087,4.785,0.0571288205683231,0.0,0.5038790702819824,11641.397677814
11641.412515239,0.4969062824159775,0.2632646184820623,0.5999137014478735,7.38,0.0,0.0571288205683231,-0.10385448774679418,4.79,0.0571288205683231,0.0,0.5038790702819824,11641.397677814
11641.416973385,0.479490767763047,0.2726735144872093,0.5988464171439917,7.739999999999999,0.0,0.0571288205683231,0.1097750785851801,4.795,0.0571288205683231,0.0,0.5038790702819824,11641.397677814
11641.421505516,0.4617659263056096,0.26718887695313936,0.5986811634754021,8.1,0.0,0.0571288205683231,-0.39378032776881433,4.8,0.397842675447464,0.0,0.5018125772476196,11641.418037425
11641.42706399,0.4444247471844704,0.26399034321265685,0.5990425354413915,8.64,0.0,0.397842675447464,0.018219550157191122,4.805,0.397842675447464,0.0,0.5018125772476196,11641.418037425
11641.431609817,0.4244616839617536,0.265845897440756,0.597629346455537,9.36,0.0,0.397842675447464,-0.16489150669878683,4.8100000000000005,0.397842675447464,0.0,0.5018125772476196,11641.418037425
11641.437184803,0.40713628745934394,0.2656411945459103,0.5963866408863113,10.08,0.0,0.397842675447464,0.00296029541919296,4.815,0.397842675447464,0.0,0.5018125772476196,11641.418037425
11641.441631365,0.39033221182637,0.25955447584933844,0.5967332939101591,10.98,0.0,0.397842675447464,-0.47007660145880514,4.82,0.6,0.2043769806623459,0.3480432629585266,11641.438087498
11641.447161615,0.3726160171891312,0.2638150245988827,0.5949848845588344,11.879999999999999,0.0,0.6,-0.04281746879480153,4.825,0.6,0.2043769806623459,0.3480432629585266,11641.438087498
11641.451611281,0.34972101268705286,0.2572782228826272,0.5937432596496246,12.959999999999999,0.0,0.6,-0.3174840540788235,4.83,0.6,0.2043769806623459,0.3480432629585266,11641.438087498
11641.457174299,0.32596379476393805,0.25800877972149977,0.5941805414842597,14.04,0.0,0.6,0.1097750785851801,4.835,0.6,0.2043769806623459,0.3480432629585266,11641.438087498
11641.461614973,0.29972860631008513,0.2474008393150121,0.5935161958044396,15.12,0.0,0.6,-0.16489150669878683,4.84,0.4490975439548492,0.2911648750305176,0.0986671522259712,11641.458086274
11641.467157799,0.27471474722730066,0.25262770642416305,0.5891871620385536,16.2,0.0,0.4490975439548492,-0.30222479934082536,4.845,0.4490975439548492,0.2911648750305176,0.0986671522259712,11641.458086274
11641.471602697,0.24968098080367998,0.25937394232868316,0.5839403289021597,17.28,0.0,0.4490975439548492,-0.363261818292818,4.8500000000000005,0.4490975439548492,0.2911648750305176,0.0986671522259712,11641.458086274
11641.477167956,0.2264635759971491,0.27305112133280424,0.5789671851515813,18.36,0.0,0.4490975439548492,-0.027558214056803365,4.855,0.4490975439548492,0.2911648750305176,0.0986671522259712,11641.458086274
11641.481648214,0.204569203621008,0.29353860559665235,0.5669027911361698,19.62,0.0,0.4490975439548492,-0.2869655446028272,4.86,0.3916657567024231,0.3950970470905304,0.0,11641.478195163
11641.487233472,0.18796101190026,0.3151722575245017,0.5466235341674474,21.06,0.0,0.3916657567024231,-0.14963225196078866,4.865,0.3916657567024231,0.3950970470905304,0.0,11641.478195163
11641.491666114,0.18148036832623773,0.3406651015792623,0.5281910802037657,22.5,0.0,0.3916657567024231,-0.2869655446028272,4.87,0.3916657567024231,0.3950970470905304,0.0,11641.478195163
11641.497233964,0.17900330486526767,0.3729701274053781,0.5098969743175443,24.119999999999997,0.0,0.3916657567024231,-0.012298959318805203,4.875,0.3916657567024231,0.3950970470905304,0.0,11641.478195163
11641.501669934,0.17725564029478713,0.38749154498821964,0.48860674778100865,25.919999999999998,0.0,0.3916657567024231,-0.2869655446028272,4.88,0.4957170784473419,0.4098977446556091,0.0793163180351257,11641.497733136
11641.507221081,0.17993427465423428,0.40557378533597443,0.46944997723496223,27.9,0.0,0.4957170784473419,0.033478804895189285,4.885,0.4957170784473419,0.4098977446556091,0.0793163180351257,11641.497733136
11641.511645946,0.1887333243631167,0.4125057864153295,0.4515000689694575,29.88,0.0,0.4957170784473419,-0.14963225196078866,4.89,0.4957170784473419,0.4098977446556091,0.0793163180351257,11641.497733136
11641.517179652,0.1969164146220586,0.41699690607405776,0.4313062233102348,32.04,0.0,0.4957170784473419,-0.19541001617478315,4.8950000000000005,0.4957170784473419,0.4098977446556091,0.0793163180351257,11641.497733136
11641.521674983,0.20723047218697985,0.4167090711849835,0.40935802982364045,34.379999999999995,0.0,0.4957170784473419,-0.34800256355481984,4.9,0.6,0.4906270205974579,0.3244476020336151,11641.517705736
11641.527220113,0.22691715400253937,0.41146614772369255,0.38806086940343665,36.72,0.0,0.6,-0.19541001617478315,4.905,0.6,0.4906270205974579,0.3244476020336151,11641.517705736
11641.531643059,0.24806672682935454,0.40629095455401254,0.3659844270582237,38.879999999999995,0.18,0.6,-0.3174840540788235,4.91,0.6,0.4906270205974579,0.3244476020336151,11641.517705736
11641.537393438,0.2671638733519983,0.4104474658540892,0.34689264524916574,41.22,0.18,0.6,0.09451582384718193,4.915,0.6,0.4906270205974579,0.3244476020336151,11641.517705736
11641.541917857,0.2889440272751973,0.4128946723619446,0.3312035905911199,43.379999999999995,0.18,0.6,-0.22592852565083454,4.92,0.6,0.4958227276802063,0.5944454669952393,11641.537707745
11641.547453963,0.3092660510361039,0.4163786329064246,0.31618160137505613,45.18,0.72,0.6,-0.04281746879480153,4.925,0.6,0.4958227276802063,0.5944454669952393,11641.537707745
11641.551924429,0.3251066535013036,0.4303171925738706,0.3010953782638666,46.98,1.26,0.6,-0.22592852565083454,4.93,0.6,0.4958227276802063,0.5944454669952393,11641.537707745
11641.557744793,0.3446338647625368,0.45753921680776916,0.28962462162708646,48.239999999999995,2.34,0.6,-0.180150761436785,4.9350000000000005,0.6,0.4958227276802063,0.5944454669952393,11641.537707745
11641.56229638,0.3651950535533481,0.48186054611334883,0.28409671033457307,49.14,3.96,0.6,-0.37852107303081617,4.94,0.3198788166046142,0.5963322520256042,0.4695926010608673,11641.557814746
11641.566720254,0.3789507651255348,0.49426149989516294,0.28272805998196765,49.68,6.12,0.3198788166046142,-0.1343729972227905,4.945,0.3198788166046142,0.5963322520256042,0.4695926010608673,11641.557814746
11641.57226884,0.3938345145077542,0.5029626594038544,0.28122395298960806,49.86,8.82,0.3198788166046142,-0.30222479934082536,4.95,0.3198788166046142,0.5963322520256042,0.4695926010608673,11641.557814746
11641.576722538,0.40892603119814647,0.5074383905227984,0.28196310081396875,49.68,12.059999999999999,0.3198788166046142,-0.05807672353279969,4.955,0.3198788166046142,0.5963322520256042,0.4695926010608673,11641.557814746
11641.582287924,0.4186075737863886,0.5149514049185895,0.2872578986325272,49.14,15.299999999999999,0.3198788166046142,-0.22592852565083454,4.96,0.3572381734848022,0.6,0.6,11641.577792626
11641.586748886,0.4291194792930082,0.5241840743384019,0.29572090714856086,48.6,18.54,0.3572381734848022,-0.05807672353279969,4.965,0.3572381734848022,0.6,0.6,11641.577792626
11641.592291328,0.44004750004350945,0.5321312413573311,0.3075435975581955,48.059999999999995,21.419999999999998,0.3572381734848022,-0.19541001617478315,4.97,0.3572381734848022,0.6,0.6,11641.577792626
11641.596744578,0.4474905386934651,0.5315376416433232,0.3273114360888004,47.699999999999996,23.22,0.3572381734848022,-0.10385448774679418,4.9750000000000005,0.3572381734848022,0.6,0.6,11641.577792626
11641.602308717,0.455170387234823,0.5227637902069651,0.3484596445144418,47.699999999999996,23.759999999999998,0.3572381734848022,-0.27170628986482903,4.98,0.0399098396301269,0.6,0.6,11641.59778273
11641.606779983,0.4702623130645866,0.5197463254535226,0.365872463841028,47.699999999999996,23.22,0.0399098396301269,-0.027558214056803365,4.985,0.0399098396301269,0.6,0.6,11641.59778273
11641.612310969,0.48255101121385796,0.524727381828199,0.385457543472448,47.879999999999995,21.599999999999998,0.0399098396301269,-0.16489150669878683,4.99,0.0399098396301269,0.6,0.6,11641.59778273
11641.616732923,0.49282343791999944,0.5278550765146058,0.40398110511177765,48.239999999999995,19.259999999999998,0.0399098396301269,-0.16489150669878683,4.995,0.0399098396301269,0.6,0.6,11641.59778273
11641.622487238,0.5055702824527967,0.5328639328056908,0.4169640467071591,48.42,16.56,0.0399098396301269,-0.2411877803888327,5.0,0.0,0.6,0.6,11641.618068773
11641.626961289,0.5160043103010736,0.530020752498009,0.43225082104671153,48.42,13.139999999999999,0.0,-0.37852107303081617,5.005,0.0,0.6,0.6,11641.618068773
11641.632526131,0.5230549392379612,0.5185196326758298,0.4487056754847948,48.239999999999995,9.54,0.0,-0.04281746879480153,5.01,0.0,0.6,0.6,11641.618068773
11641.637003509,0.5327162371639493,0.5115436353608315,0.46159149241693403,47.879999999999995,5.76,0.0,-0.21066927091278131,5.015,0.0,0.6,0.6,11641.618068773
11641.641506103,0.5394204854060887,0.500863977235306,0.47501494390474697,46.98,1.98,0.0,-0.012298959318805203,5.0200000000000005,0.0,0.6,0.6,11641.638116574
11641.647062434,0.5437914271321748,0.4761890662920769,0.4892777915333608,45.18,-0.36,0.0,-0.14963225196078866,5.025,0.0,0.6,0.6,11641.638116574
11641.651493571,0.5482047481913227,0.45831285524948306,0.5019342372416175,42.3,0.18,0.0,0.018219550157191122,5.03,0.0,0.6,0.6,11641.638116574
11641.65704411,0.5513451828148241,0.4460653675736866,0.5151934584424884,39.059999999999995,1.26,0.0,-0.5158543656727996,5.035,0.0,0.6,0.6,11641.638116574
11641.661514192,0.5532961561677805,0.4267472589126247,0.5280657218307757,35.82,0.8999999999999999,0.0,-0.3174840540788235,5.04,0.0,0.6,0.6,11641.657726451
11641.66705113,0.5570504737852531,0.40429659563854337,0.5366398754913073,32.76,0.0,0.0,-0.19541001617478315,5.045,0.0,0.6,0.6,11641.657726451
11641.671508604,0.5607382049371665,0.37378687517896547,0.543800535546253,28.799999999999997,0.18,0.0,-0.16489150669878683,5.05,0.0,0.6,0.6,11641.657726451
11641.677048326,0.5626788131011963,0.33621511563547796,0.551845548689738,25.02,0.18,0.0,-0.3174840540788235,5.055,0.0,0.6,0.6,11641.657726451
11641.681518312,0.5657281904816133,0.30153542374084963,0.5576975065226246,20.88,0.0,0.0,-0.05807672353279969,5.0600000000000005,0.0,0.6,0.6,11641.677713291
11641.687059954,0.5696440247042477,0.28705611467437514,0.5620067844059569,16.56,0.0,0.0,-0.2869655446028272,5.065,0.0,0.6,0.6,11641.677713291
11641.691491604,0.5729117263416479,0.26609938063611166,0.5665651932621528,12.42,0.0,0.0,-0.04281746879480153,5.07,0.0,0.6,0.6,11641.677713291
11641.697131903,0.5760011587156239,0.2389927560670079,0.570207178033488,8.1,0.0,0.0,-0.16489150669878683,5.075,0.0,0.6,0.6,11641.677713291
11641.701566305,0.5795925424997316,0.21768330289653487,0.5730022799634703,3.78,4.5,0.0,1.5288857692190092,5.08,0.125737190246582,0.2449908703565597,0.6,11641.697999526
11641.707206092,0.5832744785144804,0.19526276901612882,0.5782881756693897,0.8999999999999999,10.62,0.125737190246582,-1.110965300454728,5.085,0.125737190246582,0.2449908703565597,0.6,11641.697999526
11641.711629422,0.5865759031185618,0.1668444586996683,0.5846928192667411,-0.36,12.78,0.125737190246582,-1.2635578478347096,5.09,0.125737190246582,0.2449908703565597,0.6,11641.697999526
11641.71717132,0.5901180338389005,0.1437279057255904,0.5880552836777007,-0.54,11.16,0.125737190246582,-0.04281746879480153,5.095,0.125737190246582,0.2449908703565597,0.6,11641.697999526
11641.72164281,0.5936655655098975,0.12823268616589054,0.5892421158947414,0.18,8.64,0.125737190246582,11.981475264748084,5.1000000000000005,0.4512200355529785,0.4288062751293182,0.6,11641.718193696
11641.727181444,0.5959116872488706,0.11333238599786942,0.589144403257552,1.98,7.56,0.4512200355529785,-0.6379284035767849,5.105,0.4512200355529785,0.4288062751293182,0.6,11641.718193696
11641.731633446,0.596278411521802,0.10123775842458779,0.588346930911981,3.96,5.04,0.4512200355529785,0.46073793755913783,5.11,0.4512200355529785,0.4288062751293182,0.6,11641.718193696
11641.737173968,0.5970976693443295,0.08416401610202166,0.5868622813522003,6.12,1.26,0.4512200355529785,7.373180333872472,5.115,0.4512200355529785,0.4288062751293182,0.6,11641.718193696
11641.74164437,0.5982789570818726,0.09471110177457408,0.5851629834477571,7.02,0.0,0.4512200355529785,0.2623676259651617,5.12,0.134478211402893,0.1597735434770584,0.5252403020858765,11641.738060439
11641.747182204,0.5962433159545121,0.10512783865594079,0.5855506124234077,7.38,1.26,0.134478211402893,-0.8057802056947647,5.125,0.134478211402893,0.1597735434770584,0.5252403020858765,11641.738060439
11641.751636094,0.5933138060185457,0.10089372285704708,0.587562410040082,7.92,1.44,0.134478211402893,-0.7447431867427721,5.13,0.134478211402893,0.1597735434770584,0.5252403020858765,11641.738060439
11641.757306793,0.5892274760391187,0.11186520932364295,0.5893678717503031,8.28,0.18,0.134478211402893,-0.6684469130527813,5.135,0.134478211402893,0.1597735434770584,0.5252403020858765,11641.738060439
11641.762487057,0.5760214858252863,0.113904634586304,0.5906536693778854,8.1,0.18,0.134478211402893,-0.3174840540788235,5.14,0.0,0.0,0.5542770624160767,11641.758255825
11641.767009555,0.5562104988529522,0.12225833250611555,0.5911430578100668,8.459999999999999,0.18,0.0,-0.5616321298867941,5.1450000000000005,0.0,0.0,0.5542770624160767,11641.758255825
11641.771748855,0.5402430679983965,0.13120246123927293,0.590992516078577,8.28,0.0,0.0,-0.05807672353279969,5.15,0.0,0.0,0.5542770624160767,11641.758255825
11641.777353634,0.5243964202621387,0.1461793111940465,0.5906110554745323,7.92,0.0,0.0,0.04873805963318745,5.155,0.0,0.0,0.5542770624160767,11641.758255825
11641.781896005,0.502671890282502,0.14220939075009273,0.5898189262518961,7.739999999999999,0.0,0.0,-0.454817346720807,5.16,0.3902832865715027,0.0,0.3911106586456299,11641.777965575
11641.78656724,0.4824775466463007,0.15597758980865437,0.5886559564880292,7.56,0.0,0.3902832865715027,-0.546372875148796,5.165,0.3902832865715027,0.0,0.3911106586456299,11641.777965575
11641.79226594,0.46329232169053564,0.15858498539595575,0.5887380880443549,7.38,0.0,0.3902832865715027,0.8727378154850882,5.17,0.3902832865715027,0.0,0.3911106586456299,11641.777965575
11641.79676943,0.44135474663867,0.16127016232132782,0.587984401544734,7.199999999999999,0.0,0.3902832865715027,0.033478804895189285,5.175,0.3902832865715027,0.0,0.3911106586456299,11641.777965575
11641.802380353,0.4151879155649347,0.16708706503470694,0.5865601342048241,7.199999999999999,0.0,0.3902832865715027,-0.2869655446028272,5.18,0.6,0.1816580593585968,0.4295834600925445,11641.797763582
11641.806946916,0.3870692442819584,0.16966721934894316,0.5865877745481234,7.02,0.0,0.6,-0.39378032776881433,5.1850000000000005,0.6,0.1816580593585968,0.4295834600925445,11641.797763582
11641.812527054,0.3570575351006412,0.17125603239876902,0.58624869106641,7.02,0.0,0.6,-0.3174840540788235,5.19,0.6,0.1816580593585968,0.4295834600925445,11641.797763582
11641.817012528,0.32813921694518855,0.17769378488335344,0.5835064454885582,7.02,0.0,0.6,-0.6531876583147831,5.195,0.6,0.1816580593585968,0.4295834600925445,11641.797763582
11641.821573587,0.2992155029680157,0.18458476762514484,0.5826177770437815,7.199999999999999,0.0,0.6,-0.19541001617478315,5.2,0.4149098694324493,0.4325239658355713,0.0,11641.818113049
11641.827298047,0.2721380725529732,0.17757855240961087,0.5825813134469257,7.199999999999999,0.0,0.4149098694324493,-0.4853358561968033,5.205,0.4149098694324493,0.4325239658355713,0.0,11641.818113049
11641.831784961,0.24550224118478864,0.1806979261258129,0.5780895582043512,7.56,0.0,0.4149098694324493,-0.04281746879480153,5.21,0.4149098694324493,0.4325239658355713,0.0,11641.818113049
11641.837480268,0.2212372918644137,0.18723771448250648,0.5687209446041344,7.92,0.0,0.4149098694324493,-0.37852107303081617,5.215,0.4149098694324493,0.4325239658355713,0.0,11641.818113049
11641.842016367,0.19868299319239993,0.2170651988823454,0.5596962170016104,8.459999999999999,0.0,0.4149098694324493,-0.012298959318805203,5.22,0.2562100887298584,0.3622290194034576,0.1763819307088852,11641.837900303
11641.846513841,0.1788154905619817,0.2460455912589215,0.5473411954369323,9.0,0.0,0.2562100887298584,0.41496017334514335,5.2250000000000005,0.2562100887298584,0.3622290194034576,0.1763819307088852,11641.837900303
11641.852190492,0.1630363833848707,0.27633818088523027,0.5281234727227482,10.08,0.0,0.2562100887298584,0.00296029541919296,5.23,0.2562100887298584,0.3622290194034576,0.1763819307088852,11641.837900303
11641.856696094,0.15555537094744576,0.29097557354850745,0.5089608141823713,11.16,0.0,0.2562100887298584,-0.47007660145880514,5.235,0.2562100887298584,0.3622290194034576,0.1763819307088852,11641.837900303
11641.862499915,0.16009294728214796,0.31287683238431263,0.4904561252117768,12.42,0.0,0.2562100887298584,-0.11911374248479234,5.24,0.6,0.5900939106941223,0.0006361842388287,11641.858016009
11641.866971821,0.1692857711650839,0.3275975540362681,0.4687165522327125,14.04,0.0,0.6,-0.22592852565083454,5.245,0.6,0.5900939106941223,0.0006361842388287,11641.858016009
11641.872538743,0.18260731622319304,0.3374163006826623,0.444111003397208,15.84,0.0,0.6,-0.3327433088168217,5.25,0.6,0.5900939106941223,0.0006361842388287,11641.858016009
11641.877007577,0.2032032872594501,0.33425388688923546,0.4203485053492325,17.64,0.0,0.6,-0.25644703512683087,5.255,0.6,0.5900939106941223,0.0006361842388287,11641.858016009
11641.881654717,0.22674248258850718,0.33810608468848186,0.39627838959202366,19.62,0.0,0.6,-0.14963225196078866,5.26,0.6,0.6,0.2004548758268356,11641.878097282
11641.887245607,0.2457079399447924,0.33644456180731647,0.3752588615404355,21.599999999999998,0.0,0.6,-0.3327433088168217,5.265,0.6,0.6,0.2004548758268356,11641.878097282
11641.891683305,0.26934523293662227,0.33931471567936045,0.3574976347692252,23.759999999999998,0.0,0.6,-0.27170628986482903,5.2700000000000005,0.6,0.6,0.2004548758268356,11641.878097282
11641.897266324,0.2942462894032282,0.3378630041567478,0.3411635358090257,25.74,0.18,0.6,-0.10385448774679418,5.275,0.6,0.6,0.2004548758268356,11641.878097282
11641.901791382,0.3172771826281741,0.3405823150489359,0.32276040565713104,27.9,0.18,0.6,-0.14963225196078866,5.28,0.6,0.6,0.4111967384815216,11641.897861496
11641.907438113,0.34017254043647,0.356503346733129,0.3061944355260664,30.06,0.18,0.6,-0.25644703512683087,5.285,0.6,0.6,0.4111967384815216,11641.897861496
11641.911907811,0.36777650389551025,0.37723122456887104,0.28890886559479034,32.04,0.18,0.6,-0.07333597827079785,5.29,0.6,0.6,0.4111967384815216,11641.897861496
11641.917445837,0.3909635421118689,0.3966763499504625,0.27443371045590803,34.019999999999996,0.36,0.6,-0.22592852565083454,5.295,0.6,0.6,0.4111967384815216,11641.897861496
11641.922079313,0.41295935646999465,0.4165798543121933,0.26337284871674255,35.82,0.72,0.6,-0.07333597827079785,5.3,0.388472706079483,0.6,0.4332412779331207,11641.918007762
11641.926616211,0.4354129668709756,0.43217982188507836,0.25520559255310216,37.26,1.44,0.388472706079483,-0.454817346720807,5.305,0.388472706079483,0.6,0.4332412779331207,11641.918007762
11641.932161789,0.45260744936973224,0.4460489573423734,0.24977966458051404,38.339999999999996,2.52,0.388472706079483,0.17081209753717275,5.3100000000000005,0.388472706079483,0.6,0.4332412779331207,11641.918007762
11641.936891073,0.4677753559656864,0.47011138242808065,0.2459074079477733,39.24,3.96,0.388472706079483,-0.1343729972227905,5.315,0.388472706079483,0.6,0.4332412779331207,11641.918007762
11641.941699526,0.4833509195703264,0.48812234153476586,0.24472628471969704,39.6,5.9399999999999995,0.388472706079483,0.04873805963318745,5.32,0.3818012773990631,0.4907213747501373,0.6,11641.938273004
11641.947407473,0.4946917939028867,0.49129934395049873,0.24544095148338493,39.78,8.459999999999999,0.3818012773990631,-0.47007660145880514,5.325,0.3818012773990631,0.4907213747501373,0.6,11641.938273004
11641.952023029,0.5036817138043359,0.5098725236411302,0.2458635730604919,39.6,11.52,0.3818012773990631,0.018219550157191122,5.33,0.3818012773990631,0.4907213747501373,0.6,11641.938273004
11641.956685208,0.5140717536864738,0.5116958729370743,0.24802650466418658,39.059999999999995,14.76,0.3818012773990631,-0.30222479934082536,5.335,0.3818012773990631,0.4907213747501373,0.6,11641.938273004
11641.962468516,0.5218803272036304,0.5098478423071918,0.26008931916592637,38.519999999999996,18.0,0.3818012773990631,0.018219550157191122,5.34,0.3366332054138183,0.6,0.6,11641.958032642
11641.966938566,0.5270885322546441,0.5104421336900237,0.278533505442921,37.8,20.88,0.3366332054138183,-0.05807672353279969,5.345,0.3366332054138183,0.6,0.6,11641.958032642
11641.971666794,0.5315084006420394,0.5066267797616429,0.29598036421073426,37.44,23.4,0.3366332054138183,-0.07333597827079785,5.3500000000000005,0.3366332054138183,0.6,0.6,11641.958032642
11641.977304309,0.5345068130035866,0.5084800695667793,0.317764027479661,37.08,24.84,0.3366332054138183,-0.30222479934082536,5.355,0.3366332054138183,0.6,0.6,11641.958032642
11641.981848248,0.5357182120920332,0.5042701079243507,0.34390509100243233,37.08,25.02,0.3366332054138183,-0.11911374248479234,5.36,0.0491925366222858,0.6,0.6,11641.978306301
11641.987652836,0.5359170435150257,0.5047263663801284,0.36637299884440205,37.44,23.939999999999998,0.0491925366222858,-0.19541001617478315,5.365,0.0491925366222858,0.6,0.6,11641.978306301
11641.992207815,0.5363776939210277,0.5066915540961925,0.3869369700135931,37.98,21.779999999999998,0.0491925366222858,-0.30222479934082536,5.37,0.0491925366222858,0.6,0.6,11641.978306301
11641.996685737,0.5366182754182095,0.5062226586585976,0.4100555980897899,38.519999999999996,18.9,0.0491925366222858,-0.2411877803888327,5.375,0.0491925366222858,0.6,0.6,11641.978306301
11642.002500469,0.53746534294796,0.5077918742224393,0.42862748473196455,38.879999999999995,15.299999999999999,0.0491925366222858,-0.19541001617478315,5.38,0.0,0.6,0.6,11641.998386134
11642.007011479,0.5376546556346014,0.5016394221219346,0.44547140903755095,39.059999999999995,11.52,0.0,-0.2869655446028272,5.385,0.0,0.6,0.6,11641.998386134
11642.011533402,0.538665052001867,0.5021115732944076,0.4620769043572526,39.059999999999995,7.199999999999999,0.0,-0.30222479934082536,5.39,0.0,0.6,0.6,11641.998386134
11642.017598344,0.5413013229706576,0.48502341623045075,0.47638045675579094,38.879999999999995,3.06,0.0,-0.34800256355481984,5.3950000000000005,0.0,0.6,0.6,11641.998386134
11642.02231358,0.5453816550154215,0.4793981828057098,0.48814099361473506,38.16,-0.36,0.0,-0.3174840540788235,5.4,0.0,0.6,0.6,11642.018142796
11642.027037616,0.5463175319581692,0.4534272421723779,0.5035463292213562,35.28,0.18,0.0,0.06399731437118561,5.405,0.0,0.6,0.6,11642.018142796
11642.031539666,0.5476296568201668,0.4355594735658574,0.5168143712522002,32.58,1.44,0.0,-0.5921506393627904,5.41,0.0,0.6,0.6,11642.018142796
11642.037258622,0.5518922193224416,0.4210732647437546,0.5271820506256502,30.06,0.72,0.0,0.033478804895189285,5.415,0.0,0.6,0.6,11642.018142796
11642.041957026,0.5548625120386194,0.4068272449755196,0.53753572457246,27.54,-0.36,0.0,-0.22592852565083454,5.42,0.0,0.6,0.6,11642.038491815
11642.047521132,0.5583104593197008,0.3822051957729202,0.5456003276492044,24.3,0.0,0.0,-0.19541001617478315,5.425,0.0,0.6,0.6,11642.038491815
11642.052108975,0.5631954511988878,0.3547422175537675,0.5509006157382962,21.419999999999998,0.0,0.0,-0.42429883724481066,5.43,0.0,0.6,0.6,11642.038491815
11642.056788307,0.566786320355457,0.31714473407280497,0.5572807475482124,18.0,0.0,0.0,-0.19541001617478315,5.4350000000000005,0.0,0.6,0.6,11642.038491815
11642.061652824,0.5697462698497705,0.2883077369072601,0.562416361975254,14.76,0.0,0.0,-0.08859523300879601,5.44,0.0,0.6,0.6,11642.05826067
11642.067254242,0.574392857478885,0.2695621273080594,0.5657275020409117,11.7,0.0,0.0,-0.25644703512683087,5.445,0.0,0.6,0.6,11642.05826067
11642.07189943,0.5781751468114007,0.24345123414524902,0.569563446825467,8.28,0.0,0.0,-0.3174840540788235,5.45,0.0,0.6,0.6,11642.05826067
11642.077465136,0.5813207483246328,0.2222455345859791,0.5729363053997372,4.859999999999999,1.7999999999999998,0.0,19.092287972655395,5.455,0.0,0.6,0.6,11642.05826067
11642.082015475,0.5848899609735095,0.2094046100885357,0.5764032429776881,2.6999999999999997,7.199999999999999,0.0,0.9337748344370809,5.46,0.109003871679306,0.3137313723564148,0.6,11642.077877875
11642.086665142,0.5884222783135867,0.17669527890852738,0.581801419170023,1.44,9.0,0.109003871679306,-0.9431134983367482,5.465,0.109003871679306,0.3137313723564148,0.6,11642.077877875
11642.092266753,0.591059503120047,0.15493565407933071,0.5852888203780328,1.26,7.38,0.109003871679306,-0.8973357341227537,5.47,0.109003871679306,0.3137313723564148,0.6,11642.077877875
11642.096695267,0.5947442292323185,0.14126271350996802,0.5860246882205824,1.7999999999999998,6.4799999999999995,0.109003871679306,-0.6531876583147831,5.4750000000000005,0.109003871679306,0.3137313723564148,0.6,11642.077877875
11642.101554792,0.5983964231909761,0.1313002592372301,0.5866958414268908,3.06,5.58,0.109003871679306,-0.8668172246467574,5.48,0.4482743442058563,0.3811968564987182,0.5959140062332153,11642.09822219
11642.107397844,0.6011629898060733,0.12290002648557383,0.5867776566805709,4.68,2.88,0.4482743442058563,0.00296029541919296,5.485,0.4482743442058563,0.3811968564987182,0.5959140062332153,11642.09822219
11642.111944759,0.6019665460244218,0.11001587095142674,0.5846664314984681,6.3,0.18,0.4482743442058563,11.12695699942013,5.49,0.4482743442058563,0.3811968564987182,0.5959140062332153,11642.09822219
11642.11659401,0.6019621369073205,0.08846785422119462,0.5848099158991646,7.199999999999999,0.36,0.4482743442058563,0.7048860133671084,5.495,0.4482743442058563,0.3811968564987182,0.5959140062332153,11642.09822219
11642.122474599,0.6027176421357312,0.09305225159748257,0.5864499926606057,8.1,0.18,0.4482743442058563,-0.5311136204107978,5.5,0.1478741466999054,0.1875991076231002,0.5451954007148743,11642.117862084
11642.126955177,0.6018447626459067,0.08612609208071065,0.5876449018981476,8.64,0.18,0.1478741466999054,-0.11911374248479234,5.505,0.1478741466999054,0.1875991076231002,0.5451954007148743,11642.117862084
11642.132498099,0.5989003297186285,0.07202221495181477,0.5889333225329825,8.82,0.18,0.1478741466999054,-0.2869655446028272,5.51,0.1478741466999054,0.1875991076231002,0.5451954007148743,11642.117862084
11642.137046838,0.5940077239501994,0.05943689505178674,0.5911042000084378,8.82,0.18,0.1478741466999054,-0.2869655446028272,5.515,0.1478741466999054,0.1875991076231002,0.5451954007148743,11642.117862084
11642.14173225,0.584577364819281,0.08542722244569834,0.592511584241363,8.82,0.18,0.1478741466999054,-0.7447431867427721,5.5200000000000005,0.0,0.0,0.5530035495758057,11642.138309056
11642.14731178,0.5632528107541453,0.10271229295355376,0.5929398312467814,8.459999999999999,0.18,0.0,-0.1343729972227905,5.525,0.0,0.0,0.5530035495758057,11642.138309056
11642.151770886,0.541829409477991,0.11122848516824661,0.593106858253855,8.1,0.18,0.0,-0.4853358561968033,5.53,0.0,0.0,0.5530035495758057,11642.138309056
11642.157443953,0.5235582458572076,0.1379471640528184,0.5933623526958938,7.739999999999999,0.0,0.0,-0.1343729972227905,5.535,0.0,0.0,0.5530035495758057,11642.138309056
11642.1620589,0.5028644074670376,0.14825952867766498,0.5929236874577236,7.38,0.0,0.0,-0.012298959318805203,5.54,0.4373857378959656,0.0,0.4481240212917328,11642.157930709
11642.166532791,0.4811029902410374,0.15157970437437504,0.5915020139138726,6.84,0.0,0.4373857378959656,0.033478804895189285,5.545,0.4373857378959656,0.0,0.4481240212917328,11642.157930709
11642.172214914,0.4627588360926653,0.15746983863867983,0.5910673449607965,6.4799999999999995,0.0,0.4373857378959656,0.5522934659871268,5.55,0.4373857378959656,0.0,0.4481240212917328,11642.157930709
11642.176864613,0.44274726298501055,0.1485346360984145,0.5906076979212069,6.3,0.18,0.4373857378959656,1.5594042786950055,5.555,0.4373857378959656,0.0,0.4481240212917328,11642.157930709
11642.181759147,0.41885545598813007,0.14924534097653092,0.5892704242862388,6.66,0.0,0.4373857378959656,-0.3327433088168217,5.5600000000000005,0.6,0.1300419569015503,0.466024249792099,11642.17826504
11642.187457718,0.39198435767846074,0.15848346422046652,0.5890085570507769,6.84,0.0,0.6,-0.21066927091278131,5.565,0.6,0.1300419569015503,0.466024249792099,11642.17826504
11642.191987096,0.3629276412567253,0.15964335055407664,0.5890530351634696,7.199999999999999,0.0,0.6,-0.4090395825068125,5.57,0.6,0.1300419569015503,0.466024249792099,11642.17826504
11642.197563619,0.3335155392448255,0.1622801577161269,0.58723708126415,7.38,0.0,0.6,-0.07333597827079785,5.575,0.6,0.1300419569015503,0.466024249792099,11642.17826504
11642.202066629,0.30451282064934965,0.15326766159783986,0.5859007004577195,7.739999999999999,0.0,0.6,-0.2411877803888327,5.58,0.3515474200248718,0.4044740200042724,0.0,11642.197961542
11642.206712521,0.27717123032835894,0.16753607937526166,0.5861950620491136,8.1,0.0,0.3515474200248718,-0.180150761436785,5.585,0.3515474200248718,0.4044740200042724,0.0,11642.197961542
11642.212374196,0.25070614633976107,0.18129346427545837,0.5846700210174703,8.64,0.0,0.3515474200248718,-0.27170628986482903,5.59,0.3515474200248718,0.4044740200042724,0.0,11642.197961542
11642.216923126,0.22790088116285923,0.2040396828043991,0.5802755673813418,9.18,0.0,0.3515474200248718,-0.11911374248479234,5.595,0.3515474200248718,0.4044740200042724,0.0,11642.197961542
11642.221903548,0.20966843600000643,0.23711334720807192,0.5756849987191334,10.08,0.0,0.3515474200248718,-0.2869655446028272,5.6000000000000005,0.2466342747211456,0.2822831571102142,0.2001278847455978,11642.218203104
11642.227508583,0.19602569695998984,0.2583915321022362,0.5701528875472455,10.98,0.0,0.2466342747211456,0.06399731437118561,5.605,0.2466342747211456,0.2822831571102142,0.2001278847455978,11642.218203104
11642.231977161,0.1892270509969156,0.28242231266595413,0.5539829054667872,12.24,0.0,0.2466342747211456,-0.04281746879480153,5.61,0.2466342747211456,0.2822831571102142,0.2001278847455978,11642.218203104
11642.23791359,0.18594228324447182,0.29745734471951374,0.5328525857502032,13.5,0.0,0.2466342747211456,-0.14963225196078866,5.615,0.2466342747211456,0.2822831571102142,0.2001278847455978,11642.218203104
11642.242458745,0.1875442116849829,0.31287592768851,0.5142607332873086,14.94,0.0,0.2466342747211456,-0.363261818292818,5.62,0.6,0.5269725322723389,0.2852808833122253,11642.237962455
11642.246945467,0.1936094564411322,0.32086097288497606,0.4935979741663329,16.56,0.0,0.6,-0.22592852565083454,5.625,0.6,0.5269725322723389,0.2852808833122253,11642.237962455
11642.252482085,0.20193847141791718,0.32475298488913423,0.4682983947621515,18.36,0.0,0.6,-0.2411877803888327,5.63,0.6,0.5269725322723389,0.2852808833122253,11642.237962455
11642.25706452,0.21479697497813563,0.3213128325503131,0.44380445776563954,20.16,0.18,0.6,-0.27170628986482903,5.635,0.6,0.5269725322723389,0.2852808833122253,11642.237962455
11642.261546154,0.22995062376442219,0.3234492721756692,0.41857176809946245,22.14,0.18,0.6,-0.34800256355481984,5.64,0.6,0.6,0.4197609424591064,11642.258007599
11642.267171029,0.24051968483742672,0.3175941034224057,0.39554832571145676,23.939999999999998,0.18,0.6,-0.10385448774679418,5.6450000000000005,0.6,0.6,0.4197609424591064,11642.258007599
11642.271819321,0.25643454079963074,0.3238737617624534,0.3760351111618677,25.919999999999998,0.18,0.6,-0.4853358561968033,5.65,0.6,0.6,0.4197609424591064,11642.258007599
11642.277375875,0.27855400646804074,0.32171330179893803,0.36008561528089206,27.72,0.18,0.6,0.033478804895189285,5.655,0.6,0.6,0.4197609424591064,11642.258007599
11642.281874789,0.30126319192899137,0.31792171895533455,0.3470412645622334,29.52,0.36,0.6,-0.4395580919828088,5.66,0.3663650751113891,0.4880324602127075,0.5467509031295776,11642.278000136
11642.287548624,0.32273816214355455,0.3389406185774843,0.33804821852577616,31.14,0.54,0.3663650751113891,-0.04281746879480153,5.665,0.3663650751113891,0.4880324602127075,0.5467509031295776,11642.278000136
11642.292091955,0.3500308279168377,0.35833315782097075,0.3330890042824969,32.94,0.72,0.3663650751113891,-0.22592852565083454,5.67,0.3663650751113891,0.4880324602127075,0.5467509031295776,11642.278000136
11642.296622933,0.37435617845988023,0.3751314788456065,0.331740935877228,34.379999999999995,0.8999999999999999,0.3663650751113891,-0.07333597827079785,5.675,0.3663650751113891,0.4880324602127075,0.5467509031295776,11642.278000136
11642.302287905,0.39589950201183477,0.3985223715469541,0.3304134931072443,35.64,1.44,0.3663650751113891,-0.34800256355481984,5.68,0.3284697532653808,0.6,0.4954214990139007,11642.29806352
11642.3068937,0.41869016242653406,0.4222391313990108,0.3300195139401115,36.72,2.16,0.3284697532653808,0.21658986175116723,5.6850000000000005,0.3284697532653808,0.6,0.4954214990139007,11642.29806352
11642.312594831,0.4398322573438654,0.4323666823987062,0.33231247592227325,37.62,3.06,0.3284697532653808,-0.47007660145880514,5.69,0.3284697532653808,0.6,0.4954214990139007,11642.29806352
11642.317095249,0.45422124819240167,0.43961050437707794,0.3351145251399857,37.98,4.5,0.3284697532653808,-0.10385448774679418,5.695,0.3284697532653808,0.6,0.4954214990139007,11642.29806352
11642.32168194,0.46592094146429086,0.4416612341138793,0.3386871230216591,37.98,6.4799999999999995,0.3284697532653808,-0.25644703512683087,5.7,0.3331583738327026,0.6,0.548700749874115,11642.318038393
11642.327369824,0.47314948449404093,0.44724456552434216,0.3503966620929697,37.62,8.64,0.3331583738327026,-0.04281746879480153,5.705,0.3331583738327026,0.6,0.548700749874115,11642.318038393
11642.331877282,0.4782942714820767,0.44641413451181955,0.370215189017955,37.44,10.26,0.3331583738327026,-0.34800256355481984,5.71,0.3331583738327026,0.6,0.548700749874115,11642.318038393
11642.337717583,0.4873634165858418,0.45032441571785964,0.3901576736589732,37.08,11.34,0.3331583738327026,0.17081209753717275,5.715,0.3331583738327026,0.6,0.548700749874115,11642.318038393
11642.341656301,0.49727369010630224,0.4453453563451525,0.4093318382373661,37.08,11.16,0.3331583738327026,-0.21066927091278131,5.72,0.0,0.6,0.5925890207290649,11642.338031409
11642.347225175,0.5042761843172279,0.4467874274036719,0.4266684129638769,37.08,10.08,0.0,-0.14963225196078866,5.7250000000000005,0.0,0.6,0.5925890207290649,11642.338031409
11642.351777946,0.5127608864646378,0.44340960934430496,0.4384327857808606,37.08,8.459999999999999,0.0,0.04873805963318745,5.73,0.0,0.6,0.5925890207290649,11642.338031409
11642.357621927,0.5218491456199202,0.44122425967421663,0.4488450062217165,37.26,6.3,0.0,-0.1343729972227905,5.735,0.0,0.6,0.5925890207290649,11642.338031409
11642.362112041,0.5279203525449138,0.4272326217256627,0.46102320657209284,37.08,3.5999999999999996,0.0,-0.25644703512683087,5.74,0.0,0.6,0.6,11642.35801201
11642.366571148,0.5350915588890995,0.4367079732149695,0.47058184879549425,37.08,0.72,0.0,-0.16489150669878683,5.745,0.0,0.6,0.6,11642.35801201
11642.372231831,0.5431002643383355,0.4433706048736589,0.4795110247797999,35.64,0.18,0.0,-0.16489150669878683,5.75,0.0,0.6,0.6,11642.35801201
11642.376710617,0.5471713007399509,0.43396349865404243,0.49283663752809886,34.379999999999995,0.72,0.0,-0.14963225196078866,5.755,0.0,0.6,0.6,11642.35801201
11642.382425413,0.5511378416876639,0.4209623694050365,0.5049615959313035,33.12,0.54,0.0,-0.10385448774679418,5.76,0.0,0.6,0.6,11642.378000515
11642.386952488,0.5563184886182659,0.40041901739962515,0.5145603644590778,31.14,0.0,0.0,-0.180150761436785,5.765,0.0,0.6,0.6,11642.378000515
11642.392564147,0.5599027148761376,0.38271433556996093,0.5246403785501434,28.98,0.18,0.0,-0.37852107303081617,5.7700000000000005,0.0,0.6,0.6,11642.378000515
11642.397038325,0.5628085037608255,0.34949865497747146,0.5338223777508208,26.82,0.18,0.0,-0.16489150669878683,5.775,0.0,0.6,0.6,11642.378000515
11642.401566584,0.5666354906878935,0.3149700783044271,0.5405811037442073,23.939999999999998,0.0,0.0,-0.34800256355481984,5.78,0.0,0.5773687362670898,0.6,11642.398224574
11642.407239139,0.5689935379619395,0.283978103776819,0.5484622529182083,21.06,0.0,0.0,-0.21066927091278131,5.785,0.0,0.5773687362670898,0.6,11642.398224574
11642.411679141,0.5710278813584383,0.266088099986768,0.555079182030797,18.0,0.0,0.0,-0.16489150669878683,5.79,0.0,0.5773687362670898,0.6,11642.398224574
11642.41722088,0.5741265444284432,0.2442068772983674,0.55961325810935,14.76,0.0,0.0,-0.05807672353279969,5.795,0.0,0.5773687362670898,0.6,11642.398224574
11642.421782803,0.576590003804286,0.2198908302006208,0.5646520390525438,11.34,0.0,0.0,-0.3174840540788235,5.8,0.0039676669985055,0.5641212463378906,0.6,11642.417938645
11642.42739923,0.5785726778413421,0.1959770556922107,0.5694030487744576,7.92,0.0,0.0039676669985055,-0.04281746879480153,5.805,0.0039676669985055,0.5641212463378906,0.6,11642.417938645
11642.431830656,0.5810398456863963,0.1795871559883855,0.5726127908742414,4.32,3.42,0.0039676669985055,6.3508102664265955,5.8100000000000005,0.0039676669985055,0.5641212463378906,0.6,11642.417938645
11642.437565868,0.5837768694849451,0.15838759297790078,0.5773024907402601,1.7999999999999998,8.64,0.0039676669985055,0.07925656910918377,5.815,0.0039676669985055,0.5641212463378906,0.6,11642.417938645
11642.44207579,0.5858464300148982,0.14497957532395456,0.5833377994464157,0.72,10.08,0.0039676669985055,-1.019409772026739,5.82,0.2121448665857315,0.2147860080003738,0.6,11642.438032975
11642.446585649,0.5867410547759131,0.11892449153881907,0.5862717242339031,0.54,8.28,0.2121448665857315,-0.363261818292818,5.825,0.2121448665857315,0.2147860080003738,0.6,11642.438032975
11642.45221846,0.5875114701015195,0.10826034239716631,0.5875828778509404,1.26,7.38,0.2121448665857315,0.17081209753717275,5.83,0.2121448665857315,0.2147860080003738,0.6,11642.438032975
11642.456741631,0.5889368698040324,0.10958758230404858,0.5888237037823824,2.88,6.12,0.2121448665857315,0.018219550157191122,5.835,0.2121448665857315,0.2147860080003738,0.6,11642.438032975
11642.462389866,0.5895992738534152,0.08165713903049028,0.5886450278900089,4.5,3.2399999999999998,0.2121448665857315,0.17081209753717275,5.84,0.5547741055488586,0.1962106972932815,0.6,11642.457812103
11642.467072366,0.5911334586003746,0.06250048511196274,0.5873227394339604,6.4799999999999995,0.0,0.5547741055488586,18.2072511978515,5.845,0.5547741055488586,0.1962106972932815,0.6,11642.457812103
11642.471701905,0.5918280096809015,0.052019558797126615,0.5882387345911652,7.199999999999999,0.36,0.5547741055488586,1.5594042786950055,5.8500000000000005,0.5547741055488586,0.1962106972932815,0.6,11642.457812103
11642.477288284,0.5915208921905879,0.0605078716612731,0.5896135953022171,8.1,0.36,0.5547741055488586,-0.6837061677907794,5.855,0.5547741055488586,0.1962106972932815,0.6,11642.457812103
11642.481779198,0.5901284298314697,0.06006345349677315,0.5917853675264696,8.64,0.0,0.5547741055488586,0.00296029541919296,5.86,0.3224136233329773,0.5478845834732056,0.4928096532821655,11642.47812557
11642.487560363,0.5903003443347675,0.0701107415304583,0.5935640075082854,8.82,0.18,0.3224136233329773,-0.4395580919828088,5.865,0.3224136233329773,0.5478845834732056,0.4928096532821655,11642.47812557
11642.49210555,0.5892694985912595,0.07922246109216641,0.5955601398471884,8.82,0.18,0.3224136233329773,-0.16489150669878683,5.87,0.3224136233329773,0.5478845834732056,0.4928096532821655,11642.47812557
11642.496564528,0.5797368702656346,0.10930019213249975,0.597059060648217,8.82,0.0,0.3224136233329773,-0.22592852565083454,5.875,0.3224136233329773,0.5478845834732056,0.4928096532821655,11642.47812557
11642.502213595,0.5656770119525806,0.1240531847960192,0.5989354217057162,8.64,0.0,0.3224136233329773,-0.37852107303081617,5.88,0.0,0.189881831407547,0.6,11642.49821558
11642.506883551,0.5507151837312676,0.1469945990176284,0.6007571297647113,8.28,0.0,0.0,-0.3327433088168217,5.885,0.0,0.189881831407547,0.6,11642.49821558
11642.512460874,0.5331426475664129,0.16976416892419258,0.6017880549252896,8.1,0.0,0.0,-0.14963225196078866,5.89,0.0,0.189881831407547,0.6,11642.49821558
11642.517089709,0.5173085477331517,0.20088108617781184,0.6005656930659115,7.92,0.0,0.0,-0.07333597827079785,5.8950000000000005,0.0,0.189881831407547,0.6,11642.49821558
11642.522662904,0.5067397196541501,0.22141768990249394,0.6002163332419577,7.92,0.0,0.0,-0.012298959318805203,5.9,0.0527376867830753,0.0,0.5260440111160278,11642.51795938
11642.52713113,0.5020442317483584,0.24651426770405369,0.6000653049653586,7.92,0.0,0.0527376867830753,-0.08859523300879601,5.905,0.0527376867830753,0.0,0.5260440111160278,11642.51795938
11642.531649725,0.49922220499098247,0.2721800858940848,0.5986970904943194,8.1,0.0,0.0527376867830753,-0.11911374248479234,5.91,0.0527376867830753,0.0,0.5260440111160278,11642.51795938
11642.537222983,0.4971314512775012,0.28017614476877567,0.5985963774254772,8.28,0.0,0.0527376867830753,-0.22592852565083454,5.915,0.0527376867830753,0.0,0.5260440111160278,11642.51795938
11642.541924747,0.49267010593997607,0.2707070411413056,0.5988193782965764,8.82,0.0,0.0527376867830753,-0.027558214056803365,5.92,0.4616833925247192,0.0,0.5119656324386597,11642.538189167
11642.547591479,0.4803732326168041,0.2675404714440715,0.5974714047712193,9.18,0.0,0.4616833925247192,-0.25644703512683087,5.925,0.4616833925247192,0.0,0.5119656324386597,11642.538189167
11642.552184538,0.46700882913360364,0.27197307068801785,0.5974330954523334,9.719999999999999,0.0,0.4616833925247192,-0.16489150669878683,5.93,0.4616833925247192,0.0,0.5119656324386597,11642.538189167
11642.556797565,0.4516807160057172,0.27333815146811635,0.5978202896982346,10.44,0.0,0.4616833925247192,-0.42429883724481066,5.9350000000000005,0.4616833925247192,0.0,0.5119656324386597,11642.538189167
11642.56236356,0.4313248812491982,0.26562910448910154,0.5964085144700997,11.34,0.0,0.4616833925247192,0.14029358806117642,5.94,0.5788867473602295,0.2467978149652481,0.2967950701713562,11642.558280777
11642.56685009,0.40538537760443943,0.2622365629948857,0.5952411142145304,12.059999999999999,0.0,0.5788867473602295,-0.1343729972227905,5.945,0.5788867473602295,0.2467978149652481,0.2967950701713562,11642.558280777
11642.572647031,0.3769476258219079,0.25084970257792133,0.5959473134685711,12.959999999999999,0.0,0.5788867473602295,-0.2411877803888327,5.95,0.5788867473602295,0.2467978149652481,0.2967950701713562,11642.558280777
11642.577154969,0.34733248540085787,0.2624117720041164,0.59459120997664,13.86,0.0,0.5788867473602295,-0.19541001617478315,5.955,0.5788867473602295,0.2467978149652481,0.2967950701713562,11642.558280777
11642.581599259,0.3181483096659969,0.2583703444295796,0.592940326929428,14.76,0.0,0.5788867473602295,-0.012298959318805203,5.96,0.3457808494567871,0.435418039560318,0.0,11642.577883135
11642.587303047,0.28982211397875784,0.25254613384265834,0.5925969371673422,15.84,0.0,0.3457808494567871,-0.4395580919828088,5.965,0.3457808494567871,0.435418039560318,0.0,11642.577883135
11642.591864746,0.26291839213995905,0.24956190005765996,0.5907293453437127,16.74,0.0,0.3457808494567871,-0.08859523300879601,5.97,0.3457808494567871,0.435418039560318,0.0,11642.577883135
11642.597624566,0.23806451945877233,0.25334941101301667,0.5799271461587127,17.64,0.0,0.3457808494567871,-0.2869655446028272,5.9750000000000005,0.3457808494567871,0.435418039560318,0.0,11642.577883135
11642.602151481,0.21952288721353083,0.2687190956286904,0.5610857438916839,18.72,0.0,0.3457808494567871,-0.012298959318805203,5.98,0.2929071485996246,0.3269830346107483,0.1599977910518646,11642.598010041
11642.60675542,0.21073370868252853,0.2974058929237249,0.5427233857593811,19.98,0.0,0.2929071485996246,-0.30222479934082536,5.985,0.2929071485996246,0.3269830346107483,0.1599977910518646,11642.598010041
11642.612342311,0.20645287887869254,0.33124166472617206,0.5228522948031125,21.24,0.0,0.2929071485996246,0.018219550157191122,5.99,0.2929071485996246,0.3269830346107483,0.1599977910518646,11642.598010041
11642.616845033,0.20417639253929187,0.3431483272172132,0.5004836973146911,22.68,0.0,0.2929071485996246,-0.363261818292818,5.995,0.2929071485996246,0.3269830346107483,0.1599977910518646,11642.598010041
11642.621844336,0.20602805987750666,0.34356481731874067,0.4807771868498501,24.119999999999997,0.0,0.2929071485996246,-0.21066927091278131,6.0,0.6,0.5448724627494812,0.2583353221416473,11642.618290996
11642.627461627,0.2131722688201031,0.34742803547959605,0.4618130168269989,25.56,0.0,0.6,-0.19541001617478315,6.005,0.6,0.5448724627494812,0.2583353221416473,11642.618290996
11642.63202147,0.2227100885751396,0.357903875750763,0.4413620197451223,27.18,0.0,0.6,-0.14963225196078866,6.01,0.6,0.5448724627494812,0.2583353221416473,11642.618290996
11642.636600385,0.23449244045847928,0.35768295743746126,0.4235486740818705,28.799999999999997,0.0,0.6,-0.08859523300879601,6.015000000000001,0.6,0.5448724627494812,0.2583353221416473,11642.618290996
11642.642338925,0.2511477681263787,0.36160399363405116,0.4072260294245969,30.419999999999998,0.0,0.6,0.04873805963318745,6.0200000000000005,0.6,0.5896995663642883,0.5001161098480225,11642.638132685
11642.646777231,0.26484136418061377,0.354537950981146,0.3901006909400287,32.22,0.18,0.6,-0.5005951109348015,6.025,0.6,0.5896995663642883,0.5001161098480225,11642.638132685
11642.652316313,0.2775859072750905,0.3557366827006145,0.37449872992631156,33.839999999999996,0.18,0.6,-0.25644703512683087,6.03,0.6,0.5896995663642883,0.5001161098480225,11642.638132685
11642.656928541,0.29847825432937136,0.3645457890747495,0.3604959891569331,35.46,0.18,0.6,-0.2869655446028272,6.035,0.6,0.5896995663642883,0.5001161098480225,11642.638132685
11642.661637665,0.3240323306918672,0.37728897431494696,0.34763544557248666,36.72,0.36,0.6,-0.07333597827079785,6.04,0.3830952048301697,0.4726103544235229,0.549962043762207,11642.658234087
11642.667210443,0.3464016371528226,0.38637594179343293,0.3373249470110034,38.16,0.72,0.3830952048301697,-0.37852107303081617,6.045,0.3830952048301697,0.4726103544235229,0.549962043762207,11642.658234087
11642.671864079,0.37167853070479157,0.4184443694856814,0.33097854464377574,39.24,1.26,0.3830952048301697,-0.10385448774679418,6.05,0.3830952048301697,0.4726103544235229,0.549962043762207,11642.658234087
11642.677529562,0.39677167836573224,0.4345751382663637,0.3293562856358099,39.96,2.16,0.3830952048301697,-0.19541001617478315,6.055,0.3830952048301697,0.4726103544235229,0.549962043762207,11642.658234087
11642.682018397,0.416473843539919,0.45704681828763255,0.3290539969717846,40.5,3.42,0.3830952048301697,-0.22592852565083454,6.0600000000000005,0.349122405052185,0.5651902556419373,0.5106862783432007,11642.677890205
11642.687688936,0.43511194769683265,0.4694048043600779,0.3285394821196062,40.68,4.859999999999999,0.349122405052185,-0.4395580919828088,6.065,0.349122405052185,0.5651902556419373,0.5106862783432007,11642.677890205
11642.692206187,0.45415214539538673,0.48177349554964827,0.33191403472502673,40.68,6.66,0.349122405052185,-0.11911374248479234,6.07,0.349122405052185,0.5651902556419373,0.5106862783432007,11642.677890205
11642.696634861,0.4673252021106992,0.4832297665871607,0.3433107958177063,40.5,8.64,0.349122405052185,-0.22592852565083454,6.075,0.349122405052185,0.5651902556419373,0.5106862783432007,11642.677890205
11642.702406937,0.47591746318127875,0.49099101296800274,0.3574606092026885,40.14,10.08,0.349122405052185,-0.14963225196078866,6.08,0.3335815966129303,0.6,0.561333417892456,11642.697992727
11642.706962332,0.48120678172731224,0.4985582274443813,0.3731872130650443,39.96,10.98,0.3335815966129303,-0.30222479934082536,6.085,0.3335815966129303,0.6,0.561333417892456,11642.697992727
11642.712514791,0.4846702139569987,0.5012956888778427,0.39269515229186397,39.96,10.98,0.3335815966129303,-0.05807672353279969,6.09,0.3335815966129303,0.6,0.561333417892456,11642.697992727
11642.716975721,0.4897300887017869,0.4996737760540152,0.41013859726688595,40.14,10.08,0.3335815966129303,-0.363261818292818,6.095,0.3335815966129303,0.6,0.561333417892456,11642.697992727
11642.722648788,0.49678868258552933,0.4960892048549245,0.42461602935618603,40.32,8.459999999999999,0.3335815966129303,-0.27170628986482903,6.1000000000000005,0.0,0.6,0.5675449967384338,11642.717856431
11642.72712671,0.5012160511148026,0.49948579338883514,0.4394300774038505,40.5,6.3,0.0,-0.25644703512683087,6.105,0.0,0.6,0.5675449967384338,11642.717856431
11642.732663137,0.5069685862870701,0.4930710418027139,0.4508353511591523,40.5,3.78,0.0,-0.180150761436785,6.11,0.0,0.6,0.5675449967384338,11642.717856431
11642.737282532,0.5156205400979381,0.4914868497301348,0.45939973356123687,40.5,1.26,0.0,-0.34800256355481984,6.115,0.0,0.6,0.5675449967384338,11642.717856431
11642.741755143,0.5227186005217418,0.484320436836446,0.4701670478709899,39.6,-0.18,0.0,0.04873805963318745,6.12,0.0,0.6,0.6,11642.737891977
11642.747293809,0.5272719051067355,0.4860795922377108,0.48250126080109756,38.339999999999996,0.18,0.0,-0.25644703512683087,6.125,0.0,0.6,0.6,11642.737891977
11642.751719027,0.5346521048373452,0.4759986668942152,0.4923026723591801,37.08,0.72,0.0,0.04873805963318745,6.13,0.0,0.6,0.6,11642.737891977
11642.757438559,0.540362094397886,0.46462773427131865,0.5035447330539862,35.46,0.18,0.0,-0.08859523300879601,6.135,0.0,0.6,0.6,11642.737891977
11642.762040546,0.5449884180802654,0.4588678663914012,0.5129265104904169,33.66,0.18,0.0,-0.3327433088168217,6.140000000000001,0.0,0.6,0.6,11642.75792749
11642.767586669,0.5511027952233021,0.43794502334675117,0.5192577538439963,31.86,0.18,0.0,-0.363261818292818,6.1450000000000005,0.0,0.6,0.6,11642.75792749
11642.772175984,0.5560500638456671,0.4038795382716139,0.5268334505949148,29.52,0.0,0.0,-0.14963225196078866,6.15,0.0,0.6,0.6,11642.75792749
11642.776615186,0.5593049918697126,0.3724604447684894,0.5349085640873676,27.0,0.0,0.0,-0.14963225196078866,6.155,0.0,0.6,0.6,11642.75792749
11642.782641152,0.5636107760197329,0.3514895425697528,0.5407994078172091,24.48,0.0,0.0,-0.22592852565083454,6.16,0.0,0.5811412334442139,0.6,11642.777956348
11642.787496261,0.5669571423087468,0.30984294611219526,0.5471808898118363,21.599999999999998,0.0,0.0,-0.27170628986482903,6.165,0.0,0.5811412334442139,0.6,11642.777956348
11642.792027752,0.5693550542433641,0.2781380861589976,0.5536178638129853,18.54,0.0,0.0,-0.19541001617478315,6.17,0.0,0.5811412334442139,0.6,11642.777956348
11642.79757061,0.572233708220833,0.24529370220463564,0.5583944383833369,15.299999999999999,0.0,0.0,-0.180150761436785,6.175,0.0,0.5811412334442139,0.6,11642.777956348
11642.802048693,0.5754855121259183,0.22389569561341752,0.5628188451965283,12.059999999999999,0.0,0.0,-0.180150761436785,6.18,0.0091746747493743,0.5561299324035645,0.6,11642.798143991
11642.806647736,0.5782680389657227,0.20563294064283466,0.567579184561495,8.459999999999999,0.0,0.0091746747493743,-0.27170628986482903,6.1850000000000005,0.0091746747493743,0.5561299324035645,0.6,11642.798143991
11642.81220413,0.5803205303254516,0.1825626547747179,0.5715549417190923,5.04,1.26,0.0091746747493743,32.73406170842614,6.19,0.0091746747493743,0.5561299324035645,0.6,11642.798143991
11642.816628068,0.5833762542317916,0.17017681517262148,0.5751641538411361,2.34,7.38,0.0091746747493743,-0.5005951109348015,6.195,0.0091746747493743,0.5561299324035645,0.6,11642.798143991
11642.822562546,0.5853201913110057,0.15200562600004616,0.582125500638891,0.8999999999999999,9.719999999999999,0.0091746747493743,-0.47007660145880514,6.2,0.2277760207653045,0.2060074508190155,0.6,11642.817847022
11642.827051732,0.5867115067632988,0.1423943841000022,0.5857908992414106,0.72,8.28,0.2277760207653045,-0.21066927091278131,6.205,0.2277760207653045,0.2060074508190155,0.6,11642.817847022
11642.832587391,0.5874892240228984,0.1181089547401007,0.586917606125227,1.26,7.199999999999999,0.2277760207653045,-2.4842982268746177,6.21,0.2277760207653045,0.2060074508190155,0.6,11642.817847022
11642.837142241,0.5885751184944349,0.10357104497147812,0.5887194543214846,2.6999999999999997,6.12,0.2277760207653045,-0.7752616962187684,6.215,0.2277760207653045,0.2060074508190155,0.6,11642.817847022
11642.841626436,0.5893287287542953,0.1009656471643249,0.5888614947730952,4.5,3.42,0.2277760207653045,-0.21066927091278131,6.22,0.5643905997276306,0.318033754825592,0.6,11642.838138889
11642.847186702,0.5902264922906361,0.0817514495541379,0.5877378263527125,6.3,0.0,0.5643905997276306,12.744438001647993,6.2250000000000005,0.5643905997276306,0.318033754825592,0.6,11642.838138889
11642.851610128,0.5915147016121465,0.06715334851909398,0.5881852583765097,7.199999999999999,0.18,0.5643905997276306,-0.39378032776881433,6.23,0.5643905997276306,0.318033754825592,0.6,11642.838138889
11642.857286684,0.5916722687871778,0.06463469680146469,0.5899257610748199,8.28,0.18,0.5643905997276306,0.033478804895189285,6.235,0.5643905997276306,0.318033754825592,0.6,11642.838138889
11642.861905087,0.5908783824689333,0.06727935228001242,0.591508507156109,8.82,0.18,0.5643905997276306,-0.363261818292818,6.24,0.3112803399562835,0.5504493713378906,0.5147634744644165,11642.858211907
11642.867512874,0.590226585613322,0.06505953031027027,0.5936774858053878,9.18,0.18,0.3112803399562835,-0.4090395825068125,6.245,0.3112803399562835,0.5504493713378906,0.5147634744644165,11642.858211907
11642.872109933,0.590183868171856,0.08054809530221725,0.5957045578461303,9.36,0.18,0.3112803399562835,-0.04281746879480153,6.25,0.3112803399562835,0.5504493713378906,0.5147634744644165,11642.858211907
11642.877838713,0.583639839970231,0.10156531091946076,0.5972594790279261,9.36,0.18,0.3112803399562835,0.15555284279917458,6.255,0.3112803399562835,0.5504493713378906,0.5147634744644165,11642.858211907
11642.882367356,0.5692166934712205,0.12558334584111527,0.5988954901349808,9.0,0.0,0.3112803399562835,-0.6226691488387868,6.26,0.0,0.10853011906147,0.6,11642.877789113
11642.887022688,0.5540755556504016,0.14028815968277206,0.6003711684492506,8.82,0.0,0.0,-0.2411877803888327,6.265000000000001,0.0,0.10853011906147,0.6,11642.877789113
11642.892631339,0.5401027978547543,0.18118655983321214,0.6015589988432788,8.64,0.0,0.0,-0.4395580919828088,6.2700000000000005,0.0,0.10853011906147,0.6,11642.877789113
11642.897103693,0.5282912228405364,0.20742117409818825,0.6012818187025987,8.28,0.0,0.0,-0.25644703512683087,6.275,0.0,0.10853011906147,0.6,11642.877789113
11642.901629296,0.520375946100216,0.235774726782988,0.6007883185731294,8.1,0.0,0.0,0.3081453901791562,6.28,0.0606718398630619,0.0,0.4658864140510559,11642.89803506
11642.907324251,0.5106396844229707,0.25162677908277975,0.6010713730299868,8.1,0.0,0.0606718398630619,0.1097750785851801,6.285,0.0606718398630619,0.0,0.4658864140510559,11642.89803506
11642.911764765,0.4982659091391328,0.2663660913330367,0.6004873259232352,8.1,0.0,0.0606718398630619,-0.10385448774679418,6.29,0.0606718398630619,0.0,0.4658864140510559,11642.89803506
11642.917304232,0.4879636880593736,0.27241627743946284,0.599490022673815,8.28,0.0,0.0606718398630619,0.018219550157191122,6.295,0.0606718398630619,0.0,0.4658864140510559,11642.89803506
11642.921864331,0.47794922964690506,0.27631423560370305,0.5995687693543185,8.64,0.0,0.0606718398630619,-0.11911374248479234,6.3,0.3964849710464477,0.0,0.5052956342697144,11642.918029581
11642.927418069,0.46039490416289325,0.28277815595352307,0.5986277688631705,9.0,0.0,0.3964849710464477,-0.3174840540788235,6.305,0.3964849710464477,0.0,0.5052956342697144,11642.918029581
11642.931840791,0.4429945311255338,0.2858641805418826,0.5967809144435088,9.54,0.0,0.3964849710464477,-0.2411877803888327,6.3100000000000005,0.3964849710464477,0.0,0.5052956342697144,11642.918029581
11642.937490242,0.4254444163397014,0.2743083236316181,0.597473681671075,10.26,0.0,0.3964849710464477,-0.16489150669878683,6.315,0.3964849710464477,0.0,0.5052956342697144,11642.918029581
11642.942012101,0.40698383245164244,0.2678708960591381,0.5971401026483624,10.98,0.0,0.3964849710464477,-0.10385448774679418,6.32,0.6,0.2659427523612976,0.3277560174465179,11642.938025031
11642.947541551,0.38361533695830996,0.26814826673968445,0.5948140403798593,11.879999999999999,0.0,0.6,-0.34800256355481984,6.325,0.6,0.2659427523612976,0.3277560174465179,11642.938025031
11642.952027218,0.35853823298874576,0.2673298306734983,0.5947259680678363,12.959999999999999,0.0,0.6,-0.4395580919828088,6.33,0.6,0.2659427523612976,0.3277560174465179,11642.938025031
11642.956615541,0.33072913546614835,0.2620972603901959,0.5948533477581215,13.86,0.0,0.6,-0.2411877803888327,6.335,0.6,0.2659427523612976,0.3277560174465179,11642.938025031
11642.962172352,0.3041181095781874,0.261740088228021,0.5907879333738473,14.94,0.0,0.6,-0.25644703512683087,6.34,0.3725641965866089,0.3912022113800049,0.0,11642.95807776
11642.96662877,0.27679576260050975,0.2568779769198168,0.5846899462481217,15.84,0.0,0.3725641965866089,-0.21066927091278131,6.345,0.3725641965866089,0.3912022113800049,0.0,11642.95807776
11642.972300173,0.2513080996904284,0.26976188899715664,0.5794250249159175,16.919999999999998,0.0,0.3725641965866089,-0.42429883724481066,6.3500000000000005,0.3725641965866089,0.3912022113800049,0.0,11642.95807776
11642.976776463,0.22684858071030153,0.2705837716429463,0.5692957490504325,18.0,0.0,0.3725641965866089,0.018219550157191122,6.355,0.3725641965866089,0.3912022113800049,0.0,11642.95807776
11642.982630044,0.20646457844132673,0.27528347765552735,0.5503660381071331,19.259999999999998,0.0,0.3725641965866089,-0.2411877803888327,6.36,0.3063525259494781,0.4387050271034241,0.0995279997587204,11642.97820249
11642.987285216,0.19611882532202451,0.29690773041471175,0.529775074273901,20.52,0.0,0.3063525259494781,-0.3174840540788235,6.365,0.3063525259494781,0.4387050271034241,0.0995279997587204,11642.97820249
11642.991767458,0.19317606455036984,0.3279385139933333,0.5104813670059266,21.96,0.0,0.3063525259494781,-0.22592852565083454,6.37,0.3063525259494781,0.4387050271034241,0.0995279997587204,11642.97820249
11642.997385613,0.19091913427394785,0.35015068414754685,0.4885110881871975,23.4,0.0,0.3063525259494781,0.12503433332317826,6.375,0.3063525259494781,0.4387050271034241,0.0995279997587204,11642.97820249
11643.001940048,0.19268927315862838,0.3661955297452324,0.468043632349519,25.02,0.0,0.3063525259494781,-0.3174840540788235,6.38,0.6,0.565018892288208,0.2067108303308487,11642.997773808
11643.007627132,0.20336152295693946,0.37481641652693093,0.45038153783378504,26.82,0.0,0.6,-0.1343729972227905,6.385,0.6,0.565018892288208,0.2067108303308487,11642.997773808
11643.012184383,0.21890300344712235,0.3866075758587712,0.43088782841042456,28.619999999999997,0.0,0.6,-0.39378032776881433,6.390000000000001,0.6,0.565018892288208,0.2067108303308487,11642.997773808
11643.016654113,0.23272830006230155,0.3790645427268797,0.41277772266614016,30.419999999999998,0.0,0.6,0.04873805963318745,6.3950000000000005,0.6,0.565018892288208,0.2067108303308487,11642.997773808
11643.022576174,0.2520992476065992,0.37463822130682495,0.3973325557181844,32.22,0.0,0.6,-0.363261818292818,6.4,0.6,0.5340477824211121,0.5233611464500427,11643.018027916
11643.027056657,0.2751738025298229,0.374031096458438,0.3822199641366785,34.019999999999996,0.18,0.6,-0.10385448774679418,6.405,0.6,0.5340477824211121,0.5233611464500427,11643.018027916
11643.032648412,0.2955817619530549,0.3844877591911099,0.3658696795415523,35.82,0.18,0.6,-0.34800256355481984,6.41,0.6,0.5340477824211121,0.5233611464500427,11643.018027916
11643.03715331,0.3186099573788052,0.3956081886286069,0.3515933989899693,37.62,0.36,0.6,-0.1343729972227905,6.415,0.6,0.5340477824211121,0.5233611464500427,11643.018027916
11643.041707617,0.34544387155175793,0.41061245308485456,0.337891784878654,39.059999999999995,0.72,0.6,-0.21066927091278131,6.42,0.3365586698055267,0.5039822459220886,0.5096943974494934,11643.038139718
11643.047342028,0.3686902029684342,0.4131519729874311,0.32619583143029685,40.32,1.44,0.3365586698055267,-0.012298959318805203,6.425,0.3365586698055267,0.5039822459220886,0.5096943974494934,11643.038139718
11643.05177227,0.39086841850992976,0.431253316375657,0.3169741546164528,41.22,2.52,0.3365586698055267,-0.19541001617478315,6.43,0.3365586698055267,0.5039822459220886,0.5096943974494934,11643.038139718
11643.05781686,0.41290148629034507,0.44739872474949016,0.31294105789325016,41.76,4.14,0.3365586698055267,0.04873805963318745,6.4350000000000005,0.3365586698055267,0.5039822459220886,0.5096943974494934,11643.038139718
11643.062398496,0.4285617619654931,0.46122001582531374,0.31342337644210794,41.76,6.12,0.3365586698055267,-0.2411877803888327,6.44,0.3119818568229675,0.5457180738449097,0.5149499773979187,11643.057898941
11643.066872578,0.4415580871714033,0.4770838647178576,0.31283563135833387,41.76,8.459999999999999,0.3119818568229675,-0.180150761436785,6.445,0.3119818568229675,0.5457180738449097,0.5149499773979187,11643.057898941
11643.072580238,0.45411805951312345,0.4873860503586407,0.3148293831146874,41.4,10.799999999999999,0.3119818568229675,-0.454817346720807,6.45,0.3119818568229675,0.5457180738449097,0.5149499773979187,11643.057898941
11643.077065168,0.4628522311759611,0.4950743098302823,0.32591651046786346,41.04,13.139999999999999,0.3119818568229675,-0.14963225196078866,6.455,0.3119818568229675,0.5457180738449097,0.5149499773979187,11643.057898941
11643.082615002,0.4696460197459359,0.4976341764116102,0.3430770839167928,40.86,14.76,0.3119818568229675,-0.25644703512683087,6.46,0.3665831089019775,0.6,0.6,11643.078136952
11643.087247486,0.4764779245970677,0.5029544360710898,0.35949017264229804,40.68,15.299999999999999,0.3665831089019775,0.04873805963318745,6.465,0.3665831089019775,0.6,0.6,11643.078136952
11643.091772257,0.4808114429965098,0.5009465684194687,0.3787124299725645,40.86,14.94,0.3665831089019775,-0.4090395825068125,6.47,0.3665831089019775,0.6,0.6,11643.078136952
11643.097316587,0.48493895932993925,0.5050409827817028,0.39673871619959183,41.22,13.5,0.3665831089019775,-0.07333597827079785,6.4750000000000005,0.3665831089019775,0.6,0.6,11643.078136952
11643.101747373,0.4912931633779781,0.5019100027625151,0.4099204812760343,41.4,11.7,0.3665831089019775,-0.180150761436785,6.48,0.0,0.6,0.6,11643.098218034
11643.107304248,0.4965773566945715,0.49609861369322966,0.4240271530181054,41.58,9.36,0.0,-0.19541001617478315,6.485,0.0,0.6,0.6,11643.098218034
11643.11174457,0.501136405216817,0.4898754681443973,0.4371045402972916,41.76,6.66,0.0,-0.30222479934082536,6.49,0.0,0.6,0.6,11643.098218034
11643.117274308,0.5091258219054307,0.4886926366131566,0.44685590829568894,41.58,3.96,0.0,0.018219550157191122,6.495,0.0,0.6,0.6,11643.098218034
11643.121720966,0.5175975080387744,0.49072706401253285,0.4579547312174365,41.4,0.8999999999999999,0.0,-0.19541001617478315,6.5,0.0,0.6,0.6,11643.118236491
11643.127322961,0.5233370385504423,0.4828047944471692,0.47271595296228375,39.78,0.0,0.0,0.00296029541919296,6.505,0.0,0.6,0.6,11643.118236491
11643.131759891,0.52949371214671,0.4608995700551335,0.48617244625998696,38.16,0.72,0.0,-0.1343729972227905,6.51,0.0,0.6,0.6,11643.118236491
11643.137298141,0.536025322532302,0.44466118877901095,0.5000628860482321,36.36,1.08,0.0,-0.180150761436785,6.515000000000001,0.0,0.6,0.6,11643.118236491
11643.14202653,0.5408514494024378,0.4299471513675504,0.5134706443556544,34.019999999999996,0.54,0.0,-0.2411877803888327,6.5200000000000005,0.0,0.6,0.6,11643.137770145
11643.1476027,0.5457284088425235,0.41074337803579974,0.5236014684286259,31.86,0.0,0.0,-0.22592852565083454,6.525,0.0,0.6,0.6,11643.137770145
11643.152195888,0.5512735630621934,0.3867087126233652,0.5320122443344006,29.16,0.0,0.0,-0.027558214056803365,6.53,0.0,0.6,0.6,11643.137770145
11643.156682962,0.5547962815704448,0.35697804421832896,0.5415371404039149,26.459999999999997,0.0,0.0,-0.3327433088168217,6.535,0.0,0.6,0.6,11643.137770145
11643.162301501,0.5583524301776362,0.3227533298893359,0.5490921185564106,23.22,0.0,0.0,-0.2411877803888327,6.54,0.0,0.6,0.6,11643.157766714
11643.166732447,0.5628597270479775,0.2974260525157054,0.5542556761975538,19.98,0.0,0.0,-0.04281746879480153,6.545,0.0,0.6,0.6,11643.157766714
11643.172419819,0.565778096760099,0.2633312849109841,0.5604308497931778,16.56,0.0,0.0,-0.1343729972227905,6.55,0.0,0.6,0.6,11643.157766714
11643.176896269,0.5693858988737699,0.24878273721501387,0.564662711157663,12.959999999999999,0.0,0.0,-0.05807672353279969,6.555,0.0,0.6,0.6,11643.157766714
11643.182446167,0.5733960460906045,0.22818174768904786,0.5681537915993083,9.36,0.0,0.0,-0.4395580919828088,6.5600000000000005,0.0,0.6,0.6,11643.177773972
11643.186875577,0.5769899317870631,0.20974655560475317,0.5720122656605472,5.76,-0.18,0.0,54.921018097476136,6.565,0.0,0.6,0.6,11643.177773972
11643.192453284,0.579945495490214,0.17947668816691892,0.5761694342004413,2.52,7.199999999999999,0.0,-0.6226691488387868,6.57,0.0,0.6,0.6,11643.177773972
11643.196875942,0.5839659452715928,0.16190094341812727,0.5819025950727797,0.8999999999999999,10.26,0.0,-1.400891140476693,6.575,0.0,0.6,0.6,11643.177773972
11643.202414,0.588172665986648,0.14552108316854176,0.5858849364594079,0.36,9.54,0.0,-0.1343729972227905,6.58,0.1451628804206848,0.1981649398803711,0.6,11643.197799085
11643.206888019,0.59167995828738,0.11929333629142427,0.5878282811087053,0.72,7.56,0.1451628804206848,16.070955534531702,6.585,0.1451628804206848,0.1981649398803711,0.6,11643.197799085
11643.212439517,0.5956232875855034,0.10522580992100815,0.5881488718171682,2.16,6.84,0.1451628804206848,0.15555284279917458,6.59,0.1451628804206848,0.1981649398803711,0.6,11643.197799085
11643.216892575,0.5991404655505504,0.09421659817157173,0.588887708965488,3.78,4.5,0.1451628804206848,-0.2869655446028272,6.595,0.1451628804206848,0.1981649398803711,0.6,11643.197799085
11643.222518282,0.6018465591732836,0.08602753971475194,0.5880740642613241,5.76,0.8999999999999999,0.1451628804206848,0.7201452681051066,6.6000000000000005,0.4253707528114319,0.3406381011009216,0.6,11643.21800452
11643.226977869,0.60461591736059,0.0848725537404892,0.586534064432422,6.66,0.18,0.4253707528114319,0.2623676259651617,6.605,0.4253707528114319,0.3406381011009216,0.6,11643.21800452
11643.232506519,0.6062781603056601,0.07587083798209004,0.5880392413217403,7.56,0.54,0.4253707528114319,-0.5616321298867941,6.61,0.4253707528114319,0.3406381011009216,0.6,11643.21800452
11643.236965305,0.6075860173048665,0.070597457142567,0.5899582907993339,8.459999999999999,0.0,0.4253707528114319,-0.08859523300879601,6.615,0.4253707528114319,0.3406381011009216,0.6,11643.21800452
11643.242648581,0.6070488910315585,0.07438157723937815,0.5914923401028782,8.28,0.18,0.4253707528114319,-0.180150761436785,6.62,0.1763878315687179,0.1962741464376449,0.6,11643.238158178
11643.247118311,0.605754171228078,0.054885366035550484,0.5931491536536176,8.459999999999999,0.0,0.1763878315687179,-0.37852107303081617,6.625,0.1763878315687179,0.1962741464376449,0.6,11643.238158178
11643.252658129,0.605422869239997,0.06539356129794657,0.5953515035541513,8.28,0.18,0.1763878315687179,-0.1343729972227905,6.63,0.1763878315687179,0.1962741464376449,0.6,11643.238158178
11643.257163028,0.6034307590391232,0.07594259135724016,0.5963958272968855,7.92,0.0,0.1763878315687179,-0.2411877803888327,6.635,0.1763878315687179,0.1962741464376449,0.6,11643.238158178
11643.26166895,0.5970443309192336,0.10418361932823203,0.5978580602620821,7.199999999999999,0.0,0.1763878315687179,-0.027558214056803365,6.640000000000001,0.0,0.0,0.5384784936904907,11643.258006042
11643.267218017,0.5883132248483447,0.12501370916325405,0.5993213439020421,6.66,0.0,0.0,-0.16489150669878683,6.6450000000000005,0.0,0.0,0.5384784936904907,11643.258006042
11643.271660771,0.5769477907163392,0.1282386757766008,0.6008598077254436,5.9399999999999995,0.54,0.0,3.024292733542886,6.65,0.0,0.0,0.5384784936904907,11643.258006042
11643.277215278,0.5554206474686106,0.14799047845359975,0.601609970216164,6.12,0.36,0.0,4.321329386272785,6.655,0.0,0.0,0.5384784936904907,11643.258006042
11643.281652464,0.5315815210974634,0.15759066459798698,0.6024208136970488,6.66,0.0,0.0,0.4302194280831415,6.66,0.1921275109052658,0.0,0.3791886270046234,11643.278057428
11643.287234938,0.5108027075745788,0.16522651699822669,0.6028086551132478,7.02,0.0,0.1921275109052658,-0.4395580919828088,6.665,0.1921275109052658,0.0,0.3791886270046234,11643.278057428
11643.291678332,0.488083187725551,0.16562150114542504,0.6032391235091874,7.56,0.0,0.1921275109052658,-0.27170628986482903,6.67,0.1921275109052658,0.0,0.3791886270046234,11643.278057428
11643.297278407,0.4654007807363453,0.1687636192726127,0.6024435564663072,8.1,0.0,0.1921275109052658,0.018219550157191122,6.675,0.1921275109052658,0.0,0.3791886270046234,11643.278057428
11643.301723977,0.4466887763275913,0.17405055253693014,0.6020544409777763,8.459999999999999,0.0,0.1921275109052658,-0.42429883724481066,6.68,0.531853437423706,0.0825221836566925,0.4317411184310913,11643.298167918
11643.307269396,0.4268187371615367,0.17031033774894608,0.6019111448436285,9.0,0.0,0.531853437423706,-0.3327433088168217,6.6850000000000005,0.531853437423706,0.0825221836566925,0.4317411184310913,11643.298167918
11643.311816247,0.40440244841829276,0.16772405759366962,0.6000037745457474,9.54,0.0,0.531853437423706,-0.2411877803888327,6.69,0.531853437423706,0.0825221836566925,0.4317411184310913,11643.298167918
11643.317361729,0.3782029844228488,0.17432278303192184,0.5985498928074697,9.9,0.0,0.531853437423706,-0.07333597827079785,6.695,0.531853437423706,0.0825221836566925,0.4317411184310913,11643.298167918
11643.321812451,0.35101017068293233,0.1719323751676262,0.5988559810792147,10.44,0.0,0.531853437423706,-0.10385448774679418,6.7,0.4899777472019195,0.2805870175361633,0.1877274066209793,11643.317694692
11643.327393262,0.3222678906265959,0.1690863483195464,0.5966764864717563,10.799999999999999,0.0,0.4899777472019195,-0.22592852565083454,6.705,0.4899777472019195,0.2805870175361633,0.1877274066209793,11643.317694692
11643.331838512,0.2953093088943676,0.16865316341569325,0.5912962940989902,11.16,0.0,0.4899777472019195,-0.363261818292818,6.71,0.4899777472019195,0.2805870175361633,0.1877274066209793,11643.317694692
11643.337378715,0.26795897219887854,0.17188988587144252,0.5855161497798159,11.52,0.0,0.4899777472019195,-0.22592852565083454,6.715,0.4899777472019195,0.2805870175361633,0.1877274066209793,11643.317694692
11643.341966206,0.24358457304631442,0.19215528405385018,0.5771530422793025,11.879999999999999,0.0,0.4899777472019195,-0.10385448774679418,6.72,0.3154938817024231,0.3602623045444488,0.0,11643.337714877
11643.347514121,0.22068012713860038,0.21098623962230145,0.5611257166688041,12.24,0.0,0.3154938817024231,-0.1343729972227905,6.7250000000000005,0.3154938817024231,0.3602623045444488,0.0,11643.337714877
11643.3520275,0.20654636260312265,0.22224756687463132,0.5459338098662257,12.78,0.0,0.3154938817024231,-0.2411877803888327,6.73,0.3154938817024231,0.3602623045444488,0.0,11643.337714877
11643.3577766,0.20256462850431292,0.2531210320042259,0.5322273693104517,13.32,0.0,0.3154938817024231,-0.42429883724481066,6.735,0.3154938817024231,0.3602623045444488,0.0,11643.337714877
11643.362284763,0.19957109998589329,0.2789855752925791,0.5145221364079221,14.04,0.0,0.3154938817024231,-0.363261818292818,6.74,0.5904811024665833,0.4548131227493286,0.0890533626079559,11643.357826456
11643.366709533,0.19879967237661578,0.29164049901975747,0.4945679426015091,14.94,0.0,0.5904811024665833,-0.19541001617478315,6.745,0.5904811024665833,0.4548131227493286,0.0890533626079559,11643.357826456
11643.372273064,0.20088389405361579,0.31488197147397706,0.4768049995022985,16.02,0.0,0.5904811024665833,-0.10385448774679418,6.75,0.5904811024665833,0.4548131227493286,0.0890533626079559,11643.357826456
11643.37671217,0.20387879874449932,0.33151174074171746,0.45783474042614003,17.28,0.0,0.5904811024665833,-0.4090395825068125,6.755,0.5904811024665833,0.4548131227493286,0.0890533626079559,11643.357826456
11643.382386838,0.20764300039445918,0.3416692656298662,0.4343668570082993,18.72,0.0,0.5904811024665833,-0.14963225196078866,6.76,0.6,0.5459809899330139,0.1001129224896431,11643.377958003
11643.386866936,0.22097940832639293,0.34952927774933723,0.41159507269607887,20.16,0.0,0.6,-0.4090395825068125,6.765000000000001,0.6,0.5459809899330139,0.1001129224896431,11643.377958003
11643.392470659,0.23903360640784413,0.3471220454460573,0.38882772068743465,21.779999999999998,0.0,0.6,-0.2411877803888327,6.7700000000000005,0.6,0.5459809899330139,0.1001129224896431,11643.377958003
11643.397052423,0.25456084573920745,0.3431600473738273,0.3672515262094209,23.58,0.0,0.6,-0.180150761436785,6.775,0.6,0.5459809899330139,0.1001129224896431,11643.377958003
11643.402761139,0.27075061892277125,0.35544963263464346,0.34946200853179943,25.56,0.0,0.6,-0.25644703512683087,6.78,0.6,0.5540311336517334,0.3931057155132293,11643.397999822
11643.407353238,0.2929460950423555,0.3782789127101464,0.3339995551592063,27.54,0.0,0.6,-0.21066927091278131,6.785,0.6,0.5540311336517334,0.3931057155132293,11643.397999822
11643.411791352,0.31360245356579336,0.39466982841735115,0.3176922976677671,29.7,0.0,0.6,-0.34800256355481984,6.79,0.6,0.5540311336517334,0.3931057155132293,11643.397999822
11643.417418756,0.3332645648614869,0.4159456528563643,0.30411840179005395,32.04,0.0,0.6,-0.5921506393627904,6.795,0.6,0.5540311336517334,0.3931057155132293,11643.397999822
11643.42206772,0.3560192188732591,0.433970400018517,0.2919834057746295,34.199999999999996,0.0,0.6,-0.08859523300879601,6.8,0.4570786952972412,0.5836142897605896,0.4644632637500763,11643.417962472
11643.427727059,0.3790646632587301,0.4563862793340162,0.28019599505801984,36.36,0.18,0.4570786952972412,-0.2869655446028272,6.805,0.4570786952972412,0.5836142897605896,0.4644632637500763,11643.417962472
11643.432194998,0.3978690147002041,0.4660934440085626,0.26990585092020486,38.519999999999996,0.36,0.4570786952972412,0.033478804895189285,6.8100000000000005,0.4570786952972412,0.5836142897605896,0.4644632637500763,11643.417962472
11643.438006434,0.41891848391749115,0.48429134536881535,0.26353352092192667,40.5,0.72,0.4570786952972412,-0.363261818292818,6.815,0.4570786952972412,0.5836142897605896,0.4644632637500763,11643.417962472
11643.442498213,0.4360450880260948,0.4912492407023743,0.26262341703970454,41.94,1.44,0.4570786952972412,-0.21066927091278131,6.82,0.3901730179786682,0.6,0.5076779723167419,11643.438049443
11643.446939495,0.4488006490958221,0.49857187811371856,0.2619537746226571,43.379999999999995,2.52,0.3901730179786682,-0.08859523300879601,6.825,0.3901730179786682,0.6,0.5076779723167419,11643.438049443
11643.452472818,0.46247499197638553,0.5106452485307652,0.2613564584575627,44.1,4.32,0.3901730179786682,-0.05807672353279969,6.83,0.3901730179786682,0.6,0.5076779723167419,11643.438049443
11643.45691666,0.4748886946923324,0.5166050279970456,0.26657544636954805,44.46,6.84,0.3901730179786682,-0.30222479934082536,6.835,0.3901730179786682,0.6,0.5076779723167419,11643.438049443
11643.46179929,0.4828003136219752,0.5206555469499922,0.27951086571098244,44.28,9.9,0.3901730179786682,0.018219550157191122,6.84,0.3727107346057892,0.6,0.6,11643.4584064
11643.46747639,0.4925461863876981,0.5166674656064797,0.2933440231979293,43.92,13.139999999999999,0.3727107346057892,-0.25644703512683087,6.845,0.3727107346057892,0.6,0.6,11643.4584064
11643.472069993,0.5024626673196066,0.5235887825054338,0.3096730305814583,43.379999999999995,16.56,0.3727107346057892,-0.10385448774679418,6.8500000000000005,0.3727107346057892,0.6,0.6,11643.4584064
11643.477615956,0.5086529161200032,0.5174432441307287,0.3312369874856277,42.66,19.08,0.3727107346057892,-0.3327433088168217,6.855,0.3727107346057892,0.6,0.6,11643.4584064
11643.482075574,0.5164663735687635,0.510643599619039,0.35187982314329364,42.3,20.52,0.3727107346057892,-0.012298959318805203,6.86,0.048892755061388,0.6,0.6,11643.478246361
11643.487709537,0.5252874947295774,0.5144826036338124,0.371256474270859,42.3,20.7,0.048892755061388,-0.11911374248479234,6.865,0.048892755061388,0.6,0.6,11643.478246361
11643.492171108,0.531649933155336,0.5116391192953487,0.39132964613400384,42.48,19.439999999999998,0.048892755061388,0.00296029541919296,6.87,0.048892755061388,0.6,0.6,11643.478246361
11643.498254515,0.5384914203518718,0.5202908862932726,0.40707717531502124,42.66,17.64,0.048892755061388,-0.5158543656727996,6.875,0.048892755061388,0.6,0.6,11643.478246361
11643.501679341,0.5454989333139072,0.5266651479388457,0.41941881614174764,42.66,15.12,0.048892755061388,0.018219550157191122,6.88,0.0,0.6,0.6,11643.498191506
11643.507449466,0.5510990604540414,0.5357420301237343,0.4351901286457594,42.66,11.879999999999999,0.0,-0.2869655446028272,6.885,0.0,0.6,0.6,11643.498191506
11643.51194358,0.5560723923315342,0.5225227221011237,0.45016444788876664,42.66,8.28,0.0,-0.16489150669878683,6.890000000000001,0.0,0.6,0.6,11643.498191506
11643.517475815,0.5615678714322374,0.5018076614947609,0.4621969890466129,42.48,4.32,0.0,-0.2411877803888327,6.8950000000000005,0.0,0.6,0.6,11643.498191506
11643.52201505,0.5649679515145435,0.4826413446785781,0.47564849300930684,42.12,0.18,0.0,-0.16489150669878683,6.9,0.0,0.6,0.6,11643.518098924
11643.527553141,0.5676149879018043,0.4730312186077482,0.48954144030276586,39.24,0.36,0.0,-0.30222479934082536,6.905,0.0,0.6,0.6,11643.518098924
11643.532030871,0.568966437095629,0.45708222040472146,0.5017855405603164,36.9,1.44,0.0,-0.47007660145880514,6.91,0.0,0.6,0.6,11643.518098924
11643.537668547,0.5691600215165891,0.43660888105007273,0.5160196426979653,34.74,1.08,0.0,-0.454817346720807,6.915,0.0,0.6,0.6,11643.518098924
11643.54220647,0.5701111128519051,0.4186486561674121,0.5275495400618768,31.68,0.54,0.0,-0.27170628986482903,6.92,0.0,0.6,0.6,11643.538415592
11643.547720624,0.5720243181295785,0.3974908685253253,0.5347581770673009,28.619999999999997,0.0,0.0,-0.4090395825068125,6.925,0.0,0.6,0.6,11643.538415592
11643.552197011,0.5732043816546335,0.37099339407951604,0.5426872446296885,25.56,0.0,0.0,0.09451582384718193,6.93,0.0,0.6,0.6,11643.538415592
11643.556742742,0.5741797367496797,0.3405025020664245,0.55048892373619,22.14,0.0,0.0,-0.5616321298867941,6.9350000000000005,0.0,0.6,0.6,11643.538415592
11643.562587203,0.5761587382381049,0.3111862298673045,0.5560161686109195,18.36,0.0,0.0,0.033478804895189285,6.94,0.0,0.6,0.6,11643.558211873
11643.567040709,0.5784473748284701,0.2770407371807505,0.5607275954080669,14.58,0.0,0.0,-0.2411877803888327,6.945,0.0,0.6,0.6,11643.558211873
11643.572643152,0.580202291558789,0.2538787679448294,0.5656239994354838,10.98,0.0,0.0,0.14029358806117642,6.95,0.0,0.6,0.6,11643.558211873
11643.577094322,0.5826108483989353,0.21738404918043103,0.5687228776844182,7.02,0.0,0.0,-0.180150761436785,6.955,0.0,0.6,0.6,11643.558211873
11643.582656925,0.5852995906929508,0.20367207224160014,0.5718955830518984,3.5999999999999996,4.5,0.0,-0.6531876583147831,6.96,0.0742528140544891,0.3518748879432678,0.6,11643.577965721
11643.587208288,0.5877793564954505,0.19323222154730552,0.5778083866993484,1.08,9.9,0.0742528140544891,-1.0499282815027353,6.965,0.0742528140544891,0.3518748879432678,0.6,11643.577965721
11643.591751779,0.5904419724342903,0.17131224345315763,0.5829767859689985,0.18,10.62,0.0742528140544891,-0.6837061677907794,6.97,0.0742528140544891,0.3518748879432678,0.6,11643.577965721
11643.597308398,0.5937325590923599,0.1560160490335788,0.58566436926538,0.36,8.1,0.0742528140544891,11.447401348918092,6.9750000000000005,0.0742528140544891,0.3518748879432678,0.6,11643.577965721
11643.601778481,0.5966017033040583,0.1460881969079772,0.5866084734276565,1.44,7.739999999999999,0.0742528140544891,1.1168858912930588,6.98,0.4262528121471405,0.395454078912735,0.6,11643.598216341
11643.607524797,0.598856488851673,0.1263242042031293,0.5870198508932856,3.06,5.9399999999999995,0.4262528121471405,-0.5616321298867941,6.985,0.4262528121471405,0.395454078912735,0.6,11643.598216341
11643.611962175,0.5994394781914436,0.10902401547076915,0.5861012024726872,4.859999999999999,2.88,0.4262528121471405,0.00296029541919296,6.99,0.4262528121471405,0.395454078912735,0.6,11643.598216341
11643.618049038,0.6017637226837234,0.1000029985463248,0.5843484161994994,6.84,-0.54,0.4262528121471405,6.503402813806577,6.995,0.4262528121471405,0.395454078912735,0.6,11643.598216341
11643.622658418,0.6019260641873331,0.091968936220311,0.5846269407623701,6.84,0.72,0.4262528121471405,0.2318491164891654,7.0,0.1503009498119354,0.1403265297412872,0.5657607316970825,11643.618007406
11643.627134452,0.6005735358361369,0.08141972758117874,0.5864495360994612,7.38,1.08,0.1503009498119354,-0.836298715170761,7.005,0.1503009498119354,0.1403265297412872,0.5657607316970825,11643.618007406
11643.632672511,0.6005992534517067,0.07278157505599095,0.5885593605360303,7.92,0.0,0.1503009498119354,-0.19541001617478315,7.01,0.1503009498119354,0.1403265297412872,0.5657607316970825,11643.618007406
11643.637281858,0.5992062475156186,0.057494329945171285,0.5903141220093783,7.56,0.18,0.1503009498119354,-0.11911374248479234,7.015000000000001,0.1503009498119354,0.1403265297412872,0.5657607316970825,11643.618007406
11643.641791365,0.5900036223159938,0.07464896268143216,0.5916538327848,7.56,0.0,0.1503009498119354,-0.2411877803888327,7.0200000000000005,0.0,0.0,0.5583065748214722,11643.63805972
11643.647390768,0.5752189247990939,0.09052756337358185,0.5937076005671916,7.38,0.0,0.0,-0.30222479934082536,7.025,0.0,0.0,0.5583065748214722,11643.63805972
11643.651824659,0.5617517767880972,0.11109534249136366,0.5954028717916703,6.84,0.0,0.0,-0.4090395825068125,7.03,0.0,0.0,0.5583065748214722,11643.63805972
11643.657488926,0.5436916005688498,0.11666704998954422,0.5963658894860565,6.3,0.0,0.0,3.1921445356608658,7.035,0.0,0.0,0.5583065748214722,11643.63805972
11643.66192272,0.5205624914138148,0.13556319201500286,0.596130666716674,6.3,0.18,0.0,0.6438489944151158,7.04,0.4268045127391815,0.0,0.4940839409828186,11643.658033058
11643.667454347,0.4995365711691285,0.13800351767299576,0.5964112339659623,6.4799999999999995,0.0,0.4268045127391815,0.14029358806117642,7.045,0.4268045127391815,0.0,0.4940839409828186,11643.658033058
11643.672018446,0.4790120542005611,0.13949565611859133,0.5964518824691498,6.66,0.0,0.4268045127391815,-0.363261818292818,7.05,0.4268045127391815,0.0,0.4940839409828186,11643.658033058
11643.677568089,0.4568897115025535,0.14963489205062191,0.5953449422870392,7.02,0.0,0.4268045127391815,-0.1343729972227905,7.055,0.4268045127391815,0.0,0.4940839409828186,11643.658033058
11643.682055164,0.4376488625858668,0.1459612929015242,0.5947158741049585,7.38,0.0,0.4268045127391815,-0.22592852565083454,7.0600000000000005,0.6,0.1202093735337257,0.4669350087642669,11643.678407967
11643.687688871,0.4194647271231581,0.1510120475192392,0.594708948548334,7.56,0.0,0.6,-0.22592852565083454,7.065,0.6,0.1202093735337257,0.4669350087642669,11643.678407967
11643.692169289,0.3991378653187644,0.14838330470565014,0.5935618783335824,7.92,0.0,0.6,-0.07333597827079785,7.07,0.6,0.1202093735337257,0.4669350087642669,11643.678407967
11643.69769634,0.3751708747405345,0.14705749044271108,0.592293510417595,8.28,0.0,0.6,-0.27170628986482903,7.075,0.6,0.1202093735337257,0.4669350087642669,11643.678407967
11643.702150838,0.34930159316792536,0.155288046152385,0.5927090923907234,8.459999999999999,0.0,0.6,-0.11911374248479234,7.08,0.3759451508522033,0.4405758082866668,0.0,11643.698314361
11643.706806234,0.3221998668924633,0.1730502493927556,0.5913590236775815,8.82,0.0,0.3759451508522033,-0.30222479934082536,7.085,0.3759451508522033,0.4405758082866668,0.0,11643.698314361
11643.712465542,0.29527380402488485,0.17394085393165798,0.5895561085381844,9.0,0.0,0.3759451508522033,-0.027558214056803365,7.09,0.3759451508522033,0.4405758082866668,0.0,11643.698314361
11643.716927464,0.26888269441896057,0.18534605316752148,0.5899175725623907,9.36,0.0,0.3759451508522033,0.04873805963318745,7.095,0.3759451508522033,0.4405758082866668,0.0,11643.698314361
11643.722657236,0.24360822851243386,0.2093706038228563,0.5897557044541359,9.9,0.0,0.3759451508522033,-0.34800256355481984,7.1000000000000005,0.2317092716693878,0.308714359998703,0.2093825042247772,11643.718137426
11643.727169335,0.22024049121882017,0.23329678886823518,0.584357271000182,10.44,0.0,0.2317092716693878,-0.30222479934082536,7.105,0.2317092716693878,0.308714359998703,0.2093825042247772,11643.718137426
11643.73169625,0.2027363820334087,0.2533629810718234,0.5775418026011412,11.16,0.0,0.2317092716693878,-0.10385448774679418,7.11,0.2317092716693878,0.308714359998703,0.2093825042247772,11643.718137426
11643.737294885,0.19645884109430461,0.2725371873504697,0.5714907230000031,12.059999999999999,0.0,0.2317092716693878,-0.08859523300879601,7.115,0.2317092716693878,0.308714359998703,0.2093825042247772,11643.718137426
11643.74198977,0.19596319869000783,0.29771255360018783,0.5587699945834014,13.139999999999999,0.0,0.2317092716693878,-0.08859523300879601,7.12,0.6,0.6,0.2145368009805679,11643.73796641
11643.747563092,0.19802206570253486,0.3090383939177132,0.5349331051645124,14.58,0.0,0.6,-0.30222479934082536,7.125,0.6,0.6,0.2145368009805679,11643.73796641
11643.75215628,0.2072894861287086,0.31074902865633786,0.507470900023926,15.84,0.0,0.6,-0.363261818292818,7.13,0.6,0.6,0.2145368009805679,11643.73796641
11643.756786108,0.22535246884114848,0.3173435113085202,0.47958464073123214,17.28,0.0,0.6,0.04873805963318745,7.135,0.6,0.6,0.2145368009805679,11643.73796641
11643.762456775,0.24064051844463513,0.32183290883042326,0.4515289251819807,18.9,0.0,0.6,-0.5158543656727996,7.140000000000001,0.6,0.6,0.4368135631084442,11643.758006117
11643.76693889,0.2559715783502219,0.31189427524411795,0.4288750235331645,20.34,0.0,0.6,-0.1343729972227905,7.1450000000000005,0.6,0.6,0.4368135631084442,11643.758006117
11643.772690838,0.2751736132770727,0.30542868776349563,0.40938850095140544,21.96,0.0,0.6,-0.25644703512683087,7.15,0.6,0.6,0.4368135631084442,11643.758006117
11643.777205561,0.29400289413564457,0.30917524911149225,0.3908666411625509,23.4,0.0,0.6,-0.08859523300879601,7.155,0.6,0.6,0.4368135631084442,11643.758006117
11643.781893341,0.3094915292505241,0.31660330748757404,0.37573958821733533,25.02,0.0,0.6,-0.22592852565083454,7.16,0.3915726244449615,0.4774962961673736,0.5566225647926331,11643.778396258
11643.787622569,0.33134880672205946,0.3313388600264049,0.36397926510977424,26.64,0.0,0.3915726244449615,-0.4090395825068125,7.165,0.3915726244449615,0.4774962961673736,0.5566225647926331,11643.778396258
11643.792136524,0.35549479839563736,0.35165854074328595,0.35498930047965294,28.08,0.0,0.3915726244449615,-0.14963225196078866,7.17,0.3915726244449615,0.4774962961673736,0.5566225647926331,11643.778396258
11643.797673399,0.37734455248806836,0.3625724537163616,0.3487149771587946,29.52,0.18,0.3915726244449615,0.018219550157191122,7.175,0.3915726244449615,0.4774962961673736,0.5566225647926331,11643.778396258
11643.802215162,0.4004195865901161,0.3804786827547449,0.3448028992054026,30.959999999999997,0.18,0.3915726244449615,-0.363261818292818,7.18,0.3905981779098511,0.5384569764137268,0.4706759750843048,11643.798308156
11643.806981566,0.42510153955662644,0.4181937836013527,0.3438473821896593,32.4,0.18,0.3905981779098511,-0.21066927091278131,7.1850000000000005,0.3905981779098511,0.5384569764137268,0.4706759750843048,11643.798308156
11643.811957157,0.443675948578647,0.4271741149047279,0.34339797797227195,33.3,0.54,0.3905981779098511,-0.3327433088168217,7.19,0.3905981779098511,0.5384569764137268,0.4706759750843048,11643.798308156
11643.818067604,0.45780246755212917,0.43268010602400003,0.34311287753364517,34.199999999999996,1.08,0.3905981779098511,0.15555284279917458,7.195,0.3905981779098511,0.5384569764137268,0.4706759750843048,11643.798308156
11643.822677079,0.46748797247591056,0.436370725145386,0.3455380853553274,34.74,1.98,0.3905981779098511,-0.180150761436785,7.2,0.3957952558994293,0.6,0.6,11643.818160725
11643.827128058,0.47379066949805704,0.4378072774948833,0.3521203378255994,34.92,3.06,0.3957952558994293,-0.21066927091278131,7.205,0.3957952558994293,0.6,0.6,11643.818160725
11643.83263274,0.47978204341979186,0.4492509496782853,0.36164661431950457,34.92,4.5,0.3957952558994293,-0.454817346720807,7.21,0.3957952558994293,0.6,0.6,11643.818160725
11643.837178983,0.485156318225673,0.4570512304012974,0.373578970146484,34.74,5.76,0.3957952558994293,-0.05807672353279969,7.215,0.3957952558994293,0.6,0.6,11643.818160725
11643.841737674,0.48847408815748244,0.4370217121685418,0.38918897673458824,34.56,6.4799999999999995,0.3957952558994293,-0.3327433088168217,7.22,0.0747703909873962,0.6,0.5271769165992737,11643.838068302
11643.847270997,0.49307237397216813,0.43095491317382084,0.40276692412912546,34.379999999999995,6.66,0.0747703909873962,-0.16489150669878683,7.2250000000000005,0.0747703909873962,0.6,0.5271769165992737,11643.838068302
11643.851822616,0.49994602056039167,0.440864305060087,0.4146042003691971,34.379999999999995,6.3,0.0747703909873962,-0.34800256355481984,7.23,0.0747703909873962,0.6,0.5271769165992737,11643.838068302
11643.857529572,0.5045952809741411,0.43205712312199457,0.43208796163279917,34.379999999999995,5.04,0.0747703909873962,0.018219550157191122,7.235,0.0747703909873962,0.6,0.5271769165992737,11643.838068302
11643.862092135,0.5104188676363761,0.435765697582592,0.44881772116037366,34.379999999999995,3.06,0.0747703909873962,-0.39378032776881433,7.24,0.0,0.6,0.6,11643.858092424
11643.867745523,0.5199238945345571,0.43987337745129573,0.461999376885174,34.56,0.72,0.0,-0.05807672353279969,7.245,0.0,0.6,0.6,11643.858092424
11643.872412439,0.5273034403811684,0.43148898985102024,0.47586419200931745,33.48,-0.18,0.0,-0.34800256355481984,7.25,0.0,0.6,0.6,11643.858092424
11643.876953498,0.5319684204281541,0.4282032025309752,0.48963051072774066,32.76,0.36,0.0,0.1097750785851801,7.255,0.0,0.6,0.6,11643.858092424
11643.881700286,0.5392090647298704,0.4291633800577242,0.4998330612903967,31.86,0.36,0.0,-0.5005951109348015,7.26,0.0,0.6,0.6,11643.878339365
11643.887431403,0.5458157498928776,0.43078684809838513,0.5083105035416391,30.599999999999998,-0.18,0.0,-0.16489150669878683,7.265000000000001,0.0,0.6,0.6,11643.878339365
11643.891962766,0.5498692416659491,0.4207945146753373,0.5149967593483055,29.34,0.0,0.0,-0.11911374248479234,7.2700000000000005,0.0,0.6,0.6,11643.878339365
11643.897596953,0.5555295625217637,0.4157340896783031,0.5192545360552551,28.259999999999998,0.0,0.0,0.00296029541919296,7.275,0.0,0.6,0.6,11643.878339365
11643.902512415,0.5603888623937101,0.3887472517806807,0.5254326995447227,26.459999999999997,0.0,0.0,-0.3174840540788235,7.28,0.0,0.5841643214225769,0.6,11643.898055868
11643.907180835,0.5639689965422761,0.35944623248253194,0.5329124444572183,24.66,0.0,0.0,-0.21066927091278131,7.285,0.0,0.5841643214225769,0.6,11643.898055868
11643.911693862,0.5677430461304727,0.32916299899161966,0.5386823726296456,22.68,0.0,0.0,-0.21066927091278131,7.29,0.0,0.5841643214225769,0.6,11643.898055868
11643.917361873,0.5711966098495773,0.29416715813316924,0.5451769838383965,20.34,0.0,0.0,-0.21066927091278131,7.295,0.0,0.5841643214225769,0.6,11643.898055868
11643.922056501,0.5733757687301116,0.2719477390364332,0.5520459439935831,18.0,0.0,0.0,-0.37852107303081617,7.3,0.0,0.5262560248374939,0.6,11643.918369049
11643.927704289,0.575406648659224,0.24121995689324227,0.5573313283780394,15.299999999999999,0.0,0.0,-0.180150761436785,7.305,0.0,0.5262560248374939,0.6,11643.918369049
11643.932199012,0.5780362479395628,0.22590107951163665,0.5620123088891388,12.42,0.0,0.0,-0.4395580919828088,7.3100000000000005,0.0,0.5262560248374939,0.6,11643.918369049
11643.936731879,0.5794876907745534,0.19654521495774893,0.5675257111898548,9.54,0.0,0.0,-0.16489150669878683,7.315,0.0,0.5262560248374939,0.6,11643.918369049
11643.942314322,0.5811604100125111,0.1784270109740228,0.5713413248447734,6.4799999999999995,0.0,0.0,-0.2869655446028272,7.32,0.1341179609298706,0.2943941950798034,0.6,11643.938325939
11643.946834132,0.5826378965613289,0.16663888191537926,0.5746348397621085,3.78,4.14,0.1341179609298706,0.32340464491715437,7.325,0.1341179609298706,0.2943941950798034,0.6,11643.938325939
11643.952422848,0.5842001116039777,0.14915421283165836,0.5802890499754465,1.98,7.739999999999999,0.1341179609298706,-0.4090395825068125,7.33,0.1341179609298706,0.2943941950798034,0.6,11643.938325939
11643.956910818,0.5846199212245595,0.14107681192600574,0.5844224912918206,1.44,7.38,0.1341179609298706,-0.11911374248479234,7.335,0.1341179609298706,0.2943941950798034,0.6,11643.938325939
11643.962671279,0.5832975472652739,0.10934135827732451,0.58702881454641,1.6199999999999999,6.4799999999999995,0.1341179609298706,1.223700674459046,7.34,0.4699560701847076,0.2263329178094864,0.6,11643.958223148
11643.967153393,0.5837138947779973,0.09929669752792732,0.5888667694764357,2.88,5.58,0.4699560701847076,-0.4853358561968033,7.345,0.4699560701847076,0.2263329178094864,0.6,11643.958223148
11643.971747221,0.5834329127102168,0.09091796494200419,0.5895698893444514,4.5,3.06,0.4699560701847076,-0.1343729972227905,7.3500000000000005,0.4699560701847076,0.2263329178094864,0.6,11643.958223148
11643.977326976,0.5826698254378042,0.07750374174228036,0.588269824496131,6.12,0.18,0.4699560701847076,6.56443983275857,7.355,0.4699560701847076,0.2263329178094864,0.6,11643.958223148
11643.981853538,0.5833410561093318,0.09157275556952622,0.5885104754161938,7.02,0.18,0.4699560701847076,-0.39378032776881433,7.36,0.3193966746330261,0.6,0.4550459384918213,11643.977958148
11643.987440429,0.583123883779237,0.1001185423849174,0.5901940207508873,8.1,0.18,0.3193966746330261,-0.19541001617478315,7.365,0.3193966746330261,0.6,0.4550459384918213,11643.977958148
11643.991953744,0.5782312722350387,0.10729556392129473,0.591820452722292,8.82,0.0,0.3193966746330261,-0.363261818292818,7.37,0.3193966746330261,0.6,0.4550459384918213,11643.977958148
11643.997534459,0.566591909022179,0.11184050447735283,0.5936073407070138,9.36,0.18,0.3193966746330261,-0.08859523300879601,7.375,0.3193966746330261,0.6,0.4550459384918213,11643.977958148
11644.002100318,0.5532881516403448,0.12421098842282062,0.5957160088957705,9.719999999999999,0.0,0.3193966746330261,-0.37852107303081617,7.38,0.0,0.028138268738985,0.6,11643.998310689
11644.007694346,0.5360653103193843,0.14259461586437816,0.5967886291367795,10.08,0.0,0.0,-0.2869655446028272,7.385,0.0,0.028138268738985,0.6,11643.998310689
11644.012168076,0.5115346331583664,0.1781722326257454,0.5962145427021399,10.26,0.0,0.0,-0.22592852565083454,7.390000000000001,0.0,0.028138268738985,0.6,11643.998310689
11644.016700175,0.49067899295578526,0.19593919165568893,0.5958856558447997,10.44,0.0,0.0,-0.19541001617478315,7.3950000000000005,0.0,0.028138268738985,0.6,11643.998310689
11644.021730358,0.4802417613050623,0.22215669880400762,0.5961644479042618,10.62,0.0,0.0,-0.19541001617478315,7.4,0.1085701584815979,0.0,0.4199601411819458,11644.018144698
11644.027281217,0.475863716399468,0.23294789230075383,0.5947133303802659,10.98,0.0,0.1085701584815979,-0.012298959318805203,7.405,0.1085701584815979,0.0,0.4199601411819458,11644.018144698
11644.031774563,0.471755982929102,0.2489315949155776,0.5937019455430073,11.34,0.0,0.1085701584815979,-0.30222479934082536,7.41,0.1085701584815979,0.0,0.4199601411819458,11644.018144698
11644.038017555,0.46997037443219536,0.24967825670713967,0.5943442055506107,11.7,0.0,0.1085701584815979,0.018219550157191122,7.415,0.1085701584815979,0.0,0.4199601411819458,11644.018144698
11644.042602295,0.46495908489512516,0.243873413412362,0.5938651228723762,12.059999999999999,0.0,0.1085701584815979,-0.363261818292818,7.42,0.5007144212722778,0.0096169179305434,0.4131704270839691,11644.038122932
11644.047103001,0.457318996827039,0.24579123977062778,0.5935185303457645,12.42,0.0,0.5007144212722778,-0.07333597827079785,7.425,0.5007144212722778,0.0096169179305434,0.4131704270839691,11644.038122932
11644.052807813,0.44791346001457133,0.2552632711711204,0.5939336377633132,12.78,0.0,0.5007144212722778,-0.10385448774679418,7.43,0.5007144212722778,0.0096169179305434,0.4131704270839691,11644.038122932
11644.057847436,0.43193545359673463,0.25089929483935014,0.5926226592329965,13.32,0.0,0.5007144212722778,-0.14963225196078866,7.4350000000000005,0.5007144212722778,0.0096169179305434,0.4131704270839691,11644.038122932
11644.06224363,0.40863012114128244,0.2555767265354058,0.5903680217741165,13.68,0.0,0.5007144212722778,-0.30222479934082536,7.44,0.5565310120582581,0.2406323552131652,0.3817348778247833,11644.057930253
11644.066704272,0.3814509156811854,0.250909990600932,0.5899300316807704,14.219999999999999,0.0,0.5565310120582581,-0.34800256355481984,7.445,0.5565310120582581,0.2406323552131652,0.3817348778247833,11644.057930253
11644.072440989,0.35237046462872734,0.2519719014937781,0.589277380723594,14.58,0.0,0.5565310120582581,-0.19541001617478315,7.45,0.5565310120582581,0.2406323552131652,0.3817348778247833,11644.057930253
11644.076854655,0.32280108451569905,0.2430449070803148,0.5808055959077133,15.299999999999999,0.0,0.5565310120582581,-0.3174840540788235,7.455,0.5565310120582581,0.2406323552131652,0.3817348778247833,11644.057930253
11644.082700428,0.29436060052092305,0.24926713317324883,0.5671359242672411,15.84,0.0,0.5565310120582581,-0.3174840540788235,7.46,0.3733431994915008,0.4292930662631988,0.0,11644.078112776
11644.087219983,0.26755153818321553,0.25669195008089374,0.5540762601233282,16.38,0.0,0.3733431994915008,-0.027558214056803365,7.465,0.3733431994915008,0.4292930662631988,0.0,11644.078112776
11644.091838898,0.24220732316008386,0.2594556897338863,0.5391965547002051,16.919999999999998,0.0,0.3733431994915008,-0.16489150669878683,7.47,0.3733431994915008,0.4292930662631988,0.0,11644.078112776
11644.097410493,0.21962169525185185,0.2590057745413968,0.5214921819317364,17.46,0.0,0.3733431994915008,-0.39378032776881433,7.4750000000000005,0.3733431994915008,0.4292930662631988,0.0,11644.078112776
11644.101864159,0.20553041713341338,0.27142164499892707,0.5068611010858539,18.18,0.0,0.3733431994915008,-0.4395580919828088,7.48,0.3313117623329162,0.4190364181995392,0.0600410364568233,11644.098236548
11644.107518859,0.19889123658197433,0.3040761315311603,0.49202699745927153,19.08,0.0,0.3313117623329162,-0.14963225196078866,7.485,0.3313117623329162,0.4190364181995392,0.0600410364568233,11644.098236548
11644.112205839,0.19541265966799426,0.3244907532665494,0.4739286858277507,19.98,0.0,0.3313117623329162,-0.05807672353279969,7.49,0.3313117623329162,0.4190364181995392,0.0600410364568233,11644.098236548
11644.116729778,0.19499699088579264,0.34417230897302736,0.4566989154496091,21.06,0.0,0.3313117623329162,-0.2411877803888327,7.495,0.3313117623329162,0.4190364181995392,0.0600410364568233,11644.098236548
11644.122548735,0.19968120127706185,0.35670607449488506,0.44058701579469206,22.32,0.0,0.3313117623329162,-0.25644703512683087,7.5,0.6,0.6,0.3050222992897033,11644.1179743
11644.127255811,0.20831187914812882,0.3680085652011676,0.4215203084868058,23.58,0.0,0.6,-0.07333597827079785,7.505,0.6,0.6,0.3050222992897033,11644.1179743
11644.131877127,0.21848922408539562,0.3674107003225789,0.4005550416682956,25.02,0.0,0.6,-0.3174840540788235,7.51,0.6,0.6,0.3050222992897033,11644.1179743
11644.137537842,0.23754076243313027,0.37353462790465486,0.3797195260737401,26.64,0.0,0.6,-0.04281746879480153,7.515000000000001,0.6,0.6,0.3050222992897033,11644.1179743
11644.14216863,0.25973012444108595,0.3717567061674956,0.3584040116295261,28.08,0.0,0.6,-0.1343729972227905,7.5200000000000005,0.6,0.6,0.4280917644500732,11644.138314488
11644.147717953,0.2788073797688202,0.3756356401153563,0.33961295322520235,29.7,0.0,0.6,-0.19541001617478315,7.525,0.6,0.6,0.4280917644500732,11644.138314488
11644.152163811,0.3006923390909885,0.37529536671281966,0.3240271906783533,31.32,0.0,0.6,-0.08859523300879601,7.53,0.6,0.6,0.4280917644500732,11644.138314488
11644.158243026,0.3275778943395934,0.37482116296714124,0.31219034066572754,32.76,0.18,0.6,-0.07333597827079785,7.535,0.6,0.6,0.4280917644500732,11644.138314488
11644.161732973,0.35092459065951404,0.3672983420841136,0.3037466668955892,34.199999999999996,0.54,0.6,-0.30222479934082536,7.54,0.3621314764022827,0.5097276568412781,0.5138706564903259,11644.158179954
11644.167297848,0.3756809875708251,0.39048111223277004,0.29792418782634145,35.46,0.8999999999999999,0.3621314764022827,-0.16489150669878683,7.545,0.3621314764022827,0.5097276568412781,0.5138706564903259,11644.158179954
11644.171892027,0.40150411588528934,0.4002068574336867,0.2965049791403244,36.36,1.6199999999999999,0.3621314764022827,-0.21066927091278131,7.55,0.3621314764022827,0.5097276568412781,0.5138706564903259,11644.158179954
11644.177468966,0.4235893423201632,0.41984064877194316,0.29645101078581887,36.9,2.88,0.3621314764022827,-0.4090395825068125,7.555,0.3621314764022827,0.5097276568412781,0.5138706564903259,11644.158179954
11644.182016425,0.4419386380826724,0.43749363720166107,0.2959543224610027,37.26,4.32,0.3621314764022827,-0.2411877803888327,7.5600000000000005,0.3542175889015198,0.59720778465271,0.4931451380252838,11644.178297453
11644.187721365,0.46143038432068517,0.4581834550607385,0.29737085611731945,37.44,6.12,0.3542175889015198,-0.39378032776881433,7.565,0.3542175889015198,0.59720778465271,0.4931451380252838,11644.178297453
11644.192307513,0.47583794223147247,0.47211596693712105,0.30323060061728374,37.26,8.1,0.3542175889015198,-0.3327433088168217,7.57,0.3542175889015198,0.59720778465271,0.4931451380252838,11644.178297453
11644.196755835,0.48598491848311487,0.4746008450726745,0.3103311917424837,36.9,10.26,0.3542175889015198,-0.454817346720807,7.575,0.3542175889015198,0.59720778465271,0.4931451380252838,11644.178297453
11644.202418631,0.49332902508182325,0.47948503733570896,0.31969503941940475,36.72,12.24,0.3542175889015198,0.00296029541919296,7.58,0.3242257535457611,0.6,0.5542851090431213,11644.197839171
11644.20706849,0.49759146066853494,0.48625496251077976,0.33599766585685553,36.36,13.5,0.3242257535457611,-0.22592852565083454,7.585,0.3242257535457611,0.6,0.5542851090431213,11644.197839171
11644.212753142,0.5021950778991124,0.48530698446312615,0.355654597125493,36.36,14.04,0.3242257535457611,0.00296029541919296,7.59,0.3242257535457611,0.6,0.5542851090431213,11644.197839171
11644.217244857,0.5108734359457537,0.48624595249132585,0.37307475145166397,36.54,13.68,0.3242257535457611,-0.1343729972227905,7.595,0.3242257535457611,0.6,0.5542851090431213,11644.197839171
11644.221921693,0.5174636045766602,0.4844136128961613,0.3917753763532956,36.9,12.42,0.3242257535457611,-0.10385448774679418,7.6000000000000005,0.0,0.6,0.6,11644.218007647
11644.227493256,0.5226983420683216,0.48513920251599996,0.40796943732878477,37.08,10.62,0.0,-0.3174840540788235,7.605,0.0,0.6,0.6,11644.218007647
11644.232052011,0.5301615273661799,0.48707484227663733,0.41897328353748575,37.44,8.459999999999999,0.0,0.14029358806117642,7.61,0.0,0.6,0.6,11644.218007647
11644.238063385,0.5363284836423361,0.48099969096723005,0.4324534942015432,37.44,5.9399999999999995,0.0,-0.30222479934082536,7.615,0.0,0.6,0.6,11644.218007647
11644.242735293,0.5406546786806082,0.4733083952569026,0.44631876224683276,37.44,3.2399999999999998,0.0,-0.30222479934082536,7.62,0.0,0.6,0.6,11644.238171738
11644.2472544,0.5473892220021004,0.46578571023248216,0.4568000033989137,37.26,0.36,0.0,-0.3327433088168217,7.625,0.0,0.6,0.6,11644.238171738
11644.251803203,0.5534484001228236,0.46224588153693325,0.46817411665420006,35.46,0.18,0.0,-0.2869655446028272,7.63,0.0,0.6,0.6,11644.238171738
11644.257434767,0.5558619634007579,0.4558639186065665,0.483158361673886,34.199999999999996,0.8999999999999999,0.0,-0.454817346720807,7.635,0.0,0.6,0.6,11644.238171738
11644.262037586,0.5588351288183807,0.43034338552382834,0.49556451041686345,32.58,0.72,0.0,0.21658986175116723,7.640000000000001,0.0,0.6,0.6,11644.257966291
11644.267616477,0.5622635391479704,0.4053369713028526,0.5070147212623253,30.419999999999998,0.18,0.0,-0.10385448774679418,7.6450000000000005,0.0,0.6,0.6,11644.257966291
11644.27208112,0.5648009141448431,0.3857493571833091,0.5183726724728424,28.259999999999998,0.18,0.0,-0.14963225196078866,7.65,0.0,0.6,0.6,11644.257966291
11644.277602858,0.5672196377969895,0.36121817007442186,0.5274501168177517,25.919999999999998,0.18,0.0,-0.11911374248479234,7.655,0.0,0.6,0.6,11644.257966291
11644.282223054,0.5699430960685007,0.3245143711520887,0.5349485401102267,23.04,0.0,0.0,0.1860713522751709,7.66,0.0,0.5712209939956665,0.6,11644.278181519
11644.287782617,0.5719786429943944,0.29831507220083203,0.5432073404784056,19.98,0.0,0.0,-0.180150761436785,7.665,0.0,0.5712209939956665,0.6,11644.278181519
11644.292254299,0.5738556176764417,0.2637211977404232,0.5497206567043812,16.919999999999998,0.0,0.0,-0.11911374248479234,7.67,0.0,0.5712209939956665,0.6,11644.278181519
11644.298069512,0.5762086994580002,0.23874565453569072,0.5547075835831381,13.68,0.0,0.0,-0.3327433088168217,7.675,0.0,0.5712209939956665,0.6,11644.278181519
11644.302772844,0.5781227922896753,0.21626143134322157,0.5602176152534638,10.08,0.0,0.0,-0.11911374248479234,7.68,0.000773960375227,0.566769540309906,0.6,11644.298008295
11644.307279983,0.5800182408946821,0.19902859351063493,0.5645333085027485,6.66,0.0,0.000773960375227,-0.6226691488387868,7.6850000000000005,0.000773960375227,0.566769540309906,0.6,11644.298008295
11644.31282377,0.582527997662782,0.17415096992903537,0.5678762247370616,3.5999999999999996,4.859999999999999,0.000773960375227,0.9032563249610845,7.69,0.000773960375227,0.566769540309906,0.6,11644.298008295
11644.317287196,0.5850179759714462,0.15924239468214024,0.5745359373040377,1.44,9.18,0.000773960375227,-2.438520462660623,7.695,0.000773960375227,0.566769540309906,0.6,11644.298008295
11644.321752542,0.5866867428411635,0.14628146607202755,0.5797030801674452,0.54,9.54,0.000773960375227,0.09451582384718193,7.7,0.2317078560590744,0.2260463237762451,0.6,11644.317951393
11644.327283433,0.587456740216846,0.14088625321612777,0.5820470590849082,0.72,6.84,0.2317078560590744,32.91717276528212,7.705,0.2317078560590744,0.2260463237762451,0.6,11644.317951393
11644.332794036,0.5882729946897078,0.12085282662799035,0.5835534344707611,1.7999999999999998,7.199999999999999,0.2317078560590744,-0.27170628986482903,7.71,0.2317078560590744,0.2260463237762451,0.6,11644.317951393
11644.337343511,0.5891798093119585,0.10801521717916744,0.5851979803078953,3.42,5.04,0.2317078560590744,2.1392559587389925,7.715,0.2317078560590744,0.2260463237762451,0.6,11644.317951393
11644.342081723,0.5899450130398104,0.09116445075952063,0.5841747232590704,5.22,1.6199999999999999,0.2317078560590744,0.6133304849391195,7.72,0.565686047077179,0.2318783700466156,0.6,11644.338124989
11644.347739335,0.5912932425086593,0.07657440893781525,0.5831087452374225,6.4799999999999995,0.0,0.565686047077179,2.1239967040009944,7.7250000000000005,0.565686047077179,0.2318783700466156,0.6,11644.338124989
11644.352362123,0.5918939240967375,0.07414056615542582,0.5842086119556223,7.56,0.36,0.565686047077179,0.06399731437118561,7.73,0.565686047077179,0.2318783700466156,0.6,11644.338124989
11644.356829902,0.5918084551573605,0.0752179491635807,0.5853219963240004,8.459999999999999,0.18,0.565686047077179,-0.8973357341227537,7.735,0.565686047077179,0.2318783700466156,0.6,11644.338124989
11644.362620699,0.5909500784945798,0.06720479835957265,0.5876555579260191,8.64,0.18,0.565686047077179,0.12503433332317826,7.74,0.301676869392395,0.5840179920196533,0.4241654872894287,11644.358133016
11644.367195646,0.5907511985380905,0.07906280912955208,0.5900265376295698,8.82,0.0,0.301676869392395,-0.5768913846247923,7.745,0.301676869392395,0.5840179920196533,0.4241654872894287,11644.358133016
11644.371987203,0.5879836810385332,0.09391758570830548,0.591518195526092,8.82,0.0,0.301676869392395,0.033478804895189285,7.75,0.301676869392395,0.5840179920196533,0.4241654872894287,11644.358133016
11644.377586543,0.5767912168252631,0.11129121068524832,0.5931448289023503,8.64,0.0,0.301676869392395,-0.30222479934082536,7.755,0.301676869392395,0.5840179920196533,0.4241654872894287,11644.358133016
11644.382013745,0.5626022529445401,0.13540169529002172,0.5951060553037443,8.28,0.0,0.301676869392395,-0.1343729972227905,7.76,0.0,0.1355928182601928,0.6,11644.378109939
11644.387539612,0.5476633689916319,0.15753968261807588,0.5963558655506216,7.92,0.0,0.0,-0.30222479934082536,7.765000000000001,0.0,0.1355928182601928,0.6,11644.378109939
11644.392024863,0.5271039699509126,0.18587531901812196,0.5968067738068831,7.739999999999999,0.0,0.0,0.20133060701316907,7.7700000000000005,0.0,0.1355928182601928,0.6,11644.378109939
11644.397543625,0.5099242900304872,0.21550074987642334,0.5953213727050958,7.56,0.0,0.0,-0.363261818292818,7.775,0.0,0.1355928182601928,0.6,11644.378109939
11644.402012044,0.4988635647131778,0.23614559046947659,0.5954675781645546,7.38,0.0,0.0,-0.012298959318805203,7.78,0.0617082975804805,0.0,0.5630254149436951,11644.398316783
11644.407535863,0.4947147024998529,0.25225638548157286,0.5947338122989323,7.56,0.0,0.0617082975804805,-0.04281746879480153,7.785,0.0617082975804805,0.0,0.5630254149436951,11644.398316783
11644.412072954,0.4913142503183484,0.2728020823742112,0.5930062172542192,7.56,0.0,0.0617082975804805,0.09451582384718193,7.79,0.0617082975804805,0.0,0.5630254149436951,11644.398316783
11644.417927559,0.489652520807113,0.27721694579669043,0.592908252197848,7.92,0.0,0.0617082975804805,-0.11911374248479234,7.795,0.0617082975804805,0.0,0.5630254149436951,11644.398316783
11644.422654188,0.4853410049199587,0.277560336673413,0.5930319609505097,8.28,0.0,0.0617082975804805,-0.08859523300879601,7.8,0.4164950847625732,0.0,0.5372064709663391,11644.417975432
11644.427132687,0.47547907873812895,0.27087438443034845,0.5928353764117602,8.82,0.0,0.4164950847625732,-0.47007660145880514,7.805000000000001,0.4164950847625732,0.0,0.5372064709663391,11644.417975432
11644.432668922,0.4649909061810364,0.2709528407788022,0.5929528289456862,9.36,0.0,0.4164950847625732,-0.08859523300879601,7.8100000000000005,0.4164950847625732,0.0,0.5372064709663391,11644.417975432
11644.437162301,0.45101155403037385,0.2718361233311253,0.5928177506789428,10.08,0.0,0.4164950847625732,-0.2411877803888327,7.815,0.4164950847625732,0.0,0.5372064709663391,11644.417975432
11644.442806408,0.42853026584607595,0.27110384980214075,0.5915454951035819,10.98,0.0,0.4164950847625732,-0.19541001617478315,7.82,0.6,0.2388843446969986,0.2864302098751068,11644.438231909
11644.447269067,0.40200183300196896,0.26308241338053984,0.5916259549809716,11.7,0.0,0.6,-0.34800256355481984,7.825,0.6,0.2388843446969986,0.2864302098751068,11644.438231909
11644.452797334,0.37222297592565456,0.2589612617315261,0.5917009774073014,12.78,0.0,0.6,-0.2869655446028272,7.83,0.6,0.2388843446969986,0.2864302098751068,11644.438231909
11644.45725756,0.34311100589298843,0.27114256742324677,0.5899152876235256,13.68,0.0,0.6,-0.1343729972227905,7.835,0.6,0.2388843446969986,0.2864302098751068,11644.438231909
11644.462786499,0.3129842350303086,0.2623586648291041,0.5898781794950079,14.58,0.0,0.6,-0.1343729972227905,7.84,0.3715400099754333,0.3848071694374084,0.0,11644.458163711
11644.467244166,0.28501264358717054,0.2574279405252273,0.5902656382245339,15.66,0.0,0.3715400099754333,-0.454817346720807,7.845,0.3715400099754333,0.3848071694374084,0.0,11644.458163711
11644.472812081,0.2577076824116205,0.2558052410898921,0.5884890734942816,16.56,0.0,0.3715400099754333,-0.363261818292818,7.8500000000000005,0.3715400099754333,0.3848071694374084,0.0,11644.458163711
11644.477302324,0.23441161899751645,0.26896603657617785,0.5770501955022214,17.64,0.0,0.3715400099754333,-0.14963225196078866,7.855,0.3715400099754333,0.3848071694374084,0.0,11644.458163711
11644.481758486,0.2178679391528888,0.2692631184285743,0.5614626176761074,18.72,0.0,0.3715400099754333,-0.14963225196078866,7.86,0.3150543570518493,0.4757665395736694,0.0824801847338676,11644.477997209
11644.487291937,0.2101909040438516,0.28714416456400416,0.5454869611481868,19.8,0.0,0.3150543570518493,-0.05807672353279969,7.865,0.3150543570518493,0.4757665395736694,0.0824801847338676,11644.477997209
11644.49175802,0.2063056437903304,0.3171660388851673,0.525392255757975,21.06,0.0,0.3150543570518493,-0.3174840540788235,7.87,0.3150543570518493,0.4757665395736694,0.0824801847338676,11644.477997209
11644.497300527,0.20467772800654968,0.3369258021250275,0.5035780926679431,22.5,0.0,0.3150543570518493,-0.08859523300879601,7.875,0.3150543570518493,0.4757665395736694,0.0824801847338676,11644.477997209
11644.501758577,0.20621480667513412,0.35406930473518156,0.4848945587204624,23.939999999999998,0.0,0.3150543570518493,-0.25644703512683087,7.88,0.6,0.6,0.2034722715616226,11644.497923668
11644.507296572,0.20931842307415058,0.36770593478002517,0.4643646098331505,25.56,0.0,0.6,-0.42429883724481066,7.885,0.6,0.6,0.2034722715616226,11644.497923668
11644.511798399,0.212802344039749,0.3655977583175664,0.4407629602121394,27.18,0.0,0.6,-0.25644703512683087,7.890000000000001,0.6,0.6,0.2034722715616226,11644.497923668
11644.517332362,0.22519912262270797,0.36743867270616876,0.4174588442289332,28.799999999999997,0.0,0.6,-0.11911374248479234,7.8950000000000005,0.6,0.6,0.2034722715616226,11644.497923668
11644.521772461,0.24805734993762502,0.3642996697475077,0.3940561009722011,30.599999999999998,0.0,0.6,0.033478804895189285,7.9,0.6,0.5486890077590942,0.5133183002471924,11644.518006447
11644.527314936,0.27145916039095686,0.36905124394818895,0.3722400768759966,32.22,0.0,0.6,-0.27170628986482903,7.905,0.6,0.5486890077590942,0.5133183002471924,11644.518006447
11644.531775162,0.2941956258328246,0.3695894421735222,0.35433419169594466,33.839999999999996,0.0,0.6,-0.16489150669878683,7.91,0.6,0.5486890077590942,0.5133183002471924,11644.518006447
11644.537307941,0.32231607790572747,0.38998858077505466,0.33832092968635086,35.46,0.18,0.6,-0.34800256355481984,7.915,0.6,0.5486890077590942,0.5133183002471924,11644.518006447
11644.541887433,0.34879868710128903,0.39645764978014564,0.3238736374590824,36.9,0.54,0.6,-0.1343729972227905,7.92,0.329280287027359,0.5147238969802856,0.4903765618801117,11644.537905418
11644.547466036,0.37135881198372156,0.4038222410422445,0.31350936551870356,37.98,0.8999999999999999,0.329280287027359,-0.363261818292818,7.925,0.329280287027359,0.5147238969802856,0.4903765618801117,11644.537905418
11644.55191807,0.3959386304786482,0.42040267794942526,0.30819301430547436,38.879999999999995,1.98,0.329280287027359,-0.37852107303081617,7.930000000000001,0.329280287027359,0.5147238969802856,0.4903765618801117,11644.537905418
11644.557444833,0.4183485139844593,0.43907992965380727,0.30722928089223567,39.42,3.2399999999999998,0.329280287027359,0.018219550157191122,7.9350000000000005,0.329280287027359,0.5147238969802856,0.4903765618801117,11644.537905418
11644.561910532,0.43528332124336266,0.45233917012961367,0.30644363668729513,39.6,4.859999999999999,0.329280287027359,-0.2411877803888327,7.94,0.3217090964317322,0.5335270166397095,0.5218885540962219,11644.558086086
11644.567437999,0.45182440363611753,0.46823412244098633,0.306696438917248,39.6,7.02,0.3217090964317322,-0.180150761436785,7.945,0.3217090964317322,0.5335270166397095,0.5218885540962219,11644.558086086
11644.571850065,0.4650572126328925,0.48605061766668156,0.3140998780677427,39.42,9.18,0.3217090964317322,-0.21066927091278131,7.95,0.3217090964317322,0.5335270166397095,0.5218885540962219,11644.558086086
11644.577508349,0.4736983734241182,0.48606138343907895,0.3280252062284083,39.059999999999995,11.34,0.3217090964317322,-0.08859523300879601,7.955,0.3217090964317322,0.5335270166397095,0.5218885540962219,11644.558086086
11644.581961279,0.4815647852482053,0.49003192628618913,0.34297115663972316,38.879999999999995,12.78,0.3217090964317322,-0.1343729972227905,7.96,0.3701573014259338,0.6,0.6,11644.578444292
11644.587648811,0.48698169080417547,0.48686173795857296,0.36047183428321355,38.699999999999996,13.32,0.3701573014259338,0.018219550157191122,7.965,0.3701573014259338,0.6,0.6,11644.578444292
11644.59211963,0.49089119616269744,0.4904247072278335,0.3791693062357339,38.879999999999995,12.959999999999999,0.3701573014259338,-0.5005951109348015,7.97,0.3701573014259338,0.6,0.6,11644.578444292
11644.597666713,0.49609181492493426,0.48750247042604933,0.39319374060193646,39.059999999999995,11.879999999999999,0.3701573014259338,-0.05807672353279969,7.9750000000000005,0.3701573014259338,0.6,0.6,11644.578444292
11644.602126044,0.5002336975657085,0.48688629715492576,0.4073744009325028,39.24,10.26,0.3701573014259338,-0.2869655446028272,7.98,0.0,0.6,0.6,11644.598301726
11644.607646406,0.5033805464311158,0.48308366931525515,0.4227335930627572,39.42,8.1,0.0,0.00296029541919296,7.985,0.0,0.6,0.6,11644.598301726
11644.612133865,0.5088030324800789,0.48740387421239517,0.4343341026367703,39.6,5.58,0.0,-0.27170628986482903,7.99,0.0,0.6,0.6,11644.598301726
11644.618122232,0.5164776277048579,0.4910104144893659,0.4459387698374455,39.6,2.88,0.0,-0.16489150669878683,7.995,0.0,0.6,0.6,11644.598301726
11644.622841212,0.5217732418720735,0.488575411409997,0.4605488874667937,39.42,0.0,0.0,-0.14963225196078866,8.0,0.0,0.6,0.6,11644.618052823
11644.627423136,0.5276617797375152,0.4782150880335059,0.4747036877212521,37.62,0.18,0.0,-0.07333597827079785,8.005,0.0,0.6,0.6,11644.618052823
11644.631846274,0.5338489811994345,0.47210133239287366,0.4875998490307981,36.18,0.8999999999999999,0.0,-0.546372875148796,8.01,0.0,0.6,0.6,11644.618052823
11644.637469646,0.5381855820030921,0.4654461304898489,0.5031083677836677,34.92,0.36,0.0,0.21658986175116723,8.015,0.0,0.6,0.6,11644.618052823
11644.642018513,0.5427730073963235,0.4554682260360796,0.5146107919050722,33.12,-0.18,0.0,-0.42429883724481066,8.02,0.0,0.6,0.6,11644.638213267
11644.647566492,0.5485077639794607,0.43343584083977554,0.5238034511465669,30.959999999999997,0.0,0.0,0.04873805963318745,8.025,0.0,0.6,0.6,11644.638213267
11644.652041343,0.5525771647473975,0.40514215447818275,0.5337699572759045,28.799999999999997,0.0,0.0,-0.14963225196078866,8.03,0.0,0.6,0.6,11644.638213267
11644.657997805,0.5565807430437048,0.37869545752654316,0.5420874474113672,26.099999999999998,0.0,0.0,0.018219550157191122,8.035,0.0,0.6,0.6,11644.638213267
11644.662508336,0.5607952310436201,0.33824182396568003,0.5481250728203513,23.58,0.0,0.0,-0.6226691488387868,8.040000000000001,0.0,0.6,0.6,11644.657930828
11644.66693205,0.5644244291025167,0.3012206372202433,0.5545194700320312,20.7,0.0,0.0,0.033478804895189285,8.045,0.0,0.6,0.6,11644.657930828
11644.672659327,0.5671541060682636,0.27584187324207804,0.559852710587508,17.64,0.0,0.0,-0.5768913846247923,8.05,0.0,0.6,0.6,11644.657930828
11644.677168641,0.5703200798852113,0.24991516289047905,0.5640311160759468,14.399999999999999,0.0,0.0,-0.027558214056803365,8.055,0.0,0.6,0.6,11644.657930828
11644.682714636,0.5733489112134607,0.21709842255637885,0.5681717075925825,11.16,0.0,0.0,-0.180150761436785,8.06,0.0,0.6,0.6,11644.678175209
11644.68726744,0.575647693614023,0.19101888240881687,0.5721973893866616,7.739999999999999,0.0,0.0,-0.027558214056803365,8.065,0.0,0.6,0.6,11644.678175209
11644.691796083,0.5788801527522345,0.18095489284761104,0.5745581036637394,4.32,3.2399999999999998,0.0,5.145329142124686,8.07,0.0,0.6,0.6,11644.678175209
11644.697334334,0.5823307131659938,0.16460042598103142,0.5788601196496445,1.98,8.1,0.0,-0.5616321298867941,8.075,0.0,0.6,0.6,11644.678175209
11644.701779392,0.585528371307637,0.14118061471140314,0.5840895128057257,1.08,9.36,0.0,-0.92785424359875,8.08,0.0383061319589614,0.2757819294929504,0.6,11644.697796769
11644.707472332,0.5887830234884465,0.12680552610174095,0.586687637056321,0.8999999999999999,7.199999999999999,0.0383061319589614,6.015106662190636,8.085,0.0383061319589614,0.2757819294929504,0.6,11644.697796769
11644.711902799,0.5925819489948152,0.11583151533548516,0.587564837595267,1.6199999999999999,6.84,0.0383061319589614,0.24710837122716356,8.09,0.0383061319589614,0.2757819294929504,0.6,11644.697796769
11644.717434682,0.5961127753207455,0.09505224536233389,0.5886896816431787,3.2399999999999998,5.22,0.0383061319589614,1.4678487502670166,8.095,0.0383061319589614,0.2757819294929504,0.6,11644.697796769
11644.721862652,0.5997236855724647,0.07282871899250275,0.587573853725041,4.859999999999999,2.16,0.0383061319589614,-0.6989654225287776,8.1,0.4650385677814483,0.4417713284492492,0.5788776874542236,11644.718080671
11644.727397383,0.6032847632399294,0.07723512078662652,0.5856483587988777,6.4799999999999995,0.0,0.4650385677814483,0.567552720725125,8.105,0.4650385677814483,0.4417713284492492,0.5788776874542236,11644.718080671
11644.731817257,0.6058948142637105,0.05098574468613118,0.5865240476369127,7.38,0.18,0.4650385677814483,-1.0804467909787316,8.11,0.4650385677814483,0.4417713284492492,0.5788776874542236,11644.718080671
11644.737387924,0.6067859706483143,0.056781529882689134,0.5878400680429033,8.28,0.18,0.4650385677814483,-0.10385448774679418,8.115,0.4650385677814483,0.4417713284492492,0.5788776874542236,11644.718080671
11644.742024472,0.6063450946387758,0.06141622629456224,0.5890146959850202,8.64,0.18,0.4650385677814483,-0.21066927091278131,8.120000000000001,0.1010577902197837,0.1991530656814575,0.6,11644.7379006
11644.747579075,0.6060731166636503,0.04999486246269236,0.5912919197026739,8.82,0.18,0.1010577902197837,-0.012298959318805203,8.125,0.1010577902197837,0.1991530656814575,0.6,11644.7379006
11644.751995814,0.604860905011818,0.03482693624434489,0.5932499722724892,8.82,0.18,0.1010577902197837,-0.2411877803888327,8.13,0.1010577902197837,0.1991530656814575,0.6,11644.7379006
11644.757702418,0.6025294478692782,0.04047624050476531,0.5938265950395024,8.64,0.0,0.1010577902197837,0.00296029541919296,8.135,0.1010577902197837,0.1991530656814575,0.6,11644.7379006
11644.762200405,0.6005163394482631,0.05372988894260007,0.5940662327878189,7.92,0.0,0.1010577902197837,-0.39378032776881433,8.14,0.0,0.0,0.6,11644.758198038
11644.767726784,0.5968328812107343,0.08571474884311245,0.5940791436902942,7.199999999999999,0.0,0.0,-0.42429883724481066,8.145,0.0,0.0,0.6,11644.758198038
11644.772360804,0.5806295742903558,0.10566133861469942,0.5941722589496921,6.4799999999999995,0.0,0.0,-0.5158543656727996,8.15,0.0,0.0,0.6,11644.758198038
11644.776812614,0.5568524463970858,0.11918693461712103,0.5940505495649008,5.76,0.72,0.0,0.17081209753717275,8.155,0.0,0.0,0.6,11644.758198038
11644.782393457,0.5354852637183596,0.1431319907759015,0.5940799143380581,5.9399999999999995,0.54,0.0,5.389477217932656,8.16,0.4317917823791504,0.0,0.5598553419113159,11644.777806958
11644.786905268,0.5138995206535498,0.14716100927903983,0.5940544273186122,6.66,0.0,0.4317917823791504,1.3762932218390276,8.165000000000001,0.4317917823791504,0.0,0.5598553419113159,11644.777806958
11644.792625121,0.49030379927552303,0.16305283292229772,0.5939077626015706,6.84,0.0,0.4317917823791504,0.04873805963318745,8.17,0.4317917823791504,0.0,0.5598553419113159,11644.777806958
11644.797061155,0.4698936643744484,0.15082772576438877,0.5945084918454466,7.38,0.0,0.4317917823791504,-0.3174840540788235,8.175,0.4317917823791504,0.0,0.5598553419113159,11644.777806958
11644.802689423,0.4500951789490104,0.16207763237391212,0.594548760601687,7.92,0.0,0.4317917823791504,-0.25644703512683087,8.18,0.6,0.051554936915636,0.6,11644.798053995
11644.807213618,0.4279859426881965,0.14326749133609498,0.594562167184114,8.28,0.0,0.6,-0.4395580919828088,8.185,0.6,0.051554936915636,0.6,11644.798053995
11644.812793309,0.40138884712167827,0.14475924436979937,0.5945762102277485,8.64,0.0,0.6,-0.39378032776881433,8.19,0.6,0.051554936915636,0.6,11644.798053995
11644.817261792,0.373321130779093,0.1541983381717889,0.5946036971211193,9.0,0.0,0.6,-0.14963225196078866,8.195,0.6,0.051554936915636,0.6,11644.798053995
11644.821884164,0.3435936543941141,0.15828593061495477,0.594243880308948,9.54,0.0,0.6,-0.1343729972227905,8.2,0.4640073776245117,0.3453989326953888,0.1358238458633422,11644.817914853
11644.827441167,0.3154632067381168,0.17860613488219484,0.5936418364394033,9.9,0.0,0.4640073776245117,-0.180150761436785,8.205,0.4640073776245117,0.3453989326953888,0.1358238458633422,11644.817914853
11644.831996338,0.28738630754354944,0.19449170165204943,0.5938773287797666,10.26,0.0,0.4640073776245117,-0.4090395825068125,8.21,0.4640073776245117,0.3453989326953888,0.1358238458633422,11644.817914853
11644.837707422,0.261159274433825,0.20950191855029238,0.5937215491465939,10.799999999999999,0.0,0.4640073776245117,-0.180150761436785,8.215,0.4640073776245117,0.3453989326953888,0.1358238458633422,11644.817914853
11644.842259362,0.23683448116041705,0.24465684026978365,0.593513668028304,11.52,0.0,0.4640073776245117,-0.3174840540788235,8.22,0.1834829002618789,0.1965808272361755,0.3689309656620025,11644.838302979
11644.84779886,0.21911411156760918,0.2668654066700189,0.5934175513359101,12.24,0.0,0.1834829002618789,-0.04281746879480153,8.225,0.1834829002618789,0.1965808272361755,0.3689309656620025,11644.838302979
11644.852265071,0.2114752983712296,0.28282913322894115,0.5930307491546766,13.32,0.0,0.1834829002618789,-0.5311136204107978,8.23,0.1834829002618789,0.1965808272361755,0.3689309656620025,11644.838302979
11644.858156253,0.20709814505327295,0.31108120188008276,0.5913224710027912,14.399999999999999,0.0,0.1834829002618789,-0.027558214056803365,8.235,0.1834829002618789,0.1965808272361755,0.3689309656620025,11644.838302979
11644.862689888,0.20537680417178997,0.33419107004536086,0.590122221775115,15.84,0.0,0.1834829002618789,-0.180150761436785,8.24,0.6,0.2511217892169952,0.435860276222229,11644.858196093
11644.867177955,0.20675282313025242,0.34978189443318597,0.5901566603810573,17.28,0.0,0.6,-0.08859523300879601,8.245000000000001,0.6,0.2511217892169952,0.435860276222229,11644.858196093
11644.872748718,0.20863937197273175,0.3668225490194555,0.5862984535974928,19.259999999999998,0.0,0.6,-0.42429883724481066,8.25,0.6,0.2511217892169952,0.435860276222229,11644.858196093
11644.877217361,0.21035417046515395,0.37619663706113826,0.5748447411703043,21.24,0.0,0.6,0.04873805963318745,8.255,0.6,0.2511217892169952,0.435860276222229,11644.858196093
11644.882797148,0.21092041854437346,0.37379516140125096,0.5623808235712079,23.4,0.0,0.6,-0.30222479934082536,8.26,0.6,0.3501154482364654,0.4041883647441864,11644.87789951
11644.88726099,0.21213435862316768,0.37633326733331735,0.546623694311765,25.74,0.0,0.6,-0.07333597827079785,8.265,0.6,0.3501154482364654,0.4041883647441864,11644.87789951
11644.892822154,0.2132008797818647,0.37975683633481927,0.527405685555677,28.259999999999998,0.0,0.6,-0.3174840540788235,8.27,0.6,0.3501154482364654,0.4041883647441864,11644.87789951
11644.897282924,0.2154956191897617,0.3828008476471302,0.511639642985443,30.599999999999998,0.0,0.6,-0.34800256355481984,8.275,0.6,0.3501154482364654,0.4041883647441864,11644.87789951
11644.902810327,0.22121782025764036,0.385383370128399,0.4973749932503555,33.12,0.0,0.6,-0.4853358561968033,8.28,0.258327305316925,0.4903799891471863,0.0030968070495873,11644.898162739
11644.907478939,0.2258590621625559,0.39841580544096145,0.48446757191992473,35.64,0.0,0.258327305316925,-0.3327433088168217,8.285,0.258327305316925,0.4903799891471863,0.0030968070495873,11644.898162739
11644.91192355,0.23199800888807398,0.410082661369763,0.47507637042281436,38.16,0.0,0.258327305316925,-0.16489150669878683,8.290000000000001,0.258327305316925,0.4903799891471863,0.0030968070495873,11644.898162739
11644.917505257,0.24555011962828469,0.42300636702803684,0.4672328924353983,40.86,0.0,0.258327305316925,-0.180150761436785,8.295,0.258327305316925,0.4903799891471863,0.0030968070495873,11644.898162739
11644.922451791,0.25998203749792875,0.4403431281953933,0.4586805445840469,43.379999999999995,0.0,0.258327305316925,-0.07333597827079785,8.3,0.4109394252300262,0.5307496786117554,0.0,11644.91794174
11644.926881138,0.27166588028464467,0.45081307925776726,0.4514505979471899,45.9,0.18,0.4109394252300262,-0.05807672353279969,8.305,0.4109394252300262,0.5307496786117554,0.0,11644.91794174
11644.932414557,0.2886959970174246,0.45670788338283946,0.44536716208032534,48.239999999999995,0.18,0.4109394252300262,-0.25644703512683087,8.31,0.4109394252300262,0.5307496786117554,0.0,11644.91794174
11644.936913759,0.3085624564216761,0.46117403754907377,0.4354654612529282,50.4,0.36,0.4109394252300262,-0.14963225196078866,8.315,0.4109394252300262,0.5307496786117554,0.0,11644.91794174
11644.941924454,0.32461180469650674,0.46000028628149964,0.4203011897809632,52.019999999999996,0.8999999999999999,0.4109394252300262,-0.21066927091278131,8.32,0.5698824524879456,0.6,0.0,11644.938324586
11644.947498929,0.3422891719443817,0.4517092739171168,0.4074631215072508,53.1,1.98,0.5698824524879456,-0.05807672353279969,8.325,0.5698824524879456,0.6,0.0,11644.938324586
11644.951921268,0.36326714009660627,0.45305511685819017,0.39229084479942505,53.46,3.96,0.5698824524879456,-0.21066927091278131,8.33,0.5698824524879456,0.6,0.0,11644.938324586
11644.957525535,0.3778375338565575,0.4519164440367252,0.37451841298943706,53.46,6.84,0.5698824524879456,-0.4090395825068125,8.335,0.5698824524879456,0.6,0.0,11644.938324586
11644.962028514,0.3922363272841314,0.4451630737611917,0.3528292418024693,52.739999999999995,10.44,0.5698824524879456,-0.1343729972227905,8.34,0.4096818268299103,0.5949021577835083,0.0,11644.958179428
11644.967543149,0.41006436358534454,0.447979744819942,0.3301275437436719,51.3,14.76,0.4096818268299103,-0.04281746879480153,8.345,0.4096818268299103,0.5949021577835083,0.0,11644.958179428
11644.972117168,0.42269447972519186,0.4444123500854562,0.30608728896363774,49.5,19.62,0.4096818268299103,-0.16489150669878683,8.35,0.4096818268299103,0.5949021577835083,0.0,11644.958179428
11644.978096031,0.43450990335795364,0.4523948959941544,0.28227633562684884,47.16,24.84,0.4096818268299103,-0.22592852565083454,8.355,0.4096818268299103,0.5949021577835083,0.0,11644.958179428
11644.982703042,0.4509296576313476,0.45393728161555275,0.25929098605774015,44.64,30.24,0.4096818268299103,-0.22592852565083454,8.36,0.406292200088501,0.6,0.0,11644.978006398
11644.987263174,0.4651720592813698,0.4480934198210212,0.23766495196946685,41.94,35.64,0.406292200088501,-0.180150761436785,8.365,0.406292200088501,0.6,0.0,11644.978006398
11644.992839729,0.4763643222517603,0.4574296083182852,0.2173955421449646,39.24,40.68,0.406292200088501,-0.19541001617478315,8.370000000000001,0.406292200088501,0.6,0.0,11644.978006398
11644.997370804,0.49061962745866156,0.45865643773398923,0.19807504238261753,36.72,45.18,0.406292200088501,-0.454817346720807,8.375,0.406292200088501,0.6,0.0,11644.978006398
11645.001917719,0.5024109730602905,0.4597320470130967,0.1801121651607093,34.379999999999995,48.96,0.406292200088501,-0.180150761436785,8.38,0.4399111866950989,0.5367827415466309,0.0,11644.998151898
11645.007619236,0.5112891298163045,0.47085082332634964,0.1627239095473837,32.4,51.66,0.4399111866950989,-0.14963225196078866,8.385,0.4399111866950989,0.5367827415466309,0.0,11644.998151898
11645.012056358,0.5223110803459816,0.4740441007951915,0.14610393804653185,30.779999999999998,53.46,0.4399111866950989,-0.2411877803888327,8.39,0.4399111866950989,0.5367827415466309,0.0,11644.998151898
11645.017602161,0.53229142660403,0.476321881128603,0.130338459208787,29.52,54.18,0.4399111866950989,-0.47007660145880514,8.395,0.4399111866950989,0.5367827415466309,0.0,11644.998151898
11645.022201749,0.5392604849916447,0.4716167457266101,0.11605158993655725,28.799999999999997,54.0,0.4399111866950989,-0.08859523300879601,8.4,0.4253166913986206,0.3317496180534363,0.0,11645.018082197
11645.027757088,0.5480595053281736,0.4712200618322276,0.10223716562686366,28.439999999999998,53.28,0.4253166913986206,-0.30222479934082536,8.405,0.4253166913986206,0.3317496180534363,0.0,11645.018082197
11645.032214882,0.5559772472697992,0.4801984235260709,0.09698160593424171,28.439999999999998,52.019999999999996,0.4253166913986206,0.07925656910918377,8.41,0.4253166913986206,0.3317496180534363,0.0,11645.018082197
11645.038078896,0.5610410617641787,0.4753448620723556,0.08590492824640379,28.439999999999998,50.4,0.4253166913986206,-0.3327433088168217,8.415000000000001,0.4253166913986206,0.3317496180534363,0.0,11645.018082197
11645.042676947,0.5635441525070511,0.4816105386564679,0.06915916043261622,28.799999999999997,48.42,0.4253166913986206,-0.07333597827079785,8.42,0.2567848265171051,0.2643106579780578,0.0,11645.038039567
11645.047317175,0.5648253375736958,0.4747178541315104,0.04778776311719763,28.98,46.44,0.2567848265171051,-0.27170628986482903,8.425,0.2567848265171051,0.2643106579780578,0.0,11645.038039567
11645.051909563,0.5648715149541728,0.469658943546768,0.04817372795180539,29.16,44.64,0.2567848265171051,-0.14963225196078866,8.43,0.2567848265171051,0.2643106579780578,0.0,11645.038039567
11645.057963018,0.5633955007328391,0.4718964838875016,0.042061714301784646,29.34,42.839999999999996,0.2567848265171051,-0.21066927091278131,8.435,0.2567848265171051,0.2643106579780578,0.0,11645.038039567
11645.062447053,0.5617805302488834,0.46639347754974636,0.042829783679464675,29.34,41.22,0.2567848265171051,-0.37852107303081617,8.44,0.5147376656532288,0.3206642270088196,0.0,11645.05792129
11645.066869231,0.5612587172961648,0.46415481012675697,0.032406102270652035,29.34,39.96,0.5147376656532288,-0.39378032776881433,8.445,0.5147376656532288,0.3206642270088196,0.0,11645.05792129
11645.072437626,0.5592223394555665,0.45568740088030363,0.02500818914454998,29.16,38.699999999999996,0.5147376656532288,-0.2411877803888327,8.45,0.5147376656532288,0.3206642270088196,0.0,11645.05792129
11645.07699411,0.5526288320721892,0.4381210667770064,0.02458080695871458,28.799999999999997,37.44,0.5147376656532288,-0.14963225196078866,8.455,0.5147376656532288,0.3206642270088196,0.0,11645.05792129
11645.082755658,0.5447192540355055,0.4128430271909565,0.010174846971384318,28.619999999999997,36.18,0.5147376656532288,-0.1343729972227905,8.46,0.2369717061519622,0.2621381282806396,0.0,11645.078340392
11645.08731579,0.5332883296444457,0.40261106764187277,0.016454197284858172,28.259999999999998,34.74,0.2369717061519622,-0.25644703512683087,8.465,0.2369717061519622,0.2621381282806396,0.0,11645.078340392
11645.091853745,0.5121494972308387,0.39386072209469014,0.021022933314915362,28.08,33.48,0.2369717061519622,-0.027558214056803365,8.47,0.2369717061519622,0.2621381282806396,0.0,11645.078340392
11645.097529341,0.488203001112773,0.38171683230124476,0.019783639397625827,27.9,31.68,0.2369717061519622,-0.454817346720807,8.475,0.2369717061519622,0.2621381282806396,0.0,11645.078340392
11645.102161313,0.46841355180498895,0.3794798783848491,0.02140220503600365,27.9,29.88,0.2369717061519622,-0.180150761436785,8.48,0.4133570492267608,0.3065617680549621,0.0,11645.097983744
11645.107871661,0.4482419871680038,0.3855616322881929,0.017778967668397344,28.259999999999998,27.9,0.4133570492267608,-0.34800256355481984,8.485,0.4133570492267608,0.3065617680549621,0.0,11645.097983744
11645.112426128,0.4308299888250337,0.37924332079784545,0.010141198138394748,28.439999999999998,25.38,0.4133570492267608,0.04873805963318745,8.49,0.4133570492267608,0.3065617680549621,0.0,11645.097983744
11645.116935731,0.4179823206097324,0.3792035546559446,0.010012179940176577,28.98,23.04,0.4133570492267608,-0.3327433088168217,8.495000000000001,0.4133570492267608,0.3065617680549621,0.0,11645.097983744
11645.122726048,0.4050487087081511,0.3846609716117325,0.008832934977810349,29.52,20.34,0.4133570492267608,-0.05807672353279969,8.5,0.2746980190277099,0.3388510346412658,0.0,11645.118191453
11645.127290755,0.39180769030641593,0.3790543140104617,-0.004189483838954685,30.24,17.46,0.2746980190277099,-0.30222479934082536,8.505,0.2746980190277099,0.3388510346412658,0.0,11645.118191453
11645.132836815,0.38210177334659107,0.3868063329375038,-0.0036289416224070453,30.959999999999997,14.399999999999999,0.2746980190277099,-0.6379284035767849,8.51,0.2746980190277099,0.3388510346412658,0.0,11645.118191453
11645.13743189,0.3721196749745696,0.3814312208908001,7.214786360665116e-05,31.86,11.34,0.2746980190277099,-0.2869655446028272,8.515,0.2746980190277099,0.3388510346412658,0.0,11645.118191453
11645.142150903,0.36398105114222123,0.37576069744399354,-0.00917631941796791,32.58,8.1,0.2746980190277099,-0.07333597827079785,8.52,0.4705224335193634,0.350568562746048,0.029406988993287,11645.137890902
11645.14778397,0.3578569526053313,0.3726733394432133,-0.005468265979859239,33.48,4.859999999999999,0.4705224335193634,-0.2869655446028272,8.525,0.4705224335193634,0.350568562746048,0.029406988993287,11645.137890902
11645.15239655,0.35371094683207177,0.37775123988371645,0.008204738573791484,34.379999999999995,1.6199999999999999,0.4705224335193634,-0.1343729972227905,8.53,0.4705224335193634,0.350568562746048,0.029406988993287,11645.137890902
11645.157077802,0.35018206034397126,0.3759462277528919,0.006159755119715451,34.74,-0.54,0.4705224335193634,-0.19541001617478315,8.535,0.4705224335193634,0.350568562746048,0.029406988993287,11645.137890902
11645.162660214,0.34738641340957566,0.37500208403703583,-0.0018220005455001876,34.379999999999995,0.36,0.4705224335193634,0.12503433332317826,8.540000000000001,0.3692821264266968,0.3896887302398681,0.0902221277356147,11645.158233171
11645.167079384,0.3449115846287739,0.37584779021330794,0.0004994201044673877,33.839999999999996,1.7999999999999998,0.3692821264266968,-0.4395580919828088,8.545,0.3692821264266968,0.3896887302398681,0.0902221277356147,11645.158233171
11645.172615427,0.3433324291650483,0.3717144653296921,-0.012156775711645352,33.3,2.88,0.3692821264266968,-0.05807672353279969,8.55,0.3692821264266968,0.3896887302398681,0.0902221277356147,11645.158233171
11645.177108102,0.34187647652889586,0.38259391672060633,-0.0039286060906652456,32.94,3.78,0.3692821264266968,-0.3327433088168217,8.555,0.3692821264266968,0.3896887302398681,0.0902221277356147,11645.158233171
11645.182647057,0.3412347317995947,0.3800842980194868,-0.007020666818369043,32.94,4.32,0.3692821264266968,-0.10385448774679418,8.56,0.4941084682941437,0.3659296035766601,0.1591530293226242,11645.177940588
11645.187211572,0.3410893079592726,0.38153724617344703,0.003484023803856134,32.76,4.68,0.4941084682941437,-0.4090395825068125,8.565,0.4941084682941437,0.3659296035766601,0.1591530293226242,11645.177940588
11645.192833632,0.34136045284112937,0.38126751647782153,0.0029654787164731166,32.94,4.68,0.4941084682941437,-0.2411877803888327,8.57,0.4941084682941437,0.3659296035766601,0.1591530293226242,11645.177940588
11645.197317986,0.3421984947741403,0.37577063354173623,0.008908917568673347,33.3,4.5,0.4941084682941437,-0.2869655446028272,8.575000000000001,0.4941084682941437,0.3659296035766601,0.1591530293226242,11645.177940588
11645.201837734,0.3431979576871321,0.3785438326052358,-0.0008234904406912138,33.48,4.14,0.4941084682941437,-0.012298959318805203,8.58,0.5293464064598083,0.4612563550472259,0.1497265994548797,11645.198198633
11645.207485489,0.34387350530992106,0.37360168669940963,0.00678884493631099,33.839999999999996,3.78,0.5293464064598083,-0.3327433088168217,8.585,0.5293464064598083,0.4612563550472259,0.1497265994548797,11645.198198633
11645.211957396,0.34498962873171085,0.37794455576758007,0.020769702183195706,34.199999999999996,3.42,0.5293464064598083,-0.30222479934082536,8.59,0.5293464064598083,0.4612563550472259,0.1497265994548797,11645.198198633
11645.218092932,0.34656221120259234,0.3825602476195637,0.029725200593740647,34.56,2.88,0.5293464064598083,-0.3174840540788235,8.595,0.5293464064598083,0.4612563550472259,0.1497265994548797,11645.198198633
11645.222790632,0.3474411144257316,0.3935070984134398,0.034972206869776236,34.74,2.6999999999999997,0.5293464064598083,-0.363261818292818,8.6,0.4769104719161987,0.4414087831974029,0.1982392370700836,11645.218055139
11645.227318411,0.34800163368135995,0.3806230796492415,0.053523199523434595,34.92,2.34,0.4769104719161987,-0.14963225196078866,8.605,0.4769104719161987,0.4414087831974029,0.1982392370700836,11645.218055139
11645.231827918,0.3494886153985416,0.3861096456182218,0.06980480978958672,35.1,2.16,0.4769104719161987,-0.1343729972227905,8.61,0.4769104719161987,0.4414087831974029,0.1982392370700836,11645.218055139
11645.237605563,0.3505111485380579,0.3894184202256858,0.07506876464310566,35.1,2.16,0.4769104719161987,-0.27170628986482903,8.615,0.4769104719161987,0.4414087831974029,0.1982392370700836,11645.218055139
11645.242133758,0.35106807685660857,0.38843626468763354,0.08531679871056855,35.1,1.98,0.4769104719161987,0.00296029541919296,8.620000000000001,0.5370770692825317,0.4288423955440521,0.1289032101631164,11645.238290976
11645.247690313,0.3544674886237107,0.3873745632585612,0.09687552675228947,34.92,1.98,0.5370770692825317,-0.21066927091278131,8.625,0.5370770692825317,0.4288423955440521,0.1289032101631164,11645.238290976
11645.252334797,0.3651076108609398,0.40683444526709905,0.10289054846928719,34.92,1.7999999999999998,0.5370770692825317,-0.25644703512683087,8.63,0.5370770692825317,0.4288423955440521,0.1289032101631164,11645.238290976
11645.256935601,0.37474139541090534,0.4212683466704582,0.11621208046674333,34.92,1.6199999999999999,0.5370770692825317,-0.2869655446028272,8.635,0.5370770692825317,0.4288423955440521,0.1289032101631164,11645.238290976
11645.262538716,0.383093064994106,0.4347399943698098,0.13100041721529734,34.92,1.44,0.5370770692825317,-0.012298959318805203,8.64,0.5103985667228699,0.3780988752841949,0.100586898624897,11645.258103994
11645.266957118,0.39375868881546155,0.44228282883077435,0.14094579298550344,34.92,1.08,0.5103985667228699,-0.180150761436785,8.645,0.5103985667228699,0.3780988752841949,0.100586898624897,11645.258103994
11645.272671147,0.4029916385190655,0.4538814861680177,0.14206497712507782,34.92,0.72,0.5103985667228699,-0.05807672353279969,8.65,0.5103985667228699,0.3780988752841949,0.100586898624897,11645.258103994
11645.277210382,0.4094287580235747,0.4579023949177481,0.14875771083228725,34.92,0.36,0.5103985667228699,-0.16489150669878683,8.655,0.5103985667228699,0.3780988752841949,0.100586898624897,11645.258103994
11645.282840602,0.41582759783896717,0.46766856203889917,0.14699073590541797,34.92,0.0,0.5103985667228699,-0.1343729972227905,8.66,0.5670859813690186,0.3244602978229522,0.0728664845228195,11645.278322039
11645.287502238,0.4206318193539225,0.481197445451287,0.1443877690170246,34.92,0.0,0.5670859813690186,-0.21066927091278131,8.665000000000001,0.5670859813690186,0.3244602978229522,0.0728664845228195,11645.278322039
11645.29198416,0.42328920612501675,0.476778436597521,0.14870706195648412,34.92,0.0,0.5670859813690186,-0.3174840540788235,8.67,0.5670859813690186,0.3244602978229522,0.0728664845228195,11645.278322039
11645.29754862,0.42456093152020175,0.4926953073183492,0.14414187091562122,34.92,0.0,0.5670859813690186,-0.34800256355481984,8.675,0.5670859813690186,0.3244602978229522,0.0728664845228195,11645.278322039
11645.302049647,0.42518793087812057,0.49880232090784343,0.1404090149726151,34.92,0.0,0.5670859813690186,-0.180150761436785,8.68,0.4800423085689544,0.3176961839199066,0.0245714504271745,11645.298218065
11645.307591449,0.42526796722237087,0.49917630697923565,0.14487928586698195,34.92,0.0,0.4800423085689544,-0.2869655446028272,8.685,0.4800423085689544,0.3176961839199066,0.0245714504271745,11645.298218065
11645.312136253,0.4246829423521124,0.504051581694698,0.15206363887711438,35.1,0.0,0.4800423085689544,-0.4395580919828088,8.69,0.4800423085689544,0.3176961839199066,0.0245714504271745,11645.298218065
11645.318244812,0.4246867639129854,0.5179793595284011,0.15059547947434834,35.1,0.0,0.4800423085689544,-0.05807672353279969,8.695,0.4800423085689544,0.3176961839199066,0.0245714504271745,11645.298218065
11645.321869224,0.4243726786076036,0.524098964003531,0.1469469967564755,35.28,0.0,0.4800423085689544,-0.25644703512683087,8.700000000000001,0.5359117984771729,0.3168931305408478,0.0,11645.318154539
11645.327541332,0.4232980484464925,0.5286386561460127,0.14344877885382848,35.64,0.0,0.5359117984771729,-0.42429883724481066,8.705,0.5359117984771729,0.3168931305408478,0.0,11645.318154539
11645.331973527,0.4232595516690102,0.536348285439527,0.14424457281295178,35.64,0.0,0.5359117984771729,-0.3327433088168217,8.71,0.5359117984771729,0.3168931305408478,0.0,11645.318154539
11645.338022054,0.42324697245201454,0.5496221455458243,0.14006000946327352,35.82,0.0,0.5359117984771729,-0.07333597827079785,8.715,0.5359117984771729,0.3168931305408478,0.0,11645.318154539
11645.342653098,0.4226754060876933,0.5434577101859229,0.1451634448362914,36.36,0.0,0.5359117984771729,-0.37852107303081617,8.72,0.6,0.3097777068614959,0.0,11645.33812935
11645.347088972,0.42215758935568815,0.5294877524035644,0.14952907816685854,36.72,0.0,0.6,-0.180150761436785,8.725,0.6,0.3097777068614959,0.0,11645.33812935
11645.352625303,0.42245724307792676,0.5240510759548984,0.1497958955806831,37.08,0.0,0.6,-0.16489150669878683,8.73,0.6,0.3097777068614959,0.0,11645.33812935
11645.357172219,0.42176356958825756,0.5275441611962401,0.1460695837313323,37.44,0.0,0.6,-0.07333597827079785,8.735,0.6,0.3097777068614959,0.0,11645.33812935
11645.362736198,0.41818196992845175,0.5278483608362319,0.13183888776751168,37.98,0.0,0.6,-0.180150761436785,8.74,0.4197854399681091,0.2614921331405639,0.0,11645.358118466
11645.36733265,0.4139946705593777,0.5217339410798865,0.124172987096818,38.339999999999996,0.0,0.4197854399681091,-0.34800256355481984,8.745000000000001,0.4197854399681091,0.2614921331405639,0.0,11645.358118466
11645.371903438,0.4093626666762502,0.5259331185921307,0.10922741648946392,38.879999999999995,0.0,0.4197854399681091,-0.25644703512683087,8.75,0.4197854399681091,0.2614921331405639,0.0,11645.358118466
11645.377471193,0.40009130983254826,0.5235747167399948,0.09900539034502852,39.6,0.0,0.4197854399681091,0.12503433332317826,8.755,0.4197854399681091,0.2614921331405639,0.0,11645.358118466
11645.38199798,0.39043394209516225,0.5274080722300403,0.08887772454675247,40.14,0.0,0.4197854399681091,-0.16489150669878683,8.76,0.6,0.317526638507843,0.0,11645.378316448
11645.387620904,0.38336013739657265,0.5319911652112727,0.08404085708999717,40.86,0.0,0.6,-0.2869655446028272,8.765,0.6,0.317526638507843,0.0,11645.378316448
11645.392068523,0.3738576206158079,0.5246745217258832,0.06723421641079662,41.76,0.0,0.6,-0.2411877803888327,8.77,0.6,0.317526638507843,0.0,11645.378316448
11645.397960345,0.3635812843160661,0.5285196737244011,0.059385890970705055,42.48,0.0,0.6,-0.027558214056803365,8.775,0.6,0.317526638507843,0.0,11645.378316448
11645.4024983,0.356119704833248,0.5265899488021537,0.04507375228240939,43.379999999999995,0.0,0.6,-0.2869655446028272,8.78,0.4857264757156372,0.3355939388275146,0.0,11645.398017465
11645.407189089,0.3480381277572059,0.5264870907960381,0.027247200604765664,44.28,0.0,0.4857264757156372,-0.19541001617478315,8.785,0.4857264757156372,0.3355939388275146,0.0,11645.398017465
11645.412744716,0.3396114099405745,0.5199073022295035,0.021967352276025778,45.18,0.0,0.4857264757156372,-0.22592852565083454,8.790000000000001,0.4857264757156372,0.3355939388275146,0.0,11645.398017465
11645.417214095,0.3340034317020942,0.520339781436546,0.012657243826732098,46.08,0.0,0.4857264757156372,0.09451582384718193,8.795,0.4857264757156372,0.3355939388275146,0.0,11645.398017465
11645.42213983,0.32977936638393834,0.5160277033109059,0.01846436814639013,46.98,0.0,0.4857264757156372,-0.37852107303081617,8.8,0.6,0.3652615547180176,0.0,11645.418210839
11645.427780194,0.32608482033578434,0.5156967716198869,0.010041325705043076,47.879999999999995,0.0,0.6,-0.10385448774679418,8.805,0.6,0.3652615547180176,0.0,11645.418210839
11645.432360197,0.3237610642300806,0.5172611760442302,0.0057140060045475964,48.78,0.18,0.6,-0.25644703512683087,8.81,0.6,0.3652615547180176,0.0,11645.418210839
11645.436946249,0.3226490278990404,0.5127384279524683,0.003564660881744571,49.32,0.36,0.6,-0.14963225196078866,8.815,0.6,0.3652615547180176,0.0,11645.418210839
11645.441844687,0.322652317629647,0.5142932024316417,0.011738994400624932,49.86,0.8999999999999999,0.6,-0.21066927091278131,8.82,0.4717293381690979,0.4212546646595001,0.0,11645.438514549
11645.447413883,0.3231330170111895,0.5169646969980219,0.0024383701046290494,50.04,1.6199999999999999,0.4717293381690979,-0.1343729972227905,8.825000000000001,0.4717293381690979,0.4212546646595001,0.0,11645.438514549
11645.451903486,0.32414167597423776,0.5193002172443669,0.005743233153926895,50.22,2.6999999999999997,0.4717293381690979,-0.2411877803888327,8.83,0.4717293381690979,0.4212546646595001,0.0,11645.438514549
11645.458106606,0.3253108217465008,0.5159129286291171,0.0029414249739206006,50.04,3.78,0.4717293381690979,-0.16489150669878683,8.835,0.4717293381690979,0.4212546646595001,0.0,11645.438514549
11645.462667218,0.32530233584063234,0.5100216250461481,0.0010253264281261296,49.86,5.22,0.4717293381690979,-0.25644703512683087,8.84,0.5874425172805786,0.5450149178504944,0.0,11645.458053262
11645.467100564,0.3261029869445467,0.523535410469725,0.006205182009288777,49.68,6.4799999999999995,0.5874425172805786,-0.012298959318805203,8.845,0.5874425172805786,0.5450149178504944,0.0,11645.458053262
11645.472041051,0.3273845275678559,0.5199376783659705,-0.002048190887249442,49.5,7.739999999999999,0.5874425172805786,-0.10385448774679418,8.85,0.5874425172805786,0.5450149178504944,0.0,11645.458053262
11645.477966537,0.32784573468918926,0.5256322413896577,0.006701790225587663,49.32,8.82,0.5874425172805786,-0.04281746879480153,8.855,0.5874425172805786,0.5450149178504944,0.0,11645.458053262
11645.482567053,0.3281682262377755,0.5171710911906209,0.0013470548385399862,49.32,9.54,0.5874425172805786,-0.180150761436785,8.86,0.5526505708694458,0.6,0.0,11645.477922505
11645.487249745,0.33081885813594336,0.5138288950528422,3.433908081941012e-05,49.32,10.26,0.5526505708694458,-0.1343729972227905,8.865,0.5526505708694458,0.6,0.0,11645.477922505
11645.491835989,0.3363393285417003,0.5255344198542431,0.0004920184988725762,49.5,10.799999999999999,0.5526505708694458,-0.39378032776881433,8.870000000000001,0.5526505708694458,0.6,0.0,11645.477922505
11645.497506401,0.34045495082838395,0.5256634796187957,0.004814665506618976,49.5,11.34,0.5526505708694458,-0.3174840540788235,8.875,0.5526505708694458,0.6,0.0,11645.477922505
11645.502073509,0.3478983175100381,0.5361906532670286,0.0029983199956529387,49.68,11.7,0.5526505708694458,-0.180150761436785,8.88,0.4777518808841705,0.6,0.0,11645.498124486
11645.507781329,0.3680445429534459,0.5282732301852741,-0.004437502387106041,49.68,12.42,0.4777518808841705,-0.07333597827079785,8.885,0.4777518808841705,0.6,0.0,11645.498124486
11645.512268116,0.3878851980986318,0.5281901545283707,0.0007277477856455824,49.5,13.139999999999999,0.4777518808841705,-0.1343729972227905,8.89,0.4777518808841705,0.6,0.0,11645.498124486
11645.516851064,0.40384249718002657,0.525151657062079,0.0016875193943039254,49.14,14.04,0.4777518808841705,-0.34800256355481984,8.895,0.4777518808841705,0.6,0.0,11645.498124486
11645.522556837,0.42371345411509376,0.5260271749910691,-0.00428587385660937,48.6,15.299999999999999,0.4777518808841705,-0.21066927091278131,8.9,0.4882611334323883,0.6,0.0,11645.518380164
11645.527090728,0.44492972630303834,0.5237302744141096,-0.016568268095069956,47.879999999999995,16.74,0.4882611334323883,0.00296029541919296,8.905,0.4882611334323883,0.6,0.0,11645.518380164
11645.532652851,0.46051653356098354,0.53559819402969,-0.009119727158174773,46.98,18.36,0.4882611334323883,-0.7447431867427721,8.91,0.4882611334323883,0.6,0.0,11645.518380164
11645.53733948,0.4778264453028585,0.5297492602336635,-0.005590178111091261,45.72,20.34,0.4882611334323883,-0.07333597827079785,8.915000000000001,0.4882611334323883,0.6,0.0,11645.518380164
11645.541998524,0.4933848527874434,0.5277369117560364,-0.018034518219166695,44.28,22.5,0.4882611334323883,-0.30222479934082536,8.92,0.5151625275611877,0.6,0.0,11645.53809523
11645.547582664,0.5036754624738231,0.523413798647139,-0.020691384355181884,43.019999999999996,24.66,0.5151625275611877,-0.16489150669878683,8.925,0.5151625275611877,0.6,0.0,11645.53809523
11645.552165804,0.5150333185412064,0.5339457271105231,-0.010423160302675129,41.4,27.0,0.5151625275611877,-0.180150761436785,8.93,0.5151625275611877,0.6,0.0,11645.53809523
11645.556845552,0.525511610052927,0.534827895811631,0.0008530952105423395,39.96,29.16,0.5151625275611877,-0.11911374248479234,8.935,0.5151625275611877,0.6,0.0,11645.53809523
11645.562583549,0.5329382801071368,0.537060442789686,-0.0052204262397429774,38.519999999999996,31.14,0.5151625275611877,-0.10385448774679418,8.94,0.5364481806755066,0.5709410309791565,0.0,11645.557929497
11645.567029823,0.5409866149554589,0.5452416350509367,0.0010487805515045298,37.26,32.94,0.5364481806755066,-0.14963225196078866,8.945,0.5364481806755066,0.5709410309791565,0.0,11645.557929497
11645.572797964,0.5491958947980242,0.5495110822282353,-0.0038404125181548646,36.18,34.56,0.5364481806755066,-0.08859523300879601,8.950000000000001,0.5364481806755066,0.5709410309791565,0.0,11645.557929497
11645.577272047,0.5549786062344195,0.5562037178114932,0.010234753906975777,35.46,35.64,0.5364481806755066,-0.180150761436785,8.955,0.5364481806755066,0.5709410309791565,0.0,11645.557929497
11645.582808155,0.5603589946910136,0.5609183509488442,-0.004095706139773225,34.92,36.36,0.5364481806755066,-0.2411877803888327,8.96,0.5709746479988098,0.5429410934448242,0.0,11645.578334776
11645.587490911,0.5672321188052488,0.5689976566196409,-0.0038453929038319277,34.56,36.9,0.5709746479988098,-0.07333597827079785,8.965,0.5709746479988098,0.5429410934448242,0.0,11645.578334776
11645.591966978,0.5718782866523059,0.5592438765731982,-0.009134165689561621,34.56,36.9,0.5709746479988098,-0.5158543656727996,8.97,0.5709746479988098,0.5429410934448242,0.0,11645.578334776
11645.597490477,0.5751625086552167,0.5572349849933912,-0.008492557491681336,34.74,36.54,0.5709746479988098,-0.07333597827079785,8.975,0.5709746479988098,0.5429410934448242,0.0,11645.578334776
11645.601953936,0.5776860705103786,0.5543525152477612,-0.0024354058975190047,34.92,35.82,0.5709746479988098,-0.34800256355481984,8.98,0.5868505239486694,0.5711013674736023,0.0,11645.598068882
11645.6076519,0.5794203253445691,0.5550151701055235,-0.0038764992992654816,35.28,35.28,0.5868505239486694,-0.27170628986482903,8.985,0.5868505239486694,0.5711013674736023,0.0,11645.598068882
11645.612081983,0.5799200759628871,0.5540015667665265,0.0003665220523156758,35.46,34.74,0.5868505239486694,-0.42429883724481066,8.99,0.5868505239486694,0.5711013674736023,0.0,11645.598068882
11645.61761057,0.580595354985444,0.5569727728213328,-0.01143089569115824,35.46,34.379999999999995,0.5868505239486694,0.07925656910918377,8.995000000000001,0.5868505239486694,0.5711013674736023,0.0,11645.598068882
11645.622181774,0.5805605553128204,0.5608234613301996,-0.01718344016523182,35.46,34.379999999999995,0.5868505239486694,-0.27170628986482903,9.0,0.6,0.5953992009162903,0.0,11645.618236751
11645.627708825,0.579700352228845,0.5501047955114918,-0.015310057661417213,35.28,34.379999999999995,0.6,-0.14963225196078866,9.005,0.6,0.5953992009162903,0.0,11645.618236751
11645.632178908,0.5785703361089216,0.5501081883891933,-0.004804844270887776,35.1,34.379999999999995,0.6,-0.22592852565083454,9.01,0.6,0.5953992009162903,0.0,11645.618236751
11645.638206603,0.5784999058319472,0.541066821995731,-0.015218310625783759,34.92,34.199999999999996,0.6,-0.027558214056803365,9.015,0.6,0.5953992009162903,0.0,11645.618236751
11645.642795854,0.5776735996013168,0.5511393849803075,-0.0032091244798296238,34.92,34.019999999999996,0.6,-0.07333597827079785,9.02,0.6,0.5853341221809387,0.0,11645.638269899
11645.647275633,0.5767690086401297,0.5508414167328377,-0.005924478528310047,34.92,33.66,0.6,-0.08859523300879601,9.025,0.6,0.5853341221809387,0.0,11645.638269899
11645.65281174,0.5762665952103506,0.5512336134792354,0.0036975867853938347,34.92,33.12,0.6,-0.3174840540788235,9.03,0.6,0.5853341221809387,0.0,11645.638269899
11645.657456097,0.5753488467326681,0.5498424066983256,3.950858518197204e-06,35.1,32.58,0.6,-0.08859523300879601,9.035,0.6,0.5853341221809387,0.0,11645.638269899
11645.661980868,0.5753930265419033,0.5458781497078256,-0.007746975584425067,35.1,31.86,0.6,-0.34800256355481984,9.040000000000001,0.572288453578949,0.5516390800476074,0.0,11645.657968645
11645.667514063,0.5751514791567577,0.5421557570068499,-0.003779843730526524,35.28,31.32,0.572288453578949,-0.05807672353279969,9.045,0.572288453578949,0.5516390800476074,0.0,11645.657968645
11645.672084243,0.5752726887483133,0.5458356709547916,-0.00045753039167698484,35.28,30.779999999999998,0.572288453578949,-0.180150761436785,9.05,0.572288453578949,0.5516390800476074,0.0,11645.657968645
11645.678044897,0.5759041635304304,0.5499660133989814,-0.005153634252546597,35.28,30.24,0.572288453578949,-0.30222479934082536,9.055,0.572288453578949,0.5516390800476074,0.0,11645.657968645
11645.682519492,0.5752762442525372,0.54261300382498,0.000894423439075191,35.28,29.7,0.572288453578949,-0.363261818292818,9.06,0.5710671544075012,0.5174211859703064,0.0,11645.678006657
11645.687072104,0.5750609842335356,0.5512960374609133,0.005538858796328977,35.1,29.16,0.5710671544075012,-0.21066927091278131,9.065,0.5710671544075012,0.5174211859703064,0.0,11645.678006657
11645.692657459,0.5742792350055494,0.5539886450102657,0.003030123823390075,35.1,28.619999999999997,0.5710671544075012,-0.25644703512683087,9.07,0.5710671544075012,0.5174211859703064,0.0,11645.678006657
11645.697080566,0.5736323550032536,0.5491128873356281,0.0012479443761220699,35.1,28.08,0.5710671544075012,-0.3174840540788235,9.075000000000001,0.5710671544075012,0.5174211859703064,0.0,11645.678006657
11645.702841667,0.5739493144976799,0.5494122207853182,-0.007496314390317596,35.1,27.36,0.5710671544075012,-0.14963225196078866,9.08,0.5566701292991638,0.4767907857894897,0.0,11645.698322495
11645.707459111,0.5732349988136852,0.5548111901429986,-0.008680539869067128,35.1,26.64,0.5566701292991638,-0.1343729972227905,9.085,0.5566701292991638,0.4767907857894897,0.0,11645.698322495
11645.711880585,0.5722802944366753,0.5448470035226374,-0.004627074135788477,35.1,25.74,0.5566701292991638,-0.2411877803888327,9.09,0.5566701292991638,0.4767907857894897,0.0,11645.698322495
11645.717405492,0.5717797968451699,0.5379470624218288,-0.006683623266032132,35.1,24.84,0.5566701292991638,-0.14963225196078866,9.095,0.5566701292991638,0.4767907857894897,0.0,11645.698322495
11645.72198956,0.5706891463246173,0.5350595665384418,-0.004168744496542454,35.28,23.939999999999998,0.5566701292991638,-0.27170628986482903,9.1,0.5239905714988708,0.4287953078746795,0.0,11645.718009689
11645.727529891,0.5702465021946252,0.5471416777499202,0.0013606981659996247,35.28,23.04,0.5239905714988708,-0.11911374248479234,9.105,0.5239905714988708,0.4287953078746795,0.0,11645.718009689
11645.731947782,0.570241998793603,0.5436606149667205,0.005395399113546232,35.28,22.32,0.5239905714988708,-0.027558214056803365,9.11,0.5239905714988708,0.4287953078746795,0.0,11645.718009689
11645.73762501,0.5691853004556043,0.5483328639660077,0.001087463006547939,35.28,21.419999999999998,0.5239905714988708,-0.27170628986482903,9.115,0.5239905714988708,0.4287953078746795,0.0,11645.718009689
11645.742158997,0.5680576844550798,0.5580118088124031,-0.0028011237275569244,35.1,20.52,0.5239905714988708,-0.180150761436785,9.120000000000001,0.50312340259552,0.3989216685295105,0.0,11645.738322583
11645.747694816,0.5672282325684429,0.5574918610022379,-0.002387649933258585,35.1,19.62,0.50312340259552,-0.11911374248479234,9.125,0.50312340259552,0.3989216685295105,0.0,11645.738322583
11645.752114275,0.5671432600039588,0.569180088339739,-0.005532008336608348,35.1,18.72,0.50312340259552,-0.19541001617478315,9.13,0.50312340259552,0.3989216685295105,0.0,11645.738322583
11645.758215827,0.5635840907496141,0.572725505065109,-0.011607127769192803,35.1,17.64,0.50312340259552,-0.4090395825068125,9.135,0.50312340259552,0.3989216685295105,0.0,11645.738322583
11645.762749462,0.553475738083786,0.5639522476663217,-0.009343662843165396,35.1,16.56,0.50312340259552,-0.30222479934082536,9.14,0.4970349371433258,0.3915461301803589,0.0,11645.758289555
11645.767234489,0.5449811504146469,0.5611962256383936,-0.012255867335659866,35.28,15.12,0.4970349371433258,0.00296029541919296,9.145,0.4970349371433258,0.3915461301803589,0.0,11645.758289555
11645.771840413,0.5357795731080031,0.5575162029400464,-0.013854083943147348,35.46,13.86,0.4970349371433258,-0.180150761436785,9.15,0.4970349371433258,0.3915461301803589,0.0,11645.758289555
11645.777388712,0.5196236385308682,0.5639445230476147,-0.011143993950316178,35.46,12.42,0.4970349371433258,0.00296029541919296,9.155,0.4970349371433258,0.3915461301803589,0.0,11645.758289555
11645.781842635,0.5048806009677846,0.557616995454121,-0.017331386484471953,35.64,10.98,0.4970349371433258,-0.19541001617478315,9.16,0.4813395142555237,0.3971171677112579,0.0,11645.777968621
11645.787476183,0.49237343056206434,0.5516465873992363,-0.014118168018058,35.82,9.719999999999999,0.4813395142555237,-0.39378032776881433,9.165000000000001,0.4813395142555237,0.3971171677112579,0.0,11645.777968621
11645.791906777,0.4778748287649661,0.5422800493368548,-0.02067091443097486,36.18,8.1,0.4813395142555237,-0.3327433088168217,9.17,0.4813395142555237,0.3971171677112579,0.0,11645.777968621
11645.79741754,0.46635114285273305,0.5486248759724959,-0.012283743691894356,36.54,6.3,0.4813395142555237,-0.4090395825068125,9.175,0.4813395142555237,0.3971171677112579,0.0,11645.777968621
11645.801915623,0.45805987569520235,0.5476411643948772,-0.020195915452630293,37.08,4.32,0.4813395142555237,-0.1343729972227905,9.18,0.4736084640026092,0.416378915309906,0.0,11645.798224427
11645.807536659,0.4477856159449371,0.544954913658114,-0.014356242440584784,37.98,1.7999999999999998,0.4736084640026092,-0.25644703512683087,9.185,0.4736084640026092,0.416378915309906,0.0,11645.798224427
11645.812050902,0.4398488618442346,0.5516469467114553,-0.0009982247858498984,38.699999999999996,-0.36,0.4736084640026092,-0.04281746879480153,9.19,0.4736084640026092,0.416378915309906,0.0,11645.798224427
11645.817983717,0.43455718445756353,0.5479646459487907,-0.016327629335815007,38.519999999999996,0.0,0.4736084640026092,-0.34800256355481984,9.195,0.4736084640026092,0.416378915309906,0.0,11645.798224427
11645.822596777,0.42734298193366216,0.536694053970328,-0.01653661397456105,38.699999999999996,1.08,0.4736084640026092,-0.42429883724481066,9.200000000000001,0.4806272089481354,0.4489105343818664,0.0,11645.818032549
11645.827032779,0.42150554284162733,0.5375821848260611,-0.011634906684297404,38.699999999999996,1.6199999999999999,0.4806272089481354,-0.16489150669878683,9.205,0.4806272089481354,0.4489105343818664,0.0,11645.818032549
11645.83256303,0.41758149681057066,0.5364598453104027,-0.010228149757535597,38.879999999999995,2.16,0.4806272089481354,0.15555284279917458,9.21,0.4806272089481354,0.4489105343818664,0.0,11645.818032549
11645.837221979,0.41381599214329057,0.5474909861701361,-0.0009196547125391588,39.42,2.52,0.4806272089481354,-0.2411877803888327,9.215,0.4806272089481354,0.4489105343818664,0.0,11645.818032549
11645.841859327,0.4113711760097374,0.5424498075674984,0.009232102095415291,39.78,2.52,0.4806272089481354,-0.27170628986482903,9.22,0.4909359216690063,0.4863679707050323,0.0,11645.838334691
11645.84742641,0.4101004246501798,0.5393902918389454,0.006073538233114629,40.14,2.52,0.4909359216690063,-0.363261818292818,9.225,0.4909359216690063,0.4863679707050323,0.0,11645.838334691
11645.851852397,0.41008938406822276,0.5369165399644332,0.0008962251135351425,40.68,2.52,0.4909359216690063,-0.16489150669878683,9.23,0.4909359216690063,0.4863679707050323,0.0,11645.838334691
11645.858049149,0.4106065127450131,0.5187892800545812,-0.0028771844834059607,41.04,2.52,0.4909359216690063,-0.42429883724481066,9.235,0.4909359216690063,0.4863679707050323,0.0,11645.838334691
11645.862663393,0.4111052083408269,0.5099959515768905,0.0007015940297883631,41.58,2.52,0.4909359216690063,-0.08859523300879601,9.24,0.5037584900856018,0.5259315967559814,0.0,11645.858119998
11645.867149796,0.41264811445181193,0.5104139545743581,0.009852753068733006,41.76,2.6999999999999997,0.5037584900856018,-0.27170628986482903,9.245000000000001,0.5037584900856018,0.5259315967559814,0.0,11645.858119998
11645.87196497,0.4145369218286247,0.508311244282714,-0.003213466417060471,41.76,3.06,0.5037584900856018,0.07925656910918377,9.25,0.5037584900856018,0.5259315967559814,0.0,11645.858119998
11645.878028121,0.41506276266381253,0.5089148196617997,-0.003117487816471383,41.58,3.78,0.5037584900856018,-0.363261818292818,9.255,0.5037584900856018,0.5259315967559814,0.0,11645.858119998
11645.882504764,0.41630901045984353,0.495453059507593,-0.005752010348551122,41.4,4.5,0.5037584900856018,-0.08859523300879601,9.26,0.5240532159805298,0.5645028948783875,0.0,11645.878105882
11645.887047999,0.4178441046841227,0.5015373730924028,-0.00500588956645369,41.22,5.22,0.5240532159805298,-0.30222479934082536,9.265,0.5240532159805298,0.5645028948783875,0.0,11645.878105882
11645.892584074,0.41780326793848244,0.49164946036350865,0.0014759567115686474,41.04,5.9399999999999995,0.5240532159805298,0.04873805963318745,9.27,0.5240532159805298,0.5645028948783875,0.0,11645.878105882
11645.897034573,0.41823446218030985,0.4876391946048321,0.006059588385117688,40.86,6.4799999999999995,0.5240532159805298,-0.08859523300879601,9.275,0.5240532159805298,0.5645028948783875,0.0,11645.878105882
11645.901896147,0.4202102037433886,0.4831587509806717,-0.0007324290150480453,40.86,6.66,0.5240532159805298,-0.27170628986482903,9.28,0.5443285703659058,0.5967355370521545,0.0,11645.898408312
11645.907576031,0.42330539723718197,0.4787921886460501,-0.006340908785120369,40.86,6.84,0.5443285703659058,-0.25644703512683087,9.285,0.5443285703659058,0.5967355370521545,0.0,11645.898408312
11645.912164387,0.42624895758677517,0.47849049773405117,-0.008926347708642857,40.86,6.84,0.5443285703659058,-0.07333597827079785,9.290000000000001,0.5443285703659058,0.5967355370521545,0.0,11645.898408312
11645.918236562,0.43446179001177243,0.4850425274436692,-0.008821613125678342,41.04,6.66,0.5443285703659058,-0.180150761436785,9.295,0.5443285703659058,0.5967355370521545,0.0,11645.898408312
11645.922871927,0.4491290998992345,0.48723119391289915,0.004246793840716514,41.04,6.66,0.5443285703659058,0.033478804895189285,9.3,0.5601054430007935,0.6,0.0,11645.918303411
11645.927446042,0.4621642550630506,0.48811181087609795,-0.0042632003958428125,41.04,6.66,0.5601054430007935,-0.27170628986482903,9.305,0.5601054430007935,0.6,0.0,11645.918303411
11645.931887485,0.47347227970657807,0.49104349116101287,0.002898131007737799,41.04,6.84,0.5601054430007935,0.06399731437118561,9.31,0.5601054430007935,0.6,0.0,11645.918303411
11645.937574537,0.48929423275028205,0.4867370133821132,0.0011415866283089734,40.68,7.02,0.5601054430007935,-0.4395580919828088,9.315,0.5601054430007935,0.6,0.0,11645.918303411
11645.942140365,0.5016335586410972,0.4871344130546487,-0.006425314512765375,40.14,7.56,0.5601054430007935,-0.27170628986482903,9.32,0.5745476484298706,0.6,0.0,11645.938051949
11645.94771676,0.5115801346499712,0.49285668383539977,-0.008052173431653334,39.6,8.28,0.5745476484298706,-0.4090395825068125,9.325000000000001,0.5745476484298706,0.6,0.0,11645.938051949
11645.95226742,0.5234874462629452,0.49010151773364685,-0.008145260819128726,38.699999999999996,9.18,0.5745476484298706,0.1097750785851801,9.33,0.5745476484298706,0.6,0.0,11645.938051949
11645.956924864,0.5331938541046207,0.4953407021937539,-0.0018862199947095488,37.8,10.44,0.5745476484298706,-0.21066927091278131,9.335,0.5745476484298706,0.6,0.0,11645.938051949
11645.962511628,0.5402130354524903,0.4961117267063911,-0.00716135309799183,36.72,11.52,0.5745476484298706,-0.2411877803888327,9.34,0.5837637782096863,0.6,0.0,11645.957863944
11645.966985935,0.548891859658722,0.504450071198099,-0.0021174099726990825,35.64,12.78,0.5837637782096863,-0.19541001617478315,9.345,0.5837637782096863,0.6,0.0,11645.957863944
11645.972878077,0.5558150979795251,0.5044865453665588,-0.0005340580795942429,34.56,13.86,0.5837637782096863,0.1097750785851801,9.35,0.5837637782096863,0.6,0.0,11645.957863944
11645.977465664,0.5608259906725273,0.5076453514391018,-0.00536354292706788,33.66,14.94,0.5837637782096863,-0.3327433088168217,9.355,0.5837637782096863,0.6,0.0,11645.957863944
11645.981913539,0.566437160824066,0.5036286808685561,-0.011686630243148956,32.76,15.66,0.5837637782096863,-0.1343729972227905,9.36,0.5862545371055603,0.6,0.0,11645.978274791
11645.9876596,0.5718804462113088,0.5140693644744693,-0.010718168761956852,32.04,16.02,0.5862545371055603,-0.363261818292818,9.365,0.5862545371055603,0.6,0.0,11645.978274791
11645.992168307,0.5756362988835784,0.511519444978418,-0.01363712273724009,31.68,16.02,0.5862545371055603,-0.05807672353279969,9.370000000000001,0.5862545371055603,0.6,0.0,11645.978274791
11645.997711454,0.5798810203348629,0.5136870042231173,-0.002995674985678729,31.5,15.66,0.5862545371055603,-0.2411877803888327,9.375,0.5862545371055603,0.6,0.0,11645.978274791
11646.00225869,0.5837732101088616,0.5155666478001207,0.00269877568653864,31.5,14.94,0.5862545371055603,-0.180150761436785,9.38,0.5855276584625244,0.6,0.0,11645.998248642
11646.00695383,0.5874316032455194,0.5258533301353807,0.0028943159430802256,31.68,13.86,0.5855276584625244,-0.37852107303081617,9.385,0.5855276584625244,0.6,0.0,11645.998248642
11646.012562034,0.5904565233970286,0.5261820177195269,-0.004920950866914175,32.04,12.78,0.5855276584625244,-0.1343729972227905,9.39,0.5855276584625244,0.6,0.0,11645.998248642
11646.016992501,0.5932986069622123,0.5270320807382075,-0.002439822312500419,32.22,11.52,0.5855276584625244,-0.42429883724481066,9.395,0.5855276584625244,0.6,0.0,11645.998248642
11646.022848994,0.5951014084941496,0.5230789416738395,-0.00794559782474329,32.4,10.44,0.5855276584625244,-0.04281746879480153,9.4,0.5795708298683167,0.5734243988990784,0.0,11646.018071741
11646.027344709,0.596514214371256,0.5280683654695837,-0.007957029907611527,32.4,9.54,0.5795708298683167,-0.5158543656727996,9.405,0.5795708298683167,0.5734243988990784,0.0,11646.018071741
11646.031876041,0.598290840115887,0.538750209079136,-0.007123890457451047,32.4,8.82,0.5795708298683167,-0.05807672353279969,9.41,0.5795708298683167,0.5734243988990784,0.0,11646.018071741
11646.038072345,0.5993963516277062,0.5455136789696373,-0.0010893497561421832,32.22,8.28,0.5795708298683167,-0.42429883724481066,9.415000000000001,0.5795708298683167,0.5734243988990784,0.0,11646.018071741
11646.042610716,0.6005237857648713,0.5554353487192326,-0.002303549905563721,32.04,7.56,0.5795708298683167,-0.07333597827079785,9.42,0.5708098411560059,0.5346665382385254,0.0,11646.037968248
11646.04720096,0.6010906588741155,0.5593039300274683,0.00312492292362782,32.04,6.84,0.5708098411560059,-0.47007660145880514,9.425,0.5708098411560059,0.5346665382385254,0.0,11646.037968248
11646.052945709,0.6014733630584759,0.5647617886194276,-0.001766206949066161,32.04,5.9399999999999995,0.5708098411560059,-0.05807672353279969,9.43,0.5708098411560059,0.5346665382385254,0.0,11646.037968248
11646.057982708,0.6012232924007592,0.5691137813381547,0.0015700842540498985,32.04,4.859999999999999,0.5708098411560059,-0.19541001617478315,9.435,0.5708098411560059,0.5346665382385254,0.0,11646.037968248
11646.062494008,0.6007168892028956,0.5784317599339927,-0.006159137472157461,32.04,3.5999999999999996,0.5708098411560059,0.06399731437118561,9.44,0.5581948161125183,0.4924688339233398,0.0,11646.057836787
11646.067000091,0.6006633327058573,0.5798325208710231,-0.004372464446510422,32.22,2.34,0.5581948161125183,-0.39378032776881433,9.445,0.5581948161125183,0.4924688339233398,0.0,11646.057836787
11646.072695463,0.6006194091706023,0.5866003289772717,-0.003481578146669828,32.4,0.8999999999999999,0.5581948161125183,-0.19541001617478315,9.450000000000001,0.5581948161125183,0.4924688339233398,0.0,11646.057836787
11646.077269995,0.5994273605151917,0.5928844445821398,0.003068710712158744,32.4,-0.18,0.5581948161125183,-0.27170628986482903,9.455,0.5581948161125183,0.4924688339233398,0.0,11646.057836787
11646.082876246,0.5988925867878822,0.5887960820572348,0.004641244090140802,32.04,0.0,0.5581948161125183,0.033478804895189285,9.46,0.541679859161377,0.4520181715488434,0.0,11646.078046065
11646.087508699,0.597995556532977,0.5937268978713991,0.0004000340933276788,31.86,0.18,0.541679859161377,-0.5768913846247923,9.465,0.541679859161377,0.4520181715488434,0.0,11646.078046065
11646.092134559,0.5961549503780305,0.5845750602906709,-0.0032977164070657912,31.68,0.36,0.541679859161377,-0.012298959318805203,9.47,0.541679859161377,0.4520181715488434,0.0,11646.078046065
11646.098359919,0.595725306188199,0.5852611586538734,0.005823348446757096,31.86,0.0,0.541679859161377,-0.1343729972227905,9.475,0.541679859161377,0.4520181715488434,0.0,11646.078046065
11646.102967859,0.5948877102079957,0.5862632127957921,0.0043098090987908,31.86,-0.18,0.541679859161377,-0.04281746879480153,9.48,0.5238334536552429,0.4196718037128448,0.0,11646.098433648
11646.107609751,0.5928503586740187,0.5720089174856087,-0.0018741807684905523,31.86,0.18,0.5238334536552429,-0.363261818292818,9.485,0.5238334536552429,0.4196718037128448,0.0,11646.098433648
11646.112107354,0.5924419448423883,0.5649741803642593,-0.004280374766077873,32.04,0.18,0.5238334536552429,-0.11911374248479234,9.49,0.5238334536552429,0.4196718037128448,0.0,11646.098433648
11646.117659206,0.5919893536660382,0.5717946105231413,0.003025603013824216,32.22,0.18,0.5238334536552429,-0.14963225196078866,9.495000000000001,0.5238334536552429,0.4196718037128448,0.0,11646.098433648
11646.122168777,0.5891959884137568,0.566105692658419,-0.004159138093188708,32.4,0.0,0.5238334536552429,-0.22592852565083454,9.5,0.5054336190223694,0.4012027084827423,0.0,11646.118257002
11646.127822261,0.580141563463706,0.5747640832469565,0.001860167001102215,32.4,0.18,0.5054336190223694,-0.25644703512683087,9.505,0.5054336190223694,0.4012027084827423,0.0,11646.118257002
11646.132316536,0.5697856545221689,0.5696797984009827,-0.001344395020021394,32.58,0.18,0.5054336190223694,-0.11911374248479234,9.51,0.5054336190223694,0.4012027084827423,0.0,11646.118257002
11646.136900508,0.560057815751363,0.5713024584941715,-0.006434071167159294,32.58,0.36,0.5054336190223694,-0.04281746879480153,9.515,0.5054336190223694,0.4012027084827423,0.0,11646.118257002
11646.142748649,0.5431873966285462,0.5747289791730854,-0.01208937866494061,32.58,0.54,0.5054336190223694,-0.21066927091278131,9.52,0.4892514050006866,0.3960075378417969,0.0,11646.138104485
11646.147368845,0.5268066194018884,0.5741793134867008,-0.008745924199040904,32.58,0.54,0.4892514050006866,-0.363261818292818,9.525,0.4892514050006866,0.3960075378417969,0.0,11646.138104485
11646.151978801,0.5142324785244173,0.5779480143530964,0.0009671794022090541,32.58,0.54,0.4892514050006866,0.04873805963318745,9.53,0.4892514050006866,0.3960075378417969,0.0,11646.138104485
11646.158301219,0.49933801247606796,0.5687030516522403,0.0009777843921216383,33.12,0.18,0.4892514050006866,-0.22592852565083454,9.535,0.4892514050006866,0.3960075378417969,0.0,11646.138104485
11646.162788998,0.48551788842661253,0.5627225299592973,-0.0013751471683644595,33.3,-0.18,0.4892514050006866,-0.27170628986482903,9.540000000000001,0.4790982604026794,0.4041458964347839,0.0,11646.158351363
11646.16725028,0.47523542722015066,0.5553383793723018,-0.0006797744839619615,33.66,0.0,0.4790982604026794,-0.05807672353279969,9.545,0.4790982604026794,0.4041458964347839,0.0,11646.158351363
11646.172052462,0.4644911186720116,0.5551282053736407,-0.006924924999175413,34.379999999999995,-0.18,0.4790982604026794,-0.180150761436785,9.55,0.4790982604026794,0.4041458964347839,0.0,11646.158351363
11646.17764233,0.4548802014037943,0.5655892028817333,-0.002958468831838652,35.1,0.0,0.4790982604026794,0.00296029541919296,9.555,0.4790982604026794,0.4041458964347839,0.0,11646.158351363
11646.182105532,0.44814379945460364,0.5603522970970336,-0.008593641640010086,36.0,0.0,0.4790982604026794,-0.22592852565083454,9.56,0.4764259159564972,0.4250125288963318,0.0,11646.178342655
11646.187834729,0.4413115413504351,0.5573090349412402,-0.007677092207525813,36.9,0.0,0.4764259159564972,-0.07333597827079785,9.565,0.4764259159564972,0.4250125288963318,0.0,11646.178342655
11646.192309612,0.4349053519726703,0.5515235718526278,-0.006511949369857926,37.98,0.0,0.4764259159564972,-0.1343729972227905,9.57,0.4764259159564972,0.4250125288963318,0.0,11646.178342655
11646.198209754,0.4308580389742599,0.5541072489016005,-0.004423396368398356,39.059999999999995,0.0,0.4764259159564972,-0.3174840540788235,9.575000000000001,0.4764259159564972,0.4250125288963318,0.0,11646.178342655
11646.202860894,0.42629541780263525,0.5449508956235782,0.0028140528033061985,40.32,0.0,0.4764259159564972,-0.08859523300879601,9.58,0.4810137450695038,0.4560671746730804,0.0,11646.198148153
11646.207401218,0.42255541361095006,0.5438402290294557,-0.004148445854215441,41.4,0.0,0.4810137450695038,-0.2869655446028272,9.585,0.4810137450695038,0.4560671746730804,0.0,11646.198148153
11646.211866308,0.41996338604945876,0.5354802913505443,-0.008429461139908926,42.3,0.36,0.4810137450695038,-0.34800256355481984,9.59,0.4810137450695038,0.4560671746730804,0.0,11646.198148153
11646.217394704,0.4181771890296755,0.5289528469182231,-0.006673912621423288,43.199999999999996,0.72,0.4810137450695038,-0.10385448774679418,9.595,0.4810137450695038,0.4560671746730804,0.0,11646.198148153
11646.221993043,0.41835853042966425,0.5276318251936426,0.0005138122599710728,43.559999999999995,1.44,0.4810137450695038,-0.012298959318805203,9.6,0.4927559196949005,0.4940038025379181,0.0,11646.218311063
11646.227547903,0.4186464229630733,0.531893774648236,-0.0032622189058334403,43.92,2.52,0.4927559196949005,-0.30222479934082536,9.605,0.4927559196949005,0.4940038025379181,0.0,11646.218311063
11646.232025058,0.41893824670014046,0.5185741945775956,0.002238445234664006,43.92,4.14,0.4927559196949005,-0.2869655446028272,9.61,0.4927559196949005,0.4940038025379181,0.0,11646.218311063
11646.238152177,0.4199810665073818,0.5141916194802006,0.0025795825754158378,43.559999999999995,5.9399999999999995,0.4927559196949005,-0.08859523300879601,9.615,0.4927559196949005,0.4940038025379181,0.0,11646.218311063
11646.242725557,0.4200663211399583,0.5065335288576728,-0.012186240505203193,43.379999999999995,7.92,0.4927559196949005,-0.3174840540788235,9.620000000000001,0.509904146194458,0.534745454788208,0.0,11646.238098545
11646.247157528,0.4202779916186658,0.49592542165518544,-0.010653999080170435,42.839999999999996,9.9,0.509904146194458,0.018219550157191122,9.625,0.509904146194458,0.534745454788208,0.0,11646.238098545
11646.252686179,0.4216114421763901,0.48674788105942857,-0.00850365178793961,42.3,11.879999999999999,0.509904146194458,-0.4090395825068125,9.63,0.509904146194458,0.534745454788208,0.0,11646.238098545
11646.257239846,0.4212127547032064,0.4834417863017361,-0.0044865231479043486,41.76,13.86,0.509904146194458,0.07925656910918377,9.635,0.509904146194458,0.534745454788208,0.0,11646.238098545
11646.26281365,0.4206952587837069,0.47859569547311814,-0.004777922016220819,41.4,15.66,0.509904146194458,-0.2411877803888327,9.64,0.5293306708335876,0.5729178190231323,0.0,11646.257905195
11646.267302453,0.42150896268656307,0.47639211551958277,-0.00592309493453458,40.86,17.46,0.5293306708335876,-0.34800256355481984,9.645,0.5293306708335876,0.5729178190231323,0.0,11646.257905195
11646.271906329,0.4215174054736543,0.4830831238247604,-0.0062478813507516415,40.5,19.08,0.5293306708335876,-0.34800256355481984,9.65,0.5293306708335876,0.5729178190231323,0.0,11646.257905195
11646.277426276,0.42120495028980104,0.4852132714880183,-0.009726139441226654,40.32,20.34,0.5293306708335876,-0.21066927091278131,9.655,0.5293306708335876,0.5729178190231323,0.0,11646.257905195
11646.281898503,0.42340997543879816,0.4815462381890626,-0.006200450492053666,40.32,21.599999999999998,0.5293306708335876,-0.16489150669878683,9.66,0.548009991645813,0.6,0.0,11646.278135721
11646.287522354,0.43081678315243327,0.49060448250418726,-0.012299648763395055,40.32,22.5,0.548009991645813,-0.11911374248479234,9.665000000000001,0.548009991645813,0.6,0.0,11646.278135721
11646.291939797,0.4376135452842603,0.49305863126972266,-0.004363721954326086,40.32,23.22,0.548009991645813,-0.11911374248479234,9.67,0.548009991645813,0.6,0.0,11646.278135721
11646.297918724,0.44474306386923124,0.4898883237356043,-0.007638736114735296,40.5,23.939999999999998,0.548009991645813,-0.10385448774679418,9.675,0.548009991645813,0.6,0.0,11646.278135721
11646.302435911,0.4580221373964962,0.49273097053172904,-0.0019883338068385167,40.5,24.84,0.548009991645813,-0.14963225196078866,9.68,0.5643219351768494,0.6,0.0,11646.297862467
11646.307013898,0.47268525940599265,0.49311155299332743,0.0020576947898707197,40.5,25.74,0.5643219351768494,-0.04281746879480153,9.685,0.5643219351768494,0.6,0.0,11646.297862467
11646.31256367,0.48296073014595975,0.4931081496431163,-0.005001162243911317,40.32,26.64,0.5643219351768494,-0.19541001617478315,9.69,0.5643219351768494,0.6,0.0,11646.297862467
11646.317082585,0.4971678707922169,0.49541205524894927,-0.0163473497551217,40.14,27.54,0.5643219351768494,-0.012298959318805203,9.695,0.5643219351768494,0.6,0.0,11646.297862467
11646.322851558,0.5102430372765758,0.4920655989166234,-0.011995750063478547,39.6,28.799999999999997,0.5643219351768494,-0.3327433088168217,9.700000000000001,0.5776146650314331,0.6,0.0,11646.318136801
11646.327334729,0.5194659484666193,0.4930203507226368,-0.003284749662722941,39.059999999999995,30.24,0.5776146650314331,-0.012298959318805203,9.705,0.5776146650314331,0.6,0.0,11646.318136801
11646.332925237,0.5295866717175433,0.5054773439556152,0.006686895251952953,38.339999999999996,31.86,0.5776146650314331,-0.2869655446028272,9.71,0.5776146650314331,0.6,0.0,11646.318136801
11646.337507928,0.5394077907544456,0.505955276868363,0.016141965215571527,37.44,33.66,0.5776146650314331,-0.180150761436785,9.715,0.5776146650314331,0.6,0.0,11646.318136801
11646.342146717,0.5457592057339112,0.5019455308123703,0.02471222897849551,36.54,35.46,0.5776146650314331,-0.363261818292818,9.72,0.5844204425811768,0.6,0.0,11646.33796246
11646.34769908,0.5530792448852567,0.5138031233377501,0.0219777204486536,35.46,37.26,0.5844204425811768,-0.08859523300879601,9.725,0.5844204425811768,0.6,0.0,11646.33796246
11646.352197004,0.5600238402341984,0.5174289151928018,0.014322616289209358,34.56,39.059999999999995,0.5844204425811768,-0.363261818292818,9.73,0.5844204425811768,0.6,0.0,11646.33796246
11646.358238171,0.5645719282240547,0.5244056172073036,0.005883232461986855,33.66,40.68,0.5844204425811768,-0.08859523300879601,9.735,0.5844204425811768,0.6,0.0,11646.33796246
11646.362726302,0.568904062561471,0.5093262330017896,-0.003764866763860088,32.76,42.12,0.5844204425811768,-0.27170628986482903,9.74,0.5863232612609863,0.6,0.0,11646.358282235
11646.367150049,0.5745895021212291,0.5140230778589956,-0.017777455678550394,32.22,43.379999999999995,0.5863232612609863,-0.1343729972227905,9.745000000000001,0.5863232612609863,0.6,0.0,11646.358282235
11646.372809069,0.5781361684411015,0.5046052643835427,-0.011804096943127307,31.86,44.1,0.5863232612609863,-0.22592852565083454,9.75,0.5863232612609863,0.6,0.0,11646.358282235
11646.377284912,0.5819670257884454,0.5115826792411517,2.7813032937467084e-05,31.68,44.64,0.5863232612609863,0.033478804895189285,9.755,0.5863232612609863,0.6,0.0,11646.358282235
11646.382936381,0.586312789733499,0.5143415314474559,-0.0135487288932467,31.68,44.82,0.5863232612609863,-0.19541001617478315,9.76,0.5847926139831543,0.594690203666687,0.0,11646.377973974
11646.387532897,0.5891294684556214,0.5156990050857491,0.00458048688075246,31.86,44.64,0.5847926139831543,-0.14963225196078866,9.765,0.5847926139831543,0.594690203666687,0.0,11646.377973974
11646.392035748,0.5920076034698284,0.5275903743048562,0.008641849301291797,32.22,44.28,0.5847926139831543,-0.25644703512683087,9.77,0.5847926139831543,0.594690203666687,0.0,11646.377973974
11646.397568687,0.5946094587618207,0.5312865687374291,-0.003730862744957712,32.4,43.92,0.5847926139831543,-0.04281746879480153,9.775,0.5847926139831543,0.594690203666687,0.0,11646.377973974
11646.402010226,0.5965395193543177,0.5416503412897836,0.003019108843019991,32.58,43.739999999999995,0.5847926139831543,-0.4090395825068125,9.78,0.577598512172699,0.5646276473999023,0.0,11646.398154804
11646.407712991,0.5981419423112877,0.5389688490186519,-0.010241114716657472,32.58,43.739999999999995,0.577598512172699,-0.027558214056803365,9.785,0.577598512172699,0.5646276473999023,0.0,11646.398154804
11646.412232867,0.5986894136427766,0.5467394441796227,-0.0031865246922246093,32.58,43.92,0.577598512172699,-0.2869655446028272,9.790000000000001,0.577598512172699,0.5646276473999023,0.0,11646.398154804
11646.417768974,0.5991725016901039,0.55695788048512,-0.002198915494458494,32.4,44.1,0.577598512172699,0.17081209753717275,9.795,0.577598512172699,0.5646276473999023,0.0,11646.398154804
11646.422481523,0.5989571835513411,0.5640805074239701,-0.005795335174945774,32.4,44.28,0.577598512172699,-0.22592852565083454,9.8,0.5678876638412476,0.5244340896606445,0.0,11646.418348498
11646.427039799,0.597938139955998,0.5696095788574674,-0.00018769974505007293,32.22,44.28,0.5678876638412476,-0.16489150669878683,9.805,0.5678876638412476,0.5244340896606445,0.0,11646.418348498
11646.43258029,0.5973397985616377,0.5727710732936754,-0.009657826231494162,32.22,44.1,0.5678876638412476,-0.363261818292818,9.81,0.5678876638412476,0.5244340896606445,0.0,11646.418348498
11646.43712119,0.5966186962384337,0.5645379346618212,-0.015290789430564012,32.22,43.92,0.5678876638412476,-0.1343729972227905,9.815,0.5678876638412476,0.5244340896606445,0.0,11646.418348498
11646.442903315,0.5954911743355215,0.5729465114473459,-0.01445294180748085,32.22,43.559999999999995,0.5678876638412476,-0.39378032776881433,9.82,0.5545082688331604,0.4821717143058777,0.0,11646.43822411
11646.44740351,0.59517604160095,0.5748450120620762,-0.010381756876065563,32.4,43.199999999999996,0.5545082688331604,-0.11911374248479234,9.825000000000001,0.5545082688331604,0.4821717143058777,0.0,11646.43822411
11646.453021634,0.5951773120021859,0.5769287778048178,-0.00941791379994345,32.4,42.66,0.5545082688331604,-0.07333597827079785,9.83,0.5545082688331604,0.4821717143058777,0.0,11646.43822411
11646.457925033,0.5938424005201264,0.575576849655248,-0.011206270973776872,32.58,42.3,0.5545082688331604,-0.30222479934082536,9.835,0.5545082688331604,0.4821717143058777,0.0,11646.43822411
11646.462415916,0.5938022343655781,0.5738234347000205,-0.012957681913826683,32.58,41.94,0.5545082688331604,-0.1343729972227905,9.84,0.5373525023460388,0.4431487321853637,0.0,11646.457885001
11646.466892111,0.5938076686961932,0.583890766931936,-0.001553699245201373,32.58,41.76,0.5373525023460388,-0.08859523300879601,9.845,0.5373525023460388,0.4431487321853637,0.0,11646.457885001
11646.472553756,0.5925120983544572,0.5760454054941583,-0.00030592747885939176,32.4,41.4,0.5373525023460388,-0.30222479934082536,9.85,0.5373525023460388,0.4431487321853637,0.0,11646.457885001
11646.477026239,0.5911884036629723,0.5707171804767258,0.003657920878247465,32.4,41.04,0.5373525023460388,0.06399731437118561,9.855,0.5373525023460388,0.4431487321853637,0.0,11646.457885001
11646.482784332,0.5907801836443284,0.5836770884917609,0.002411934372146358,32.4,40.68,0.5373525023460388,-0.3327433088168217,9.86,0.5190210342407227,0.4137949049472809,0.0,11646.478169256
11646.48743816,0.5889423161230949,0.5775279992427547,0.0062357608788049645,32.4,40.14,0.5190210342407227,-0.05807672353279969,9.865,0.5190210342407227,0.4137949049472809,0.0,11646.478169256
11646.491976852,0.5865283291093691,0.5792202649030004,-0.004133204532642165,32.4,39.6,0.5190210342407227,-0.04281746879480153,9.870000000000001,0.5190210342407227,0.4137949049472809,0.0,11646.478169256
11646.497543808,0.5840019386882875,0.5783520277245717,0.002250697953649358,32.4,39.059999999999995,0.5190210342407227,-0.19541001617478315,9.875,0.5190210342407227,0.4137949049472809,0.0,11646.478169256
11646.502085251,0.5798756567002389,0.5754760606977575,0.0008149847417703757,32.4,38.519999999999996,0.5190210342407227,-0.05807672353279969,9.88,0.501031756401062,0.3985509872436523,0.0,11646.497973251
11646.50775848,0.5675457364693803,0.5756370734586886,0.0014061200209444314,32.58,37.8,0.501031756401062,-0.04281746879480153,9.885,0.501031756401062,0.3985509872436523,0.0,11646.497973251
11646.512238163,0.5511089152814834,0.5698457313835704,-0.00826244723616678,32.58,36.9,0.501031756401062,-0.2869655446028272,9.89,0.501031756401062,0.3985509872436523,0.0,11646.497973251
11646.517766078,0.5389998308207032,0.5717581499995159,-0.00870631006850854,32.76,36.18,0.501031756401062,-0.027558214056803365,9.895,0.501031756401062,0.3985509872436523,0.0,11646.497973251
11646.522489891,0.5246302719653876,0.5772237921313409,-0.015009615012760748,33.3,35.1,0.501031756401062,-0.08859523300879601,9.9,0.4861316680908203,0.3966676294803619,0.0,11646.518304899
11646.52695175,0.5091690818090928,0.5716686366671141,-0.01381987416759719,33.839999999999996,33.839999999999996,0.4861316680908203,-0.19541001617478315,9.905,0.4861316680908203,0.3966676294803619,0.0,11646.518304899
11646.532515602,0.4973442873581811,0.5732125809617219,-0.010621551072467808,34.379999999999995,32.22,0.4861316680908203,-0.3174840540788235,9.91,0.4861316680908203,0.3966676294803619,0.0,11646.518304899
11646.537021909,0.48583539806848197,0.5769207664440962,-0.0035711069085778402,35.46,30.24,0.4861316680908203,-0.19541001617478315,9.915000000000001,0.4861316680908203,0.3966676294803619,0.0,11646.518304899
11646.542652418,0.4726984666365624,0.5680970007676314,-0.009295105930622952,36.54,27.9,0.4861316680908203,0.018219550157191122,9.92,0.4776743352413177,0.4081590473651886,0.0,11646.538199039
11646.547073828,0.46444767177120017,0.570856907456224,-0.005671294973528256,37.8,25.38,0.4776743352413177,-0.22592852565083454,9.925,0.4776743352413177,0.4081590473651886,0.0,11646.538199039
11646.552733809,0.4560362612783817,0.563421974946291,-0.004975289317379005,39.059999999999995,22.86,0.4776743352413177,-0.14963225196078866,9.93,0.4776743352413177,0.4081590473651886,0.0,11646.538199039
11646.557332149,0.44780965759566255,0.5584427365415331,-0.0040225006831992,40.5,20.16,0.4776743352413177,-0.2869655446028272,9.935,0.4776743352413177,0.4081590473651886,0.0,11646.538199039
11646.561928089,0.4409930105896966,0.5527224433611234,-0.0002167956242595512,41.76,17.46,0.4776743352413177,-0.10385448774679418,9.94,0.4768647849559784,0.4319220781326294,0.0,11646.557829817
11646.567531493,0.4359300461844187,0.5445535361198769,-0.0021527148119618767,43.019999999999996,14.94,0.4768647849559784,-0.180150761436785,9.945,0.4768647849559784,0.4319220781326294,0.0,11646.557829817
11646.572133417,0.42990683605380675,0.5461509617952649,-0.0035846546771677416,44.1,12.6,0.4768647849559784,-0.363261818292818,9.950000000000001,0.4768647849559784,0.4319220781326294,0.0,11646.557829817
11646.577690068,0.42563215426468143,0.5489798171310383,-0.005220916354627842,44.82,10.44,0.4768647849559784,-0.05807672353279969,9.955,0.4768647849559784,0.4319220781326294,0.0,11646.557829817
11646.582165399,0.42205866119260194,0.5380909640247077,-0.004097038657758294,45.36,8.82,0.4768647849559784,-0.08859523300879601,9.96,0.483388751745224,0.465070515871048,0.0,11646.578194808
11646.586936573,0.41853070662190467,0.5423249415350656,-0.006318121024764698,45.72,7.38,0.483388751745224,-0.42429883724481066,9.965,0.483388751745224,0.465070515871048,0.0,11646.578194808
11646.592625322,0.41489018546294965,0.5359378310965591,-0.011577884744773248,45.54,6.4799999999999995,0.483388751745224,-0.10385448774679418,9.97,0.483388751745224,0.465070515871048,0.0,11646.578194808
11646.596046468,0.41232441315819274,0.5367747018956821,-0.006320562279552353,45.36,5.76,0.483388751745224,-0.1343729972227905,9.975,0.483388751745224,0.465070515871048,0.0,11646.578194808
11646.602929754,0.4115476738882314,0.5324420636158717,-0.005432092021234156,45.18,5.22,0.483388751745224,-0.19541001617478315,9.98,0.4966280460357666,0.5041912794113159,0.0,11646.597964531
11646.607588927,0.4107468893662311,0.5218172170132759,-0.002216254652830831,44.82,4.859999999999999,0.4966280460357666,-0.04281746879480153,9.985,0.4966280460357666,0.5041912794113159,0.0,11646.597964531
11646.610920505,0.4102253937134324,0.5135152514253091,-0.0019036434788486155,44.46,4.32,0.4966280460357666,-0.25644703512683087,9.99,0.4966280460357666,0.5041912794113159,0.0,11646.597964531
11646.616447556,0.41126689725668786,0.5063247527914251,4.1248764298800364e-05,43.92,3.78,0.4966280460357666,-0.10385448774679418,9.995000000000001,0.4966280460357666,0.5041912794113159,0.0,11646.597964531
11646.621126217,0.4112443881987615,0.49638345957025126,-0.009631625942063158,43.379999999999995,3.2399999999999998,0.4966280460357666,-0.34800256355481984,10.0,0.5146439671516418,0.5447644591331482,0.0,11646.618192466
11646.627793341,0.41128356729848864,0.4949125234103623,-0.010422186459622885,43.019999999999996,2.52,0.5146439671516418,-0.37852107303081617,10.005,0.5146439671516418,0.5447644591331482,0.0,11646.618192466
11646.631169112,0.411950436715091,0.48452504410068903,-0.0037874541993553846,42.66,1.98,0.5146439671516418,-0.08859523300879601,10.01,0.5146439671516418,0.5447644591331482,0.0,11646.618192466
11646.636951173,0.41249340006677215,0.4838611822890932,-0.006233693965069143,42.3,1.26,0.5146439671516418,-0.22592852565083454,10.015,0.5146439671516418,0.5447644591331482,0.0,11646.618192466
11646.641452425,0.41219679137548354,0.4794498717559067,-0.006069601435013632,41.94,0.36,0.5146439671516418,-0.10385448774679418,10.02,0.5341832041740417,0.5814679265022278,0.0,11646.637985677
11646.646948692,0.4132815715286461,0.482660868475956,-0.008112644484366958,41.4,-0.18,0.5341832041740417,-0.4090395825068125,10.025,0.5341832041740417,0.5814679265022278,0.0,11646.637985677
11646.651369334,0.4168422594738393,0.47386884588120287,-0.0073886102058183765,40.86,0.0,0.5341832041740417,0.29288613544115805,10.03,0.5341832041740417,0.5814679265022278,0.0,11646.637985677
11646.65594921,0.421168196432408,0.4753316337838525,-0.007719898868730496,40.5,0.18,0.5341832041740417,-0.34800256355481984,10.035,0.5341832041740417,0.5814679265022278,0.0,11646.637985677
11646.66153303,0.4254195800664921,0.47827069601980643,-0.010808496913374736,39.78,0.18,0.5341832041740417,-0.11911374248479234,10.040000000000001,0.5523340702056885,0.6,0.0,11646.658198316
11646.665930825,0.4370307227142882,0.4801360177743787,-0.0119823388690365,39.6,0.18,0.5523340702056885,-0.25644703512683087,10.045,0.5523340702056885,0.6,0.0,11646.658198316
11646.671716374,0.4515234475626189,0.48732183927371964,-0.014039168356935264,39.24,0.0,0.5523340702056885,-0.1343729972227905,10.05,0.5523340702056885,0.6,0.0,11646.658198316
11646.676238329,0.461930119080869,0.4799862366564236,-0.012010705784355655,38.699999999999996,0.0,0.5523340702056885,-0.2869655446028272,10.055,0.5523340702056885,0.6,0.0,11646.658198316
11646.681781125,0.4742704562211467,0.4939638166345867,-0.007889849215597494,38.339999999999996,0.0,0.5523340702056885,-0.2869655446028272,10.06,0.5681909322738647,0.6,0.0,11646.677843174
11646.686604651,0.4894529278337386,0.49138483796407,-0.011872553704450967,37.8,0.0,0.5681909322738647,-0.11911374248479234,10.065,0.5681909322738647,0.6,0.0,11646.677843174
11646.691212527,0.4999331504695542,0.48634285852865533,-0.013283457956842305,37.44,0.0,0.5681909322738647,-0.180150761436785,10.07,0.5681909322738647,0.6,0.0,11646.677843174
11646.696746394,0.5108032533836626,0.48562002543868005,-0.011381580367356144,36.9,0.0,0.5681909322738647,-0.42429883724481066,10.075000000000001,0.5681909322738647,0.6,0.0,11646.677843174
11646.70153296,0.5231356676789768,0.48586662649821716,-0.00384040199343339,36.54,0.0,0.5681909322738647,0.04873805963318745,10.08,0.5798233151435852,0.6,0.0,11646.69820375
11646.706113508,0.5324206190472439,0.4872889235277354,-0.004321736505986175,36.0,0.0,0.5798233151435852,-0.180150761436785,10.085,0.5798233151435852,0.6,0.0,11646.69820375
11646.711627919,0.5404652959623198,0.48655091840524595,-0.008578925663646859,35.46,0.0,0.5798233151435852,-0.11911374248479234,10.09,0.5798233151435852,0.6,0.0,11646.69820375
11646.71607781,0.5500781441561113,0.486520957455038,-0.0024117708985339375,34.92,0.0,0.5798233151435852,-0.14963225196078866,10.095,0.5798233151435852,0.6,0.0,11646.69820375
11646.721842975,0.5565353585287526,0.49751649100963113,-0.00416298329821403,34.379999999999995,0.0,0.5798233151435852,-0.180150761436785,10.1,0.585231602191925,0.6,0.0,11646.717894176
11646.72628861,0.5615397872683917,0.49519025347576134,-0.00042211698215733956,34.019999999999996,0.0,0.585231602191925,-0.14963225196078866,10.105,0.585231602191925,0.6,0.0,11646.717894176
11646.731822701,0.5678608936864045,0.5067008462494347,-0.00558765325356521,33.48,0.0,0.585231602191925,0.07925656910918377,10.11,0.585231602191925,0.6,0.0,11646.717894176
11646.736395953,0.572405387996823,0.5070762549605036,-0.005724724755543225,33.12,0.0,0.585231602191925,-0.2411877803888327,10.115,0.585231602191925,0.6,0.0,11646.717894176
11646.740930549,0.5758612166725968,0.5069576921585213,0.0026946296339074634,32.76,0.0,0.585231602191925,0.12503433332317826,10.120000000000001,0.58643639087677,0.6,0.0,11646.738183519
11646.746498272,0.5805488131186244,0.5141890683128717,0.004009378498236648,32.58,0.0,0.58643639087677,-0.3327433088168217,10.125,0.58643639087677,0.6,0.0,11646.738183519
11646.750969092,0.5837352373311666,0.5153209876888128,0.0036104826959468426,32.4,0.0,0.58643639087677,-0.1343729972227905,10.13,0.58643639087677,0.6,0.0,11646.738183519
11646.756687856,0.5862430600603503,0.5131223164402406,0.002480763171186231,32.4,0.0,0.58643639087677,-0.2869655446028272,10.135,0.58643639087677,0.6,0.0,11646.738183519
11646.761609239,0.5887593980931892,0.5126610503992558,-0.003768541775518031,32.4,0.0,0.58643639087677,-0.19541001617478315,10.14,0.58327716588974,0.5883234739303589,0.0,11646.758238077
11646.766112954,0.5913558520683984,0.5175070533722329,-0.0001945462354670828,32.4,0.0,0.58327716588974,-0.3174840540788235,10.145,0.58327716588974,0.5883234739303589,0.0,11646.758238077
11646.77189332,0.5931194644709064,0.5279940694083388,0.00621675887219348,32.58,0.0,0.58327716588974,-0.07333597827079785,10.15,0.58327716588974,0.5883234739303589,0.0,11646.758238077
11646.776339659,0.595373895939786,0.5245445754014166,-0.00661819894640794,32.76,0.0,0.58327716588974,-0.3327433088168217,10.155,0.58327716588974,0.5883234739303589,0.0,11646.758238077
11646.781839606,0.5971200654326743,0.5352054451525992,-0.01336289278403846,32.94,0.0,0.58327716588974,-0.1343729972227905,10.16,0.575464129447937,0.5551888346672058,0.0,11646.778034712
11646.786378777,0.5982182109848113,0.5429777718350298,-0.015942744086094446,32.94,0.0,0.575464129447937,-0.4395580919828088,10.165000000000001,0.575464129447937,0.5551888346672058,0.0,11646.778034712
11646.791924293,0.598811031153559,0.5448564258135389,-0.011750111997299818,32.94,0.18,0.575464129447937,-0.19541001617478315,10.17,0.575464129447937,0.5551888346672058,0.0,11646.778034712
11646.796379976,0.5990314604548919,0.5506922643934533,-0.01138813953037715,32.94,0.36,0.575464129447937,-0.5158543656727996,10.175,0.575464129447937,0.5551888346672058,0.0,11646.778034712
11646.801882835,0.5988137374487053,0.5612550989115203,-0.004873288297601737,32.94,0.72,0.575464129447937,-0.027558214056803365,10.18,0.5649423599243164,0.5139676332473755,0.0,11646.798383127
11646.806555352,0.5979304636588445,0.5582302624993039,-0.002392246144000996,32.94,0.8999999999999999,0.5649423599243164,-0.21066927091278131,10.185,0.5649423599243164,0.5139676332473755,0.0,11646.798383127
11646.810972282,0.5977568377933544,0.5705042696728785,-0.004380253680339622,32.76,1.08,0.5649423599243164,0.018219550157191122,10.19,0.5649423599243164,0.5139676332473755,0.0,11646.798383127
11646.816564838,0.5976173448595875,0.5730289730719064,-0.0008137640550317452,32.76,1.08,0.5649423599243164,-0.22592852565083454,10.195,0.5649423599243164,0.5139676332473755,0.0,11646.798383127
11646.821217323,0.5961235854064283,0.5718843226739873,-0.0046085276700384625,32.76,1.08,0.5649423599243164,0.033478804895189285,10.200000000000001,0.5504536032676697,0.4719468653202057,0.0,11646.818129426
11646.826736374,0.5957835723448472,0.5831394363105886,-0.0038320600199490415,32.94,0.8999999999999999,0.5504536032676697,-0.22592852565083454,10.205,0.5504536032676697,0.4719468653202057,0.0,11646.818129426
11646.831151801,0.5951090370835991,0.580161423591212,-0.012758343293609229,32.94,0.72,0.5504536032676697,-0.1343729972227905,10.21,0.5504536032676697,0.4719468653202057,0.0,11646.818129426
11646.83669866,0.5945096656612039,0.5796057376967544,-0.012387112575609687,32.94,0.54,0.5504536032676697,-0.30222479934082536,10.215,0.5504536032676697,0.4719468653202057,0.0,11646.818129426
11646.841539274,0.5933383755092138,0.5782825265018501,-0.002204464960327639,32.94,0.18,0.5504536032676697,-0.012298959318805203,10.22,0.5328492522239685,0.4347653687000274,0.0,11646.838087279
11646.846006829,0.5930393594858483,0.5716843304394756,0.007629938749530717,32.94,0.18,0.5328492522239685,-0.11911374248479234,10.225,0.5328492522239685,0.4347653687000274,0.0,11646.838087279
11646.85150988,0.5919235367925096,0.5751807113154783,0.0036000353182450875,32.94,0.0,0.5328492522239685,-0.04281746879480153,10.23,0.5328492522239685,0.4347653687000274,0.0,11646.838087279
11646.855978779,0.5902271886021617,0.5788249570649734,0.0016159192128085546,32.94,0.0,0.5328492522239685,-0.37852107303081617,10.235,0.5328492522239685,0.4347653687000274,0.0,11646.838087279
11646.861604903,0.5900082384828799,0.5635229062720939,-0.002935969601020153,32.76,0.0,0.5328492522239685,-0.08859523300879601,10.24,0.5143877267837524,0.408760666847229,0.0,11646.857825322
11646.866021034,0.5893040650713557,0.5734129009880873,4.897512861146808e-07,32.76,0.0,0.5143877267837524,-0.363261818292818,10.245000000000001,0.5143877267837524,0.408760666847229,0.0,11646.857825322
11646.871602486,0.5845550749382314,0.5648326178257789,0.0019781711323829873,32.76,0.0,0.5143877267837524,0.00296029541919296,10.25,0.5143877267837524,0.408760666847229,0.0,11646.857825322
11646.876091641,0.5752876162695534,0.5719249608778854,0.0012945126633912803,32.76,0.0,0.5143877267837524,-0.16489150669878683,10.255,0.5143877267837524,0.408760666847229,0.0,11646.857825322
11646.882037032,0.5672695426138358,0.5682769410188653,0.003184074583442143,32.94,0.0,0.5143877267837524,-0.21066927091278131,10.26,0.4968416094779968,0.3967865705490112,0.0,11646.878219978
11646.886630124,0.5558686473131091,0.5700485587943163,0.008922592024501895,33.12,0.0,0.4968416094779968,-0.30222479934082536,10.265,0.4968416094779968,0.3967865705490112,0.0,11646.878219978
11646.89105803,0.5387024808570724,0.5699200346262895,0.0012411372756782446,33.12,0.0,0.4968416094779968,0.018219550157191122,10.27,0.4968416094779968,0.3967865705490112,0.0,11646.878219978
11646.896553562,0.5242630358347422,0.5722109405408898,0.005843277797945258,33.3,0.0,0.4968416094779968,-0.16489150669878683,10.275,0.4968416094779968,0.3967865705490112,0.0,11646.878219978
11646.900933596,0.5115360928325717,0.5649865269454155,0.0036762823725722898,33.839999999999996,-0.18,0.4968416094779968,-0.027558214056803365,10.28,0.4833371341228485,0.3982364237308502,0.0,11646.898310663
11646.90654084,0.49666908413384997,0.5630264341226532,-0.002426970045441066,34.199999999999996,0.0,0.4833371341228485,-0.2869655446028272,10.285,0.4833371341228485,0.3982364237308502,0.0,11646.898310663
11646.91095249,0.4844778873858239,0.570102301635212,-0.0012406103925002366,34.74,0.0,0.4833371341228485,-0.22592852565083454,10.290000000000001,0.4833371341228485,0.3982364237308502,0.0,11646.898310663
11646.916458358,0.475366359273711,0.5574779106286646,-0.009459298964228598,35.46,0.0,0.4833371341228485,-0.3174840540788235,10.295,0.4833371341228485,0.3982364237308502,0.0,11646.898310663
11646.920985145,0.46402606007879926,0.5471274677153167,-0.010703588225989746,36.18,0.0,0.4833371341228485,-0.07333597827079785,10.3,0.4767672717571258,0.4129971861839294,0.0,11646.918229572
11646.926501476,0.45464981409013283,0.5511729499661355,-0.004449233618565617,37.08,0.0,0.4767672717571258,-0.363261818292818,10.305,0.4767672717571258,0.4129971861839294,0.0,11646.918229572
11646.930920551,0.4482070561240417,0.5537103232549232,-0.010812710838542976,37.98,0.0,0.4767672717571258,-0.21066927091278131,10.31,0.4767672717571258,0.4129971861839294,0.0,11646.918229572
11646.936594132,0.4406196196639195,0.5448983389371906,-0.007336000586398472,39.059999999999995,0.0,0.4767672717571258,-0.27170628986482903,10.315,0.4767672717571258,0.4129971861839294,0.0,11646.918229572
11646.941404825,0.4346215258323712,0.5476236720496434,-0.00802253881938716,40.14,0.0,0.4767672717571258,0.00296029541919296,10.32,0.4778025150299072,0.4394345581531524,0.0,11646.938083391
11646.946991205,0.43102062833439736,0.5447388028715566,-0.011270056716251682,41.22,0.0,0.4778025150299072,-0.2411877803888327,10.325000000000001,0.4778025150299072,0.4394345581531524,0.0,11646.938083391
11646.951408584,0.4264136075725155,0.5531884240178155,-0.010608451404869627,42.12,0.0,0.4778025150299072,-0.16489150669878683,10.33,0.4778025150299072,0.4394345581531524,0.0,11646.938083391
11646.955933323,0.4227900026763741,0.5485710626475154,-0.0057486220902280855,43.019999999999996,0.18,0.4778025150299072,-0.25644703512683087,10.335,0.4778025150299072,0.4394345581531524,0.0,11646.938083391
11646.961738425,0.4200679010086292,0.5435224912866531,-0.00727592701245185,43.739999999999995,0.72,0.4778025150299072,0.018219550157191122,10.34,0.486139178276062,0.4744367301464081,0.0,11646.95837011
11646.966171484,0.41817419109449766,0.5406886930660492,-0.0011804106507535051,44.28,1.26,0.486139178276062,-0.27170628986482903,10.345,0.486139178276062,0.4744367301464081,0.0,11646.95837011
11646.971857096,0.4159687043605673,0.5314198619830615,-0.004595179427190448,44.46,2.16,0.486139178276062,-0.16489150669878683,10.35,0.486139178276062,0.4744367301464081,0.0,11646.95837011
11646.976294763,0.4146279011326741,0.5290497953381762,0.0001419449125264961,44.46,3.5999999999999996,0.486139178276062,-0.25644703512683087,10.355,0.486139178276062,0.4744367301464081,0.0,11646.95837011
11646.981789078,0.4140475482979308,0.509469845605171,-0.002395687251712038,44.28,5.22,0.486139178276062,-0.3174840540788235,10.36,0.5008025169372559,0.5144371390342712,0.0,11646.978171578
11646.98634649,0.4136841863290379,0.49462976448831136,0.006834881804510997,43.92,7.02,0.5008025169372559,-0.30222479934082536,10.365,0.5008025169372559,0.5144371390342712,0.0,11646.978171578
11646.991882437,0.41380585400558795,0.4970475702619947,-0.005055377979904015,43.559999999999995,8.82,0.5008025169372559,-0.027558214056803365,10.370000000000001,0.5008025169372559,0.5144371390342712,0.0,11646.978171578
11646.996331464,0.4144083396613534,0.49416065652354996,-0.004454049264420457,43.199999999999996,10.44,0.5008025169372559,-0.180150761436785,10.375,0.5008025169372559,0.5144371390342712,0.0,11646.978171578
11647.002032021,0.4150535008119598,0.49159088897534264,-0.004960792778822864,42.66,12.24,0.5008025169372559,-0.027558214056803365,10.38,0.5195073485374451,0.5545182824134827,0.0,11646.99804991
11647.006601721,0.41446631571404696,0.4804598358435444,-0.002216886421274334,42.3,13.68,0.5195073485374451,-0.25644703512683087,10.385,0.5195073485374451,0.5545182824134827,0.0,11646.99804991
11647.010991323,0.4152554129379288,0.48407238011372816,-0.0032618063813406087,41.94,15.299999999999999,0.5195073485374451,-0.2411877803888327,10.39,0.5195073485374451,0.5545182824134827,0.0,11646.99804991
11647.01646391,0.41593918061163987,0.4832729209894973,-0.00220736284158481,41.58,16.74,0.5195073485374451,0.09451582384718193,10.395,0.5195073485374451,0.5545182824134827,0.0,11646.99804991
11647.020961801,0.41549991816840676,0.48730695893979004,0.000643025241909307,41.4,18.0,0.5195073485374451,-0.22592852565083454,10.4,0.538928747177124,0.5894672870635986,0.0,11647.018360565
11647.026452276,0.41636682673236464,0.4895623623799191,-0.007485749791438366,41.22,19.08,0.538928747177124,-0.1343729972227905,10.405,0.538928747177124,0.5894672870635986,0.0,11647.018360565
11647.030944984,0.42081666512942584,0.4855783530730744,-0.005349411445709064,41.22,19.98,0.538928747177124,-0.37852107303081617,10.41,0.538928747177124,0.5894672870635986,0.0,11647.018360565
11647.036623524,0.42973207484515097,0.4783642742431235,-0.012862762504876385,41.22,20.7,0.538928747177124,0.07925656910918377,10.415000000000001,0.538928747177124,0.5894672870635986,0.0,11647.018360565
11647.041505099,0.4374474506834739,0.4820223006591612,-0.010653432777993277,41.22,21.419999999999998,0.538928747177124,-0.363261818292818,10.42,0.5564573407173157,0.6,0.0,11647.03813544
11647.045934605,0.44693476754551487,0.48517431070216516,-0.006230246161965931,41.22,21.96,0.5564573407173157,-0.21066927091278131,10.425,0.5564573407173157,0.6,0.0,11647.03813544
11647.051512025,0.46225699767343653,0.48544381544334025,-0.008362302624800075,41.22,22.68,0.5564573407173157,-0.27170628986482903,10.43,0.5564573407173157,0.6,0.0,11647.03813544
11647.056114557,0.47434576181837207,0.4821483370845103,-0.010428783458124884,41.22,23.4,0.5564573407173157,-0.07333597827079785,10.435,0.5564573407173157,0.6,0.0,11647.03813544
11647.061656233,0.48445839009184577,0.4796027776534752,-0.0054265497098304055,41.04,24.3,0.5564573407173157,-0.27170628986482903,10.44,0.5717323422431946,0.6,0.0,11647.057881675
11647.066057099,0.4989905667060061,0.4822238422875048,-0.004228262591064603,40.68,25.2,0.5717323422431946,-0.14963225196078866,10.445,0.5717323422431946,0.6,0.0,11647.057881675
11647.071770616,0.5101859665447402,0.48306076263533954,-0.0012044410277105451,40.14,26.459999999999997,0.5717323422431946,-0.2411877803888327,10.450000000000001,0.5717323422431946,0.6,0.0,11647.057881675
11647.076224315,0.5192521514161326,0.48086043761879704,-0.0026435857143415975,39.42,27.9,0.5717323422431946,0.1097750785851801,10.455,0.5717323422431946,0.6,0.0,11647.057881675
11647.08174695,0.5306123020596086,0.48885482671647257,-0.005659168144563084,38.519999999999996,29.52,0.5717323422431946,-0.22592852565083454,10.46,0.5817179679870605,0.6,0.0,11647.078234443
11647.086401355,0.5392213118794588,0.4871655379080614,0.0005266276109659099,37.62,31.14,0.5817179679870605,-0.34800256355481984,10.465,0.5817179679870605,0.6,0.0,11647.078234443
11647.090945614,0.5455016118889403,0.49397692285324407,-0.009939538040369225,36.54,32.94,0.5817179679870605,-0.180150761436785,10.47,0.5817179679870605,0.6,0.0,11647.078234443
11647.096509914,0.5528784483027591,0.4942466886613141,-0.003951387749401405,35.46,34.74,0.5817179679870605,-0.21066927091278131,10.475,0.5817179679870605,0.6,0.0,11647.078234443
11647.100950621,0.5592105706364071,0.4960295391478233,-0.010299804147981277,34.379999999999995,36.54,0.5817179679870605,-0.363261818292818,10.48,0.5857822299003601,0.6,0.0,11647.098159143
11647.106577769,0.5634385748009217,0.5070539039251992,-0.004136497454432948,33.48,37.98,0.5857822299003601,-0.21066927091278131,10.485,0.5857822299003601,0.6,0.0,11647.098159143
11647.111054924,0.5688895880601981,0.5102702303547255,-0.004480858593483476,32.58,39.24,0.5857822299003601,-0.3327433088168217,10.49,0.5857822299003601,0.6,0.0,11647.098159143
11647.116557591,0.5738369443304571,0.5145014459978723,0.008611809302404669,32.04,40.14,0.5857822299003601,-0.07333597827079785,10.495000000000001,0.5857822299003601,0.6,0.0,11647.098159143
11647.121495326,0.5776537309580608,0.5173443867320456,0.0026902444208859646,31.86,40.86,0.5857822299003601,-0.1343729972227905,10.5,0.5862674117088318,0.6,0.0,11647.117991362
11647.125939873,0.5814998710886492,0.5157341197806847,0.005404011889437276,31.68,41.04,0.5862674117088318,-0.180150761436785,10.505,0.5862674117088318,0.6,0.0,11647.117991362
11647.131441196,0.5862004775656198,0.5176283643463264,-0.006866660958613345,31.86,40.86,0.5862674117088318,-0.2411877803888327,10.51,0.5862674117088318,0.6,0.0,11647.117991362
11647.136062608,0.5890766376618362,0.5240847420605307,-0.0019639506644868613,32.04,40.5,0.5862674117088318,-0.08859523300879601,10.515,0.5862674117088318,0.6,0.0,11647.117991362
11647.141944958,0.5925283338953168,0.5259375796213138,-0.008304730689343218,32.4,39.96,0.5862674117088318,-0.363261818292818,10.52,0.5862674117088318,0.6,0.0,11647.138374754
11647.146415777,0.5951571804736605,0.5394169136028764,0.0021916757091650007,32.58,39.6,0.5862674117088318,-0.180150761436785,10.525,0.5862674117088318,0.6,0.0,11647.138374754
11647.151978445,0.5969700329976935,0.539534187856653,-0.006425520857255555,32.58,39.42,0.5862674117088318,-0.34800256355481984,10.53,0.5862674117088318,0.6,0.0,11647.138374754
11647.156565681,0.5983512521406844,0.5509894550756489,0.0017432215549465855,32.58,39.42,0.5862674117088318,-0.07333597827079785,10.535,0.5862674117088318,0.6,0.0,11647.138374754
11647.161147509,0.5998659418326977,0.5617016753274978,0.010736264515414602,32.58,39.42,0.5862674117088318,-0.3174840540788235,10.540000000000001,0.5668167152404785,0.58,0.012,11647.157854491
11647.166640864,0.6004905940288627,0.5658072529810141,0.017058232916351355,32.4,39.42,0.5668167152404785,-0.4853358561968033,10.545,0.5668167152404785,0.58,0.012,11647.157854491
11647.171256996,0.6012524348025494,0.565506670737012,0.007390166667383478,32.4,39.6,0.5668167152404785,-0.3327433088168217,10.55,0.5668167152404785,0.58,0.012,11647.157854491
11647.17681208,0.6016057229155434,0.5605934740346271,0.012441101002895437,32.22,39.42,0.5668167152404785,-0.027558214056803365,10.555,0.5668167152404785,0.58,0.012,11647.157854491
11647.181455892,0.6019871341029265,0.5674723221716013,0.005031946564355055,32.22,39.059999999999995,0.5668167152404785,-0.25644703512683087,10.56,0.5473660187721252,0.5599999999999999,0.024,11647.178217179
11647.185999832,0.6012562621004729,0.5709474643448176,0.00975051446554154,32.22,38.879999999999995,0.5473660187721252,-0.1343729972227905,10.565,0.5473660187721252,0.5599999999999999,0.024,11647.178217179
11647.191636292,0.6006840876667372,0.5638430807152491,0.014261506195965062,32.4,38.339999999999996,0.5473660187721252,-0.34800256355481984,10.57,0.5473660187721252,0.5599999999999999,0.024,11647.178217179
11647.196073383,0.6004080319966769,0.5636221739668146,0.010469106393557762,32.4,37.98,0.5473660187721252,0.04873805963318745,10.575000000000001,0.5473660187721252,0.5599999999999999,0.024,11647.178217179
11647.201656371,0.600605663399429,0.562868028540547,-0.001705416696092006,32.58,37.44,0.5473660187721252,-0.21066927091278131,10.58,0.527915322303772,0.54,0.036,11647.198061047
11647.206164182,0.6004464929889199,0.5559069793902299,-0.014211216126598439,32.58,37.08,0.527915322303772,-0.012298959318805203,10.585,0.527915322303772,0.54,0.036,11647.198061047
11647.211694914,0.6004660211010655,0.5687905403829433,-0.012286622286879129,32.58,36.72,0.527915322303772,-0.454817346720807,10.59,0.527915322303772,0.54,0.036,11647.198061047
11647.216115364,0.5999770067376495,0.5664360666948899,-0.021870530819985627,32.4,36.36,0.527915322303772,0.033478804895189285,10.595,0.527915322303772,0.54,0.036,11647.198061047
11647.221934098,0.5990909480083589,0.5642746264886527,-0.029648119608696243,32.4,35.82,0.527915322303772,-0.42429883724481066,10.6,0.5084646258354187,0.52,0.048,11647.218370614
11647.226410709,0.5983922447894466,0.5596426312999935,-0.02837732946095046,32.4,35.46,0.5084646258354187,-0.3327433088168217,10.605,0.5084646258354187,0.52,0.048,11647.218370614
11647.231912576,0.5982089439318514,0.5655899126662487,-0.02360494131905233,32.4,34.92,0.5084646258354187,-0.4395580919828088,10.61,0.5084646258354187,0.52,0.048,11647.218370614
11647.236353763,0.5969906049818134,0.564538277910859,-0.012667023243623102,32.4,34.379999999999995,0.5084646258354187,-0.08859523300879601,10.615,0.5084646258354187,0.52,0.048,11647.218370614
11647.241946447,0.596412487188154,0.5738284251527039,-0.0136205329734137,32.4,33.839999999999996,0.5084646258354187,-0.3327433088168217,10.620000000000001,0.4890139293670654,0.5,0.06,11647.23804568
11647.246396146,0.5963708931529823,0.5691302657631405,-0.007723441077499866,32.4,33.12,0.4890139293670654,0.033478804895189285,10.625,0.4890139293670654,0.5,0.06,11647.23804568
11647.251898109,0.5948683346105604,0.5644137227414422,-0.0026562495831462902,32.4,32.4,0.4890139293670654,-0.5311136204107978,10.63,0.4890139293670654,0.5,0.06,11647.23804568
11647.256476801,0.5944954180200074,0.5621203631883486,-0.0077822776130071864,32.4,31.68,0.4890139293670654,-0.07333597827079785,10.635,0.4890139293670654,0.5,0.06,11647.23804568
11647.260942052,0.5943703361187122,0.5626194250752445,0.0004148553774175946,32.4,30.959999999999997,0.4890139293670654,-0.1343729972227905,10.64,0.4695632328987121,0.48,0.072,11647.258310095
11647.266433167,0.5932016600756508,0.5593921313575738,0.003937034131199084,32.4,30.24,0.4695632328987121,-0.14963225196078866,10.645,0.4695632328987121,0.48,0.072,11647.258310095
11647.27096901,0.5923353157741695,0.5538594362834147,0.0035904103306113725,32.4,29.52,0.4695632328987121,-0.19541001617478315,10.65,0.4695632328987121,0.48,0.072,11647.258310095
11647.276486014,0.5920394880488502,0.5561620845114007,0.021042908870105695,32.4,28.799999999999997,0.4695632328987121,-0.027558214056803365,10.655,0.4695632328987121,0.48,0.072,11647.258310095
11647.281993225,0.5899328358336875,0.5597255755809366,0.028710353736567537,32.4,28.08,0.4695632328987121,-0.34800256355481984,10.66,0.4501125364303588,0.4599999999999999,0.084,11647.278111338
11647.28650798,0.5827579162133673,0.5577781769119512,0.02921062199718127,32.4,27.18,0.4501125364303588,-0.16489150669878683,10.665000000000001,0.4501125364303588,0.4599999999999999,0.084,11647.278111338
11647.290966031,0.5744994626443156,0.5585369727952455,0.029417650665613186,32.4,26.279999999999998,0.4501125364303588,-0.2411877803888327,10.67,0.4501125364303588,0.4599999999999999,0.084,11647.278111338
11647.296452378,0.5669672817091103,0.5603762601048977,0.04856679956421326,32.58,25.2,0.4501125364303588,0.00296029541919296,10.675,0.4501125364303588,0.4599999999999999,0.084,11647.278111338
11647.302034246,0.5560868646946778,0.5547003539608149,0.05018874316710676,32.58,24.119999999999997,0.4501125364303588,-0.42429883724481066,10.68,0.4306618399620056,0.4399999999999999,0.096,11647.298361449
11647.306591882,0.543760790215173,0.5581311934581196,0.05427596705125863,32.76,22.86,0.4306618399620056,-0.027558214056803365,10.685,0.4306618399620056,0.4399999999999999,0.096,11647.298361449
11647.311047821,0.5348721672099032,0.5555004328600349,0.05992307853930877,32.76,21.779999999999998,0.4306618399620056,-0.30222479934082536,10.69,0.4306618399620056,0.4399999999999999,0.096,11647.298361449
11647.31655372,0.524940394080597,0.5528096251196185,0.054704962639718205,32.76,20.7,0.4306618399620056,0.21658986175116723,10.695,0.4306618399620056,0.4399999999999999,0.096,11647.298361449
11647.321065819,0.5135965209815501,0.5370091734604041,0.06764192167307143,32.76,19.62,0.4306618399620056,-0.34800256355481984,10.700000000000001,0.4112111434936523,0.42,0.108,11647.318320998
11647.326612935,0.5055523217169994,0.5250122216466564,0.08180308190244948,32.76,18.72,0.4112111434936523,0.00296029541919296,10.705,0.4112111434936523,0.42,0.108,11647.318320998
11647.330997961,0.49720134878985367,0.5159895745667687,0.08759049146543973,32.76,17.64,0.4112111434936523,-0.14963225196078866,10.71,0.4112111434936523,0.42,0.108,11647.318320998
11647.336595573,0.48775174350267797,0.494870189623411,0.08916793266124282,32.58,16.74,0.4112111434936523,-0.11911374248479234,10.715,0.4112111434936523,0.42,0.108,11647.318320998
11647.341663645,0.48076063815404857,0.4850047973917949,0.08829107961912039,32.58,15.479999999999999,0.4112111434936523,-0.39378032776881433,10.72,0.391760447025299,0.3999999999999999,0.12,11647.338227458
11647.346113728,0.4751269136176392,0.4782242403270639,0.09122675373192275,32.58,14.219999999999999,0.391760447025299,-0.04281746879480153,10.725,0.391760447025299,0.3999999999999999,0.12,11647.338227458
11647.351679692,0.46774185692232695,0.46633261413784427,0.0863405356631483,32.58,12.959999999999999,0.391760447025299,-0.22592852565083454,10.73,0.391760447025299,0.3999999999999999,0.12,11647.338227458
11647.356262928,0.4620286003431874,0.45789075418788266,0.08427154598793306,32.58,11.52,0.391760447025299,-0.180150761436785,10.735,0.391760447025299,0.3999999999999999,0.12,11647.338227458
11647.361773244,0.4573188249505579,0.4575988400118315,0.0838516685407366,32.76,10.26,0.391760447025299,-0.22592852565083454,10.74,0.3723097505569458,0.38,0.132,11647.358284384
11647.366193343,0.45181845587727326,0.4544524922689706,0.08765915900903815,32.76,8.82,0.3723097505569458,-0.027558214056803365,10.745000000000001,0.3723097505569458,0.38,0.132,11647.358284384
11647.371845003,0.446651300260002,0.43976423794743463,0.08776468914981511,32.76,7.38,0.3723097505569458,-0.4395580919828088,10.75,0.3723097505569458,0.38,0.132,11647.358284384
11647.376263726,0.4428554689676122,0.43151362225380674,0.09001928398567058,32.76,5.9399999999999995,0.3723097505569458,-0.3174840540788235,10.755,0.3723097505569458,0.38,0.132,11647.358284384
11647.381804954,0.4373979036562623,0.4267048254186218,0.10260231177867647,32.58,4.5,0.3723097505569458,-0.1343729972227905,10.76,0.3528590540885925,0.36,0.144,11647.378053148
11647.38631939,0.43241086270501616,0.42436966219633687,0.10814949624030705,32.58,3.06,0.3528590540885925,-0.1343729972227905,10.765,0.3528590540885925,0.36,0.144,11647.378053148
11647.391852105,0.4283317887927595,0.4176893083026804,0.11342849796981237,32.58,1.6199999999999999,0.3528590540885925,-0.2411877803888327,10.77,0.3528590540885925,0.36,0.144,11647.378053148
11647.396390477,0.4236159165219318,0.4226140458225575,0.11529142158381585,32.58,0.0,0.3528590540885925,-0.07333597827079785,10.775,0.3528590540885925,0.36,0.144,11647.378053148
11647.401954041,0.4185480041590232,0.42046716196360073,0.11003450341737649,32.04,0.0,0.3528590540885925,-0.3174840540788235,10.78,0.3334083576202392,0.3399999999999999,0.156,11647.398328892
11647.406519837,0.4145001767005237,0.41222449123963867,0.10872339216689163,31.86,0.36,0.3334083576202392,-0.363261818292818,10.785,0.3334083576202392,0.3399999999999999,0.156,11647.398328892
11647.41100592,0.4097099529386348,0.41078430150695,0.11545381687581573,31.68,0.36,0.3334083576202392,-0.27170628986482903,10.790000000000001,0.3334083576202392,0.3399999999999999,0.156,11647.398328892
11647.41654894,0.4038416874397545,0.40408206573149263,0.1284469929417653,31.32,0.36,0.3334083576202392,-0.180150761436785,10.795,0.3334083576202392,0.3399999999999999,0.156,11647.398328892
11647.421645972,0.399820215724971,0.3915033688976558,0.1272327440729743,31.5,0.0,0.3334083576202392,-0.11911374248479234,10.8,0.3139576611518859,0.3199999999999999,0.168,11647.418200185
11647.426085047,0.39562496774265943,0.3921668040513457,0.13423879899235103,31.5,0.0,0.3139576611518859,-0.07333597827079785,10.805,0.3139576611518859,0.3199999999999999,0.168,11647.418200185
11647.431580899,0.3904587367583186,0.3881118724742653,0.14321408525405505,31.5,0.18,0.3139576611518859,-0.39378032776881433,10.81,0.3139576611518859,0.3199999999999999,0.168,11647.418200185
11647.436119078,0.3860308759954131,0.370210409366446,0.141873769435805,31.68,0.18,0.3139576611518859,-0.08859523300879601,10.815,0.3139576611518859,0.3199999999999999,0.168,11647.418200185
11647.441740019,0.38225761649608864,0.37215320713785566,0.14479934652102133,31.86,0.18,0.3139576611518859,-0.180150761436785,10.82,0.2945069646835327,0.3,0.18,11647.438074774
11647.446276919,0.37750175739145475,0.367417537544376,0.15311725720358565,32.04,0.0,0.2945069646835327,-0.05807672353279969,10.825000000000001,0.2945069646835327,0.3,0.18,11647.438074774
11647.451774018,0.373669341452205,0.3608559173291606,0.15220975983635254,32.04,0.0,0.2945069646835327,-0.11911374248479234,10.83,0.2945069646835327,0.3,0.18,11647.438074774
11647.45638503,0.36991703566477135,0.3588836076298303,0.15362617526344663,32.22,0.18,0.2945069646835327,-0.47007660145880514,10.835,0.2945069646835327,0.3,0.18,11647.438074774
11647.461314253,0.36461028998806727,0.35087361194817396,0.15514169729665273,32.22,0.36,0.2945069646835327,-0.3174840540788235,10.84,0.2750562682151794,0.2799999999999999,0.192,11647.458022483
11647.466811161,0.36020597622105505,0.3444168524357237,0.15747014689950756,32.22,0.36,0.2750562682151794,-0.22592852565083454,10.845,0.2750562682151794,0.2799999999999999,0.192,11647.458022483
11647.471362844,0.35669722143900945,0.33533916861937446,0.1598009601259752,32.22,0.54,0.2750562682151794,-0.3174840540788235,10.85,0.2750562682151794,0.2799999999999999,0.192,11647.458022483
11647.47687252,0.3523133812016721,0.3262883295294903,0.16105558794561103,32.22,0.72,0.2750562682151794,-0.37852107303081617,10.855,0.2750562682151794,0.2799999999999999,0.192,11647.458022483
11647.481650446,0.34711737579693164,0.3258644263047782,0.16357979062064779,32.22,0.72,0.2750562682151794,-0.04281746879480153,10.86,0.2556055717468261,0.2599999999999999,0.204,11647.478340948
11647.48620549,0.3432398013608599,0.32311462992650264,0.1665555483070478,32.22,0.72,0.2556055717468261,-0.27170628986482903,10.865,0.2556055717468261,0.2599999999999999,0.204,11647.478340948
11647.491785886,0.3389109382733467,0.3306660239741699,0.1680938506540613,32.04,0.72,0.2556055717468261,0.018219550157191122,10.870000000000001,0.2556055717468261,0.2599999999999999,0.204,11647.478340948
11647.496214016,0.33338984528359866,0.3262722061351074,0.17140713993881979,32.04,0.72,0.2556055717468261,0.00296029541919296,10.875,0.2556055717468261,0.2599999999999999,0.204,11647.478340948
11647.501723436,0.3296641504812808,0.32452174647812054,0.17498403398178275,32.04,0.54,0.2556055717468261,-0.05807672353279969,10.88,0.2361548752784729,0.24,0.216,11647.498208368
11647.506393009,0.32550514216013354,0.3188859148818451,0.1776658462134513,31.86,0.36,0.2361548752784729,-0.30222479934082536,10.885,0.2361548752784729,0.24,0.216,11647.498208368
11647.511892124,0.32018547665919056,0.30233017675006735,0.1807734643702671,31.86,0.18,0.2361548752784729,-0.16489150669878683,10.89,0.2361548752784729,0.24,0.216,11647.498208368
11647.516329759,0.3165411934006717,0.30077951235534983,0.18478803136248545,31.68,0.0,0.2361548752784729,-0.30222479934082536,10.895,0.2361548752784729,0.24,0.216,11647.498208368
11647.52195374,0.3129435768225205,0.30259067715118965,0.18781212706911785,31.68,0.0,0.2361548752784729,-0.05807672353279969,10.9,0.2167041788101196,0.2199999999999999,0.2279999999999999,11647.518254318
11647.526413583,0.3078819601610686,0.30488458268128343,0.1908576927400035,31.32,0.0,0.2167041788101196,-0.3327433088168217,10.905,0.2167041788101196,0.2199999999999999,0.2279999999999999,11647.518254318
11647.531939674,0.3037245258700851,0.2965426419492949,0.1950698479200331,31.14,0.18,0.2167041788101196,-0.180150761436785,10.91,0.2167041788101196,0.2199999999999999,0.2279999999999999,11647.518254318
11647.536450366,0.300233531143327,0.2908434627067138,0.19860479378111537,30.959999999999997,0.18,0.2167041788101196,-0.4090395825068125,10.915000000000001,0.2167041788101196,0.2199999999999999,0.2279999999999999,11647.518254318
11647.54199953,0.29601582091343864,0.28693909600437206,0.200799482901192,30.599999999999998,0.36,0.2167041788101196,-0.27170628986482903,10.92,0.1972534823417663,0.1999999999999999,0.24,11647.538171788
11647.546430093,0.291920980726999,0.28417567780154435,0.20373159618009973,30.24,0.36,0.1972534823417663,-0.37852107303081617,10.925,0.1972534823417663,0.1999999999999999,0.24,11647.538171788
11647.55192492,0.28870514415949317,0.28817149419359744,0.20646177732088883,29.88,0.36,0.1972534823417663,-0.22592852565083454,10.93,0.1972534823417663,0.1999999999999999,0.24,11647.538171788
11647.556518524,0.28405903252761855,0.27867308180987477,0.20848318740219027,29.52,0.54,0.1972534823417663,-0.27170628986482903,10.935,0.1972534823417663,0.1999999999999999,0.24,11647.538171788
11647.56135805,0.27986372430028356,0.28631217152650446,0.21129896399008927,28.98,0.72,0.1972534823417663,-0.027558214056803365,10.94,0.177802785873413,0.18,0.252,11647.558096969
11647.56685387,0.27617196029015456,0.280686836831393,0.21453389684903476,28.619999999999997,0.72,0.177802785873413,-0.363261818292818,10.945,0.177802785873413,0.18,0.252,11647.558096969
11647.571464626,0.27191653370810287,0.2726363684891327,0.21672011930075732,28.08,0.8999999999999999,0.177802785873413,-0.25644703512683087,10.950000000000001,0.177802785873413,0.18,0.252,11647.558096969
11647.575986966,0.2666297967023931,0.2656487451884974,0.22011883867545218,27.36,1.08,0.177802785873413,-0.5768913846247923,10.955,0.177802785873413,0.18,0.252,11647.558096969
11647.581699843,0.2627797826725579,0.2562285593557983,0.22417420805725005,26.82,1.26,0.177802785873413,-0.14963225196078866,10.96,0.1583520894050598,0.1599999999999999,0.264,11647.578382121
11647.586235623,0.25860739805074423,0.24490982178084386,0.22687806674300315,26.099999999999998,1.44,0.1583520894050598,-0.22592852565083454,10.965,0.1583520894050598,0.1599999999999999,0.264,11647.578382121
11647.591937236,0.25410066362370065,0.24431169361969848,0.22982844873871475,25.38,1.6199999999999999,0.1583520894050598,-0.05807672353279969,10.97,0.1583520894050598,0.1599999999999999,0.264,11647.578382121
11647.596406391,0.250631563984592,0.2444191108668294,0.2336215033142118,24.48,1.98,0.1583520894050598,-0.012298959318805203,10.975,0.1583520894050598,0.1599999999999999,0.264,11647.578382121
11647.602012771,0.24677169286059192,0.23126002464672182,0.2371022283428039,23.759999999999998,2.16,0.1583520894050598,0.033478804895189285,10.98,0.1389013929367065,0.1399999999999999,0.276,11647.598162149
11647.606574119,0.2425012020394776,0.23528972879497712,0.23958838841135888,22.86,2.34,0.1389013929367065,-0.180150761436785,10.985,0.1389013929367065,0.1399999999999999,0.276,11647.598162149
11647.611170091,0.23835969661668766,0.22187689428409796,0.2440421202596685,21.96,2.52,0.1389013929367065,-0.027558214056803365,10.99,0.1389013929367065,0.1399999999999999,0.276,11647.598162149
11647.61676572,0.2349546542527769,0.23578573611406925,0.2473725766008295,21.06,2.6999999999999997,0.1389013929367065,-0.39378032776881433,10.995000000000001,0.1389013929367065,0.1399999999999999,0.276,11647.598162149
11647.621679422,0.23056203654493324,0.23149205176527604,0.2500669106982452,20.16,2.88,0.1389013929367065,-0.08859523300879601,11.0,0.1194506964683532,0.12,0.288,11647.618200035
11647.626124321,0.2268339391988658,0.22935494979837173,0.2528279448038558,19.259999999999998,2.88,0.1194506964683532,-0.2411877803888327,11.005,0.1194506964683532,0.12,0.288,11647.618200035
11647.631785838,0.22346739171258453,0.21595679309088833,0.25562702178288843,18.54,2.88,0.1194506964683532,-0.07333597827079785,11.01,0.1194506964683532,0.12,0.288,11647.618200035
11647.636411123,0.21883967150661257,0.20780118119420762,0.25776045423546534,17.64,2.88,0.1194506964683532,-0.37852107303081617,11.015,0.1194506964683532,0.12,0.288,11647.618200035
11647.641024951,0.21440002058945576,0.1992307770748469,0.26062280357843826,16.919999999999998,2.6999999999999997,0.1194506964683532,-0.1343729972227905,11.02,0.0999999999999999,0.0999999999999999,0.3,11647.638108896
11647.646556867,0.21129876118744007,0.20137834552172218,0.2631400270635896,16.02,2.34,0.0999999999999999,-0.25644703512683087,11.025,0.0999999999999999,0.0999999999999999,0.3,11647.638108896
11647.650995174,0.20707790838672616,0.2022323575588378,0.2652043567140229,15.299999999999999,1.98,0.0999999999999999,-0.05807672353279969,11.03,0.0999999999999999,0.0999999999999999,0.3,11647.638108896
11647.656700371,0.20224795881275218,0.19113627232674396,0.2685094268889801,14.76,1.44,0.0999999999999999,-0.30222479934082536,11.035,0.0999999999999999,0.0999999999999999,0.3,11647.638108896
11647.661387352,0.1986565568264059,0.18413099621082982,0.2720422383747533,14.04,0.8999999999999999,0.0999999999999999,-0.30222479934082536,11.040000000000001,0.1,0.1,0.3,11647.658021277
11647.666949027,0.19489186522867477,0.18165287001094535,0.27469123069183127,13.5,0.18,0.1,-0.4395580919828088,11.045,0.1,0.1,0.3,11647.658021277
11647.671483271,0.19011122362272423,0.18342731877109925,0.277967244065347,12.78,-0.18,0.1,0.033478804895189285,11.05,0.1,0.1,0.3,11647.658021277
11647.677018579,0.18712087878080394,0.17828456460186726,0.2816283207869785,12.059999999999999,0.18,0.1,-0.21066927091278131,11.055,0.1,0.1,0.3,11647.658021277
11647.681696408,0.18341264812693903,0.18592831607603405,0.2849051971314319,11.34,0.18,0.1,-0.21066927091278131,11.06,0.1,0.1,0.3,11647.678360285
11647.686204187,0.1793450681201108,0.17306669863962262,0.2874270551960992,10.62,0.36,0.1,-0.07333597827079785,11.065,0.1,0.1,0.3,11647.678360285
11647.691786407,0.17597568212558864,0.17409105366507407,0.29023260459687716,10.08,0.18,0.1,-0.21066927091278131,11.07,0.1,0.1,0.3,11647.678360285
11647.69623521,0.17297569344461647,0.16191557898415546,0.2926640573811191,9.54,-0.18,0.1,-0.30222479934082536,11.075000000000001,0.1,0.1,0.3,11647.678360285
11647.701757622,0.1691719690120221,0.1583331182192168,0.294516642997364,9.0,0.0,0.1,-0.2411877803888327,11.08,0.1,0.1,0.3,11647.69818313
11647.706450555,0.1656651561009311,0.15075222281856904,0.2972864147739483,8.64,0.0,0.1,-0.34800256355481984,11.085,0.1,0.1,0.3,11647.69818313
11647.711999943,0.16336956768575742,0.15365717657302672,0.2989060608187114,8.1,0.0,0.1,-0.19541001617478315,11.09,0.1,0.1,0.3,11647.69818313
11647.716467562,0.15989524704360714,0.1540300996984366,0.30049302210632756,7.739999999999999,0.0,0.1,-0.27170628986482903,11.095,0.1,0.1,0.3,11647.69818313
11647.721094671,0.157101515815677,0.15912000600966386,0.30152836427016094,7.38,0.0,0.1,-0.19541001617478315,11.1,0.1,0.1,0.3,11647.718159799
11647.726715387,0.15499010117748746,0.14977464525431367,0.30226974681114266,7.199999999999999,0.0,0.1,-0.2869655446028272,11.105,0.1,0.1,0.3,11647.718159799
11647.731194238,0.1522367162978911,0.13947794004214276,0.3026731779683145,6.84,0.0,0.1,1.4831080050050147,11.11,0.1,0.1,0.3,11647.718159799
11647.736811691,0.14950157030753816,0.15162366715894013,0.30297485793202905,6.84,0.36,0.1,0.00296029541919296,11.115,0.1,0.1,0.3,11647.718159799
11647.741524112,0.14782123622288215,0.14346730995770454,0.3028605731537803,6.84,0.36,0.1,0.00296029541919296,11.120000000000001,0.1,0.1,0.3,11647.738106069
11647.746015027,0.1458042194602844,0.14254232209283305,0.3027628719958772,6.84,0.36,0.1,-0.2411877803888327,11.125,0.1,0.1,0.3,11647.738106069
11647.751512895,0.14342424427330758,0.13684167564686076,0.3025758010330373,7.02,0.18,0.1,-0.22592852565083454,11.13,0.1,0.1,0.3,11647.738106069
11647.756046722,0.14195181761909778,0.1363014561563251,0.3022683771437337,7.199999999999999,0.0,0.1,-0.4395580919828088,11.135,0.1,0.1,0.3,11647.738106069
11647.761678991,0.1401631331653072,0.13777889662448922,0.3020312981463161,7.199999999999999,0.0,0.1,-0.2411877803888327,11.14,0.1,0.1,0.3,11647.757952817
11647.766142994,0.1383679325159663,0.14104704701076162,0.30167574703300015,7.38,0.0,0.1,-0.11911374248479234,11.145,0.1,0.1,0.3,11647.757952817
11647.771755294,0.1365975890653653,0.13945018624395783,0.3017128167606852,7.38,0.18,0.1,-0.27170628986482903,11.15,0.1,0.1,0.3,11647.757952817
11647.776170561,0.1346549900418803,0.13250773354444115,0.30195993419004413,7.56,0.18,0.1,-0.19541001617478315,11.155,0.1,0.1,0.3,11647.757952817
11647.781673549,0.13295430966408625,0.13798747484125465,0.301567890298081,7.56,0.18,0.1,-0.08859523300879601,11.16,0.1,0.1,0.3,11647.778308594
11647.786234769,0.13155296195879906,0.13025513040348466,0.30147754040664215,7.56,0.0,0.1,-0.6379284035767849,11.165000000000001,0.1,0.1,0.3,11647.778308594
11647.791831965,0.13091240907469556,0.13167510308876818,0.30115660493408636,7.56,0.0,0.1,-0.16489150669878683,11.17,0.1,0.1,0.3,11647.778308594
11647.796253472,0.1301504109529043,0.12803358916858823,0.3009566324759231,7.56,0.0,0.1,-0.05807672353279969,11.175,0.1,0.1,0.3,11647.778308594
11647.801749547,0.12804429775786738,0.1275238432462962,0.3007986897509129,7.56,0.0,0.1,0.1860713522751709,11.18,0.1,0.1,0.3,11647.798118158
11647.806339919,0.12642442679250993,0.11073385979560008,0.3013703176579204,7.56,0.0,0.1,-0.37852107303081617,11.185,0.1,0.1,0.3,11647.798118158
11647.811842459,0.1253285761682006,0.11797194808930797,0.3013242504751315,7.38,0.18,0.1,0.09451582384718193,11.19,0.1,0.1,0.3,11647.798118158
11647.816260349,0.12398096317765192,0.11427100041622,0.3010705612499923,7.199999999999999,0.18,0.1,-0.14963225196078866,11.195,0.1,0.1,0.3,11647.798118158
11647.822054411,0.12277184865348882,0.12220989385458539,0.3009972259508575,7.02,0.18,0.1,-0.2869655446028272,11.200000000000001,0.1,0.1,0.3,11647.817914922
11647.826526286,0.12208412529922785,0.12492179564869033,0.3008361184546058,6.84,0.0,0.1,-0.2869655446028272,11.205,0.1,0.1,0.3,11647.817914922
11647.832065466,0.12064415675321469,0.12464321093314631,0.30085174462669717,6.66,0.18,0.1,0.14029358806117642,11.21,0.1,0.1,0.3,11647.817914922
11647.836682911,0.11864665606639456,0.12632775040030442,0.3009671486713733,6.4799999999999995,0.72,0.1,-0.2411877803888327,11.215,0.1,0.1,0.3,11647.817914922
11647.84123293,0.1178316245259904,0.10524632187356514,0.3010425455665284,6.3,1.08,0.1,-0.11911374248479234,11.22,0.1,0.1,0.3,11647.838319147
11647.846863439,0.1166166641172356,0.10634296089243693,0.3008176225737986,6.12,1.44,0.1,-0.363261818292818,11.225,0.1,0.1,0.3,11647.838319147
11647.85129125,0.11559171475510777,0.10795178804112823,0.3012830445889366,5.9399999999999995,1.7999999999999998,0.1,-0.3174840540788235,11.23,0.1,0.1,0.3,11647.838319147
11647.856983135,0.1144749457282046,0.10842657762125726,0.30115573762788034,5.76,1.98,0.1,-0.180150761436785,11.235,0.1,0.1,0.3,11647.838319147
11647.861481282,0.11231497147455545,0.10725515231354875,0.3015170726703696,5.76,2.16,0.1,-0.1343729972227905,11.24,0.1,0.1,0.3,11647.858147496
11647.867049486,0.11220923865686326,0.10048646131011142,0.3014505696973477,5.58,2.16,0.1,-0.22592852565083454,11.245000000000001,0.1,0.1,0.3,11647.858147496
11647.871656914,0.11136926000461661,0.10716987529867444,0.30152274632378695,5.3999999999999995,2.16,0.1,-0.25644703512683087,11.25,0.1,0.1,0.3,11647.858147496
11647.876153238,0.11097848272722283,0.10033888632181157,0.3017535010664115,5.3999999999999995,2.16,0.1,1.2694784386730404,11.255,0.1,0.1,0.3,11647.858147496
11647.881666401,0.10956712335065287,0.10438912508268028,0.30157765731945124,5.22,2.34,0.1,-0.22592852565083454,11.26,0.1,0.1,0.3,11647.877907684
11647.886164261,0.10975597469393918,0.10833908364759806,0.3015503294337513,5.22,2.34,0.1,-0.22592852565083454,11.265,0.1,0.1,0.3,11647.877907684
11647.891771057,0.11080374703881932,0.09158006961879638,0.30160348715517776,5.22,2.52,0.1,-0.5616321298867941,11.27,0.1,0.1,0.3,11647.877907684
11647.896149716,0.10930679166131177,0.09021962095512737,0.30148621373178075,5.22,2.52,0.1,-0.07333597827079785,11.275,0.1,0.1,0.3,11647.877907684
11647.901737888,0.10783657865415873,0.0855058126194143,0.30166089405350144,5.22,2.52,0.1,-0.363261818292818,11.28,0.1,0.1,0.3,11647.898169284
11647.906710183,0.10744120777622414,0.09731750807002879,0.30146415471812216,5.22,2.34,0.1,-0.11911374248479234,11.285,0.1,0.1,0.3,11647.898169284
11647.911151914,0.10678709029929918,0.09801411298424242,0.3014066882757648,5.22,2.34,0.1,0.8422193060090919,11.290000000000001,0.1,0.1,0.3,11647.898169284
11647.916688182,0.10637495924838863,0.11194983474614498,0.30121567157016776,5.22,2.34,0.1,-0.027558214056803365,11.295,0.1,0.1,0.3,11647.898169284
11647.921263034,0.10744782743858756,0.1096387071974884,0.30090505255948,5.22,2.52,0.1,-0.3174840540788235,11.3,0.1,0.1,0.3,11647.918440068
11647.926821542,0.10629670763092564,0.10265410608236471,0.30091853445929617,5.04,2.52,0.1,-0.5005951109348015,11.305,0.1,0.1,0.3,11647.918440068
11647.931234504,0.10519035931099521,0.10523399959827136,0.301401143660497,5.04,2.52,0.1,0.018219550157191122,11.31,0.1,0.1,0.3,11647.918440068
11647.936836245,0.10327790927205209,0.10581162544515336,0.3012795908955744,5.04,2.52,0.1,0.033478804895189285,11.315,0.1,0.1,0.3,11647.918440068
11647.941832348,0.10403463391196185,0.09501774191220927,0.3012774134272379,5.04,2.6999999999999997,0.1,-0.2411877803888327,11.32,0.1,0.1,0.3,11647.938403969
11647.94636048,0.1031109973765747,0.1054505292599618,0.30151310082819005,4.859999999999999,2.6999999999999997,0.1,0.1097750785851801,11.325000000000001,0.1,0.1,0.3,11647.938403969
11647.951862379,0.10217193640728664,0.10140249713752549,0.30158005059186616,4.859999999999999,2.88,0.1,-0.4090395825068125,11.33,0.1,0.1,0.3,11647.938403969
11647.956413935,0.10218543316427159,0.10081731625543199,0.30123412964239826,4.859999999999999,2.88,0.1,-0.1343729972227905,11.335,0.1,0.1,0.3,11647.938403969
11647.961331062,0.1018790217796758,0.10297656954309146,0.30124040558523174,4.68,3.06,0.1,0.2623676259651617,11.34,0.1,0.1,0.3,11647.957959995
11647.966910338,0.10134774558795416,0.09516109963632527,0.3016300660856919,4.68,3.06,0.1,0.14029358806117642,11.345,0.1,0.1,0.3,11647.957959995
11647.971584007,0.10150858826519166,0.08992139153693114,0.301690766779613,4.5,3.2399999999999998,0.1,0.018219550157191122,11.35,0.1,0.1,0.3,11647.957959995
11647.975992682,0.1009235431999021,0.09269585236992546,0.3018298281091907,4.5,3.42,0.1,-0.11911374248479234,11.355,0.1,0.1,0.3,11647.957959995
11647.981706999,0.10160815898223878,0.08978066921489646,0.3018486516228163,4.5,3.42,0.1,-0.22592852565083454,11.36,0.1,0.1,0.3,11647.978401469
11647.986223034,0.09939118450258287,0.0906098808764691,0.3019478324562464,4.32,3.5999999999999996,0.1,-0.04281746879480153,11.365,0.1,0.1,0.3,11647.978401469
11647.991882759,0.09896021215227482,0.09528408504545545,0.30175385402881383,4.32,3.5999999999999996,0.1,-0.3174840540788235,11.370000000000001,0.1,0.1,0.3,11647.978401469
11647.99632321,0.09757552998697772,0.0973303546322524,0.3022032548512159,4.32,3.5999999999999996,0.1,0.06399731437118561,11.375,0.1,0.1,0.3,11647.978401469
11648.001884598,0.0983292519718246,0.09353259385865267,0.3018127001890351,4.14,3.78,0.1,-0.08859523300879601,11.38,0.1,0.1,0.3,11647.998255897
11648.006519642,0.09863806814406398,0.09886052820449452,0.301712072105826,4.14,3.78,0.1,-0.012298959318805203,11.385,0.1,0.1,0.3,11647.998255897
11648.012054214,0.0980551678545735,0.09853035745304105,0.30204675986775475,4.14,3.78,0.1,-0.21066927091278131,11.39,0.1,0.1,0.3,11647.998255897
11648.016481289,0.09946453409861362,0.10285188636557344,0.30230198951611836,4.14,3.78,0.1,0.20133060701316907,11.395,0.1,0.1,0.3,11647.998255897
11648.021097421,0.10126295381170038,0.09955126525533929,0.30163221299576937,4.14,3.78,0.1,-0.19541001617478315,11.4,0.1,0.1,0.3,11648.018231543
11648.026642937,0.0988309811922059,0.09782824893270754,0.30145772788908,4.14,3.96,0.1,0.12503433332317826,11.405,0.1,0.1,0.3,11648.018231543
11648.031026652,0.09587754004823487,0.09874398491082788,0.30144335702623515,4.14,3.96,0.1,-0.19541001617478315,11.41,0.1,0.1,0.3,11648.018231543
11648.036714569,0.09647319468649963,0.10247778404319512,0.3010192884244955,4.14,3.96,0.1,0.06399731437118561,11.415000000000001,0.1,0.1,0.3,11648.018231543
11648.041525103,0.09671873669197785,0.0967684669859299,0.30067843321228294,4.14,3.78,0.1,-0.180150761436785,11.42,0.1,0.1,0.3,11648.038185876
11648.046004338,0.09803569859168987,0.11040041647434264,0.29995974775651657,4.14,3.78,0.1,0.06399731437118561,11.425,0.1,0.1,0.3,11648.038185876
11648.051606718,0.09754183968948398,0.10338326872528956,0.2994009722437852,4.14,3.78,0.1,0.00296029541919296,11.43,0.1,0.1,0.3,11648.038185876
11648.056217218,0.09621933392584249,0.08946106924091984,0.29886845657351374,4.14,3.78,0.1,-0.027558214056803365,11.435,0.1,0.1,0.3,11648.038185876
11648.06173883,0.09554209489637729,0.07924518064368141,0.2984674380136191,4.14,3.78,0.1,0.018219550157191122,11.44,0.1,0.1,0.3,11648.057878192
11648.066124177,0.09829635169470993,0.09297052710953467,0.297318843634349,4.14,3.78,0.1,0.00296029541919296,11.445,0.1,0.1,0.3,11648.057878192
11648.071917342,0.0983861226246211,0.10102637504010659,0.29662096995256054,4.14,3.78,0.1,-0.21066927091278131,11.450000000000001,0.1,0.1,0.3,11648.057878192
11648.076358049,0.09702252786594394,0.09924366881488304,0.29610865897411937,4.14,3.78,0.1,0.07925656910918377,11.455,0.1,0.1,0.3,11648.057878192
11648.081861165,0.0984811896224184,0.10582992802663836,0.29533321285643943,4.14,3.78,0.1,-0.19541001617478315,11.46,0.1,0.1,0.3,11648.078124047
11648.086502801,0.09884196394390288,0.0950583629354575,0.29541294518578076,4.14,3.78,0.1,-0.14963225196078866,11.465,0.1,0.1,0.3,11648.078124047
11648.091008949,0.09922074970166234,0.09433829467500808,0.29544620983673103,4.14,3.78,0.1,-0.180150761436785,11.47,0.1,0.1,0.3,11648.078124047
11648.096523328,0.10018460338815152,0.10727416071276673,0.29527510930735745,4.14,3.78,0.1,0.07925656910918377,11.475,0.1,0.1,0.3,11648.078124047
11648.101232774,0.10102686788537726,0.10077654464528882,0.29549886786694046,4.14,3.78,0.1,0.018219550157191122,11.48,0.1,0.1,0.3,11648.097920811
11648.106987603,0.0995902533621111,0.10377715708548829,0.29585898892456824,4.14,3.78,0.1,0.07925656910918377,11.485,0.1,0.1,0.3,11648.097920811
11648.111435062,0.09841515846761237,0.10288973856507962,0.2959475989038981,4.14,3.78,0.1,-0.22592852565083454,11.49,0.1,0.1,0.3,11648.097920811
11648.116934977,0.09687885595518805,0.09820966353809336,0.29658755839944106,4.14,3.96,0.1,0.3081453901791562,11.495000000000001,0.1,0.1,0.3,11648.097920811
11648.1218074,0.09833609323591302,0.09370223355211706,0.2968034268410817,4.14,3.96,0.1,-0.04281746879480153,11.5,0.1,0.1,0.3,11648.118229356
11648.126276587,0.09979931249922012,0.09624328183373035,0.29658982318713323,4.14,3.96,0.1,-0.27170628986482903,11.505,0.1,0.1,0.3,11648.118229356
11648.131769718,0.10005988177636503,0.09002325378035246,0.2970184151048546,3.96,3.96,0.1,-0.3174840540788235,11.51,0.1,0.1,0.3,11648.118229356
11648.13624969,0.09928569881861786,0.09291536789956417,0.29743230629129447,3.96,3.96,0.1,0.12503433332317826,11.515,0.1,0.1,0.3,11648.118229356
11648.141949863,0.09709938803624242,0.08591294605031716,0.2976780698383117,3.96,3.96,0.1,-0.11911374248479234,11.52,0.1,0.1,0.3,11648.138216649
11648.146468074,0.09731419495100897,0.08941934623440413,0.29768929079486395,3.96,3.96,0.1,0.033478804895189285,11.525,0.1,0.1,0.3,11648.138216649
11648.151004814,0.09734173897479018,0.09015036020932206,0.2980085520833843,3.96,3.96,0.1,-0.180150761436785,11.53,0.1,0.1,0.3,11648.138216649
11648.156694971,0.0988304994016902,0.08800669544405902,0.29812518556960926,3.96,3.96,0.1,-0.027558214056803365,11.535,0.1,0.1,0.3,11648.138216649
11648.16136032,0.09786203826396575,0.0852439461322076,0.2983928998253811,3.96,4.14,0.1,0.033478804895189285,11.540000000000001,0.1,0.1,0.3,11648.158051974
11648.166875083,0.09741115464794109,0.07985712197414824,0.29873885512356874,3.96,4.14,0.1,0.06399731437118561,11.545,0.1,0.1,0.3,11648.158051974
11648.171298926,0.09666294500580135,0.07657836271717236,0.29908585884012284,3.96,4.14,0.1,0.04873805963318745,11.55,0.1,0.1,0.3,11648.158051974
11648.176733177,0.09559287226555117,0.08072511234638761,0.2989893854428962,3.96,4.14,0.1,-0.25644703512683087,11.555,0.1,0.1,0.3,11648.158051974
11648.181864162,0.09627294080221695,0.08584065820400014,0.2995329323404898,3.96,4.14,0.1,-0.27170628986482903,11.56,0.1,0.1,0.3,11648.178358918
11648.186386789,0.09673983552715244,0.1022110782330939,0.2992381483749366,3.78,4.14,0.1,0.1097750785851801,11.565,0.1,0.1,0.3,11648.178358918
11648.191921201,0.09741192719434767,0.09778683744223945,0.2993156691165726,3.78,4.14,0.1,-0.11911374248479234,11.57,0.1,0.1,0.3,11648.178358918
11648.1963509,0.09641566794902026,0.09919889446075103,0.29964702815838756,3.78,4.14,0.1,0.00296029541919296,11.575000000000001,0.1,0.1,0.3,11648.178358918
11648.202003681,0.09602805747149258,0.09350006809335466,0.29977405928302825,3.78,4.14,0.1,-0.30222479934082536,11.58,0.1,0.1,0.3,11648.198105954
11648.206602373,0.09586351571933184,0.0819813821868074,0.3000917774939781,3.96,4.14,0.1,-0.012298959318805203,11.585,0.1,0.1,0.3,11648.198105954
11648.211029224,0.09527811424179955,0.09291091318105031,0.3001637973027588,3.96,4.14,0.1,0.033478804895189285,11.59,0.1,0.1,0.3,11648.198105954
11648.216505107,0.09518510021143234,0.08637096501746358,0.3001662771285485,3.96,4.14,0.1,-0.16489150669878683,11.595,0.1,0.1,0.3,11648.198105954
11648.221083031,0.09664333670088965,0.09161423497300089,0.3003727754690172,3.96,4.14,0.1,-0.08859523300879601,11.6,0.1,0.1,0.3,11648.21841021
11648.226701283,0.09760790894969798,0.09439724711218289,0.300523659006244,3.96,4.14,0.1,-0.21066927091278131,11.605,0.1,0.1,0.3,11648.21841021
11648.231150599,0.09669648232978477,0.09181927687508136,0.3003013006295347,3.96,4.14,0.1,-0.16489150669878683,11.61,0.1,0.1,0.3,11648.21841021
11648.236728595,0.09587447341279083,0.09615481939042471,0.3008861422342962,3.96,4.14,0.1,-0.10385448774679418,11.615,0.1,0.1,0.3,11648.21841021
11648.241644633,0.09754489456567388,0.10764322514858798,0.30066589726181425,3.96,4.14,0.1,-0.04281746879480153,11.620000000000001,0.1,0.1,0.3,11648.238318431
11648.246173277,0.09600361788635647,0.10191199341732439,0.30097845703983195,3.96,4.14,0.1,-0.3174840540788235,11.625,0.1,0.1,0.3,11648.238318431
11648.251689737,0.09615929283012453,0.10187356133431485,0.3013166079139425,3.96,4.14,0.1,-0.180150761436785,11.63,0.1,0.1,0.3,11648.238318431
11648.256411278,0.09600145232019316,0.09180715133471973,0.3014775286943379,3.96,4.14,0.1,-0.11911374248479234,11.635,0.1,0.1,0.3,11648.238318431
11648.261983066,0.09918224044074556,0.09117986327425837,0.30118106394417193,3.78,4.14,0.1,0.018219550157191122,11.64,0.1,0.1,0.3,11648.258200572
11648.266434557,0.1005013740800031,0.09360905920681328,0.3011002296088909,3.78,4.14,0.1,0.09451582384718193,11.645,0.1,0.1,0.3,11648.258200572
11648.272097162,0.09828349772392579,0.09138173540539503,0.30139828923979406,3.78,4.14,0.1,-0.25644703512683087,11.65,0.1,0.1,0.3,11648.258200572
11648.276580941,0.09787990352745102,0.08641896521761633,0.30087359998996915,3.78,4.14,0.1,0.018219550157191122,11.655,0.1,0.1,0.3,11648.258200572
11648.281034576,0.0971857355550708,0.07581195328693001,0.3006900442789088,3.78,4.14,0.1,0.14029358806117642,11.66,0.1,0.1,0.3,11648.278216442
11648.286640604,0.09629803089507642,0.08657962180279291,0.30015577600808635,3.78,4.14,0.1,-0.16489150669878683,11.665000000000001,0.1,0.1,0.3,11648.278216442
11648.291173952,0.09738372214524907,0.08608397400067994,0.29946231122662165,3.78,4.32,0.1,-0.027558214056803365,11.67,0.1,0.1,0.3,11648.278216442
11648.296697868,0.09868375694669097,0.08707533546066606,0.2987310675105582,3.78,4.32,0.1,-0.3327433088168217,11.675,0.1,0.1,0.3,11648.278216442
11648.301410929,0.09796926324686141,0.0962256274403131,0.2984138853821088,3.78,4.32,0.1,-0.05807672353279969,11.68,0.1,0.1,0.3,11648.298079799
11648.306972893,0.09860896805120281,0.10020971462369156,0.297726417788614,3.78,4.32,0.1,-0.30222479934082536,11.685,0.1,0.1,0.3,11648.298079799
11648.311492416,0.09725221684763403,0.09823866761974856,0.29721407074011774,3.78,4.32,0.1,-0.22592852565083454,11.69,0.1,0.1,0.3,11648.298079799
11648.317060108,0.09584918965221774,0.09900292900679179,0.29684256767781186,3.78,4.32,0.1,-0.08859523300879601,11.695,0.1,0.1,0.3,11648.298079799
11648.32186405,0.09662332316726836,0.10381869645708502,0.2965635633781465,3.78,4.32,0.1,0.06399731437118561,11.700000000000001,0.1,0.1,0.3,11648.318144501
11648.326367222,0.09635859230267398,0.09335456531445135,0.2964432048271954,3.78,4.32,0.1,-0.1343729972227905,11.705,0.1,0.1,0.3,11648.318144501
11648.331898305,0.09630230418183733,0.07940284362648405,0.296753091519494,3.78,4.32,0.1,-0.04281746879480153,11.71,0.1,0.1,0.3,11648.318144501
11648.336362661,0.0983029230808144,0.09719590876653632,0.2965876184601207,3.78,4.32,0.1,-0.14963225196078866,11.715,0.1,0.1,0.3,11648.318144501
11648.342047218,0.09776819748738139,0.0948113510725479,0.2968444181460292,3.78,4.32,0.1,0.5065157017731323,11.72,0.1,0.1,0.3,11648.338159955
11648.346498421,0.09773652815420965,0.09029993580081955,0.29717066515564,3.78,4.32,0.1,-0.16489150669878683,11.725,0.1,0.1,0.3,11648.338159955
11648.352160002,0.09631759044825389,0.09813539050830555,0.29726074643458633,3.78,4.32,0.1,-0.027558214056803365,11.73,0.1,0.1,0.3,11648.338159955
11648.356793895,0.09561690872606061,0.10290906960388553,0.297610320559693,3.78,4.32,0.1,-0.2411877803888327,11.735,0.1,0.1,0.3,11648.338159955
11648.361416107,0.0969170391792187,0.09878803898483915,0.2978424974438622,3.78,4.32,0.1,0.018219550157191122,11.74,0.1,0.1,0.3,11648.358083409
11648.366970903,0.09825198167206595,0.10238618911635321,0.2977699631676419,3.78,4.32,0.1,-0.07333597827079785,11.745000000000001,0.1,0.1,0.3,11648.358083409
11648.371528284,0.09871312167270595,0.1085532662564279,0.29817221815988826,3.78,4.32,0.1,0.00296029541919296,11.75,0.1,0.1,0.3,11648.358083409
11648.377048455,0.09726643771878979,0.09993484288428411,0.2987144997310734,3.78,4.32,0.1,-0.05807672353279969,11.755,0.1,0.1,0.3,11648.358083409
11648.381743053,0.097238037540219,0.10038921681735088,0.298674244490255,3.78,4.32,0.1,0.21658986175116723,11.76,0.1,0.1,0.3,11648.378414962
11648.386213296,0.0963773201021665,0.09943824306457698,0.2988398209244088,3.78,4.32,0.1,0.033478804895189285,11.765,0.1,0.1,0.3,11648.378414962
11648.391796476,0.09722359866823795,0.09176061168918025,0.29939327393651394,3.78,4.32,0.1,0.14029358806117642,11.77,0.1,0.1,0.3,11648.378414962
11648.396274272,0.09646893295186854,0.08936316884613799,0.29960715705390606,3.78,4.32,0.1,-0.180150761436785,11.775,0.1,0.1,0.3,11648.378414962
11648.40179662,0.09881728451331352,0.10448949095004981,0.2992701155442912,3.78,4.32,0.1,0.15555284279917458,11.78,0.1,0.1,0.3,11648.398069614
11648.406393584,0.0973500257391087,0.09652807982055257,0.29982726369404383,3.78,4.32,0.1,-0.27170628986482903,11.785,0.1,0.1,0.3,11648.398069614
11648.411916572,0.09679888107137825,0.09179472700927921,0.29985233552837454,3.78,4.32,0.1,0.00296029541919296,11.790000000000001,0.1,0.1,0.3,11648.398069614
11648.416344639,0.09627185098292568,0.09288540564532784,0.2998985918087317,3.78,4.32,0.1,-0.27170628986482903,11.795,0.1,0.1,0.3,11648.398069614
11648.42195678,0.09705663103903643,0.09631507617368061,0.30004775998435557,3.78,4.32,0.1,-0.08859523300879601,11.8,0.1,0.1,0.3,11648.418306191
11648.426420623,0.09727680710865924,0.09264052936092561,0.3004537154654543,3.78,4.32,0.1,-0.2411877803888327,11.805,0.1,0.1,0.3,11648.418306191
11648.431930875,0.09613833839259765,0.09908404083915229,0.30069045332577715,3.78,4.32,0.1,0.07925656910918377,11.81,0.1,0.1,0.3,11648.418306191
11648.436462527,0.09858699757203157,0.08726192666583955,0.3008993278888945,3.78,4.32,0.1,-0.08859523300879601,11.815,0.1,0.1,0.3,11648.418306191
11648.442019755,0.09754515111985998,0.10198063708258798,0.3009328937451578,3.78,4.32,0.1,0.07925656910918377,11.82,0.1,0.1,0.3,11648.437998123
11648.446621775,0.09843472125134833,0.09983688595509303,0.30096686929528044,3.78,4.5,0.1,-0.34800256355481984,11.825000000000001,0.1,0.1,0.3,11648.437998123
11648.451086067,0.09670611164537002,0.10174698749968077,0.301060395673883,3.5999999999999996,4.5,0.1,0.12503433332317826,11.83,0.1,0.1,0.3,11648.437998123
11648.456757056,0.09837961238306847,0.10592392507954673,0.3011586173042965,3.5999999999999996,4.5,0.1,-0.363261818292818,11.835,0.1,0.1,0.3,11648.437998123
11648.461189027,0.09847078025501056,0.11072866339158602,0.30135274171746884,3.5999999999999996,4.5,0.1,-0.14963225196078866,11.84,0.1,0.1,0.3,11648.457971433
11648.466737935,0.09841274303449016,0.11882101138258866,0.3011338555780592,3.5999999999999996,4.5,0.1,-0.21066927091278131,11.845,0.1,0.1,0.3,11648.457971433
11648.471329907,0.09869040842520119,0.10334874399986038,0.301101535339546,3.5999999999999996,4.5,0.1,0.04873805963318745,11.85,0.1,0.1,0.3,11648.457971433
11648.476870943,0.09675761423117041,0.10227469485164942,0.30099942266798857,3.5999999999999996,4.5,0.1,-0.04281746879480153,11.855,0.1,0.1,0.3,11648.457971433
11648.481695302,0.09795041234039825,0.09862658830757152,0.3005491285980414,3.5999999999999996,4.5,0.1,-0.14963225196078866,11.86,0.1,0.1,0.3,11648.478393931
11648.486081224,0.09682009774321991,0.09163069220524066,0.30010978479295974,3.5999999999999996,4.5,0.1,-0.1343729972227905,11.865,0.1,0.1,0.3,11648.478393931
11648.491704213,0.09736064344473645,0.09491495316310344,0.2998387825247783,3.5999999999999996,4.5,0.1,0.018219550157191122,11.870000000000001,0.1,0.1,0.3,11648.478393931
11648.496143256,0.09735790272696641,0.09457658544653878,0.29899987567807174,3.5999999999999996,4.5,0.1,-0.027558214056803365,11.875,0.1,0.1,0.3,11648.478393931
11648.501648036,0.0970051040571765,0.09801579526721041,0.29799084796339304,3.5999999999999996,4.5,0.1,0.07925656910918377,11.88,0.1,0.1,0.3,11648.498284617
11648.506182088,0.09719358086789634,0.10254174275714369,0.29724819500943606,3.5999999999999996,4.5,0.1,-0.16489150669878683,11.885,0.1,0.1,0.3,11648.498284617
11648.511747156,0.09699734180875688,0.094752265034772,0.29695940264450976,3.5999999999999996,4.5,0.1,-0.08859523300879601,11.89,0.1,0.1,0.3,11648.498284617
11648.516166903,0.09737162467630782,0.10128628544304309,0.2963001570968605,3.5999999999999996,4.5,0.1,-0.34800256355481984,11.895,0.1,0.1,0.3,11648.498284617
11648.521819556,0.09726783410004237,0.08358693028951683,0.29601520366622175,3.5999999999999996,4.5,0.1,-0.11911374248479234,11.9,0.1,0.1,0.3,11648.518074182
11648.526210279,0.09936426645963528,0.10068170575496514,0.295140080191071,3.5999999999999996,4.5,0.1,0.06399731437118561,11.905,0.1,0.1,0.3,11648.518074182
11648.531768979,0.09765896925349413,0.10987300203896437,0.2951452858348345,3.5999999999999996,4.5,0.1,-0.19541001617478315,11.91,0.1,0.1,0.3,11648.518074182
11648.536276823,0.0949727837815656,0.09730780489061151,0.2954493859003015,3.5999999999999996,4.5,0.1,-0.180150761436785,11.915000000000001,0.1,0.1,0.3,11648.518074182
11648.542092389,0.09572794247296525,0.10031971487639665,0.29535156511162985,3.5999999999999996,4.5,0.1,0.12503433332317826,11.92,0.1,0.1,0.3,11648.537908932
11648.54655508,0.09672574598734916,0.08576772045738358,0.29557363475713994,3.5999999999999996,4.5,0.1,-0.16489150669878683,11.925,0.1,0.1,0.3,11648.537908932
11648.552182325,0.09769682930103465,0.1056330800260363,0.29586045865302263,3.5999999999999996,4.5,0.1,0.15555284279917458,11.93,0.1,0.1,0.3,11648.537908932
11648.556720089,0.09804758734549784,0.10134373753688229,0.2960834440275636,3.5999999999999996,4.5,0.1,-0.04281746879480153,11.935,0.1,0.1,0.3,11648.537908932
11648.561426238,0.09611713588911971,0.10402440066424636,0.29693765334358696,3.5999999999999996,4.5,0.1,-0.04281746879480153,11.94,0.1,0.1,0.3,11648.558044451
11648.567003275,0.09887427475766489,0.11471805481632374,0.29702748128840534,3.5999999999999996,4.5,0.1,-0.11911374248479234,11.945,0.1,0.1,0.3,11648.558044451
11648.571563983,0.09877942210234937,0.11557771270986922,0.2966903324404868,3.5999999999999996,4.5,0.1,0.033478804895189285,11.950000000000001,0.1,0.1,0.3,11648.558044451
11648.577053146,0.09840391504517061,0.11384466084481297,0.2967243284297004,3.5999999999999996,4.5,0.1,-0.012298959318805203,11.955,0.1,0.1,0.3,11648.558044451
11648.581781952,0.09784753193028081,0.08975403070598785,0.2975716862688426,3.5999999999999996,4.5,0.1,0.00296029541919296,11.96,0.1,0.1,0.3,11648.578392101
11648.586535941,0.09905254455112467,0.07685313498957065,0.29790702978150374,3.5999999999999996,4.5,0.1,-0.04281746879480153,11.965,0.1,0.1,0.3,11648.578392101
11648.591064649,0.09931245895038711,0.07297686883603272,0.2984415423318519,3.5999999999999996,4.5,0.1,0.1860713522751709,11.97,0.1,0.1,0.3,11648.578392101
11648.596577173,0.0980592034208171,0.07450934531017882,0.29864444653295735,3.5999999999999996,4.5,0.1,-0.27170628986482903,11.975,0.1,0.1,0.3,11648.578392101
11648.602073185,0.0977272300274395,0.07112052355635552,0.2989929765891223,3.5999999999999996,4.5,0.1,0.1097750785851801,11.98,0.1,0.1,0.3,11648.598280259
11648.606571012,0.09716554095932083,0.07178091866221137,0.29927682813812106,3.5999999999999996,4.5,0.1,-0.25644703512683087,11.985,0.1,0.1,0.3,11648.598280259
11648.61206184,0.09667194025909596,0.06863434166057457,0.29927525188941906,3.5999999999999996,4.5,0.1,-0.027558214056803365,11.99,0.1,0.1,0.3,11648.598280259
11648.61662434,0.09677285808758047,0.07664457100147008,0.2990331409795616,3.5999999999999996,4.5,0.1,-0.08859523300879601,11.995000000000001,0.1,0.1,0.3,11648.598280259
11648.621477819,0.09675996835907959,0.08444371144521845,0.2992538659858253,3.5999999999999996,4.5,0.1,-0.16489150669878683,12.0,0.1,0.1,0.3,11648.618007039
11648.626991078,0.09734974700777414,0.07498039204692412,0.29981187073842763,3.5999999999999996,4.5,0.1,-0.07333597827079785,12.005,0.1,0.1,0.3,11648.618007039
11648.631413866,0.09651211105712167,0.08600203050590412,0.29961501652074746,3.5999999999999996,4.5,0.1,-0.16489150669878683,12.01,0.1,0.1,0.3,11648.618007039
11648.636986582,0.09479073143477314,0.09515498371220321,0.3002014990877574,3.5999999999999996,4.5,0.1,0.09451582384718193,12.015,0.1,0.1,0.3,11648.618007039
11648.641691995,0.09610847302329134,0.09273154017785624,0.30001060301199806,3.5999999999999996,4.5,0.1,0.033478804895189285,12.02,0.1,0.1,0.3,11648.638371361
11648.646085374,0.09566600533406751,0.10064292800010212,0.3003864683916043,3.5999999999999996,4.5,0.1,-0.08859523300879601,12.025,0.1,0.1,0.3,11648.638371361
11648.65160705,0.0963487128122636,0.09563831867709856,0.30078521983536904,3.5999999999999996,4.5,0.1,-0.16489150669878683,12.030000000000001,0.1,0.1,0.3,11648.638371361
11648.656116846,0.09638927722886143,0.09242587588307542,0.30068056657246783,3.5999999999999996,4.5,0.1,-0.04281746879480153,12.035,0.1,0.1,0.3,11648.638371361
11648.661648217,0.0983342901716449,0.09840927762494617,0.3004879995800782,3.5999999999999996,4.5,0.1,-0.012298959318805203,12.040000000000001,0.1,0.1,0.3,11648.658218526
11648.666040188,0.09643146110166315,0.08638557732152984,0.3007370405670383,3.5999999999999996,4.5,0.1,-0.1343729972227905,12.045,0.1,0.1,0.3,11648.658218526
11648.671686409,0.09864423076076036,0.08298483427777098,0.3009636142817936,3.5999999999999996,4.5,0.1,-0.14963225196078866,12.05,0.1,0.1,0.3,11648.658218526
11648.676211469,0.0975345667289925,0.08428951524740676,0.30090978896872755,3.5999999999999996,4.68,0.1,-0.05807672353279969,12.055,0.1,0.1,0.3,11648.658218526
11648.681764313,0.09856338673811375,0.09289738541317617,0.3011043232962618,3.5999999999999996,4.68,0.1,-0.05807672353279969,12.06,0.1,0.1,0.3,11648.678144988
11648.686278813,0.09661385251923817,0.08976814684131684,0.30126515856141206,3.5999999999999996,4.68,0.1,-0.11911374248479234,12.065,0.1,0.1,0.3,11648.678144988
11648.691838377,0.09718600345882875,0.09763330489392566,0.3013517436907266,3.5999999999999996,4.68,0.1,-0.39378032776881433,12.07,0.1,0.1,0.3,11648.678144988
11648.696223116,0.09722299224518033,0.10303612512914449,0.30146293024445886,3.5999999999999996,4.68,0.1,0.033478804895189285,12.075000000000001,0.1,0.1,0.3,11648.678144988
11648.701720983,0.09725119686285881,0.10426668044532217,0.302019714587793,3.5999999999999996,4.68,0.1,-0.012298959318805203,12.08,0.1,0.1,0.3,11648.697936569
11648.706461053,0.09797741209360786,0.08620303425109106,0.3014933348354752,3.5999999999999996,4.68,0.1,0.15555284279917458,12.085,0.1,0.1,0.3,11648.697936569
11648.712131658,0.09773447980573292,0.08791295020946882,0.3014592226550224,3.5999999999999996,4.68,0.1,-0.16489150669878683,12.09,0.1,0.1,0.3,11648.697936569
11648.716670766,0.09724768528005694,0.09033929624916602,0.3013144818349492,3.5999999999999996,4.68,0.1,0.04873805963318745,12.095,0.1,0.1,0.3,11648.697936569
11648.721663638,0.09706505685323673,0.08984337167878616,0.3006906940246433,3.5999999999999996,4.68,0.1,-0.04281746879480153,12.1,0.1,0.1,0.3,11648.718206874
11648.726071641,0.09758987139862306,0.08979381529232416,0.30013335624616466,3.5999999999999996,4.68,0.1,-0.05807672353279969,12.105,0.1,0.1,0.3,11648.718206874
11648.731607812,0.09551694114184756,0.09456043732067933,0.2994429688795094,3.5999999999999996,4.68,0.1,-0.16489150669878683,12.11,0.1,0.1,0.3,11648.718206874
11648.736161065,0.09709311781371792,0.09602358150338752,0.29846478216056416,3.5999999999999996,4.68,0.1,0.033478804895189285,12.115,0.1,0.1,0.3,11648.718206874
11648.741682484,0.09687464464311721,0.09041228342302601,0.29799371890517673,3.5999999999999996,4.68,0.1,0.04873805963318745,12.120000000000001,0.1,0.1,0.3,11648.737909142
11648.746064951,0.09692476528605311,0.1053974153385023,0.29721644122250146,3.5999999999999996,4.68,0.1,0.07925656910918377,12.125,0.1,0.1,0.3,11648.737909142
11648.751548643,0.09753002785393236,0.10883536467901148,0.2967060046870546,3.5999999999999996,4.68,0.1,-0.4090395825068125,12.13,0.1,0.1,0.3,11648.737909142
11648.756081447,0.09694837709995122,0.10164863970858497,0.2964739381226191,3.5999999999999996,4.68,0.1,0.06399731437118561,12.135,0.1,0.1,0.3,11648.737909142
11648.761633683,0.09810729782700929,0.10887477072677701,0.2963291694577961,3.5999999999999996,4.68,0.1,-0.11911374248479234,12.14,0.1,0.1,0.3,11648.758173911
11648.766053878,0.09902661916120677,0.09975210893974473,0.29597994557593865,3.5999999999999996,4.68,0.1,-0.1343729972227905,12.145,0.1,0.1,0.3,11648.758173911
11648.771699011,0.09772458869580156,0.11167605514829436,0.2963370979471657,3.5999999999999996,4.68,0.1,-0.25644703512683087,12.15,0.1,0.1,0.3,11648.758173911
11648.776206598,0.09884565109964792,0.10449597142529331,0.2963426750005753,3.42,4.68,0.1,-0.012298959318805203,12.155000000000001,0.1,0.1,0.3,11648.758173911
11648.78175941,0.09802165736026405,0.10757670612236442,0.29636718008485446,3.42,4.68,0.1,-0.22592852565083454,12.16,0.1,0.1,0.3,11648.777896692
11648.78626911,0.0976915725618433,0.10007094604990548,0.2966773637674146,3.42,4.68,0.1,0.06399731437118561,12.165000000000001,0.1,0.1,0.3,11648.777896692
11648.791774818,0.09734407587147122,0.08799541371611361,0.29691661409869546,3.42,4.68,0.1,-0.3327433088168217,12.17,0.1,0.1,0.3,11648.777896692
11648.796168101,0.09702526213999428,0.09782257217421744,0.29711620608360845,3.42,4.68,0.1,-0.07333597827079785,12.175,0.1,0.1,0.3,11648.777896692
11648.801700433,0.09677909999981467,0.09534893616517277,0.2978176426707561,3.42,4.68,0.1,0.018219550157191122,12.18,0.1,0.1,0.3,11648.798155572
11648.806285301,0.09740411024495886,0.09080578196633919,0.2981518731773856,3.42,4.68,0.1,0.12503433332317826,12.185,0.1,0.1,0.3,11648.798155572
11648.811853793,0.09773649005918664,0.09890528424133975,0.2980743946973455,3.42,4.68,0.1,-0.19541001617478315,12.19,0.1,0.1,0.3,11648.798155572
11648.816316421,0.09717479244767953,0.09497405815863852,0.29850026297881666,3.42,4.68,0.1,0.00296029541919296,12.195,0.1,0.1,0.3,11648.798155572
11648.822070578,0.09723171162103218,0.09380489664619367,0.29878757487787116,3.42,4.68,0.1,-0.19541001617478315,12.200000000000001,0.1,0.1,0.3,11648.817930865
11648.82657967,0.09583007981192505,0.09398953372396482,0.29907244697293134,3.42,4.68,0.1,0.018219550157191122,12.205,0.1,0.1,0.3,11648.817930865
11648.831071738,0.09519682017996094,0.08671956214727661,0.2994260305229006,3.42,4.68,0.1,-0.22592852565083454,12.21,0.1,0.1,0.3,11648.817930865
11648.836657158,0.09565420021653037,0.0925792275413251,0.29934362266330583,3.42,4.68,0.1,0.15555284279917458,12.215,0.1,0.1,0.3,11648.817930865
11648.841226826,0.09550229225713497,0.09271944678055451,0.2989951439943878,3.42,4.68,0.1,-0.21066927091278131,12.22,0.1,0.1,0.3,11648.838431668
11648.846733462,0.09734315565046905,0.0848189872934256,0.29932219729693355,3.42,4.68,0.1,0.033478804895189285,12.225,0.1,0.1,0.3,11648.838431668
11648.851181849,0.09617451962542044,0.08983710862027418,0.29987335071028504,3.42,4.68,0.1,-0.11911374248479234,12.23,0.1,0.1,0.3,11648.838431668
11648.856833542,0.09684326395860067,0.09539352822530006,0.2997675221060103,3.42,4.68,0.1,-0.04281746879480153,12.235,0.1,0.1,0.3,11648.838431668
11648.861605708,0.0966512615515711,0.1026663175143817,0.30020716614320997,3.42,4.68,0.1,-0.30222479934082536,12.24,0.1,0.1,0.3,11648.858273681
11648.867187896,0.09917994971185493,0.10034345496313503,0.3001669348247617,3.42,4.68,0.1,0.17081209753717275,12.245000000000001,0.1,0.1,0.3,11648.858273681
11648.871736124,0.09744877245750021,0.09515823720001694,0.30074022825662755,3.42,4.68,0.1,-0.37852107303081617,12.25,0.1,0.1,0.3,11648.858273681
11648.876208352,0.09758486878329059,0.0904747391398671,0.30091522191403386,3.42,4.68,0.1,0.04873805963318745,12.255,0.1,0.1,0.3,11648.858273681
11648.881749964,0.09761735944281699,0.0987161675830738,0.30083379715131625,3.42,4.68,0.1,-0.19541001617478315,12.26,0.1,0.1,0.3,11648.878121359
11648.886404017,0.09690947417149286,0.10326006420452792,0.300986714598439,3.42,4.68,0.1,0.1097750785851801,12.265,0.1,0.1,0.3,11648.878121359
11648.89208339,0.0958978266624133,0.09836929449057341,0.30097229952689014,3.42,4.68,0.1,-0.16489150669878683,12.27,0.1,0.1,0.3,11648.878121359
11648.896525249,0.09735100749498476,0.09706389568735027,0.3008955008804133,3.42,4.68,0.1,-0.027558214056803365,12.275,0.1,0.1,0.3,11648.878121359
11648.901290983,0.09647091911538083,0.08768232212899754,0.300757117897443,3.42,4.68,0.1,-0.10385448774679418,12.280000000000001,0.1,0.1,0.3,11648.897963212
11648.9069917,0.09714345884893132,0.09394650465366425,0.3007476391528704,3.42,4.68,0.1,0.018219550157191122,12.285,0.1,0.1,0.3,11648.897963212
11648.911434423,0.09787795064734699,0.09967927003448337,0.3003169131082852,3.42,4.68,0.1,-0.22592852565083454,12.290000000000001,0.1,0.1,0.3,11648.897963212
11648.916961859,0.0984927712779533,0.09955746236255832,0.2997942450323895,3.42,4.68,0.1,-0.10385448774679418,12.295,0.1,0.1,0.3,11648.897963212
11648.92188849,0.09756789212335697,0.10263020838157157,0.2995969958754002,3.42,4.68,0.1,0.033478804895189285,12.3,0.1,0.1,0.3,11648.918337006
11648.926337966,0.09931319139686126,0.09949090481648068,0.2990036720360526,3.42,4.68,0.1,0.12503433332317826,12.305,0.1,0.1,0.3,11648.918337006
11648.931986842,0.09609318263171443,0.09131654007525977,0.2987224995994365,3.42,4.68,0.1,-0.16489150669878683,12.31,0.1,0.1,0.3,11648.918337006
11648.936682944,0.09685028990531913,0.0906978956219611,0.298047428215944,3.42,4.68,0.1,0.04873805963318745,12.315,0.1,0.1,0.3,11648.918337006
11648.941381445,0.09764839028270662,0.09078937347153829,0.29751898491613377,3.42,4.68,0.1,0.07925656910918377,12.32,0.1,0.1,0.3,11648.938118379
11648.946865232,0.09810853352599526,0.09750950247401297,0.2968245597156984,3.42,4.859999999999999,0.1,-0.16489150669878683,12.325000000000001,0.1,0.1,0.3,11648.938118379
11648.951285235,0.09759685320850707,0.10146745461467441,0.2962501686944533,3.42,4.859999999999999,0.1,-0.19541001617478315,12.33,0.1,0.1,0.3,11648.938118379
11648.957055009,0.09686262775178409,0.10308059288502636,0.2957973349295514,3.42,4.859999999999999,0.1,-0.012298959318805203,12.335,0.1,0.1,0.3,11648.938118379
11648.961494116,0.09789110917309285,0.1110910285147624,0.29562817257209034,3.42,4.859999999999999,0.1,-0.08859523300879601,12.34,0.1,0.1,0.3,11648.958004073
11648.96698872,0.09581838466534885,0.10716316439286049,0.29607273486364766,3.42,4.859999999999999,0.1,-0.180150761436785,12.345,0.1,0.1,0.3,11648.958004073
11648.971636341,0.09631324647631637,0.1033776090752788,0.2960739693878634,3.42,4.859999999999999,0.1,-0.1343729972227905,12.35,0.1,0.1,0.3,11648.958004073
11648.976255034,0.0973507804654974,0.10382965787509436,0.2961982189773207,3.42,4.859999999999999,0.1,0.06399731437118561,12.355,0.1,0.1,0.3,11648.958004073
11648.981861094,0.09650762852730384,0.10283155170127867,0.29649054903029953,3.42,4.859999999999999,0.1,-0.027558214056803365,12.36,0.1,0.1,0.3,11648.978302698
11648.986456107,0.09558666085727396,0.09127796370202565,0.296748563133536,3.42,4.859999999999999,0.1,-0.1343729972227905,12.365,0.1,0.1,0.3,11648.978302698
11648.991991254,0.09580918589739873,0.0921457258087792,0.29707366561535675,3.42,4.859999999999999,0.1,-0.16489150669878683,12.370000000000001,0.1,0.1,0.3,11648.978302698
11648.996471994,0.09523501736925091,0.0924115105801205,0.2972797616349208,3.42,4.859999999999999,0.1,-0.2411877803888327,12.375,0.1,0.1,0.3,11648.978302698
11649.002031142,0.09770281197822482,0.0999259079756894,0.29739502597171563,3.42,4.859999999999999,0.1,-0.05807672353279969,12.38,0.1,0.1,0.3,11648.998062183
11649.006484265,0.09749552601376493,0.09961615160400117,0.29756918753406836,3.42,4.859999999999999,0.1,0.06399731437118561,12.385,0.1,0.1,0.3,11648.998062183
11649.011974069,0.09711070392829155,0.10645989385248288,0.29818375264339997,3.42,4.859999999999999,0.1,-0.2411877803888327,12.39,0.1,0.1,0.3,11648.998062183
11649.016433656,0.09784582499063892,0.0977536546268335,0.2981999637938265,3.42,4.859999999999999,0.1,-0.027558214056803365,12.395,0.1,0.1,0.3,11648.998062183
11649.021973028,0.09673810923912889,0.09663772497462278,0.29881940905385734,3.42,4.859999999999999,0.1,-0.08859523300879601,12.4,0.1,0.1,0.3,11649.018374248
11649.026393831,0.09756043098682213,0.09487488017174057,0.2991125870921487,3.42,4.859999999999999,0.1,-0.25644703512683087,12.405000000000001,0.1,0.1,0.3,11649.018374248
11649.031901203,0.0967949966448048,0.09157910228626015,0.29925656519320626,3.42,4.859999999999999,0.1,-0.16489150669878683,12.41,0.1,0.1,0.3,11649.018374248
11649.036406711,0.09969134519475589,0.10035816914334707,0.29926763799956485,3.42,4.859999999999999,0.1,-0.16489150669878683,12.415000000000001,0.1,0.1,0.3,11649.018374248
11649.041918211,0.09777065054807857,0.102579005002341,0.29968207151939297,3.42,4.859999999999999,0.1,-0.14963225196078866,12.42,0.1,0.1,0.3,11649.038128964
11649.046342438,0.09771648781653597,0.10147867641663234,0.2998088180182858,3.42,4.859999999999999,0.1,0.033478804895189285,12.425,0.1,0.1,0.3,11649.038128964
11649.051845617,0.09536845558105395,0.09833284441853109,0.29989762582835333,3.42,4.859999999999999,0.1,-0.14963225196078866,12.43,0.1,0.1,0.3,11649.038128964
11649.056319605,0.09823029742681855,0.09187263901608277,0.29997507052989647,3.42,4.859999999999999,0.1,-0.04281746879480153,12.435,0.1,0.1,0.3,11649.038128964
11649.061860609,0.09874986795767769,0.09653524121620176,0.30010282926444304,3.42,4.859999999999999,0.1,0.15555284279917458,12.44,0.1,0.1,0.3,11649.057871105
11649.06629994,0.09802288822230575,0.09124575969089121,0.30061150570235023,3.42,4.859999999999999,0.1,-0.21066927091278131,12.445,0.1,0.1,0.3,11649.057871105
11649.071792016,0.09578017208086727,0.09836025713378586,0.30105168315889325,3.42,4.859999999999999,0.1,-0.454817346720807,12.450000000000001,0.1,0.1,0.3,11649.057871105
11649.076209747,0.09603915563886928,0.10234858348075582,0.30121035076039343,3.42,4.859999999999999,0.1,0.14029358806117642,12.455,0.1,0.1,0.3,11649.057871105
11649.081706782,0.09526671280310645,0.10867649951342279,0.30115819519858017,3.42,4.859999999999999,0.1,-0.027558214056803365,12.46,0.1,0.1,0.3,11649.078184802
11649.086093121,0.09724166240158891,0.10095435685413415,0.301208940266354,3.42,4.859999999999999,0.1,-0.05807672353279969,12.465,0.1,0.1,0.3,11649.078184802
11649.091589645,0.09779843771871169,0.09582996371363457,0.30146816968312296,3.42,4.859999999999999,0.1,-0.08859523300879601,12.47,0.1,0.1,0.3,11649.078184802
11649.097084376,0.097686631328483,0.09673533541364923,0.301545203669146,3.42,4.859999999999999,0.1,-0.21066927091278131,12.475,0.1,0.1,0.3,11649.078184802
11649.101515003,0.09943002725921568,0.10191040368495224,0.3014191171702414,3.42,4.859999999999999,0.1,0.1097750785851801,12.48,0.1,0.1,0.3,11649.097872959
11649.107035335,0.10013014767919473,0.09973836024562044,0.3014448550941874,3.42,4.859999999999999,0.1,-0.05807672353279969,12.485,0.1,0.1,0.3,11649.097872959
11649.111454794,0.09998270482624205,0.10472624763499395,0.3013054211341226,3.42,4.859999999999999,0.1,-0.012298959318805203,12.49,0.1,0.1,0.3,11649.097872959
11649.11696943,0.09985576581152066,0.10834264270514582,0.30125523420996325,3.42,4.859999999999999,0.1,-0.08859523300879601,12.495000000000001,0.1,0.1,0.3,11649.097872959
11649.121477338,0.09935347568970573,0.10771285909389128,0.300950171311021,3.42,4.859999999999999,0.1,0.09451582384718193,12.5,0.1,0.1,0.3,11649.118171872
11649.126969861,0.09906436611197514,0.10701553565089421,0.30022527245901337,3.42,4.859999999999999,0.1,-0.19541001617478315,12.505,0.1,0.1,0.3,11649.118171872
11649.13138884,0.09790629132700869,0.10596061080308694,0.29993275505869793,3.42,4.859999999999999,0.1,-0.1343729972227905,12.51,0.1,0.1,0.3,11649.118171872
11649.136951285,0.09624169937857031,0.08637109073832673,0.299361800347349,3.42,4.859999999999999,0.1,-0.027558214056803365,12.515,0.1,0.1,0.3,11649.118171872
11649.141403576,0.09745248232524566,0.09122469313276259,0.2984886195179298,3.42,4.859999999999999,0.1,0.09451582384718193,12.52,0.1,0.1,0.3,11649.137920284
11649.146896675,0.09863687936388968,0.0997712054016135,0.29767926363478125,3.42,4.859999999999999,0.1,-0.04281746879480153,12.525,0.1,0.1,0.3,11649.137920284
11649.151319495,0.09702200945694073,0.09530644592351079,0.2973078345514928,3.42,4.859999999999999,0.1,-0.012298959318805203,12.530000000000001,0.1,0.1,0.3,11649.137920284
11649.156813778,0.0977543110408853,0.10573938662688989,0.2964622093035981,3.42,4.859999999999999,0.1,-0.04281746879480153,12.535,0.1,0.1,0.3,11649.137920284
11649.161369846,0.09993558564797161,0.10450967223920209,0.29598748312515927,3.42,4.859999999999999,0.1,0.033478804895189285,12.540000000000001,0.1,0.1,0.3,11649.158001084
11649.166858434,0.09827523083837683,0.09562690194053068,0.2959573360195569,3.42,4.859999999999999,0.1,0.00296029541919296,12.545,0.1,0.1,0.3,11649.158001084
11649.171237701,0.09805489810905475,0.09422579050121617,0.29596635335833454,3.42,4.859999999999999,0.1,0.033478804895189285,12.55,0.1,0.1,0.3,11649.158001084
11649.176793169,0.09776278785408948,0.09597065194898463,0.29592597730173176,3.42,4.859999999999999,0.1,-0.27170628986482903,12.555,0.1,0.1,0.3,11649.158001084
11649.181209364,0.09740187305139113,0.09780162522952929,0.2958851894787191,3.42,4.859999999999999,0.1,0.06399731437118561,12.56,0.1,0.1,0.3,11649.178428126
11649.186703071,0.0957013339102635,0.08827330233366014,0.29650417621249453,3.42,4.859999999999999,0.1,-0.42429883724481066,12.565,0.1,0.1,0.3,11649.178428126
11649.191086242,0.09702045901999644,0.10922372125004914,0.29657284188057786,3.42,4.859999999999999,0.1,0.033478804895189285,12.57,0.1,0.1,0.3,11649.178428126
11649.196577934,0.09733506610658281,0.09031650754657337,0.29719863257159274,3.42,4.859999999999999,0.1,-0.47007660145880514,12.575000000000001,0.1,0.1,0.3,11649.178428126
11649.202083833,0.09721253359575004,0.09934073551532696,0.2978124617258246,3.42,4.859999999999999,0.1,0.033478804895189285,12.58,0.1,0.1,0.3,11649.198180506
11649.206497276,0.09928060113922933,0.10105466261890415,0.2974444985639731,3.42,4.859999999999999,0.1,0.09451582384718193,12.585,0.1,0.1,0.3,11649.198180506
11649.21199876,0.0975411493239044,0.09657316341757133,0.29777570704142414,3.42,4.859999999999999,0.1,-0.14963225196078866,12.59,0.1,0.1,0.3,11649.198180506
11649.21648734,0.09755191983246596,0.11348598433666476,0.29769162902554186,3.42,4.859999999999999,0.1,-0.42429883724481066,12.595,0.1,0.1,0.3,11649.198180506
11649.221420499,0.0962548768962598,0.09101913711783176,0.29831357211747234,3.42,4.859999999999999,0.1,-0.10385448774679418,12.6,0.1,0.1,0.3,11649.21802556
11649.226930014,0.09611892390769264,0.10817415522314847,0.29813602669969197,3.42,4.859999999999999,0.1,-0.180150761436785,12.605,0.1,0.1,0.3,11649.21802556
11649.231370946,0.09737588981643817,0.1072510562279986,0.29890061141130286,3.42,4.859999999999999,0.1,0.09451582384718193,12.61,0.1,0.1,0.3,11649.21802556
11649.23700875,0.09773884378752946,0.09806473355160945,0.2996911226853563,3.42,4.859999999999999,0.1,-0.2411877803888327,12.615,0.1,0.1,0.3,11649.21802556
11649.241555475,0.09680272958915905,0.10738172617326563,0.2998513051932333,3.42,4.859999999999999,0.1,-0.180150761436785,12.620000000000001,0.1,0.1,0.3,11649.237984118
11649.247101439,0.09656041000195695,0.11777495660075647,0.2999522750715292,3.42,4.859999999999999,0.1,-0.37852107303081617,12.625,0.1,0.1,0.3,11649.237984118
11649.251564226,0.09612915626095936,0.10439884529905889,0.3003677944769204,3.42,4.859999999999999,0.1,0.018219550157191122,12.63,0.1,0.1,0.3,11649.237984118
11649.257061486,0.09652689865354326,0.10238316374162218,0.2999997691123537,3.42,4.859999999999999,0.1,-0.11911374248479234,12.635,0.1,0.1,0.3,11649.237984118
11649.261712146,0.09820360701320816,0.10287555280317762,0.29985972286601026,3.42,4.859999999999999,0.1,0.21658986175116723,12.64,0.1,0.1,0.3,11649.258375032
11649.266121909,0.09698355209847251,0.1004450497671737,0.29992842928351726,3.42,4.859999999999999,0.1,-0.10385448774679418,12.645,0.1,0.1,0.3,11649.258375032
11649.271616833,0.09793631441314654,0.09486889474528591,0.30003789450817037,3.42,4.859999999999999,0.1,-0.04281746879480153,12.65,0.1,0.1,0.3,11649.258375032
11649.277111277,0.09694896367676721,0.08520584155023042,0.3005996135332444,3.42,4.859999999999999,0.1,-0.10385448774679418,12.655000000000001,0.1,0.1,0.3,11649.258375032
11649.281544144,0.09799619670184888,0.10101218057655612,0.3008970024845975,3.42,4.859999999999999,0.1,0.06399731437118561,12.66,0.1,0.1,0.3,11649.278062676
11649.287032187,0.0972229004913262,0.11194341420517455,0.3006797421510348,3.42,4.859999999999999,0.1,-0.2411877803888327,12.665000000000001,0.1,0.1,0.3,11649.278062676
11649.291448286,0.09571722517465665,0.09908059680019718,0.3011753427488499,3.42,4.859999999999999,0.1,0.15555284279917458,12.67,0.1,0.1,0.3,11649.278062676
11649.29693473,0.09630021146889496,0.09501401223109342,0.3014272118764546,3.42,4.859999999999999,0.1,-0.2869655446028272,12.675,0.1,0.1,0.3,11649.278062676
11649.301622671,0.09731876856450283,0.08546224641273173,0.3016585822012749,3.42,4.859999999999999,0.1,-0.08859523300879601,12.68,0.1,0.1,0.3,11649.298321941
11649.307114971,0.09562264256539163,0.09066967810423139,0.30171692637646036,3.42,4.859999999999999,0.1,-0.25644703512683087,12.685,0.1,0.1,0.3,11649.298321941
11649.311531934,0.09907896021814297,0.09594933870901189,0.3013112721292377,3.42,4.859999999999999,0.1,-0.04281746879480153,12.69,0.1,0.1,0.3,11649.298321941
11649.317039145,0.09783760332736881,0.09176055857548929,0.3010096596526701,3.42,4.859999999999999,0.1,0.14029358806117642,12.695,0.1,0.1,0.3,11649.298321941
11649.321494829,0.09859513909973724,0.09916906188868664,0.30096092235934857,3.42,4.859999999999999,0.1,0.14029358806117642,12.700000000000001,0.1,0.1,0.3,11649.317976049
11649.326986776,0.09760692903811925,0.10373719636017442,0.30048689291805236,3.42,4.859999999999999,0.1,-0.16489150669878683,12.705,0.1,0.1,0.3,11649.317976049
11649.331502556,0.09792350464176663,0.0899029085677175,0.30004487505462674,3.42,4.859999999999999,0.1,-0.05807672353279969,12.71,0.1,0.1,0.3,11649.317976049
11649.33700868,0.09566360490235983,0.07974129918177203,0.3002100047409305,3.42,4.859999999999999,0.1,-0.30222479934082536,12.715,0.1,0.1,0.3,11649.317976049
11649.341650925,0.09791049387373016,0.08991458949291131,0.29927800305962093,3.42,4.859999999999999,0.1,0.018219550157191122,12.72,0.1,0.1,0.3,11649.338316178
11649.347142873,0.09526351975687603,0.08786489332782405,0.29892737240913353,3.42,4.859999999999999,0.1,-0.04281746879480153,12.725,0.1,0.1,0.3,11649.338316178
11649.351523996,0.09756691399834637,0.09769908253722331,0.29826723851724274,3.42,4.859999999999999,0.1,0.033478804895189285,12.73,0.1,0.1,0.3,11649.338316178
11649.35704212,0.09766020896527701,0.0825952502970586,0.2979446080577396,3.42,4.859999999999999,0.1,-0.11911374248479234,12.735,0.1,0.1,0.3,11649.338316178
11649.361527916,0.09837734741784099,0.08240113824954894,0.2971917677569166,3.42,4.859999999999999,0.1,0.04873805963318745,12.74,0.1,0.1,0.3,11649.358042192
11649.367026615,0.09824397130472204,0.09053502543446433,0.29632540845711014,3.42,4.859999999999999,0.1,-0.012298959318805203,12.745000000000001,0.1,0.1,0.3,11649.358042192
11649.371445627,0.09692945626909617,0.09466103679738655,0.2959317531858945,3.42,4.859999999999999,0.1,0.04873805963318745,12.75,0.1,0.1,0.3,11649.358042192
11649.376936454,0.09613053869984557,0.08586976081823247,0.2958834874672584,3.42,4.859999999999999,0.1,-0.1343729972227905,12.755,0.1,0.1,0.3,11649.358042192
11649.381713613,0.09536897065395367,0.10460449750948027,0.2961058903909415,3.42,4.859999999999999,0.1,-0.19541001617478315,12.76,0.1,0.1,0.3,11649.378383058
11649.386094512,0.09441685222073348,0.0878518808791223,0.29648715834521633,3.42,4.859999999999999,0.1,-0.37852107303081617,12.765,0.1,0.1,0.3,11649.378383058
11649.391585467,0.09513384278363253,0.09246502777235126,0.29668785632603595,3.42,4.859999999999999,0.1,0.09451582384718193,12.77,0.1,0.1,0.3,11649.378383058
11649.397106887,0.09610113772810566,0.09870211290709163,0.29699785944221363,3.42,4.859999999999999,0.1,0.07925656910918377,12.775,0.1,0.1,0.3,11649.378383058
11649.401598123,0.09776673617337274,0.10234785716376883,0.29715983633667853,3.42,4.859999999999999,0.1,-0.16489150669878683,12.780000000000001,0.1,0.1,0.3,11649.398105679
11649.407087991,0.09852465571060724,0.10824173654438186,0.29748415726459476,3.42,4.859999999999999,0.1,-0.25644703512683087,12.785,0.1,0.1,0.3,11649.398105679
11649.411508154,0.09737333185485045,0.10731893635112216,0.2978373060517969,3.42,4.859999999999999,0.1,0.12503433332317826,12.790000000000001,0.1,0.1,0.3,11649.398105679
11649.417002758,0.09869300596474036,0.10496647949687166,0.2977677415393282,3.42,4.859999999999999,0.1,-0.19541001617478315,12.795,0.1,0.1,0.3,11649.398105679
11649.421428009,0.0989069667418281,0.10057419874624338,0.29796907672594225,3.42,4.859999999999999,0.1,-0.05807672353279969,12.8,0.1,0.1,0.3,11649.417843053
11649.426927093,0.0977980351478382,0.09801818443022454,0.2983382095772499,3.42,4.859999999999999,0.1,-0.22592852565083454,12.805,0.1,0.1,0.3,11649.417843053
11649.431356697,0.09628564743685124,0.09901849228946707,0.2985403984763313,3.42,4.859999999999999,0.1,0.15555284279917458,12.81,0.1,0.1,0.3,11649.417843053
11649.436932069,0.09696132224887949,0.092121585110628,0.29869975451343406,3.42,4.859999999999999,0.1,-0.30222479934082536,12.815,0.1,0.1,0.3,11649.417843053
11649.44151569,0.09584910270158192,0.08805658982539251,0.29900721061138064,3.42,4.859999999999999,0.1,-0.11911374248479234,12.82,0.1,0.1,0.3,11649.438180367
11649.44702479,0.09681406896725492,0.08060795140335433,0.2994674889615523,3.42,4.859999999999999,0.1,0.00296029541919296,12.825000000000001,0.1,0.1,0.3,11649.438180367
11649.451443001,0.09890069446285811,0.09330761127989344,0.2998410678721632,3.42,4.859999999999999,0.1,0.2318491164891654,12.83,0.1,0.1,0.3,11649.438180367
11649.456937861,0.09916114712855054,0.0976122915720479,0.29964285850347616,3.42,4.859999999999999,0.1,-0.08859523300879601,12.835,0.1,0.1,0.3,11649.438180367
11649.461365448,0.09715769978081665,0.10655574233359028,0.29984284031498315,3.42,4.859999999999999,0.1,-0.16489150669878683,12.84,0.1,0.1,0.3,11649.457828844
11649.466874772,0.09775500048080393,0.10375433999819444,0.2999777303032147,3.2399999999999998,4.859999999999999,0.1,-0.027558214056803365,12.845,0.1,0.1,0.3,11649.457828844
11649.471278775,0.09792502287711805,0.10747877545060779,0.3000753019611298,3.2399999999999998,4.859999999999999,0.1,-0.07333597827079785,12.85,0.1,0.1,0.3,11649.457828844
11649.476771075,0.09617012520348618,0.08492181826866611,0.3004426890761463,3.2399999999999998,4.859999999999999,0.1,-0.14963225196078866,12.855,0.1,0.1,0.3,11649.457828844
11649.481432328,0.09475531721797842,0.08934284942506021,0.3006691782612329,3.2399999999999998,4.859999999999999,0.1,-0.19541001617478315,12.86,0.1,0.1,0.3,11649.47812811
11649.486922388,0.09483331997256178,0.08991007714766514,0.30085118440879643,3.2399999999999998,4.859999999999999,0.1,-0.1343729972227905,12.865,0.1,0.1,0.3,11649.47812811
11649.491359511,0.09527629363484494,0.0988784761245619,0.30103519382582344,3.2399999999999998,4.859999999999999,0.1,0.07925656910918377,12.870000000000001,0.1,0.1,0.3,11649.47812811
11649.496882212,0.09724173795153898,0.10548233175254648,0.30089421882044826,3.2399999999999998,4.859999999999999,0.1,-0.012298959318805203,12.875,0.1,0.1,0.3,11649.47812811
11649.501279463,0.09725215370689165,0.08827938724822774,0.30149964449288136,3.2399999999999998,4.859999999999999,0.1,-0.21066927091278131,12.88,0.1,0.1,0.3,11649.497807787
11649.506815283,0.09812819225593261,0.0947614546248403,0.3014898817921995,3.2399999999999998,4.859999999999999,0.1,-0.19541001617478315,12.885,0.1,0.1,0.3,11649.497807787
11649.511384279,0.09588408864731748,0.0999113802204771,0.30167948506829806,3.2399999999999998,4.859999999999999,0.1,-0.14963225196078866,12.89,0.1,0.1,0.3,11649.497807787
11649.516914467,0.09628241680422223,0.10856227372324789,0.30165480948802653,3.2399999999999998,4.859999999999999,0.1,-0.14963225196078866,12.895,0.1,0.1,0.3,11649.497807787
11649.52154996,0.09611331790998037,0.09720553540251518,0.3015082981326145,3.2399999999999998,4.859999999999999,0.1,-0.14963225196078866,12.9,0.1,0.1,0.3,11649.51822315
11649.527083637,0.09624704927174693,0.09507526024313084,0.3012723820421802,3.2399999999999998,4.859999999999999,0.1,-0.05807672353279969,12.905000000000001,0.1,0.1,0.3,11649.51822315
11649.531512024,0.09494014561048107,0.09777791041669368,0.30124622790159833,3.2399999999999998,4.859999999999999,0.1,-0.34800256355481984,12.91,0.1,0.1,0.3,11649.51822315
11649.537013604,0.09595975947010987,0.08564472409666578,0.30073307532022503,3.2399999999999998,4.859999999999999,0.1,-0.027558214056803365,12.915000000000001,0.1,0.1,0.3,11649.51822315
11649.541709865,0.0970815111189177,0.07961683637717847,0.29982332002481854,3.2399999999999998,4.859999999999999,0.1,-0.1343729972227905,12.92,0.1,0.1,0.3,11649.538383567
11649.546120844,0.096119022427762,0.08064358652476279,0.2992482131057393,3.2399999999999998,5.04,0.1,0.1097750785851801,12.925,0.1,0.1,0.3,11649.538383567
11649.551619832,0.09739883153292181,0.09048440772769567,0.2982731068834659,3.2399999999999998,5.04,0.1,-0.14963225196078866,12.93,0.1,0.1,0.3,11649.538383567
11649.557148708,0.0971022403380367,0.09186394044911142,0.29770371003801094,3.2399999999999998,5.04,0.1,-0.07333597827079785,12.935,0.1,0.1,0.3,11649.538383567
11649.56158724,0.0979383538000363,0.10021429010778041,0.29705787890499247,3.2399999999999998,5.04,0.1,-0.27170628986482903,12.94,0.1,0.1,0.3,11649.558044844
11649.567111092,0.09696127131104187,0.10365461595638625,0.29640263905670317,3.2399999999999998,5.04,0.1,-0.05807672353279969,12.945,0.1,0.1,0.3,11649.558044844
11649.571539159,0.09721329424871396,0.10126118170744425,0.29589128649333574,3.2399999999999998,5.04,0.1,-0.2869655446028272,12.950000000000001,0.1,0.1,0.3,11649.558044844
11649.577034499,0.0957012985652726,0.09693256395195503,0.2956352011342334,3.2399999999999998,5.04,0.1,0.36918240913114886,12.955,0.1,0.1,0.3,11649.558044844
11649.581478791,0.09835793090098674,0.08866019137688426,0.295390658162634,3.2399999999999998,5.04,0.1,-0.11911374248479234,12.96,0.1,0.1,0.3,11649.577873834
11649.587098483,0.09794276484264505,0.08494872524368634,0.2956058034101356,3.2399999999999998,5.04,0.1,-0.19541001617478315,12.965,0.1,0.1,0.3,11649.577873834
11649.591612343,0.09718298362637483,0.09271813055899389,0.29534358322785476,3.2399999999999998,5.04,0.1,-0.04281746879480153,12.97,0.1,0.1,0.3,11649.577873834
11649.5971449,0.09808337603107992,0.09970917965080228,0.29558439747074483,3.2399999999999998,5.04,0.1,-0.012298959318805203,12.975,0.1,0.1,0.3,11649.577873834
11649.601608551,0.0976330622923525,0.09858913168774795,0.2960582542488339,3.2399999999999998,5.04,0.1,-0.11911374248479234,12.98,0.1,0.1,0.3,11649.598218156
11649.607103347,0.09680074978207699,0.08812872658057076,0.296595647313258,3.2399999999999998,5.04,0.1,-0.10385448774679418,12.985,0.1,0.1,0.3,11649.598218156
11649.611522838,0.09648528467869714,0.09619982185835678,0.29701284360316726,3.2399999999999998,5.04,0.1,-0.027558214056803365,12.99,0.1,0.1,0.3,11649.598218156
11649.617016994,0.09647811042932691,0.10074100978292573,0.2972961723553651,3.2399999999999998,5.04,0.1,-0.08859523300879601,12.995000000000001,0.1,0.1,0.3,11649.598218156
11649.621442949,0.09585471763841824,0.09683332565952962,0.29755580203400533,3.2399999999999998,5.04,0.1,-0.08859523300879601,13.0,0.1,0.1,0.3,11649.617893353
11649.626933841,0.09646046827409738,0.09550016618023469,0.2976851178737584,3.2399999999999998,5.04,0.1,0.15555284279917458,13.005,0.1,0.1,0.3,11649.617893353
11649.631359125,0.09737309509883012,0.10118699284699653,0.2980422188785693,3.2399999999999998,5.04,0.1,-0.2869655446028272,13.01,0.1,0.1,0.3,11649.617893353
11649.636231803,0.09583481995765455,0.0961241851093999,0.2983494860815956,3.2399999999999998,5.04,0.1,0.14029358806117642,13.015,0.1,0.1,0.3,11649.617893353
11649.641755752,0.09544191784274654,0.0970476120312519,0.2985486624129808,3.2399999999999998,5.04,0.1,-0.11911374248479234,13.02,0.1,0.1,0.3,11649.638268812
11649.646159915,0.09607266218024807,0.09298365225633161,0.29906376618638425,3.2399999999999998,5.04,0.1,0.46073793755913783,13.025,0.1,0.1,0.3,11649.638268812
11649.651654678,0.0953411017978797,0.07883407418953534,0.2992296725730249,3.2399999999999998,5.04,0.1,-0.16489150669878683,13.030000000000001,0.1,0.1,0.3,11649.638268812
11649.657178691,0.09468245716004038,0.10222238786842892,0.29920452620508337,3.2399999999999998,5.04,0.1,-0.11911374248479234,13.035,0.1,0.1,0.3,11649.638268812
