timestamp_pc,meas_pres_DF,meas_pres_F,meas_pres_G,angle_deg,velocity,flag,force_N,time,cmd_DF,cmd_F,cmd_G
170620.920111008,0.000587117482985498,-0.008256742977023846,-0.0065559399482598155,-2.52,11.879999999999999,1.0,0.22370067445904596,0.0,0.0,0.6,0.5
170620.920264384,0.005238672307865782,-0.0004055343079071889,-0.0052066929924994955,-2.52,11.879999999999999,1.0,0.5899227881710019,0.005,0.0,0.6,0.5
170620.920272416,-0.016971992911039006,-0.0017215409669347475,-0.002354015129729144,-2.52,11.879999999999999,1.0,0.2542191839350423,0.01,0.0,0.6,0.5
170620.920278944,-0.005113194801031237,-0.008166897355833569,-0.002825532739728466,-2.52,11.879999999999999,1.0,0.3762932218390276,0.015,0.0,0.6,0.5
170620.920285536,-0.006210584001381313,-0.002815341866943794,-0.008323758056279468,-2.52,11.879999999999999,1.0,0.17792291024505147,0.02,0.0,0.6,0.5
170620.920292832,0.007303743549755856,-0.0010170957442962416,-0.0038982769151914604,-2.52,11.879999999999999,1.0,0.5594042786950055,0.025,0.0,0.6,0.5
170620.920299744,-0.015826229393818194,-0.005789455299717512,-0.0058888245180422245,-2.52,11.879999999999999,1.0,0.26947843867304044,0.03,0.0,0.6,0.5
170620.92030608,0.006038124476102142,-0.008505779145955796,-0.006932795010991135,-2.52,11.879999999999999,1.0,0.513626514481011,0.035,0.0,0.6,0.5
170620.920312256,-0.007730148406076698,-0.00112300913591564,-0.00665190502065973,-2.52,11.879999999999999,1.0,0.10162663655506066,0.04,0.0,0.6,0.5
170620.961396448,-0.012594541990832623,-0.005326578757717804,-0.009600169308305342,-2.52,11.879999999999999,1.0,0.4525894955290184,0.045,0.0,0.6,0.5
170620.961414848,-0.015794627039373912,-0.007688598552627884,-0.005376400565943658,-2.52,11.879999999999999,1.0,0.31525620288703493,0.05,0.0,0.6,0.5
170620.961422656,-0.013793054427447313,-0.016414287286231125,-0.00889080905504384,-2.52,11.879999999999999,1.0,0.4831080050050147,0.055,0.0,0.6,0.5
170620.961430048,-0.009770163272418156,-0.015039587508649546,-0.011250588232052284,-2.52,11.879999999999999,1.0,0.39155247657702574,0.06,0.4,0.1,0.5
170620.961436896,-0.008371520436704466,-0.0008092438202735111,-0.002080785990351592,-2.52,11.879999999999999,1.0,0.3610339671010294,0.065,0.4,0.1,0.5
170620.961445344,-0.017753974248395536,0.004043150394788708,-0.0044371786806292725,-2.52,11.879999999999999,1.0,0.3305154576250331,0.07,0.4,0.1,0.5
170620.961452192,-0.013978220834030854,0.006653561508138296,-0.0013130291160375147,-2.52,11.879999999999999,1.0,0.5594042786950055,0.075,0.4,0.1,0.5
170620.961458592,-0.005056839138704845,0.012675049239033046,0.01600789974520279,-2.52,11.879999999999999,1.0,0.39155247657702574,0.08,0.4,0.1,0.5
170621.005059808,-0.0087353878476435,0.009118092458903996,0.035031216000185855,-2.52,11.879999999999999,1.0,0.605182042909,0.085,0.4,0.1,0.5
170621.005072448,0.00760136359665308,0.047302494950620395,0.045748019257449986,-2.52,11.879999999999999,1.0,0.39155247657702574,0.09,0.4,0.1,0.5
170621.005079264,0.0010274595927268005,0.07243729181875727,0.0665359694099327,-2.52,11.879999999999999,1.0,0.6204412976469982,0.095,0.4,0.1,0.5
170621.005086368,-0.002957398522393499,0.07410728142789945,0.0745275619498379,-2.52,11.879999999999999,1.0,0.4983672597430129,0.1,0.4,0.1,0.5
170621.005093248,-0.011464303160009933,0.10469464561405308,0.09448708949818661,-2.52,11.879999999999999,1.0,0.46784875026701656,0.105,0.4,0.1,0.5
170621.005100448,-0.01772116523247758,0.11894731953199678,0.10693680970130176,-2.52,11.879999999999999,1.0,-0.020447401348924643,0.11,0.4,0.1,0.5
170621.005107936,-0.008416417554497017,0.13287733401633578,0.12294040798339831,-2.52,11.879999999999999,1.0,0.6204412976469982,0.115,0.4,0.1,0.5
170621.005115424,-0.0045865442345745305,0.15442952160944406,0.13784318882845542,-2.52,11.879999999999999,1.0,0.39155247657702574,0.12,0.4,0.1,0.5
170621.005122368,-0.005942344806840923,0.17004948762615338,0.1556449118817184,-2.52,11.879999999999999,1.0,0.6662190618609927,0.125,0.4,0.1,0.5
170621.046312288,-0.005175624440034621,0.19130615830506767,0.17176326926621957,-2.52,11.879999999999999,1.0,0.39155247657702574,0.13,0.4,0.1,0.5
170621.046327456,0.0013664943021376246,0.19035358916816206,0.18401854504040194,-2.52,11.879999999999999,1.0,0.4983672597430129,0.135,0.4,0.1,0.5
170621.046335232,-0.009487072670945933,0.19028830044156445,0.19989379773937,-2.52,11.879999999999999,1.0,0.4983672597430129,0.14,0.4,0.1,0.5
170621.046342464,-0.0018914565675602242,0.20120856032100695,0.21397814523590386,-2.52,11.879999999999999,1.0,0.513626514481011,0.145,0.4,0.1,0.5
170621.046349792,0.022845089503428537,0.19820753064368826,0.22530241298687978,-2.34,11.7,1.0,0.29999694814903677,0.15,0.4,0.1,0.5
170621.046357472,0.030340454040684847,0.20265674157877608,0.23880401952826777,-2.16,11.52,1.0,0.4831080050050147,0.155,0.4,0.1,0.5
170621.046364704,0.03943489827043549,0.2041807677225587,0.25314684136148213,-1.7999999999999998,11.16,1.0,0.46784875026701656,0.16,0.4,0.1,0.5
170621.046373344,0.06098932985573412,0.216061808118388,0.2643881357822208,-1.44,10.62,1.0,0.6814783165989908,0.165,0.4,0.1,0.5
170621.090722048,0.06981391463752715,0.2102000662698331,0.27670560839002634,-0.8999999999999999,9.9,1.0,0.4831080050050147,0.17,0.4,0.1,0.5
170621.090731872,0.08501092797608836,0.20107188653808872,0.28946444886858097,-0.18,8.82,1.0,0.895107882931022,0.17500000000000002,0.4,0.1,0.5
170621.090749408,0.10180946665649261,0.19845988913181647,0.2995719631387489,0.54,7.739999999999999,1.0,0.2542191839350423,0.18,0.4,0.1,0.5
170621.090756064,0.12672639275520095,0.2008100621411553,0.3094833978866445,1.6199999999999999,6.3,1.0,0.696737571336989,0.185,0.4,0.1,0.5
170621.090762112,0.13793915203254173,0.20484587558719983,0.31948255087343314,2.6999999999999997,4.68,1.0,0.34577471236303126,0.19,0.4,0.1,0.5
170621.090768448,0.1598240227948562,0.19500883856381232,0.32756391840150034,4.14,2.88,1.0,0.8188116092410311,0.195,0.4,0.1,0.5
170621.09077552,0.1772230973309168,0.20240641371076196,0.3345055970184193,5.58,0.8999999999999999,1.0,0.4983672597430129,0.2,0.4,0.1,0.5
170621.090782656,0.18877635020800454,0.19879551914197716,0.34272597161858814,6.66,-0.36,1.0,0.696737571336989,0.20500000000000002,0.4,0.1,0.5
170621.090789056,0.2035112681104073,0.19908153774339893,0.3490877341695119,7.38,0.36,1.0,0.22370067445904596,0.21,0.4,0.1,0.5
170621.131927232,0.21913818310819896,0.2072912481367394,0.35504131196871924,8.1,1.08,1.0,0.31525620288703493,0.215,0.4,0.1,0.5
170621.13193776,0.22975823242894503,0.20829470851410048,0.3612628713438084,9.18,1.26,1.0,0.3305154576250331,0.22,0.4,0.1,0.5
170621.131944288,0.2410655610156722,0.20593355290749546,0.36669629904745404,10.26,0.8999999999999999,1.0,0.2542191839350423,0.225,0.4,0.1,0.5
170621.131950848,0.2534985627451044,0.20416325437810975,0.37090639433463574,11.7,0.18,1.0,0.4831080050050147,0.23,0.4,0.1,0.5
170621.131957024,0.2616036578434185,0.1971526706188232,0.37587870306038157,12.959999999999999,-0.18,1.0,0.34577471236303126,0.23500000000000001,0.4,0.1,0.5
170621.13198,0.2698266025185502,0.18308202922397593,0.3804639761141661,14.04,0.18,1.0,0.3610339671010294,0.24,0.4,0.1,0.5
170621.131986944,0.28003511949667237,0.174744951898882,0.3842413214382767,15.479999999999999,0.0,1.0,0.4068117313150239,0.245,0.4,0.1,0.5
170621.131994112,0.28700299775675747,0.1803684906361504,0.3883537879507162,16.74,0.0,1.0,0.26947843867304044,0.25,0.4,0.1,0.5
170621.17543872,0.2935524763653652,0.17012102510455968,0.39241470095126346,18.0,0.0,1.0,0.34577471236303126,0.255,0.4,0.1,0.5
170621.17545088,0.3021508992908815,0.16475741869024196,0.3954832080998963,19.259999999999998,0.0,1.0,0.19318216498304963,0.26,0.4,0.1,0.5
170621.175458496,0.30796293041905903,0.1534445765299659,0.3992019113359354,20.7,0.0,1.0,0.43733024079102023,0.265,0.4,0.1,0.5
170621.175465408,0.3128455519019586,0.16246224605969567,0.4029659780414258,21.96,0.0,1.0,0.39155247657702574,0.27,0.4,0.1,0.5
170621.175471136,0.3199640505694378,0.15325068421035193,0.4057156535601191,23.4,0.0,1.0,0.4831080050050147,0.275,0.4,0.1,0.5
170621.17547744,0.3253567416137342,0.1532448751625178,0.40914822162488196,24.66,0.0,1.0,0.2542191839350423,0.28,0.4,0.1,0.5
170621.175484576,0.329308484847025,0.15206406148227217,0.4128342987090942,26.099999999999998,0.0,1.0,0.4525894955290184,0.28500000000000003,0.4,0.1,0.5
170621.175491392,0.3349133782802795,0.1547267045426234,0.4156617074996418,27.36,0.0,1.0,0.2542191839350423,0.29,0.4,0.1,0.5
170621.175497856,0.3400000656993697,0.14468879682412183,0.4184242059480934,28.619999999999997,0.0,1.0,0.29999694814903677,0.295,0.4,0.1,0.5
170621.219560096,0.3431396843131778,0.1435050618454833,0.4220057472346044,29.88,0.0,1.0,0.5288857692190092,0.3,0.4,0.1,0.5
170621.219571616,0.3477911493610225,0.13975786961445333,0.4247447272750642,30.959999999999997,0.0,1.0,0.3610339671010294,0.305,0.4,0.1,0.5
170621.21957872,0.35210562263332296,0.13493867513514207,0.42729488720424585,32.22,0.0,1.0,0.29999694814903677,0.31,0.4,0.1,0.5
170621.219585024,0.35503200608070434,0.12707546831076333,0.4304289264287704,33.3,0.0,1.0,0.39155247657702574,0.315,0.4,0.1,0.5
170621.219590944,0.3583874523010831,0.13938558726762446,0.4331823628718472,34.379999999999995,0.0,1.0,0.29999694814903677,0.32,0.4,0.1,0.5
170621.219601952,0.36232132827974917,0.1254646025334204,0.43559793574535777,35.46,0.0,1.0,0.43733024079102023,0.325,0.4,0.1,0.5
170621.21960896,0.36467901702201405,0.11214562328698756,0.43871157962706003,36.36,0.0,1.0,0.04058961760306801,0.33,0.4,0.1,0.5
170621.219616256,0.3676222989211851,0.12025031129267627,0.4413335867039721,37.26,0.0,1.0,0.3305154576250331,0.335,0.4,0.1,0.5
170621.219623104,0.37104159325536257,0.12382437518328089,0.443457641514437,38.16,0.0,1.0,0.3762932218390276,0.34,0.4,0.1,0.5
170621.261756896,0.3735315873012888,0.11951494212408315,0.445955567989485,38.879999999999995,0.0,1.0,0.29999694814903677,0.34500000000000003,0.4,0.1,0.5
170621.261766112,0.37620810524659326,0.13094941398832075,0.4483462436631658,39.6,0.0,1.0,0.23895992919704412,0.35000000000000003,0.4,0.1,0.5
170621.261772736,0.3788910724755205,0.12756476358657265,0.45051989454557495,40.14,0.0,1.0,0.26947843867304044,0.355,0.4,0.1,0.5
170621.261778688,0.3805687587668494,0.12271299812733724,0.45307246254578093,40.86,0.0,1.0,0.4068117313150239,0.36,0.4,0.1,0.5
170621.261785504,0.3825872486256585,0.12303637910774297,0.4553979578928953,41.4,0.0,1.0,0.26947843867304044,0.365,0.4,0.1,0.5
170621.261792256,0.38482433774825603,0.12459177141265865,0.457004766460079,41.76,0.0,1.0,0.22370067445904596,0.37,0.4,0.1,0.5
170621.261798784,0.3869532589463498,0.11954832424053367,0.4588488931263753,42.12,0.0,1.0,0.42207098605302207,0.375,0.4,0.1,0.5
170621.261805344,0.3880304551964375,0.11658407910094411,0.4614055932540718,42.48,0.0,1.0,0.17792291024505147,0.38,0.4,0.1,0.5
170621.304968352,0.39006011000464613,0.11476041195093017,0.4628526240125272,42.839999999999996,0.0,1.0,0.4068117313150239,0.385,0.4,0.1,0.5
170621.304979872,0.3915871120268605,0.11199360524365154,0.46452296990408354,43.019999999999996,0.0,1.0,0.2542191839350423,0.39,0.4,0.1,0.5
170621.304986976,0.3926679518867621,0.10785144401281564,0.46687185157920075,43.199999999999996,0.0,1.0,0.43733024079102023,0.395,0.4,0.1,0.5
170621.30499328,0.39379329286389747,0.11460503872406397,0.4687273903436746,43.379999999999995,0.0,1.0,0.43733024079102023,0.4,0.4,0.1,0.5
170621.305000448,0.394896544046005,0.10296349561458253,0.4706250343466446,43.379999999999995,0.0,1.0,0.3762932218390276,0.405,0.4,0.1,0.5
170621.305007936,0.39571996624483485,0.11053177021868278,0.47288567700133527,43.379999999999995,0.0,1.0,0.46784875026701656,0.41000000000000003,0.4,0.1,0.5
170621.305014368,0.3973432390524885,0.11037311549784916,0.47431965977166024,43.379999999999995,0.0,1.0,0.5288857692190092,0.41500000000000004,0.4,0.1,0.5
170621.305021856,0.3992695203185302,0.11157473696202387,0.4752214264488163,43.379999999999995,0.0,1.0,0.43733024079102023,0.42,0.4,0.1,0.5
170621.30502848,0.4007173754291209,0.1119730294829979,0.47683439483016304,43.199999999999996,0.0,1.0,0.010071108127071682,0.425,0.4,0.1,0.5
170621.34591824,0.4016627709147214,0.11492315985890998,0.4783786285765408,43.199999999999996,-0.18,1.0,0.26947843867304044,0.43,0.4,0.1,0.5
170621.345926944,0.4024876462678645,0.10610129642277073,0.479671658581832,43.199999999999996,-0.18,1.0,0.2542191839350423,0.435,0.4,0.1,0.5
170621.345933408,0.4031005181074999,0.10483197647054206,0.4813042989528805,43.199999999999996,-0.18,1.0,0.4983672597430129,0.44,0.4,0.1,0.5
170621.345940192,0.4033100666896705,0.11039819717913826,0.4826527618072387,43.199999999999996,-0.18,1.0,0.39155247657702574,0.445,0.4,0.1,0.5
170621.345946656,0.402989301704401,0.10905887252717125,0.484032598205936,43.199999999999996,-0.18,1.0,0.2847376934110386,0.45,0.4,0.1,0.5
170621.345953952,0.40279051332436183,0.11137912650273146,0.4852968780604101,43.199999999999996,-0.18,1.0,0.17792291024505147,0.455,0.4,0.1,0.5
170621.345960608,0.4024621288511664,0.10601300458719222,0.48641804576808645,43.199999999999996,-0.18,1.0,0.29999694814903677,0.46,0.4,0.1,0.5
170621.345971744,0.40238555027623246,0.11385981325270764,0.48715271279960604,43.199999999999996,-0.18,1.0,0.14740440076905514,0.465,0.4,0.1,0.5
170621.390463392,0.40184824026525034,0.10781965397527343,0.48855845464706926,43.379999999999995,-0.18,1.0,0.1626636555070533,0.47000000000000003,0.4,0.1,0.5
170621.39047808,0.4012849421645758,0.12848167170023134,0.4895858737513652,43.379999999999995,-0.18,1.0,0.22370067445904596,0.47500000000000003,0.4,0.1,0.5
170621.390484544,0.4011382489473519,0.1221349096644126,0.4902382452447228,43.379999999999995,-0.18,1.0,0.4068117313150239,0.48,0.4,0.1,0.5
170621.390491392,0.4008083795267721,0.1174335982842855,0.49118072673012814,43.379999999999995,-0.18,1.0,0.3762932218390276,0.485,0.4,0.1,0.5
170621.39049792,0.4003219570042104,0.10691091916346435,0.49234633874567885,43.199999999999996,-0.18,1.0,0.39155247657702574,0.49,0.4,0.1,0.5
170621.390504992,0.400308943517244,0.10818223069241863,0.4928862155768615,43.199999999999996,-0.18,1.0,-0.005188146610926481,0.495,0.4,0.1,0.5
170621.390511488,0.40060042602801643,0.10049094083477653,0.4934760743739978,43.199999999999996,-0.18,1.0,0.6509598071229945,0.5,0.4,0.1,0.5
170621.39051824,0.40050336799333597,0.10809638817649238,0.49423551401033844,43.199999999999996,-0.18,1.0,0.26947843867304044,0.505,0.4,0.1,0.5
170621.390524448,0.4001728842531551,0.10039770354459852,0.49509673591000697,43.199999999999996,-0.18,1.0,0.4068117313150239,0.51,0.4,0.1,0.5
170621.431603296,0.399931016123259,0.09067743512276258,0.49586886109218453,43.199999999999996,-0.18,1.0,0.19318216498304963,0.515,0.4,0.1,0.5
170621.43161392,0.4002829874275944,0.1033504148630338,0.4961614650949577,43.199999999999996,-0.18,1.0,0.1626636555070533,0.52,0.4,0.1,0.5
170621.431620672,0.3999499014566978,0.1062701553405413,0.4968498008797979,43.199999999999996,-0.18,1.0,0.22370067445904596,0.525,0.4,0.1,0.5
170621.431626944,0.39992107313867475,0.10738495603118672,0.4972461577026025,43.199999999999996,-0.18,1.0,0.22370067445904596,0.53,0.4,0.1,0.5
170621.431633472,0.3996556334528444,0.10430122291086126,0.4978837486937015,43.199999999999996,-0.18,1.0,0.2084414197210478,0.535,0.4,0.1,0.5
170621.431640672,0.39934753132131035,0.10267107520263558,0.49854677197980385,43.199999999999996,-0.18,1.0,0.5899227881710019,0.54,0.4,0.1,0.5
170621.431649088,0.39919941307623474,0.10786780047964661,0.4991234478414463,43.199999999999996,-0.18,1.0,0.34577471236303126,0.545,0.4,0.1,0.5
170621.431655488,0.3991741642411924,0.0968989289032795,0.4996340572168875,43.199999999999996,-0.18,1.0,0.31525620288703493,0.55,0.4,0.1,0.5
170621.475093728,0.39936868756490446,0.0978017738950826,0.499976254223825,43.199999999999996,-0.18,1.0,0.2542191839350423,0.555,0.4,0.1,0.5
170621.475105184,0.3990586515904418,0.09955070723701459,0.5006912793454262,43.199999999999996,-0.18,1.0,0.5594042786950055,0.56,0.4,0.1,0.5
170621.47511296,0.39904232853180727,0.11602174553400002,0.5010196890239413,43.199999999999996,-0.18,1.0,0.07110812707906433,0.5650000000000001,0.4,0.1,0.5
170621.475120096,0.3986363727500452,0.10378814307416048,0.5018896302102617,43.199999999999996,-0.18,1.0,0.34577471236303126,0.5700000000000001,0.4,0.1,0.5
170621.475126592,0.3986813594657467,0.0925250450729915,0.5022628954377945,43.199999999999996,-0.18,1.0,-0.020447401348924643,0.5750000000000001,0.4,0.1,0.5
170621.475133472,0.3988711557342473,0.1040613294936795,0.5025139507462534,43.199999999999996,-0.18,1.0,0.5441450239570074,0.58,0.4,0.1,0.5
170621.47514016,0.3988424405449196,0.09746078975165162,0.5031141656021693,43.199999999999996,-0.18,1.0,-0.05096591082492097,0.585,0.4,0.1,0.5
170621.475146848,0.39887268443952906,0.1051693598153452,0.503558955593811,43.199999999999996,-0.18,1.0,0.29999694814903677,0.59,0.4,0.1,0.5
170621.475153536,0.3987651868532588,0.12149177503504624,0.5039224549172038,43.199999999999996,-0.18,1.0,0.2084414197210478,0.595,0.4,0.1,0.5
170621.517219776,0.39825054708536833,0.11822366388148575,0.5048282587093669,43.199999999999996,-0.18,1.0,0.31525620288703493,0.6,0.4,0.1,0.5
170621.517230016,0.39822307274470364,0.10282923261964777,0.5053166745673279,43.199999999999996,-0.18,1.0,0.19318216498304963,0.605,0.4,0.1,0.5
170621.517236128,0.398325984526726,0.10286547259969758,0.5055669913845066,43.199999999999996,-0.18,1.0,0.5288857692190092,0.61,0.4,0.1,0.5
170621.5172424,0.3981984926125251,0.10332454399361436,0.5060952187602771,43.199999999999996,-0.18,1.0,0.22370067445904596,0.615,0.4,0.1,0.5
170621.517248992,0.3982574532056661,0.10764815638618294,0.5064120795567445,43.199999999999996,-0.18,1.0,0.6204412976469982,0.62,0.4,0.1,0.5
170621.51725552,0.39797667388796765,0.10366501131563234,0.5071005224510166,43.199999999999996,-0.18,1.0,0.04058961760306801,0.625,0.4,0.1,0.5
170621.517261824,0.39846964447643235,0.1042825396438012,0.5070436686477657,43.199999999999996,-0.18,1.0,0.5746635334330037,0.63,0.4,0.1,0.5
170621.517267936,0.39863574249402856,0.10362663354498318,0.5074539277287934,43.199999999999996,-0.18,1.0,0.1626636555070533,0.635,0.4,0.1,0.5
170621.561370912,0.3992510684851066,0.10519580129151475,0.5075979875463478,43.199999999999996,-0.18,1.0,0.31525620288703493,0.64,0.4,0.1,0.5
170621.561381792,0.39986418649260813,0.09888115398860128,0.507600155237763,43.199999999999996,-0.18,1.0,0.2847376934110386,0.645,0.4,0.1,0.5
170621.561388224,0.4001666177921491,0.11121014900411696,0.5077504151566877,43.199999999999996,-0.18,1.0,0.4068117313150239,0.65,0.4,0.1,0.5
170621.561394464,0.4004495890118778,0.09342508760866869,0.5078641619732446,43.199999999999996,-0.18,1.0,0.19318216498304963,0.655,0.4,0.1,0.5
170621.561401024,0.4012018082547851,0.09568196459155841,0.5072939645198018,43.379999999999995,-0.18,1.0,0.5746635334330037,0.66,0.4,0.1,0.5
170621.561407296,0.40146827844077615,0.10578212643155582,0.5070549194632514,43.379999999999995,-0.18,1.0,0.10162663655506066,0.665,0.4,0.1,0.5
170621.561414496,0.4019602778995237,0.10334035187966152,0.5065751613592475,43.379999999999995,-0.18,1.0,0.42207098605302207,0.67,0.4,0.1,0.5
170621.561420704,0.4021087983242159,0.10996785868544669,0.5061484251352123,43.379999999999995,-0.18,1.0,0.2084414197210478,0.675,0.4,0.1,0.5
170621.561426848,0.4027029375552919,0.11341330026601996,0.5055003739722278,43.379999999999995,-0.18,1.0,0.4831080050050147,0.68,0.4,0.1,0.5
170621.604535968,0.40273244525839086,0.10636066032778854,0.5053264856532106,43.379999999999995,-0.18,1.0,0.31525620288703493,0.685,0.4,0.1,0.5
170621.604545344,0.4026323256968214,0.11630154416906315,0.5050165360677942,43.379999999999995,-0.18,1.0,0.42207098605302207,0.6900000000000001,0.4,0.1,0.5
170621.604551968,0.40290239628826136,0.11182218594978655,0.5046297586345107,43.379999999999995,-0.18,1.0,0.42207098605302207,0.6950000000000001,0.4,0.1,0.5
170621.60455856,0.4029473571946195,0.10160540467689033,0.5042805415452136,43.379999999999995,-0.18,1.0,0.5746635334330037,0.7000000000000001,0.4,0.1,0.5
170621.604564864,0.40258462502370557,0.10245625326342647,0.5042395305638737,43.379999999999995,-0.18,1.0,0.26947843867304044,0.705,0.4,0.1,0.5
170621.604571968,0.40263053693073914,0.09408122478675578,0.504067652470291,43.379999999999995,-0.18,1.0,0.39155247657702574,0.71,0.4,0.1,0.5
170621.604578272,0.4029861647109405,0.10379712318119043,0.5033766417568907,43.379999999999995,-0.18,1.0,0.19318216498304963,0.715,0.4,0.1,0.5
170621.604584928,0.40250325949010124,0.11249668658340238,0.5034558157704508,43.379999999999995,-0.18,1.0,0.4525894955290184,0.72,0.4,0.1,0.5
170621.604591584,0.4022507353617659,0.1140386495086389,0.5036387789711368,43.379999999999995,-0.18,1.0,0.34577471236303126,0.725,0.4,0.1,0.5
170621.646724256,0.4020144989113359,0.10496889417570077,0.5037752883919627,43.379999999999995,-0.18,1.0,0.5594042786950055,0.73,0.4,0.1,0.5
170621.646737536,0.4022462414804658,0.09973792660111494,0.5036798414253638,43.379999999999995,-0.18,1.0,0.2542191839350423,0.735,0.4,0.1,0.5
170621.646744704,0.40241314388194505,0.1006429453672265,0.5037541352628999,43.379999999999995,-0.18,1.0,0.5594042786950055,0.74,0.4,0.1,0.5
170621.646752,0.40225241969115116,0.10129091995366632,0.5040095211905775,43.379999999999995,-0.18,1.0,0.04058961760306801,0.745,0.4,0.1,0.5
170621.64675856,0.40183624607743823,0.0894913004249145,0.5045805822136019,43.379999999999995,-0.18,1.0,0.46784875026701656,0.75,0.4,0.1,0.5
170621.646765696,0.4014931121046879,0.10151478819573877,0.5049680184518341,43.379999999999995,-0.18,1.0,0.26947843867304044,0.755,0.4,0.1,0.5
170621.646771584,0.40127230207865733,0.10598028732931065,0.5052621113901286,43.379999999999995,-0.18,1.0,0.3610339671010294,0.76,0.4,0.1,0.5
170621.646778048,0.40132594410445227,0.10480087643602494,0.5054940179564478,43.379999999999995,-0.18,1.0,0.39155247657702574,0.765,0.4,0.1,0.5
170621.690226656,0.4013802585775559,0.10466322474689939,0.5059424405799094,43.379999999999995,-0.18,1.0,0.31525620288703493,0.77,0.4,0.1,0.5
170621.690237184,0.40132611288965825,0.10440495909787176,0.5062693165105153,43.379999999999995,-0.18,1.0,0.23895992919704412,0.775,0.4,0.1,0.5
170621.690244,0.4013564118950719,0.11753441784975159,0.5065913794701724,43.379999999999995,-0.18,1.0,0.513626514481011,0.78,0.4,0.1,0.5
170621.690250368,0.4015425539864079,0.1221060260092472,0.5067744947330158,43.379999999999995,-0.18,1.0,0.22370067445904596,0.785,0.4,0.1,0.5
170621.69025776,0.4017982712089425,0.10593743727225964,0.5068751194890178,43.379999999999995,-0.18,1.0,0.513626514481011,0.79,0.4,0.1,0.5
170621.69026496,0.4020077492395348,0.11628014100077992,0.5067732554711987,43.379999999999995,-0.18,1.0,0.3610339671010294,0.795,0.4,0.1,0.5
170621.690271424,0.40147261949480434,0.11691752894613772,0.5073520985239115,43.379999999999995,-0.18,1.0,0.39155247657702574,0.8,0.4,0.1,0.5
170621.690278048,0.4013889017667211,0.10779759899734048,0.5075584149241773,43.379999999999995,-0.18,1.0,0.31525620288703493,0.805,0.4,0.1,0.5
170621.690284384,0.40122102342426347,0.10276242115445305,0.5078239551194556,43.379999999999995,-0.18,1.0,0.2847376934110386,0.81,0.4,0.1,0.5
170621.7315008,0.40109585531250347,0.11158564053180156,0.5079595107778818,43.379999999999995,-0.18,1.0,0.22370067445904596,0.8150000000000001,0.4,0.1,0.5
170621.731510176,0.40107573443010447,0.11440818279748188,0.5080418645268305,43.379999999999995,-0.18,1.0,0.43733024079102023,0.8200000000000001,0.4,0.1,0.5
170621.731516896,0.40132900874206245,0.11759042945681353,0.5079009210037726,43.379999999999995,-0.18,1.0,-0.06622516556291913,0.8250000000000001,0.4,0.1,0.5
170621.731523232,0.40178494000716003,0.10779816811522927,0.5075877741531889,43.379999999999995,-0.18,1.0,0.2847376934110386,0.8300000000000001,0.4,0.1,0.5
170621.731530144,0.40168538253211883,0.0956655260046475,0.5075462667306019,43.379999999999995,-0.18,1.0,0.34577471236303126,0.835,0.4,0.1,0.5
170621.731537632,0.40163498056212293,0.09373490625852283,0.5071722636198958,43.379999999999995,-0.18,1.0,0.43733024079102023,0.84,0.4,0.1,0.5
170621.731544576,0.4017442366172251,0.09853325637104506,0.5068449516508969,43.379999999999995,-0.18,1.0,0.29999694814903677,0.845,0.4,0.1,0.5
170621.731551168,0.4015061174778345,0.10700282831826415,0.5066573132120604,43.379999999999995,-0.18,1.0,0.2542191839350423,0.85,0.4,0.1,0.5
170621.774710464,0.40141949546159067,0.10851903714922599,0.5064695141020156,43.379999999999995,-0.18,1.0,0.2084414197210478,0.855,0.4,0.1,0.5
170621.77472,0.4014594712446633,0.0947920983602636,0.5062195324985884,43.379999999999995,-0.18,1.0,0.39155247657702574,0.86,0.4,0.1,0.5
170621.774727904,0.40122664934671415,0.09937464548568263,0.5062172805222148,43.379999999999995,-0.18,1.0,0.29999694814903677,0.865,0.4,0.1,0.5
170621.774734816,0.4010133577888794,0.0853494076359005,0.5061098935915178,43.379999999999995,-0.18,1.0,0.2542191839350423,0.87,0.4,0.1,0.5
170621.774741088,0.4010312488068675,0.10932179621823417,0.5058057458133993,43.379999999999995,-0.18,1.0,0.31525620288703493,0.875,0.4,0.1,0.5
170621.774747328,0.40086216759397436,0.10413272086911446,0.5058310432348925,43.379999999999995,-0.18,1.0,0.17792291024505147,0.88,0.4,0.1,0.5
170621.774754016,0.4012423814567051,0.09420540925160964,0.5055205019687112,43.379999999999995,-0.18,1.0,0.2542191839350423,0.885,0.4,0.1,0.5
170621.774760928,0.4010711817910904,0.11492770940443267,0.5054819857987088,43.379999999999995,-0.18,1.0,0.31525620288703493,0.89,0.4,0.1,0.5
170621.774767296,0.4013983937291922,0.10189122690990825,0.5052346627779523,43.379999999999995,-0.18,1.0,0.4831080050050147,0.895,0.4,0.1,0.5
170621.817057984,0.40182779490320775,0.09823755628194117,0.5050187473540549,43.379999999999995,-0.18,1.0,0.31525620288703493,0.9,0.4,0.1,0.5
170621.81707312,0.40186575933299806,0.10905992300029282,0.5050450281209454,43.379999999999995,-0.18,1.0,0.3762932218390276,0.905,0.4,0.1,0.5
170621.8170808,0.40188469020943735,0.09667195008039658,0.5051864423692397,43.379999999999995,-0.18,1.0,0.26947843867304044,0.91,0.4,0.1,0.5
170621.817087648,0.4019907270967821,0.09890787014325479,0.5052869151229464,43.379999999999995,-0.18,1.0,0.3610339671010294,0.915,0.4,0.1,0.5
170621.817094176,0.40200269306302666,0.10358304306861348,0.5055025628996324,43.379999999999995,-0.18,1.0,0.22370067445904596,0.92,0.4,0.1,0.5
170621.817101792,0.4015389482748227,0.0981565449032763,0.5061910323816191,43.379999999999995,-0.18,1.0,0.4525894955290184,0.925,0.4,0.1,0.5
170621.817108768,0.40166841142867327,0.10147898850481549,0.5062630800473668,43.379999999999995,-0.18,1.0,0.0863673818170625,0.93,0.4,0.1,0.5
170621.817115456,0.40194267376407466,0.09710428179348145,0.506368171921648,43.379999999999995,-0.18,1.0,0.3762932218390276,0.935,0.4,0.1,0.5
170621.86046032,0.4017124371948572,0.0954864723118284,0.5067938823665945,43.379999999999995,-0.18,1.0,0.17792291024505147,0.9400000000000001,0.4,0.1,0.5
170621.860470496,0.40201075403739056,0.097643963824254,0.5068612121521342,43.379999999999995,-0.18,1.0,0.4068117313150239,0.9450000000000001,0.4,0.1,0.5
170621.860477344,0.40182576255304014,0.09847662655522299,0.5071450201337752,43.379999999999995,-0.18,1.0,0.025330362865069844,0.9500000000000001,0.4,0.1,0.5
170621.860486112,0.40152312732208306,0.09616517666104896,0.5077589841247422,43.379999999999995,-0.18,1.0,0.3610339671010294,0.9550000000000001,0.4,0.1,0.5
170621.86049296,0.40147927104163766,0.08788692608366401,0.5080952205814138,43.379999999999995,-0.18,1.0,0.19318216498304963,0.96,0.4,0.1,0.5
170621.860499808,0.40154923069597326,0.08899061068039915,0.5081381853002187,43.379999999999995,-0.18,1.0,0.43733024079102023,0.965,0.4,0.1,0.5
170621.86050672,0.4015939493268077,0.09764852218127439,0.508051763947927,43.379999999999995,-0.18,1.0,0.22370067445904596,0.97,0.4,0.1,0.5
170621.860513792,0.4015635076405654,0.09834352458562108,0.5081712940864092,43.379999999999995,-0.18,1.0,0.3762932218390276,0.975,0.4,0.1,0.5
170621.860520448,0.4016622791613311,0.10114559186894145,0.5078671241637336,43.379999999999995,-0.18,1.0,0.19318216498304963,0.98,0.4,0.1,0.5
170621.901581728,0.4017873474998148,0.10381350056771642,0.5076281578910876,43.379999999999995,-0.18,1.0,0.34577471236303126,0.985,0.4,0.1,0.5
170621.901592672,0.4016150139166906,0.10873065762954238,0.5074642320072176,43.379999999999995,-0.18,1.0,0.11688589129305882,0.99,0.4,0.1,0.5
170621.901599584,0.40155841471247683,0.10323353813280262,0.507265548605203,43.379999999999995,-0.18,1.0,0.605182042909,0.995,0.4,0.1,0.5
170621.90160624,0.4015411713102539,0.10222518251890955,0.5070251064574056,43.379999999999995,-0.18,1.0,0.3610339671010294,1.0,0.4,0.1,0.5
170621.901614272,0.40137922909864127,0.09558422957410012,0.506958370395703,43.379999999999995,-0.18,1.0,0.42207098605302207,1.0050000000000001,0.4,0.1,0.5
170621.90162128,0.40167638468868955,0.11287791230228282,0.5063688138779318,43.379999999999995,-0.18,1.0,0.0863673818170625,1.01,0.4,0.1,0.5
170621.90162848,0.4015768330189887,0.11815717969273754,0.5062640999924454,43.379999999999995,-0.18,1.0,0.3610339671010294,1.0150000000000001,0.4,0.1,0.5
170621.901635552,0.40165101332155756,0.11552529344205041,0.5061433400632201,43.379999999999995,-0.18,1.0,0.2542191839350423,1.02,0.4,0.1,0.5
170621.946135264,0.4014974406402365,0.11253168166751451,0.5059198535110354,43.379999999999995,-0.18,1.0,0.3762932218390276,1.025,0.4,0.1,0.5
170621.946150016,0.40157360219894844,0.11864927545512688,0.5056632684182042,43.379999999999995,-0.18,1.0,-0.06622516556291913,1.03,0.4,0.1,0.5
170621.946157856,0.40208518377357183,0.11424152797970012,0.5052422820999162,43.379999999999995,-0.18,1.0,0.3305154576250331,1.035,0.4,0.1,0.5
170621.94616464,0.40152481831459325,0.10827562919905925,0.505638060171981,43.379999999999995,-0.18,1.0,0.31525620288703493,1.04,0.4,0.1,0.5
170621.946171008,0.4020484837652229,0.10399134685370194,0.5053318441923973,43.379999999999995,-0.18,1.0,0.4525894955290184,1.045,0.4,0.1,0.5
170621.946177568,0.40185959512475283,0.10358005257350851,0.5054036391030241,43.379999999999995,-0.18,1.0,0.010071108127071682,1.05,0.4,0.1,0.5
170621.946184576,0.4017789338474785,0.10530581972699488,0.5054725851460069,43.379999999999995,-0.18,1.0,0.43733024079102023,1.055,0.4,0.1,0.5
170621.946191008,0.4020980153426871,0.09428075728282323,0.5055746934693289,43.379999999999995,-0.18,1.0,0.29999694814903677,1.06,0.4,0.1,0.5
170621.946197248,0.4021427898321676,0.10420539054243916,0.5055892394045,43.379999999999995,-0.18,1.0,0.605182042909,1.065,0.4,0.1,0.5
170621.989665568,0.402247536926888,0.09799642476757266,0.5057206190936732,43.379999999999995,-0.18,1.0,0.07110812707906433,1.07,0.4,0.1,0.5
170621.989684576,0.4020509338857992,0.0929226017990209,0.5060396408592387,43.379999999999995,-0.18,1.0,0.5594042786950055,1.075,0.4,0.1,0.5
170621.989692576,0.40213061952028073,0.10684263875103818,0.5059574146869522,43.379999999999995,-0.18,1.0,0.3305154576250331,1.08,0.4,0.1,0.5
170621.98969968,0.4021826666816988,0.10633184678725993,0.5061869692646687,43.379999999999995,-0.18,1.0,0.46784875026701656,1.085,0.4,0.1,0.5
170621.989705696,0.40211059535902366,0.1129943745697106,0.506413008616749,43.379999999999995,-0.18,1.0,0.2084414197210478,1.09,0.4,0.1,0.5
170621.989712992,0.4022790658270964,0.11384520438762213,0.5065089623752465,43.379999999999995,-0.18,1.0,0.3305154576250331,1.095,0.4,0.1,0.5
170621.98972032,0.40243502579631313,0.10633409347599104,0.5066747486703603,43.379999999999995,-0.18,1.0,0.26947843867304044,1.1,0.4,0.1,0.5
170621.98972704,0.40247728950218886,0.11280964207206814,0.5066723538939222,43.379999999999995,-0.18,1.0,0.4831080050050147,1.105,0.4,0.1,0.5
170621.98973328,0.40258042964137253,0.12647634585354134,0.5065878569751484,43.379999999999995,-0.18,1.0,0.04058961760306801,1.11,0.4,0.1,0.5
170622.03068896,0.4021484154452458,0.13075529544090117,0.506811723338097,43.379999999999995,-0.18,1.0,0.42207098605302207,1.115,0.4,0.1,0.5
170622.03070336,0.4021860847847174,0.1217418016316808,0.5068232836743487,43.379999999999995,-0.18,1.0,0.10162663655506066,1.12,0.4,0.1,0.5
170622.0307112,0.4020338896935563,0.12820848049773886,0.5071273548788591,43.379999999999995,-0.18,1.0,0.605182042909,1.125,0.4,0.1,0.5
170622.030717536,0.4019659750298936,0.12508290876627035,0.50736796731817,43.379999999999995,-0.18,1.0,-0.020447401348924643,1.1300000000000001,0.4,0.1,0.5
170622.030724192,0.402063969118489,0.11447642532518205,0.5074390322747963,43.379999999999995,-0.18,1.0,0.43733024079102023,1.135,0.4,0.1,0.5
170622.030732192,0.402014957064716,0.10691077756327617,0.5075496506229145,43.379999999999995,-0.18,1.0,0.4831080050050147,1.1400000000000001,0.4,0.1,0.5
170622.030738432,0.40194827445937753,0.10444319020157738,0.5077285259732041,43.379999999999995,-0.18,1.0,0.46784875026701656,1.145,0.4,0.1,0.5
170622.030744864,0.4019809807152825,0.11129389591583712,0.5076894427513023,43.379999999999995,-0.18,1.0,0.29999694814903677,1.1500000000000001,0.4,0.1,0.5
170622.07471184,0.4021009289802916,0.10604863521172714,0.5075085273463682,43.379999999999995,-0.18,1.0,0.5594042786950055,1.155,0.4,0.1,0.5
170622.0747224,0.4022069603319774,0.10243281283146038,0.5074295665858367,43.379999999999995,-0.18,1.0,0.26947843867304044,1.16,0.4,0.1,0.5
170622.074730592,0.40267093343628235,0.10491027034448792,0.5071348980457705,43.379999999999995,-0.18,1.0,0.5288857692190092,1.165,0.4,0.1,0.5
170622.074737152,0.40260574966698576,0.10287278596480692,0.5072640739074951,43.379999999999995,-0.18,1.0,0.07110812707906433,1.17,0.4,0.1,0.5
170622.074743168,0.4024250667007404,0.09803081106940784,0.5074360402226213,43.379999999999995,-0.18,1.0,0.31525620288703493,1.175,0.4,0.1,0.5
170622.074750336,0.4025499229622104,0.09532529280864749,0.5072739336827516,43.379999999999995,-0.18,1.0,0.11688589129305882,1.18,0.4,0.1,0.5
170622.074756608,0.40248566599915203,0.1050770147458723,0.507376230740759,43.379999999999995,-0.18,1.0,0.5441450239570074,1.185,0.4,0.1,0.5
170622.074763552,0.4027495982674429,0.11038099142645613,0.5071176665880142,43.379999999999995,-0.18,1.0,0.3610339671010294,1.19,0.4,0.1,0.5
170622.074769664,0.4023959395909188,0.11456667971176124,0.5073180854331344,43.379999999999995,-0.18,1.0,0.43733024079102023,1.195,0.4,0.1,0.5
170622.116788256,0.4024222505056424,0.11121355687615994,0.5074218505390873,43.379999999999995,-0.18,1.0,0.07110812707906433,1.2,0.4,0.1,0.5
170622.116798272,0.4024446313763902,0.10935337025598829,0.5074505900654,43.379999999999995,-0.18,1.0,0.605182042909,1.205,0.4,0.1,0.5
170622.1168048,0.4020704992678242,0.10572534646741413,0.5075773538579835,43.379999999999995,-0.18,1.0,0.1626636555070533,1.21,0.4,0.1,0.5
170622.116810784,0.4021847490552827,0.10613772463244271,0.5074437224642316,43.379999999999995,-0.18,1.0,0.17792291024505147,1.215,0.4,0.1,0.5
170622.116817152,0.4023223691248252,0.11947242446216381,0.5073405140993648,43.379999999999995,-0.18,1.0,0.34577471236303126,1.22,0.4,0.1,0.5
170622.11682384,0.40190066523760554,0.11748870102616558,0.507566404144044,43.379999999999995,-0.18,1.0,0.34577471236303126,1.225,0.4,0.1,0.5
170622.11683088,0.4022205602888243,0.10797631911252088,0.5074548010957824,43.379999999999995,-0.18,1.0,0.17792291024505147,1.23,0.4,0.1,0.5
170622.116836992,0.402216935204291,0.10187441588964746,0.5075759508452811,43.379999999999995,-0.18,1.0,0.513626514481011,1.235,0.4,0.1,0.5
170622.16039424,0.40221920760459523,0.10929356401934748,0.5074701455022975,43.379999999999995,-0.18,1.0,0.3305154576250331,1.24,0.4,0.1,0.5
170622.16041472,0.402370157271404,0.11341343383876905,0.5073452924867639,43.379999999999995,-0.18,1.0,0.42207098605302207,1.245,0.4,0.1,0.5
170622.16042272,0.4029253107057819,0.1066343406904644,0.5069912501793454,43.379999999999995,-0.18,1.0,0.22370067445904596,1.25,0.4,0.1,0.5
170622.160429152,0.40295779869289944,0.11142365568330673,0.5070283830272552,43.379999999999995,-0.18,1.0,0.42207098605302207,1.2550000000000001,0.4,0.1,0.5
170622.160436512,0.40301328429143424,0.10109226883696484,0.5069550300530705,43.379999999999995,-0.18,1.0,0.22370067445904596,1.26,0.4,0.1,0.5
170622.160443968,0.4023688193683585,0.10030295870361794,0.507558689182167,43.379999999999995,-0.18,1.0,0.4068117313150239,1.2650000000000001,0.4,0.1,0.5
170622.16045088,0.4025736539617435,0.10042107495284577,0.5073238866513093,43.379999999999995,-0.18,1.0,0.3305154576250331,1.27,0.4,0.1,0.5
170622.160458048,0.4026168478675347,0.10599117848341316,0.5072086854756935,43.379999999999995,-0.18,1.0,0.42207098605302207,1.2750000000000001,0.4,0.1,0.5
170622.16046464,0.4024572388399623,0.10707142312720629,0.5073918063035351,43.379999999999995,-0.18,1.0,0.22370067445904596,1.28,0.4,0.1,0.5
170622.201323872,0.40221236567582686,0.10041401113367093,0.5075993071139465,43.379999999999995,-0.18,1.0,0.4831080050050147,1.285,0.4,0.1,0.5
170622.2013352,0.40230846084982075,0.10460294794929069,0.5075548133317888,43.379999999999995,-0.18,1.0,0.3305154576250331,1.29,0.4,0.1,0.5
170622.201342208,0.4024322097655552,0.10550394982658992,0.5074357501962262,43.379999999999995,-0.18,1.0,0.34577471236303126,1.295,0.4,0.1,0.5
170622.201349376,0.40250625351437136,0.10997658653901146,0.5074491568768005,43.379999999999995,-0.18,1.0,0.29999694814903677,1.3,0.4,0.1,0.5
170622.201355392,0.40239544666080357,0.11018907838497526,0.5074693937098884,43.379999999999995,-0.18,1.0,0.5746635334330037,1.305,0.4,0.1,0.5
170622.201362848,0.4023241308272879,0.10133174224556084,0.5076043604173052,43.379999999999995,-0.18,1.0,0.2084414197210478,1.31,0.4,0.1,0.5
170622.2013696,0.4025136473980506,0.09830786979710289,0.5074876916628464,43.379999999999995,-0.18,1.0,0.39155247657702574,1.315,0.4,0.1,0.5
170622.201375904,0.40245960759079363,0.09251748677125493,0.5074522466904863,43.379999999999995,-0.18,1.0,0.34577471236303126,1.32,0.4,0.1,0.5
170622.245373824,0.4024819915792897,0.09012107352121086,0.5073901450305859,43.379999999999995,-0.18,1.0,0.26947843867304044,1.325,0.4,0.1,0.5
170622.245383712,0.4027798018311478,0.08508485468968435,0.5072338939457517,43.379999999999995,-0.18,1.0,0.31525620288703493,1.33,0.4,0.1,0.5
170622.245390176,0.4023914944554079,0.08217041524388669,0.5075643266211278,43.379999999999995,-0.18,1.0,0.3610339671010294,1.335,0.4,0.1,0.5
170622.245396896,0.40237902387256774,0.09660280356862337,0.5075153727950391,43.379999999999995,-0.18,1.0,0.513626514481011,1.34,0.4,0.1,0.5
170622.245404896,0.4024763279241307,0.10136637527897405,0.5074252604165552,43.379999999999995,-0.18,1.0,0.26947843867304044,1.345,0.4,0.1,0.5
170622.245412288,0.40229636396018154,0.10358852183175811,0.5075986208984594,43.379999999999995,-0.18,1.0,0.17792291024505147,1.35,0.4,0.1,0.5
170622.245418688,0.4024249888509929,0.11088893973096711,0.5074532018843189,43.379999999999995,-0.18,1.0,0.4831080050050147,1.355,0.4,0.1,0.5
170622.245425632,0.40247061889767843,0.1214592234712459,0.5073139550116601,43.379999999999995,-0.18,1.0,0.46784875026701656,1.36,0.4,0.1,0.5
170622.245432704,0.40253171548493744,0.11511693678635676,0.5072666626117699,43.379999999999995,-0.18,1.0,0.11688589129305882,1.365,0.4,0.1,0.5
170622.28729344,0.40249685976309857,0.11079404780411717,0.5074004056746569,43.379999999999995,-0.18,1.0,0.23895992919704412,1.37,0.4,0.1,0.5
170622.287302464,0.4021283759554363,0.1136297990628097,0.5076960877368365,43.379999999999995,-0.18,1.0,0.3305154576250331,1.375,0.4,0.1,0.5
170622.28730944,0.4018943564974598,0.10182347491416448,0.507881289456813,43.379999999999995,-0.18,1.0,0.2084414197210478,1.3800000000000001,0.4,0.1,0.5
170622.287315328,0.40177152955057577,0.09877306898359824,0.5079538110906162,43.379999999999995,-0.18,1.0,0.22370067445904596,1.385,0.4,0.1,0.5
170622.287321376,0.40224469759391124,0.10304393476429526,0.5075877550298288,43.379999999999995,-0.18,1.0,0.11688589129305882,1.3900000000000001,0.4,0.1,0.5
170622.287327616,0.4023358878920311,0.10901777012078884,0.5075288835398926,43.379999999999995,-0.18,1.0,0.3610339671010294,1.395,0.4,0.1,0.5
170622.287334144,0.4022988698040168,0.10364995390720211,0.5075393748855765,43.379999999999995,-0.18,1.0,0.2847376934110386,1.4000000000000001,0.4,0.1,0.5
170622.287340672,0.40228865456755314,0.09907871675615848,0.5075944353946997,43.379999999999995,-0.18,1.0,0.42207098605302207,1.405,0.4,0.1,0.5
170622.330389888,0.4021272581815705,0.1023636749651415,0.5077772914079636,43.379999999999995,-0.18,1.0,0.4068117313150239,1.41,0.4,0.1,0.5
170622.330399968,0.40186057167298456,0.10116350698682403,0.5079466029185432,43.379999999999995,-0.18,1.0,0.07110812707906433,1.415,0.4,0.1,0.5
170622.330407232,0.40193571185056937,0.103760791506649,0.5078474998054862,43.379999999999995,-0.18,1.0,0.5441450239570074,1.42,0.4,0.1,0.5
170622.330413504,0.40234847259080436,0.11641963218345082,0.5074085648987506,43.379999999999995,-0.18,1.0,0.17792291024505147,1.425,0.4,0.1,0.5
170622.330419488,0.4019545934321902,0.11103587002467515,0.5077312494680808,43.379999999999995,-0.18,1.0,0.29999694814903677,1.43,0.4,0.1,0.5
170622.330425472,0.4023175606032131,0.11661606475665005,0.5074507779597249,43.379999999999995,-0.18,1.0,0.07110812707906433,1.435,0.4,0.1,0.5
170622.330432416,0.4025248622012235,0.1090332139225709,0.50734852486813,43.379999999999995,-0.18,1.0,0.4068117313150239,1.44,0.4,0.1,0.5
170622.330438848,0.40260923726643555,0.11471628026372918,0.5073365645812831,43.379999999999995,-0.18,1.0,0.22370067445904596,1.445,0.4,0.1,0.5
170622.330445056,0.4026084174840681,0.10255451528309269,0.5073617655567582,43.379999999999995,-0.18,1.0,0.22370067445904596,1.45,0.4,0.1,0.5
170622.37252512,0.40269056761592337,0.11971255756428617,0.5071936460535074,43.379999999999995,-0.18,1.0,0.22370067445904596,1.455,0.4,0.1,0.5
170622.372535616,0.40279678771166444,0.10393529702021562,0.507258958726674,43.379999999999995,-0.18,1.0,0.3610339671010294,1.46,0.4,0.1,0.5
170622.372541568,0.4024713897087749,0.10469486747832224,0.5073534221460457,43.379999999999995,-0.18,1.0,0.23895992919704412,1.465,0.4,0.1,0.5
170622.372547776,0.4026146858241404,0.10190478032364247,0.5073301596739703,43.379999999999995,-0.18,1.0,0.4068117313150239,1.47,0.4,0.1,0.5
170622.372553536,0.40262979941974736,0.10512429871759056,0.5072860842036018,43.379999999999995,-0.18,1.0,0.3305154576250331,1.475,0.4,0.1,0.5
170622.37255968,0.40223412775929024,0.1019584123983233,0.507671320935026,43.379999999999995,-0.18,1.0,0.5288857692190092,1.48,0.4,0.1,0.5
170622.372565984,0.40235044029681716,0.10758535266821784,0.5075826909403005,43.379999999999995,-0.18,1.0,0.2847376934110386,1.485,0.4,0.1,0.5
170622.372572384,0.40225084338881356,0.11115852420581171,0.5076633074123591,43.379999999999995,-0.18,1.0,0.43733024079102023,1.49,0.4,0.1,0.5
170622.415533856,0.40235928376105057,0.09961995617030182,0.5076223405777065,43.379999999999995,-0.18,1.0,0.34577471236303126,1.495,0.4,0.1,0.5
170622.415544384,0.40280739215820827,0.09683420987096543,0.5072943787467039,43.379999999999995,-0.18,1.0,0.5746635334330037,1.5,0.4,0.1,0.5
170622.415550688,0.4030079930305356,0.0832978668620444,0.5074099394438653,43.379999999999995,-0.18,1.0,0.07110812707906433,1.5050000000000001,0.4,0.1,0.5
170622.415556992,0.4028298806978777,0.09031599044575883,0.5075948613490625,43.379999999999995,-0.18,1.0,0.29999694814903677,1.51,0.4,0.1,0.5
170622.41556288,0.4028692176296745,0.10291161459581973,0.5074821939505992,43.379999999999995,-0.18,1.0,0.17792291024505147,1.5150000000000001,0.4,0.1,0.5
170622.415568736,0.40258365560083936,0.09848400724543284,0.5077278212637678,43.379999999999995,-0.18,1.0,0.29999694814903677,1.52,0.4,0.1,0.5
170622.4155768,0.4027579530212713,0.09958106554065363,0.5075105314951297,43.379999999999995,-0.18,1.0,0.4983672597430129,1.5250000000000001,0.4,0.1,0.5
170622.41558336,0.4024521334039483,0.09303323316617913,0.5075960222407434,43.379999999999995,-0.18,1.0,0.5441450239570074,1.53,0.4,0.1,0.5
170622.415589888,0.4023751091992829,0.10657975415687183,0.5074110396371841,43.379999999999995,-0.18,1.0,0.34577471236303126,1.5350000000000001,0.4,0.1,0.5
170622.459567136,0.4021047523025588,0.10940236834450924,0.5074974794460766,43.379999999999995,-0.18,1.0,0.39155247657702574,1.54,0.4,0.1,0.5
170622.459579104,0.40134287072594216,0.10008253109588952,0.5076120455663038,43.379999999999995,-0.18,1.0,0.17792291024505147,1.545,0.4,0.1,0.5
170622.459585504,0.4007612297128051,0.09270939971594779,0.5075273404486679,43.379999999999995,-0.18,1.0,0.17792291024505147,1.55,0.4,0.1,0.5
170622.459591488,0.40008730072739507,0.10201025986974069,0.5074749531614942,43.379999999999995,-0.18,1.0,-0.020447401348924643,1.555,0.4,0.1,0.5
170622.459597376,0.399276254619496,0.1068909993630873,0.5076749189831354,43.379999999999995,-0.18,1.0,0.4983672597430129,1.56,0.4,0.1,0.5
170622.45960416,0.39888821420594667,0.10431586071752584,0.5075350551220281,43.379999999999995,-0.18,1.0,0.29999694814903677,1.565,0.4,0.1,0.5
170622.459610496,0.39856557837578005,0.11378804184158983,0.5073157531437833,43.379999999999995,-0.18,1.0,0.4068117313150239,1.57,0.4,0.1,0.5
170622.459616736,0.397947118582335,0.10186045187229929,0.5075303170907799,43.379999999999995,-0.18,1.0,0.11688589129305882,1.575,0.4,0.1,0.5
170622.45962288,0.3981681268407695,0.11196604215319582,0.507301910735132,43.379999999999995,-0.18,1.0,0.6204412976469982,1.58,0.4,0.1,0.5
170622.50166272,0.3981581845896467,0.10476006223171196,0.507441637747786,43.379999999999995,-0.18,1.0,0.2084414197210478,1.585,0.4,0.1,0.5
170622.50167248,0.39824463075502053,0.09944575756542927,0.5074242405218301,43.379999999999995,-0.18,1.0,0.4831080050050147,1.59,0.4,0.1,0.5
170622.501678816,0.3985675901669415,0.10827404044264288,0.5073572054951383,43.379999999999995,-0.18,1.0,0.14740440076905514,1.595,0.4,0.1,0.5
170622.501684512,0.3989448441999979,0.09882219907728404,0.5071814712818272,43.379999999999995,-0.18,1.0,0.34577471236303126,1.6,0.4,0.1,0.5
170622.501690528,0.39843199993712075,0.09783854131462072,0.5077401901602867,43.379999999999995,-0.18,1.0,0.34577471236303126,1.605,0.4,0.1,0.5
170622.501697568,0.398978858476575,0.09491277875935972,0.5074571407561518,43.379999999999995,-0.18,1.0,0.5594042786950055,1.61,0.4,0.1,0.5
170622.501703648,0.398678612478696,0.1125140439676892,0.5075252227993652,43.379999999999995,-0.18,1.0,0.19318216498304963,1.615,0.4,0.1,0.5
170622.501709888,0.398903125389244,0.10331794165743662,0.5074761296952236,43.379999999999995,-0.18,1.0,0.5441450239570074,1.62,0.4,0.1,0.5
170622.545046272,0.39948665019528906,0.1109967114608553,0.5070941956719947,43.379999999999995,-0.18,1.0,0.0863673818170625,1.625,0.4,0.1,0.5
170622.545057664,0.39932979969917093,0.11652838392431727,0.5073202757760675,43.379999999999995,-0.18,1.0,0.513626514481011,1.6300000000000001,0.4,0.1,0.5
170622.545064288,0.39914296201837574,0.10207458175880749,0.5077079899488056,43.379999999999995,-0.18,1.0,0.1626636555070533,1.635,0.4,0.1,0.5
170622.545070784,0.3998653269006307,0.1140234104044203,0.5072755043977553,43.379999999999995,-0.18,1.0,0.43733024079102023,1.6400000000000001,0.4,0.1,0.5
170622.545077504,0.3994607403936234,0.09781076846642178,0.507713950584323,43.379999999999995,-0.18,1.0,0.31525620288703493,1.645,0.4,0.1,0.5
170622.545084288,0.39953955286481424,0.1130949249632502,0.5077064609964035,43.379999999999995,-0.18,1.0,0.2847376934110386,1.6500000000000001,0.4,0.1,0.5
170622.54509072,0.40009015514342716,0.11277908170076163,0.5073851060376129,43.379999999999995,-0.18,1.0,0.26947843867304044,1.655,0.4,0.1,0.5
170622.545097216,0.4004635140241894,0.10010790962296728,0.5072571544704246,43.379999999999995,-0.18,1.0,0.5899227881710019,1.6600000000000001,0.4,0.1,0.5
170622.545103424,0.40016165823482275,0.11858821036719464,0.5073916378872824,43.379999999999995,-0.18,1.0,0.07110812707906433,1.665,0.4,0.1,0.5
170622.586631712,0.4005096399649523,0.11341317786845795,0.5072764393318389,43.379999999999995,-0.18,1.0,0.43733024079102023,1.67,0.4,0.1,0.5
170622.58665088,0.4003471084354466,0.12343187547657442,0.5075243830209929,43.379999999999995,-0.18,1.0,-0.020447401348924643,1.675,0.4,0.1,0.5
170622.586659104,0.4006660198326229,0.121214891333243,0.5073539900875721,43.379999999999995,-0.18,1.0,0.43733024079102023,1.68,0.4,0.1,0.5
170622.586665856,0.4003558330453196,0.1077451173844226,0.5078188896115714,43.379999999999995,-0.18,1.0,0.4068117313150239,1.685,0.4,0.1,0.5
170622.58667216,0.4009865369340652,0.11598753346281092,0.5072078655123993,43.379999999999995,-0.18,1.0,0.43733024079102023,1.69,0.4,0.1,0.5
170622.58667968,0.40113504162856606,0.10472201083148266,0.5073415914492555,43.379999999999995,-0.18,1.0,0.31525620288703493,1.695,0.4,0.1,0.5
170622.586686496,0.4015479045952004,0.10781666684051433,0.5071376197022833,43.379999999999995,-0.18,1.0,0.4525894955290184,1.7,0.4,0.1,0.5
170622.586693216,0.4009532221264346,0.09593558579571546,0.5077348741090587,43.379999999999995,-0.18,1.0,0.17792291024505147,1.705,0.4,0.1,0.5
170622.630119168,0.40123888636824767,0.09947036266425766,0.507623620504879,43.379999999999995,-0.18,1.0,0.34577471236303126,1.71,0.4,0.1,0.5
170622.630137408,0.40121703966581174,0.0910031291253584,0.5076634708143559,43.379999999999995,-0.18,1.0,0.2542191839350423,1.715,0.4,0.1,0.5
170622.630145792,0.40117288692686154,0.0938000850605966,0.5076273581746046,43.379999999999995,-0.18,1.0,0.43733024079102023,1.72,0.4,0.1,0.5
170622.630153376,0.4013386011192133,0.10724779516453305,0.507515136167409,43.379999999999995,-0.18,1.0,0.23895992919704412,1.725,0.4,0.1,0.5
170622.630160224,0.40141159865557513,0.0971215552940222,0.5075483910537812,43.379999999999995,-0.18,1.0,0.10162663655506066,1.73,0.4,0.1,0.5
170622.63016768,0.4012676496855039,0.11305698739736564,0.5077166574505598,43.379999999999995,-0.18,1.0,0.10162663655506066,1.735,0.4,0.1,0.5
170622.630174368,0.4019111749089737,0.10770260191165376,0.5072647467422366,43.379999999999995,-0.18,1.0,0.4983672597430129,1.74,0.4,0.1,0.5
170622.63018144,0.4016673298215406,0.1161943439955429,0.5074755118984156,43.379999999999995,-0.18,1.0,0.17792291024505147,1.745,0.4,0.1,0.5
170622.630188,0.4017172853376566,0.12170944838582436,0.5074697014096402,43.379999999999995,-0.18,1.0,0.010071108127071682,1.75,0.4,0.1,0.5
170622.671525504,0.40208182339702275,0.09895299511444675,0.5072486802682241,43.379999999999995,-0.18,1.0,0.31525620288703493,1.7550000000000001,0.4,0.1,0.5
170622.671538944,0.40200213334086715,0.09655983234984719,0.5074868185926072,43.379999999999995,-0.18,1.0,0.5899227881710019,1.76,0.4,0.1,0.5
170622.671548832,0.40237430763539145,0.11297668954898003,0.5072882694367108,43.379999999999995,-0.18,1.0,-0.020447401348924643,1.7650000000000001,0.4,0.1,0.5
170622.671555808,0.40264490827876187,0.11881237547006758,0.507088588495998,43.379999999999995,-0.18,1.0,0.17792291024505147,1.77,0.4,0.1,0.5
170622.671561952,0.40287952968975177,0.1155080294793173,0.5069617972480962,43.379999999999995,-0.18,1.0,-0.005188146610926481,1.7750000000000001,0.4,0.1,0.5
170622.671569568,0.4028132981918453,0.11155622821542228,0.5069901052609592,43.379999999999995,-0.18,1.0,0.26947843867304044,1.78,0.4,0.1,0.5
170622.671576416,0.4022433929267343,0.09197391167934713,0.5074568803705681,43.379999999999995,-0.18,1.0,0.23895992919704412,1.7850000000000001,0.4,0.1,0.5
170622.67158304,0.4019678951412498,0.10906628335669079,0.5077041562356633,43.379999999999995,-0.18,1.0,0.43733024079102023,1.79,0.4,0.1,0.5
170622.715849792,0.4019377896220254,0.11545841554570244,0.5076970946584509,43.379999999999995,-0.18,1.0,0.4068117313150239,1.795,0.4,0.1,0.5
170622.715859392,0.4022332378100601,0.11554219170146277,0.5075030715091609,43.379999999999995,-0.18,1.0,0.4068117313150239,1.8,0.4,0.1,0.5
170622.715908384,0.4020520663456144,0.09930169974736983,0.5076946034297808,43.379999999999995,-0.18,1.0,0.3762932218390276,1.805,0.4,0.1,0.5
170622.715917248,0.40182224406619377,0.10379737443546477,0.507862397912196,43.379999999999995,-0.18,1.0,0.23895992919704412,1.81,0.4,0.1,0.5
170622.715924576,0.40203283441321924,0.09503660285327425,0.5078236397391809,43.379999999999995,-0.18,1.0,0.2847376934110386,1.815,0.4,0.1,0.5
170622.71593216,0.40228077137432017,0.07961869944755996,0.5077046941281331,43.379999999999995,-0.18,1.0,0.46784875026701656,1.82,0.4,0.1,0.5
170622.71593888,0.40280839534271184,0.08342337481106257,0.5072838574825917,43.379999999999995,-0.18,1.0,0.4983672597430129,1.825,0.4,0.1,0.5
170622.715945472,0.40301519189529184,0.09948092090396145,0.507018088753179,43.379999999999995,-0.18,1.0,0.46784875026701656,1.83,0.4,0.1,0.5
170622.715952,0.40258250110415883,0.11143208774247687,0.5072913484634981,43.379999999999995,-0.18,1.0,0.31525620288703493,1.835,0.4,0.1,0.5
170622.756990656,0.4023087018576581,0.11879052770779759,0.5074771165826116,43.379999999999995,-0.18,1.0,0.4983672597430129,1.84,0.4,0.1,0.5
170622.757003904,0.40204168616439634,0.1004963241567832,0.5076260247950554,43.379999999999995,-0.18,1.0,0.3610339671010294,1.845,0.4,0.1,0.5
170622.757010656,0.4013894887993941,0.08808206766097061,0.5077197284703768,43.379999999999995,-0.18,1.0,0.26947843867304044,1.85,0.4,0.1,0.5
170622.757016768,0.40115729339869066,0.08859250781951834,0.5074174795188263,43.379999999999995,-0.18,1.0,0.17792291024505147,1.855,0.4,0.1,0.5
170622.757023584,0.401131489155402,0.09673267079503449,0.5070482440141691,43.379999999999995,-0.18,1.0,0.3762932218390276,1.86,0.4,0.1,0.5
170622.75703072,0.40068463940974175,0.09899832807223304,0.5069701247217914,43.379999999999995,-0.18,1.0,0.4525894955290184,1.865,0.4,0.1,0.5
170622.757037408,0.4001693210816366,0.10263647206738792,0.5071705642544446,43.379999999999995,-0.18,1.0,0.3305154576250331,1.87,0.4,0.1,0.5
170622.757043616,0.39977952247629855,0.11862615044356373,0.507098735020803,43.379999999999995,-0.18,1.0,0.29999694814903677,1.875,0.4,0.1,0.5
170622.801347488,0.39917635383797956,0.12495340620257533,0.507373224016066,43.379999999999995,-0.18,1.0,0.4068117313150239,1.8800000000000001,0.4,0.1,0.5
170622.801361984,0.39916640830837713,0.13682003500965553,0.5072887044959462,43.379999999999995,-0.18,1.0,0.42207098605302207,1.885,0.4,0.1,0.5
170622.801369344,0.39875521619640064,0.12143658171782357,0.5075731909246902,43.379999999999995,-0.18,1.0,0.29999694814903677,1.8900000000000001,0.4,0.1,0.5
170622.801399648,0.3989145995433291,0.11966645426096738,0.5076177780118213,43.379999999999995,-0.18,1.0,0.2847376934110386,1.895,0.4,0.1,0.5
170622.801406496,0.3987648022584972,0.11126634857448338,0.5078755578538046,43.379999999999995,-0.18,1.0,0.22370067445904596,1.9000000000000001,0.4,0.1,0.5
170622.801412896,0.3988495616010472,0.10938952155778955,0.5079328395823075,43.379999999999995,-0.18,1.0,0.5288857692190092,1.905,0.4,0.1,0.5
170622.80142016,0.39928694596379677,0.09901602082166588,0.5078259781192633,43.379999999999995,-0.18,1.0,0.5441450239570074,1.9100000000000001,0.4,0.1,0.5
170622.801426976,0.39973752181399247,0.08896406704651233,0.5075686699070489,43.379999999999995,-0.18,1.0,0.5288857692190092,1.915,0.4,0.1,0.5
170622.801433056,0.39997168516463283,0.11110278312129027,0.5074371412340304,43.379999999999995,-0.18,1.0,0.605182042909,1.92,0.4,0.1,0.5
170622.844476,0.40048096217162493,0.11004538614075622,0.5071197496870776,43.379999999999995,-0.18,1.0,0.42207098605302207,1.925,0.4,0.1,0.5
170622.84448592,0.4001865200463474,0.11578801100008893,0.507384172655676,43.379999999999995,-0.18,1.0,0.46784875026701656,1.93,0.4,0.1,0.5
170622.844492416,0.40029831579411496,0.11602731410932357,0.5073794792294652,43.379999999999995,-0.18,1.0,0.1626636555070533,1.935,0.4,0.1,0.5
170622.844498816,0.40049374380464725,0.11741210831533613,0.5073725618687097,43.379999999999995,-0.18,1.0,0.34577471236303126,1.94,0.4,0.1,0.5
170622.844505408,0.4006936623396174,0.12080767274149415,0.5074565834102516,43.379999999999995,-0.18,1.0,0.31525620288703493,1.945,0.4,0.1,0.5
170622.844522752,0.400632258058874,0.11583738234996642,0.5076903101172463,43.379999999999995,-0.18,1.0,0.1626636555070533,1.95,0.4,0.1,0.5
170622.844530304,0.4005833182414878,0.11763902530658446,0.5078580934434906,43.379999999999995,-0.18,1.0,0.34577471236303126,1.955,0.4,0.1,0.5
170622.84454288,0.40110721831603835,0.10529393248091044,0.507771257452667,43.379999999999995,-0.18,1.0,0.23895992919704412,1.96,0.4,0.1,0.5
170622.844549408,0.4010989363725826,0.11190635616581071,0.507934401664173,43.379999999999995,-0.18,1.0,0.43733024079102023,1.965,0.4,0.1,0.5
170622.88562544,0.4012393094951207,0.105454605844195,0.5079069871855509,43.379999999999995,-0.18,1.0,0.46784875026701656,1.97,0.4,0.1,0.5
170622.885638368,0.4014009438043238,0.10977838678686566,0.5077837471454921,43.379999999999995,-0.18,1.0,0.5441450239570074,1.975,0.4,0.1,0.5
170622.885645792,0.4010160976269101,0.09979754467984887,0.508230342943314,43.379999999999995,-0.18,1.0,0.26947843867304044,1.98,0.4,0.1,0.5
170622.885651936,0.401248187708546,0.104233752444878,0.507995303028933,43.379999999999995,-0.18,1.0,0.4525894955290184,1.985,0.4,0.1,0.5
170622.885658144,0.40146936037814723,0.09163721848392269,0.5080104138124385,43.379999999999995,-0.18,1.0,0.17792291024505147,1.99,0.4,0.1,0.5
170622.88566544,0.4012840887140043,0.09933863855582262,0.5083037667984186,43.379999999999995,-0.18,1.0,0.4068117313150239,1.995,0.4,0.1,0.5
170622.885672032,0.4015076659503844,0.09418823303423209,0.5081351708155006,43.379999999999995,-0.18,1.0,0.05584887234106617,2.0,0.4,0.1,0.5
170622.885701792,0.40117028698214596,0.09539989222507035,0.5084615588325274,43.379999999999995,-0.18,1.0,0.3762932218390276,2.005,0.4,0.1,0.5
170622.930285216,0.40146555185460303,0.09255008119112287,0.5081967488578982,43.379999999999995,-0.18,1.0,0.4831080050050147,2.0100000000000002,0.4,0.1,0.5
170622.93029888,0.4014978765327037,0.10646722531815263,0.5081411792750022,43.379999999999995,-0.18,1.0,0.4068117313150239,2.015,0.4,0.1,0.5
170622.930325088,0.40186245711098845,0.11552995482193142,0.5080607052357493,43.379999999999995,-0.18,1.0,0.11688589129305882,2.02,0.4,0.1,0.5
170622.930338368,0.40216827679575956,0.10600941127683831,0.5079340829067118,43.379999999999995,-0.18,1.0,0.3610339671010294,2.025,0.4,0.1,0.5
170622.93034528,0.4023330318364803,0.12284096576975849,0.5077787654226159,43.379999999999995,-0.18,1.0,0.4983672597430129,2.0300000000000002,0.4,0.1,0.5
170622.930352192,0.40257529087900196,0.10385177013874519,0.5077711922950201,43.379999999999995,-0.18,1.0,0.5746635334330037,2.035,0.4,0.1,0.5
170622.930358432,0.40225419022521386,0.10620252069542346,0.5080384915806033,43.379999999999995,-0.18,1.0,0.23895992919704412,2.04,0.4,0.1,0.5
170622.93036528,0.4019542056810112,0.10461276801470237,0.5083053496441859,43.379999999999995,-0.18,1.0,0.29999694814903677,2.045,0.4,0.1,0.5
170622.930371712,0.40202675194093196,0.09820202882004296,0.5082537535611651,43.379999999999995,-0.18,1.0,0.2542191839350423,2.05,0.4,0.1,0.5
170622.971389504,0.4022723929070478,0.10295956879802041,0.5080597577348512,43.379999999999995,-0.18,1.0,0.34577471236303126,2.055,0.4,0.1,0.5
170622.971401728,0.40209730990635384,0.10384849120787039,0.5082165375774949,43.379999999999995,-0.18,1.0,0.11688589129305882,2.06,0.4,0.1,0.5
170622.971408992,0.40180665365261375,0.10750242936342913,0.508189681082906,43.379999999999995,-0.18,1.0,0.43733024079102023,2.065,0.4,0.1,0.5
170622.971415104,0.40134360584620743,0.10883640366746486,0.5081866952987132,43.379999999999995,-0.18,1.0,0.1626636555070533,2.07,0.4,0.1,0.5
170622.971421376,0.4011021023449517,0.09973731972070896,0.5079605624302259,43.379999999999995,-0.18,1.0,0.43733024079102023,2.075,0.4,0.1,0.5
170622.971428896,0.4005589315871071,0.10283275928740167,0.5079690396721184,43.379999999999995,-0.18,1.0,0.4983672597430129,2.08,0.4,0.1,0.5
170622.971435712,0.3998574327917184,0.0959537721398975,0.5081143099941605,43.379999999999995,-0.18,1.0,0.34577471236303126,2.085,0.4,0.1,0.5
170622.971442048,0.3995258549953922,0.0970813212519019,0.5080822175015486,43.379999999999995,-0.18,1.0,0.2084414197210478,2.09,0.4,0.1,0.5
170623.01561456,0.39916946407002407,0.09883828270004051,0.5080845851474179,43.379999999999995,-0.18,1.0,0.3610339671010294,2.095,0.4,0.1,0.5
170623.015627392,0.39892915795690664,0.10461338629143765,0.5080211146008105,43.379999999999995,-0.18,1.0,0.07110812707906433,2.1,0.4,0.1,0.5
170623.015634208,0.3986918358506678,0.10486020893358643,0.5080847368329736,43.379999999999995,-0.18,1.0,0.5441450239570074,2.105,0.4,0.1,0.5
170623.015640512,0.3988667909230909,0.09077335078595014,0.5077385829348355,43.379999999999995,-0.18,1.0,0.19318216498304963,2.11,0.4,0.1,0.5
170623.015646848,0.39902506474233485,0.09323107779957435,0.5073986620263449,43.379999999999995,-0.18,1.0,0.3305154576250331,2.115,0.4,0.1,0.5
170623.015653952,0.39907073186402087,0.08162769229189343,0.5073664867013733,43.379999999999995,-0.18,1.0,0.2084414197210478,2.12,0.4,0.1,0.5
170623.015660928,0.39916961776213633,0.08616464943127322,0.507168575020816,43.379999999999995,-0.18,1.0,0.5899227881710019,2.125,0.4,0.1,0.5
170623.015668064,0.3991536024811239,0.09591286118756218,0.5071287701519532,43.379999999999995,-0.18,1.0,0.2084414197210478,2.13,0.4,0.1,0.5
170623.015674272,0.3991819672066324,0.0992069195955816,0.5069758840799405,43.379999999999995,-0.18,1.0,0.26947843867304044,2.1350000000000002,0.4,0.1,0.5
170623.056672448,0.398988256074275,0.10485676995834281,0.5070445589880326,43.379999999999995,-0.18,1.0,0.34577471236303126,2.14,0.4,0.1,0.5
170623.056683232,0.39947928175649666,0.10505489962143505,0.5066558901246513,43.379999999999995,-0.18,1.0,0.5441450239570074,2.145,0.4,0.1,0.5
170623.056690176,0.39972452628779953,0.10658202764022862,0.506375646499584,43.379999999999995,-0.18,1.0,0.26947843867304044,2.15,0.4,0.1,0.5
170623.0566968,0.3999347830968834,0.09899711271194792,0.5061777860658266,43.379999999999995,-0.18,1.0,0.4831080050050147,2.1550000000000002,0.4,0.1,0.5
170623.056720352,0.39988678425405066,0.10864648548018757,0.5060695424187147,43.379999999999995,-0.18,1.0,0.025330362865069844,2.16,0.4,0.1,0.5
170623.05673328,0.4000788804261052,0.10928970784451612,0.5056814664124678,43.379999999999995,-0.18,1.0,0.39155247657702574,2.165,0.4,0.1,0.5
170623.056740064,0.3999595618822229,0.11696298333888501,0.5055741031532304,43.379999999999995,-0.18,1.0,0.19318216498304963,2.17,0.4,0.1,0.5
170623.056746272,0.40039046583780585,0.10776443997208404,0.5053488001887739,43.379999999999995,-0.18,1.0,0.3610339671010294,2.1750000000000003,0.4,0.1,0.5
170623.101021568,0.40072858520085664,0.11108069471485794,0.5050953746769621,43.379999999999995,-0.18,1.0,0.23895992919704412,2.18,0.4,0.1,0.5
170623.101031008,0.40067193312763577,0.11359415610969742,0.5050479229643609,43.379999999999995,-0.18,1.0,0.29999694814903677,2.185,0.4,0.1,0.5
170623.101037152,0.4005596536238313,0.11528305800881679,0.5051792487331513,43.379999999999995,-0.18,1.0,0.10162663655506066,2.19,0.4,0.1,0.5
170623.1010432,0.4008937794328368,0.10358221992029969,0.5052065770790216,43.379999999999995,-0.18,1.0,0.31525620288703493,2.195,0.4,0.1,0.5
170623.101049344,0.40119077982632917,0.10926931837183307,0.5051142605668496,43.379999999999995,-0.18,1.0,0.2542191839350423,2.2,0.4,0.1,0.5
170623.10105632,0.4010684299806012,0.11207143597531079,0.5055161391654615,43.379999999999995,-0.18,1.0,0.31525620288703493,2.205,0.4,0.1,0.5
170623.101063136,0.4013648792591024,0.1148772463319697,0.505636804241864,43.379999999999995,-0.18,1.0,0.34577471236303126,2.21,0.4,0.1,0.5
170623.101069472,0.40140172194562596,0.1026390566139155,0.5059521908682704,43.379999999999995,-0.18,1.0,0.4525894955290184,2.215,0.4,0.1,0.5
170623.10107584,0.40102772154529676,0.10563998852212815,0.5065462255742446,43.379999999999995,-0.18,1.0,0.3610339671010294,2.22,0.4,0.1,0.5
170623.142109728,0.40129758745165905,0.1130879045228617,0.5066351406868439,43.379999999999995,-0.18,1.0,0.2542191839350423,2.225,0.4,0.1,0.5
170623.142134528,0.40167271253640413,0.10072591126729438,0.5067942468512078,43.379999999999995,-0.18,1.0,0.43733024079102023,2.23,0.4,0.1,0.5
170623.14214192,0.40197206294685295,0.10286183345927949,0.5069176913007234,43.379999999999995,-0.18,1.0,0.34577471236303126,2.235,0.4,0.1,0.5
170623.142147968,0.40171979334969155,0.11370836499582004,0.5074527418249303,43.379999999999995,-0.18,1.0,0.2084414197210478,2.24,0.4,0.1,0.5
170623.142154176,0.4017876105147364,0.10980854418196938,0.5076718371339608,43.379999999999995,-0.18,1.0,0.34577471236303126,2.245,0.4,0.1,0.5
170623.142161216,0.4017507942434457,0.10986741766021249,0.5079254698861727,43.379999999999995,-0.18,1.0,0.19318216498304963,2.25,0.4,0.1,0.5
170623.142167808,0.4020200066283143,0.10721520792318735,0.5080925559811913,43.379999999999995,-0.18,1.0,0.5288857692190092,2.255,0.4,0.1,0.5
170623.142174176,0.40219175652714934,0.10722367199569956,0.5082669159973804,43.379999999999995,-0.18,1.0,0.11688589129305882,2.2600000000000002,0.4,0.1,0.5
170623.185581184,0.4020913656661888,0.09926502893510421,0.5083397291856049,43.379999999999995,-0.18,1.0,0.4831080050050147,2.265,0.4,0.1,0.5
170623.185602368,0.4019425193821273,0.11264329248232359,0.5083839942151138,43.379999999999995,-0.18,1.0,0.29999694814903677,2.27,0.4,0.1,0.5
170623.185610208,0.40230556787290644,0.10970972534159469,0.5080604199093403,43.379999999999995,-0.18,1.0,0.513626514481011,2.275,0.4,0.1,0.5
170623.185616768,0.4026445667096718,0.12116452359561662,0.507571751272369,43.379999999999995,-0.18,1.0,0.1626636555070533,2.2800000000000002,0.4,0.1,0.5
170623.185651136,0.40257359890942856,0.11775241605398261,0.5074381542978254,43.379999999999995,-0.18,1.0,0.23895992919704412,2.285,0.4,0.1,0.5
170623.185658496,0.40267198977297486,0.09882045308421135,0.5072955340540256,43.379999999999995,-0.18,1.0,0.3610339671010294,2.29,0.4,0.1,0.5
170623.185665728,0.40232683226902927,0.09840698418406787,0.5072539693691825,43.379999999999995,-0.18,1.0,0.3610339671010294,2.295,0.4,0.1,0.5
170623.185672192,0.402089820653991,0.09428856508856133,0.5069627665470694,43.379999999999995,-0.18,1.0,-0.020447401348924643,2.3000000000000003,0.4,0.1,0.5
170623.185684704,0.4020961436443083,0.09285687664124186,0.5066286487517998,43.379999999999995,-0.18,1.0,0.39155247657702574,2.305,0.4,0.1,0.5
170623.22986352,0.4013679900422348,0.0969575695089203,0.5066329692010598,43.379999999999995,-0.18,1.0,0.29999694814903677,2.31,0.4,0.1,0.5
170623.229874496,0.401008894230377,0.08934769624962725,0.5061911655444334,43.379999999999995,-0.18,1.0,0.11688589129305882,2.315,0.4,0.1,0.5
170623.229881056,0.4001660936646577,0.09988864946741177,0.5063000898899567,43.379999999999995,-0.18,1.0,0.1626636555070533,2.32,0.4,0.1,0.5
170623.22988752,0.39974814117943197,0.101991437731956,0.5061184691144304,43.379999999999995,-0.18,1.0,0.5746635334330037,2.325,0.4,0.1,0.5
170623.229893728,0.39936487403464443,0.10759137606072729,0.5058066903381073,43.379999999999995,-0.18,1.0,0.34577471236303126,2.33,0.4,0.1,0.5
170623.229901056,0.3989520325402525,0.09489709637070194,0.5057791465161627,43.379999999999995,-0.18,1.0,0.22370067445904596,2.335,0.4,0.1,0.5
170623.229907712,0.3987155377714782,0.09898242657693128,0.505602290716029,43.379999999999995,-0.18,1.0,0.31525620288703493,2.34,0.4,0.1,0.5
170623.229914304,0.3984406632229393,0.09906581114491497,0.5056586985462111,43.379999999999995,-0.18,1.0,0.5288857692190092,2.345,0.4,0.1,0.5
170623.229920512,0.39819543757534,0.103900220717672,0.5057657486803022,43.379999999999995,-0.18,1.0,0.19318216498304963,2.35,0.4,0.1,0.5
170623.271134368,0.3986163681002493,0.09812098745114967,0.5052947845611451,43.379999999999995,-0.18,1.0,0.46784875026701656,2.355,0.4,0.1,0.5
170623.271160672,0.39891239490739305,0.10638141056315568,0.5049781469476204,43.379999999999995,-0.18,1.0,0.0863673818170625,2.36,0.4,0.1,0.5
170623.271169216,0.3992465519887859,0.10868983689375558,0.5048312235172701,43.379999999999995,-0.18,1.0,0.31525620288703493,2.365,0.4,0.1,0.5
170623.27117632,0.3994448968775469,0.10635814830431624,0.5049041937128153,43.379999999999995,-0.18,1.0,0.43733024079102023,2.37,0.4,0.1,0.5
170623.271189152,0.3997161406015416,0.1047173526317921,0.5049572080287897,43.379999999999995,-0.18,1.0,0.3610339671010294,2.375,0.4,0.1,0.5
170623.271197216,0.3996258586860339,0.10362305651376708,0.5051692575616383,43.379999999999995,-0.18,1.0,0.4525894955290184,2.38,0.4,0.1,0.5
170623.27120368,0.3996592557809435,0.10833786386985575,0.5053955853788488,43.379999999999995,-0.18,1.0,0.0863673818170625,2.3850000000000002,0.4,0.1,0.5
170623.27120992,0.39960163566183987,0.1024348785431916,0.5058394381330531,43.379999999999995,-0.18,1.0,0.04058961760306801,2.39,0.4,0.1,0.5
170623.314571616,0.40011372121071487,0.1071223547159816,0.5057808532186759,43.379999999999995,-0.18,1.0,0.19318216498304963,2.395,0.4,0.1,0.5
170623.314590848,0.3997801594319348,0.10330680126450008,0.5065106572823934,43.379999999999995,-0.18,1.0,0.14740440076905514,2.4,0.4,0.1,0.5
170623.31459936,0.3999346784997062,0.1074274344184372,0.5066797596282268,43.379999999999995,-0.18,1.0,0.3762932218390276,2.4050000000000002,0.4,0.1,0.5
170623.314605696,0.4002451471250044,0.11450541910586348,0.5067709921564536,43.379999999999995,-0.18,1.0,0.2542191839350423,2.41,0.4,0.1,0.5
170623.31461216,0.4004575774312302,0.11090951527664787,0.5069661037139013,43.379999999999995,-0.18,1.0,0.2847376934110386,2.415,0.4,0.1,0.5
170623.31461968,0.4001633317271044,0.11407806278249208,0.5077032678642872,43.379999999999995,-0.18,1.0,-0.005188146610926481,2.42,0.4,0.1,0.5
170623.314646944,0.40015820573872,0.1092637507726425,0.5080938440181781,43.379999999999995,-0.18,1.0,0.2542191839350423,2.4250000000000003,0.4,0.1,0.5
170623.314654272,0.40033789855081087,0.11598584375842155,0.5080911582744942,43.379999999999995,-0.18,1.0,0.29999694814903677,2.43,0.4,0.1,0.5
170623.31466016,0.4006722098029175,0.10306811687138859,0.5081610398522346,43.379999999999995,-0.18,1.0,0.4068117313150239,2.435,0.4,0.1,0.5
170623.356588864,0.4010234229123055,0.11966758211378926,0.5079060068832365,43.379999999999995,-0.18,1.0,0.46784875026701656,2.44,0.4,0.1,0.5
170623.356611136,0.40138579212497727,0.1071401727682493,0.5077694105427067,43.379999999999995,-0.18,1.0,0.2084414197210478,2.445,0.4,0.1,0.5
170623.35661968,0.4015335759261653,0.10985546544228951,0.5078866681183529,43.379999999999995,-0.18,1.0,0.4831080050050147,2.45,0.4,0.1,0.5
170623.356625888,0.401345190738677,0.10274908626071166,0.5081113993499764,43.379999999999995,-0.18,1.0,-0.020447401348924643,2.455,0.4,0.1,0.5
170623.356632128,0.4014832217769405,0.10197237760458555,0.5080561846987648,43.379999999999995,-0.18,1.0,0.3762932218390276,2.46,0.4,0.1,0.5
170623.356639264,0.40160703858626234,0.1059075825639055,0.5079178938751301,43.379999999999995,-0.18,1.0,0.010071108127071682,2.465,0.4,0.1,0.5
170623.356645984,0.401710845927867,0.1124395781971354,0.5077556420098204,43.379999999999995,-0.18,1.0,0.29999694814903677,2.47,0.4,0.1,0.5
170623.356652,0.40176150132075683,0.12229547981006104,0.5076181776663645,43.379999999999995,-0.18,1.0,0.0863673818170625,2.475,0.4,0.1,0.5
170623.400038688,0.40146893517851256,0.11568462462923056,0.5077841047989088,43.379999999999995,-0.18,1.0,0.39155247657702574,2.48,0.4,0.1,0.5
170623.400059072,0.4015840253267053,0.11361879623859371,0.5075432345747675,43.379999999999995,-0.18,1.0,0.11688589129305882,2.485,0.4,0.1,0.5
170623.400090368,0.4021602447429013,0.11163880316854492,0.5070456036288252,43.379999999999995,-0.18,1.0,0.5441450239570074,2.49,0.4,0.1,0.5
170623.4000968,0.40209044985265147,0.10301635860973139,0.507166180579134,43.379999999999995,-0.18,1.0,0.4068117313150239,2.495,0.4,0.1,0.5
170623.400103808,0.402437065123366,0.1079346541933789,0.5067476953187248,43.379999999999995,-0.18,1.0,0.6814783165989908,2.5,0.0,0.6,0.5
170623.40011104,0.4021867359908671,0.1124115788199091,0.5068388961311392,43.379999999999995,-0.18,1.0,0.3762932218390276,2.505,0.0,0.6,0.5
170623.400117696,0.40190577375123876,0.10908629073710806,0.5069847931234414,43.379999999999995,-0.18,1.0,0.31525620288703493,2.5100000000000002,0.0,0.6,0.5
170623.400124192,0.40185463397620785,0.12029254712678208,0.5069131242333355,43.379999999999995,-0.18,1.0,0.19318216498304963,2.515,0.0,0.6,0.5
170623.400136768,0.40218270238874143,0.12354014573479,0.5065331888815621,43.379999999999995,-0.18,1.0,0.6662190618609927,2.52,0.0,0.6,0.5
170623.44121664,0.40235477596392427,0.12473806255379773,0.506400333821177,43.379999999999995,-0.18,1.0,0.26947843867304044,2.525,0.0,0.6,0.5
170623.441233888,0.402252929757024,0.11835831910428375,0.5063397490090548,43.379999999999995,-0.18,1.0,0.4068117313150239,2.5300000000000002,0.0,0.6,0.5
170623.441241536,0.4023896227690279,0.12641422401757144,0.5060482070480166,43.379999999999995,-0.18,1.0,0.10162663655506066,2.535,0.0,0.6,0.5
170623.441248064,0.4026835264365935,0.10491973848801626,0.5059420514751476,43.379999999999995,-0.18,1.0,0.2847376934110386,2.54,0.0,0.6,0.5
170623.441254208,0.40264355620244463,0.10359737534399056,0.5059662614970298,43.379999999999995,-0.18,1.0,0.34577471236303126,2.545,0.0,0.6,0.5
170623.441261664,0.4023501278292009,0.09977838270534155,0.5060135302334515,43.379999999999995,-0.18,1.0,0.46784875026701656,2.5500000000000003,0.0,0.6,0.5
170623.441288928,0.4022730793027974,0.11480816169478099,0.5059801714640717,43.379999999999995,-0.18,1.0,0.2084414197210478,2.555,0.0,0.6,0.5
170623.441295872,0.40219282309911103,0.11033742265193604,0.5060619062883606,43.379999999999995,-0.18,1.0,0.3610339671010294,2.56,0.4,0.1,0.5
170623.48532624,0.4015535757146872,0.10933616366899535,0.5061900078314695,43.379999999999995,-0.18,1.0,0.39155247657702574,2.565,0.4,0.1,0.5
170623.485337024,0.4005828686653958,0.12029660342944078,0.5065585908174554,43.379999999999995,-0.18,1.0,0.3762932218390276,2.57,0.4,0.1,0.5
170623.485343744,0.3995831949491875,0.1057958880584737,0.5070591976639726,43.379999999999995,-0.18,1.0,-0.005188146610926481,2.575,0.4,0.1,0.5
170623.485349888,0.3993674222907186,0.11160436347729269,0.5067949664110939,43.379999999999995,-0.18,1.0,0.2847376934110386,2.58,0.4,0.1,0.5
170623.485356064,0.3988023523788515,0.10529951363392788,0.5069932375047157,43.379999999999995,-0.18,1.0,0.39155247657702574,2.585,0.4,0.1,0.5
170623.485373888,0.39838776518168006,0.10888552461022705,0.5072510995388522,43.379999999999995,-0.18,1.0,0.4983672597430129,2.59,0.4,0.1,0.5
170623.485381504,0.3976856395379382,0.10178387939285126,0.5077312668016405,43.379999999999995,-0.18,1.0,0.2542191839350423,2.595,0.4,0.1,0.5
170623.485388192,0.3974689195671937,0.09625408441550802,0.5080237533733991,43.379999999999995,-0.18,1.0,0.4983672597430129,2.6,0.4,0.1,0.5
170623.485396512,0.3978723605305096,0.09938863708308732,0.5077066806031668,43.379999999999995,-0.18,1.0,0.14740440076905514,2.605,0.4,0.1,0.5
170623.527252288,0.39780211186893116,0.10313990470988603,0.5079639963565408,43.379999999999995,-0.18,1.0,0.6357005523849963,2.61,0.4,0.1,0.5
170623.527261184,0.39767939885712067,0.10065322523506114,0.508370093067853,43.379999999999995,-0.18,1.0,0.26947843867304044,2.615,0.4,0.1,0.5
170623.527267456,0.39796718235144507,0.11038608508642549,0.5083830435080552,43.379999999999995,-0.18,1.0,0.46784875026701656,2.62,0.4,0.1,0.5
170623.527284736,0.3981930484252508,0.1172391796390389,0.5083379851476252,43.379999999999995,-0.18,1.0,-0.05096591082492097,2.625,0.4,0.1,0.5
170623.527291104,0.3982617444949281,0.12821947500182296,0.5083914965904139,43.379999999999995,-0.18,1.0,0.31525620288703493,2.63,0.4,0.1,0.5
170623.52729776,0.39848553586430396,0.11472492445601702,0.5081688822449959,43.379999999999995,-0.18,1.0,0.31525620288703493,2.6350000000000002,0.4,0.1,0.5
170623.527304384,0.39838658788366427,0.10200649525978918,0.5082566268426303,43.379999999999995,-0.18,1.0,0.5594042786950055,2.64,0.4,0.1,0.5
170623.527310624,0.39712806929801064,0.1042640228355211,0.5079704481835663,43.379999999999995,-0.18,1.0,0.14740440076905514,2.645,0.4,0.1,0.5
170623.571017888,0.3876703639886088,0.10336251876321177,0.5077613200257363,43.379999999999995,-0.18,1.0,0.43733024079102023,2.65,0.4,0.1,0.5
170623.571035296,0.3753110238618408,0.11212062283379592,0.5074636979025257,43.379999999999995,-0.18,1.0,-0.020447401348924643,2.6550000000000002,0.4,0.1,0.5
170623.571062336,0.3637135392509539,0.11366913820956323,0.5069693417760616,43.199999999999996,-0.18,1.0,0.3305154576250331,2.66,0.4,0.1,0.5
170623.571069568,0.34702072707999376,0.12432739751487368,0.5071077900031352,43.019999999999996,-0.18,1.0,0.29999694814903677,2.665,0.4,0.1,0.5
170623.571075744,0.32667444624763525,0.1534177123122978,0.5069376814306247,42.839999999999996,-0.18,1.0,0.5899227881710019,2.67,0.4,0.1,0.5
170623.571082048,0.3029872423227666,0.17770449177577266,0.5070304848512723,42.66,-0.18,1.0,0.1626636555070533,2.6750000000000003,0.4,0.1,0.5
170623.57108928,0.27881033878527356,0.19583265004425388,0.5062967448064016,42.3,-0.18,1.0,0.4983672597430129,2.68,0.4,0.1,0.5
170623.57109616,0.2540720893819466,0.21336424436773582,0.5060516229693373,41.94,-0.18,1.0,0.0863673818170625,2.685,0.4,0.1,0.5
170623.571109024,0.22981359175127491,0.23771929235823328,0.5057875612333453,41.4,-0.18,1.0,0.29999694814903677,2.69,0.4,0.1,0.5
170623.611911712,0.2068836889980811,0.23920034452773034,0.505575062494881,40.86,-0.18,1.0,0.3762932218390276,2.695,0.4,0.1,0.5
170623.6119224,0.1851772277262611,0.2525362927384368,0.5054488005520744,40.32,-0.18,1.0,0.29999694814903677,2.7,0.4,0.1,0.5
170623.611928512,0.1668047781891238,0.27280184309639727,0.5053837727790877,39.6,-0.18,1.0,0.10162663655506066,2.705,0.4,0.1,0.5
170623.611934656,0.15677430265652556,0.2735413459649292,0.5048136200203069,38.879999999999995,-0.18,1.0,0.3762932218390276,2.71,0.4,0.1,0.5
170623.611941312,0.1546029437662338,0.29077564677743334,0.5044854026189739,37.98,-0.18,1.0,0.11688589129305882,2.715,0.4,0.1,0.5
170623.611947872,0.15212656283857645,0.2761782583528225,0.5047909221184523,37.08,-0.18,1.0,0.513626514481011,2.72,0.4,0.1,0.5
170623.611954272,0.1530116997468516,0.2840374360978881,0.5045035673181472,36.18,-0.18,1.0,0.2084414197210478,2.725,0.4,0.1,0.5
170623.611972672,0.163439586719753,0.2922108064141707,0.5043202133639441,35.1,-0.18,1.0,0.3305154576250331,2.73,0.4,0.1,0.5
170623.65685728,0.17917652986745408,0.2761754730630846,0.504142879774657,34.019999999999996,-0.18,1.0,0.29999694814903677,2.735,0.4,0.1,0.5
170623.656871328,0.19303384348161245,0.27872470480062095,0.5042301030733154,32.76,-0.18,1.0,0.31525620288703493,2.74,0.4,0.1,0.5
170623.656876864,0.20870593420815958,0.2825304973380604,0.5044095663284338,31.5,-0.18,1.0,0.3305154576250331,2.745,0.4,0.1,0.5
170623.656882528,0.22628754276427226,0.2867068181352596,0.5041892237641158,30.24,-0.18,1.0,0.6357005523849963,2.75,0.4,0.1,0.5
170623.656902144,0.23993139594513735,0.29719981646889454,0.5040997910416295,28.98,-0.18,1.0,0.3305154576250331,2.755,0.4,0.1,0.5
170623.656907584,0.2548229801402692,0.28013180837759505,0.5040101056353659,27.72,-0.18,1.0,0.34577471236303126,2.7600000000000002,0.4,0.1,0.5
170623.656912768,0.26946914457229487,0.2829632471879333,0.5038653651714605,26.459999999999997,-0.18,1.0,0.17792291024505147,2.765,0.4,0.1,0.5
170623.656917888,0.28005634570738025,0.2702937309625914,0.5039229025325571,25.2,-0.18,1.0,0.26947843867304044,2.77,0.4,0.1,0.5
170623.656922592,0.2900185849987914,0.26217603184120086,0.5040568525911407,24.3,-0.18,1.0,0.17792291024505147,2.775,0.4,0.1,0.5
170623.699593312,0.3014468754125878,0.2539046201101196,0.503786696464716,23.22,-0.18,1.0,0.5441450239570074,2.7800000000000002,0.4,0.1,0.5
170623.699612352,0.3086004585285736,0.2378727413963497,0.5037522574254499,22.5,-0.18,1.0,0.2847376934110386,2.785,0.4,0.1,0.5
170623.699620512,0.31589742169003765,0.2309187333605355,0.5034819901838,21.96,-0.18,1.0,0.6357005523849963,2.79,0.4,0.1,0.5
170623.6996272,0.3233727304771691,0.22118081269817824,0.5036440285479439,21.599999999999998,-0.36,1.0,0.2084414197210478,2.795,0.4,0.1,0.5
170623.699653376,0.3283159638727672,0.2007629359092946,0.5035538734588721,21.419999999999998,-0.36,1.0,0.17792291024505147,2.8000000000000003,0.4,0.1,0.5
170623.69966192,0.3332225154530904,0.2034660490561777,0.5032904667240805,21.419999999999998,-0.36,1.0,0.34577471236303126,2.805,0.4,0.1,0.5
170623.699668736,0.3395062570034676,0.20635753261374085,0.5033069979043437,21.779999999999998,-0.36,1.0,0.605182042909,2.81,0.4,0.1,0.5
170623.699675104,0.3438743029863471,0.19449492824927483,0.5027555385080057,22.32,-0.36,1.0,0.4068117313150239,2.815,0.4,0.1,0.5
170623.699687136,0.3468244284970477,0.19451269402846716,0.5028180897192304,23.04,-0.36,1.0,0.3610339671010294,2.82,0.4,0.1,0.5
170623.74153872,0.35139377209435785,0.19638405981427426,0.502998594571037,23.939999999999998,-0.36,1.0,0.1626636555070533,2.825,0.4,0.1,0.5
170623.74154928,0.35495147837748775,0.187015551300404,0.5029394417226809,25.02,-0.18,1.0,0.3305154576250331,2.83,0.4,0.1,0.5
170623.741555872,0.35713085733732747,0.18630165878416194,0.502942985716226,26.279999999999998,-0.18,1.0,0.22370067445904596,2.835,0.4,0.1,0.5
170623.741561952,0.36093860525018356,0.17848747421969452,0.5031128516259306,27.54,-0.18,1.0,0.0863673818170625,2.84,0.4,0.1,0.5
170623.74156816,0.36364185813604133,0.18278352754355517,0.5037422116568613,29.16,-0.18,1.0,0.26947843867304044,2.845,0.4,0.1,0.5
170623.741574784,0.3655944413899924,0.18610527675669564,0.5039337741000643,30.599999999999998,-0.18,1.0,0.22370067445904596,2.85,0.4,0.1,0.5
170623.74158096,0.3689263172003898,0.18195867040750846,0.5038720553700654,32.4,-0.18,1.0,-0.035706656086922806,2.855,0.4,0.1,0.5
170623.741587264,0.37225537189237784,0.1805375136384887,0.5040868051138715,34.019999999999996,-0.18,1.0,0.3610339671010294,2.86,0.4,0.1,0.5
170623.7846544,0.3741581666383325,0.15742693748799388,0.5045876193126081,35.82,-0.18,1.0,0.22370067445904596,2.865,0.4,0.1,0.5
170623.784707392,0.3769676620898226,0.14751597855893112,0.5048166117900743,37.62,-0.18,1.0,0.3610339671010294,2.87,0.4,0.1,0.5
170623.784717184,0.3790664234620004,0.15957279518857137,0.5057001464622958,39.42,-0.18,1.0,0.2542191839350423,2.875,0.4,0.1,0.5
170623.784723776,0.3808371139294301,0.1516301593474863,0.5059683430149022,41.22,-0.18,1.0,0.26947843867304044,2.88,0.4,0.1,0.5
170623.78473072,0.3828800361221067,0.15409607562643562,0.506283875380313,43.019999999999996,-0.18,1.0,0.4525894955290184,2.8850000000000002,0.4,0.1,0.5
170623.78474464,0.385002946531635,0.15173556635713556,0.506678158654775,44.64,-0.18,1.0,0.26947843867304044,2.89,0.4,0.1,0.5
170623.78475088,0.3867685556587494,0.15084027334283578,0.5068775497731948,46.26,-0.18,1.0,0.43733024079102023,2.895,0.4,0.1,0.5
170623.784757888,0.38827992425331725,0.15232565181110624,0.5071447518719064,47.879999999999995,-0.18,1.0,0.31525620288703493,2.9,0.4,0.1,0.5
170623.78476416,0.3901015525675591,0.14776176353275813,0.5074330818301228,49.5,-0.18,1.0,0.4525894955290184,2.9050000000000002,0.4,0.1,0.5
170623.826682208,0.39157287300545285,0.13705494770976087,0.5076812866381282,50.94,-0.18,1.0,0.34577471236303126,2.91,0.4,0.1,0.5
170623.826696352,0.39300788520602115,0.14489414507548656,0.5077401114323148,52.199999999999996,-0.18,1.0,0.42207098605302207,2.915,0.4,0.1,0.5
170623.826703488,0.3942962235259709,0.1393462907729583,0.5079895735917817,53.46,-0.18,1.0,0.23895992919704412,2.92,0.4,0.1,0.5
170623.826710464,0.39576275615213813,0.13964642550775844,0.5081135768573776,54.54,-0.18,1.0,0.29999694814903677,2.9250000000000003,0.4,0.1,0.5
170623.826716768,0.3966721011452683,0.1425460228977192,0.5084964395798599,55.62,-0.18,1.0,0.5288857692190092,2.93,0.4,0.1,0.5
170623.826724288,0.3982025529610786,0.14474004917330438,0.5086155556798099,56.519999999999996,-0.18,1.0,0.22370067445904596,2.935,0.4,0.1,0.5
170623.82673104,0.39946069921544686,0.14303690212616657,0.5087948024245109,57.419999999999995,-0.18,1.0,0.2542191839350423,2.94,0.4,0.1,0.5
170623.826757792,0.4008997194427895,0.13867705496827432,0.5085638473790258,58.14,-0.18,1.0,0.4983672597430129,2.945,0.4,0.1,0.5
170623.870815648,0.4019863319303485,0.14764774569552547,0.5082909553376295,58.68,-0.18,1.0,0.29999694814903677,2.95,0.4,0.1,0.5
170623.870840576,0.4026360043135232,0.13881724563420172,0.5083674988086434,59.04,-0.18,1.0,0.42207098605302207,2.955,0.4,0.1,0.5
170623.870847168,0.40331110782825574,0.12991815925588382,0.5081253224702128,59.4,-0.18,1.0,0.11688589129305882,2.96,0.4,0.1,0.5
170623.870857024,0.4031127740869591,0.129714758376967,0.5081278503284201,59.4,-0.18,1.0,0.3762932218390276,2.965,0.4,0.1,0.5
170623.870863744,0.40320500628958783,0.12009300190357554,0.5076361394754733,59.4,-0.18,1.0,0.4525894955290184,2.97,0.4,0.1,0.5
170623.870870912,0.4031604145567119,0.13162420460871255,0.5074815263085131,59.4,-0.18,1.0,0.3762932218390276,2.975,0.4,0.1,0.5
170623.870878048,0.40260527640030885,0.12075086070367012,0.5075338252333038,59.22,-0.18,1.0,0.43733024079102023,2.98,0.4,0.1,0.5
170623.870884864,0.4027336200611057,0.11256615115425074,0.5073045499024873,59.04,-0.18,1.0,0.4525894955290184,2.985,0.4,0.1,0.5
170623.87089184,0.4029596323093024,0.11967854913970684,0.5069810726718282,58.68,-0.18,1.0,0.0863673818170625,2.99,0.4,0.1,0.5
170623.911933664,0.40261292807586213,0.12041463705983124,0.506872620510768,58.32,-0.18,1.0,0.4068117313150239,2.995,0.4,0.1,0.5
170623.911942112,0.40258063074567185,0.12760993065707707,0.5067366683043799,57.78,-0.18,1.0,0.26947843867304044,3.0,0.4,0.1,0.5
170623.911949184,0.4024637308871172,0.12870438561903141,0.5067872448620727,57.419999999999995,-0.18,1.0,0.5746635334330037,3.005,0.4,0.1,0.5
170623.911955328,0.402917635823585,0.11571754156154809,0.506208647030947,56.879999999999995,-0.18,1.0,0.3762932218390276,3.0100000000000002,0.4,0.1,0.5
170623.911971712,0.40302418642699406,0.11526079721793887,0.5061757915728158,56.16,-0.18,1.0,0.11688589129305882,3.015,0.4,0.1,0.5
170623.911984736,0.4035202229422473,0.10623701087391325,0.5060338452044685,55.62,-0.18,1.0,0.31525620288703493,3.02,0.4,0.1,0.5
170623.911992,0.4037423543577016,0.09807937652871958,0.5057534652035156,55.08,-0.18,1.0,0.2084414197210478,3.025,0.4,0.1,0.5
170623.911998912,0.4037234764853743,0.10244862643570718,0.5057401474901622,54.36,-0.18,1.0,0.22370067445904596,3.0300000000000002,0.4,0.1,0.5
170623.95532976,0.4043710728435088,0.10343224736035911,0.5054837560316863,53.82,-0.18,1.0,0.2847376934110386,3.035,0.4,0.1,0.5
170623.955340832,0.4047317573345688,0.09875404669764395,0.5052634532227506,53.1,-0.18,1.0,0.1626636555070533,3.04,0.4,0.1,0.5
170623.955347904,0.40466896580140505,0.1071515352668597,0.5053654438594495,52.559999999999995,-0.18,1.0,0.42207098605302207,3.045,0.4,0.1,0.5
170623.95535408,0.40535235145255355,0.110356870767147,0.505086586307279,52.019999999999996,-0.18,1.0,-0.05096591082492097,3.0500000000000003,0.4,0.1,0.5
170623.955360352,0.40575784771178497,0.11149844411964357,0.5049623088548872,51.48,-0.18,1.0,0.4983672597430129,3.055,0.4,0.1,0.5
170623.955367648,0.40549137623668763,0.10154654296885232,0.5053846325966295,50.94,-0.18,1.0,-0.05096591082492097,3.06,0.4,0.1,0.5
170623.955374496,0.40594581145482883,0.11216021103160564,0.5055176556736626,50.58,-0.18,1.0,0.46784875026701656,3.065,0.4,0.1,0.5
170623.955380672,0.40610002312578986,0.10582527855329862,0.5057919204346523,50.04,-0.18,1.0,0.23895992919704412,3.0700000000000003,0.4,0.1,0.5
170623.955387008,0.40644574375177267,0.10630237029853684,0.5057887300378552,49.68,-0.18,1.0,0.3762932218390276,3.075,0.4,0.1,0.5
170623.997726016,0.4066945285109824,0.11834019877174243,0.5061558690903697,49.32,-0.18,1.0,0.14740440076905514,3.08,0.4,0.1,0.5
170623.997750976,0.40700510800458173,0.10679457840431895,0.5065445069415346,49.14,-0.18,1.0,0.5746635334330037,3.085,0.4,0.1,0.5
170623.997758016,0.40753474220938973,0.1203841387351491,0.5062107486731564,48.96,-0.18,1.0,0.19318216498304963,3.09,0.4,0.1,0.5
170623.997764032,0.40723994173544437,0.11417072125576519,0.5067692884997443,48.78,-0.18,1.0,0.42207098605302207,3.095,0.4,0.1,0.5
170623.997770784,0.4073960905353693,0.11327101297006681,0.5071105809822485,48.6,-0.18,1.0,0.3305154576250331,3.1,0.4,0.1,0.5
170623.997777696,0.40731484670644386,0.11474987560662797,0.5074308895820856,48.6,-0.18,1.0,0.6509598071229945,3.105,0.4,0.1,0.5
170623.997784032,0.4073282373678678,0.12066895198390652,0.5075507897388298,48.6,-0.18,1.0,0.14740440076905514,3.11,0.4,0.1,0.5
170623.997790336,0.40736153124163965,0.1135585278474308,0.5078636562958474,48.78,-0.18,1.0,0.43733024079102023,3.115,0.4,0.1,0.5
170624.040969184,0.4066767039573075,0.10907114643648981,0.508445915136504,48.78,-0.18,1.0,0.2542191839350423,3.12,0.4,0.1,0.5
170624.040979616,0.40634929407878256,0.10197685387441396,0.5086761066448422,48.96,-0.18,1.0,0.42207098605302207,3.125,0.4,0.1,0.5
170624.040985888,0.4061158521055708,0.08330711973517461,0.5088608277104393,49.14,-0.18,1.0,-0.020447401348924643,3.13,0.4,0.1,0.5
170624.040991712,0.4058346439676573,0.09852401238887029,0.5088740953697403,49.14,-0.18,1.0,0.5899227881710019,3.1350000000000002,0.4,0.1,0.5
170624.040998112,0.40562589874250643,0.10081227202740685,0.5089064537011331,49.32,-0.18,1.0,0.26947843867304044,3.14,0.4,0.1,0.5
170624.041004224,0.405803373796511,0.09042192390330482,0.5085172652783988,49.32,-0.18,1.0,0.42207098605302207,3.145,0.4,0.1,0.5
170624.041011552,0.4061146020540595,0.09402502252439404,0.507992807879146,49.5,-0.18,1.0,0.10162663655506066,3.15,0.4,0.1,0.5
170624.041030976,0.405758326736023,0.09084022495135113,0.5079276925495882,49.5,-0.18,1.0,0.2542191839350423,3.1550000000000002,0.4,0.1,0.5
170624.04104576,0.4053530730182539,0.10835541083369629,0.5078502483361176,49.5,-0.18,1.0,0.17792291024505147,3.16,0.4,0.1,0.5
170624.085168352,0.40512456456947366,0.09939193851010723,0.5078346538046874,49.68,-0.18,1.0,0.23895992919704412,3.165,0.4,0.1,0.5
170624.085178432,0.4046465450579496,0.08766934905767668,0.5078414302221237,49.68,-0.18,1.0,0.42207098605302207,3.17,0.4,0.1,0.5
170624.085184448,0.40419682654398326,0.09369715818972402,0.5079401252230208,49.68,-0.18,1.0,0.4525894955290184,3.1750000000000003,0.4,0.1,0.5
170624.085190624,0.40442172149113087,0.10726075517322194,0.5075560675947925,49.68,-0.18,1.0,0.17792291024505147,3.18,0.4,0.1,0.5
170624.085196768,0.4041313302190467,0.1161545590124119,0.5073608087373005,49.68,-0.18,1.0,0.7119968260749872,3.185,0.4,0.1,0.5
170624.085203232,0.40489451084430367,0.10471202084711602,0.5065194032756088,49.5,-0.18,1.0,0.2084414197210478,3.19,0.4,0.1,0.5
170624.085209312,0.4052710898973624,0.12060124302783813,0.5061174438104954,49.5,-0.18,1.0,0.5594042786950055,3.1950000000000003,0.4,0.1,0.5
170624.085215744,0.4050188955289396,0.1092594198257032,0.5060766894780595,49.5,-0.18,1.0,0.3610339671010294,3.2,0.4,0.1,0.5
170624.085222176,0.4047266623558303,0.11600307152725674,0.5061678417440868,49.5,-0.18,1.0,0.26947843867304044,3.205,0.4,0.1,0.5
170624.126413568,0.4045022033381515,0.1138617448496584,0.5063337256346727,49.5,-0.18,1.0,0.4068117313150239,3.21,0.4,0.1,0.5
170624.126430848,0.40426781387409083,0.11106483582498168,0.5062390196406793,49.5,-0.18,1.0,0.4983672597430129,3.215,0.4,0.1,0.5
170624.126457088,0.40375971183047915,0.10222527210774612,0.506387600467322,49.5,-0.18,1.0,0.39155247657702574,3.22,0.4,0.1,0.5
170624.126463488,0.40406497914206646,0.10082777364030372,0.5061070256169234,49.5,-0.18,1.0,0.46784875026701656,3.225,0.4,0.1,0.5
170624.126476608,0.40430370532326526,0.11176933469122065,0.5055644087592717,49.68,-0.18,1.0,0.3610339671010294,3.23,0.4,0.1,0.5
170624.126483968,0.40397075339012495,0.11181601147297825,0.5055728518928182,49.68,-0.18,1.0,0.3762932218390276,3.235,0.4,0.1,0.5
170624.126490176,0.4044510842395886,0.10690912435234183,0.5051491622872425,49.68,-0.18,1.0,0.07110812707906433,3.24,0.4,0.1,0.5
170624.126496928,0.4041254699834052,0.09908500094733819,0.5053521555518452,49.68,-0.18,1.0,0.3762932218390276,3.245,0.4,0.1,0.5
170624.169852128,0.40418353982857763,0.10352783754372397,0.5051324522711995,49.5,-0.18,1.0,0.2847376934110386,3.25,0.4,0.1,0.5
170624.169872832,0.40401850929125205,0.11225926947871454,0.50531237039667,49.5,-0.18,1.0,0.5441450239570074,3.255,0.4,0.1,0.5
170624.16988048,0.40415758953918407,0.10287183960148948,0.505200920959524,49.5,-0.18,1.0,0.3305154576250331,3.2600000000000002,0.4,0.1,0.5
170624.169886944,0.40424975715032846,0.11105317622972541,0.5051064100491469,49.5,-0.18,1.0,0.4068117313150239,3.265,0.4,0.1,0.5
170624.169893664,0.4040046008325384,0.12145960171742785,0.5054755740720572,49.5,-0.18,1.0,0.22370067445904596,3.27,0.4,0.1,0.5
170624.169900992,0.40418755462578987,0.11563587408695544,0.5056974215644314,49.5,-0.18,1.0,0.23895992919704412,3.275,0.4,0.1,0.5
170624.169907328,0.4038790520827329,0.11109512595899927,0.5061228201437147,49.5,-0.18,1.0,0.39155247657702574,3.2800000000000002,0.4,0.1,0.5
170624.1699432,0.4034848448640948,0.11977962774780596,0.5065175354341965,49.5,-0.18,1.0,0.3762932218390276,3.285,0.4,0.1,0.5
170624.169949632,0.4035006419402804,0.10910893095687352,0.5065420344019477,49.5,-0.18,1.0,0.3762932218390276,3.29,0.4,0.1,0.5
170624.211032736,0.40271977478992926,0.10629037134734978,0.50709370667528,49.5,-0.18,1.0,0.3305154576250331,3.295,0.4,0.1,0.5
170624.211043712,0.40225695625053287,0.10476970367799222,0.5069435427399366,49.5,-0.18,1.0,0.3305154576250331,3.3000000000000003,0.4,0.1,0.5
170624.211050784,0.40113733333011836,0.09876476749465317,0.5074272127496547,49.5,-0.18,1.0,0.5288857692190092,3.305,0.4,0.1,0.5
170624.21105696,0.40003591741859534,0.10882436485947115,0.5078059918779372,49.5,-0.18,1.0,0.2542191839350423,3.31,0.4,0.1,0.5
170624.211062976,0.39960184379883673,0.11001875198763127,0.5076633389183798,49.5,-0.18,1.0,0.23895992919704412,3.315,0.4,0.1,0.5
170624.211069984,0.39870907635938735,0.09823339864016135,0.5080049544757425,49.5,-0.18,1.0,0.3762932218390276,3.3200000000000003,0.4,0.1,0.5
170624.211076128,0.39805469275916716,0.10488251983586437,0.5082562439722632,49.5,-0.18,1.0,0.4525894955290184,3.325,0.4,0.1,0.5
170624.21108224,0.39776235832957013,0.12096885722253783,0.5083954563320033,49.5,-0.18,1.0,0.3610339671010294,3.33,0.4,0.1,0.5
170624.25549472,0.3977254238283304,0.11560130235380987,0.5086259958165773,49.5,-0.18,1.0,0.2084414197210478,3.335,0.4,0.1,0.5
170624.255505088,0.3976927383408787,0.10926316654415948,0.5087188159711377,49.5,-0.18,1.0,0.5288857692190092,3.34,0.4,0.1,0.5
170624.255511232,0.3979725414061777,0.11070890189633642,0.508504343749917,49.5,-0.18,1.0,0.4068117313150239,3.345,0.4,0.1,0.5
170624.25553008,0.3984200447975298,0.10886923041432889,0.5082015037224371,49.5,-0.18,1.0,0.2542191839350423,3.35,0.4,0.1,0.5
170624.255536672,0.3987119759409603,0.11205125755844876,0.5078225172035475,49.5,-0.18,1.0,0.513626514481011,3.355,0.4,0.1,0.5
170624.255543296,0.3987044960003224,0.12502608742726162,0.5077692539145937,49.5,-0.18,1.0,0.513626514481011,3.36,0.4,0.1,0.5
170624.255552576,0.3987289664653196,0.11439243113728623,0.5076865931791614,49.5,-0.18,1.0,0.29999694814903677,3.365,0.4,0.1,0.5
170624.255564736,0.3988991351988716,0.11361010176891831,0.5075180419436414,49.5,-0.18,1.0,0.31525620288703493,3.37,0.4,0.1,0.5
170624.255571008,0.3989167756403741,0.10062275498919496,0.5075188277022641,49.5,-0.18,1.0,0.11688589129305882,3.375,0.4,0.1,0.5
170624.296640864,0.3992488724938087,0.10561919824394962,0.5069994180315023,49.5,-0.18,1.0,0.46784875026701656,3.38,0.4,0.1,0.5
170624.296651072,0.3994552380284182,0.11163343928400048,0.5067345496396549,49.5,-0.18,1.0,0.23895992919704412,3.3850000000000002,0.4,0.1,0.5
170624.296658016,0.39937057148154936,0.10515018887858445,0.506834081064158,49.5,-0.18,1.0,0.5288857692190092,3.39,0.4,0.1,0.5
170624.296664384,0.3996011860343304,0.11694939228669093,0.5065065790746494,49.5,-0.18,1.0,0.26947843867304044,3.395,0.4,0.1,0.5
170624.296670656,0.3998474548556486,0.1224113837679794,0.5062771958429376,49.5,-0.18,1.0,0.3610339671010294,3.4,0.4,0.1,0.5
170624.296677696,0.3998233171081138,0.11196296801366674,0.5064165047162938,49.5,-0.18,1.0,0.34577471236303126,3.4050000000000002,0.4,0.1,0.5
170624.296683776,0.40037338253125543,0.1161902937068995,0.5059249279681329,49.5,-0.18,1.0,0.2847376934110386,3.41,0.4,0.1,0.5
170624.296689888,0.40025699830480105,0.12032329486681279,0.5058804933264561,49.5,-0.18,1.0,-0.035706656086922806,3.415,0.4,0.1,0.5
170624.340067936,0.4002640405975098,0.10980961350074547,0.5058242271904563,49.5,-0.18,1.0,0.5746635334330037,3.42,0.4,0.1,0.5
170624.34007744,0.4008459708445546,0.10445240910911277,0.5052781955073081,49.5,-0.18,1.0,0.3610339671010294,3.4250000000000003,0.4,0.1,0.5
170624.340084,0.4009397809990398,0.10359755807055707,0.5052069938139188,49.5,-0.18,1.0,0.43733024079102023,3.43,0.4,0.1,0.5
170624.34009008,0.40103256089423267,0.0923985702568615,0.5050788999366707,49.5,-0.18,1.0,0.31525620288703493,3.435,0.4,0.1,0.5
170624.340106368,0.40109146267851065,0.10087875834480331,0.504916361853287,49.5,-0.18,1.0,0.6204412976469982,3.44,0.4,0.1,0.5
170624.340114368,0.40061521649267257,0.09972999272921709,0.505272965080406,49.5,-0.18,1.0,0.2084414197210478,3.4450000000000003,0.4,0.1,0.5
170624.340121088,0.40087014705687135,0.09400337860184123,0.5051021336996622,49.5,-0.18,1.0,0.5288857692190092,3.45,0.4,0.1,0.5
170624.340127904,0.40119331963605437,0.09039165079768391,0.5048134386518158,49.5,-0.18,1.0,0.3305154576250331,3.455,0.4,0.1,0.5
170624.34013408,0.40155837769404645,0.09136717722935801,0.504664641358443,49.5,-0.18,1.0,0.3610339671010294,3.46,0.4,0.1,0.5
170624.382452128,0.4013528731366562,0.10395232026633673,0.5049740283269754,49.5,-0.18,1.0,0.2084414197210478,3.465,0.4,0.1,0.5
170624.38247072,0.4012313370617295,0.09586156494036271,0.5051180589161455,49.5,-0.18,1.0,0.3305154576250331,3.47,0.4,0.1,0.5
170624.382478976,0.4013085427510766,0.10256137499761114,0.5051587549889229,49.5,-0.18,1.0,0.2542191839350423,3.475,0.4,0.1,0.5
170624.382485664,0.4012020910132581,0.1046058191010497,0.5054953149870028,49.5,-0.18,1.0,0.4983672597430129,3.48,0.4,0.1,0.5
170624.382517056,0.4013874576752675,0.1132052843316176,0.50556388504254,49.5,-0.18,1.0,0.42207098605302207,3.485,0.4,0.1,0.5
170624.382524864,0.4015015025304544,0.11107656537979853,0.5058465469769536,49.5,-0.18,1.0,0.29999694814903677,3.49,0.4,0.1,0.5
170624.382531488,0.40180231223744794,0.11200184076823143,0.5059900979184154,49.5,-0.18,1.0,0.3305154576250331,3.495,0.4,0.1,0.5
170624.382538144,0.40168577478923057,0.10583700557640671,0.5064584550372193,49.5,-0.18,1.0,0.2847376934110386,3.5,0.4,0.1,0.5
170624.425527904,0.40169536111635107,0.11583206408536922,0.5068050140115615,49.5,-0.18,1.0,0.2847376934110386,3.505,0.4,0.1,0.5
170624.425549696,0.40177256323656607,0.11629500614404212,0.5070674106624669,49.5,-0.18,1.0,0.46784875026701656,3.5100000000000002,0.4,0.1,0.5
170624.42555728,0.40130472446125054,0.106809636691744,0.5077486220678914,49.5,-0.18,1.0,0.17792291024505147,3.515,0.4,0.1,0.5
170624.425563584,0.4013283223280435,0.10728600819426021,0.5079089412105114,49.5,-0.18,1.0,0.4068117313150239,3.52,0.4,0.1,0.5
170624.425569856,0.40187963493984963,0.11301340969282292,0.5078280350760219,49.5,-0.18,1.0,0.29999694814903677,3.525,0.4,0.1,0.5
170624.425576192,0.401950939740066,0.10772711996467599,0.5079589566041646,49.5,-0.18,1.0,0.6814783165989908,3.5300000000000002,0.4,0.1,0.5
170624.4255832,0.4019323843961859,0.11327592575930787,0.5079313341921118,49.5,-0.18,1.0,0.31525620288703493,3.535,0.4,0.1,0.5
170624.4255896,0.40206977507389,0.1165741280717392,0.5080153942339087,49.5,-0.18,1.0,0.6204412976469982,3.54,0.4,0.1,0.5
170624.425596,0.40212093448182473,0.11293076510066398,0.5081905984922658,49.5,-0.18,1.0,0.4068117313150239,3.545,0.4,0.1,0.5
170624.469274752,0.4022475141868767,0.11849412545847249,0.5082017050821458,49.5,-0.18,1.0,0.34577471236303126,3.5500000000000003,0.4,0.1,0.5
170624.469288608,0.4020656158833254,0.11651265417291921,0.5083062072278282,49.5,-0.18,1.0,0.29999694814903677,3.555,0.4,0.1,0.5
170624.4692952,0.4022216410019327,0.11211052879561252,0.5081161369966551,49.5,-0.18,1.0,0.42207098605302207,3.56,0.4,0.1,0.5
170624.469301664,0.4026670041843726,0.10962537755511931,0.5077371218234145,49.5,-0.18,1.0,0.025330362865069844,3.565,0.4,0.1,0.5
170624.469307424,0.4023819475042055,0.11623999250072886,0.5078511738388471,49.5,-0.18,1.0,0.4068117313150239,3.5700000000000003,0.4,0.1,0.5
170624.46931392,0.4023789652768844,0.1089436049769252,0.5076657500957422,49.5,-0.18,1.0,0.11688589129305882,3.575,0.4,0.1,0.5
170624.469319712,0.40223543209162826,0.10965797140493948,0.5076991705428877,49.5,-0.18,1.0,0.31525620288703493,3.58,0.4,0.1,0.5
170624.469344704,0.4027295721058383,0.09642290274276427,0.5071704019156125,49.5,-0.18,1.0,-0.035706656086922806,3.585,0.4,0.1,0.5
170624.469352352,0.40205617846214126,0.10381709165306915,0.5074532291451711,49.5,-0.18,1.0,0.5441450239570074,3.59,0.4,0.1,0.5
170624.511294464,0.40215132557013256,0.0963964504217776,0.5072566726073795,49.5,-0.18,1.0,0.04058961760306801,3.595,0.4,0.1,0.5
170624.511304288,0.4018616694217347,0.09675679501306504,0.5071483756610032,49.5,-0.18,1.0,0.42207098605302207,3.6,0.4,0.1,0.5
170624.51131104,0.40107030961313267,0.1041867400264292,0.50704853381518,49.5,-0.18,1.0,-0.05096591082492097,3.605,0.4,0.1,0.5
170624.511328416,0.40050271437465645,0.11303464199497247,0.5068339299904987,49.5,-0.18,1.0,0.5746635334330037,3.61,0.4,0.1,0.5
170624.511334784,0.3999627087229839,0.10355286736359892,0.5068714775071681,49.5,-0.18,1.0,0.05584887234106617,3.615,0.4,0.1,0.5
170624.511341312,0.3998877836245597,0.10085754797897886,0.5066316025216334,49.5,-0.18,1.0,0.5746635334330037,3.62,0.4,0.1,0.5
170624.51134736,0.39934676690964266,0.10114293744238458,0.506745935028543,49.5,-0.18,1.0,0.17792291024505147,3.625,0.4,0.1,0.5
170624.51135344,0.3992374554577539,0.11410222445455177,0.5064650357189664,49.5,-0.18,1.0,0.29999694814903677,3.63,0.4,0.1,0.5
170624.554617472,0.3994541674848217,0.11844937485130827,0.5061235037080734,49.5,-0.18,1.0,0.2542191839350423,3.6350000000000002,0.4,0.1,0.5
170624.554628608,0.3991164358113731,0.11051947167334149,0.5064214525155181,49.5,-0.18,1.0,0.513626514481011,3.64,0.4,0.1,0.5
170624.554635392,0.3991819154014721,0.10280905380589928,0.506423302336185,49.5,-0.18,1.0,0.26947843867304044,3.645,0.4,0.1,0.5
170624.554640928,0.39954417430430555,0.10955656252218787,0.5062808584570976,49.5,-0.18,1.0,0.605182042909,3.65,0.4,0.1,0.5
170624.554659008,0.3997456642934457,0.10922433960082745,0.506245158282517,49.5,-0.18,1.0,0.4983672597430129,3.6550000000000002,0.4,0.1,0.5
170624.55466608,0.39963035762358773,0.1035798048949149,0.5066351642979587,49.5,-0.18,1.0,0.6814783165989908,3.66,0.4,0.1,0.5
170624.554672256,0.39993215375998964,0.09869808657380642,0.5067312194712732,49.5,-0.18,1.0,0.0863673818170625,3.665,0.4,0.1,0.5
170624.554678592,0.40003837735227255,0.10197663981536496,0.5068710280215002,49.5,-0.18,1.0,0.5441450239570074,3.67,0.4,0.1,0.5
170624.554684256,0.3997659340798478,0.08803725014870396,0.5072098886963815,49.5,-0.18,1.0,0.3305154576250331,3.6750000000000003,0.4,0.1,0.5
170624.596726688,0.4002649745156424,0.10003558910609393,0.5068538857010616,49.5,-0.18,1.0,0.3305154576250331,3.68,0.4,0.1,0.5
170624.596750496,0.400330415407534,0.09694663577299942,0.5071767774973602,49.5,-0.18,1.0,0.05584887234106617,3.685,0.4,0.1,0.5
170624.596757312,0.400578236041512,0.09866315838140897,0.5072413287115235,49.5,-0.18,1.0,0.513626514481011,3.69,0.4,0.1,0.5
170624.59676368,0.400452592217145,0.10278847913149126,0.5075398905178429,49.5,-0.18,1.0,0.11688589129305882,3.6950000000000003,0.4,0.1,0.5
170624.596769952,0.40074917245580666,0.09688365484514368,0.5073887414573591,49.5,-0.18,1.0,0.29999694814903677,3.7,0.4,0.1,0.5
170624.596776928,0.4011519270016372,0.10108529675574075,0.5070883189112032,49.5,-0.18,1.0,0.10162663655506066,3.705,0.4,0.1,0.5
170624.596783328,0.4013769233668346,0.11199418768668083,0.507114189408363,49.5,-0.18,1.0,0.6357005523849963,3.71,0.4,0.1,0.5
170624.596789344,0.40155379297599814,0.09759381116418572,0.5072190497109467,49.5,-0.18,1.0,0.34577471236303126,3.715,0.4,0.1,0.5
170624.64098368,0.4015843657111774,0.10813117738233771,0.5072038689975674,49.5,-0.18,1.0,0.5288857692190092,3.72,0.4,0.1,0.5
170624.64102288,0.4012216773109782,0.10499472255565404,0.5075788460984377,49.5,-0.18,1.0,0.10162663655506066,3.725,0.4,0.1,0.5
170624.64103088,0.40111241852498003,0.10524987589846822,0.50762298583111,49.5,-0.18,1.0,0.2847376934110386,3.73,0.4,0.1,0.5
170624.641037408,0.40093926632921706,0.0924552435352141,0.5079640756899962,49.5,-0.18,1.0,0.05584887234106617,3.735,0.4,0.1,0.5
170624.641044128,0.4014988872856252,0.09837242110887914,0.507694038195273,49.5,-0.18,1.0,0.3610339671010294,3.74,0.4,0.1,0.5
170624.64105072,0.40133014660467586,0.10717334561082956,0.5079684242042464,49.5,-0.18,1.0,0.31525620288703493,3.745,0.4,0.1,0.5
170624.641075264,0.40127371197384726,0.10481619109895288,0.5082315992353805,49.5,-0.18,1.0,0.2542191839350423,3.75,0.4,0.1,0.5
170624.64108256,0.40127187764972927,0.10292318727230974,0.5083203116496452,49.5,-0.18,1.0,0.42207098605302207,3.755,0.4,0.1,0.5
170624.64108864,0.40150827122931737,0.10039182730599225,0.5081804120482654,49.5,-0.18,1.0,0.5746635334330037,3.7600000000000002,0.4,0.1,0.5
170624.682298464,0.40170226156912026,0.102859662763162,0.5079322306631865,49.5,-0.18,1.0,0.39155247657702574,3.765,0.4,0.1,0.5
170624.682315392,0.40196271762978697,0.10629540912863225,0.5078814887939093,49.5,-0.18,1.0,0.5288857692190092,3.77,0.4,0.1,0.5
170624.682321312,0.40181298944120564,0.10362010343822464,0.5081755145389305,49.5,-0.18,1.0,0.22370067445904596,3.775,0.4,0.1,0.5
170624.682325568,0.4016461850737647,0.09232849658461156,0.5083657518924806,49.5,-0.18,1.0,0.4831080050050147,3.7800000000000002,0.4,0.1,0.5
170624.682329408,0.40196119015142673,0.09794104886691546,0.5081512181775611,49.5,-0.18,1.0,0.3610339671010294,3.785,0.4,0.1,0.5
170624.682335104,0.40236092777714855,0.09150741287825367,0.5078923045145299,49.5,-0.18,1.0,0.5594042786950055,3.79,0.4,0.1,0.5
170624.682339136,0.4022887517390846,0.08442990477175624,0.5079756867823079,49.5,-0.18,1.0,0.3762932218390276,3.795,0.4,0.1,0.5
170624.682387104,0.40201447871233986,0.09352328384029823,0.5082358312558575,49.5,-0.18,1.0,0.5746635334330037,3.8000000000000003,0.4,0.1,0.5
170624.726049312,0.4019119153040685,0.10101564812120306,0.5083198182755625,49.5,-0.18,1.0,0.19318216498304963,3.805,0.4,0.1,0.5
170624.726067552,0.4018005164299588,0.113267063519583,0.508189644779648,49.5,-0.18,1.0,0.3305154576250331,3.81,0.4,0.1,0.5
170624.726097024,0.4019044575696091,0.11387541910216722,0.5079928019787052,49.5,-0.18,1.0,0.42207098605302207,3.815,0.4,0.1,0.5
170624.72610448,0.4019072229757125,0.11145914343472114,0.5078686273570108,49.5,-0.18,1.0,0.39155247657702574,3.8200000000000003,0.4,0.1,0.5
170624.726111424,0.40143963841494545,0.10314162605014136,0.5078928986260997,49.5,-0.18,1.0,0.43733024079102023,3.825,0.4,0.1,0.5
170624.726119008,0.40053440525332606,0.10370697612771763,0.5080162953280611,49.5,-0.18,1.0,0.22370067445904596,3.83,0.4,0.1,0.5
170624.726125632,0.4001506347975701,0.10972228343384821,0.5078542214939916,49.5,-0.18,1.0,0.39155247657702574,3.835,0.4,0.1,0.5
170624.726132384,0.3994410896575753,0.10795816067944583,0.508034987981943,49.5,-0.18,1.0,0.39155247657702574,3.84,0.4,0.1,0.5
170624.726138528,0.3991789258939884,0.10381797831523147,0.5078871037053024,49.5,-0.18,1.0,0.34577471236303126,3.845,0.4,0.1,0.5
170624.767312608,0.39877951114496424,0.10294054068512024,0.5078578043608556,49.5,-0.18,1.0,0.46784875026701656,3.85,0.4,0.1,0.5
170624.767324,0.39823728465022074,0.10494062225204187,0.5080858462664073,49.5,-0.18,1.0,0.19318216498304963,3.855,0.4,0.1,0.5
170624.767330848,0.3983949412598326,0.09676698642528271,0.507997142338138,49.5,-0.18,1.0,0.4831080050050147,3.86,0.4,0.1,0.5
170624.76734768,0.3985233397230042,0.09310791954893727,0.5079974125621569,49.5,-0.18,1.0,0.4525894955290184,3.865,0.4,0.1,0.5
170624.76735472,0.3986574312994412,0.10150925947890706,0.5079971723342636,49.5,-0.18,1.0,0.26947843867304044,3.87,0.4,0.1,0.5
170624.767361184,0.3989344289609841,0.10796118051903973,0.5078086351453232,49.5,-0.18,1.0,0.29999694814903677,3.875,0.4,0.1,0.5
170624.767373408,0.3990972265325979,0.10807635731317382,0.5077430919774296,49.5,-0.18,1.0,0.2084414197210478,3.88,0.4,0.1,0.5
170624.767379808,0.3990539406897464,0.11365904669843722,0.5079321703913964,49.5,-0.18,1.0,0.34577471236303126,3.8850000000000002,0.4,0.1,0.5
170624.810914816,0.3991694709535596,0.10876481224709894,0.507858665795957,49.5,-0.18,1.0,0.46784875026701656,3.89,0.4,0.1,0.5
170624.810931648,0.39901367616689465,0.1080890976454002,0.507997328628265,49.5,-0.18,1.0,0.14740440076905514,3.895,0.4,0.1,0.5
170624.81093968,0.39929666030332306,0.11156902571426369,0.5079206449133183,49.5,-0.18,1.0,0.2542191839350423,3.9,0.4,0.1,0.5
170624.810946784,0.39985669914887534,0.11702404255811971,0.50759348125963,49.5,-0.18,1.0,0.3762932218390276,3.9050000000000002,0.4,0.1,0.5
170624.81095296,0.3999829156066317,0.0983219119574374,0.507623463283195,49.5,-0.18,1.0,0.04058961760306801,3.91,0.4,0.1,0.5
170624.81095984,0.39983683296147216,0.09013089190277357,0.5078792323421965,49.5,-0.18,1.0,0.3610339671010294,3.915,0.4,0.1,0.5
170624.810966944,0.3999555555299666,0.09382146535890581,0.5078318033615377,49.5,-0.18,1.0,0.23895992919704412,3.92,0.4,0.1,0.5
170624.810973632,0.4000661618963252,0.09003125042552448,0.5078820350366037,49.5,-0.18,1.0,0.46784875026701656,3.9250000000000003,0.4,0.1,0.5
170624.810979808,0.39994427331247057,0.08848480510087846,0.5080525323929805,49.5,-0.18,1.0,0.11688589129305882,3.93,0.4,0.1,0.5
170624.852059328,0.4002511217659021,0.099124646859498,0.5079567472351586,49.5,-0.18,1.0,0.0863673818170625,3.935,0.4,0.1,0.5
170624.85207184,0.40014200843962944,0.09662068987485696,0.5081974983766313,49.5,-0.18,1.0,0.3610339671010294,3.94,0.4,0.1,0.5
170624.852078592,0.4002556673477203,0.10375674134029612,0.5081768196182604,49.5,-0.18,1.0,0.4525894955290184,3.9450000000000003,0.4,0.1,0.5
170624.852095136,0.400499860869817,0.10741584666780074,0.5080043624286734,49.5,-0.18,1.0,0.39155247657702574,3.95,0.4,0.1,0.5
170624.8521016,0.40059732170911927,0.10825431260884616,0.5079622971576774,49.5,-0.18,1.0,0.3305154576250331,3.955,0.4,0.1,0.5
170624.852108288,0.40084583482946295,0.10501543905392347,0.5078954958482401,49.5,-0.18,1.0,0.39155247657702574,3.96,0.4,0.1,0.5
170624.852114592,0.4010397304390351,0.10814691132877505,0.5078045198397804,49.5,-0.18,1.0,0.43733024079102023,3.9650000000000003,0.4,0.1,0.5
170624.85212096,0.401293167764511,0.10633919579437247,0.5077691456185165,49.5,-0.18,1.0,0.26947843867304044,3.97,0.4,0.1,0.5
170624.896367936,0.40128674373559464,0.10248386606709767,0.5078330691953988,49.5,-0.18,1.0,0.34577471236303126,3.975,0.4,0.1,0.5
170624.896377664,0.4012344244547675,0.10929351592423668,0.5079364538755303,49.5,-0.18,1.0,0.31525620288703493,3.98,0.4,0.1,0.5
170624.89638384,0.40116334443231655,0.10316631690489105,0.5080841084474178,49.5,-0.18,1.0,0.34577471236303126,3.985,0.4,0.1,0.5
170624.896390272,0.4015767077882786,0.10328157658312523,0.5079274991196597,49.5,-0.18,1.0,0.31525620288703493,3.99,0.4,0.1,0.5
170624.896396192,0.40140274378094837,0.09470727200159665,0.5081555763308813,49.5,-0.18,1.0,0.29999694814903677,3.995,0.4,0.1,0.5
170624.896401984,0.40160805758669316,0.09928072110806752,0.5080575767122767,49.5,-0.18,1.0,0.22370067445904596,4.0,0.4,0.1,0.5
170624.896408416,0.4015767709810393,0.10068738017284887,0.5081024700796317,49.5,-0.18,1.0,0.4983672597430129,4.005,0.4,0.1,0.5
170624.896444512,0.40155110181465764,0.10949429150585062,0.5079824041038473,49.5,-0.18,1.0,0.23895992919704412,4.01,0.4,0.1,0.5
170624.8964576,0.40175316678646106,0.10724212941666895,0.5079600422203142,49.5,-0.18,1.0,0.4983672597430129,4.015,0.4,0.1,0.5
170624.93952384,0.4018795369592011,0.10373887228340667,0.5080707444261048,49.5,-0.18,1.0,0.2847376934110386,4.0200000000000005,0.4,0.1,0.5
170624.93953552,0.40201010533999937,0.10836744763887146,0.507978660351588,49.5,-0.18,1.0,0.22370067445904596,4.025,0.4,0.1,0.5
170624.93954272,0.4021914253730374,0.09917368066404422,0.5080052153728177,49.5,-0.18,1.0,0.19318216498304963,4.03,0.4,0.1,0.5
170624.939549024,0.402204948467063,0.10026045655401077,0.5080072479698662,49.5,-0.18,1.0,0.46784875026701656,4.035,0.4,0.1,0.5
170624.939554912,0.4023657047995145,0.10763791257943248,0.5078975500383633,49.5,-0.18,1.0,0.42207098605302207,4.04,0.4,0.1,0.5
170624.93956192,0.40217586235730607,0.10585313722968796,0.508021297258339,49.5,-0.18,1.0,0.5288857692190092,4.045,0.4,0.1,0.5
170624.939568224,0.40252557219381085,0.11957136123427185,0.5077138098077615,49.5,-0.18,1.0,0.3305154576250331,4.05,0.4,0.1,0.5
170624.939574432,0.40287361033545355,0.11876781909089158,0.5075937180285583,49.5,-0.18,1.0,0.39155247657702574,4.055,0.4,0.1,0.5
170624.93958096,0.40286973054345826,0.10645800192333839,0.5076573771643538,49.5,-0.18,1.0,0.11688589129305882,4.0600000000000005,0.4,0.1,0.5
170624.981706944,0.40274490622361137,0.10739099307242096,0.507857786547355,49.5,-0.18,1.0,0.5288857692190092,4.065,0.4,0.1,0.5
170624.9817208,0.40281231629880193,0.10611637407546227,0.5078156797981298,49.5,-0.18,1.0,-0.035706656086922806,4.07,0.4,0.1,0.5
170624.98172752,0.4028477685716872,0.09776301627452834,0.50781201662935,49.5,-0.18,1.0,0.34577471236303126,4.075,0.4,0.1,0.5
170624.9817608,0.4027113867346191,0.10673203356692397,0.5078677982957966,49.5,-0.18,1.0,0.0863673818170625,4.08,0.4,0.1,0.5
170624.981767296,0.4022851211112735,0.10476493025849394,0.5081861756681829,49.5,-0.18,1.0,0.5288857692190092,4.085,0.4,0.1,0.5
170624.981774112,0.4022780358730862,0.10153632168280391,0.5081090638457989,49.5,-0.18,1.0,0.2847376934110386,4.09,0.4,0.1,0.5
170624.981780384,0.40212985891641667,0.10581625850527118,0.5079469348833092,49.5,-0.18,1.0,0.26947843867304044,4.095,0.4,0.1,0.5
170624.98178688,0.4013679463347294,0.09835960012813832,0.5081360842974679,49.5,-0.18,1.0,0.31525620288703493,4.1,0.4,0.1,0.5
170625.02574256,0.4008169199672946,0.09875822009289105,0.5081732077349064,49.5,-0.18,1.0,0.3305154576250331,4.105,0.4,0.1,0.5
170625.025751904,0.39998955536373304,0.1084709305211137,0.5084221910417571,49.5,-0.18,1.0,0.10162663655506066,4.11,0.4,0.1,0.5
170625.025758496,0.3996485435211867,0.12101713360233568,0.5083151008254676,49.5,-0.18,1.0,0.6814783165989908,4.115,0.4,0.1,0.5
170625.025764288,0.3995746468597726,0.11372910409574784,0.5081380913573615,49.5,-0.18,1.0,0.4831080050050147,4.12,0.4,0.1,0.5
170625.025770944,0.3990849614782631,0.11700534804729092,0.5082610776580185,49.5,-0.18,1.0,0.42207098605302207,4.125,0.4,0.1,0.5
170625.025777728,0.3994783238662196,0.10823569526542043,0.5079685481617014,49.5,-0.18,1.0,0.14740440076905514,4.13,0.4,0.1,0.5
170625.025784128,0.39965029355907117,0.10314743559717746,0.507928717476338,49.5,-0.18,1.0,0.4068117313150239,4.135,0.4,0.1,0.5
170625.025790656,0.3996528218760455,0.10942090192255574,0.5078662882812814,49.5,-0.18,1.0,0.11688589129305882,4.14,0.4,0.1,0.5
170625.02580736,0.3997959237577553,0.10171635242605608,0.5079336962942564,49.5,-0.18,1.0,0.39155247657702574,4.1450000000000005,0.4,0.1,0.5
170625.066685696,0.3997582393203852,0.09793287095950429,0.5080073443158841,49.5,-0.18,1.0,0.05584887234106617,4.15,0.4,0.1,0.5
170625.066697152,0.3997822386010362,0.09829415698227736,0.5081453447452086,49.5,-0.18,1.0,0.2847376934110386,4.155,0.4,0.1,0.5
170625.066703744,0.3996374893759479,0.09935993043180905,0.5083469923831175,49.5,-0.18,1.0,0.19318216498304963,4.16,0.4,0.1,0.5
170625.066710592,0.3995240820513394,0.10201781592830246,0.508525166968203,49.5,-0.18,1.0,0.3610339671010294,4.165,0.4,0.1,0.5
170625.066716576,0.40020282296891074,0.0921959227325632,0.5081870165806867,49.5,-0.18,1.0,0.2847376934110386,4.17,0.4,0.1,0.5
170625.06672304,0.40026627100809536,0.09406394029563421,0.508252717383436,49.5,-0.18,1.0,0.4068117313150239,4.175,0.4,0.1,0.5
170625.066729184,0.4003138388303529,0.09619028534251149,0.5082936905461025,49.5,-0.18,1.0,0.11688589129305882,4.18,0.4,0.1,0.5
170625.06673536,0.40084021811718706,0.10198934673487882,0.5079365926352344,49.5,-0.18,1.0,0.42207098605302207,4.1850000000000005,0.4,0.1,0.5
170625.110806496,0.4004571870130409,0.11692618904829352,0.5082130433454566,49.5,-0.18,1.0,0.4068117313150239,4.19,0.4,0.1,0.5
170625.110815328,0.4006640526036006,0.10196390994218925,0.508300881118048,49.5,-0.18,1.0,0.23895992919704412,4.195,0.4,0.1,0.5
170625.110821216,0.40109525798200624,0.11097815547895255,0.5080735262085996,49.5,-0.18,1.0,0.26947843867304044,4.2,0.4,0.1,0.5
170625.11082736,0.4009192551216418,0.09864230854333927,0.5083378044159625,49.5,-0.18,1.0,0.4525894955290184,4.205,0.4,0.1,0.5
170625.110833152,0.4011325434467834,0.11347361158544086,0.5081572396580708,49.5,-0.18,1.0,0.31525620288703493,4.21,0.4,0.1,0.5
170625.110851904,0.4013789263156923,0.10877316570638099,0.5079274307736462,49.5,-0.18,1.0,0.31525620288703493,4.215,0.4,0.1,0.5
170625.110858144,0.4012015347353256,0.0960495815964454,0.5081086229204773,49.5,-0.18,1.0,0.2084414197210478,4.22,0.4,0.1,0.5
170625.110869952,0.401248859750791,0.10942393355981357,0.5082021220752575,49.5,-0.18,1.0,0.5288857692190092,4.225,0.4,0.1,0.5
170625.110876736,0.4018995989739009,0.11487310259829316,0.507680724828677,49.5,-0.18,1.0,0.4068117313150239,4.23,0.4,0.1,0.5
170625.152031424,0.4019322441263801,0.10886550089057505,0.507733788143079,49.5,-0.18,1.0,0.43733024079102023,4.235,0.4,0.1,0.5
170625.15204912,0.40203037296132615,0.10563606434544609,0.507653905184405,49.5,-0.18,1.0,0.31525620288703493,4.24,0.4,0.1,0.5
170625.152059552,0.4017969774471001,0.09101843593344727,0.5080753834313531,49.5,-0.18,1.0,0.3762932218390276,4.245,0.4,0.1,0.5
170625.15206832,0.4019879218991604,0.10276120494005128,0.5080369204361612,49.5,-0.18,1.0,0.2084414197210478,4.25,0.4,0.1,0.5
170625.152076064,0.4020160471507687,0.09628570135431383,0.5081202159907208,49.5,-0.18,1.0,0.39155247657702574,4.255,0.4,0.1,0.5
170625.15208384,0.40221835690890134,0.10596767904769089,0.5079681087238562,49.5,-0.18,1.0,0.05584887234106617,4.26,0.4,0.1,0.5
170625.152090304,0.4022773799418149,0.11716155021088716,0.5079439781806789,49.5,-0.18,1.0,0.43733024079102023,4.265,0.4,0.1,0.5
170625.152096992,0.40261268488942303,0.11309931768948046,0.5076778493960545,49.5,-0.18,1.0,0.513626514481011,4.2700000000000005,0.4,0.1,0.5
170625.196062752,0.40235005714071304,0.11140743318367105,0.5079393589748642,49.5,-0.18,1.0,0.3610339671010294,4.275,0.4,0.1,0.5
170625.196089344,0.4021955495404671,0.10803507997540973,0.5079723324094467,49.5,-0.18,1.0,0.3305154576250331,4.28,0.4,0.1,0.5
170625.196095904,0.402313727018883,0.10094568163259163,0.5078295039335146,49.5,-0.18,1.0,0.3610339671010294,4.285,0.4,0.1,0.5
170625.196102048,0.40141998688656405,0.0915507093336605,0.508264711489118,49.5,-0.18,1.0,0.19318216498304963,4.29,0.4,0.1,0.5
170625.196113568,0.40097580042885084,0.09024063890010418,0.5082750366865257,49.5,-0.18,1.0,0.4525894955290184,4.295,0.4,0.1,0.5
170625.1961208,0.4006943501953359,0.0982954154976868,0.5082243432439846,49.5,-0.18,1.0,0.34577471236303126,4.3,0.4,0.1,0.5
170625.196138976,0.4003208398343007,0.10856841001472534,0.5082728097980169,49.5,-0.18,1.0,0.3305154576250331,4.305,0.4,0.1,0.5
170625.196145696,0.400002620367188,0.10094925175013107,0.5083624887213415,49.5,-0.18,1.0,0.2084414197210478,4.3100000000000005,0.4,0.1,0.5
170625.196151712,0.40007697881708554,0.11083574768705372,0.5079827769791951,49.5,-0.18,1.0,0.26947843867304044,4.315,0.4,0.1,0.5
170625.236920704,0.39977874754324383,0.10842994276727148,0.5079723606995973,49.5,-0.18,1.0,0.5441450239570074,4.32,0.4,0.1,0.5
170625.236929952,0.3999599083636083,0.11568482044967622,0.5076695021748673,49.5,-0.18,1.0,0.4525894955290184,4.325,0.4,0.1,0.5
170625.236935808,0.3995693013712641,0.11854495026089353,0.5077711674429699,49.5,-0.18,1.0,0.29999694814903677,4.33,0.4,0.1,0.5
170625.236941888,0.39967463774880335,0.11348814134147099,0.5076539917529712,49.5,-0.18,1.0,0.22370067445904596,4.335,0.4,0.1,0.5
170625.23694784,0.39975887524206904,0.10471485109813596,0.507697498668614,49.5,-0.18,1.0,0.23895992919704412,4.34,0.4,0.1,0.5
170625.23696448,0.3997768430562893,0.09938279417242815,0.5077151199733265,49.5,-0.18,1.0,0.43733024079102023,4.345,0.4,0.1,0.5
170625.236970784,0.4000929484915022,0.10261944961609089,0.5077200181125113,49.5,-0.18,1.0,0.2847376934110386,4.3500000000000005,0.4,0.1,0.5
170625.23697664,0.4003144752759056,0.11150263332695377,0.5076084522708542,49.5,-0.18,1.0,0.3610339671010294,4.355,0.4,0.1,0.5
170625.280373696,0.40049463076776237,0.11707476359439631,0.507540399313214,49.5,-0.18,1.0,0.29999694814903677,4.36,0.4,0.1,0.5
170625.280383168,0.40058502747777364,0.10855373987344388,0.5076376052371042,49.5,-0.18,1.0,0.43733024079102023,4.365,0.4,0.1,0.5
170625.280389376,0.40047532407198116,0.09942505220523158,0.5079381102318116,49.5,-0.18,1.0,0.1626636555070533,4.37,0.4,0.1,0.5
170625.280395392,0.40040484826513845,0.10180266315943341,0.5080399503966859,49.5,-0.18,1.0,0.29999694814903677,4.375,0.4,0.1,0.5
170625.280401248,0.400449286810088,0.10142535014993363,0.5080951229230392,49.5,-0.18,1.0,0.4068117313150239,4.38,0.4,0.1,0.5
170625.280406912,0.40050934412388306,0.10376303827673561,0.5081084148130993,49.5,-0.18,1.0,0.22370067445904596,4.385,0.4,0.1,0.5
170625.280412832,0.4009201552781138,0.09177951397988818,0.5080205056140781,49.5,-0.18,1.0,0.3305154576250331,4.39,0.4,0.1,0.5
170625.280418976,0.40086379109700343,0.09818926469239021,0.5081422120967434,49.5,-0.18,1.0,0.19318216498304963,4.3950000000000005,0.4,0.1,0.5
170625.280425248,0.40110669501875534,0.0962706335027711,0.5080614783806849,49.5,-0.18,1.0,0.4068117313150239,4.4,0.4,0.1,0.5
170625.324548,0.40106258958885527,0.09101927847336767,0.5081773645394871,49.5,-0.18,1.0,0.19318216498304963,4.405,0.4,0.1,0.5
170625.32456704,0.401282632537676,0.09569337074576943,0.5079254543337952,49.5,-0.18,1.0,0.3305154576250331,4.41,0.4,0.1,0.5
170625.324573088,0.4013397126756667,0.09526511901414622,0.5080339062446725,49.5,-0.18,1.0,0.4831080050050147,4.415,0.4,0.1,0.5
170625.32457904,0.40140650533135996,0.10154285452895828,0.508152421552941,49.5,-0.18,1.0,0.2084414197210478,4.42,0.4,0.1,0.5
170625.324584928,0.4014703231490271,0.09775013866929394,0.5081329676393757,49.5,-0.18,1.0,0.3305154576250331,4.425,0.4,0.1,0.5
170625.324591552,0.40133079968098334,0.10511698982016168,0.5082703495871784,49.5,-0.18,1.0,0.29999694814903677,4.43,0.4,0.1,0.5
170625.324602656,0.4013559177327811,0.09625783508489134,0.5082643792941566,49.5,-0.18,1.0,0.39155247657702574,4.4350000000000005,0.4,0.1,0.5
170625.324608896,0.401449079260571,0.10057684153111383,0.5082740172919298,49.5,-0.18,1.0,0.42207098605302207,4.44,0.4,0.1,0.5
170625.324614752,0.4018350252982461,0.10644563076800026,0.5080909415336103,49.5,-0.18,1.0,0.5594042786950055,4.445,0.4,0.1,0.5
170625.36644224,0.4019726259341207,0.09872698616422441,0.5081422116522286,49.5,-0.18,1.0,0.19318216498304963,4.45,0.4,0.1,0.5
170625.366450592,0.4020800122591881,0.09986338154349553,0.5081076526230407,49.5,-0.18,1.0,0.04058961760306801,4.455,0.4,0.1,0.5
170625.366457344,0.40210919630189973,0.1093588417178369,0.5080193162375783,49.5,-0.18,1.0,0.5288857692190092,4.46,0.4,0.1,0.5
170625.366463232,0.40217983047516165,0.10439823733472556,0.5080446798919858,49.5,-0.18,1.0,0.22370067445904596,4.465,0.4,0.1,0.5
170625.366468896,0.4021500488767209,0.09790886907778092,0.5081367428163995,49.5,-0.18,1.0,0.4068117313150239,4.47,0.4,0.1,0.5
170625.366474592,0.40203863245734817,0.1056196238401342,0.508162035409398,49.5,-0.18,1.0,0.05584887234106617,4.4750000000000005,0.4,0.1,0.5
170625.366490016,0.4019171802294022,0.11391414425193488,0.5080166231319998,49.5,-0.18,1.0,0.3305154576250331,4.48,0.4,0.1,0.5
170625.366496256,0.40179981279092275,0.11754697423656615,0.5078672641143915,49.5,-0.18,1.0,0.23895992919704412,4.485,0.4,0.1,0.5
170625.410431456,0.4011428379700033,0.11894347827304907,0.5081546756634597,49.5,-0.18,1.0,0.4831080050050147,4.49,0.4,0.1,0.5
170625.410439968,0.4008295934340155,0.12625718499663777,0.5080090499432436,49.5,-0.18,1.0,0.14740440076905514,4.495,0.4,0.1,0.5
170625.410445856,0.4003750755107898,0.11859471154092942,0.5081332953197915,49.5,-0.18,1.0,0.4983672597430129,4.5,0.4,0.1,0.5
170625.410469024,0.4001932361892528,0.1137583082898576,0.508109982148983,49.5,-0.18,1.0,0.04058961760306801,4.505,0.4,0.1,0.5
170625.41047584,0.40028631508814405,0.107642381033415,0.5080025371010275,49.5,-0.18,1.0,0.3610339671010294,4.51,0.4,0.1,0.5
170625.410481728,0.4003054538577648,0.10912599584553344,0.5077681836438183,49.5,-0.18,1.0,0.23895992919704412,4.515,0.4,0.1,0.5
170625.41048784,0.4002639817402893,0.10661503355209592,0.5077461391178815,49.5,-0.18,1.0,0.6662190618609927,4.5200000000000005,0.4,0.1,0.5
170625.41049392,0.4002486690224781,0.10670242271038112,0.5076935563241508,49.5,-0.18,1.0,0.39155247657702574,4.525,0.4,0.1,0.5
170625.410500256,0.4004080243362126,0.10463435061436048,0.5076303752975792,49.5,-0.18,1.0,0.3762932218390276,4.53,0.4,0.1,0.5
170625.451339808,0.4004114042600768,0.11357421021540777,0.5076248334867496,49.5,-0.18,1.0,0.07110812707906433,4.535,0.4,0.1,0.5
170625.451351968,0.40013822611581545,0.11599867357180331,0.5079097985063581,49.5,-0.18,1.0,0.46784875026701656,4.54,0.4,0.1,0.5
170625.451372384,0.39996430995714594,0.11822967770226717,0.5080352698690229,49.5,-0.18,1.0,0.31525620288703493,4.545,0.4,0.1,0.5
170625.45137888,0.40022531701536773,0.11639688174613345,0.5079064952918487,49.5,-0.18,1.0,0.696737571336989,4.55,0.4,0.1,0.5
170625.45138496,0.4007066615836299,0.1111551008425984,0.5076517319336169,49.5,-0.18,1.0,0.2847376934110386,4.555,0.4,0.1,0.5
170625.451391232,0.4002653261453177,0.10784885224754549,0.5081137818404413,49.5,-0.18,1.0,0.513626514481011,4.5600000000000005,0.4,0.1,0.5
170625.451397248,0.4006097903438099,0.10155113931329149,0.5080042207661878,49.5,-0.18,1.0,0.23895992919704412,4.565,0.4,0.1,0.5
170625.451403424,0.4009917522295452,0.09447260712416476,0.5079272873621892,49.5,-0.18,1.0,0.42207098605302207,4.57,0.4,0.1,0.5
170625.495622528,0.4012364411644474,0.09965959822460922,0.5077924702422069,49.5,-0.18,1.0,0.34577471236303126,4.575,0.4,0.1,0.5
170625.49563952,0.4013437277594548,0.09841887333390811,0.5077385098363922,49.5,-0.18,1.0,0.5899227881710019,4.58,0.4,0.1,0.5
170625.495647936,0.40120636528781894,0.10721556598080441,0.5078226361664399,49.5,-0.18,1.0,0.23895992919704412,4.585,0.4,0.1,0.5
170625.495654496,0.40130763731234764,0.11137243989964361,0.5078165256136731,49.5,-0.18,1.0,0.3305154576250331,4.59,0.4,0.1,0.5
170625.495660672,0.4016240736799971,0.10626411847269421,0.5078053175215476,49.5,-0.18,1.0,0.2542191839350423,4.595,0.4,0.1,0.5
170625.495667232,0.4017884409159113,0.11089664599805334,0.5077493538772566,49.5,-0.18,1.0,0.34577471236303126,4.6000000000000005,0.4,0.1,0.5
170625.495684288,0.4019444911668261,0.10905722085795042,0.5076842489736975,49.5,-0.18,1.0,0.22370067445904596,4.605,0.4,0.1,0.5
170625.495697024,0.4017686908699915,0.10138900587943116,0.5078896770624921,49.5,-0.18,1.0,0.6662190618609927,4.61,0.4,0.1,0.5
170625.495703328,0.40212168512847574,0.109793606066364,0.5077316665033299,49.5,-0.18,1.0,0.22370067445904596,4.615,0.4,0.1,0.5
170625.536445312,0.40204677408101275,0.10325858922270127,0.5080202928387895,49.5,-0.18,1.0,0.43733024079102023,4.62,0.4,0.1,0.5
170625.536454848,0.4021912281710591,0.10143919747795486,0.5079643298706947,49.5,-0.18,1.0,0.4068117313150239,4.625,0.4,0.1,0.5
170625.536461056,0.40196061604177524,0.09578260754504611,0.5080560920310548,49.5,-0.18,1.0,0.4831080050050147,4.63,0.4,0.1,0.5
170625.536467008,0.40203848421472704,0.0912559567737825,0.5081480578208942,49.5,-0.18,1.0,0.11688589129305882,4.635,0.4,0.1,0.5
170625.536472672,0.40196246150980386,0.10334646502994783,0.5081555450177122,49.5,-0.18,1.0,0.5899227881710019,4.64,0.4,0.1,0.5
170625.53647856,0.4021516875045169,0.09729398499585067,0.5080743609505184,49.68,-0.18,1.0,0.04058961760306801,4.6450000000000005,0.4,0.1,0.5
170625.536496608,0.4021285668465371,0.10994665523041314,0.507934617553438,49.68,-0.18,1.0,0.42207098605302207,4.65,0.4,0.1,0.5
170625.536503712,0.40156813708380723,0.11424590984670759,0.5081550531406879,49.68,-0.18,1.0,0.07110812707906433,4.655,0.4,0.1,0.5
170625.58012864,0.4010048615820566,0.11798169652075145,0.5082278746342604,49.68,-0.18,1.0,0.46784875026701656,4.66,0.4,0.1,0.5
170625.58014592,0.40055961455329103,0.09767781347089369,0.508259812038315,49.68,-0.18,1.0,0.23895992919704412,4.665,0.4,0.1,0.5
170625.580153088,0.4003076537283263,0.11302160680343992,0.5081575778882108,49.68,-0.18,1.0,0.31525620288703493,4.67,0.4,0.1,0.5
170625.580191808,0.4001555903521359,0.11599274170295933,0.5079487500666817,49.68,-0.18,1.0,0.2847376934110386,4.675,0.4,0.1,0.5
170625.580198368,0.4000495534465352,0.12081479311492442,0.5078323830502156,49.68,-0.18,1.0,0.5441450239570074,4.68,0.4,0.1,0.5
170625.580205376,0.39968938195786796,0.1181457121987917,0.5080403182531368,49.68,-0.18,1.0,0.513626514481011,4.6850000000000005,0.4,0.1,0.5
170625.580211488,0.3998560257164666,0.11883921049912406,0.5078460611383812,49.68,-0.18,1.0,0.5899227881710019,4.69,0.4,0.1,0.5
170625.580218016,0.40002554370915067,0.1132599397812354,0.5077194024434155,49.68,-0.18,1.0,-0.005188146610926481,4.695,0.4,0.1,0.5
170625.58022416,0.3998791192098427,0.11188244494332296,0.5078946399802466,49.68,-0.18,1.0,0.4525894955290184,4.7,0.4,0.1,0.5
170625.62203392,0.39991882357727104,0.11177377151878828,0.507871613719741,49.68,-0.18,1.0,0.31525620288703493,4.705,0.4,0.1,0.5
170625.622044032,0.40015347347994784,0.11206328682131675,0.507792879762475,49.68,-0.18,1.0,0.4525894955290184,4.71,0.4,0.1,0.5
170625.622050272,0.4002329846888455,0.11150633353539095,0.5079493492064308,49.68,-0.18,1.0,0.1626636555070533,4.715,0.4,0.1,0.5
170625.622068096,0.40042058133943303,0.11736739928886132,0.5078232036168483,49.68,-0.18,1.0,0.2542191839350423,4.72,0.4,0.1,0.5
170625.622074592,0.4005236272360764,0.11235871017439542,0.5078766746771495,49.68,-0.18,1.0,0.22370067445904596,4.7250000000000005,0.4,0.1,0.5
170625.622080896,0.400541264412981,0.10796387157986334,0.507921877606916,49.68,-0.18,1.0,0.5441450239570074,4.73,0.4,0.1,0.5
170625.622087264,0.4007778303003413,0.11302103696713409,0.5078170766720228,49.68,-0.18,1.0,0.10162663655506066,4.735,0.4,0.1,0.5
170625.622093408,0.40102135092707075,0.11320867082290713,0.5077373783510338,49.68,-0.18,1.0,0.3762932218390276,4.74,0.4,0.1,0.5
170625.666074816,0.4011707956350894,0.09892996510566236,0.5078181967108422,49.68,-0.18,1.0,0.4525894955290184,4.745,0.4,0.1,0.5
170625.666083872,0.4009010545467975,0.10245978663001838,0.5080834611833721,49.68,-0.18,1.0,0.29999694814903677,4.75,0.4,0.1,0.5
170625.666089664,0.4009993284626673,0.10297921943523654,0.5080757550282281,49.68,-0.18,1.0,0.2542191839350423,4.755,0.4,0.1,0.5
170625.666095392,0.4011071827458197,0.10493774829703907,0.5080482516497002,49.68,-0.18,1.0,0.4068117313150239,4.76,0.4,0.1,0.5
170625.666101344,0.4014914017116912,0.10367602503226414,0.5079299656766156,49.68,-0.18,1.0,0.22370067445904596,4.765,0.4,0.1,0.5
170625.666106944,0.4012506760925828,0.11773176141697413,0.5081749830324093,49.68,-0.18,1.0,0.5594042786950055,4.7700000000000005,0.4,0.1,0.5
170625.666113024,0.4012741928837814,0.10914493463525513,0.5082609579260038,49.68,-0.18,1.0,0.3610339671010294,4.775,0.4,0.1,0.5
170625.666119488,0.40146394832837357,0.11527227754142809,0.5081183279204475,49.68,-0.18,1.0,0.5441450239570074,4.78,0.4,0.1,0.5
170625.666125824,0.40182662112436945,0.13335507182012094,0.5078610534093712,49.68,-0.18,1.0,0.11688589129305882,4.785,0.4,0.1,0.5
170625.709413984,0.40186467559141065,0.12135085788987161,0.5079644852780368,49.68,-0.18,1.0,0.22370067445904596,4.79,0.4,0.1,0.5
170625.709424512,0.40178978240990976,0.12759534659646335,0.5081821146120752,49.68,-0.18,1.0,0.025330362865069844,4.795,0.4,0.1,0.5
170625.70943136,0.4018699163205408,0.126292684640958,0.5081418582519802,49.68,-0.18,1.0,0.4831080050050147,4.8,0.4,0.1,0.5
170625.709438304,0.40184371321521345,0.11368557484593338,0.5082640222084456,49.68,-0.18,1.0,0.3762932218390276,4.805,0.4,0.1,0.5
170625.709457792,0.4014934036649818,0.11196270439892061,0.5086549955901101,49.68,-0.18,1.0,0.3610339671010294,4.8100000000000005,0.4,0.1,0.5
170625.70946464,0.4013018223667328,0.10102720887848857,0.5086185750155192,49.68,-0.18,1.0,0.19318216498304963,4.815,0.4,0.1,0.5
170625.70947088,0.40101412507395057,0.08672608202309565,0.5085043019171749,49.68,-0.18,1.0,0.4525894955290184,4.82,0.4,0.1,0.5
170625.709477024,0.4014294053631911,0.09044598297749219,0.5077870727582231,49.68,-0.18,1.0,0.34577471236303126,4.825,0.4,0.1,0.5
170625.709483328,0.4008007480652963,0.07713579507183221,0.507864053563858,49.68,-0.18,1.0,0.46784875026701656,4.83,0.4,0.1,0.5
170625.751376736,0.4005328091424173,0.08028803701933761,0.5075974887188948,49.68,-0.18,1.0,0.3305154576250331,4.835,0.4,0.1,0.5
170625.75138496,0.3997054847231381,0.07987187896026086,0.507684643393353,49.68,-0.18,1.0,0.34577471236303126,4.84,0.4,0.1,0.5
170625.751390816,0.3991145866386117,0.07491351628058653,0.5077814281066083,49.5,-0.18,1.0,0.4068117313150239,4.845,0.4,0.1,0.5
170625.75139648,0.39870481484671016,0.0712049190368978,0.5077310640919427,49.5,-0.18,1.0,0.2084414197210478,4.8500000000000005,0.4,0.1,0.5
170625.751402272,0.3985531018523462,0.09745547639404335,0.5075447624024227,49.5,-0.18,1.0,0.4068117313150239,4.855,0.4,0.1,0.5
170625.751408224,0.3981097844325953,0.10576001715487189,0.507658578918126,49.5,-0.18,1.0,0.4068117313150239,4.86,0.4,0.1,0.5
170625.75142432,0.39762847960926756,0.10683445774112096,0.5080065727418802,49.5,-0.18,1.0,0.43733024079102023,4.865,0.4,0.1,0.5
170625.751431296,0.39746051129710736,0.09748888539401186,0.5080844022156562,49.5,-0.18,1.0,0.29999694814903677,4.87,0.4,0.1,0.5
170625.794344704,0.3976781807723552,0.08751481212857666,0.5081563226006002,49.5,-0.18,1.0,0.3762932218390276,4.875,0.4,0.1,0.5
170625.79435392,0.3983143679888964,0.11436722728251263,0.5077016191715715,49.5,-0.18,1.0,0.26947843867304044,4.88,0.4,0.1,0.5
170625.794360032,0.39796309225304016,0.120649230039821,0.508058725610252,49.5,-0.18,1.0,0.14740440076905514,4.885,0.4,0.1,0.5
170625.794365696,0.397895405594963,0.11493033052305343,0.5083388437040431,49.5,-0.18,1.0,0.34577471236303126,4.89,0.4,0.1,0.5
170625.794371168,0.3984547658930267,0.10641152522646465,0.5080218819431329,49.5,-0.18,1.0,0.43733024079102023,4.8950000000000005,0.4,0.1,0.5
170625.79437696,0.3984361276514109,0.10782811782114506,0.508132312045498,49.5,-0.18,1.0,0.39155247657702574,4.9,0.4,0.1,0.5
170625.794382752,0.39828243571691524,0.09819181493727767,0.5083174362959277,49.5,-0.18,1.0,0.3610339671010294,4.905,0.4,0.1,0.5
170625.794388768,0.39874081772973385,0.08553456958578418,0.508064182029399,49.5,-0.18,1.0,0.29999694814903677,4.91,0.4,0.1,0.5
170625.794394688,0.3989869439761999,0.09911086973365436,0.5079006184772659,49.5,-0.18,1.0,0.29999694814903677,4.915,0.4,0.1,0.5
170625.83619184,0.3998175668530199,0.099297090891066,0.5074949741269408,49.5,-0.18,1.0,0.5899227881710019,4.92,0.4,0.1,0.5
170625.836199904,0.39992578252807437,0.11117314426939004,0.5076032135285117,49.5,-0.18,1.0,0.5594042786950055,4.925,0.4,0.1,0.5
170625.836216768,0.4003135543801496,0.11781619331605775,0.5073642163469414,49.5,-0.18,1.0,0.29999694814903677,4.93,0.4,0.1,0.5
170625.836228576,0.3999003783787559,0.12537874266913715,0.507817740243522,49.5,-0.18,1.0,0.17792291024505147,4.9350000000000005,0.4,0.1,0.5
170625.836234336,0.39976378145728425,0.126109843632047,0.5080322310738985,49.5,-0.18,1.0,0.22370067445904596,4.94,0.4,0.1,0.5
170625.836240384,0.4000416339534173,0.10726504458823023,0.5079020137589563,49.5,-0.18,1.0,0.43733024079102023,4.945,0.4,0.1,0.5
170625.836246112,0.4004214101877235,0.11112602555235905,0.5076897393397323,49.5,-0.18,1.0,0.23895992919704412,4.95,0.4,0.1,0.5
170625.83625184,0.4005015322027285,0.12134043552496696,0.5077879491294638,49.5,-0.18,1.0,0.2847376934110386,4.955,0.4,0.1,0.5
170625.880192512,0.40038025767909785,0.11433053495603518,0.5080346888537585,49.5,-0.18,1.0,-0.020447401348924643,4.96,0.4,0.1,0.5
170625.880200448,0.4003829161303,0.10181158562232308,0.5080831053927515,49.5,-0.18,1.0,0.4983672597430129,4.965,0.4,0.1,0.5
170625.880206272,0.4012640469103915,0.09854087452015475,0.5076143995777639,49.5,-0.18,1.0,0.0863673818170625,4.97,0.4,0.1,0.5
170625.880212064,0.40097567475322293,0.09583946351257279,0.5080229105891378,49.5,-0.18,1.0,0.43733024079102023,4.9750000000000005,0.4,0.1,0.5
170625.880217984,0.4014476818507919,0.09190489877541942,0.5078130396936049,49.5,-0.18,1.0,0.19318216498304963,4.98,0.4,0.1,0.5
170625.880223776,0.40181266628145934,0.0869793719185053,0.5074404985688319,49.5,-0.18,1.0,0.6204412976469982,4.985,0.4,0.1,0.5
170625.880229568,0.4014564697295437,0.09354979248953799,0.5075730780259724,49.5,-0.18,1.0,-0.005188146610926481,4.99,0.4,0.1,0.5
170625.880235424,0.4016870843858416,0.10371884966162645,0.5075350977411057,49.68,-0.18,1.0,0.39155247657702574,4.995,0.4,0.1,0.5
170625.880241568,0.40117744488485085,0.09511676984059705,0.5081301922019478,49.68,-0.18,1.0,0.04058961760306801,5.0,0.0,0.6,0.5
170625.921170048,0.4016235040716156,0.10555433721833388,0.5078085984110167,49.68,-0.18,1.0,0.5594042786950055,5.005,0.0,0.6,0.5
170625.921188768,0.40172635036393345,0.11679765040735182,0.5077656074424745,49.68,-0.18,1.0,0.34577471236303126,5.01,0.0,0.6,0.5
170625.921194688,0.40145504402872456,0.09825869536878515,0.5081348351885373,49.68,-0.18,1.0,0.3762932218390276,5.015,0.0,0.6,0.5
170625.921200288,0.4015335729171485,0.09667176300505881,0.5081211715859957,49.68,-0.18,1.0,0.26947843867304044,5.0200000000000005,0.0,0.6,0.5
170625.921205792,0.4019438804807889,0.08849852325024568,0.507905519515726,49.68,-0.18,1.0,0.4983672597430129,5.025,0.0,0.6,0.5
170625.921211488,0.4021819392323315,0.10812156835949673,0.5076475133634684,49.68,-0.18,1.0,0.23895992919704412,5.03,0.0,0.6,0.5
170625.921217568,0.40207285692961225,0.11949099560466117,0.5077857544541503,49.68,-0.18,1.0,0.3762932218390276,5.035,0.0,0.6,0.5
170625.92122352,0.4020173448810056,0.10731182643723687,0.507999274752264,49.68,-0.18,1.0,0.34577471236303126,5.04,0.0,0.6,0.5
170625.965648704,0.402216516161957,0.10316456089647941,0.507808896957974,49.68,-0.18,1.0,0.605182042909,5.045,0.0,0.6,0.5
170625.965663872,0.402212894610529,0.10957869178196944,0.5078896217392189,49.68,-0.18,1.0,0.42207098605302207,5.05,0.0,0.6,0.5
170625.965671456,0.4019251715385773,0.09009364240188454,0.5081280089995273,49.68,-0.18,1.0,0.34577471236303126,5.055,0.0,0.6,0.5
170625.965677696,0.4022491740547389,0.09883587085330332,0.5079441244927632,49.68,-0.18,1.0,0.46784875026701656,5.0600000000000005,0.0,0.6,0.5
170625.965683744,0.40221649301872986,0.10805747361027657,0.5079781593399589,49.68,-0.18,1.0,0.43733024079102023,5.065,0.0,0.6,0.5
170625.965690464,0.4025766951479991,0.10478524308668465,0.5078526092792935,49.68,-0.18,1.0,0.17792291024505147,5.07,0.0,0.6,0.5
170625.965717856,0.40282094399025864,0.10618461797174386,0.5077450890264554,49.68,-0.18,1.0,0.2084414197210478,5.075,0.0,0.6,0.5
170625.965724736,0.40297665841905395,0.10239754027381344,0.5077377442942401,49.68,-0.18,1.0,0.1626636555070533,5.08,0.0,0.6,0.5
170625.965730912,0.40268109059137713,0.1080372197414704,0.5079582425033632,49.68,-0.18,1.0,0.6357005523849963,5.085,0.0,0.6,0.5
170626.006793248,0.4028422071268429,0.10279846191297375,0.5078125152022547,49.68,-0.18,1.0,0.22370067445904596,5.09,0.0,0.6,0.5
170626.006805888,0.40318781710380425,0.09784935364895042,0.5074913920541705,49.68,-0.18,1.0,0.39155247657702574,5.095,0.0,0.6,0.5
170626.006812288,0.40292247893744604,0.10499164021688719,0.5076875099840175,49.68,-0.18,1.0,0.4068117313150239,5.1000000000000005,0.0,0.6,0.5
170626.0068184,0.4023243819714206,0.0963595780715025,0.5079390360498289,49.68,-0.18,1.0,0.605182042909,5.105,0.0,0.6,0.5
170626.006824,0.40257014430908333,0.10656195484356364,0.5075367265211214,49.68,-0.18,1.0,0.34577471236303126,5.11,0.0,0.6,0.5
170626.006829888,0.40179325379985303,0.10782188366354187,0.5078041634104787,49.68,-0.18,1.0,0.5594042786950055,5.115,0.0,0.6,0.5
170626.00683584,0.40122437176309794,0.11130387059896585,0.5075335146055175,49.68,-0.18,1.0,0.3610339671010294,5.12,0.0,0.6,0.5
170626.006842112,0.40043136315946315,0.11348275936140949,0.5074959479490467,49.68,-0.18,1.0,0.46784875026701656,5.125,0.0,0.6,0.5
170626.051104,0.400089807019708,0.09805367342843307,0.5074046308715887,49.68,-0.18,1.0,0.3762932218390276,5.13,0.0,0.6,0.5
170626.051113888,0.3991428702148183,0.09641859107568067,0.5078124876692527,49.68,-0.18,1.0,0.5746635334330037,5.135,0.0,0.6,0.5
170626.05113424,0.3989561491831404,0.09693714003526353,0.5075969156686407,49.68,-0.18,1.0,0.31525620288703493,5.14,0.0,0.6,0.5
170626.051145632,0.39848365054403134,0.11417936358491851,0.5077258407043053,49.68,-0.18,1.0,0.6662190618609927,5.1450000000000005,0.0,0.6,0.5
170626.051151872,0.39869580513635405,0.10213782460516906,0.5076724330721811,49.68,-0.18,1.0,0.29999694814903677,5.15,0.0,0.6,0.5
170626.051157664,0.3985260548186194,0.10328827550165104,0.507780860387647,49.68,-0.18,1.0,0.605182042909,5.155,0.0,0.6,0.5
170626.051163808,0.3986760508941723,0.08522964480350297,0.5075996205799016,49.68,-0.18,1.0,0.10162663655506066,5.16,0.4,0.1,0.5
170626.05117008,0.39858133706446536,0.09284423673943269,0.507774258661631,49.68,-0.18,1.0,0.4068117313150239,5.165,0.4,0.1,0.5
170626.051176192,0.3987066337451694,0.08774493593779574,0.5077827328861106,49.68,-0.18,1.0,0.3762932218390276,5.17,0.4,0.1,0.5
170626.092114592,0.39908580298803015,0.10604105064974803,0.5074945142289156,49.68,-0.18,1.0,0.6814783165989908,5.175,0.4,0.1,0.5
170626.092126368,0.39927424985956517,0.12675450155644483,0.5073510269268573,49.68,-0.18,1.0,0.2847376934110386,5.18,0.4,0.1,0.5
170626.092132608,0.399175120566932,0.11219297495052159,0.5076906887396753,49.68,-0.18,1.0,0.43733024079102023,5.1850000000000005,0.4,0.1,0.5
170626.092138368,0.39973515240912744,0.10193767167739513,0.5074951643016273,49.68,-0.18,1.0,-0.005188146610926481,5.19,0.4,0.1,0.5
170626.092144,0.3995098983170913,0.10392377459823722,0.5076538957579269,49.68,-0.18,1.0,0.6509598071229945,5.195,0.4,0.1,0.5
170626.09214992,0.3997182558678797,0.09698519410051473,0.5077656508531792,49.68,-0.18,1.0,0.29999694814903677,5.2,0.4,0.1,0.5
170626.092167136,0.4000289945365022,0.08560958768862016,0.5076512286617193,49.68,-0.18,1.0,0.5594042786950055,5.205,0.4,0.1,0.5
170626.092173248,0.39907059824756963,0.09631014855690717,0.5078236755566953,49.68,-0.18,1.0,0.17792291024505147,5.21,0.4,0.1,0.5
170626.13630736,0.3919865979467924,0.12118149840245884,0.50736969986617,49.5,-0.18,1.0,0.5441450239570074,5.215,0.4,0.1,0.5
170626.13631632,0.3802077491709102,0.12303223839069746,0.5073295783227617,49.5,-0.18,1.0,0.2847376934110386,5.22,0.4,0.1,0.5
170626.136322048,0.3686794450381319,0.12752147226964416,0.5071922550973743,49.5,-0.18,1.0,0.4831080050050147,5.2250000000000005,0.4,0.1,0.5
170626.13632768,0.35437782352907077,0.14506765828050092,0.5070470187250222,49.32,-0.18,1.0,0.010071108127071682,5.23,0.4,0.1,0.5
170626.136333664,0.3344242337504446,0.1695185833276584,0.5071821175007388,49.14,-0.18,1.0,0.43733024079102023,5.235,0.4,0.1,0.5
170626.136339072,0.3120022209189875,0.1891064490736169,0.5071182695823295,48.78,-0.18,1.0,0.34577471236303126,5.24,0.4,0.1,0.5
170626.136345248,0.2871390448653111,0.2065045745233742,0.506711495482491,48.42,-0.18,1.0,0.4831080050050147,5.245,0.4,0.1,0.5
170626.136351328,0.26304706907012215,0.22486471120191465,0.506193977748669,48.059999999999995,-0.18,1.0,0.31525620288703493,5.25,0.4,0.1,0.5
170626.136357312,0.23749088795840934,0.232650919288565,0.5063915504196062,47.519999999999996,-0.18,1.0,0.5441450239570074,5.255,0.4,0.1,0.5
170626.179849952,0.21434832032246462,0.2506299123442244,0.5059739176421559,46.8,-0.18,1.0,0.2542191839350423,5.26,0.4,0.1,0.5
170626.179867136,0.1918923423192706,0.2711735184196784,0.5060118909494494,46.08,-0.18,1.0,0.4525894955290184,5.265,0.4,0.1,0.5
170626.179873952,0.17202973534300203,0.28289319447817113,0.5058234690553308,45.36,-0.18,1.0,0.2847376934110386,5.2700000000000005,0.4,0.1,0.5
170626.179896768,0.15224514319578417,0.28558703761661963,0.505544572690372,44.28,-0.18,1.0,0.29999694814903677,5.275,0.4,0.1,0.5
170626.179902944,0.1367036401814103,0.308833673108939,0.5051438554976146,43.379999999999995,-0.18,1.0,0.43733024079102023,5.28,0.4,0.1,0.5
170626.17990912,0.12230035013347121,0.31028229358325354,0.5050872158602471,42.12,-0.18,1.0,0.513626514481011,5.285,0.4,0.1,0.5
170626.179921632,0.10833745472873682,0.3241169925969677,0.5049383321697968,40.86,-0.18,1.0,0.3305154576250331,5.29,0.4,0.1,0.5
170626.179928,0.08480053632992654,0.3285634245650778,0.5051444323967518,39.42,-0.18,1.0,0.29999694814903677,5.295,0.4,0.1,0.5
170626.179933664,0.073558134345824,0.34483760958574594,0.5049360725508953,37.8,-0.18,1.0,0.14740440076905514,5.3,0.4,0.1,0.5
170626.220692544,0.058659562467874564,0.35399644669886887,0.5049374979678978,36.18,-0.18,1.0,0.31525620288703493,5.305,0.4,0.1,0.5
170626.220702208,0.06060441409527632,0.36199822275362664,0.5045783814727416,34.379999999999995,-0.18,1.0,0.14740440076905514,5.3100000000000005,0.4,0.1,0.5
170626.220708,0.05154309031340417,0.37628046405700866,0.5045311419839419,32.4,-0.18,1.0,0.34577471236303126,5.315,0.4,0.1,0.5
170626.220713792,0.03949873392047915,0.3833350524142968,0.503895741510795,30.24,-0.18,1.0,0.3762932218390276,5.32,0.4,0.1,0.5
170626.220719392,0.028420412333650422,0.390830770158561,0.5038251346321942,28.08,-0.18,1.0,0.26947843867304044,5.325,0.4,0.1,0.5
170626.220725376,0.016620976740672838,0.3980717050361009,0.5040100869241102,25.919999999999998,-0.18,1.0,0.42207098605302207,5.33,0.4,0.1,0.5
170626.220731552,0.015002024217821009,0.40190420419585077,0.5040320507991854,23.4,-0.18,1.0,0.513626514481011,5.335,0.4,0.1,0.5
170626.220748032,0.004227752333208665,0.41101330142586334,0.5040648160789503,21.06,-0.18,1.0,0.34577471236303126,5.34,0.4,0.1,0.5
170626.26481712,0.0030523380653422654,0.4239220831144134,0.5040926615279622,18.54,-0.18,1.0,0.17792291024505147,5.345,0.4,0.1,0.5
170626.264826528,-0.004168602327358252,0.4316740117457082,0.5039127677342118,15.84,-0.18,1.0,0.3610339671010294,5.3500000000000005,0.4,0.1,0.5
170626.264832352,-0.005903132798914354,0.4297626697391357,0.5036550422631993,13.139999999999999,-0.18,1.0,0.17792291024505147,5.355,0.4,0.1,0.5
170626.264849344,0.01016511157183499,0.4311712480385025,0.5036671787603929,10.44,-0.18,1.0,0.43733024079102023,5.36,0.4,0.1,0.5
170626.264855328,-0.007190306826405342,0.43573992836088693,0.503184578096848,7.56,-0.18,1.0,0.39155247657702574,5.365,0.4,0.1,0.5
170626.264861216,0.00961065824534627,0.45138488070157995,0.50298732429393,4.68,-0.18,1.0,24.409619434186858,5.37,0.4,0.1,0.5
170626.264867328,-0.0010628207207592866,0.4555577506063671,0.5031753936278314,2.52,5.04,1.0,2.4668111209448327,5.375,0.4,0.1,0.5
170626.264873248,-0.0010518241046636313,0.4570433147871037,0.5047675786203233,1.08,6.4799999999999995,1.0,0.4983672597430129,5.38,0.4,0.1,0.5
170626.264879296,0.0019109499964248076,0.456112017019745,0.505556065603705,1.08,6.3,1.0,3.718070009460737,5.385,0.4,0.1,0.5
170626.30740912,0.01439348544336267,0.45520737683953244,0.5065457063420636,1.7999999999999998,5.3999999999999995,1.0,0.34577471236303126,5.39,0.4,0.1,0.5
170626.307422912,0.013100298196165622,0.45631098921869095,0.505745132556456,3.2399999999999998,3.06,1.0,5.213476973784612,5.3950000000000005,0.4,0.1,0.5
170626.307429888,0.02247617653575567,0.4506762534736182,0.5034747211485127,5.3999999999999995,0.36,1.0,0.9866634113590109,5.4,0.4,0.1,0.5
170626.307450176,0.03667189972631918,0.45115986753066006,0.5018497776078771,6.3,0.0,1.0,-0.05096591082492097,5.405,0.4,0.1,0.5
170626.307456096,0.05649389116806056,0.4486554049033603,0.5009772210856172,7.56,0.36,1.0,0.3305154576250331,5.41,0.4,0.1,0.5
170626.307462656,0.07037732885634632,0.4445648103996726,0.4994253026993607,9.0,-0.18,1.0,0.2847376934110386,5.415,0.4,0.1,0.5
170626.307468512,0.08816732140150613,0.44034519939316213,0.49930164929509285,9.9,0.0,1.0,0.5746635334330037,5.42,0.4,0.1,0.5
170626.307474496,0.10299690673660196,0.417114472420028,0.49879087951129675,10.799999999999999,0.0,1.0,0.05584887234106617,5.425,0.4,0.1,0.5
170626.350612544,0.11787401494545266,0.40665949287557845,0.4982201643710291,11.879999999999999,0.0,1.0,0.19318216498304963,5.43,0.4,0.1,0.5
170626.35062224,0.14382937186189745,0.392729666554381,0.4985878489049825,12.78,0.0,1.0,0.2084414197210478,5.4350000000000005,0.4,0.1,0.5
170626.350628192,0.16081091124744135,0.3733513151589929,0.4987254957986121,13.68,0.0,1.0,0.6357005523849963,5.44,0.4,0.1,0.5
170626.350634016,0.17980933717373057,0.34871467401950607,0.49830588835013123,14.76,0.0,1.0,0.22370067445904596,5.445,0.4,0.1,0.5
170626.350640128,0.19401840039800217,0.3366640914013148,0.4984923698488391,15.66,0.0,1.0,0.4831080050050147,5.45,0.4,0.1,0.5
170626.35064624,0.21037540071413463,0.32384187676190385,0.4986414192974751,16.74,0.0,1.0,0.1626636555070533,5.455,0.4,0.1,0.5
170626.35065232,0.22724016021418134,0.31500521425141087,0.4983734178341079,17.64,0.0,1.0,0.34577471236303126,5.46,0.4,0.1,0.5
170626.350658432,0.23832042074120424,0.29711389606436234,0.49861862110823957,18.72,0.0,1.0,0.39155247657702574,5.465,0.4,0.1,0.5
170626.35067552,0.2520225805918425,0.28186355179866984,0.49867699116333575,19.8,0.0,1.0,0.43733024079102023,5.47,0.4,0.1,0.5
170626.391634176,0.26476022871118365,0.279134968316453,0.49867274765678726,20.88,0.0,1.0,0.22370067445904596,5.4750000000000005,0.4,0.1,0.5
170626.391644448,0.273525510180632,0.26512168187887875,0.4986960750639142,22.14,0.0,1.0,0.6509598071229945,5.48,0.4,0.1,0.5
170626.391650688,0.28286934012648385,0.252146589548248,0.49903032148070514,23.4,0.0,1.0,0.3762932218390276,5.485,0.4,0.1,0.5
170626.391656672,0.2934833029759434,0.24500109827314234,0.499081819801688,24.66,0.0,1.0,0.2847376934110386,5.49,0.4,0.1,0.5
170626.391662336,0.30024830270705094,0.2296653793719949,0.49916450267420126,25.919999999999998,0.0,1.0,0.3610339671010294,5.495,0.4,0.1,0.5
170626.391679328,0.3071154297842096,0.23049483054471132,0.49962515505786453,27.18,0.0,1.0,0.3610339671010294,5.5,0.4,0.1,0.5
170626.391688192,0.3149209604296126,0.22181328683326682,0.5002280183710487,28.619999999999997,0.0,1.0,0.23895992919704412,5.505,0.4,0.1,0.5
170626.39169456,0.3202326377159458,0.20917316358006138,0.50053149679626,30.06,0.0,1.0,0.3762932218390276,5.51,0.4,0.1,0.5
170626.435862848,0.3249320317366336,0.20039304990879386,0.5011936081692192,31.5,0.0,1.0,0.17792291024505147,5.515,0.4,0.1,0.5
170626.43587216,0.33187541848422303,0.20779131545139232,0.501450234309199,32.94,0.0,1.0,0.3305154576250331,5.5200000000000005,0.4,0.1,0.5
170626.435878144,0.33682847001279204,0.20681733555833215,0.5016889799342371,34.379999999999995,0.0,1.0,0.2084414197210478,5.525,0.4,0.1,0.5
170626.435883904,0.34068927868068755,0.19765711464834443,0.5023509711210284,35.82,0.0,1.0,0.42207098605302207,5.53,0.4,0.1,0.5
170626.435889888,0.3464676361099298,0.19866248146560997,0.5024796041449956,37.26,0.0,1.0,0.10162663655506066,5.535,0.4,0.1,0.5
170626.43590656,0.35057033607257865,0.18482616447456707,0.5030589512657209,38.519999999999996,0.0,1.0,0.4068117313150239,5.54,0.4,0.1,0.5
170626.435912864,0.35369578522453177,0.17966971005785876,0.5035785761166597,39.96,0.0,1.0,0.23895992919704412,5.545,0.4,0.1,0.5
170626.435919616,0.35785513597906726,0.1778688791651874,0.5041651679934808,41.22,0.0,1.0,0.34577471236303126,5.55,0.4,0.1,0.5
170626.43592576,0.3615350984434738,0.1748994875183425,0.504647218479514,42.48,0.0,1.0,0.29999694814903677,5.555,0.4,0.1,0.5
170626.476990688,0.364411789003908,0.18149886710323385,0.504698654229,43.739999999999995,0.0,1.0,0.5288857692190092,5.5600000000000005,0.4,0.1,0.5
170626.477005568,0.3678616965088646,0.16952556964918006,0.5051492969187078,45.0,0.0,1.0,0.025330362865069844,5.565,0.4,0.1,0.5
170626.47702912,0.37109305523762254,0.17439237471348623,0.5055861197514504,46.08,0.0,1.0,0.42207098605302207,5.57,0.4,0.1,0.5
170626.477036576,0.3737017262087487,0.16599953421861663,0.5058205287321877,47.16,0.0,1.0,0.04058961760306801,5.575,0.4,0.1,0.5
170626.477042464,0.37674688579574367,0.16376500955439702,0.5057914898297287,48.059999999999995,0.0,1.0,0.5594042786950055,5.58,0.4,0.1,0.5
170626.477048768,0.3798652169409514,0.16775803554838767,0.505598247796688,48.96,0.0,1.0,0.3762932218390276,5.585,0.4,0.1,0.5
170626.477055008,0.38190365798863396,0.15845461155980617,0.5057435606095105,49.68,0.0,1.0,0.3305154576250331,5.59,0.4,0.1,0.5
170626.477060896,0.384359320745996,0.15493112230061407,0.5057339502524774,50.58,0.0,1.0,0.17792291024505147,5.595,0.4,0.1,0.5
170626.521256224,0.38633399577362604,0.15992713782377574,0.5058542642324599,51.12,0.0,1.0,0.5594042786950055,5.6000000000000005,0.4,0.1,0.5
170626.521283264,0.3876661224333281,0.16441473464856607,0.5060912642742165,51.66,0.0,1.0,0.23895992919704412,5.605,0.4,0.1,0.5
170626.52129088,0.38896110494657854,0.1525787022786479,0.5063012000525802,52.199999999999996,0.0,1.0,0.5899227881710019,5.61,0.4,0.1,0.5
170626.521297152,0.39090656319133615,0.1528846827408196,0.5062969064164968,52.559999999999995,0.0,1.0,0.1626636555070533,5.615,0.4,0.1,0.5
170626.521303008,0.3921020087868247,0.14762525600766224,0.5067202866226101,52.919999999999995,0.0,1.0,0.5288857692190092,5.62,0.4,0.1,0.5
170626.521309376,0.3936031732727223,0.15418392114139154,0.5066777166057246,53.1,0.0,1.0,0.43733024079102023,5.625,0.4,0.1,0.5
170626.521315296,0.39548810353488667,0.14666481641011284,0.5066658572769641,53.1,0.0,1.0,0.4831080050050147,5.63,0.4,0.1,0.5
170626.521321984,0.39670098417580735,0.1399023307306821,0.5070046612187222,53.1,0.0,1.0,-0.005188146610926481,5.635,0.4,0.1,0.5
170626.521328064,0.3975934926502602,0.14735069693471023,0.5073997699301286,53.1,0.0,1.0,0.605182042909,5.64,0.4,0.1,0.5
170626.564411616,0.39909780497125247,0.15098623963901356,0.5076877500569276,52.919999999999995,0.0,1.0,0.19318216498304963,5.6450000000000005,0.4,0.1,0.5
170626.564422752,0.4005998669866291,0.14692747274100165,0.5077807455463135,52.919999999999995,0.0,1.0,0.2847376934110386,5.65,0.4,0.1,0.5
170626.564428992,0.4015608758011833,0.14731869028639352,0.5080983182935342,52.739999999999995,0.0,1.0,0.04058961760306801,5.655,0.4,0.1,0.5
170626.564434976,0.4026489769862717,0.14289921737935946,0.5080967872884643,52.559999999999995,0.0,1.0,0.5594042786950055,5.66,0.4,0.1,0.5
170626.564440512,0.40361326862637936,0.14934482879129504,0.5080121824182289,52.379999999999995,0.0,1.0,0.1626636555070533,5.665,0.4,0.1,0.5
170626.564457728,0.40402061151903895,0.13324489412015217,0.5084228414778502,52.379999999999995,0.0,1.0,0.3305154576250331,5.67,0.4,0.1,0.5
170626.56446384,0.40407792555208627,0.1357599826896886,0.5085772673350221,52.199999999999996,0.0,1.0,-0.09674367503891546,5.675,0.4,0.1,0.5
170626.564469984,0.40443475850864863,0.12047415341199239,0.5085192897036205,52.019999999999996,0.0,1.0,0.43733024079102023,5.68,0.4,0.1,0.5
170626.564475488,0.4044227338523487,0.12677944136138564,0.5084360921213763,51.839999999999996,0.0,1.0,0.11688589129305882,5.6850000000000005,0.4,0.1,0.5
170626.606442208,0.4037131926952548,0.12517383602893836,0.5086532769243519,51.839999999999996,0.0,1.0,0.31525620288703493,5.69,0.4,0.1,0.5
170626.606451104,0.40366318604289264,0.1350159052576147,0.5084734059810658,51.66,0.0,1.0,0.29999694814903677,5.695,0.4,0.1,0.5
170626.606457024,0.4034740610694346,0.13067813467183775,0.5084719121493297,51.66,0.0,1.0,0.46784875026701656,5.7,0.4,0.1,0.5
170626.606462752,0.40322641783747715,0.130547971657532,0.5081743565741608,51.66,0.0,1.0,0.17792291024505147,5.705,0.4,0.1,0.5
170626.606468352,0.4030950525514043,0.1239715809212978,0.5079730433753525,51.66,0.0,1.0,0.22370067445904596,5.71,0.4,0.1,0.5
170626.606483744,0.4033133313833799,0.1261178596281784,0.5074729899464193,51.66,0.0,1.0,0.22370067445904596,5.715,0.4,0.1,0.5
170626.606490304,0.40289181542877156,0.12680260442554103,0.5072746195832705,51.66,0.0,1.0,0.4983672597430129,5.72,0.4,0.1,0.5
170626.606496256,0.40274731447883855,0.13732143872478778,0.5070188657456437,51.66,0.0,1.0,0.29999694814903677,5.7250000000000005,0.4,0.1,0.5
170626.649634336,0.402422362880209,0.12150909073048005,0.5070957853574888,51.66,0.0,1.0,0.4525894955290184,5.73,0.4,0.1,0.5
170626.649652416,0.40225678992886515,0.11938370933023926,0.5069601118357075,51.66,0.0,1.0,0.19318216498304963,5.735,0.4,0.1,0.5
170626.649658272,0.40196760256169084,0.12901892847010432,0.5067905108413828,51.66,0.0,1.0,0.43733024079102023,5.74,0.4,0.1,0.5
170626.64966416,0.4016653963299722,0.11812331366003734,0.5068425559051498,51.66,0.0,1.0,0.2542191839350423,5.745,0.4,0.1,0.5
170626.64966976,0.4015789911597471,0.11789704978714083,0.506684637065565,51.66,0.0,1.0,0.4525894955290184,5.75,0.4,0.1,0.5
170626.649675488,0.4015841451911733,0.1111292045170531,0.5064516608632309,51.66,0.0,1.0,0.2847376934110386,5.755,0.4,0.1,0.5
170626.649681344,0.40121045819570283,0.12008880075435116,0.5066482119650342,51.66,0.0,1.0,0.5288857692190092,5.76,0.4,0.1,0.5
170626.649687488,0.40128899559902276,0.1157422803771273,0.5064052101907864,51.66,0.0,1.0,0.42207098605302207,5.765,0.4,0.1,0.5
170626.649693376,0.40100990116526336,0.12368713274137927,0.5064677375602168,51.66,0.0,1.0,0.39155247657702574,5.7700000000000005,0.4,0.1,0.5
170626.6917216,0.4010716154629936,0.12254820891180697,0.5064431416611155,51.66,0.0,1.0,0.29999694814903677,5.775,0.4,0.1,0.5
170626.691731072,0.40095438271011946,0.1132877520353669,0.5066128498777716,51.66,0.0,1.0,0.29999694814903677,5.78,0.4,0.1,0.5
170626.69174704,0.401141789613984,0.10559699701663419,0.5064720432429264,51.66,0.0,1.0,0.23895992919704412,5.785,0.4,0.1,0.5
170626.691753792,0.40108561216608074,0.11663458335113379,0.5063365270449305,51.66,0.0,1.0,0.31525620288703493,5.79,0.4,0.1,0.5
170626.691759808,0.4014132091638998,0.11714027540561239,0.5059624266760142,51.66,0.0,1.0,0.0863673818170625,5.795,0.4,0.1,0.5
170626.691766112,0.4012342040254967,0.10574266580203648,0.506354312167606,51.66,0.0,1.0,0.31525620288703493,5.8,0.4,0.1,0.5
170626.6917768,0.4013129571525941,0.10539608913430305,0.5065558725811193,51.66,0.0,1.0,0.43733024079102023,5.805,0.4,0.1,0.5
170626.691782944,0.40103434640516605,0.09321071380539545,0.5070003390858587,51.66,0.0,1.0,0.2084414197210478,5.8100000000000005,0.4,0.1,0.5
170626.734849248,0.40087987394934854,0.1062478310141075,0.5072255595306816,51.66,0.0,1.0,0.26947843867304044,5.815,0.4,0.1,0.5
170626.734857728,0.4009674140485413,0.10283358669172626,0.5074526972639903,51.66,0.0,1.0,0.43733024079102023,5.82,0.4,0.1,0.5
170626.734863584,0.4002889792550843,0.10268542545279125,0.5081141201567834,51.66,0.0,1.0,0.5288857692190092,5.825,0.4,0.1,0.5
170626.73486928,0.4006128690273777,0.10489455779788806,0.5079512588210229,51.66,0.0,1.0,0.23895992919704412,5.83,0.4,0.1,0.5
170626.734875168,0.4003939401983326,0.10370595605799526,0.5082041584904051,51.66,0.0,1.0,0.10162663655506066,5.835,0.4,0.1,0.5
170626.734880992,0.40009260003171854,0.10972667086917726,0.5082663872864323,51.66,0.0,1.0,0.23895992919704412,5.84,0.4,0.1,0.5
170626.734886688,0.4001276282284484,0.10395376572931417,0.508366975201134,51.66,0.0,1.0,0.31525620288703493,5.845,0.4,0.1,0.5
170626.734892576,0.4004324103589728,0.10806119315364081,0.5083966181010353,51.66,0.0,1.0,0.4525894955290184,5.8500000000000005,0.4,0.1,0.5
170626.734898688,0.4003559600648324,0.1183085025521234,0.5085355772121224,51.66,0.0,1.0,0.17792291024505147,5.855,0.4,0.1,0.5
170626.776149056,0.40033793720409133,0.10739491099424836,0.5085601640613222,51.66,0.0,1.0,0.31525620288703493,5.86,0.4,0.1,0.5
170626.776162176,0.4006551689656822,0.10180079838183007,0.5084574142142819,51.66,0.0,1.0,0.5594042786950055,5.865,0.4,0.1,0.5
170626.776185184,0.4007100980396634,0.11377494560238549,0.5083399106517196,51.66,0.0,1.0,0.11688589129305882,5.87,0.4,0.1,0.5
170626.77619184,0.400071165574149,0.11145169096320497,0.5087970961503747,51.66,0.0,1.0,0.43733024079102023,5.875,0.4,0.1,0.5
170626.776198144,0.4003455456013538,0.09245227335429566,0.508451424983071,51.66,0.0,1.0,0.31525620288703493,5.88,0.4,0.1,0.5
170626.776204992,0.4004704880894184,0.10123615462734491,0.5080637529883956,51.66,0.0,1.0,0.3305154576250331,5.885,0.4,0.1,0.5
170626.776211168,0.4005506406958252,0.10110803581061233,0.507830665434977,51.66,0.0,1.0,0.22370067445904596,5.89,0.4,0.1,0.5
170626.776217344,0.40063008158405294,0.10509936419215504,0.5076479895863115,51.66,0.0,1.0,0.4831080050050147,5.8950000000000005,0.4,0.1,0.5
170626.820359328,0.4007124592458555,0.10534006321147316,0.5075716194780632,51.66,0.0,1.0,0.39155247657702574,5.9,0.4,0.1,0.5
170626.820369184,0.4002210995321151,0.1020767292362686,0.5077597865792842,51.66,0.0,1.0,0.5594042786950055,5.905,0.4,0.1,0.5
170626.820375264,0.400395796159981,0.09991424342703371,0.507458257367222,51.66,0.0,1.0,0.4831080050050147,5.91,0.4,0.1,0.5
170626.820381152,0.4007429070550424,0.10819702206755194,0.5068594204630247,51.66,0.0,1.0,0.3305154576250331,5.915,0.4,0.1,0.5
170626.820386816,0.4003516011663624,0.1021578982062573,0.5070127333314888,51.66,0.0,1.0,0.2542191839350423,5.92,0.4,0.1,0.5
170626.820405376,0.40001186864361366,0.09941260625495685,0.5071390566810272,51.66,0.0,1.0,0.4831080050050147,5.925,0.4,0.1,0.5
170626.820412544,0.4004348507940807,0.09622647182250525,0.5066734313009459,51.66,0.0,1.0,0.17792291024505147,5.93,0.4,0.1,0.5
170626.820424032,0.40068755721953525,0.08642332931534225,0.5064583431747478,51.66,0.0,1.0,0.22370067445904596,5.9350000000000005,0.4,0.1,0.5
170626.82043008,0.40078098923841704,0.09624912068459904,0.5063883199480027,51.66,0.0,1.0,0.5288857692190092,5.94,0.4,0.1,0.5
170626.861522656,0.4008614322889436,0.09313488357579247,0.5062655508384483,51.66,0.0,1.0,0.4983672597430129,5.945,0.4,0.1,0.5
170626.861534368,0.4009092253205774,0.10481678963998159,0.506016289122286,51.66,0.0,1.0,0.17792291024505147,5.95,0.4,0.1,0.5
170626.861541024,0.4010769291864985,0.10233446709415683,0.5057677170311793,51.66,0.0,1.0,0.34577471236303126,5.955,0.4,0.1,0.5
170626.861547136,0.401107833225434,0.09951025734545754,0.5057024801025705,51.66,0.0,1.0,0.17792291024505147,5.96,0.4,0.1,0.5
170626.86155296,0.4011614992445946,0.1061622283917958,0.5053775764704872,51.66,0.0,1.0,0.23895992919704412,5.965,0.4,0.1,0.5
170626.861559424,0.4010240381275526,0.10605531694823211,0.5052068429333357,51.66,0.0,1.0,0.3305154576250331,5.97,0.4,0.1,0.5
170626.861565504,0.4007285616353082,0.09525988907134382,0.5053933201055629,51.66,0.0,1.0,0.6357005523849963,5.9750000000000005,0.4,0.1,0.5
170626.861571424,0.40044638056072274,0.09506564599606844,0.5056194941395658,51.66,0.0,1.0,0.23895992919704412,5.98,0.4,0.1,0.5
170626.905714944,0.40050576180584074,0.10537393165499817,0.5052745708237121,51.66,0.0,1.0,0.46784875026701656,5.985,0.4,0.1,0.5
170626.905723424,0.4000848365797859,0.11405357046331026,0.5056549160374465,51.66,0.0,1.0,0.4068117313150239,5.99,0.4,0.1,0.5
170626.905740832,0.40033869922011506,0.11858178364901609,0.5054003960024409,51.66,0.0,1.0,0.4525894955290184,5.995,0.4,0.1,0.5
170626.9057528,0.40056551226633347,0.11014397034539254,0.5053123454411211,51.66,0.0,1.0,0.4068117313150239,6.0,0.4,0.1,0.5
170626.905758752,0.4010415555932209,0.1259743681565234,0.5049241086833139,51.66,0.0,1.0,0.5746635334330037,6.005,0.4,0.1,0.5
170626.90576416,0.40116894870730135,0.11306965871628505,0.5051372085328333,51.66,0.0,1.0,0.14740440076905514,6.01,0.4,0.1,0.5
170626.90577056,0.40115957423304194,0.11439103454514751,0.5053423014839362,51.66,0.0,1.0,0.4068117313150239,6.015000000000001,0.4,0.1,0.5
170626.905776672,0.4008755939229794,0.10691685331520376,0.5057247215580212,51.66,0.0,1.0,0.0863673818170625,6.0200000000000005,0.4,0.1,0.5
170626.905782784,0.4008069526862694,0.10946870923620533,0.506065986020027,51.66,0.0,1.0,0.5899227881710019,6.025,0.4,0.1,0.5
170626.950347168,0.40061018884276967,0.10356641587133497,0.5065734404630291,51.66,0.0,1.0,-0.020447401348924643,6.03,0.4,0.1,0.5
170626.950362272,0.4002447166569059,0.09066719165904724,0.5071005485548666,51.66,0.0,1.0,0.4831080050050147,6.035,0.4,0.1,0.5
170626.95036992,0.40044836148381513,0.10702497550218622,0.5072404925886997,51.66,0.0,1.0,0.10162663655506066,6.04,0.4,0.1,0.5
170626.950376736,0.4006015808634438,0.10579750761307707,0.507647077541549,51.66,0.0,1.0,0.46784875026701656,6.045,0.4,0.1,0.5
170626.950383712,0.40070987589556656,0.11191306998357192,0.5078725221613614,51.66,0.0,1.0,0.3305154576250331,6.05,0.4,0.1,0.5
170626.9503904,0.40105512128647763,0.10517254166008293,0.5080829056135039,51.66,0.0,1.0,0.3610339671010294,6.055,0.4,0.1,0.5
170626.950396608,0.40122522642513714,0.09651372590622771,0.5082322509084954,51.66,0.0,1.0,0.11688589129305882,6.0600000000000005,0.4,0.1,0.5
170626.950402528,0.400993100929226,0.08819119821679557,0.5086475931814667,51.66,0.0,1.0,0.31525620288703493,6.065,0.4,0.1,0.5
170626.9504288,0.40124890249540635,0.07888047427741972,0.5086219694019756,51.66,0.0,1.0,0.4525894955290184,6.07,0.4,0.1,0.5
170626.991424384,0.4013445970526953,0.08705377466254963,0.508276771980888,51.66,0.0,1.0,0.3305154576250331,6.075,0.4,0.1,0.5
170626.991433824,0.40097557805050316,0.08688671951609304,0.5084228852372068,51.66,0.0,1.0,0.42207098605302207,6.08,0.4,0.1,0.5
170626.99143952,0.400874770200019,0.08785628322837795,0.5083738773903115,51.66,0.0,1.0,0.4831080050050147,6.085,0.4,0.1,0.5
170626.991445152,0.40124706963703083,0.10251691013059058,0.5078090787352013,51.66,0.0,1.0,0.14740440076905514,6.09,0.4,0.1,0.5
170626.99145104,0.4010760040103785,0.10238372195160154,0.5078044008502846,51.66,0.0,1.0,0.43733024079102023,6.095,0.4,0.1,0.5
170626.991456992,0.40128002244478383,0.09421106873608866,0.507495606622622,51.66,0.0,1.0,0.17792291024505147,6.1000000000000005,0.4,0.1,0.5
170626.991462816,0.401139606574823,0.10389138712961947,0.507298647590128,51.66,0.0,1.0,0.46784875026701656,6.105,0.4,0.1,0.5
170626.991468352,0.4010347160290961,0.11139913185141143,0.5072371885384843,51.66,0.0,1.0,0.2847376934110386,6.11,0.4,0.1,0.5
170627.034588928,0.4011904875758732,0.1111429348586847,0.5069783810267879,51.66,0.0,1.0,0.4983672597430129,6.115,0.4,0.1,0.5
170627.034598048,0.40123546832304846,0.11066646082983977,0.5067650113452941,51.66,0.0,1.0,0.23895992919704412,6.12,0.4,0.1,0.5
170627.034604064,0.4012991250156788,0.11710531093382028,0.5065226180350764,51.66,0.0,1.0,0.5899227881710019,6.125,0.4,0.1,0.5
170627.0346096,0.40130062704458014,0.11497090723141755,0.506319450434522,51.66,0.0,1.0,0.14740440076905514,6.13,0.4,0.1,0.5
170627.034627616,0.4014364187598765,0.10443464763390145,0.5060276978860067,51.66,0.0,1.0,0.43733024079102023,6.135,0.4,0.1,0.5
170627.034638784,0.4012295002949092,0.11958794674124422,0.5059887112767331,51.66,0.0,1.0,0.29999694814903677,6.140000000000001,0.4,0.1,0.5
170627.034644768,0.40150289869332134,0.12299019544836064,0.5056544073808698,51.66,0.0,1.0,0.2847376934110386,6.1450000000000005,0.4,0.1,0.5
170627.034650816,0.4016115155144359,0.10900599110022528,0.5057249041421719,51.66,0.0,1.0,0.4068117313150239,6.15,0.4,0.1,0.5
170627.034656576,0.4013094702214861,0.1056038074064432,0.5060140407014171,51.66,0.0,1.0,0.4068117313150239,6.155,0.4,0.1,0.5
170627.076745376,0.40155854629573196,0.09520672060543706,0.5057205246191743,51.66,0.0,1.0,-0.020447401348924643,6.16,0.4,0.1,0.5
170627.076753984,0.40196435533533725,0.09556877461247985,0.5052847219485068,51.66,0.0,1.0,0.39155247657702574,6.165,0.4,0.1,0.5
170627.07675968,0.4023073522845054,0.10075259775864413,0.5049806197915089,51.66,0.0,1.0,0.05584887234106617,6.17,0.4,0.1,0.5
170627.076765376,0.40238768099663674,0.11253495797078134,0.5046684254592306,51.66,0.0,1.0,0.42207098605302207,6.175,0.4,0.1,0.5
170627.076771008,0.4022313330545391,0.10280255976052452,0.5046673239292241,51.66,0.0,1.0,0.17792291024505147,6.18,0.4,0.1,0.5
170627.07677712,0.40207161942262226,0.10440965860683656,0.5046554648012026,51.66,0.0,1.0,0.5594042786950055,6.1850000000000005,0.4,0.1,0.5
170627.076783072,0.4017245466690786,0.10356304051440089,0.5048477441567618,51.66,0.0,1.0,0.025330362865069844,6.19,0.4,0.1,0.5
170627.07678896,0.40194069196888654,0.10389540271335956,0.5046634103335365,51.66,0.0,1.0,0.1626636555070533,6.195,0.4,0.1,0.5
170627.119887456,0.4017670578517896,0.10720996961094556,0.5048317672536071,51.66,0.0,1.0,0.26947843867304044,6.2,0.4,0.1,0.5
170627.119895488,0.4017053242595271,0.11573335234684502,0.5047836286787624,51.66,0.0,1.0,0.23895992919704412,6.205,0.4,0.1,0.5
170627.119910976,0.40173729979257916,0.1130066265992176,0.5049397396029508,51.66,0.0,1.0,0.14740440076905514,6.21,0.4,0.1,0.5
170627.119917472,0.40216236560103624,0.11542055563871342,0.5048452451608492,51.66,0.0,1.0,0.5899227881710019,6.215,0.4,0.1,0.5
170627.119923264,0.4023984773072752,0.10073450528952717,0.5052481616981136,51.66,0.0,1.0,0.14740440076905514,6.22,0.4,0.1,0.5
170627.119930464,0.4026113775609948,0.10406539595132305,0.5053478073844316,51.66,0.0,1.0,0.4983672597430129,6.2250000000000005,0.4,0.1,0.5
170627.11993632,0.4025856678174212,0.10400634107477363,0.5056799594921716,51.66,0.0,1.0,0.19318216498304963,6.23,0.4,0.1,0.5
170627.1199424,0.4021920355904795,0.09949846719716524,0.5064500558868742,51.66,0.0,1.0,0.4068117313150239,6.235,0.4,0.1,0.5
170627.119948256,0.40247109144153587,0.10240164998375782,0.5064033069074216,51.66,0.0,1.0,0.3305154576250331,6.24,0.4,0.1,0.5
170627.162006112,0.4021767644077984,0.10353907960278191,0.50688325543364,51.66,0.0,1.0,0.5746635334330037,6.245,0.4,0.1,0.5
170627.162014176,0.4023478080836199,0.09305686898262358,0.5071256990584306,51.66,0.0,1.0,0.29999694814903677,6.25,0.4,0.1,0.5
170627.162020128,0.40224669959771375,0.11701279104224854,0.5072637630033509,51.66,0.0,1.0,0.513626514481011,6.255,0.4,0.1,0.5
170627.162025824,0.4025433820459788,0.11379682037381507,0.5072320174083411,51.66,0.0,1.0,0.2542191839350423,6.26,0.4,0.1,0.5
170627.162041344,0.4023386954959288,0.10969929666078228,0.5076185295281638,51.66,0.0,1.0,0.39155247657702574,6.265000000000001,0.4,0.1,0.5
170627.162047456,0.40271156849980805,0.12244133394670792,0.507347134921539,51.66,0.0,1.0,0.17792291024505147,6.2700000000000005,0.4,0.1,0.5
170627.162053184,0.40280562167279443,0.10383869873676471,0.5074590218248234,51.66,0.0,1.0,0.2542191839350423,6.275,0.4,0.1,0.5
170627.162059168,0.402281540154502,0.103342111193695,0.5078328484904153,51.66,0.0,1.0,0.2084414197210478,6.28,0.4,0.1,0.5
170627.205220736,0.4023171709342928,0.10946666435085936,0.5078997265178438,51.66,0.0,1.0,0.3305154576250331,6.285,0.4,0.1,0.5
170627.205229056,0.40259796426907996,0.09660144225032508,0.5078101873550837,51.66,0.0,1.0,0.1626636555070533,6.29,0.4,0.1,0.5
170627.20523488,0.40289807501887764,0.09631980435139632,0.5075864407143839,51.66,0.0,1.0,0.3762932218390276,6.295,0.4,0.1,0.5
170627.20524096,0.4027250096970895,0.1126664108438917,0.5075364786769148,51.66,0.0,1.0,0.5288857692190092,6.3,0.4,0.1,0.5
170627.205246528,0.4027245719324844,0.10555048380599631,0.5074198996562471,51.66,0.0,1.0,0.2847376934110386,6.305,0.4,0.1,0.5
170627.205252544,0.40247419288875025,0.1008650548667362,0.5073186884014065,51.66,0.0,1.0,0.26947843867304044,6.3100000000000005,0.4,0.1,0.5
170627.205258208,0.402315044800194,0.1115150816015108,0.50721777072047,51.66,0.0,1.0,0.3762932218390276,6.315,0.4,0.1,0.5
170627.205264256,0.40273244216793874,0.11057908750286216,0.5067675047696243,51.66,0.0,1.0,0.39155247657702574,6.32,0.4,0.1,0.5
170627.205270336,0.40214969424457137,0.10609264574273534,0.5071390085876036,51.66,0.0,1.0,0.3305154576250331,6.325,0.4,0.1,0.5
170627.24725696,0.4024027629352503,0.11992821724860676,0.5067305144779308,51.66,0.0,1.0,0.3610339671010294,6.33,0.4,0.1,0.5
170627.247274496,0.4026419462990762,0.11298299164932872,0.5064727022478805,51.66,0.0,1.0,0.42207098605302207,6.335,0.4,0.1,0.5
170627.247280576,0.4026791272995978,0.11399230151546408,0.5062583134707221,51.66,0.0,1.0,0.11688589129305882,6.34,0.4,0.1,0.5
170627.247286144,0.4025926485185021,0.10582665371658054,0.5062723368889221,51.66,0.0,1.0,0.4525894955290184,6.345,0.4,0.1,0.5
170627.247291552,0.4025227743427002,0.10612534257139646,0.5063010352229373,51.66,0.0,1.0,0.26947843867304044,6.3500000000000005,0.4,0.1,0.5
170627.247302368,0.402737899575776,0.09798952931244301,0.505819955849753,51.66,0.0,1.0,0.4831080050050147,6.355,0.4,0.1,0.5
170627.24730832,0.40229384211053254,0.10133317517145621,0.5060714312505191,51.66,0.0,1.0,0.11688589129305882,6.36,0.4,0.1,0.5
170627.247314304,0.40249349087362607,0.10718901699061081,0.5056462975298811,51.66,0.0,1.0,0.3305154576250331,6.365,0.4,0.1,0.5
170627.290450592,0.4023573118285066,0.09899956748485247,0.5054779052058054,51.66,0.0,1.0,0.11688589129305882,6.37,0.4,0.1,0.5
170627.290459168,0.40181653080055946,0.1049349798917675,0.505886439605186,51.66,0.0,1.0,0.23895992919704412,6.375,0.4,0.1,0.5
170627.290464864,0.40154777036675504,0.10382717665655039,0.5061239388541537,51.66,0.0,1.0,0.3305154576250331,6.38,0.4,0.1,0.5
170627.290470624,0.40180080209620317,0.12009467899184664,0.5057019662781844,51.66,0.0,1.0,0.3305154576250331,6.385,0.4,0.1,0.5
170627.29047632,0.40161493540517074,0.11423337158421709,0.5058856473413258,51.66,0.0,1.0,0.5288857692190092,6.390000000000001,0.4,0.1,0.5
170627.29049136,0.4018650282539398,0.10288145168149383,0.5057055391170616,51.66,0.0,1.0,0.3305154576250331,6.3950000000000005,0.4,0.1,0.5
170627.2904976,0.40179976039145265,0.09128961548736166,0.5058434701319283,51.66,0.0,1.0,0.4525894955290184,6.4,0.4,0.1,0.5
170627.290503744,0.40216522134792476,0.08088916343104083,0.5056159316047444,51.66,0.0,1.0,0.39155247657702574,6.405,0.4,0.1,0.5
170627.290509472,0.40268914641533454,0.10173275639705773,0.5053035403659111,51.66,0.0,1.0,0.3762932218390276,6.41,0.4,0.1,0.5
170627.332446816,0.402184739821361,0.1154201590432738,0.505839411709119,51.66,0.0,1.0,0.29999694814903677,6.415,0.4,0.1,0.5
170627.332454688,0.4024177424069893,0.104498675077396,0.5058440849376077,51.66,0.0,1.0,0.4068117313150239,6.42,0.4,0.1,0.5
170627.332469984,0.4024503680830244,0.10846734264217897,0.505984392880432,51.66,0.0,1.0,0.42207098605302207,6.425,0.4,0.1,0.5
170627.332475616,0.40225871369577576,0.09605747997571389,0.5065759014187287,51.66,0.0,1.0,0.39155247657702574,6.43,0.4,0.1,0.5
170627.33248128,0.40249147329044804,0.09190559338430752,0.5065306959901698,51.66,0.0,1.0,0.3305154576250331,6.4350000000000005,0.4,0.1,0.5
170627.332486848,0.4025918774774433,0.10598489392844493,0.5065594211980176,51.66,0.0,1.0,0.3610339671010294,6.44,0.4,0.1,0.5
170627.332492896,0.40261143691314893,0.1035451063374115,0.5068215268881792,51.66,0.0,1.0,0.26947843867304044,6.445,0.4,0.1,0.5
170627.33249872,0.4024475051348518,0.11411733862562588,0.5070387812734638,51.66,0.0,1.0,0.07110812707906433,6.45,0.4,0.1,0.5
170627.376020672,0.40247227706750816,0.1072145986385417,0.5071501308056342,51.66,0.0,1.0,0.2084414197210478,6.455,0.4,0.1,0.5
170627.376039456,0.40268333474337653,0.10853822356293907,0.5072072593489957,51.66,0.0,1.0,0.31525620288703493,6.46,0.4,0.1,0.5
170627.376070496,0.40247472753358077,0.10779793517695407,0.5076276352309674,51.66,0.0,1.0,0.4068117313150239,6.465,0.4,0.1,0.5
170627.376078336,0.402463887221575,0.11659686601056163,0.507670295646422,51.66,0.0,1.0,0.11688589129305882,6.47,0.4,0.1,0.5
170627.37608544,0.40264186446370076,0.11506070519163676,0.5076239424163419,51.66,0.0,1.0,0.34577471236303126,6.4750000000000005,0.4,0.1,0.5
170627.376092896,0.4023887350330252,0.11501935979982023,0.5079497124150996,51.66,0.0,1.0,0.46784875026701656,6.48,0.4,0.1,0.5
170627.376100384,0.4025178177529713,0.11105070383918188,0.5078461894737807,51.66,0.0,1.0,0.14740440076905514,6.485,0.4,0.1,0.5
170627.376107392,0.4022642339059926,0.11466519996381483,0.5080443271575636,51.66,0.0,1.0,0.605182042909,6.49,0.4,0.1,0.5
170627.37612048,0.40231161270697013,0.12293400740726906,0.5079807978134318,51.66,0.0,1.0,0.29999694814903677,6.495,0.4,0.1,0.5
170627.41930192,0.4024963942798097,0.11891122703468128,0.5077995780506321,51.66,0.0,1.0,0.5746635334330037,6.5,0.4,0.1,0.5
170627.419312064,0.4023135971705807,0.11971461119208797,0.5077486809244192,51.66,0.0,1.0,0.43733024079102023,6.505,0.4,0.1,0.5
170627.419318688,0.4024862925483267,0.10621474234001253,0.5075463199388229,51.66,0.0,1.0,0.3762932218390276,6.51,0.4,0.1,0.5
170627.419324576,0.4024625998495372,0.10145743098474273,0.5074159868629097,51.66,0.0,1.0,0.19318216498304963,6.515000000000001,0.4,0.1,0.5
170627.419330528,0.4021442949935518,0.10243954417553014,0.5073765917182276,51.66,0.0,1.0,0.5288857692190092,6.5200000000000005,0.4,0.1,0.5
170627.419336608,0.40171185385380337,0.10964423872696072,0.5075945048522292,51.66,0.0,1.0,0.3305154576250331,6.525,0.4,0.1,0.5
170627.419353824,0.40166524142334437,0.114212762726939,0.507510255027,51.66,0.0,1.0,0.31525620288703493,6.53,0.4,0.1,0.5
170627.419360352,0.4020029208077409,0.12350858485682564,0.5070444383524614,51.66,0.0,1.0,0.17792291024505147,6.535,0.4,0.1,0.5
170627.419366144,0.40190415050689,0.10653235075973172,0.5070587768970838,51.66,0.0,1.0,0.29999694814903677,6.54,0.4,0.1,0.5
170627.461412416,0.4022293720516311,0.11005028732707717,0.5067026153797434,51.66,0.0,1.0,0.3305154576250331,6.545,0.4,0.1,0.5
170627.46142432,0.4023849905694139,0.09777812700168197,0.5065690229944898,51.66,0.0,1.0,0.29999694814903677,6.55,0.4,0.1,0.5
170627.46143088,0.4025756549038985,0.10343865215273555,0.5062893163160536,51.66,0.0,1.0,0.1626636555070533,6.555,0.4,0.1,0.5
170627.461437184,0.40230449597084084,0.10479409762311834,0.5063999282526074,51.66,0.0,1.0,0.3762932218390276,6.5600000000000005,0.4,0.1,0.5
170627.461454656,0.40241872928820765,0.11133101290439473,0.506037430451412,51.66,0.0,1.0,0.3305154576250331,6.565,0.4,0.1,0.5
170627.461462368,0.4023229600125864,0.09532650582053646,0.5060889115201819,51.66,0.0,1.0,0.513626514481011,6.57,0.4,0.1,0.5
170627.461468352,0.4024172919609113,0.09519492133068769,0.5059596690163737,51.66,0.0,1.0,0.2542191839350423,6.575,0.4,0.1,0.5
170627.461474496,0.402347642307256,0.10408656768843372,0.5058544904929259,51.66,0.0,1.0,0.2847376934110386,6.58,0.4,0.1,0.5
170627.504642432,0.4025628825702713,0.10105104056428009,0.5056328275183354,51.66,0.0,1.0,0.4068117313150239,6.585,0.4,0.1,0.5
170627.504656512,0.40216437781557984,0.11431654375038253,0.5059962315501603,51.66,0.0,1.0,0.4525894955290184,6.59,0.4,0.1,0.5
170627.504664288,0.40207625322529655,0.10212126883886923,0.50609959405209,51.66,0.0,1.0,-0.020447401348924643,6.595,0.4,0.1,0.5
170627.50468912,0.4021350345846266,0.10516737625346738,0.5062163279074992,51.66,0.0,1.0,0.513626514481011,6.6000000000000005,0.4,0.1,0.5
170627.504696,0.40190107392836283,0.104351086869598,0.5065197470493384,51.66,0.0,1.0,0.23895992919704412,6.605,0.4,0.1,0.5
170627.504702624,0.40204891526755876,0.10664924827571032,0.5065630438512532,51.66,0.0,1.0,0.46784875026701656,6.61,0.4,0.1,0.5
170627.50470912,0.4022644322767649,0.1042302275602759,0.5065784276791292,51.66,0.0,1.0,0.2542191839350423,6.615,0.4,0.1,0.5
170627.504715904,0.4021441862777552,0.10367357895231268,0.506831449936707,51.66,0.0,1.0,0.4068117313150239,6.62,0.4,0.1,0.5
170627.504722304,0.40205378160132604,0.10187238221875981,0.5070844956188765,51.66,0.0,1.0,0.43733024079102023,6.625,0.4,0.1,0.5
170627.546955104,0.4017812970088604,0.11808626708475728,0.5075345429561476,51.66,0.0,1.0,0.4831080050050147,6.63,0.4,0.1,0.5
170627.546985792,0.4020660197016711,0.1060037143020029,0.5074745582011428,51.66,0.0,1.0,-0.035706656086922806,6.635,0.4,0.1,0.5
170627.546996544,0.4022087442861492,0.10786454579214157,0.5076215370157824,51.66,0.0,1.0,0.4831080050050147,6.640000000000001,0.4,0.1,0.5
170627.547004288,0.4020278563157163,0.10754547653960439,0.5078795552112304,51.66,0.0,1.0,0.2084414197210478,6.6450000000000005,0.4,0.1,0.5
170627.547011232,0.40223763592869477,0.10738021686314851,0.5078781959839692,51.66,0.0,1.0,0.43733024079102023,6.65,0.4,0.1,0.5
170627.547017664,0.4024479294815711,0.10385844446915014,0.5078676259249059,51.66,0.0,1.0,0.23895992919704412,6.655,0.4,0.1,0.5
170627.54702368,0.40239586285531065,0.09874681034216248,0.5079749887992913,51.66,0.0,1.0,0.43733024079102023,6.66,0.4,0.1,0.5
170627.547036928,0.4025774276739673,0.09845917135667176,0.5079063670087702,51.66,0.0,1.0,0.22370067445904596,6.665,0.4,0.1,0.5
170627.590253344,0.4026747427311128,0.10160522202964084,0.5079511381320436,51.66,0.0,1.0,0.4831080050050147,6.67,0.4,0.1,0.5
170627.590266144,0.40266177644600065,0.10450050711742642,0.5079874683704346,51.66,0.0,1.0,0.17792291024505147,6.675,0.4,0.1,0.5
170627.590273312,0.4028594355456927,0.09557598998199564,0.5077782178664438,51.66,0.0,1.0,0.6204412976469982,6.68,0.4,0.1,0.5
170627.590279776,0.4028486899496807,0.10120909002819492,0.5077412950069683,51.66,0.0,1.0,0.2542191839350423,6.6850000000000005,0.4,0.1,0.5
170627.590286112,0.40269727886271106,0.11466452902880117,0.5076562710464088,51.66,0.0,1.0,0.17792291024505147,6.69,0.4,0.1,0.5
170627.590293056,0.402504877501224,0.11632012967529178,0.507349062012976,51.66,0.0,1.0,0.26947843867304044,6.695,0.4,0.1,0.5
170627.590299872,0.4018246536706463,0.11974986023374479,0.5074243493340269,51.66,0.0,1.0,0.5441450239570074,6.7,0.4,0.1,0.5
170627.590306272,0.40153214537969667,0.11059722606168135,0.5071867651240981,51.66,0.0,1.0,0.10162663655506066,6.705,0.4,0.1,0.5
170627.590325632,0.40127972764925374,0.1182384816588139,0.5069169832253079,51.66,0.0,1.0,0.2847376934110386,6.71,0.4,0.1,0.5
170627.632417536,0.4008505610754908,0.1089489255435176,0.5069237416034285,51.66,0.0,1.0,0.04058961760306801,6.715,0.4,0.1,0.5
170627.632431872,0.40061142516778436,0.11668377390255527,0.5066348508004603,51.66,0.0,1.0,0.29999694814903677,6.72,0.4,0.1,0.5
170627.632438752,0.4006141469111452,0.10956394304702614,0.5063210769274561,51.66,0.0,1.0,0.10162663655506066,6.7250000000000005,0.4,0.1,0.5
170627.63246176,0.40012992305436934,0.10355205354224122,0.5064253722333114,51.66,0.0,1.0,0.3305154576250331,6.73,0.4,0.1,0.5
170627.632468064,0.3997930224576177,0.09435846441037662,0.5065505581422141,51.66,0.0,1.0,0.10162663655506066,6.735,0.4,0.1,0.5
170627.632475008,0.39972602593329665,0.09912286843260514,0.50646466594284,51.66,0.0,1.0,0.4831080050050147,6.74,0.4,0.1,0.5
170627.63248096,0.39994102538392884,0.09706688009534156,0.5062573089192577,51.66,0.0,1.0,0.3305154576250331,6.745,0.4,0.1,0.5
170627.63248752,0.3999037656507813,0.09500697937788123,0.506220415393203,51.66,0.0,1.0,0.4525894955290184,6.75,0.4,0.1,0.5
170627.675467936,0.4001703807469206,0.10039835817871559,0.5059815374808083,51.66,0.0,1.0,0.1626636555070533,6.755,0.4,0.1,0.5
170627.675478112,0.400362734336545,0.11145691344682032,0.5057167169360266,51.66,0.0,1.0,0.4525894955290184,6.76,0.4,0.1,0.5
170627.67548448,0.4004154892405203,0.11635296986824192,0.5057113799188979,51.66,0.0,1.0,0.23895992919704412,6.765000000000001,0.4,0.1,0.5
170627.675491104,0.40051888237347466,0.10977800093298389,0.5059229940815009,51.66,0.0,1.0,0.43733024079102023,6.7700000000000005,0.4,0.1,0.5
170627.675497248,0.40072452252689733,0.11463646292909509,0.5060112973984955,51.66,0.0,1.0,0.3305154576250331,6.775,0.4,0.1,0.5
170627.675515808,0.4004846629473995,0.11681706823118412,0.5063524430422207,51.66,0.0,1.0,0.43733024079102023,6.78,0.4,0.1,0.5
170627.6755232,0.40069260024220643,0.11985402626361986,0.5063666382925686,51.66,0.0,1.0,0.4068117313150239,6.785,0.4,0.1,0.5
170627.675529472,0.40103360544853683,0.1124694073834261,0.5064753553865879,51.66,0.0,1.0,0.3305154576250331,6.79,0.4,0.1,0.5
170627.67554128,0.4009688915138819,0.11511842675580475,0.5068067542642645,51.66,0.0,1.0,0.31525620288703493,6.795,0.4,0.1,0.5
170627.716532832,0.40133225333769645,0.09875649184237971,0.5067141855099899,51.66,0.0,1.0,0.4068117313150239,6.8,0.4,0.1,0.5
170627.716541888,0.4015837147908482,0.09617517139750298,0.5065706943607465,51.66,0.0,1.0,0.3610339671010294,6.805,0.4,0.1,0.5
170627.716547776,0.40124069661735784,0.09407751063568676,0.5068342621021639,51.66,0.0,1.0,0.3762932218390276,6.8100000000000005,0.4,0.1,0.5
170627.716553568,0.40081530623767614,0.09355822082300255,0.5072302661021283,51.66,0.0,1.0,0.43733024079102023,6.815,0.4,0.1,0.5
170627.716559264,0.4010527401720453,0.1057827920833753,0.5071979643162562,51.66,0.0,1.0,0.10162663655506066,6.82,0.4,0.1,0.5
170627.716565824,0.4014926083582723,0.10652196766448654,0.5072525834795484,51.66,0.0,1.0,0.23895992919704412,6.825,0.4,0.1,0.5
170627.716572,0.4014381916388624,0.09645403886949681,0.5075130674594343,51.66,0.0,1.0,0.4983672597430129,6.83,0.4,0.1,0.5
170627.716578144,0.40157500423793807,0.11037605921251917,0.507421398910045,51.66,0.0,1.0,0.23895992919704412,6.835,0.4,0.1,0.5
170627.760833664,0.40162187396406007,0.11239029092533917,0.5074428242222259,51.66,0.0,1.0,0.3762932218390276,6.84,0.4,0.1,0.5
170627.760844608,0.4017813175481142,0.10396731613903001,0.5073473363683383,51.66,0.0,1.0,0.4068117313150239,6.845,0.4,0.1,0.5
170627.760863008,0.4017806494329713,0.0985347849156397,0.5074979504026818,51.66,0.0,1.0,0.5441450239570074,6.8500000000000005,0.4,0.1,0.5
170627.760870016,0.4018355941308933,0.10409460816311665,0.5076628996983359,51.66,0.0,1.0,0.14740440076905514,6.855,0.4,0.1,0.5
170627.760881376,0.40187801874113066,0.10254607510557211,0.5076872385332784,51.66,0.0,1.0,0.39155247657702574,6.86,0.4,0.1,0.5
170627.76088752,0.40203281644041616,0.09723896048493261,0.507644965729448,51.66,0.0,1.0,0.31525620288703493,6.865,0.4,0.1,0.5
170627.76089376,0.40249078151414597,0.11292982666898697,0.5072368571454096,51.66,0.0,1.0,0.4831080050050147,6.87,0.4,0.1,0.5
170627.760900096,0.4022714839445243,0.0988350841264661,0.50751548430181,51.66,0.0,1.0,0.4525894955290184,6.875,0.4,0.1,0.5
170627.760906112,0.40257959506705193,0.10748269648537244,0.5072826651987545,51.66,0.0,1.0,0.23895992919704412,6.88,0.4,0.1,0.5
170627.804386976,0.4023962303861047,0.1071037067991292,0.5074020522223353,51.66,0.0,1.0,0.2542191839350423,6.885,0.4,0.1,0.5
170627.804401792,0.402828902822779,0.11622325346275536,0.5071283040938138,51.66,0.0,1.0,0.025330362865069844,6.890000000000001,0.4,0.1,0.5
170627.804409184,0.4026114912433626,0.10678711211175781,0.5074602397558977,51.66,0.0,1.0,0.4525894955290184,6.8950000000000005,0.4,0.1,0.5
170627.804415648,0.40247223432009316,0.11012508199506144,0.5074412629086998,51.66,0.0,1.0,0.4068117313150239,6.9,0.4,0.1,0.5
170627.804421792,0.401999849007666,0.10852492396365963,0.5076391556008355,51.66,0.0,1.0,0.4068117313150239,6.905,0.4,0.1,0.5
170627.80442848,0.4020596839708201,0.11028310383938385,0.5074883748988767,51.66,0.0,1.0,0.46784875026701656,6.91,0.4,0.1,0.5
170627.804434784,0.4015361808097197,0.11473196379696406,0.5076138862867561,51.66,0.0,1.0,0.29999694814903677,6.915,0.4,0.1,0.5
170627.80444128,0.4007575232931687,0.1045428451329084,0.50778545578842,51.66,0.0,1.0,0.4831080050050147,6.92,0.4,0.1,0.5
170627.804462816,0.4005081940353434,0.10751721913713416,0.5074536242880923,51.66,0.0,1.0,0.6357005523849963,6.925,0.4,0.1,0.5
170627.846536288,0.39985776621024605,0.09647718894551709,0.5075335272311388,51.66,0.0,1.0,0.3305154576250331,6.93,0.4,0.1,0.5
170627.846546368,0.3994287481860108,0.09584266498151997,0.507482029808476,51.66,0.0,1.0,0.34577471236303126,6.9350000000000005,0.4,0.1,0.5
170627.846552672,0.39868136233852625,0.0980590689434759,0.5077246694366868,51.66,0.0,1.0,0.2542191839350423,6.94,0.4,0.1,0.5
170627.846558432,0.39839150106901167,0.10651145800234171,0.5076291505815032,51.66,0.0,1.0,0.42207098605302207,6.945,0.4,0.1,0.5
170627.846564096,0.3979769069452897,0.09954735311553542,0.5079472158676781,51.66,0.0,1.0,0.2847376934110386,6.95,0.4,0.1,0.5
170627.846570656,0.3983516228183495,0.10559686005448332,0.5076289723143805,51.66,0.0,1.0,0.04058961760306801,6.955,0.4,0.1,0.5
170627.846576736,0.39850631800654995,0.11369275391835287,0.5074573732144989,51.66,0.0,1.0,0.39155247657702574,6.96,0.4,0.1,0.5
170627.846582784,0.3986669211477097,0.10956370326664996,0.5075597643423895,51.66,0.0,1.0,0.39155247657702574,6.965,0.4,0.1,0.5
170627.889971424,0.398641175539668,0.11128580123317443,0.5076292358694203,51.66,0.0,1.0,0.26947843867304044,6.97,0.4,0.1,0.5
170627.889980384,0.3987224260018117,0.09836970608601313,0.5076342165146884,51.66,0.0,1.0,0.11688589129305882,6.9750000000000005,0.4,0.1,0.5
170627.889986528,0.3988624992932485,0.10240963190945454,0.5077078933371761,51.66,0.0,1.0,0.22370067445904596,6.98,0.4,0.1,0.5
170627.889992032,0.3987724901408042,0.10138768991115414,0.5078855039613891,51.66,0.0,1.0,0.5288857692190092,6.985,0.4,0.1,0.5
170627.890008864,0.39937114656917566,0.10586497475665738,0.507477081292451,51.66,0.0,1.0,0.05584887234106617,6.99,0.4,0.1,0.5
170627.890020544,0.3995546812317027,0.10757468666554675,0.5074557389033136,51.66,0.0,1.0,0.22370067445904596,6.995,0.4,0.1,0.5
170627.8900264,0.39992962740226107,0.11474641607665298,0.5073205191685792,51.66,0.0,1.0,0.10162663655506066,7.0,0.4,0.1,0.5
170627.89003248,0.40019978192243916,0.11217732894814943,0.5072409380154856,51.66,0.0,1.0,0.6662190618609927,7.005,0.4,0.1,0.5
170627.890038688,0.39990864016155264,0.11326000808232102,0.507548627679749,51.66,0.0,1.0,0.29999694814903677,7.01,0.4,0.1,0.5
170627.931276896,0.40016193367791936,0.12167369212888828,0.5072994969957683,51.66,0.0,1.0,0.5594042786950055,7.015000000000001,0.4,0.1,0.5
170627.931293376,0.3999010750805989,0.10913445869041381,0.5075696849463928,51.66,0.0,1.0,-0.005188146610926481,7.0200000000000005,0.4,0.1,0.5
170627.931321504,0.40015170315275256,0.10886843389636104,0.5075785575851112,51.66,0.0,1.0,0.42207098605302207,7.025,0.4,0.1,0.5
170627.93132992,0.4004027521888398,0.10505795220561603,0.5075705975341998,51.66,0.0,1.0,0.3305154576250331,7.03,0.4,0.1,0.5
170627.93133648,0.4002015205784474,0.10228400564209109,0.5077552096217186,51.66,0.0,1.0,0.46784875026701656,7.035,0.4,0.1,0.5
170627.93134304,0.4007943778102542,0.10184377558831159,0.5074101477552252,51.66,0.0,1.0,0.23895992919704412,7.04,0.4,0.1,0.5
170627.931348896,0.4009152562560853,0.11353707817992817,0.5074053011369658,51.66,0.0,1.0,0.4525894955290184,7.045,0.4,0.1,0.5
170627.931354944,0.4011393247391372,0.11048495237744566,0.507434320418274,51.66,0.0,1.0,0.07110812707906433,7.05,0.4,0.1,0.5
170627.975773536,0.4011460177008404,0.10745899049343759,0.5074879286843684,51.66,0.0,1.0,0.513626514481011,7.055,0.4,0.1,0.5
170627.975797216,0.40122474399082636,0.10460570416173075,0.5074621243427357,51.66,0.0,1.0,0.26947843867304044,7.0600000000000005,0.4,0.1,0.5
170627.975805056,0.4009698958930105,0.10928479957825966,0.5075937834046313,51.66,0.0,1.0,0.31525620288703493,7.065,0.4,0.1,0.5
170627.97581184,0.40120728334702827,0.10979218976574925,0.507463242514693,51.66,0.0,1.0,0.05584887234106617,7.07,0.4,0.1,0.5
170627.975817792,0.4011340453798365,0.0942453219594789,0.5075345259213735,51.66,0.0,1.0,0.605182042909,7.075,0.4,0.1,0.5
170627.97582416,0.40124327948444716,0.11670994090117986,0.5075679324923873,51.66,0.0,1.0,0.10162663655506066,7.08,0.4,0.1,0.5
170627.975830688,0.40186553969895017,0.10610253353192871,0.5072383164123845,51.66,0.0,1.0,0.5899227881710019,7.085,0.4,0.1,0.5
170627.975836672,0.4019163043453599,0.09543481427420802,0.5073000788558526,51.66,0.0,1.0,-0.06622516556291913,7.09,0.4,0.1,0.5
170627.975842752,0.4019481740349314,0.0974268556063913,0.5073306878813512,51.66,0.0,1.0,0.4983672597430129,7.095,0.4,0.1,0.5
170628.016798272,0.4020062800081376,0.08803296183194315,0.5073365258084434,51.66,0.0,1.0,0.23895992919704412,7.1000000000000005,0.4,0.1,0.5
170628.016807616,0.40236379651589893,0.0999518120479283,0.507104985863786,51.66,0.0,1.0,0.605182042909,7.105,0.4,0.1,0.5
170628.016814112,0.40249632051370354,0.09492698284168126,0.5071656590870817,51.66,0.0,1.0,0.3305154576250331,7.11,0.4,0.1,0.5
170628.016820288,0.40232428773517803,0.09019634335139637,0.507412764896845,51.66,0.0,1.0,0.4831080050050147,7.115,0.4,0.1,0.5
170628.016826016,0.40266124516244095,0.10631054867356311,0.5071024717045874,51.66,0.0,1.0,0.31525620288703493,7.12,0.4,0.1,0.5
170628.016832608,0.4026583825171715,0.0961957307090923,0.5071015268679268,51.66,0.0,1.0,0.3762932218390276,7.125,0.4,0.1,0.5
170628.016869312,0.40263992299577206,0.09423748465237701,0.5071950781160354,51.66,0.0,1.0,0.26947843867304044,7.13,0.4,0.1,0.5
170628.016876192,0.4026840255796466,0.1095961658894566,0.5072026012140772,51.66,0.0,1.0,0.513626514481011,7.135,0.4,0.1,0.5
170628.06010528,0.40259074110531046,0.10928175770900812,0.5073336007351859,51.66,0.0,1.0,0.26947843867304044,7.140000000000001,0.4,0.1,0.5
170628.060115136,0.4025942126572284,0.09147393494021441,0.5073982757276435,51.66,0.0,1.0,0.4983672597430129,7.1450000000000005,0.4,0.1,0.5
170628.060121216,0.40272658271308487,0.09244068236025806,0.5073052314954166,51.66,0.0,1.0,0.14740440076905514,7.15,0.4,0.1,0.5
170628.060127104,0.40254977139032294,0.0973365461998724,0.5073787155094177,51.66,0.0,1.0,0.3610339671010294,7.155,0.4,0.1,0.5
170628.06013296,0.4026202020353568,0.09414199655275096,0.5072531924756348,51.66,0.0,1.0,0.19318216498304963,7.16,0.4,0.1,0.5
170628.060139776,0.4024849671460017,0.09787803149536017,0.5073625199028392,51.66,0.0,1.0,0.43733024079102023,7.165,0.4,0.1,0.5
170628.060146112,0.40262726491925227,0.09405341046661024,0.5072552070914386,51.66,0.0,1.0,-0.005188146610926481,7.17,0.4,0.1,0.5
170628.06015216,0.40203758507914367,0.10250961233916529,0.5073917758605648,51.66,0.0,1.0,0.34577471236303126,7.175,0.4,0.1,0.5
170628.060158272,0.40163761190495734,0.09733862087601455,0.5074315639873733,51.66,0.0,1.0,0.0863673818170625,7.18,0.4,0.1,0.5
170628.102294656,0.4009863769646075,0.09786971474634228,0.5076398549199143,51.66,0.0,1.0,0.3762932218390276,7.1850000000000005,0.4,0.1,0.5
170628.102307648,0.40092622345226725,0.10125615355165926,0.5074072187306348,51.66,0.0,1.0,0.26947843867304044,7.19,0.4,0.1,0.5
170628.102333824,0.4003628720500488,0.09803447936368719,0.5076745675487921,51.66,0.0,1.0,0.39155247657702574,7.195,0.4,0.1,0.5
170628.102348096,0.4001972190162565,0.09584193840655739,0.5076831988410883,51.66,0.0,1.0,0.42207098605302207,7.2,0.4,0.1,0.5
170628.102354656,0.4002404682626834,0.09398520550776235,0.507566483191191,51.66,0.0,1.0,0.3305154576250331,7.205,0.4,0.1,0.5
170628.10236208,0.40026567462141543,0.10005703827073366,0.5074430844128547,51.66,0.0,1.0,0.2542191839350423,7.21,0.4,0.1,0.5
170628.102368288,0.4004730816893614,0.11150323726239468,0.507303280132513,51.66,0.0,1.0,0.3610339671010294,7.215,0.4,0.1,0.5
170628.102374432,0.40073956041661457,0.09909598419123809,0.5072109360022115,51.66,0.0,1.0,0.14740440076905514,7.22,0.4,0.1,0.5
170628.145315392,0.40048591762130603,0.09975248536736635,0.507515373291831,51.66,0.0,1.0,0.3305154576250331,7.2250000000000005,0.4,0.1,0.5
170628.145324416,0.40030475580010827,0.09696560739116508,0.5077995984582503,51.66,0.0,1.0,0.23895992919704412,7.23,0.4,0.1,0.5
170628.145330464,0.40073293353848644,0.10720627337461594,0.5075962560719318,51.66,0.0,1.0,0.42207098605302207,7.235,0.4,0.1,0.5
170628.14533632,0.40080358949482986,0.11238088822300488,0.5076293804771396,51.66,0.0,1.0,0.2847376934110386,7.24,0.4,0.1,0.5
170628.145342208,0.4011254008549089,0.11921336234426243,0.5073992353737499,51.66,0.0,1.0,0.4525894955290184,7.245,0.4,0.1,0.5
170628.145348192,0.4013294726259456,0.11365271098668936,0.5072034016908894,51.66,0.0,1.0,0.29999694814903677,7.25,0.4,0.1,0.5
170628.145354464,0.4012539660241016,0.10686000139891186,0.507312021496754,51.66,0.0,1.0,0.29999694814903677,7.255,0.4,0.1,0.5
170628.145372,0.40148012203574424,0.10688901078404396,0.5071859202252494,51.66,0.0,1.0,0.10162663655506066,7.26,0.4,0.1,0.5
170628.145378112,0.40149294588297574,0.10485560264714099,0.5073235928448065,51.66,0.0,1.0,0.42207098605302207,7.265000000000001,0.4,0.1,0.5
170628.18958448,0.4015704376676625,0.10542958952832371,0.5074186212421556,51.66,0.0,1.0,0.1626636555070533,7.2700000000000005,0.4,0.1,0.5
170628.189594496,0.40147222472314925,0.09794115175360701,0.5075889165118598,51.66,0.0,1.0,0.2542191839350423,7.275,0.4,0.1,0.5
170628.189600928,0.4017891294874996,0.1120370948971136,0.5072985511333483,51.66,0.0,1.0,0.3305154576250331,7.28,0.4,0.1,0.5
170628.189606816,0.40181502319253726,0.10859080490312382,0.5073718784306843,51.66,0.0,1.0,0.26947843867304044,7.285,0.4,0.1,0.5
170628.18961264,0.4020033775299615,0.10217971942859813,0.5073321907725584,51.66,0.0,1.0,0.10162663655506066,7.29,0.4,0.1,0.5
170628.189618976,0.4022369018093922,0.10973403207341381,0.507289183324222,51.66,0.0,1.0,0.513626514481011,7.295,0.4,0.1,0.5
170628.18962528,0.40224409394062033,0.11550257944103581,0.507326894792911,51.66,0.0,1.0,0.4068117313150239,7.3,0.4,0.1,0.5
170628.189631168,0.4023665718167874,0.11025692859893413,0.5072210821945256,51.66,0.0,1.0,0.04058961760306801,7.305,0.4,0.1,0.5
170628.189637088,0.40243896244453164,0.12292049253360574,0.5072131954749066,51.66,0.0,1.0,0.2084414197210478,7.3100000000000005,0.4,0.1,0.5
170628.230641216,0.4025993641070029,0.11969149319596985,0.5071182624059206,51.66,0.0,1.0,0.4983672597430129,7.315,0.4,0.1,0.5
170628.230649792,0.40253830253083184,0.11086290282061471,0.5073417144877901,51.66,0.0,1.0,0.19318216498304963,7.32,0.4,0.1,0.5
170628.23066704,0.4024216903860684,0.11582249055719512,0.5075903192360107,51.66,0.0,1.0,0.26947843867304044,7.325,0.4,0.1,0.5
170628.230673088,0.4022899677660002,0.11186705395947923,0.5076517713161124,51.66,0.0,1.0,0.3610339671010294,7.33,0.4,0.1,0.5
170628.230679264,0.4021202483403542,0.10215801118760415,0.5075294916092817,51.66,0.0,1.0,0.42207098605302207,7.335,0.4,0.1,0.5
170628.230685408,0.401994588198317,0.10477650395780688,0.5074966349424255,51.66,0.0,1.0,0.2847376934110386,7.34,0.4,0.1,0.5
170628.230697024,0.4018932134602081,0.09765793595065035,0.5073260065651324,51.66,0.0,1.0,0.2542191839350423,7.345,0.4,0.1,0.5
170628.230703392,0.4016201503839029,0.0968105994818507,0.5073433557944459,51.66,0.0,1.0,0.605182042909,7.3500000000000005,0.4,0.1,0.5
170628.274920576,0.40118931572192906,0.10112653586926913,0.5075699002767743,51.66,0.0,1.0,0.23895992919704412,7.355,0.4,0.1,0.5
170628.274932864,0.4008549849490253,0.10032882218259614,0.5075974574336897,51.66,0.0,1.0,0.34577471236303126,7.36,0.4,0.1,0.5
170628.274940064,0.4006628220212279,0.09406611559565321,0.5076450172351914,51.66,0.0,1.0,0.23895992919704412,7.365,0.4,0.1,0.5
170628.27494624,0.4005085439090469,0.09317513790695503,0.5077559227163588,51.66,0.0,1.0,0.23895992919704412,7.37,0.4,0.1,0.5
170628.274952384,0.40050001205397245,0.09368448089586498,0.5076731554267501,51.66,0.0,1.0,0.4983672597430129,7.375,0.4,0.1,0.5
170628.274958976,0.40067790660244507,0.09197801681730525,0.5074546953905272,51.66,0.0,1.0,0.3762932218390276,7.38,0.4,0.1,0.5
170628.274965312,0.4006092325688079,0.10569734825778422,0.5074602820246017,51.66,0.0,1.0,0.3610339671010294,7.385,0.4,0.1,0.5
170628.2749712,0.4004258866587729,0.10380005561293798,0.5075396871721248,51.66,0.0,1.0,0.0863673818170625,7.390000000000001,0.4,0.1,0.5
170628.274990272,0.40000696643181,0.10560565638250993,0.5077701149595999,51.66,0.0,1.0,0.34577471236303126,7.3950000000000005,0.4,0.1,0.5
170628.31635984,0.4000022569995361,0.10929344200416521,0.5076106939513775,51.66,0.0,1.0,0.29999694814903677,7.4,0.4,0.1,0.5
170628.316371264,0.39997899286627536,0.10284655143204191,0.5076588042128999,51.66,0.0,1.0,0.39155247657702574,7.405,0.4,0.1,0.5
170628.316378336,0.40003634468123683,0.09448602283402122,0.507643665980055,51.66,0.0,1.0,0.26947843867304044,7.41,0.4,0.1,0.5
170628.316396064,0.4006699021175075,0.11062795053069857,0.5071698629649021,51.66,0.0,1.0,0.42207098605302207,7.415,0.4,0.1,0.5
170628.316403168,0.4001712866029325,0.0971946364800017,0.5077181434512085,51.66,0.0,1.0,0.42207098605302207,7.42,0.4,0.1,0.5
170628.31640976,0.40023178862997427,0.10939299214602986,0.5076580937685464,51.66,0.0,1.0,0.34577471236303126,7.425,0.4,0.1,0.5
170628.316416192,0.4002091974151273,0.09273308603894086,0.5077201294618032,51.66,0.0,1.0,0.513626514481011,7.43,0.4,0.1,0.5
170628.316422176,0.40034675248396256,0.10018094903424858,0.5077552029484058,51.66,0.0,1.0,0.23895992919704412,7.4350000000000005,0.4,0.1,0.5
170628.3604608,0.4007259395030889,0.08781764651692298,0.5076970925741233,51.66,0.0,1.0,0.6204412976469982,7.44,0.4,0.1,0.5
170628.360472256,0.4010463756914853,0.0962224800415443,0.5075183730220003,51.66,0.0,1.0,0.31525620288703493,7.445,0.4,0.1,0.5
170628.360479008,0.40097557159267333,0.10077335723011811,0.5076629156840153,51.66,0.0,1.0,0.43733024079102023,7.45,0.4,0.1,0.5
170628.36048528,0.40108784204211995,0.10728858712253764,0.5075942267928167,51.66,0.0,1.0,0.46784875026701656,7.455,0.4,0.1,0.5
170628.360503744,0.40119452176340326,0.0989843453480591,0.5076057297406935,51.66,0.0,1.0,0.17792291024505147,7.46,0.4,0.1,0.5
170628.360510016,0.4015294548284862,0.1050618407023311,0.5074398102416332,51.66,0.0,1.0,0.2542191839350423,7.465,0.4,0.1,0.5
170628.360521504,0.4019236290329316,0.10434178593666926,0.5071884458302303,51.66,0.0,1.0,0.14740440076905514,7.47,0.4,0.1,0.5
170628.360527616,0.40177533161255996,0.0958799572237658,0.5074076253129831,51.66,0.0,1.0,0.10162663655506066,7.4750000000000005,0.4,0.1,0.5
170628.360533536,0.4019060867818942,0.09533963482225287,0.5074092225917763,51.66,0.0,1.0,0.3610339671010294,7.48,0.4,0.1,0.5
170628.401321696,0.40216154128235443,0.09624296975186064,0.5072393391751019,51.66,0.0,1.0,0.17792291024505147,7.485,0.4,0.1,0.5
170628.40133776,0.4018747323992651,0.09375408240845874,0.5073969564770026,51.66,0.0,1.0,0.4983672597430129,7.49,0.4,0.1,0.5
170628.401346368,0.40236946959549114,0.10996387349751147,0.5070908313173638,51.66,0.0,1.0,-0.005188146610926481,7.495,0.4,0.1,0.5
170628.40135472,0.4022043702609313,0.11703011725412346,0.5073219902905383,51.66,0.0,1.0,0.5288857692190092,7.5,0.0,0.6,0.5
170628.401361472,0.4020545743185134,0.10890680641762666,0.5075688102384383,51.66,0.0,1.0,0.17792291024505147,7.505,0.0,0.6,0.5
170628.40136816,0.402425351635666,0.1038568841805061,0.5074049484856535,51.66,0.0,1.0,0.3610339671010294,7.51,0.0,0.6,0.5
170628.40137408,0.40247728091648943,0.09913698294329326,0.5073515252797448,51.66,0.0,1.0,0.19318216498304963,7.515000000000001,0.0,0.6,0.5
170628.401380128,0.4020375208880188,0.09921156440643199,0.5075378579167016,51.66,0.0,1.0,0.26947843867304044,7.5200000000000005,0.0,0.6,0.5
170628.445544928,0.40151412891879773,0.0962500382014351,0.5077321417394223,51.66,0.0,1.0,0.19318216498304963,7.525,0.0,0.6,0.5
170628.445558272,0.4013709804938823,0.12073360264233059,0.5075468376902048,51.66,0.0,1.0,0.5746635334330037,7.53,0.0,0.6,0.5
170628.445565088,0.4013758376798955,0.10761471315012808,0.5072799603043919,51.66,0.0,1.0,0.11688589129305882,7.535,0.0,0.6,0.5
170628.44557184,0.40093853352267844,0.09791776242732261,0.5073764468608211,51.66,0.0,1.0,0.4983672597430129,7.54,0.0,0.6,0.5
170628.445578336,0.4003271083992394,0.10876751039480574,0.5076486644400474,51.66,0.0,1.0,0.39155247657702574,7.545,0.0,0.6,0.5
170628.44558528,0.40016547286716503,0.11049289659991202,0.507694418558401,51.66,0.0,1.0,0.4831080050050147,7.55,0.0,0.6,0.5
170628.44560512,0.40014508058329656,0.10443015765766504,0.5074818846824296,51.66,0.0,1.0,0.2847376934110386,7.555,0.0,0.6,0.5
170628.44561296,0.40029912621290253,0.10845771969297659,0.5071934777504243,51.66,0.0,1.0,0.5441450239570074,7.5600000000000005,0.0,0.6,0.5
170628.445619264,0.3998550274271172,0.10705762980760031,0.5074824188717394,51.66,0.0,1.0,0.29999694814903677,7.565,0.0,0.6,0.5
170628.486606528,0.3995895146101437,0.11275963382637165,0.5076355257196528,51.66,0.0,1.0,0.3305154576250331,7.57,0.0,0.6,0.5
170628.486621632,0.39946979515068215,0.10942019518872413,0.5078372050307893,51.66,0.0,1.0,-0.05096591082492097,7.575,0.0,0.6,0.5
170628.486629184,0.40008814281031185,0.1041805374506175,0.507370175228295,51.66,0.0,1.0,0.5441450239570074,7.58,0.0,0.6,0.5
170628.48663568,0.40005327931243667,0.11027426536389666,0.5074404550458328,51.66,0.0,1.0,0.14740440076905514,7.585,0.0,0.6,0.5
170628.486660224,0.4002470578279867,0.10476161750338907,0.5074112798110463,51.66,0.0,1.0,0.34577471236303126,7.59,0.0,0.6,0.5
170628.486667136,0.39965825858607057,0.10271566913217427,0.5078937026897237,51.66,0.0,1.0,0.07110812707906433,7.595,0.0,0.6,0.5
170628.486673568,0.3998931501639124,0.1116561005825909,0.507815344905198,51.66,0.0,1.0,0.3610339671010294,7.6000000000000005,0.0,0.6,0.5
170628.486680064,0.4001909015556973,0.11692038798380607,0.5076174258915762,51.66,0.0,1.0,0.0863673818170625,7.605,0.0,0.6,0.5
170628.530850112,0.4006732357138427,0.10751712529928197,0.5074016355225326,51.66,0.0,1.0,0.5594042786950055,7.61,0.0,0.6,0.5
170628.530860096,0.40058654129133286,0.1076940430783417,0.5075621014340679,51.66,0.0,1.0,0.2847376934110386,7.615,0.0,0.6,0.5
170628.530866144,0.4010470666834983,0.09640210633811493,0.5073561217429802,51.66,0.0,1.0,0.7730338450270366,7.62,0.0,0.6,0.5
170628.530883712,0.40107015973679,0.09827117560886885,0.5074678960667739,51.66,0.0,1.0,0.4831080050050147,7.625,0.0,0.6,0.5
170628.530890432,0.4011203273726337,0.09639649749391771,0.5073906354111604,51.66,0.0,1.0,0.5899227881710019,7.63,0.0,0.6,0.5
170628.530896288,0.40120890956837973,0.11339861790742051,0.5073539602676802,51.66,0.0,1.0,0.04058961760306801,7.635,0.0,0.6,0.5
170628.53090288,0.40100507080430015,0.11780990017655263,0.5075474319873539,51.66,0.0,1.0,0.42207098605302207,7.640000000000001,0.0,0.6,0.5
170628.530909184,0.401084212415608,0.12196394917721365,0.5076219041445175,51.66,0.0,1.0,0.31525620288703493,7.6450000000000005,0.0,0.6,0.5
170628.530915232,0.4014448909415369,0.1091840097146847,0.5075090438254412,51.66,0.0,1.0,0.4068117313150239,7.65,0.0,0.6,0.5
170628.572048864,0.40159295360873176,0.10499164222321634,0.5075479492006526,51.66,0.0,1.0,0.29999694814903677,7.655,0.0,0.6,0.5
170628.572078944,0.40139131638910347,0.11263156097563258,0.5077282049149848,51.66,0.0,1.0,0.4831080050050147,7.66,0.4,0.1,0.5
170628.572086816,0.4012364801193656,0.11434483801397466,0.5078921509021092,51.66,0.0,1.0,0.3610339671010294,7.665,0.4,0.1,0.5
170628.572093472,0.4016611234234636,0.10351989104986213,0.5076549197855394,51.66,0.0,1.0,0.3762932218390276,7.67,0.4,0.1,0.5
170628.572099136,0.40202014919379575,0.11779744726677774,0.507434716940589,51.66,0.0,1.0,0.10162663655506066,7.675,0.4,0.1,0.5
170628.572105664,0.40234538162070255,0.10172844253352907,0.5073319385768226,51.66,0.0,1.0,0.3762932218390276,7.68,0.4,0.1,0.5
170628.572111968,0.4025890707752392,0.11208699939610613,0.5070984234246022,51.66,0.0,1.0,0.3305154576250331,7.6850000000000005,0.4,0.1,0.5
170628.572117952,0.40230807970258664,0.10546348416830091,0.5074082652482254,51.66,0.0,1.0,0.6509598071229945,7.69,0.4,0.1,0.5
170628.616196032,0.4022774450736404,0.10518480278515628,0.5074656644949704,51.66,0.0,1.0,0.07110812707906433,7.695,0.4,0.1,0.5
170628.616212512,0.4021840527353875,0.112988894076364,0.5074839395659938,51.66,0.0,1.0,0.4068117313150239,7.7,0.4,0.1,0.5
170628.616219808,0.4019465490068632,0.11749476370657391,0.5076552078169855,51.66,0.0,1.0,0.2847376934110386,7.705,0.4,0.1,0.5
170628.616226048,0.40180180852783565,0.1001280175985661,0.5078070991544369,51.66,0.0,1.0,0.4525894955290184,7.71,0.4,0.1,0.5
170628.616232096,0.4019135276787638,0.10010147862158894,0.5074812830156238,51.66,0.0,1.0,0.1626636555070533,7.715,0.4,0.1,0.5
170628.616247936,0.40165632249002475,0.11978442360666901,0.5073676357019661,51.66,0.0,1.0,0.42207098605302207,7.72,0.4,0.1,0.5
170628.61625488,0.4010640228693625,0.12122648880735838,0.507543160168574,51.66,0.0,1.0,0.5441450239570074,7.7250000000000005,0.4,0.1,0.5
170628.616261536,0.40061474737732905,0.1030241746592214,0.5076523592166232,51.66,0.0,1.0,0.34577471236303126,7.73,0.4,0.1,0.5
170628.616267648,0.40049810729984486,0.10822912361396697,0.507539423859518,51.66,0.0,1.0,0.2542191839350423,7.735,0.4,0.1,0.5
170628.660236672,0.40014131706728095,0.11463369304637348,0.5075611358120864,51.66,0.0,1.0,0.4525894955290184,7.74,0.4,0.1,0.5
170628.660246272,0.40028092898054524,0.11412533971427448,0.50727090160016,51.66,0.0,1.0,0.11688589129305882,7.745,0.4,0.1,0.5
170628.66025232,0.4003426097290631,0.107209906715279,0.5072646698255008,51.66,0.0,1.0,0.3762932218390276,7.75,0.4,0.1,0.5
170628.660258336,0.4004299975050804,0.11394078919055359,0.5071303326561881,51.66,0.0,1.0,0.39155247657702574,7.755,0.4,0.1,0.5
170628.660264,0.4003443825535975,0.1230135730061147,0.5072526932857665,51.66,0.0,1.0,0.3610339671010294,7.76,0.4,0.1,0.5
170628.660270816,0.40055653263639135,0.12483560237628653,0.5072748628509879,51.66,0.0,1.0,0.2847376934110386,7.765000000000001,0.4,0.1,0.5
170628.660287968,0.40084900002998175,0.12001146503242076,0.5072021425755736,51.66,0.0,1.0,0.4831080050050147,7.7700000000000005,0.4,0.1,0.5
170628.660294976,0.3998700556794877,0.12123892755711038,0.5075982702500499,51.66,0.0,1.0,0.1626636555070533,7.775,0.4,0.1,0.5
170628.660300736,0.3936104518467192,0.12775033198876623,0.5072265787710998,51.66,0.0,1.0,0.34577471236303126,7.78,0.4,0.1,0.5
170628.70118,0.38038750858001424,0.12141889082905476,0.507318749110687,51.66,0.0,1.0,0.2084414197210478,7.785,0.4,0.1,0.5
170628.701199936,0.3674626259932331,0.11946795367562993,0.5073869538815383,51.48,0.0,1.0,0.3610339671010294,7.79,0.4,0.1,0.5
170628.701206016,0.3537493687504886,0.1040698626095581,0.5073217134220159,51.3,0.0,1.0,0.2847376934110386,7.795,0.4,0.1,0.5
170628.701211776,0.33537966341371345,0.11487234188413173,0.5069767959553374,51.12,0.0,1.0,0.5594042786950055,7.8,0.4,0.1,0.5
170628.7012176,0.3135975245123675,0.11814628205017935,0.506968338812227,50.94,0.0,1.0,0.2542191839350423,7.805000000000001,0.4,0.1,0.5
170628.701224032,0.2893390263558785,0.13167134727754395,0.5066601839991729,50.58,0.0,1.0,0.19318216498304963,7.8100000000000005,0.4,0.1,0.5
170628.70123008,0.2643937701930402,0.15024165003360984,0.50663831794951,50.04,0.0,1.0,0.29999694814903677,7.815,0.4,0.1,0.5
170628.701236448,0.23963189223906167,0.17110274036122083,0.5064048970645137,49.5,0.0,1.0,0.34577471236303126,7.82,0.4,0.1,0.5
170628.745362816,0.21653301086742138,0.20154903760268827,0.5057176350622596,48.96,0.0,1.0,0.46784875026701656,7.825,0.4,0.1,0.5
170628.745372576,0.19424200882890183,0.21894738259558427,0.5056873706853466,48.239999999999995,0.0,1.0,0.04058961760306801,7.83,0.4,0.1,0.5
170628.745378592,0.17353603204802467,0.23105765043807827,0.5055737045610663,47.339999999999996,0.0,1.0,-0.020447401348924643,7.835,0.4,0.1,0.5
170628.745394464,0.15538037639023516,0.24050591643053365,0.505086217035153,46.62,0.0,1.0,0.3762932218390276,7.84,0.4,0.1,0.5
170628.745401472,0.13738617759893096,0.25792582855247626,0.5050165655798416,45.54,0.0,1.0,0.43733024079102023,7.845,0.4,0.1,0.5
170628.745407936,0.12194661798848047,0.2762193033851573,0.5049937939754444,44.46,0.0,1.0,0.39155247657702574,7.8500000000000005,0.4,0.1,0.5
170628.745419072,0.1140210154218676,0.29430008947875996,0.5044433423520989,43.199999999999996,0.0,1.0,0.3305154576250331,7.855,0.4,0.1,0.5
170628.74542576,0.09577165016064217,0.312211215508178,0.5045187532691935,41.94,0.0,1.0,0.5746635334330037,7.86,0.4,0.1,0.5
170628.745432032,0.07973390837470376,0.3276967194997591,0.5041378080988063,40.5,0.0,1.0,0.4983672597430129,7.865,0.4,0.1,0.5
170628.786439104,0.06748853579056097,0.32458968889280443,0.5043369612002266,39.059999999999995,0.0,1.0,0.39155247657702574,7.87,0.4,0.1,0.5
170628.786447808,0.06261094881388884,0.34375399296778536,0.503867783548203,37.26,0.0,1.0,0.39155247657702574,7.875,0.4,0.1,0.5
170628.786453856,0.05122193592709935,0.36168247382556884,0.5041401414366365,35.64,0.0,1.0,0.513626514481011,7.88,0.4,0.1,0.5
170628.786459968,0.04822323850716399,0.36341035631949054,0.5038019174607106,33.66,0.0,1.0,0.31525620288703493,7.885,0.4,0.1,0.5
170628.786465728,0.035377446875100686,0.3695153364134204,0.5037609782344169,31.68,0.0,1.0,0.3610339671010294,7.890000000000001,0.4,0.1,0.5
170628.786471968,0.04085081026060212,0.378177895736454,0.5035911193479227,29.52,0.0,1.0,0.3610339671010294,7.8950000000000005,0.4,0.1,0.5
170628.786478048,0.04159339857333003,0.38590872011980265,0.5034737160383634,27.18,0.0,1.0,0.025330362865069844,7.9,0.4,0.1,0.5
170628.78648432,0.025419646283073704,0.3908877605909436,0.5036066405352131,25.02,0.0,1.0,0.22370067445904596,7.905,0.4,0.1,0.5
170628.830639232,0.010056663422842851,0.40478510828548125,0.5037334289514919,22.5,0.0,1.0,0.26947843867304044,7.91,0.4,0.1,0.5
170628.830647616,0.002931956630155248,0.4044285483220154,0.5034886018862926,19.98,0.0,1.0,0.23895992919704412,7.915,0.4,0.1,0.5
170628.830653376,0.0032133799862177617,0.4049179002292189,0.5035120520805578,17.46,0.0,1.0,0.05584887234106617,7.92,0.4,0.1,0.5
170628.830669824,0.006240002623607256,0.416655670466885,0.5035502979711327,14.76,0.0,1.0,0.39155247657702574,7.925,0.4,0.1,0.5
170628.830675616,-0.0039029974107397617,0.4244949136046852,0.5033499112679385,12.059999999999999,0.0,1.0,0.2847376934110386,7.930000000000001,0.4,0.1,0.5
170628.830681792,-0.00886300539860126,0.4223424887166566,0.5033323013455793,9.18,0.0,1.0,0.29999694814903677,7.9350000000000005,0.4,0.1,0.5
170628.830710688,-0.0013869110131104487,0.4286811014157547,0.5031152635607888,6.4799999999999995,0.0,1.0,0.2542191839350423,7.94,0.4,0.1,0.5
170628.830717856,0.001604013663877025,0.4317807875893937,0.5027756101226537,3.5999999999999996,2.6999999999999997,1.0,9.165623950926246,7.945,0.4,0.1,0.5
170628.830723904,0.008560667853267513,0.44089538822346824,0.5044080737689989,1.7999999999999998,5.9399999999999995,1.0,1.642811365092932,7.95,0.4,0.1,0.5
170628.87162304,0.005707502951782812,0.43773659226029066,0.5060926874954818,1.08,5.76,1.0,8.44843897824028,7.955,0.4,0.1,0.5
170628.871634624,0.0018718258686345104,0.4373099943168416,0.5065248026807977,1.26,6.12,1.0,1.3834040345469631,7.96,0.4,0.1,0.5
170628.871641792,0.013534563462571796,0.43440635980883885,0.5081300112061901,2.52,3.96,1.0,3.8401440473647224,7.965,0.4,0.1,0.5
170628.871647936,0.030027721345474184,0.43724799021452015,0.5063371430744905,4.32,1.6199999999999999,1.0,1.5054780724509484,7.97,0.4,0.1,0.5
170628.871653792,0.05452190698667046,0.4420013443452451,0.5041495103059104,6.3,-0.54,1.0,1.1392559587389925,7.9750000000000005,0.4,0.1,0.5
170628.871660288,0.07174972241727565,0.4384649366905533,0.5032386769861866,7.199999999999999,0.36,1.0,-0.18829920346690443,7.98,0.4,0.1,0.5
170628.87167616,0.07765390697864724,0.4213700046846731,0.5018003705601024,8.459999999999999,0.18,1.0,0.4831080050050147,7.985,0.4,0.1,0.5
170628.87168848,0.10365547247874975,0.4023363035776513,0.5009884295726782,9.54,0.0,1.0,0.26947843867304044,7.99,0.4,0.1,0.5
170628.915909504,0.11510018886392688,0.38653767005820255,0.5010899529076166,10.98,0.0,1.0,0.4525894955290184,7.995,0.4,0.1,0.5
170628.915918848,0.12594598958656267,0.3731451008071949,0.5006737951256959,11.879999999999999,0.0,1.0,0.14740440076905514,8.0,0.4,0.1,0.5
170628.915924608,0.150931378275701,0.35241921803985754,0.5009755044807691,13.139999999999999,0.0,1.0,0.31525620288703493,8.005,0.4,0.1,0.5
170628.915930528,0.17265441937032985,0.3322907764179103,0.5012156561379958,14.219999999999999,0.0,1.0,0.39155247657702574,8.01,0.4,0.1,0.5
170628.915936288,0.18854549118368,0.3226484684450598,0.5012400311174589,15.479999999999999,0.0,1.0,0.46784875026701656,8.015,0.4,0.1,0.5
170628.915942976,0.20541502812362863,0.3076337860386146,0.5012960019534294,16.56,0.0,1.0,0.19318216498304963,8.02,0.4,0.1,0.5
170628.915949248,0.22286770943088755,0.2832306900502332,0.5017116253404882,17.82,0.0,1.0,0.17792291024505147,8.025,0.4,0.1,0.5
170628.915955456,0.23591486898889213,0.2752061372303556,0.5015206809384208,19.08,0.0,1.0,0.3762932218390276,8.03,0.4,0.1,0.5
170628.915961344,0.24820487987013717,0.2697781075363719,0.5018662075611768,20.34,0.0,1.0,0.3762932218390276,8.035,0.4,0.1,0.5
170628.957089664,0.26152570281356813,0.26237945573969107,0.5024416051110578,21.599999999999998,0.0,1.0,0.29999694814903677,8.040000000000001,0.4,0.1,0.5
170628.957100928,0.271225724513669,0.2521316660636646,0.5025669783182554,22.86,0.0,1.0,0.4525894955290184,8.045,0.4,0.1,0.5
170628.957118592,0.28025285554236457,0.2373110351510273,0.5028944081794036,24.3,0.0,1.0,0.2084414197210478,8.05,0.4,0.1,0.5
170628.957130688,0.290643525866391,0.2245232593623401,0.5034222038204976,25.74,0.0,1.0,0.4525894955290184,8.055,0.4,0.1,0.5
170628.957136448,0.29835027737234704,0.21509730634795948,0.5034874645786509,27.18,0.0,1.0,0.05584887234106617,8.06,0.4,0.1,0.5
170628.957142784,0.30412672983926403,0.21104005100177917,0.5042963348865968,28.799999999999997,0.0,1.0,0.5441450239570074,8.065,0.4,0.1,0.5
170628.95714912,0.312613121982245,0.2085041351931974,0.504415852894917,30.24,0.0,1.0,-0.020447401348924643,8.07,0.4,0.1,0.5
170628.957155072,0.3188104679939491,0.19995212525392936,0.5047256700720224,31.68,0.0,1.0,0.5288857692190092,8.075,0.4,0.1,0.5
170629.001204032,0.32397441209092664,0.20856675206355674,0.5048508119599838,33.3,0.0,1.0,0.17792291024505147,8.08,0.4,0.1,0.5
170629.00121312,0.3303735839889243,0.19672090170250728,0.5053876353969828,34.74,0.0,1.0,0.6204412976469982,8.085,0.4,0.1,0.5
170629.001219456,0.33588974282889533,0.1925732691014116,0.5056427067903461,36.18,0.0,1.0,0.07110812707906433,8.09,0.4,0.1,0.5
170629.00122512,0.34014891891358706,0.1949700333650426,0.5056217465482509,37.62,0.0,1.0,0.29999694814903677,8.095,0.4,0.1,0.5
170629.001230656,0.34500924283825957,0.1922678657594986,0.5062208813166703,39.059999999999995,0.0,1.0,0.5441450239570074,8.1,0.4,0.1,0.5
170629.001236384,0.3499333034668836,0.18181616139709394,0.5063790422862587,40.5,0.0,1.0,0.4983672597430129,8.105,0.4,0.1,0.5
170629.001242528,0.353391514768042,0.18024799986488863,0.5065030783925558,41.94,0.0,1.0,0.2084414197210478,8.11,0.4,0.1,0.5
170629.001248736,0.3577721682663403,0.16703354834350495,0.5064562629455728,43.199999999999996,0.0,1.0,0.5899227881710019,8.115,0.4,0.1,0.5
170629.001265696,0.3618145981562697,0.16283447535977538,0.5067144605927751,44.46,0.0,1.0,0.23895992919704412,8.120000000000001,0.4,0.1,0.5
170629.044523968,0.364466356073902,0.16658632557395042,0.5069188990319976,45.72,0.0,1.0,0.46784875026701656,8.125,0.4,0.1,0.5
170629.044536416,0.36798857097516513,0.17497367323746155,0.5069080159694116,46.8,0.0,1.0,-0.05096591082492097,8.13,0.4,0.1,0.5
170629.04454272,0.3714327938923927,0.16774453236870637,0.5072222102236754,47.879999999999995,0.0,1.0,0.29999694814903677,8.135,0.4,0.1,0.5
170629.044548512,0.37375441908638746,0.16608696217380678,0.5075645749349983,48.96,0.0,1.0,0.17792291024505147,8.14,0.4,0.1,0.5
170629.044554336,0.37658814705449856,0.17716148183733213,0.5073066980467325,49.86,0.0,1.0,0.605182042909,8.145,0.4,0.1,0.5
170629.044560544,0.3795477048049753,0.16636910518508277,0.5073445698962705,50.58,0.0,1.0,0.23895992919704412,8.15,0.4,0.1,0.5
170629.044566592,0.3815350871455601,0.15021610900094212,0.5074915170300126,51.3,0.0,1.0,0.3762932218390276,8.155,0.4,0.1,0.5
170629.04457248,0.38375605070016794,0.1528547612095512,0.5074629812845884,52.019999999999996,0.0,1.0,0.23895992919704412,8.16,0.4,0.1,0.5
170629.044578208,0.38573767257466457,0.14240166781478789,0.5076277522029037,52.559999999999995,0.0,1.0,0.5746635334330037,8.165000000000001,0.4,0.1,0.5
170629.086537312,0.38750443962448,0.14336236684925602,0.5075048933588017,52.919999999999995,0.0,1.0,0.2542191839350423,8.17,0.4,0.1,0.5
170629.086548768,0.3892109665846829,0.1325829376285524,0.5073423900814165,53.28,0.0,1.0,0.4068117313150239,8.175,0.4,0.1,0.5
170629.086555328,0.3909148259053621,0.12594068592790256,0.5075545636520777,53.64,0.0,1.0,0.31525620288703493,8.18,0.4,0.1,0.5
170629.086574368,0.3918698040330028,0.132282221554158,0.5080406489983955,53.82,0.0,1.0,0.4831080050050147,8.185,0.4,0.1,0.5
170629.08658128,0.393607176275455,0.1340546029549151,0.5077684243224695,53.82,0.0,1.0,0.23895992919704412,8.19,0.4,0.1,0.5
170629.086593632,0.3952106079582989,0.13398404793480476,0.5078563859147057,53.82,0.0,1.0,0.42207098605302207,8.195,0.4,0.1,0.5
170629.086600192,0.3968894391158062,0.14445460551217396,0.5077292651046568,53.82,0.0,1.0,0.23895992919704412,8.2,0.4,0.1,0.5
170629.086606112,0.3982877105091322,0.14342425506732656,0.5075944928367039,53.64,0.0,1.0,0.5594042786950055,8.205,0.4,0.1,0.5
170629.129595488,0.39959581314493664,0.13824418139512248,0.5077680988185151,53.46,0.0,1.0,0.26947843867304044,8.21,0.4,0.1,0.5
170629.12960448,0.40109680152114763,0.146030347353179,0.5076110644619881,53.28,0.0,1.0,0.34577471236303126,8.215,0.4,0.1,0.5
170629.12961024,0.4018733847428936,0.14657420017235936,0.5078049419080307,53.1,0.0,1.0,0.31525620288703493,8.22,0.4,0.1,0.5
170629.129615968,0.40238243613972857,0.13346695684678167,0.5079593344189488,52.919999999999995,0.0,1.0,0.605182042909,8.225,0.4,0.1,0.5
170629.129621632,0.40312328286489557,0.1348933493306943,0.5076318601841702,52.919999999999995,0.0,1.0,0.3305154576250331,8.23,0.4,0.1,0.5
170629.129627712,0.4033301498789269,0.13384198598959665,0.5075028443042079,52.739999999999995,0.0,1.0,0.5441450239570074,8.235,0.4,0.1,0.5
170629.1296336,0.4039109769053983,0.13305646186948356,0.5068634548322732,52.559999999999995,0.0,1.0,0.43733024079102023,8.24,0.4,0.1,0.5
170629.129639424,0.40361874177780216,0.13300698508309655,0.5069438045110193,52.379999999999995,0.0,1.0,0.29999694814903677,8.245000000000001,0.4,0.1,0.5
170629.12964544,0.4034395123259501,0.13007782980955912,0.5070794860703818,52.379999999999995,0.0,1.0,-0.12726218451491178,8.25,0.4,0.1,0.5
170629.171960512,0.4031518872326422,0.13033764876706405,0.5070395112877307,52.199999999999996,0.0,1.0,0.42207098605302207,8.255,0.4,0.1,0.5
170629.171973472,0.4034709006057088,0.1332262571047069,0.5066010394864319,52.199999999999996,0.0,1.0,0.29999694814903677,8.26,0.4,0.1,0.5
170629.171994912,0.40335284379946146,0.13806980736411847,0.5063466475896619,52.019999999999996,0.0,1.0,0.42207098605302207,8.265,0.4,0.1,0.5
170629.172031264,0.40317119512095895,0.12346515399078994,0.5061639371355735,52.019999999999996,0.0,1.0,0.34577471236303126,8.27,0.4,0.1,0.5
170629.172038976,0.402703125262659,0.12698225994155604,0.5063459239240202,52.019999999999996,0.0,1.0,0.2542191839350423,8.275,0.4,0.1,0.5
170629.172045568,0.40227603734409006,0.12800577296873591,0.5066215117714333,52.019999999999996,0.0,1.0,0.34577471236303126,8.28,0.4,0.1,0.5
170629.172051744,0.40233116911540295,0.12434385410690876,0.5059912781558867,52.019999999999996,0.0,1.0,0.19318216498304963,8.285,0.4,0.1,0.5
170629.172058144,0.401876134226924,0.11186898834560752,0.5060704628782183,52.019999999999996,0.0,1.0,0.26947843867304044,8.290000000000001,0.4,0.1,0.5
170629.215146272,0.40136562268801645,0.10999569857540381,0.5062080010231953,52.019999999999996,0.0,1.0,0.31525620288703493,8.295,0.4,0.1,0.5
170629.215155488,0.4013398200106961,0.1099493529257182,0.5060726260606715,52.199999999999996,0.0,1.0,0.39155247657702574,8.3,0.4,0.1,0.5
170629.215161632,0.40128455036999733,0.11247069000934536,0.5059022682591753,52.199999999999996,0.0,1.0,0.3762932218390276,8.305,0.4,0.1,0.5
170629.215167936,0.4014641528851237,0.1102061130559753,0.505596844889808,52.199999999999996,0.0,1.0,0.26947843867304044,8.31,0.4,0.1,0.5
170629.215174048,0.40126917255977224,0.11439951002393328,0.5058310970252891,52.199999999999996,0.0,1.0,0.2542191839350423,8.315,0.4,0.1,0.5
170629.215192736,0.4012158225869268,0.11463758189971679,0.5059465812792403,52.199999999999996,0.0,1.0,0.5746635334330037,8.32,0.4,0.1,0.5
170629.215198848,0.40095602701428884,0.10740579394605315,0.5061615622661964,52.199999999999996,0.0,1.0,0.3305154576250331,8.325,0.4,0.1,0.5
170629.21520496,0.4011865820869095,0.10907210242941082,0.5061497417784475,52.019999999999996,0.0,1.0,0.19318216498304963,8.33,0.4,0.1,0.5
170629.215211008,0.40084009826511147,0.11940896688784468,0.5067060649169174,52.019999999999996,0.0,1.0,0.26947843867304044,8.335,0.4,0.1,0.5
170629.256203136,0.40102056803760316,0.1121013154149324,0.5068542564203782,52.019999999999996,0.0,1.0,0.5746635334330037,8.34,0.4,0.1,0.5
170629.25621248,0.40076241303051596,0.10815040911471065,0.5072834548829772,52.019999999999996,0.0,1.0,0.513626514481011,8.345,0.4,0.1,0.5
170629.256218784,0.40057295307653573,0.11005028399931616,0.5077446279623468,52.019999999999996,0.0,1.0,0.2084414197210478,8.35,0.4,0.1,0.5
170629.256224544,0.4005493849384415,0.11706081646402305,0.5078976789559888,52.019999999999996,0.0,1.0,0.3610339671010294,8.355,0.4,0.1,0.5
170629.256230304,0.4006793950051925,0.11496477743412668,0.5077198100722599,52.019999999999996,0.0,1.0,0.605182042909,8.36,0.4,0.1,0.5
170629.256236736,0.40041400409162986,0.10147119574910882,0.5080558803147807,52.019999999999996,0.0,1.0,0.19318216498304963,8.365,0.4,0.1,0.5
170629.256242624,0.40036010263987754,0.10095786760229383,0.508217488302461,52.199999999999996,0.0,1.0,0.31525620288703493,8.370000000000001,0.4,0.1,0.5
170629.256248704,0.40048745357632,0.10527270192622937,0.5081815706420237,52.199999999999996,0.0,1.0,0.3610339671010294,8.375,0.4,0.1,0.5
170629.300469056,0.4005377087270598,0.09457404145254845,0.508301972084457,52.199999999999996,0.0,1.0,0.43733024079102023,8.38,0.4,0.1,0.5
170629.30049424,0.4006125619665229,0.10525879210286605,0.5081422984079832,52.199999999999996,0.0,1.0,0.26947843867304044,8.385,0.4,0.1,0.5
170629.300501696,0.4007279304570287,0.1154926665811466,0.5080282931638641,52.199999999999996,0.0,1.0,0.3610339671010294,8.39,0.4,0.1,0.5
170629.300508544,0.4006551771424326,0.1191566814044889,0.5079214969893315,52.199999999999996,0.0,1.0,0.3762932218390276,8.395,0.4,0.1,0.5
170629.300515712,0.40046293117081855,0.10689892223495343,0.5079621070558845,52.019999999999996,0.0,1.0,0.5899227881710019,8.4,0.4,0.1,0.5
170629.300523168,0.4001246270025319,0.11574346765030341,0.508149326586457,52.019999999999996,0.0,1.0,0.2084414197210478,8.405,0.4,0.1,0.5
170629.300534784,0.40010684288324294,0.10736524096175187,0.5079554610557807,52.019999999999996,0.0,1.0,0.23895992919704412,8.41,0.4,0.1,0.5
170629.300541408,0.4002497184117175,0.0988778309703997,0.5076854073780022,52.019999999999996,0.0,1.0,0.19318216498304963,8.415000000000001,0.4,0.1,0.5
170629.300547552,0.40001069864871497,0.0995644285932496,0.507673570567699,52.019999999999996,0.0,1.0,0.5594042786950055,8.42,0.4,0.1,0.5
170629.34139792,0.40035357198470783,0.10688236792356319,0.5070757747505628,52.019999999999996,0.0,1.0,0.23895992919704412,8.425,0.4,0.1,0.5
170629.341406752,0.40035116603269144,0.10472366716460774,0.5070050762222668,52.019999999999996,0.0,1.0,0.46784875026701656,8.43,0.4,0.1,0.5
170629.341412544,0.40024189369255986,0.10774122196315704,0.5070352745454946,52.019999999999996,0.0,1.0,0.19318216498304963,8.435,0.4,0.1,0.5
170629.341418304,0.4006180567452689,0.10997836506495023,0.5064764537760893,52.199999999999996,0.0,1.0,0.43733024079102023,8.44,0.4,0.1,0.5
170629.341423936,0.40042596632232563,0.11279919182110858,0.506457046548683,52.199999999999996,0.0,1.0,0.23895992919704412,8.445,0.4,0.1,0.5
170629.341430464,0.4000236315637137,0.11793699688727541,0.5066050459869837,52.199999999999996,0.0,1.0,0.3305154576250331,8.45,0.4,0.1,0.5
170629.341446336,0.4000225158494465,0.113119903845512,0.5064184033231683,52.199999999999996,0.0,1.0,0.22370067445904596,8.455,0.4,0.1,0.5
170629.341452256,0.3997811689915326,0.10649899597571448,0.5065193823081113,52.199999999999996,0.0,1.0,0.5441450239570074,8.46,0.4,0.1,0.5
170629.385624704,0.4001146692999177,0.10056253080675479,0.5062354747351627,52.199999999999996,0.0,1.0,0.34577471236303126,8.465,0.4,0.1,0.5
170629.38563328,0.4007424421915806,0.10946136711009592,0.5054269696830377,52.199999999999996,0.0,1.0,0.4983672597430129,8.47,0.4,0.1,0.5
170629.385639168,0.4008438015676628,0.11377567565229744,0.5051664063298155,52.199999999999996,0.0,1.0,0.19318216498304963,8.475,0.4,0.1,0.5
170629.385654176,0.40091153924849426,0.12730852178181457,0.5050054659811729,52.199999999999996,0.0,1.0,0.4831080050050147,8.48,0.4,0.1,0.5
170629.385660608,0.4009839735064822,0.11688857747385667,0.5048347181815812,52.199999999999996,0.0,1.0,0.22370067445904596,8.485,0.4,0.1,0.5
170629.385666304,0.4010436417842529,0.12802252666705888,0.5047687576586256,52.199999999999996,0.0,1.0,0.46784875026701656,8.49,0.4,0.1,0.5
170629.385672608,0.40100187710618584,0.09983593715906407,0.5047771588598404,52.199999999999996,0.0,1.0,0.23895992919704412,8.495000000000001,0.4,0.1,0.5
170629.38567904,0.4005415172179371,0.10619493870481389,0.504915925801055,52.199999999999996,0.0,1.0,0.07110812707906433,8.5,0.4,0.1,0.5
170629.385685216,0.40106256849481725,0.11610653687373518,0.5044683358194411,52.199999999999996,0.0,1.0,0.0863673818170625,8.505,0.4,0.1,0.5
170629.429957856,0.401275127787781,0.11323823287531737,0.5043146153636195,52.199999999999996,0.0,1.0,0.2084414197210478,8.51,0.4,0.1,0.5
170629.429966944,0.40136360084676953,0.11477588734170371,0.5040584155762332,52.199999999999996,0.0,1.0,0.010071108127071682,8.515,0.4,0.1,0.5
170629.429991264,0.4010191934727494,0.09583817987442744,0.5043241622550297,52.199999999999996,0.0,1.0,0.46784875026701656,8.52,0.4,0.1,0.5
170629.429996992,0.4005013646926745,0.09392258923890921,0.5049111124617539,52.199999999999996,0.0,1.0,0.04058961760306801,8.525,0.4,0.1,0.5
170629.430002528,0.4003384887932475,0.09224194881328382,0.5050079959559016,52.199999999999996,0.0,1.0,0.17792291024505147,8.53,0.4,0.1,0.5
170629.4300088,0.40047999035519405,0.09947423768548505,0.5048687372078328,52.199999999999996,0.0,1.0,0.29999694814903677,8.535,0.4,0.1,0.5
170629.430014912,0.4006232588911113,0.10409785479999473,0.5048288377712171,52.199999999999996,0.0,1.0,0.4983672597430129,8.540000000000001,0.4,0.1,0.5
170629.430020736,0.40105764237339314,0.1066883491261506,0.5047105145291159,52.199999999999996,0.0,1.0,0.42207098605302207,8.545,0.4,0.1,0.5
170629.43003168,0.4008774452570892,0.11131444632185823,0.504905358811306,52.199999999999996,0.0,1.0,0.6204412976469982,8.55,0.4,0.1,0.5
170629.471000512,0.4013667909594383,0.11859254436711947,0.504742484923475,52.199999999999996,0.0,1.0,0.11688589129305882,8.555,0.4,0.1,0.5
170629.47100848,0.40129127435195033,0.12351670525178671,0.5051628314795172,52.199999999999996,0.0,1.0,0.5441450239570074,8.56,0.4,0.1,0.5
170629.47101424,0.40134181255924517,0.11522026751008656,0.505451009720367,52.199999999999996,0.0,1.0,0.10162663655506066,8.565,0.4,0.1,0.5
170629.471019744,0.40106287621601994,0.1162665392856981,0.5060555849462778,52.199999999999996,0.0,1.0,0.4068117313150239,8.57,0.4,0.1,0.5
170629.47102528,0.40089153542259964,0.11151542167505103,0.5066565546917299,52.199999999999996,0.0,1.0,0.29999694814903677,8.575000000000001,0.4,0.1,0.5
170629.471031232,0.4009315451260308,0.10549061449471628,0.5068718700914038,52.199999999999996,0.0,1.0,0.23895992919704412,8.58,0.4,0.1,0.5
170629.471046784,0.4010878130535454,0.09884944124608482,0.5070602043451073,52.199999999999996,0.0,1.0,0.29999694814903677,8.585,0.4,0.1,0.5
170629.471052544,0.4008009059033025,0.1047905455396409,0.507499307756238,52.199999999999996,0.0,1.0,0.42207098605302207,8.59,0.4,0.1,0.5
170629.515379232,0.4009101836027649,0.10511293212824681,0.5075531723162681,52.199999999999996,0.0,1.0,0.29999694814903677,8.595,0.4,0.1,0.5
170629.515394912,0.4008410483126057,0.09793084648049404,0.5079135036881648,52.199999999999996,0.0,1.0,0.5899227881710019,8.6,0.4,0.1,0.5
170629.515401952,0.4009294659249741,0.09455488818116986,0.5081342311724137,52.199999999999996,0.0,1.0,0.010071108127071682,8.605,0.4,0.1,0.5
170629.515408192,0.40116526812724446,0.09862640467908013,0.5080646166112402,52.199999999999996,0.0,1.0,0.6509598071229945,8.61,0.4,0.1,0.5
170629.515413984,0.40124151905499283,0.10562023952566592,0.5081715643540339,52.199999999999996,0.0,1.0,0.05584887234106617,8.615,0.4,0.1,0.5
170629.51543728,0.4009520097199959,0.10924132213347292,0.5083164269469098,52.199999999999996,0.0,1.0,0.513626514481011,8.620000000000001,0.4,0.1,0.5
170629.515444544,0.40098961550579343,0.0971078128904746,0.5082522903555776,52.199999999999996,0.0,1.0,0.3610339671010294,8.625,0.4,0.1,0.5
170629.51545088,0.4012255691718052,0.10014488311334357,0.5079320526974997,52.199999999999996,0.0,1.0,0.5441450239570074,8.63,0.4,0.1,0.5
170629.51545664,0.40175543824003634,0.10190281758640851,0.5073808397145194,52.199999999999996,0.0,1.0,0.05584887234106617,8.635,0.4,0.1,0.5
170629.556425696,0.4014360267023714,0.10434233588334176,0.5075814297376584,52.199999999999996,0.0,1.0,0.4983672597430129,8.64,0.4,0.1,0.5
170629.556436096,0.4012184431105991,0.10614684511983175,0.5075806151461287,52.199999999999996,0.0,1.0,0.29999694814903677,8.645,0.4,0.1,0.5
170629.556454272,0.4010971019807855,0.1068585040096677,0.5076279169682629,52.199999999999996,0.0,1.0,0.1626636555070533,8.65,0.4,0.1,0.5
170629.556460096,0.40106028203190675,0.10877728870499143,0.5075566851913373,52.199999999999996,0.0,1.0,0.11688589129305882,8.655,0.4,0.1,0.5
170629.556465728,0.40094801469156016,0.1086788320372087,0.5074814552603193,52.199999999999996,0.0,1.0,0.46784875026701656,8.66,0.4,0.1,0.5
170629.556471712,0.4007799946021226,0.1133693172117095,0.5074859127090546,52.199999999999996,0.0,1.0,0.4068117313150239,8.665000000000001,0.4,0.1,0.5
170629.556477792,0.40129604501498767,0.10014141276464912,0.5070690030233783,52.199999999999996,0.0,1.0,0.31525620288703493,8.67,0.4,0.1,0.5
170629.556483744,0.4013520020969887,0.10541932363396923,0.5068917457878466,52.199999999999996,0.0,1.0,0.4068117313150239,8.675,0.4,0.1,0.5
170629.599762816,0.40090764238764376,0.10441624390308546,0.5070952378122712,52.199999999999996,0.0,1.0,0.6357005523849963,8.68,0.4,0.1,0.5
170629.599777152,0.4010374434992605,0.08826013335688541,0.506829464561754,52.199999999999996,0.0,1.0,0.31525620288703493,8.685,0.4,0.1,0.5
170629.599797792,0.40105590393045487,0.09770584576320517,0.506621626293101,52.199999999999996,0.0,1.0,0.34577471236303126,8.69,0.4,0.1,0.5
170629.599806144,0.4010585821810552,0.09677303385546795,0.506553772153882,52.199999999999996,0.0,1.0,0.2542191839350423,8.695,0.4,0.1,0.5
170629.599813248,0.4010096784169516,0.1067487902182689,0.5065670909918409,52.199999999999996,0.0,1.0,0.42207098605302207,8.700000000000001,0.4,0.1,0.5
170629.599820384,0.40110655275158197,0.1205657509777166,0.5064115320660743,52.199999999999996,0.0,1.0,0.39155247657702574,8.705,0.4,0.1,0.5
170629.599826464,0.40118836772940464,0.12119897727746681,0.506323858637722,52.199999999999996,0.0,1.0,0.34577471236303126,8.71,0.4,0.1,0.5
170629.599832672,0.40094182483931967,0.12632254926790018,0.50662311301397,52.199999999999996,0.0,1.0,0.2084414197210478,8.715,0.4,0.1,0.5
170629.599844992,0.4014532057631275,0.11767857049087102,0.5064161120368843,52.199999999999996,0.0,1.0,0.31525620288703493,8.72,0.4,0.1,0.5
170629.641759808,0.4017904008892032,0.10730238056563994,0.5062961696810985,52.199999999999996,0.0,1.0,0.3610339671010294,8.725,0.4,0.1,0.5
170629.641768224,0.401957022759937,0.10733211241912924,0.5063390385746325,52.199999999999996,0.0,1.0,0.5441450239570074,8.73,0.4,0.1,0.5
170629.641773952,0.40174982947300325,0.10142860948383224,0.5066785341789287,52.199999999999996,0.0,1.0,0.23895992919704412,8.735,0.4,0.1,0.5
170629.641779392,0.40182296793256217,0.10634503582004698,0.5066844970329781,52.199999999999996,0.0,1.0,0.2847376934110386,8.74,0.4,0.1,0.5
170629.641784992,0.401974197088794,0.09746571430581379,0.5068241450872207,52.199999999999996,0.0,1.0,0.5441450239570074,8.745000000000001,0.4,0.1,0.5
170629.6417912,0.4021017116708231,0.10154642006373173,0.5068890996867722,52.199999999999996,0.0,1.0,0.3610339671010294,8.75,0.4,0.1,0.5
170629.641797056,0.4019264401120894,0.10784709713529914,0.5070755000177295,52.199999999999996,0.0,1.0,-0.005188146610926481,8.755,0.4,0.1,0.5
170629.64180304,0.40161974032884046,0.10938192077207809,0.5074583541942566,52.199999999999996,0.0,1.0,0.5594042786950055,8.76,0.4,0.1,0.5
170629.685058656,0.40158524504150145,0.1118744717187662,0.5075408514291243,52.199999999999996,0.0,1.0,0.1626636555070533,8.765,0.4,0.1,0.5
170629.685072,0.40151454784530377,0.10465366376953805,0.5078624136664233,52.199999999999996,0.0,1.0,0.2847376934110386,8.77,0.4,0.1,0.5
170629.68507936,0.40160009227205723,0.11322952676073082,0.5078414855847577,52.199999999999996,0.0,1.0,0.1626636555070533,8.775,0.4,0.1,0.5
170629.6850864,0.40156300812286194,0.10120094071841433,0.5079638128107972,52.199999999999996,0.0,1.0,0.46784875026701656,8.78,0.4,0.1,0.5
170629.685107744,0.40181699228852735,0.1092997213680526,0.5078916276498844,52.199999999999996,0.0,1.0,0.5441450239570074,8.785,0.4,0.1,0.5
170629.685114784,0.40207547748487854,0.09717282929730674,0.5078770770110841,52.199999999999996,0.0,1.0,0.4831080050050147,8.790000000000001,0.4,0.1,0.5
170629.685120896,0.40212405678745095,0.10124191825626014,0.5080313836524089,52.199999999999996,0.0,1.0,0.10162663655506066,8.795,0.4,0.1,0.5
170629.685126944,0.4021307713418923,0.0990908216338113,0.5080556577786276,52.199999999999996,0.0,1.0,0.29999694814903677,8.8,0.4,0.1,0.5
170629.68513296,0.4020725845116338,0.09522309869219088,0.508077364679308,52.199999999999996,0.0,1.0,0.26947843867304044,8.805,0.4,0.1,0.5
170629.727054656,0.4021501577444768,0.09837342312523009,0.507704426138426,52.199999999999996,0.0,1.0,0.3610339671010294,8.81,0.4,0.1,0.5
170629.7270648,0.40194126640116723,0.10954475930751739,0.5076274376021678,52.199999999999996,0.0,1.0,0.1626636555070533,8.815,0.4,0.1,0.5
170629.727071488,0.40237355339463104,0.11608260781237804,0.5072122555805694,52.199999999999996,0.0,1.0,0.22370067445904596,8.82,0.4,0.1,0.5
170629.72707744,0.4021860603985139,0.11017993127622379,0.5071147486382197,52.199999999999996,0.0,1.0,0.31525620288703493,8.825000000000001,0.4,0.1,0.5
170629.727083328,0.4022899423734308,0.11617384608116454,0.5068094865927754,52.199999999999996,0.0,1.0,0.31525620288703493,8.83,0.4,0.1,0.5
170629.727101408,0.4021655533328677,0.12248037475516892,0.5068607328500794,52.199999999999996,0.0,1.0,0.2847376934110386,8.835,0.4,0.1,0.5
170629.72710864,0.40196070616871943,0.12714313794186075,0.506927992367518,52.199999999999996,0.0,1.0,0.3762932218390276,8.84,0.4,0.1,0.5
170629.72711456,0.40210077306719794,0.11849152576261544,0.5068540498810544,52.199999999999996,0.0,1.0,0.26947843867304044,8.845,0.4,0.1,0.5
170629.77034208,0.40230336245307863,0.12080804967942198,0.5065810577686907,52.199999999999996,0.0,1.0,0.3305154576250331,8.85,0.4,0.1,0.5
170629.770356384,0.4019619738035519,0.11861260569100623,0.506734409881579,52.199999999999996,0.0,1.0,0.3305154576250331,8.855,0.4,0.1,0.5
170629.77036496,0.40194852391229685,0.10902685443380167,0.5067098042270618,52.199999999999996,0.0,1.0,0.43733024079102023,8.86,0.4,0.1,0.5
170629.77037296,0.4024492994982416,0.10044814549050349,0.5063059204531938,52.199999999999996,0.0,1.0,0.2542191839350423,8.865,0.4,0.1,0.5
170629.770380224,0.40223287212943204,0.1016241484416436,0.5062967792482003,52.199999999999996,0.0,1.0,0.39155247657702574,8.870000000000001,0.4,0.1,0.5
170629.770386368,0.40215901616088534,0.10627256740085456,0.5064154399620462,52.199999999999996,0.0,1.0,0.3610339671010294,8.875,0.4,0.1,0.5
170629.77040608,0.4020024460279319,0.11132589798363891,0.5065145684146509,52.199999999999996,0.0,1.0,0.34577471236303126,8.88,0.4,0.1,0.5
170629.770413472,0.4022229014966698,0.10668298058224013,0.506156049794497,52.199999999999996,0.0,1.0,0.43733024079102023,8.885,0.4,0.1,0.5
170629.770419744,0.4024650621021133,0.10758776707955246,0.5060738831849906,52.199999999999996,0.0,1.0,0.5594042786950055,8.89,0.4,0.1,0.5
170629.812599808,0.4023398710641505,0.09692560817581007,0.5062603899541058,52.199999999999996,0.0,1.0,0.26947843867304044,8.895,0.4,0.1,0.5
170629.81262688,0.4025020404863383,0.09968836501402666,0.5062223758615768,52.199999999999996,0.0,1.0,0.34577471236303126,8.9,0.4,0.1,0.5
170629.81264976,0.40219297188024683,0.10027961880020332,0.5066523284378869,52.199999999999996,0.0,1.0,0.46784875026701656,8.905,0.4,0.1,0.5
170629.812657408,0.4025650935132215,0.09364642533205408,0.5064750563142738,52.199999999999996,0.0,1.0,0.07110812707906433,8.91,0.4,0.1,0.5
170629.81268384,0.40214077109599716,0.10265209298104601,0.5069166739509511,52.199999999999996,0.0,1.0,0.3610339671010294,8.915000000000001,0.4,0.1,0.5
170629.812690592,0.4019699173800861,0.10067346535150941,0.5073293018005343,52.199999999999996,0.0,1.0,0.43733024079102023,8.92,0.4,0.1,0.5
170629.81269696,0.4020057315288736,0.10941844516303634,0.5074082139793578,52.199999999999996,0.0,1.0,0.39155247657702574,8.925,0.4,0.1,0.5
170629.812702976,0.40182092221254145,0.11167912030769238,0.5075080808901216,52.199999999999996,0.0,1.0,-0.020447401348924643,8.93,0.4,0.1,0.5
170629.855860512,0.40186489178805224,0.11532608805176797,0.50768007583914,52.199999999999996,0.0,1.0,0.34577471236303126,8.935,0.4,0.1,0.5
170629.855872576,0.4020036159344702,0.11462134603740873,0.5077392446380355,52.199999999999996,0.0,1.0,0.39155247657702574,8.94,0.4,0.1,0.5
170629.855895616,0.40203163317906576,0.10570397608126883,0.5078854140335826,52.199999999999996,0.0,1.0,0.6204412976469982,8.945,0.4,0.1,0.5
170629.855901632,0.4019193500607388,0.10694764431533856,0.508084090937036,52.199999999999996,0.0,1.0,0.23895992919704412,8.950000000000001,0.4,0.1,0.5
170629.85590752,0.4020413288945591,0.10388019296400763,0.5080330416227535,52.199999999999996,0.0,1.0,0.4831080050050147,8.955,0.4,0.1,0.5
170629.855913248,0.4024053588007335,0.09573465261089095,0.5078453647820615,52.199999999999996,0.0,1.0,0.34577471236303126,8.96,0.4,0.1,0.5
170629.855919424,0.4021842739862647,0.09735178610941059,0.5081037968490669,52.199999999999996,0.0,1.0,0.5899227881710019,8.965,0.4,0.1,0.5
170629.855925568,0.4024167532029016,0.09765497670649534,0.507882535214791,52.199999999999996,0.0,1.0,0.2542191839350423,8.97,0.4,0.1,0.5
170629.855931808,0.4023634364231168,0.11320612753783614,0.5080505304623976,52.199999999999996,0.0,1.0,0.3305154576250331,8.975,0.4,0.1,0.5
170629.90040432,0.40236662013569807,0.10897719222534104,0.5082122479057811,52.199999999999996,0.0,1.0,0.025330362865069844,8.98,0.4,0.1,0.5
170629.900429568,0.40220036369892137,0.11093666691440841,0.5085404433107166,52.199999999999996,0.0,1.0,0.2542191839350423,8.985,0.4,0.1,0.5
170629.900437152,0.40242739922439635,0.10435544767563565,0.5085460218489226,52.199999999999996,0.0,1.0,0.3762932218390276,8.99,0.4,0.1,0.5
170629.900443776,0.4026068294850582,0.10203994853603046,0.5084702226248645,52.199999999999996,0.0,1.0,0.3610339671010294,8.995000000000001,0.4,0.1,0.5
170629.90044976,0.40254675141257423,0.09792475920402138,0.50836923053549,52.199999999999996,0.0,1.0,0.2847376934110386,9.0,0.4,0.1,0.5
170629.900456192,0.40235644864631687,0.0945551130967465,0.5084183850473643,52.199999999999996,0.0,1.0,0.4831080050050147,9.005,0.4,0.1,0.5
170629.900462208,0.402784207079905,0.10376733081813277,0.5079558311148081,52.199999999999996,0.0,1.0,0.5441450239570074,9.01,0.4,0.1,0.5
170629.90046848,0.4030057629369193,0.09244069839120594,0.5076317721693732,52.199999999999996,0.0,1.0,0.31525620288703493,9.015,0.4,0.1,0.5
170629.900474176,0.4027113208920443,0.10607978360873409,0.5075146136769958,52.199999999999996,0.0,1.0,0.23895992919704412,9.02,0.4,0.1,0.5
170629.941451936,0.40272881754485884,0.10088838711146639,0.5073990766688634,52.199999999999996,0.0,1.0,0.4983672597430129,9.025,0.4,0.1,0.5
170629.941464416,0.40262061525257453,0.10565175709636139,0.5072931689654303,52.199999999999996,0.0,1.0,0.2847376934110386,9.03,0.4,0.1,0.5
170629.94147088,0.40232320592797155,0.0976104944843672,0.5073534189336931,52.199999999999996,0.0,1.0,0.2847376934110386,9.035,0.4,0.1,0.5
170629.94147696,0.4024875732840394,0.09904188476026249,0.5070768404151283,52.199999999999996,0.0,1.0,0.2847376934110386,9.040000000000001,0.4,0.1,0.5
170629.941502176,0.4023578025054063,0.09218731164125209,0.5071250793993142,52.199999999999996,0.0,1.0,0.513626514481011,9.045,0.4,0.1,0.5
170629.94150944,0.40239318853254924,0.09635971539133041,0.5067867780939115,52.199999999999996,0.0,1.0,0.07110812707906433,9.05,0.4,0.1,0.5
170629.941515584,0.4028202300555253,0.09954157021709428,0.5062796985064001,52.199999999999996,0.0,1.0,0.34577471236303126,9.055,0.4,0.1,0.5
170629.941521664,0.4030440093017266,0.09576639675583423,0.5059693146469804,52.199999999999996,0.0,1.0,0.04058961760306801,9.06,0.4,0.1,0.5
170629.984734496,0.40280436230786376,0.10282358408643123,0.5059034346840839,52.199999999999996,0.0,1.0,0.5594042786950055,9.065,0.4,0.1,0.5
170629.984746624,0.4022169456865784,0.09835222936321716,0.5061501597697927,52.199999999999996,0.0,1.0,0.0863673818170625,9.07,0.4,0.1,0.5
170629.984753536,0.40239388648326696,0.11513862068257864,0.5059168589335018,52.199999999999996,0.0,1.0,0.4983672597430129,9.075000000000001,0.4,0.1,0.5
170629.984759872,0.4024659316565069,0.1105687610133575,0.5058534997228574,52.199999999999996,0.0,1.0,0.19318216498304963,9.08,0.4,0.1,0.5
170629.98476592,0.4023647886534268,0.10536671560056479,0.5057020467022795,52.199999999999996,0.0,1.0,0.3305154576250331,9.085,0.4,0.1,0.5
170629.984772,0.40249955231576395,0.10259266099803853,0.5055685121471518,52.199999999999996,0.0,1.0,0.31525620288703493,9.09,0.4,0.1,0.5
170629.984777856,0.4023779981999613,0.10938837212282607,0.5054685837191251,52.199999999999996,0.0,1.0,0.46784875026701656,9.095,0.4,0.1,0.5
170629.984784032,0.4025482853717317,0.11825665042031556,0.5051835416412254,52.199999999999996,0.0,1.0,-0.035706656086922806,9.1,0.4,0.1,0.5
170629.984790048,0.40245935034437946,0.11259790057453475,0.5051730589571408,52.199999999999996,0.0,1.0,0.4525894955290184,9.105,0.4,0.1,0.5
170630.026831936,0.40239337262258557,0.1034417524046813,0.5053562752994136,52.199999999999996,0.0,1.0,0.3610339671010294,9.11,0.4,0.1,0.5
170630.026858176,0.40222058214396395,0.10885353350345119,0.5053746208032416,52.199999999999996,0.0,1.0,0.46784875026701656,9.115,0.4,0.1,0.5
170630.026864992,0.40208509823008054,0.09751234300943959,0.505574990368823,52.199999999999996,0.0,1.0,0.22370067445904596,9.120000000000001,0.4,0.1,0.5
170630.02687168,0.4026533590676197,0.10310778056283891,0.5054336726631244,52.199999999999996,0.0,1.0,0.19318216498304963,9.125,0.4,0.1,0.5
170630.026877568,0.4023701097188527,0.1020134113425365,0.505803498318265,52.199999999999996,0.0,1.0,0.19318216498304963,9.13,0.4,0.1,0.5
170630.026883872,0.40205451706966566,0.09907853946568698,0.5063936249221843,52.199999999999996,0.0,1.0,0.43733024079102023,9.135,0.4,0.1,0.5
170630.02688976,0.4027071318509972,0.10787509101421817,0.50602753908114,52.199999999999996,0.0,1.0,0.2847376934110386,9.14,0.4,0.1,0.5
170630.02689568,0.4023835448003218,0.10867852305391586,0.5064826145132334,52.199999999999996,0.0,1.0,0.31525620288703493,9.145,0.4,0.1,0.5
170630.069982912,0.4023792179829912,0.10807500346953712,0.5068746260204505,52.199999999999996,0.0,1.0,0.11688589129305882,9.15,0.4,0.1,0.5
170630.069993792,0.4026442020280215,0.10517533763261476,0.5070189966767126,52.199999999999996,0.0,1.0,0.42207098605302207,9.155,0.4,0.1,0.5
170630.070000096,0.40251119371291333,0.11463851984874647,0.5074705475673653,52.199999999999996,0.0,1.0,0.19318216498304963,9.16,0.4,0.1,0.5
170630.070006304,0.4025369582686867,0.12347204956870111,0.5075708259317078,52.199999999999996,0.0,1.0,0.4983672597430129,9.165000000000001,0.4,0.1,0.5
170630.070012064,0.4028107560749781,0.11944358443513384,0.507474867178675,52.199999999999996,0.0,1.0,0.17792291024505147,9.17,0.4,0.1,0.5
170630.070019104,0.40281508589934706,0.11020883214166807,0.507854326965375,52.199999999999996,0.0,1.0,0.4068117313150239,9.175,0.4,0.1,0.5
170630.070036864,0.40245490953222257,0.10894018312378696,0.5083135789643984,52.199999999999996,0.0,1.0,0.46784875026701656,9.18,0.4,0.1,0.5
170630.070043168,0.40261405735310185,0.11278207620491691,0.5083444561188741,52.199999999999996,0.0,1.0,0.3610339671010294,9.185,0.4,0.1,0.5
170630.07005568,0.402819768442672,0.12125084197626994,0.5081468023597128,52.199999999999996,0.0,1.0,0.3610339671010294,9.19,0.4,0.1,0.5
170630.11198464,0.40266718104293225,0.1312605145554255,0.5079772782737799,52.199999999999996,0.0,1.0,0.43733024079102023,9.195,0.4,0.1,0.5
170630.11199376,0.4024543205308182,0.1352800268399797,0.5081045800918615,52.199999999999996,0.0,1.0,0.025330362865069844,9.200000000000001,0.4,0.1,0.5
170630.11199984,0.40219957261711065,0.12501620129697716,0.5082472071298408,52.199999999999996,0.0,1.0,0.29999694814903677,9.205,0.4,0.1,0.5
170630.112024224,0.4018500330842456,0.11207817876018923,0.5082612427902924,52.199999999999996,0.0,1.0,0.19318216498304963,9.21,0.4,0.1,0.5
170630.112030016,0.40190844182924473,0.1078417888092167,0.5081663979824349,52.199999999999996,0.0,1.0,0.3762932218390276,9.215,0.4,0.1,0.5
170630.112036,0.4023762814732721,0.09751142885634517,0.5076997733935081,52.199999999999996,0.0,1.0,0.2542191839350423,9.22,0.4,0.1,0.5
170630.112041856,0.4027583826881265,0.09212265947852823,0.507114634353949,52.199999999999996,0.0,1.0,0.5288857692190092,9.225,0.4,0.1,0.5
170630.112047872,0.4025651476697043,0.10439762386877549,0.5070866484861736,52.199999999999996,0.0,1.0,0.34577471236303126,9.23,0.4,0.1,0.5
170630.155195424,0.40239386255543363,0.1037826561288204,0.5071330499887622,52.199999999999996,0.0,1.0,0.4983672597430129,9.235,0.4,0.1,0.5
170630.15520816,0.40218039016751694,0.0933154366366728,0.5070074198869976,52.199999999999996,0.0,1.0,0.2084414197210478,9.24,0.4,0.1,0.5
170630.155214656,0.4023840832483623,0.101625976364287,0.5066317754945654,52.199999999999996,0.0,1.0,0.43733024079102023,9.245000000000001,0.4,0.1,0.5
170630.15523696,0.4022691848157231,0.11653998485494423,0.5067256256252293,52.199999999999996,0.0,1.0,0.05584887234106617,9.25,0.4,0.1,0.5
170630.155243264,0.4023400366732124,0.09546306519036792,0.5067959987844538,52.199999999999996,0.0,1.0,0.43733024079102023,9.255,0.4,0.1,0.5
170630.15525504,0.4023992397813957,0.10937655775416483,0.5064655053340734,52.199999999999996,0.0,1.0,0.10162663655506066,9.26,0.4,0.1,0.5
170630.155261824,0.40237963534461746,0.12841073329863614,0.5062029673876353,52.199999999999996,0.0,1.0,0.4983672597430129,9.265,0.4,0.1,0.5
170630.155268192,0.40240378561386253,0.127938954656267,0.5059986783776468,52.199999999999996,0.0,1.0,0.04058961760306801,9.27,0.4,0.1,0.5
170630.155274048,0.4021945933947793,0.13858486061181252,0.5059328879957417,52.199999999999996,0.0,1.0,0.39155247657702574,9.275,0.4,0.1,0.5
170630.197236064,0.402274483265506,0.11995899465273724,0.5059056494370978,52.199999999999996,0.0,1.0,0.26947843867304044,9.28,0.4,0.1,0.5
170630.197247904,0.4022769386633363,0.10509784422190005,0.5058534436327885,52.199999999999996,0.0,1.0,0.2847376934110386,9.285,0.4,0.1,0.5
170630.197254624,0.40246193602274255,0.11325663524202406,0.505566642629172,52.199999999999996,0.0,1.0,0.19318216498304963,9.290000000000001,0.4,0.1,0.5
170630.197260992,0.40227056855812243,0.10433541094080342,0.5057396079957114,52.199999999999996,0.0,1.0,0.3305154576250331,9.295,0.4,0.1,0.5
170630.197266816,0.4025392568782534,0.09969753826094714,0.5055889040936178,52.199999999999996,0.0,1.0,-0.035706656086922806,9.3,0.4,0.1,0.5
170630.197273536,0.4028908679205697,0.11553157089698918,0.5053833067736139,52.199999999999996,0.0,1.0,0.3762932218390276,9.305,0.4,0.1,0.5
170630.197279904,0.40250874341820525,0.12401356007797858,0.5056148517001402,52.199999999999996,0.0,1.0,0.513626514481011,9.31,0.4,0.1,0.5
170630.197300928,0.4025155988296942,0.11876345389424207,0.5056021794043668,52.199999999999996,0.0,1.0,0.4831080050050147,9.315,0.4,0.1,0.5
170630.24137056,0.402304417382433,0.1124439844550917,0.5058229933024216,52.199999999999996,0.0,1.0,0.43733024079102023,9.32,0.4,0.1,0.5
170630.241379712,0.4015772753688817,0.10697691020833543,0.5059912452528282,52.199999999999996,0.0,1.0,0.17792291024505147,9.325000000000001,0.4,0.1,0.5
170630.241396448,0.4004273441985031,0.10019195796057558,0.50650816051219,52.199999999999996,0.0,1.0,0.34577471236303126,9.33,0.4,0.1,0.5
170630.241403456,0.39988749490046954,0.11785846829358651,0.5066144947589198,52.199999999999996,0.0,1.0,0.2542191839350423,9.335,0.4,0.1,0.5
170630.241409344,0.39915745338070074,0.11383096170143106,0.5071057189265129,52.199999999999996,0.0,1.0,0.39155247657702574,9.34,0.4,0.1,0.5
170630.241415136,0.39900684771021794,0.10712760903017007,0.5070714227739339,52.199999999999996,0.0,1.0,0.4068117313150239,9.345,0.4,0.1,0.5
170630.241421248,0.3979866076289831,0.10443569965461984,0.5078658842122159,52.199999999999996,0.0,1.0,0.29999694814903677,9.35,0.4,0.1,0.5
170630.24142752,0.3979568062196696,0.11187150199845923,0.5078619589315135,52.199999999999996,0.0,1.0,0.29999694814903677,9.355,0.4,0.1,0.5
170630.2414336,0.3978289965292506,0.11035264033473324,0.5080191331119213,52.199999999999996,0.0,1.0,0.1626636555070533,9.36,0.4,0.1,0.5
170630.284585568,0.3981311500140073,0.11791231774601596,0.5078576527542408,52.199999999999996,0.0,1.0,0.2847376934110386,9.365,0.4,0.1,0.5
170630.284600768,0.39803400861057237,0.09579787996530108,0.508408440389348,52.199999999999996,0.0,1.0,0.22370067445904596,9.370000000000001,0.4,0.1,0.5
170630.284608928,0.3979685052449299,0.10306516191108933,0.5086123547492825,52.199999999999996,0.0,1.0,0.14740440076905514,9.375,0.4,0.1,0.5
170630.284633344,0.39860553800678517,0.10742778752463022,0.508003435089111,52.199999999999996,0.0,1.0,0.4831080050050147,9.38,0.4,0.1,0.5
170630.28463968,0.39856648600535927,0.08815075075372517,0.5082473890883052,52.199999999999996,0.0,1.0,0.2847376934110386,9.385,0.4,0.1,0.5
170630.284646272,0.3989202618773824,0.10565270010795588,0.50792577480845,52.199999999999996,0.0,1.0,0.1626636555070533,9.39,0.4,0.1,0.5
170630.284652512,0.3993654144035343,0.09192199068300537,0.5075848080889478,52.199999999999996,0.0,1.0,0.3305154576250331,9.395,0.4,0.1,0.5
170630.284658816,0.39952060779504683,0.10415559889201298,0.507138843434342,52.199999999999996,0.0,1.0,0.3762932218390276,9.4,0.4,0.1,0.5
170630.284679616,0.39926887732402194,0.09569428776931563,0.5074210142038117,52.199999999999996,0.0,1.0,0.3610339671010294,9.405,0.4,0.1,0.5
170630.325777344,0.3994368594821491,0.08281070048662746,0.5072506211361462,52.199999999999996,0.0,1.0,0.10162663655506066,9.41,0.4,0.1,0.5
170630.325787488,0.39988338776378696,0.08932262042628054,0.5066267368960704,52.199999999999996,0.0,1.0,0.42207098605302207,9.415000000000001,0.4,0.1,0.5
170630.325794112,0.40035159864005865,0.09672086688980984,0.5063721964203756,52.199999999999996,0.0,1.0,0.3610339671010294,9.42,0.4,0.1,0.5
170630.32579968,0.3997718367859396,0.1044386944813224,0.5068640487949846,52.199999999999996,0.0,1.0,0.2542191839350423,9.425,0.4,0.1,0.5
170630.325805696,0.39990330298683124,0.10485714595919711,0.5066872275384096,52.199999999999996,0.0,1.0,0.34577471236303126,9.43,0.4,0.1,0.5
170630.325812096,0.3999764241169834,0.08996260554766569,0.5067467305060476,52.199999999999996,0.0,1.0,0.42207098605302207,9.435,0.4,0.1,0.5
170630.32581808,0.40016383494076146,0.1073044222061661,0.5062520544074264,52.199999999999996,0.0,1.0,0.29999694814903677,9.44,0.4,0.1,0.5
170630.325834592,0.4004746128395421,0.10238838558594204,0.505906448830101,52.199999999999996,0.0,1.0,0.14740440076905514,9.445,0.4,0.1,0.5
170630.369857856,0.4006392377014038,0.11340384759070812,0.5058091686648065,52.199999999999996,0.0,1.0,0.46784875026701656,9.450000000000001,0.4,0.1,0.5
170630.369866944,0.4006492304767413,0.10550959611990883,0.5056940747096761,52.199999999999996,0.0,1.0,0.39155247657702574,9.455,0.4,0.1,0.5
170630.369873216,0.4003069988434302,0.10056482540100377,0.5058056052047061,52.199999999999996,0.0,1.0,0.5288857692190092,9.46,0.4,0.1,0.5
170630.36987888,0.40071130277327244,0.10430379766992051,0.5053831193914107,52.199999999999996,0.0,1.0,0.4983672597430129,9.465,0.4,0.1,0.5
170630.369885152,0.40058518073854116,0.09603470760556083,0.5053594697432737,52.199999999999996,0.0,1.0,0.4068117313150239,9.47,0.4,0.1,0.5
170630.369902016,0.40106240453034225,0.10636783777169558,0.5048369581539666,52.199999999999996,0.0,1.0,0.42207098605302207,9.475,0.4,0.1,0.5
170630.369908896,0.40118806923860917,0.10933836622752063,0.5048228292946605,52.199999999999996,0.0,1.0,0.46784875026701656,9.48,0.4,0.1,0.5
170630.369914912,0.40119044157644007,0.1036360452884047,0.5048366130268618,52.199999999999996,0.0,1.0,0.07110812707906433,9.485,0.4,0.1,0.5
170630.3699208,0.40127750558541664,0.10577253486265036,0.5047119348666871,52.199999999999996,0.0,1.0,0.5441450239570074,9.49,0.4,0.1,0.5
170630.411819136,0.40165722879628074,0.11548122430331297,0.5044240897455815,52.199999999999996,0.0,1.0,0.19318216498304963,9.495000000000001,0.4,0.1,0.5
170630.4118296,0.4017788384076902,0.10718542932481254,0.5042580005084997,52.199999999999996,0.0,1.0,0.5594042786950055,9.5,0.4,0.1,0.5
170630.411836192,0.4019276801998624,0.10251167597023021,0.5042385719108523,52.199999999999996,0.0,1.0,0.2542191839350423,9.505,0.4,0.1,0.5
170630.411842688,0.4015623271980903,0.10688000178799237,0.5046357377823345,52.199999999999996,0.0,1.0,0.39155247657702574,9.51,0.4,0.1,0.5
170630.411872992,0.4016350554334175,0.10974410063800545,0.5046438098656233,52.199999999999996,0.0,1.0,-0.08148442030091729,9.515,0.4,0.1,0.5
170630.411879808,0.40183573030458336,0.112050400800519,0.5045225974688929,52.199999999999996,0.0,1.0,0.46784875026701656,9.52,0.4,0.1,0.5
170630.411885984,0.401986172059052,0.10903309288841642,0.5047460863918399,52.199999999999996,0.0,1.0,0.17792291024505147,9.525,0.4,0.1,0.5
170630.411892256,0.4018446061603965,0.10137283131082758,0.5052370168892212,52.199999999999996,0.0,1.0,0.4983672597430129,9.53,0.4,0.1,0.5
170630.454768192,0.4021626662531502,0.11087974898366221,0.5053071411259578,52.199999999999996,0.0,1.0,0.23895992919704412,9.535,0.4,0.1,0.5
170630.454786656,0.40187258135077114,0.09427194807334341,0.5059604662644588,52.199999999999996,0.0,1.0,0.513626514481011,9.540000000000001,0.4,0.1,0.5
170630.454793728,0.4015504788503388,0.10627025547527663,0.5067394593830592,52.199999999999996,0.0,1.0,0.22370067445904596,9.545,0.4,0.1,0.5
170630.454800192,0.40172828036174735,0.09480037359964046,0.5069116826630733,52.199999999999996,0.0,1.0,0.6509598071229945,9.55,0.4,0.1,0.5
170630.454806144,0.4019051605401034,0.09148240524944938,0.5071046138717673,52.199999999999996,0.0,1.0,0.23895992919704412,9.555,0.4,0.1,0.5
170630.45481248,0.402165208951998,0.10113664898842784,0.5071448775837549,52.199999999999996,0.0,1.0,0.29999694814903677,9.56,0.4,0.1,0.5
170630.454818688,0.4019742727667353,0.10904613684533766,0.5076064035363056,52.199999999999996,0.0,1.0,0.05584887234106617,9.565,0.4,0.1,0.5
170630.454824992,0.4020386372136298,0.10979770106149299,0.507778165507365,52.199999999999996,0.0,1.0,0.31525620288703493,9.57,0.4,0.1,0.5
170630.454831072,0.4020510784204885,0.11870018083513839,0.5078093089211462,52.199999999999996,0.0,1.0,0.29999694814903677,9.575000000000001,0.4,0.1,0.5
170630.496902176,0.40198034017038126,0.12230596085772874,0.5080637365774645,52.199999999999996,0.0,1.0,0.6204412976469982,9.58,0.4,0.1,0.5
170630.496915872,0.4021930988878816,0.11962433435091359,0.5082977964653336,52.199999999999996,0.0,1.0,0.23895992919704412,9.585,0.4,0.1,0.5
170630.49692288,0.4024018082694739,0.11280969902784112,0.5081778633872304,52.199999999999996,0.0,1.0,0.4068117313150239,9.59,0.4,0.1,0.5
170630.496929408,0.4024392020309799,0.10937645120385295,0.508357456866782,52.199999999999996,0.0,1.0,0.22370067445904596,9.595,0.4,0.1,0.5
170630.496935072,0.40257137361836987,0.09864791517070705,0.508421271981184,52.199999999999996,0.0,1.0,0.3762932218390276,9.6,0.4,0.1,0.5
170630.496941952,0.40254622738291646,0.10091639335706606,0.5083273232589408,52.199999999999996,0.0,1.0,0.5441450239570074,9.605,0.4,0.1,0.5
170630.496948,0.40248068296032746,0.10077637122785839,0.5081779229502174,52.199999999999996,0.0,1.0,0.3762932218390276,9.61,0.4,0.1,0.5
170630.496973216,0.4018049377933566,0.11128290279360825,0.5082027845580434,52.199999999999996,0.0,1.0,0.17792291024505147,9.615,0.4,0.1,0.5
170630.540112416,0.401248484246729,0.09864503245990407,0.5082172590889096,52.199999999999996,0.0,1.0,0.025330362865069844,9.620000000000001,0.4,0.1,0.5
170630.540121344,0.40094177355587135,0.09968011443689047,0.507937602321516,52.199999999999996,0.0,1.0,0.2084414197210478,9.625,0.4,0.1,0.5
170630.540127232,0.4005257942740623,0.09896272949084133,0.5077803545427491,52.199999999999996,0.0,1.0,0.4831080050050147,9.63,0.4,0.1,0.5
170630.540133152,0.4003931154863313,0.10396001840341244,0.5073383466645777,52.199999999999996,0.0,1.0,0.26947843867304044,9.635,0.4,0.1,0.5
170630.540138944,0.4000581276353765,0.1034603296446671,0.5072965423380192,52.199999999999996,0.0,1.0,0.696737571336989,9.64,0.4,0.1,0.5
170630.540156928,0.3997941786566416,0.10606081577898294,0.5072148410959013,52.199999999999996,0.0,1.0,0.34577471236303126,9.645,0.4,0.1,0.5
170630.540163232,0.4000031033531412,0.11008871669055663,0.5066175411143486,52.199999999999996,0.0,1.0,0.6509598071229945,9.65,0.4,0.1,0.5
170630.540169664,0.4000123885309797,0.10881119239789389,0.5064342008647277,52.199999999999996,0.0,1.0,0.22370067445904596,9.655,0.4,0.1,0.5
170630.540175904,0.400203634450971,0.10644440909681362,0.5062379615216115,52.199999999999996,0.0,1.0,0.5441450239570074,9.66,0.4,0.1,0.5
170630.582214784,0.4005032686285762,0.1120033949715669,0.5058759546618592,52.199999999999996,0.0,1.0,0.3305154576250331,9.665000000000001,0.4,0.1,0.5
170630.582223936,0.40039432968399763,0.10138346380073711,0.5058397354230834,52.199999999999996,0.0,1.0,0.605182042909,9.67,0.4,0.1,0.5
170630.582229696,0.4004344946512083,0.10461348868041809,0.5057820099355457,52.199999999999996,0.0,1.0,0.34577471236303126,9.675,0.4,0.1,0.5
170630.582235392,0.40036101707668015,0.0993043129431685,0.5058137573780883,52.199999999999996,0.0,1.0,0.7577745902890385,9.68,0.4,0.1,0.5
170630.582250784,0.40016502454891323,0.1120865643717788,0.5059637190198901,52.199999999999996,0.0,1.0,0.3305154576250331,9.685,0.4,0.1,0.5
170630.58225776,0.4002522837351208,0.11512153595499074,0.505930963372367,52.199999999999996,0.0,1.0,0.513626514481011,9.69,0.4,0.1,0.5
170630.582263968,0.40001476479392367,0.1114420820278503,0.5060255432711213,52.199999999999996,0.0,1.0,0.2084414197210478,9.695,0.4,0.1,0.5
170630.582269824,0.4003370919639422,0.11371018392558863,0.5056558592075463,52.199999999999996,0.0,1.0,0.26947843867304044,9.700000000000001,0.4,0.1,0.5
170630.625444608,0.40071340654612675,0.11271314465557845,0.5054796334671959,52.199999999999996,0.0,1.0,0.42207098605302207,9.705,0.4,0.1,0.5
170630.625469216,0.40083010566391236,0.11265975176359341,0.5053968247308872,52.199999999999996,0.0,1.0,0.26947843867304044,9.71,0.4,0.1,0.5
170630.625476192,0.40108978958055896,0.11256580733922485,0.5052261619621888,52.199999999999996,0.0,1.0,0.10162663655506066,9.715,0.4,0.1,0.5
170630.625482976,0.4015522149338079,0.1064399652798925,0.5048302923913357,52.199999999999996,0.0,1.0,0.43733024079102023,9.72,0.4,0.1,0.5
170630.62548976,0.4016933279938165,0.10590215266762966,0.504822067916433,52.199999999999996,0.0,1.0,0.3762932218390276,9.725,0.4,0.1,0.5
170630.625496096,0.40187132149805277,0.09805387884064441,0.5050159655280982,52.199999999999996,0.0,1.0,0.34577471236303126,9.73,0.4,0.1,0.5
170630.625503072,0.40132067519518405,0.10780965294999935,0.5059224848793217,52.199999999999996,0.0,1.0,0.0863673818170625,9.735,0.4,0.1,0.5
170630.625509472,0.40153065086420997,0.10781745905653786,0.5059986489307668,52.199999999999996,0.0,1.0,0.34577471236303126,9.74,0.4,0.1,0.5
170630.625515808,0.4017138994757508,0.10552337162474236,0.5061865313028651,52.199999999999996,0.0,1.0,0.3762932218390276,9.745000000000001,0.4,0.1,0.5
170630.66965296,0.4018022361098226,0.09644597981055067,0.5066231865719617,52.199999999999996,0.0,1.0,0.31525620288703493,9.75,0.4,0.1,0.5
170630.669679456,0.4020278964982092,0.10572257838138638,0.5069272130910887,52.199999999999996,0.0,1.0,0.17792291024505147,9.755,0.4,0.1,0.5
170630.669687776,0.4021281279625829,0.1002388466896926,0.5071092280207414,52.199999999999996,0.0,1.0,0.4525894955290184,9.76,0.4,0.1,0.5
170630.66969424,0.4024856435145499,0.1002936593577602,0.5072704636080312,52.199999999999996,0.0,1.0,0.5288857692190092,9.765,0.4,0.1,0.5
170630.669700128,0.4024445006068315,0.10892412972772628,0.5075512539031306,52.199999999999996,0.0,1.0,0.3610339671010294,9.77,0.4,0.1,0.5
170630.669706496,0.4024263273812911,0.10266263864543491,0.5076349599221426,52.199999999999996,0.0,1.0,0.17792291024505147,9.775,0.4,0.1,0.5
170630.669719712,0.40242694076627666,0.10412209564090316,0.5079013763805715,52.199999999999996,0.0,1.0,0.4831080050050147,9.78,0.4,0.1,0.5
170630.669726144,0.4022164376116406,0.09962727933004191,0.5080960213499749,52.199999999999996,0.0,1.0,0.43733024079102023,9.785,0.4,0.1,0.5
170630.669732096,0.401559631576454,0.09610236816390577,0.5084857993246712,52.199999999999996,0.0,1.0,0.1626636555070533,9.790000000000001,0.4,0.1,0.5
170630.710548064,0.4012084659846857,0.10026645333370739,0.5085150758101004,52.199999999999996,0.0,1.0,0.31525620288703493,9.795,0.4,0.1,0.5
170630.710556864,0.400765922950753,0.10948613576759933,0.5085114573400277,52.199999999999996,0.0,1.0,0.2542191839350423,9.8,0.4,0.1,0.5
170630.710562848,0.40096202781615065,0.10966544168201024,0.5080051556560536,52.199999999999996,0.0,1.0,0.4831080050050147,9.805,0.4,0.1,0.5
170630.710568544,0.40092525001591955,0.11338288883539036,0.5075850371957661,52.199999999999996,0.0,1.0,0.513626514481011,9.81,0.4,0.1,0.5
170630.710574272,0.4007905253409597,0.11635038419095123,0.5074165155707274,52.199999999999996,0.0,1.0,0.0863673818170625,9.815,0.4,0.1,0.5
170630.7105808,0.4003575788723517,0.12866445897921983,0.507450229974662,52.199999999999996,0.0,1.0,0.23895992919704412,9.82,0.4,0.1,0.5
170630.710586944,0.4002781215858239,0.11566843196905272,0.5072449289412515,52.199999999999996,0.0,1.0,0.5899227881710019,9.825000000000001,0.4,0.1,0.5
170630.71060288,0.40023735462124965,0.11462045323876861,0.5070607280786175,52.199999999999996,0.0,1.0,0.2847376934110386,9.83,0.4,0.1,0.5
170630.754702816,0.4003063017902582,0.11305037873054649,0.5068540360958105,52.199999999999996,0.0,1.0,0.5288857692190092,9.835,0.4,0.1,0.5
170630.754711584,0.400209565904071,0.10997250933811402,0.5066250382452379,52.199999999999996,0.0,1.0,0.3762932218390276,9.84,0.4,0.1,0.5
170630.754728224,0.3997498891684304,0.11042770373757058,0.5068241651239058,52.199999999999996,0.0,1.0,0.43733024079102023,9.845,0.4,0.1,0.5
170630.754734144,0.40010833151061626,0.11523536061513702,0.5066745587669906,52.199999999999996,0.0,1.0,0.29999694814903677,9.85,0.4,0.1,0.5
170630.754739968,0.4005453123884166,0.12492526316150342,0.5061445042475814,52.199999999999996,0.0,1.0,0.2847376934110386,9.855,0.4,0.1,0.5
170630.754745888,0.40076013025456825,0.1147444413316961,0.5059184733212418,52.199999999999996,0.0,1.0,0.34577471236303126,9.86,0.4,0.1,0.5
170630.75475184,0.4007358824418619,0.1087743111704374,0.5058629630890412,52.199999999999996,0.0,1.0,0.5594042786950055,9.865,0.4,0.1,0.5
170630.754757952,0.4006826089995163,0.10872815037325158,0.5058476292320455,52.199999999999996,0.0,1.0,0.2542191839350423,9.870000000000001,0.4,0.1,0.5
170630.754763872,0.4010890731014578,0.1147344395927001,0.505514146964881,52.199999999999996,0.0,1.0,0.17792291024505147,9.875,0.4,0.1,0.5
170630.795858816,0.40111438303411057,0.11791584168878164,0.505508601438314,52.199999999999996,0.0,1.0,0.29999694814903677,9.88,0.4,0.1,0.5
170630.79587344,0.4011354434425789,0.1110991764925713,0.5054154704499185,52.199999999999996,0.0,1.0,0.3762932218390276,9.885,0.4,0.1,0.5
170630.79588112,0.4011465663443052,0.09961401896752325,0.5053408510791368,52.199999999999996,0.0,1.0,0.2542191839350423,9.89,0.4,0.1,0.5
170630.795888224,0.40139857026345344,0.0956025316130366,0.505131246010008,52.199999999999996,0.0,1.0,0.43733024079102023,9.895,0.4,0.1,0.5
170630.795906368,0.4012079568249064,0.09894972902554786,0.5052807237873315,52.199999999999996,0.0,1.0,0.29999694814903677,9.9,0.4,0.1,0.5
170630.79591456,0.40162361204277586,0.10964418034626472,0.5050640830696649,52.199999999999996,0.0,1.0,0.26947843867304044,9.905,0.4,0.1,0.5
170630.79593792,0.4020218958544959,0.11833925951993478,0.5048372300919726,52.199999999999996,0.0,1.0,0.1626636555070533,9.91,0.4,0.1,0.5
170630.79594416,0.40182073244361804,0.11033648952849213,0.5051836164163332,52.199999999999996,0.0,1.0,0.7577745902890385,9.915000000000001,0.4,0.1,0.5
170630.84022736,0.40205117992061534,0.10524540300677285,0.5050815536863681,52.199999999999996,0.0,1.0,0.42207098605302207,9.92,0.4,0.1,0.5
170630.84023744,0.40199106479832747,0.10335584645495416,0.5054041924848307,52.199999999999996,0.0,1.0,0.3610339671010294,9.925,0.4,0.1,0.5
170630.840243808,0.40213520241839434,0.10197704012164628,0.5053394506556775,52.199999999999996,0.0,1.0,0.2847376934110386,9.93,0.4,0.1,0.5
170630.840249792,0.40220393800948284,0.09991758235367985,0.5054215778617642,52.199999999999996,0.0,1.0,0.2542191839350423,9.935,0.4,0.1,0.5
170630.840255776,0.4018980368431798,0.10751582539128599,0.5060095480847308,52.199999999999996,0.0,1.0,0.4068117313150239,9.94,0.4,0.1,0.5
170630.840262336,0.4014984570839187,0.11764902060507798,0.5064147642267198,52.199999999999996,0.0,1.0,0.34577471236303126,9.945,0.4,0.1,0.5
170630.840268736,0.40136138538776117,0.1064742158419382,0.5067283231214301,52.199999999999996,0.0,1.0,0.31525620288703493,9.950000000000001,0.4,0.1,0.5
170630.840274752,0.4010190793030427,0.102772319296844,0.507219670244666,52.199999999999996,0.0,1.0,0.34577471236303126,9.955,0.4,0.1,0.5
170630.840280576,0.40139181517571026,0.11096923042582937,0.5070748514326371,52.199999999999996,0.0,1.0,0.025330362865069844,9.96,0.4,0.1,0.5
170630.881301248,0.4011534659836642,0.10581399233628977,0.5074995809100277,52.199999999999996,0.0,1.0,0.43733024079102023,9.965,0.4,0.1,0.5
170630.88132112,0.4010891209169869,0.1104225652404451,0.5077655371998261,52.199999999999996,0.0,1.0,0.513626514481011,9.97,0.4,0.1,0.5
170630.881333024,0.40116240467670417,0.1064609977606594,0.5077642654355569,52.199999999999996,0.0,1.0,0.2847376934110386,9.975,0.4,0.1,0.5
170630.881338912,0.40147914673776663,0.10709160619585419,0.5076658720263307,52.199999999999996,0.0,1.0,0.31525620288703493,9.98,0.4,0.1,0.5
170630.881344704,0.4015462351484982,0.10645583335834967,0.5076106969012499,52.199999999999996,0.0,1.0,0.5441450239570074,9.985,0.4,0.1,0.5
170630.88135088,0.4015031732530924,0.11135697535136584,0.5078947582848583,52.199999999999996,0.0,1.0,0.2847376934110386,9.99,0.4,0.1,0.5
170630.881356864,0.4012203944885042,0.11444323871135892,0.5082604306400247,52.199999999999996,0.0,1.0,0.4983672597430129,9.995000000000001,0.4,0.1,0.5
170630.881362912,0.4013883708306308,0.09776252203039361,0.5081459020884207,52.199999999999996,0.0,1.0,0.2847376934110386,10.0,0.0,0.6,0.5
170630.925493408,0.40124264356457184,0.09295213266281127,0.5081208459187776,52.199999999999996,0.0,1.0,0.513626514481011,10.005,0.0,0.6,0.5
170630.925502496,0.40136846171957197,0.10252299110104529,0.5079058116938284,52.199999999999996,0.0,1.0,0.19318216498304963,10.01,0.0,0.6,0.5
170630.92550864,0.40117081937730664,0.09464482102013919,0.507927951860526,52.199999999999996,0.0,1.0,0.42207098605302207,10.015,0.0,0.6,0.5
170630.925514368,0.4009143715846199,0.09708931700714592,0.5076913061778465,52.199999999999996,0.0,1.0,0.10162663655506066,10.02,0.0,0.6,0.5
170630.925520224,0.4009535496562252,0.08860571965052771,0.5076920215529915,52.199999999999996,0.0,1.0,0.5288857692190092,10.025,0.0,0.6,0.5
170630.925526432,0.40098029654428663,0.09850530348176986,0.5073684770264068,52.199999999999996,0.0,1.0,0.31525620288703493,10.03,0.0,0.6,0.5
170630.925532352,0.40127211344724806,0.09463965427494801,0.5068484453163798,52.199999999999996,0.0,1.0,0.39155247657702574,10.035,0.0,0.6,0.5
170630.92553856,0.4009735873201566,0.09618249019319314,0.5069805392469875,52.199999999999996,0.0,1.0,0.1626636555070533,10.040000000000001,0.0,0.6,0.5
170630.925559456,0.40098046746199073,0.09102125612189489,0.5067956575292222,52.199999999999996,0.0,1.0,0.4525894955290184,10.045,0.0,0.6,0.5
170630.966971776,0.40103487497609935,0.1080148173140323,0.5066207223876291,52.199999999999996,0.0,1.0,0.3610339671010294,10.05,0.0,0.6,0.5
170630.966983872,0.4006351415081751,0.10693349394855567,0.5068215800309351,52.199999999999996,0.0,1.0,0.29999694814903677,10.055,0.0,0.6,0.5
170630.966990464,0.40092495054430133,0.11284969308345025,0.5065537804567023,52.199999999999996,0.0,1.0,0.22370067445904596,10.06,0.0,0.6,0.5
170630.966996608,0.40117173297814623,0.10602575014539914,0.5063779925283817,52.199999999999996,0.0,1.0,0.5746635334330037,10.065,0.0,0.6,0.5
170630.967002496,0.4011411539230782,0.1104937806139833,0.5063580876600999,52.199999999999996,0.0,1.0,0.39155247657702574,10.07,0.0,0.6,0.5
170630.967008736,0.40096359459596287,0.11056090595388184,0.5062814425277293,52.199999999999996,0.0,1.0,0.4525894955290184,10.075000000000001,0.0,0.6,0.5
170630.96701488,0.4009956429409256,0.11816572575430277,0.5060846408698991,52.199999999999996,0.0,1.0,0.07110812707906433,10.08,0.0,0.6,0.5
170630.967023744,0.40076039986567363,0.10457626177011531,0.506276777508346,52.199999999999996,0.0,1.0,0.605182042909,10.085,0.0,0.6,0.5
170631.01112528,0.4012593791487199,0.11693437022429955,0.5056573852002334,52.199999999999996,0.0,1.0,0.14740440076905514,10.09,0.0,0.6,0.5
170631.011138368,0.4012796104327987,0.12091678384538884,0.5054119983709247,52.199999999999996,0.0,1.0,0.4831080050050147,10.095,0.0,0.6,0.5
170631.011144832,0.40136083458320776,0.11470483422406887,0.5053160393838819,52.199999999999996,0.0,1.0,0.43733024079102023,10.1,0.0,0.6,0.5
170631.011151232,0.40156905771763135,0.1276165559129709,0.5050696681659811,52.199999999999996,0.0,1.0,0.2847376934110386,10.105,0.0,0.6,0.5
170631.011180544,0.4010668122630028,0.118741620926881,0.5053557659272776,52.199999999999996,0.0,1.0,0.2542191839350423,10.11,0.0,0.6,0.5
170631.011186944,0.40127148802561136,0.10906680354005804,0.5052286742524283,52.199999999999996,0.0,1.0,0.31525620288703493,10.115,0.0,0.6,0.5
170631.011193664,0.40123903194358207,0.10448032370978606,0.505330181281479,52.199999999999996,0.0,1.0,0.29999694814903677,10.120000000000001,0.0,0.6,0.5
170631.011200192,0.40113150823714433,0.10257795551454148,0.5052577293470308,52.199999999999996,0.0,1.0,0.5594042786950055,10.125,0.0,0.6,0.5
170631.011206144,0.4013556237599944,0.11327460887597364,0.505261848812584,52.199999999999996,0.0,1.0,0.0863673818170625,10.13,0.0,0.6,0.5
170631.051955392,0.40127855821934977,0.11741385005329928,0.5056999505867111,52.199999999999996,0.0,1.0,0.513626514481011,10.135,0.0,0.6,0.5
170631.05196432,0.40110491830029416,0.10492012124658986,0.5060639860424739,52.199999999999996,0.0,1.0,0.2542191839350423,10.14,0.0,0.6,0.5
170631.05197008,0.40113498477335047,0.10466007885169984,0.5063141026616635,52.199999999999996,0.0,1.0,0.46784875026701656,10.145,0.0,0.6,0.5
170631.05197568,0.4010819342571158,0.11069716105034585,0.5067107243503718,52.199999999999996,0.0,1.0,0.2084414197210478,10.15,0.0,0.6,0.5
170631.051981408,0.40108620448427446,0.10887091293740501,0.5070130420415248,52.199999999999996,0.0,1.0,0.3610339671010294,10.155,0.0,0.6,0.5
170631.051987616,0.4012166115357803,0.11185669456647966,0.5071672908221638,52.199999999999996,0.0,1.0,0.1626636555070533,10.16,0.0,0.6,0.5
170631.051993888,0.401188311478677,0.10253621060761217,0.5075217723362287,52.199999999999996,0.0,1.0,0.39155247657702574,10.165000000000001,0.0,0.6,0.5
170631.051999968,0.40102994128659797,0.09819436335716855,0.5078569087844857,52.199999999999996,0.0,1.0,0.23895992919704412,10.17,0.0,0.6,0.5
170631.096084832,0.4009510222749595,0.10231924039241866,0.5080430607463334,52.199999999999996,0.0,1.0,0.6814783165989908,10.175,0.0,0.6,0.5
170631.09610624,0.4013423291913599,0.10937227278338317,0.5078407444589477,52.199999999999996,0.0,1.0,0.22370067445904596,10.18,0.0,0.6,0.5
170631.096113504,0.4011525913593291,0.10230234580130806,0.5082593055401791,52.199999999999996,0.0,1.0,0.5441450239570074,10.185,0.0,0.6,0.5
170631.096119264,0.40125170529321863,0.0955340418972426,0.5082508638154347,52.199999999999996,0.0,1.0,0.26947843867304044,10.19,0.0,0.6,0.5
170631.096125184,0.40114520529190045,0.10461375673194417,0.5082875238564587,52.199999999999996,0.0,1.0,0.46784875026701656,10.195,0.0,0.6,0.5
170631.096130912,0.40171698789584964,0.09878046612832306,0.5077532727791638,52.199999999999996,0.0,1.0,0.29999694814903677,10.200000000000001,0.0,0.6,0.5
170631.096137312,0.40166435749906665,0.10984488997196164,0.5076471361836926,52.199999999999996,0.0,1.0,0.39155247657702574,10.205,0.0,0.6,0.5
170631.096143328,0.40162334523827303,0.10650127000059223,0.5073977749963035,52.199999999999996,0.0,1.0,0.29999694814903677,10.21,0.0,0.6,0.5
170631.096149248,0.4015038727736579,0.09319203607624937,0.5074018534491106,52.199999999999996,0.0,1.0,0.513626514481011,10.215,0.0,0.6,0.5
170631.140124992,0.40132735147979726,0.09186151436487222,0.5074031142387524,52.199999999999996,0.0,1.0,0.26947843867304044,10.22,0.0,0.6,0.5
170631.140134624,0.401340593845437,0.09896712172803453,0.5070725993761345,52.199999999999996,0.0,1.0,0.34577471236303126,10.225,0.0,0.6,0.5
170631.1401408,0.40093183567557616,0.10178312956947341,0.5072467404269645,52.199999999999996,0.0,1.0,0.34577471236303126,10.23,0.0,0.6,0.5
170631.140146528,0.4011558326074507,0.10537531437180604,0.5069411191637581,52.199999999999996,0.0,1.0,0.5441450239570074,10.235,0.0,0.6,0.5
170631.140163456,0.4010436366133722,0.10241014654945896,0.5068606208196121,52.199999999999996,0.0,1.0,0.2847376934110386,10.24,0.0,0.6,0.5
170631.140169568,0.400943978914431,0.09387121777627143,0.5068140029076618,52.199999999999996,0.0,1.0,0.4068117313150239,10.245000000000001,0.0,0.6,0.5
170631.140175488,0.40095346374546276,0.09922299864530809,0.5067098847195276,52.199999999999996,0.0,1.0,0.34577471236303126,10.25,0.0,0.6,0.5
170631.140188608,0.40105896907299654,0.1091376358256391,0.5062901830471263,52.199999999999996,0.0,1.0,0.46784875026701656,10.255,0.0,0.6,0.5
170631.14019472,0.4012081535844046,0.11242462451721728,0.5060275809220782,52.199999999999996,0.0,1.0,0.19318216498304963,10.26,0.0,0.6,0.5
170631.181041728,0.4010976493979819,0.11611847069847411,0.5059753269850186,52.199999999999996,0.0,1.0,0.3305154576250331,10.265,0.0,0.6,0.5
170631.181051712,0.4010469955469862,0.11461758870991445,0.5059114902045335,52.199999999999996,0.0,1.0,0.2542191839350423,10.27,0.0,0.6,0.5
170631.181057472,0.4008899501847739,0.0992574231782409,0.5060554917479667,52.199999999999996,0.0,1.0,0.4068117313150239,10.275,0.0,0.6,0.5
170631.18106304,0.4013420847814728,0.10905310843619574,0.5054657009896663,52.199999999999996,0.0,1.0,0.31525620288703493,10.28,0.0,0.6,0.5
170631.181068704,0.40115397906691064,0.11717945680428568,0.5054298786040735,52.199999999999996,0.0,1.0,0.5746635334330037,10.285,0.0,0.6,0.5
170631.181075168,0.40146314973974245,0.10735899639852597,0.5052941105294166,52.199999999999996,0.0,1.0,0.2084414197210478,10.290000000000001,0.0,0.6,0.5
170631.181081056,0.4012679248274651,0.1022870109848183,0.5053903210386037,52.199999999999996,0.0,1.0,0.4068117313150239,10.295,0.0,0.6,0.5
170631.18108688,0.4012597054002562,0.09620237720370838,0.5053462030935599,52.199999999999996,0.0,1.0,0.4068117313150239,10.3,0.4,0.1,0.5
170631.225044,0.40131670987754053,0.1010635520455332,0.5052734105020403,52.199999999999996,0.0,1.0,0.23895992919704412,10.305,0.4,0.1,0.5
170631.22506512,0.4010274701247841,0.09451140914754697,0.5055460244519044,52.199999999999996,0.0,1.0,0.26947843867304044,10.31,0.4,0.1,0.5
170631.225071296,0.4009405509627718,0.10328094406889736,0.5056998184949172,52.199999999999996,0.0,1.0,0.3305154576250331,10.315,0.4,0.1,0.5
170631.225076896,0.40132712852963887,0.11382978891630263,0.5054994445589871,52.199999999999996,0.0,1.0,0.6662190618609927,10.32,0.4,0.1,0.5
170631.225088832,0.4012488174005297,0.1139649746195216,0.5058317834274388,52.199999999999996,0.0,1.0,0.3610339671010294,10.325000000000001,0.4,0.1,0.5
170631.225095392,0.40111655904294397,0.10924753717275267,0.5060979143555338,52.199999999999996,0.0,1.0,0.23895992919704412,10.33,0.4,0.1,0.5
170631.225101632,0.40078775911669245,0.11397641933051912,0.5066354668352927,52.199999999999996,0.0,1.0,0.5288857692190092,10.335,0.4,0.1,0.5
170631.225107744,0.40058085617794387,0.1223258129982183,0.506970153571727,52.199999999999996,0.0,1.0,0.5594042786950055,10.34,0.4,0.1,0.5
170631.225113856,0.39568941114883366,0.11297818001405548,0.5073446779421625,52.199999999999996,0.0,1.0,0.46784875026701656,10.345,0.4,0.1,0.5
170631.266986496,0.38219087393216855,0.10816379346351952,0.5074698035846321,52.019999999999996,0.0,1.0,0.2084414197210478,10.35,0.4,0.1,0.5
170631.266996896,0.36796017213108534,0.10206923120906104,0.5079284648668019,52.019999999999996,0.0,1.0,0.43733024079102023,10.355,0.4,0.1,0.5
170631.267003328,0.35391998519851914,0.11310892019869474,0.5078320415502016,51.839999999999996,0.0,1.0,0.2084414197210478,10.36,0.4,0.1,0.5
170631.267009696,0.3368361955035821,0.11837893713501592,0.5078738326870998,51.66,0.0,1.0,0.5594042786950055,10.365,0.4,0.1,0.5
170631.267015648,0.3150201276238814,0.13490431861693256,0.5077033784007511,51.3,0.0,1.0,0.2084414197210478,10.370000000000001,0.4,0.1,0.5
170631.267034688,0.292034932554345,0.1572466824883995,0.5074059221371471,50.94,0.0,1.0,0.29999694814903677,10.375,0.4,0.1,0.5
170631.267040928,0.26702584278041946,0.1664705356031847,0.5075494695156983,50.58,0.0,1.0,0.3610339671010294,10.38,0.4,0.1,0.5
170631.267046944,0.24326494706152627,0.18611313604493215,0.5070920043456972,50.04,0.0,1.0,0.39155247657702574,10.385,0.4,0.1,0.5
170631.309925824,0.21929594150060577,0.20695262823437716,0.5069527375801708,49.32,0.0,1.0,0.26947843867304044,10.39,0.4,0.1,0.5
170631.309944064,0.19721683336268594,0.217406674325905,0.5068595580102969,48.78,0.0,1.0,0.31525620288703493,10.395,0.4,0.1,0.5
170631.309951136,0.1758546314871284,0.22457481401134158,0.5067257185405467,47.879999999999995,0.0,1.0,0.34577471236303126,10.4,0.4,0.1,0.5
170631.30995712,0.1571079474297837,0.2516947652105694,0.5063366898083497,46.98,0.0,1.0,0.26947843867304044,10.405,0.4,0.1,0.5
170631.309962976,0.1409061391924894,0.27140183035182963,0.5065601995646517,45.9,0.0,1.0,0.29999694814903677,10.41,0.4,0.1,0.5
170631.309969568,0.11989733758475936,0.2746505643324526,0.5059626959086457,44.82,0.0,1.0,0.14740440076905514,10.415000000000001,0.4,0.1,0.5
170631.309975744,0.10788213170406818,0.2962655339135227,0.5053044474949377,43.559999999999995,0.0,1.0,0.11688589129305882,10.42,0.4,0.1,0.5
170631.309981824,0.10111455633105036,0.31221428629098086,0.5055595127761631,42.3,0.0,1.0,0.31525620288703493,10.425,0.4,0.1,0.5
170631.309987808,0.08500021833960072,0.3206435063677857,0.5048764040840655,40.68,0.0,1.0,0.17792291024505147,10.43,0.4,0.1,0.5
170631.351861152,0.08197728591608953,0.3393466524640416,0.5042214909958893,39.059999999999995,0.0,1.0,0.2847376934110386,10.435,0.4,0.1,0.5
170631.351879168,0.07162811853870993,0.3493393403065185,0.5043634374024031,37.26,0.0,1.0,0.3762932218390276,10.44,0.4,0.1,0.5
170631.35188512,0.052153988216426354,0.3505714680079425,0.5043366097169173,35.46,0.0,1.0,0.42207098605302207,10.445,0.4,0.1,0.5
170631.35189072,0.05847491835939614,0.3502021216712172,0.5038665475270544,33.48,0.0,1.0,0.42207098605302207,10.450000000000001,0.4,0.1,0.5
170631.351896544,0.046046962928526176,0.36019752163773455,0.5043738631608933,31.32,0.0,1.0,0.513626514481011,10.455,0.4,0.1,0.5
170631.351902528,0.029276105439418214,0.368962042471419,0.5042419214232986,29.16,0.0,1.0,0.3762932218390276,10.46,0.4,0.1,0.5
170631.351908448,0.019528321065789177,0.378323802278828,0.5037078464077521,26.82,0.0,1.0,0.29999694814903677,10.465,0.4,0.1,0.5
170631.351919232,0.025312892658992846,0.3814703350146139,0.5035803768109638,24.3,0.0,1.0,0.6814783165989908,10.47,0.4,0.1,0.5
170631.39614848,0.023814646098760966,0.3926626057047979,0.5035907605374517,21.779999999999998,0.0,1.0,0.0863673818170625,10.475,0.4,0.1,0.5
170631.39616176,0.015393586735219959,0.3979052327405845,0.5035149261743176,19.259999999999998,0.0,1.0,0.46784875026701656,10.48,0.4,0.1,0.5
170631.396170528,0.013751523382609097,0.40229252541847976,0.5037345003591998,16.56,0.0,1.0,0.4831080050050147,10.485,0.4,0.1,0.5
170631.396178848,0.005182718526617155,0.4135237972449999,0.5035805436332941,13.68,0.0,1.0,0.3762932218390276,10.49,0.4,0.1,0.5
170631.396186208,-0.007411176435286044,0.42186130378864095,0.5033144185707221,10.98,0.0,1.0,0.14740440076905514,10.495000000000001,0.4,0.1,0.5
170631.39619376,-0.007746019649629415,0.4284238655418629,0.5032651405283415,8.1,0.0,1.0,0.3762932218390276,10.5,0.4,0.1,0.5
170631.396215424,-0.0012035735200574243,0.43320359787460294,0.5030011238215165,5.04,-0.18,1.0,21.63243507187108,10.505,0.4,0.1,0.5
170631.396221472,-0.0030430505708654125,0.43092681670099675,0.5032949041519539,2.52,4.68,1.0,3.6875514999847407,10.51,0.4,0.1,0.5
170631.396227328,-0.0013818000627283547,0.44470210751328804,0.5057024142669669,1.08,6.4799999999999995,1.0,0.8340708639790293,10.515,0.4,0.1,0.5
170631.437032736,-0.0035227345992492024,0.44344330434591944,0.5066177121610959,0.8999999999999999,6.3,1.0,8.2805871761223,10.52,0.4,0.1,0.5
170631.437044704,-0.0038862750709520158,0.4555119340304524,0.507594226485403,1.6199999999999999,5.58,1.0,0.5288857692190092,10.525,0.4,0.1,0.5
170631.437051424,-0.022206763489770312,0.4489136825061038,0.5081385888383214,3.06,3.2399999999999998,1.0,7.120883816034439,10.53,0.4,0.1,0.5
170631.437057856,-0.007854704791049858,0.47042715685692066,0.5058357381564789,5.04,0.72,1.0,1.2460707419049797,10.535,0.4,0.1,0.5
170631.437075328,0.0022886830555455366,0.4771349537250589,0.504153919434249,6.12,0.0,1.0,0.5441450239570074,10.540000000000001,0.4,0.1,0.5
170631.437082336,-0.002766648974947723,0.4727455301718918,0.5033286710472266,7.38,0.36,1.0,-0.2035584582049026,10.545,0.4,0.1,0.5
170631.437088352,-0.0036461985428406295,0.4743875026331279,0.5016794602788507,8.459999999999999,0.0,1.0,0.43733024079102023,10.55,0.4,0.1,0.5
170631.437094752,-0.009115350137619334,0.4762154696455711,0.501267702379022,9.18,0.0,1.0,0.3610339671010294,10.555,0.4,0.1,0.5
170631.481236096,-0.008161336161633066,0.4787677898651415,0.5013346719500534,9.9,0.0,1.0,0.43733024079102023,10.56,0.4,0.1,0.5
170631.481249024,-0.011365869799213835,0.47858257491821327,0.5007430223175909,10.62,0.0,1.0,-0.005188146610926481,10.565,0.4,0.1,0.5
170631.48125584,0.000879399247941756,0.4913660026870771,0.5005244149170052,10.98,0.0,1.0,0.4525894955290184,10.57,0.4,0.1,0.5
170631.48128032,-0.009759825759830384,0.4814860060254196,0.5010441605741205,11.16,0.0,1.0,0.17792291024505147,10.575000000000001,0.4,0.1,0.5
170631.481287392,-0.009295864555800708,0.4897926716216537,0.5003982200991446,11.34,0.0,1.0,0.3305154576250331,10.58,0.4,0.1,0.5
170631.481294304,-0.006286538307503428,0.4935131871479407,0.5002148928271593,11.16,0.0,1.0,0.23895992919704412,10.585,0.4,0.1,0.5
170631.48130176,-0.011675914594449083,0.4940619782790241,0.5004997099157854,10.799999999999999,0.0,1.0,0.7577745902890385,10.59,0.4,0.1,0.5
170631.48130848,-0.01425487466580547,0.4963201185513258,0.5002198294837998,10.44,0.0,1.0,0.2847376934110386,10.595,0.4,0.1,0.5
170631.481314688,-0.011409132922367945,0.5059569748663625,0.49977137629734997,9.719999999999999,0.0,1.0,0.5288857692190092,10.6,0.4,0.1,0.5
170631.524345504,-0.009036057011454048,0.5035078855857713,0.50000675228634,8.82,0.0,1.0,0.10162663655506066,10.605,0.4,0.1,0.5
170631.524355456,-0.004270000065642014,0.5039537346366196,0.4998527465038543,7.92,0.0,1.0,0.4831080050050147,10.61,0.4,0.1,0.5
170631.524361728,-0.00271361751958312,0.5061145526433815,0.4996286668169517,6.84,0.0,1.0,0.07110812707906433,10.615,0.4,0.1,0.5
170631.524367648,-0.007449649921794649,0.4955480397696622,0.4999943250995288,5.58,0.0,1.0,0.513626514481011,10.620000000000001,0.4,0.1,0.5
170631.524373408,-0.0020041217815270434,0.502014862143973,0.49968078466753607,4.5,1.26,1.0,3.153477584154805,10.625,0.4,0.1,0.5
170631.524379392,-0.005371880697154072,0.5083985619870075,0.4999306545378449,4.14,1.44,1.0,6.205328531754493,10.63,0.4,0.1,0.5
170631.524385408,-0.00503619761459412,0.5140748953201145,0.4999175629710858,4.5,1.44,1.0,1.368144779808965,10.635,0.4,0.1,0.5
170631.524396384,-0.015364801303226311,0.5172551482482224,0.49983455557635664,5.22,0.36,1.0,1.9632557145908933,10.64,0.4,0.1,0.5
170631.524402272,-0.02419872186273905,0.50598824623524,0.49977641703143527,5.76,0.0,1.0,0.22370067445904596,10.645,0.4,0.1,0.5
170631.566373824,-0.016176239492095804,0.5100824074145852,0.49945714081980647,6.3,0.0,1.0,0.3305154576250331,10.65,0.4,0.1,0.5
170631.566385568,-0.01961298183292496,0.5011975660797183,0.49940866161254976,6.4799999999999995,0.0,1.0,0.31525620288703493,10.655,0.4,0.1,0.5
170631.566392064,-0.002773896904708336,0.5127963807361224,0.49938462968705843,6.4799999999999995,0.0,1.0,0.8188116092410311,10.66,0.4,0.1,0.5
170631.566397888,-0.0072201460263167745,0.5165607186646998,0.4993729835561027,6.4799999999999995,0.0,1.0,0.2084414197210478,10.665000000000001,0.4,0.1,0.5
170631.566403456,0.01590641094408017,0.5114844373604672,0.49942252085996364,6.3,0.0,1.0,0.31525620288703493,10.67,0.4,0.1,0.5
170631.566409824,0.016130536512307714,0.5099876154203393,0.49957449240986257,5.9399999999999995,0.0,1.0,0.11688589129305882,10.675,0.4,0.1,0.5
170631.566429824,0.036242750410240034,0.5011077534317292,0.4995639912830258,5.58,0.0,1.0,0.513626514481011,10.68,0.4,0.1,0.5
170631.56643712,0.07093219625012355,0.5009664238365517,0.4997473775572067,5.3999999999999995,0.18,1.0,2.878810998870838,10.685,0.4,0.1,0.5
170631.609474688,0.08088680058461009,0.4937782496734422,0.5004866873831303,5.58,0.0,1.0,2.8025147251808473,10.69,0.4,0.1,0.5
170631.609489376,0.09524227839367114,0.46880067071424797,0.500863437608108,5.9399999999999995,0.0,1.0,0.19318216498304963,10.695,0.4,0.1,0.5
170631.609497728,0.11037231149158304,0.455186985289352,0.501284402574826,6.3,0.0,1.0,0.3610339671010294,10.700000000000001,0.4,0.1,0.5
170631.609519744,0.1318999130115784,0.4333475435978263,0.5018058319638445,6.66,0.0,1.0,0.22370067445904596,10.705,0.4,0.1,0.5
170631.609526592,0.15006063861122654,0.414148359600275,0.502605124584094,7.199999999999999,0.0,1.0,0.8798486281930238,10.71,0.4,0.1,0.5
170631.609532576,0.16949082929086967,0.3960855270418295,0.5025276970462108,7.739999999999999,0.0,1.0,0.22370067445904596,10.715,0.4,0.1,0.5
170631.609538688,0.18960845714994568,0.37944261905238885,0.5027725596103046,8.459999999999999,0.0,1.0,0.5899227881710019,10.72,0.4,0.1,0.5
170631.609544736,0.20339513045929133,0.36377667820658405,0.5035076122345279,9.18,0.0,1.0,0.07110812707906433,10.725,0.4,0.1,0.5
170631.609550592,0.21974409685340876,0.3526322859502664,0.5039038135587062,10.08,0.0,1.0,0.4983672597430129,10.73,0.4,0.1,0.5
170631.651640512,0.235708142372021,0.3354656356589811,0.5044421146032577,11.16,0.0,1.0,0.07110812707906433,10.735,0.4,0.1,0.5
170631.651657408,0.24653126563356142,0.3049410383026614,0.5048351743573666,12.42,0.0,1.0,0.6509598071229945,10.74,0.4,0.1,0.5
170631.651667328,0.2581032963160953,0.3051740168519657,0.5049162261896581,13.68,0.0,1.0,0.31525620288703493,10.745000000000001,0.4,0.1,0.5
170631.651692384,0.27067134737015575,0.302025781751339,0.5051131533826806,15.12,0.0,1.0,0.2847376934110386,10.75,0.4,0.1,0.5
170631.651701792,0.27871305822361536,0.2807959255833195,0.5052763217440337,16.56,0.0,1.0,0.34577471236303126,10.755,0.4,0.1,0.5
170631.651710112,0.2870325552074163,0.27240788138563643,0.5055674500757206,18.36,0.0,1.0,0.3610339671010294,10.76,0.4,0.1,0.5
170631.651717056,0.2966061002818357,0.26019697504374667,0.5059456589905795,19.98,0.0,1.0,0.05584887234106617,10.765,0.4,0.1,0.5
170631.651730432,0.3029880869931543,0.2536496860207007,0.5060184107728856,21.96,0.0,1.0,0.23895992919704412,10.77,0.4,0.1,0.5
170631.694982208,0.3086067274744271,0.24078571743595933,0.5060797421155241,23.759999999999998,0.0,1.0,0.31525620288703493,10.775,0.4,0.1,0.5
170631.694994048,0.3161864974442082,0.23955213409673723,0.506241124748878,25.74,0.0,1.0,0.4983672597430129,10.78,0.4,0.1,0.5
170631.69500112,0.3217754392097641,0.23800881099369456,0.5058673989190162,27.72,0.0,1.0,0.4983672597430129,10.785,0.4,0.1,0.5
170631.69500752,0.3266103758670635,0.22219866146756642,0.505764720422481,29.7,0.0,1.0,0.46784875026701656,10.790000000000001,0.4,0.1,0.5
170631.695014112,0.3324739439964731,0.2214129567923924,0.5059297604413077,31.68,0.0,1.0,0.5288857692190092,10.795,0.4,0.1,0.5
170631.695021056,0.3375403423918691,0.2096370259978541,0.5058578501647994,33.839999999999996,0.0,1.0,0.46784875026701656,10.8,0.4,0.1,0.5
170631.695027648,0.34107279407198304,0.20785986734108775,0.5060468677081484,35.82,0.0,1.0,0.43733024079102023,10.805,0.4,0.1,0.5
170631.69503376,0.34639521203893187,0.19292362182566142,0.5060705034441287,37.8,0.0,1.0,0.14740440076905514,10.81,0.4,0.1,0.5
170631.695039872,0.35098699755047214,0.19146010736497912,0.5058507615717044,39.78,0.0,1.0,0.10162663655506066,10.815,0.4,0.1,0.5
170631.736918432,0.3545676001714929,0.1885621151729579,0.505561954403546,41.58,0.0,1.0,0.26947843867304044,10.82,0.4,0.1,0.5
170631.736927456,0.35855534842845715,0.1801423750178631,0.5056394428742198,43.379999999999995,0.0,1.0,0.2542191839350423,10.825000000000001,0.4,0.1,0.5
170631.736934048,0.3624987683148766,0.1777790402585886,0.5055224980005867,45.18,0.0,1.0,0.3762932218390276,10.83,0.4,0.1,0.5
170631.736939872,0.36545234121249054,0.16944431826893913,0.5052582254725901,46.8,0.0,1.0,0.4831080050050147,10.835,0.4,0.1,0.5
170631.736952608,0.36832331761297404,0.16532886342760716,0.5055569963490677,48.42,0.0,1.0,0.4068117313150239,10.84,0.4,0.1,0.5
170631.736959072,0.372165962905514,0.17276499715278804,0.5050980862854987,49.86,0.0,1.0,0.2847376934110386,10.845,0.4,0.1,0.5
170631.736965216,0.3746572293399436,0.1736652747682249,0.5050598813612391,51.3,0.0,1.0,0.31525620288703493,10.85,0.4,0.1,0.5
170631.736971328,0.37733685922464344,0.16038768447045912,0.5050182034152517,52.379999999999995,0.0,1.0,0.14740440076905514,10.855,0.4,0.1,0.5
170631.77992768,0.3797491879033979,0.15258684382310364,0.5053240703144138,53.64,0.0,1.0,0.1626636555070533,10.86,0.4,0.1,0.5
170631.779936544,0.3821059629664508,0.15985625253273494,0.5050664755376872,54.54,0.0,1.0,0.3762932218390276,10.865,0.4,0.1,0.5
170631.779942336,0.38432191772549146,0.16713174398302494,0.504962407583744,55.44,0.0,1.0,0.39155247657702574,10.870000000000001,0.4,0.1,0.5
170631.779948288,0.3864279234889331,0.16935844678710726,0.5049091957322158,56.16,0.0,1.0,0.3305154576250331,10.875,0.4,0.1,0.5
170631.779953984,0.38766820435908983,0.16200667596044288,0.5051712528605319,56.699999999999996,0.0,1.0,0.2542191839350423,10.88,0.4,0.1,0.5
170631.779960544,0.38908394064466784,0.16250402180100795,0.5052429808136429,57.059999999999995,0.0,1.0,0.2847376934110386,10.885,0.4,0.1,0.5
170631.779966816,0.3907463096450081,0.15069831983510829,0.5052373206817168,57.419999999999995,0.0,1.0,0.14740440076905514,10.89,0.4,0.1,0.5
170631.779982624,0.39177881229353306,0.14680514719890084,0.5055023467583066,57.419999999999995,0.0,1.0,0.3610339671010294,10.895,0.4,0.1,0.5
170631.779989376,0.3927009547269168,0.1426933339446308,0.5057310243848848,57.599999999999994,0.0,1.0,0.4983672597430129,10.9,0.4,0.1,0.5
170631.821813696,0.39462194847122695,0.14144931567420088,0.5055171968658946,57.419999999999995,0.0,1.0,0.3305154576250331,10.905,0.4,0.1,0.5
170631.821823072,0.3961215589738874,0.142591132310466,0.5055546580279174,57.239999999999995,0.0,1.0,0.3762932218390276,10.91,0.4,0.1,0.5
170631.821829184,0.39732121617541016,0.14445063690926657,0.5057660649467288,57.059999999999995,0.0,1.0,0.26947843867304044,10.915000000000001,0.4,0.1,0.5
170631.82183504,0.39899167793053697,0.1378872761905914,0.5056449118022137,56.699999999999996,0.0,1.0,0.605182042909,10.92,0.4,0.1,0.5
170631.821840768,0.4003517611741908,0.13903524829061475,0.5056181862241864,56.339999999999996,0.0,1.0,0.46784875026701656,10.925,0.4,0.1,0.5
170631.821846656,0.4013845582680895,0.1496371316399524,0.5057494600014526,55.98,0.0,1.0,0.025330362865069844,10.93,0.4,0.1,0.5
170631.821853152,0.40209830954883774,0.14161106501634654,0.5060598366592687,55.62,0.0,1.0,0.39155247657702574,10.935,0.4,0.1,0.5
170631.821859392,0.4025906258401316,0.147387231160817,0.5061499265180713,55.26,0.0,1.0,0.42207098605302207,10.94,0.4,0.1,0.5
170631.865873664,0.4029668862245918,0.1470410222132364,0.5062048968041962,54.72,0.0,1.0,0.4068117313150239,10.945,0.4,0.1,0.5
170631.865884928,0.40300221540770775,0.14429954821386584,0.5064652875112853,54.36,0.0,1.0,0.2542191839350423,10.950000000000001,0.4,0.1,0.5
170631.86589168,0.40330894610419565,0.1408448454648337,0.5064507612179245,54.0,0.0,1.0,0.4068117313150239,10.955,0.4,0.1,0.5
170631.86589792,0.4034796561236571,0.13887786839470867,0.5065636083435728,53.46,0.0,1.0,0.11688589129305882,10.96,0.4,0.1,0.5
170631.865920672,0.4033297910906541,0.14440697085550908,0.5065122070036965,53.1,0.0,1.0,0.605182042909,10.965,0.4,0.1,0.5
170631.865927296,0.40309491601957725,0.1362164640506646,0.5068682391935101,52.739999999999995,0.0,1.0,0.39155247657702574,10.97,0.4,0.1,0.5
170631.865934048,0.4030511639070232,0.1391263780218938,0.507087428297879,52.379999999999995,0.0,1.0,0.42207098605302207,10.975,0.4,0.1,0.5
170631.865940288,0.40300530552801395,0.14209123810155455,0.5071381691102477,52.019999999999996,0.0,1.0,0.46784875026701656,10.98,0.4,0.1,0.5
170631.86594624,0.4028876057147175,0.13503098616287407,0.5073242927396064,51.66,0.0,1.0,0.42207098605302207,10.985,0.4,0.1,0.5
170631.909875104,0.4030612728206552,0.12293495080361069,0.5073171881532127,51.48,0.0,1.0,0.025330362865069844,10.99,0.4,0.1,0.5
170631.909883648,0.4028335784301123,0.12906053436782403,0.5074293394426312,51.3,0.0,1.0,0.4525894955290184,10.995000000000001,0.4,0.1,0.5
170631.909889344,0.40311102938813637,0.1181887999811245,0.5072700807021076,50.94,0.0,1.0,0.23895992919704412,11.0,0.4,0.1,0.5
170631.909894944,0.40294874671578135,0.10692815021452955,0.5073667120259943,50.94,0.0,1.0,0.3762932218390276,11.005,0.4,0.1,0.5
170631.909900704,0.4029398722318559,0.11344026153047142,0.5072224664271934,50.76,0.0,1.0,0.11688589129305882,11.01,0.4,0.1,0.5
170631.909906656,0.4026667656394328,0.11905100083315454,0.5074214860704627,50.76,0.0,1.0,0.2847376934110386,11.015,0.4,0.1,0.5
170631.909912832,0.4021454568121297,0.12021550463172381,0.5076853284621875,50.76,0.0,1.0,0.1626636555070533,11.02,0.4,0.1,0.5
170631.909918528,0.4017194134273522,0.11946531470576102,0.5076398521342319,50.76,0.0,1.0,0.4525894955290184,11.025,0.4,0.1,0.5
170631.909924288,0.4017731111415868,0.12545570094278938,0.5072962754371074,50.76,0.0,1.0,0.17792291024505147,11.03,0.4,0.1,0.5
170631.950862912,0.4018536037052253,0.13648617298057114,0.5070380889014617,50.76,0.0,1.0,0.3305154576250331,11.035,0.4,0.1,0.5
170631.950876,0.40177927258782786,0.12282463805117368,0.5066554487651937,50.94,0.0,1.0,0.4831080050050147,11.040000000000001,0.4,0.1,0.5
170631.950882272,0.4011921002191397,0.11125824103127592,0.5069070396792664,50.94,0.0,1.0,0.513626514481011,11.045,0.4,0.1,0.5
170631.950888128,0.4010733044803609,0.11572981378791065,0.5067182950091709,50.94,0.0,1.0,0.2542191839350423,11.05,0.4,0.1,0.5
170631.950893728,0.4010070013538006,0.1309197116814266,0.5065936126321056,50.94,0.0,1.0,0.2847376934110386,11.055,0.4,0.1,0.5
170631.95090016,0.40065036825540745,0.12753884581459812,0.5067058413172421,50.94,0.0,1.0,0.19318216498304963,11.06,0.4,0.1,0.5
170631.950906112,0.40056955688683293,0.11558282532434733,0.5064764135804016,50.94,0.0,1.0,0.5288857692190092,11.065,0.4,0.1,0.5
170631.950912256,0.400699029047821,0.09614568998571837,0.506294765817163,50.94,0.0,1.0,0.19318216498304963,11.07,0.4,0.1,0.5
170631.995017536,0.4010670991555353,0.08853021766940043,0.5059879219700654,50.76,0.0,1.0,0.6662190618609927,11.075000000000001,0.4,0.1,0.5
170631.99502864,0.40104784689168954,0.09461472587130268,0.5056121767229577,50.76,0.0,1.0,0.10162663655506066,11.08,0.4,0.1,0.5
170631.995034752,0.4011304329056841,0.08974703518182384,0.5053182006444678,50.76,0.0,1.0,0.5899227881710019,11.085,0.4,0.1,0.5
170631.995040608,0.40096086894133376,0.10031747018962821,0.5053516765077868,50.76,0.0,1.0,0.29999694814903677,11.09,0.4,0.1,0.5
170631.9950464,0.40114877528253345,0.11246946896916069,0.504982390659667,50.76,0.0,1.0,0.5899227881710019,11.095,0.4,0.1,0.5
170631.995052288,0.40060165079663923,0.10386298810096521,0.5054711504201531,50.76,0.0,1.0,0.4525894955290184,11.1,0.4,0.1,0.5
170631.995076608,0.40062455005275,0.10487917408770389,0.5054759566329897,50.94,0.0,1.0,0.3305154576250331,11.105,0.4,0.1,0.5
170631.995083264,0.40089205373701475,0.1106161056586032,0.5052210894929278,50.94,0.0,1.0,0.23895992919704412,11.11,0.4,0.1,0.5
170631.995089088,0.40069094570133373,0.12215332795238604,0.5054800697555476,50.94,0.0,1.0,0.4525894955290184,11.115,0.4,0.1,0.5
170632.035972896,0.40067494466097364,0.12056777574409863,0.5056514686275705,50.94,0.0,1.0,0.11688589129305882,11.120000000000001,0.4,0.1,0.5
170632.035981632,0.40037993146163353,0.12111408855912603,0.505957338886871,50.94,0.0,1.0,0.513626514481011,11.125,0.4,0.1,0.5
170632.035987392,0.4005920774253038,0.11429955275760585,0.5058999742201307,50.94,0.0,1.0,0.19318216498304963,11.13,0.4,0.1,0.5
170632.035993312,0.40032396696009687,0.11185452251842248,0.5063579128419748,50.94,0.0,1.0,0.4983672597430129,11.135,0.4,0.1,0.5
170632.035998848,0.4003058921180918,0.09934864457903882,0.5066973882205454,50.94,0.0,1.0,0.4525894955290184,11.14,0.4,0.1,0.5
170632.036027904,0.40052861703548137,0.11238268789427464,0.5067161874239954,50.94,0.0,1.0,0.4831080050050147,11.145,0.4,0.1,0.5
170632.03603424,0.40027675730406226,0.10993554002589423,0.5071878689328758,50.94,0.0,1.0,0.10162663655506066,11.15,0.4,0.1,0.5
170632.03604016,0.4005895093219314,0.1006242771525747,0.5073201474496457,50.94,0.0,1.0,0.4831080050050147,11.155,0.4,0.1,0.5
170632.080185504,0.4003787342818376,0.11107951584119086,0.50768100829242,50.94,0.0,1.0,0.23895992919704412,11.16,0.4,0.1,0.5
170632.08019632,0.39974000174745616,0.107575291564932,0.5080426822933695,50.94,0.0,1.0,0.42207098605302207,11.165000000000001,0.4,0.1,0.5
170632.080253376,0.3997856499220252,0.10414977399613519,0.5078155454010644,50.94,0.0,1.0,-0.12726218451491178,11.17,0.4,0.1,0.5
170632.080266112,0.39979865775379597,0.10031187853142869,0.5076956846370053,50.94,0.0,1.0,0.5746635334330037,11.175,0.4,0.1,0.5
170632.080272832,0.39964816131376435,0.10069841758579923,0.507705763793442,50.94,0.0,1.0,0.19318216498304963,11.18,0.4,0.1,0.5
170632.080279296,0.3999920753648809,0.10472060634492074,0.5072364751012641,50.94,0.0,1.0,0.5288857692190092,11.185,0.4,0.1,0.5
170632.080285408,0.39983233845079574,0.1078924694825386,0.5073092198585001,50.94,0.0,1.0,0.3305154576250331,11.19,0.4,0.1,0.5
170632.080291392,0.3999242904637235,0.11965693498622255,0.5071426332982126,50.94,0.0,1.0,0.43733024079102023,11.195,0.4,0.1,0.5
170632.0802968,0.40045695187350694,0.11442982525820666,0.5066480559991053,50.94,0.0,1.0,0.07110812707906433,11.200000000000001,0.4,0.1,0.5
170632.121156512,0.40005476888469277,0.10906962501969401,0.5068075450789312,50.94,0.0,1.0,0.4983672597430129,11.205,0.4,0.1,0.5
170632.121164928,0.40005664128441076,0.1152398559111138,0.5065942455138187,50.94,0.0,1.0,0.1626636555070533,11.21,0.4,0.1,0.5
170632.12117088,0.40025207963051057,0.11200030444145079,0.5062932629721432,50.94,0.0,1.0,0.5441450239570074,11.215,0.4,0.1,0.5
170632.121176736,0.39999360786361055,0.10600859282117805,0.506553278794741,50.94,0.0,1.0,0.14740440076905514,11.22,0.4,0.1,0.5
170632.121182304,0.39994027178870295,0.10407274588513098,0.5066285759980459,50.94,0.0,1.0,0.46784875026701656,11.225,0.4,0.1,0.5
170632.121187936,0.3998392760422756,0.09295559751647192,0.5066590867070183,50.94,0.0,1.0,0.04058961760306801,11.23,0.4,0.1,0.5
170632.121205376,0.400072287155035,0.09967209278928169,0.506401376635034,50.94,0.0,1.0,0.1626636555070533,11.235,0.4,0.1,0.5
170632.121211328,0.3999724179425519,0.11069449826621731,0.5062788707465777,50.94,0.0,1.0,0.3305154576250331,11.24,0.4,0.1,0.5
170632.165395296,0.3998648393412304,0.11504109113170846,0.5063603455322623,50.94,0.0,1.0,0.3610339671010294,11.245000000000001,0.4,0.1,0.5
170632.16540592,0.4002908741078815,0.11707326451120674,0.5061346877632812,50.94,0.0,1.0,0.14740440076905514,11.25,0.4,0.1,0.5
170632.165412,0.39997320298294226,0.11832505002879044,0.5064090855198249,50.94,0.0,1.0,0.4831080050050147,11.255,0.4,0.1,0.5
170632.165417888,0.4004134420336152,0.12251906014652232,0.506162879994267,50.94,0.0,1.0,0.04058961760306801,11.26,0.4,0.1,0.5
170632.16542368,0.40025223038951163,0.12203872596075083,0.5063501078838181,50.94,0.0,1.0,0.4525894955290184,11.265,0.4,0.1,0.5
170632.165430016,0.4002783796453871,0.11719285397916916,0.5065046824524618,50.94,0.0,1.0,0.1626636555070533,11.27,0.4,0.1,0.5
170632.16543584,0.4006542731089845,0.11267118065061232,0.50642692279514,50.94,0.0,1.0,0.4525894955290184,11.275,0.4,0.1,0.5
170632.165441856,0.4002277000917217,0.12589066566624374,0.5068045759399564,50.94,0.0,1.0,0.3305154576250331,11.28,0.4,0.1,0.5
170632.165447776,0.40025872720322814,0.12157380084655756,0.5070800338484146,50.94,0.0,1.0,0.22370067445904596,11.285,0.4,0.1,0.5
170632.206706528,0.40007463286227657,0.1111400930161121,0.5074959834618779,50.94,0.0,1.0,0.2542191839350423,11.290000000000001,0.4,0.1,0.5
170632.206723072,0.4000481324149752,0.11527498813978783,0.5076046259008273,50.94,0.0,1.0,0.513626514481011,11.295,0.4,0.1,0.5
170632.206761088,0.40016914834017003,0.09704328011642559,0.5076226448697531,50.94,0.0,1.0,0.34577471236303126,11.3,0.4,0.1,0.5
170632.206767936,0.40056091633893187,0.10598517462866272,0.5074407191996224,50.94,0.0,1.0,0.5288857692190092,11.305,0.4,0.1,0.5
170632.206773664,0.4004649999214841,0.09751573932646322,0.5077292334229812,50.94,0.0,1.0,0.23895992919704412,11.31,0.4,0.1,0.5
170632.206780544,0.40072016298079705,0.1153974596281008,0.5076373564496188,50.94,0.0,1.0,0.5594042786950055,11.315,0.4,0.1,0.5
170632.206792416,0.4009550942944285,0.11733553833668836,0.5075418246797008,50.94,0.0,1.0,0.17792291024505147,11.32,0.4,0.1,0.5
170632.206799232,0.4012964236405985,0.11175578529974274,0.5072356956581318,50.94,0.0,1.0,0.04058961760306801,11.325000000000001,0.4,0.1,0.5
170632.25103872,0.4011840778399658,0.11926717463823742,0.5070289346287765,50.94,0.0,1.0,0.2542191839350423,11.33,0.4,0.1,0.5
170632.251051136,0.4009234014775835,0.1149475462413262,0.5071405100393184,50.94,0.0,1.0,0.42207098605302207,11.335,0.4,0.1,0.5
170632.251057312,0.4006418851968312,0.11437577126066453,0.5071520422640379,50.94,0.0,1.0,0.3762932218390276,11.34,0.4,0.1,0.5
170632.251063392,0.4004644233626482,0.10511406856317075,0.5071432134801943,50.94,0.0,1.0,0.05584887234106617,11.345,0.4,0.1,0.5
170632.251069312,0.4005711455059558,0.10541612247184712,0.5068521424489136,50.94,0.0,1.0,0.4983672597430129,11.35,0.4,0.1,0.5
170632.251075328,0.40058979605528133,0.11356627097422177,0.5065822127076691,50.94,0.0,1.0,0.26947843867304044,11.355,0.4,0.1,0.5
170632.251081696,0.4006151237250222,0.10975602050348722,0.5065562320330106,50.94,0.0,1.0,0.4068117313150239,11.36,0.4,0.1,0.5
170632.251105984,0.4006140183321531,0.11459498933594658,0.5063917154671499,50.94,0.0,1.0,0.31525620288703493,11.365,0.4,0.1,0.5
170632.251117728,0.40037323910949607,0.09633096009260829,0.5063997155008726,50.94,0.0,1.0,0.2542191839350423,11.370000000000001,0.4,0.1,0.5
170632.292081088,0.4008146363245092,0.0954078007427636,0.5058645624303786,50.94,0.0,1.0,0.39155247657702574,11.375,0.4,0.1,0.5
170632.292090656,0.40059051104297005,0.09447934672148506,0.5059830366539377,50.94,0.0,1.0,0.29999694814903677,11.38,0.4,0.1,0.5
170632.292096736,0.4006464504867234,0.11210547598812777,0.5057597848665656,50.94,0.0,1.0,0.4068117313150239,11.385,0.4,0.1,0.5
170632.292112032,0.4007948024606223,0.11544231487988811,0.5053801710365027,50.94,0.0,1.0,0.2084414197210478,11.39,0.4,0.1,0.5
170632.292118688,0.40059031779312254,0.10721148321077302,0.5055094011835033,50.94,0.0,1.0,0.23895992919704412,11.395,0.4,0.1,0.5
170632.292124736,0.4008073283787715,0.10509476965743726,0.5053579186123514,50.94,0.0,1.0,0.5899227881710019,11.4,0.4,0.1,0.5
170632.292131168,0.4009989807406735,0.1064073070009768,0.5052855249379326,50.94,0.0,1.0,0.2542191839350423,11.405,0.4,0.1,0.5
170632.292137216,0.4014066447677063,0.1025468480467409,0.5050477601067597,50.94,0.0,1.0,0.29999694814903677,11.41,0.4,0.1,0.5
170632.336392672,0.4015994148539776,0.09351912514201287,0.5049802993003599,50.94,0.0,1.0,0.26947843867304044,11.415000000000001,0.4,0.1,0.5
170632.336401312,0.4012851612927628,0.08441929767927325,0.5054714635447891,50.94,0.0,1.0,0.4525894955290184,11.42,0.4,0.1,0.5
170632.336407008,0.4011702717086829,0.08789001768107356,0.5056596333052178,50.94,0.0,1.0,0.2847376934110386,11.425,0.4,0.1,0.5
170632.336412992,0.40103227689748433,0.08747962914525192,0.5059661106684266,50.94,0.0,1.0,0.22370067445904596,11.43,0.4,0.1,0.5
170632.3364296,0.40155946570181283,0.102469918527588,0.5057846797643767,50.94,0.0,1.0,0.2847376934110386,11.435,0.4,0.1,0.5
170632.336435328,0.40144024843533016,0.12272530201495851,0.5061335030799313,50.94,0.0,1.0,0.4831080050050147,11.44,0.4,0.1,0.5
170632.336441344,0.40140878887195974,0.13491188458049552,0.5063180527140301,50.94,0.0,1.0,0.22370067445904596,11.445,0.4,0.1,0.5
170632.3364472,0.4008331785609137,0.1232821302161556,0.5070452607109555,50.94,0.0,1.0,0.2084414197210478,11.450000000000001,0.4,0.1,0.5
170632.33645296,0.4006940219244225,0.11752842372791295,0.5074638982531404,50.94,0.0,1.0,0.46784875026701656,11.455,0.4,0.1,0.5
170632.379689056,0.40083078271653144,0.10331514943278702,0.5075569200255524,50.94,0.0,1.0,0.46784875026701656,11.46,0.4,0.1,0.5
170632.379704832,0.4011320043091185,0.09218348777244043,0.5075473369006881,50.94,0.0,1.0,0.025330362865069844,11.465,0.4,0.1,0.5
170632.379714176,0.4012337175217416,0.1132517916737516,0.5075667300427531,50.94,0.0,1.0,0.3762932218390276,11.47,0.4,0.1,0.5
170632.379721504,0.4010252885176974,0.10690940257273662,0.5079479094266991,50.94,0.0,1.0,0.2084414197210478,11.475,0.4,0.1,0.5
170632.37972768,0.40128947408628135,0.10618016859073512,0.5077646231028643,50.94,0.0,1.0,0.46784875026701656,11.48,0.4,0.1,0.5
170632.379734528,0.4012706576596567,0.0944646134196511,0.5079204992536202,50.94,0.0,1.0,0.513626514481011,11.485,0.4,0.1,0.5
170632.379740384,0.4012454792409562,0.11825439735550673,0.5078485261734405,50.94,0.0,1.0,0.34577471236303126,11.49,0.4,0.1,0.5
170632.37974656,0.40154341491418566,0.10743165805560315,0.5078734017397325,50.94,0.0,1.0,0.22370067445904596,11.495000000000001,0.4,0.1,0.5
170632.379763328,0.4015970087416737,0.10821634462257902,0.5079543370413919,50.94,0.0,1.0,0.42207098605302207,11.5,0.4,0.1,0.5
170632.420664768,0.40174462798576405,0.1026393914498987,0.5079000647134655,50.94,0.0,1.0,0.2084414197210478,11.505,0.4,0.1,0.5
170632.420674464,0.40160688188799626,0.10810599406437371,0.5079025659252004,50.94,0.0,1.0,0.4525894955290184,11.51,0.4,0.1,0.5
170632.420680832,0.4018830670073112,0.1141136467296977,0.5073252776446112,50.94,0.0,1.0,0.11688589129305882,11.515,0.4,0.1,0.5
170632.420686656,0.4019485594688131,0.0989190235793284,0.5070627463831092,50.94,0.0,1.0,0.5288857692190092,11.52,0.4,0.1,0.5
170632.420692256,0.4016234194350165,0.1101396908610624,0.5070963119018864,50.94,0.0,1.0,0.11688589129305882,11.525,0.4,0.1,0.5
170632.420698688,0.40190229681620243,0.11665240316217332,0.5065661976198645,50.94,0.0,1.0,0.3762932218390276,11.53,0.4,0.1,0.5
170632.420714656,0.4016259412739166,0.10853577280065536,0.506647299439213,50.94,0.0,1.0,0.2847376934110386,11.535,0.4,0.1,0.5
170632.420721472,0.4014546862328841,0.11596708725726673,0.5066373917733491,50.94,0.0,1.0,0.4068117313150239,11.540000000000001,0.4,0.1,0.5
170632.465054048,0.40192658882206705,0.10901331213575623,0.5062245145089261,50.94,0.0,1.0,0.23895992919704412,11.545,0.4,0.1,0.5
170632.465065344,0.4017067982629744,0.10914310919434975,0.5064342311083114,50.94,0.0,1.0,0.5594042786950055,11.55,0.4,0.1,0.5
170632.465072,0.40160241163932164,0.12315253604235779,0.5063227361476247,50.94,0.0,1.0,0.17792291024505147,11.555,0.4,0.1,0.5
170632.465078272,0.4017086432581074,0.12995111839038448,0.50618134786623,50.94,0.0,1.0,0.513626514481011,11.56,0.4,0.1,0.5
170632.465096288,0.4019367067547331,0.13514410917633127,0.5059235362478971,50.94,0.0,1.0,0.31525620288703493,11.565,0.4,0.1,0.5
170632.465102624,0.4020861713422496,0.12143347051353917,0.5057123499865583,50.94,0.0,1.0,0.29999694814903677,11.57,0.4,0.1,0.5
170632.465109184,0.40195045410845054,0.1168212281980647,0.5056992894224654,50.94,0.0,1.0,0.17792291024505147,11.575000000000001,0.4,0.1,0.5
170632.465115328,0.4020934154248124,0.10621519724284406,0.5055548055379065,50.94,0.0,1.0,0.3610339671010294,11.58,0.4,0.1,0.5
170632.465121696,0.4023048918889378,0.10638673109541756,0.5051674307754492,50.94,0.0,1.0,0.43733024079102023,11.585,0.4,0.1,0.5
170632.506137504,0.4019828512845846,0.11143249321795758,0.5051211478127191,50.94,0.0,1.0,0.5288857692190092,11.59,0.4,0.1,0.5
170632.506151488,0.4020551006429612,0.11545202312627176,0.5051768376873842,50.94,0.0,1.0,0.11688589129305882,11.595,0.4,0.1,0.5
170632.506174688,0.40180166190617456,0.11204892609045118,0.5051728503012889,50.94,0.0,1.0,0.6814783165989908,11.6,0.4,0.1,0.5
170632.506183392,0.4017834230942185,0.09486421158850127,0.505080270105296,50.94,0.0,1.0,0.31525620288703493,11.605,0.4,0.1,0.5
170632.506189888,0.40186488171970847,0.10578971824138307,0.5052458232267801,50.94,0.0,1.0,0.6814783165989908,11.61,0.4,0.1,0.5
170632.506196768,0.4022643227490027,0.09878797115466524,0.5048793056566779,50.94,0.0,1.0,0.19318216498304963,11.615,0.4,0.1,0.5
170632.50620352,0.4022279399260201,0.08991475940298485,0.5049111922601714,50.94,0.0,1.0,0.513626514481011,11.620000000000001,0.4,0.1,0.5
170632.506210592,0.4026889592084316,0.09914929112193524,0.5046577096613534,50.94,0.0,1.0,0.22370067445904596,11.625,0.4,0.1,0.5
170632.550428032,0.402594291437657,0.10958863114586079,0.5048196109699978,50.94,0.0,1.0,0.4831080050050147,11.63,0.4,0.1,0.5
170632.550448352,0.401890415968796,0.10197628080745563,0.5055243119303022,50.94,0.0,1.0,0.0863673818170625,11.635,0.4,0.1,0.5
170632.55045456,0.4019317038522493,0.10389047377932792,0.505841859066596,50.94,0.0,1.0,0.43733024079102023,11.64,0.4,0.1,0.5
170632.550460704,0.4015445944786946,0.11236376480418388,0.5065149833386272,50.94,0.0,1.0,0.19318216498304963,11.645,0.4,0.1,0.5
170632.550466528,0.4015621504362183,0.10168604480104021,0.5068014148932906,50.94,0.0,1.0,0.2847376934110386,11.65,0.4,0.1,0.5
170632.550472864,0.40148595740514964,0.09574411063100531,0.5071351743317445,50.94,0.0,1.0,0.3610339671010294,11.655,0.4,0.1,0.5
170632.550478912,0.4013439836998584,0.09324919506701931,0.5074438789168911,50.94,0.0,1.0,0.42207098605302207,11.66,0.4,0.1,0.5
170632.550484992,0.4013680020591091,0.09896284026101367,0.5076842128553605,50.94,0.0,1.0,0.23895992919704412,11.665000000000001,0.4,0.1,0.5
170632.550491136,0.40161771430879495,0.10216810789119546,0.5078635357056773,50.94,0.0,1.0,0.4525894955290184,11.67,0.4,0.1,0.5
170632.591387456,0.4015518829508999,0.0968385070992613,0.5081690349445653,50.94,0.0,1.0,0.10162663655506066,11.675,0.4,0.1,0.5
170632.591397696,0.40195049989237946,0.10320534375313949,0.5079455159542586,50.94,0.0,1.0,0.5594042786950055,11.68,0.4,0.1,0.5
170632.591404064,0.4024960586589894,0.10857616685147477,0.5078049461319196,50.94,0.0,1.0,0.1626636555070533,11.685,0.4,0.1,0.5
170632.591409888,0.4024420985961538,0.10584033374792198,0.5080701168136226,50.94,0.0,1.0,0.22370067445904596,11.69,0.4,0.1,0.5
170632.591415872,0.4026624681476181,0.11450552886433038,0.5080014929754479,50.94,0.0,1.0,0.3610339671010294,11.695,0.4,0.1,0.5
170632.591433216,0.4024065121303087,0.10503227899231059,0.5081742514146427,50.94,0.0,1.0,0.39155247657702574,11.700000000000001,0.4,0.1,0.5
170632.591439552,0.402390185125407,0.10749730513941544,0.5081429274145394,50.94,0.0,1.0,0.2542191839350423,11.705,0.4,0.1,0.5
170632.59144576,0.4023238789498129,0.10133362735324203,0.5080918638412939,50.94,0.0,1.0,0.42207098605302207,11.71,0.4,0.1,0.5
170632.635719168,0.40219767253086897,0.11597902443951044,0.5080790389586459,50.94,0.0,1.0,0.19318216498304963,11.715,0.4,0.1,0.5
170632.635735264,0.4022071419443266,0.10368996906483768,0.5079061571463752,50.94,0.0,1.0,0.5899227881710019,11.72,0.4,0.1,0.5
170632.635743136,0.4023987194387278,0.10201058988192559,0.5075437767458757,50.94,0.0,1.0,0.26947843867304044,11.725,0.4,0.1,0.5
170632.635749632,0.4025339882638726,0.10061377716603188,0.5073014682256519,50.94,0.0,1.0,0.513626514481011,11.73,0.4,0.1,0.5
170632.635755776,0.40257115860212256,0.10010170707350269,0.5070568768013259,50.94,0.0,1.0,0.3305154576250331,11.735,0.4,0.1,0.5
170632.63576336,0.40232993934127964,0.11161585676263265,0.5071133711960872,50.94,0.0,1.0,0.2084414197210478,11.74,0.4,0.1,0.5
170632.635785696,0.4021785507011152,0.105998685935874,0.5071578866123888,50.94,0.0,1.0,0.3305154576250331,11.745000000000001,0.4,0.1,0.5
170632.6357936,0.4021085982764834,0.10365977828905523,0.5069265139006077,50.94,0.0,1.0,0.3762932218390276,11.75,0.4,0.1,0.5
170632.635799872,0.4021762149184706,0.10791988661899334,0.5066985304180608,50.94,0.0,1.0,0.025330362865069844,11.755,0.4,0.1,0.5
170632.677225984,0.40222478852609495,0.11828590873474716,0.5064783520990239,50.94,0.0,1.0,0.42207098605302207,11.76,0.4,0.1,0.5
170632.677255328,0.4022694388027816,0.10775275704622957,0.5061650402577267,50.94,0.0,1.0,0.39155247657702574,11.765,0.4,0.1,0.5
170632.677263168,0.40231444810210115,0.10946546756273412,0.5058747469427176,50.94,0.0,1.0,0.2542191839350423,11.77,0.4,0.1,0.5
170632.67727088,0.40228334108257036,0.11203105112029303,0.5058066085680931,50.94,0.0,1.0,0.14740440076905514,11.775,0.4,0.1,0.5
170632.677277568,0.4023704698451269,0.09433617483218197,0.5056084867934496,50.94,0.0,1.0,0.26947843867304044,11.78,0.4,0.1,0.5
170632.677284992,0.4021235123372864,0.09834961189960503,0.5056482180425271,50.94,0.0,1.0,0.23895992919704412,11.785,0.4,0.1,0.5
170632.677291648,0.40237436140687427,0.09409329171687057,0.5054157102903041,50.94,0.0,1.0,0.513626514481011,11.790000000000001,0.4,0.1,0.5
170632.677297888,0.4021752525398219,0.10026944985232393,0.5053082142973836,50.94,0.0,1.0,0.42207098605302207,11.795,0.4,0.1,0.5
170632.721325472,0.4020353404330169,0.09622567412624193,0.5053409951303738,50.94,0.0,1.0,0.4831080050050147,11.8,0.4,0.1,0.5
170632.721334976,0.4021937596838738,0.09849664822477505,0.5050192693929152,50.94,0.0,1.0,0.34577471236303126,11.805,0.4,0.1,0.5
170632.721341184,0.4023027981516106,0.09199913509458837,0.5048792546511037,50.94,0.0,1.0,0.2847376934110386,11.81,0.4,0.1,0.5
170632.721357376,0.40226568047687,0.0920957104453691,0.5048623363415421,50.94,0.0,1.0,0.43733024079102023,11.815,0.4,0.1,0.5
170632.721364,0.40227432638538996,0.09713573688854793,0.5048455825842665,50.94,0.0,1.0,0.34577471236303126,11.82,0.4,0.1,0.5
170632.72137536,0.4022435343111407,0.09285672093412174,0.5048263784608916,50.94,0.0,1.0,0.26947843867304044,11.825000000000001,0.4,0.1,0.5
170632.72138192,0.4022910864797404,0.11126901890274397,0.5047502630817171,50.94,0.0,1.0,0.5441450239570074,11.83,0.4,0.1,0.5
170632.721388384,0.4022879016357068,0.10722932965970745,0.5047432140706103,50.94,0.0,1.0,0.31525620288703493,11.835,0.4,0.1,0.5
170632.721394304,0.4022571299071953,0.10113997454494503,0.5048430892988455,50.94,0.0,1.0,0.3762932218390276,11.84,0.4,0.1,0.5
170632.764644128,0.40225330549756844,0.11469984239713385,0.5047112415381655,50.94,0.0,1.0,0.11688589129305882,11.845,0.4,0.1,0.5
170632.764655232,0.4018426912540334,0.10728115414314454,0.5053353529089346,50.94,0.0,1.0,0.2542191839350423,11.85,0.4,0.1,0.5
170632.764662112,0.4017023593672552,0.11408793226050881,0.5054710335456972,50.94,0.0,1.0,0.2847376934110386,11.855,0.4,0.1,0.5
170632.764668608,0.4018166641996777,0.10449459385997138,0.5056798916482355,50.94,0.0,1.0,0.10162663655506066,11.86,0.4,0.1,0.5
170632.76467456,0.40198027581688134,0.11430806987428352,0.5059324684457225,50.94,0.0,1.0,0.3610339671010294,11.865,0.4,0.1,0.5
170632.764680992,0.402699621604358,0.11488465021284253,0.5056250983430228,50.94,0.0,1.0,0.3610339671010294,11.870000000000001,0.4,0.1,0.5
170632.764687104,0.4022712111215686,0.10345796754944636,0.5063830880334536,50.94,0.0,1.0,0.29999694814903677,11.875,0.4,0.1,0.5
170632.764693216,0.4020163964605768,0.11429622859669228,0.5068126384525811,50.94,0.0,1.0,0.34577471236303126,11.88,0.4,0.1,0.5
170632.76469904,0.4021219484385137,0.11986781431160619,0.5070353722442862,50.94,0.0,1.0,0.4525894955290184,11.885,0.4,0.1,0.5
170632.806028352,0.40186659111268697,0.11333814664029711,0.5074987388596628,50.94,0.0,1.0,0.2847376934110386,11.89,0.4,0.1,0.5
170632.806043584,0.40189087535793133,0.10875010347553682,0.5077988186267569,50.94,0.0,1.0,0.4983672597430129,11.895,0.4,0.1,0.5
170632.806070016,0.4023217552310789,0.11355918206176346,0.5075790889941835,50.94,0.0,1.0,0.07110812707906433,11.9,0.4,0.1,0.5
170632.806076416,0.402215484172026,0.11366778964832383,0.5077835040259154,50.94,0.0,1.0,0.5288857692190092,11.905,0.4,0.1,0.5
170632.806082528,0.40198926817094793,0.11123590477056118,0.5080192852016838,50.94,0.0,1.0,0.42207098605302207,11.91,0.4,0.1,0.5
170632.80608896,0.4019693934581887,0.09991698075291937,0.5081556695919685,50.94,0.0,1.0,0.46784875026701656,11.915000000000001,0.4,0.1,0.5
170632.806094816,0.4019129579411848,0.0944371520271102,0.5083387881283403,50.94,0.0,1.0,0.43733024079102023,11.92,0.4,0.1,0.5
170632.80610128,0.40174796580139144,0.10017526395572676,0.508552875005932,50.94,0.0,1.0,0.31525620288703493,11.925,0.4,0.1,0.5
170632.850206016,0.4019851224047404,0.09368598438033039,0.5082221490721013,50.94,0.0,1.0,0.4068117313150239,11.93,0.4,0.1,0.5
170632.850217888,0.4022960326160824,0.10157852618032968,0.5078261178786159,50.94,0.0,1.0,0.513626514481011,11.935,0.4,0.1,0.5
170632.850224768,0.4026616267476653,0.09961661930555164,0.5075490878319681,50.94,0.0,1.0,0.4525894955290184,11.94,0.4,0.1,0.5
170632.850230752,0.40284193176289035,0.09448397904073924,0.5072181095722844,50.94,0.0,1.0,0.4525894955290184,11.945,0.4,0.1,0.5
170632.850236896,0.4027758270557965,0.10877664908382412,0.5070928612655932,50.94,0.0,1.0,0.39155247657702574,11.950000000000001,0.4,0.1,0.5
170632.850243488,0.4023686725223033,0.11320506038386674,0.5072994966727993,50.94,0.0,1.0,0.43733024079102023,11.955,0.4,0.1,0.5
170632.850261504,0.4025100986694219,0.11240220983695724,0.5068476435251765,50.94,0.0,1.0,0.1626636555070533,11.96,0.4,0.1,0.5
170632.850286944,0.40237258977163226,0.1213707025974925,0.506692589830626,50.94,0.0,1.0,0.3610339671010294,11.965,0.4,0.1,0.5
170632.850293408,0.4019956815190834,0.11269550199758864,0.5065247221675118,50.94,0.0,1.0,0.3305154576250331,11.97,0.4,0.1,0.5
170632.891181056,0.40160518142220314,0.10263636968765161,0.5063008429021579,50.94,0.0,1.0,0.7119968260749872,11.975,0.4,0.1,0.5
170632.891192128,0.4008421050148081,0.0987659883627167,0.5063833810600222,50.94,0.0,1.0,0.1626636555070533,11.98,0.4,0.1,0.5
170632.891198688,0.40057622243894425,0.09852850231698981,0.5061834854831214,50.94,0.0,1.0,0.4983672597430129,11.985,0.4,0.1,0.5
170632.891205408,0.4003616604759998,0.10409952440814327,0.5057549683248004,50.94,0.0,1.0,0.17792291024505147,11.99,0.4,0.1,0.5
170632.891211168,0.40026785205423737,0.09580902174056644,0.5054673626234117,50.94,0.0,1.0,0.29999694814903677,11.995000000000001,0.4,0.1,0.5
170632.891217632,0.4001138698373716,0.10023985985704166,0.5052925689713071,50.94,0.0,1.0,0.29999694814903677,12.0,0.4,0.1,0.5
170632.891223488,0.400038106473642,0.11372327919953434,0.5050517616047405,50.94,0.0,1.0,0.23895992919704412,12.005,0.4,0.1,0.5
170632.89122976,0.4000788459692965,0.10717227045384826,0.5049153352611475,50.94,0.0,1.0,0.34577471236303126,12.01,0.4,0.1,0.5
170632.935460416,0.4001067643514597,0.11963774852663522,0.5047489138060715,50.94,0.0,1.0,0.31525620288703493,12.015,0.4,0.1,0.5
170632.935469664,0.40007206881062657,0.1112398923726785,0.5047789220519439,50.94,0.0,1.0,0.31525620288703493,12.02,0.4,0.1,0.5
170632.935475616,0.400287618459672,0.1131201059844579,0.5045262850122659,50.94,0.0,1.0,0.4525894955290184,12.025,0.4,0.1,0.5
170632.935501248,0.399976853998024,0.11755597818655904,0.5047521160481849,50.94,0.0,1.0,0.26947843867304044,12.030000000000001,0.4,0.1,0.5
170632.935507616,0.4003315156130907,0.1070731335267875,0.5043337472985756,50.94,0.0,1.0,0.4983672597430129,12.035,0.4,0.1,0.5
170632.935513888,0.40026238510678025,0.09889080390728774,0.5043514016868198,50.94,0.0,1.0,0.19318216498304963,12.040000000000001,0.4,0.1,0.5
170632.935519904,0.40009231910944093,0.09983433529764266,0.5045728275862373,50.94,0.0,1.0,0.513626514481011,12.045,0.4,0.1,0.5
170632.935526048,0.39986596755005843,0.10879072886707476,0.5045923724948304,50.94,0.0,1.0,0.19318216498304963,12.05,0.4,0.1,0.5
170632.935532,0.3999627582976255,0.10423175183852215,0.5045987147398162,50.94,0.0,1.0,0.6204412976469982,12.055,0.4,0.1,0.5
170632.97649792,0.40013434218039945,0.10286063353858775,0.5043938405820192,50.94,0.0,1.0,0.1626636555070533,12.06,0.4,0.1,0.5
170632.976510048,0.40055038363927264,0.09532038343606504,0.504076749446838,50.94,0.0,1.0,0.5594042786950055,12.065,0.4,0.1,0.5
170632.976516928,0.40088697651856725,0.09606290559896279,0.5038146461097919,50.94,0.0,1.0,0.2542191839350423,12.07,0.4,0.1,0.5
170632.976523008,0.40116487184663513,0.10044961108922751,0.5038936736706561,50.94,0.0,1.0,0.34577471236303126,12.075000000000001,0.4,0.1,0.5
170632.976528832,0.4013890518633249,0.09591585602130302,0.5038529298291178,50.94,0.0,1.0,0.31525620288703493,12.08,0.4,0.1,0.5
170632.97653536,0.400955591866813,0.1003492463510881,0.5042734631182487,50.94,0.0,1.0,0.4983672597430129,12.085,0.4,0.1,0.5
170632.97654176,0.40104333600126585,0.09693247058015206,0.5044372269489052,50.94,0.0,1.0,0.2847376934110386,12.09,0.4,0.1,0.5
170632.976563232,0.4014048407138285,0.10226006299734558,0.5044983837082456,50.94,0.0,1.0,0.3762932218390276,12.095,0.4,0.1,0.5
170633.020784544,0.40143708061857925,0.10757754946700486,0.5047794186460545,50.94,0.0,1.0,0.5441450239570074,12.1,0.4,0.1,0.5
170633.020793696,0.4012691524153328,0.11349397814091665,0.5053686235966274,50.94,0.0,1.0,0.6509598071229945,12.105,0.4,0.1,0.5
170633.020799616,0.40165819632372246,0.10718806679731648,0.5054972860484117,50.94,0.0,1.0,0.23895992919704412,12.11,0.4,0.1,0.5
170633.020805504,0.4016342179141371,0.10270906835778838,0.5058798092116995,50.94,0.0,1.0,0.42207098605302207,12.115,0.4,0.1,0.5
170633.020811264,0.40186273522374955,0.11416280654744117,0.5062059050476575,50.94,0.0,1.0,0.34577471236303126,12.120000000000001,0.4,0.1,0.5
170633.02081808,0.4021448761514719,0.109631571202028,0.5066225679484674,50.94,0.0,1.0,0.6509598071229945,12.125,0.4,0.1,0.5
170633.020824288,0.40203532471118725,0.1149969045863276,0.5073654918627256,50.94,0.0,1.0,0.31525620288703493,12.13,0.4,0.1,0.5
170633.020830176,0.40235580597449633,0.10369893295305886,0.5075496070432483,50.94,0.0,1.0,0.5441450239570074,12.135,0.4,0.1,0.5
170633.020836416,0.4023039911678324,0.10213178387468111,0.5079447238794843,50.94,0.0,1.0,0.3305154576250331,12.14,0.4,0.1,0.5
170633.06217408,0.40229150548913123,0.11026342185034568,0.5081574745743539,50.94,0.0,1.0,0.39155247657702574,12.145,0.4,0.1,0.5
170633.062184288,0.40200947386505836,0.11612462047428546,0.5085014319119215,50.94,0.0,1.0,-0.05096591082492097,12.15,0.4,0.1,0.5
170633.06219056,0.40236222470934857,0.10902567274156583,0.5081741357928927,50.94,0.0,1.0,0.4068117313150239,12.155000000000001,0.4,0.1,0.5
170633.06219664,0.40249239164520934,0.10472760686708207,0.5080392076013936,50.94,0.0,1.0,0.2847376934110386,12.16,0.4,0.1,0.5
170633.062214656,0.40237085080017404,0.10509120678543157,0.5077051941215477,50.94,0.0,1.0,0.42207098605302207,12.165000000000001,0.4,0.1,0.5
170633.0622264,0.40191451688275664,0.11459490545262616,0.5076798213842456,50.94,0.0,1.0,0.0863673818170625,12.17,0.4,0.1,0.5
170633.06223296,0.4015664505059663,0.11002568808041234,0.507481029868836,50.94,0.0,1.0,0.39155247657702574,12.175,0.4,0.1,0.5
170633.062239136,0.4010967624916267,0.11949300368751083,0.5071243795896473,50.94,0.0,1.0,0.19318216498304963,12.18,0.4,0.1,0.5
170633.105481152,0.4007463940154533,0.1268995428459215,0.5064547286134157,50.94,0.0,1.0,0.2542191839350423,12.185,0.4,0.1,0.5
170633.105490144,0.3995687462438123,0.12219009534110772,0.5069440647018656,50.94,0.0,1.0,0.4983672597430129,12.19,0.4,0.1,0.5
170633.105495968,0.3989673845388315,0.09694053254137722,0.5068310901026375,50.94,0.0,1.0,0.4068117313150239,12.195,0.4,0.1,0.5
170633.105501856,0.3983470188183293,0.09730285948615212,0.5068326633705663,50.94,0.0,1.0,0.22370067445904596,12.200000000000001,0.4,0.1,0.5
170633.105507936,0.39789986545094364,0.10709674705564269,0.5067818230589588,50.94,0.0,1.0,0.2847376934110386,12.205,0.4,0.1,0.5
170633.10551376,0.3977548266830358,0.11513246131839663,0.5066078015393579,50.94,0.0,1.0,0.22370067445904596,12.21,0.4,0.1,0.5
170633.105520352,0.39785113409446976,0.10528760161559347,0.5063874778811571,50.94,0.0,1.0,0.3762932218390276,12.215,0.4,0.1,0.5
170633.105526496,0.3984639751301519,0.11144848183215306,0.5057440202496658,50.94,0.0,1.0,0.05584887234106617,12.22,0.4,0.1,0.5
170633.105532672,0.39848695579298465,0.1083730483063024,0.5056571052067604,50.94,0.0,1.0,0.26947843867304044,12.225,0.4,0.1,0.5
170633.149770688,0.39853726992998983,0.10156337273211546,0.505486067022991,50.94,0.0,1.0,0.26947843867304044,12.23,0.4,0.1,0.5
170633.149779776,0.398788181133283,0.09153907336624102,0.5052788197321536,50.94,0.0,1.0,0.5288857692190092,12.235,0.4,0.1,0.5
170633.149794944,0.39885298877367203,0.09542733238701677,0.505238028173732,50.94,0.0,1.0,0.2542191839350423,12.24,0.4,0.1,0.5
170633.149801952,0.3988938610290664,0.09595836325321613,0.505155788146593,50.94,0.0,1.0,0.4068117313150239,12.245000000000001,0.4,0.1,0.5
170633.149807936,0.3992328475197907,0.08877161885467606,0.5049621198759623,50.94,0.0,1.0,0.42207098605302207,12.25,0.4,0.1,0.5
170633.149814048,0.3991663876428106,0.09213261495339047,0.5050134960423234,50.94,0.0,1.0,0.3762932218390276,12.255,0.4,0.1,0.5
170633.149819968,0.3993042434235044,0.10094609639783977,0.504899878871525,50.94,0.0,1.0,0.23895992919704412,12.26,0.4,0.1,0.5
170633.149825792,0.3995592282986811,0.1103383707039722,0.5047111071932832,50.94,0.0,1.0,0.2847376934110386,12.265,0.4,0.1,0.5
170633.149831456,0.39985140249048107,0.10576052944755891,0.5044606459054406,50.94,0.0,1.0,0.2084414197210478,12.27,0.4,0.1,0.5
170633.191113056,0.40027834216843006,0.11485710208265437,0.5041995334531283,50.94,0.0,1.0,0.4525894955290184,12.275,0.4,0.1,0.5
170633.191124032,0.40043339234095204,0.11935070742916072,0.5042005220485188,50.94,0.0,1.0,0.22370067445904596,12.280000000000001,0.4,0.1,0.5
170633.19113056,0.40072000162990123,0.10515012021437224,0.5041523418038446,50.94,0.0,1.0,0.4068117313150239,12.285,0.4,0.1,0.5
170633.19114752,0.40013162870674407,0.09280546078379465,0.5048085807149627,50.94,0.0,1.0,0.26947843867304044,12.290000000000001,0.4,0.1,0.5
170633.191154432,0.3999387400076335,0.1028446708874157,0.5048403755053542,50.94,0.0,1.0,0.26947843867304044,12.295,0.4,0.1,0.5
170633.191160544,0.4004032950920057,0.09876849038127583,0.5049226597923148,50.94,0.0,1.0,0.3305154576250331,12.3,0.4,0.1,0.5
170633.1911664,0.40073704120616743,0.10411515613091363,0.5049630452285377,50.94,0.0,1.0,0.4831080050050147,12.305,0.4,0.1,0.5
170633.191172448,0.400233313838245,0.10742534156629635,0.5055908865347006,50.94,0.0,1.0,0.1626636555070533,12.31,0.4,0.1,0.5
170633.235317312,0.40088108714025106,0.1033834604667059,0.5056104219331171,50.94,0.0,1.0,0.29999694814903677,12.315,0.4,0.1,0.5
170633.2353264,0.4013190101216728,0.10093261713743924,0.5057561533803959,50.94,0.0,1.0,0.1626636555070533,12.32,0.4,0.1,0.5
170633.23533248,0.4013711552796967,0.11303682708915287,0.5059609302112258,50.94,0.0,1.0,0.3762932218390276,12.325000000000001,0.4,0.1,0.5
170633.23533824,0.40145445662146256,0.10097155242730016,0.5062916804198904,50.94,0.0,1.0,0.14740440076905514,12.33,0.4,0.1,0.5
170633.23534416,0.40129955269864115,0.08937958711593869,0.5069022962468086,50.94,0.0,1.0,0.3610339671010294,12.335,0.4,0.1,0.5
170633.235350368,0.4013026557643441,0.10744006455466483,0.5071746389311034,50.94,0.0,1.0,0.0863673818170625,12.34,0.4,0.1,0.5
170633.235356192,0.4016702829481904,0.1002742841308839,0.5073843955704738,50.94,0.0,1.0,0.43733024079102023,12.345,0.4,0.1,0.5
170633.235362496,0.40179765167648673,0.11875292521586392,0.5074180649433268,50.94,0.0,1.0,0.3762932218390276,12.35,0.4,0.1,0.5
170633.235368224,0.40169295654942305,0.10683965341968184,0.5079945566804552,50.94,0.0,1.0,-0.09674367503891546,12.355,0.4,0.1,0.5
170633.276455072,0.40130008559230224,0.11316500173156425,0.5085530347179964,50.94,0.0,1.0,0.2847376934110386,12.36,0.4,0.1,0.5
170633.276465568,0.4016257563148596,0.10884987736000454,0.5084564828592218,50.94,0.0,1.0,0.14740440076905514,12.365,0.4,0.1,0.5
170633.276471968,0.4014995170475394,0.11234226515045692,0.5085522570550121,50.94,0.0,1.0,0.31525620288703493,12.370000000000001,0.4,0.1,0.5
170633.276477632,0.4019502380076864,0.11058536002991526,0.5081849460484367,50.94,0.0,1.0,0.22370067445904596,12.375,0.4,0.1,0.5
170633.276483456,0.40239941669913776,0.10508182661153805,0.5078020181472852,50.94,0.0,1.0,0.42207098605302207,12.38,0.4,0.1,0.5
170633.276500224,0.4016544979535875,0.10436254612465358,0.508237645810418,50.94,0.0,1.0,0.29999694814903677,12.385,0.4,0.1,0.5
170633.276507264,0.4014903518833139,0.11203645096072859,0.5082703221076087,50.94,0.0,1.0,0.6204412976469982,12.39,0.4,0.1,0.5
170633.27651312,0.40167823315626083,0.09303861644344133,0.5080496935832031,50.94,0.0,1.0,0.42207098605302207,12.395,0.4,0.1,0.5
170633.319838688,0.40156612759076693,0.11068371649099323,0.5079339765526232,50.94,0.0,1.0,0.43733024079102023,12.4,0.4,0.1,0.5
170633.319847584,0.402014721171016,0.10889059941433057,0.5073078683981335,50.94,0.0,1.0,0.2542191839350423,12.405000000000001,0.4,0.1,0.5
170633.31985328,0.4019646098208844,0.10195746837819519,0.50723176874403,50.94,0.0,1.0,0.3305154576250331,12.41,0.4,0.1,0.5
170633.319858976,0.40181261516897615,0.11573524156697348,0.5072458340936484,50.94,0.0,1.0,0.3305154576250331,12.415000000000001,0.4,0.1,0.5
170633.319865248,0.4023647070123506,0.11933783951885651,0.5065425226713125,50.94,0.0,1.0,0.26947843867304044,12.42,0.4,0.1,0.5
170633.3198712,0.40272148430101223,0.10133317936330342,0.5062016971022862,50.94,0.0,1.0,0.14740440076905514,12.425,0.4,0.1,0.5
170633.31988784,0.402308755366165,0.09621208154050293,0.5065894571115832,50.94,0.0,1.0,0.26947843867304044,12.43,0.4,0.1,0.5
170633.319893856,0.40291313183577115,0.10833127460766565,0.5059147777946279,50.94,0.0,1.0,0.1626636555070533,12.435,0.4,0.1,0.5
170633.319899616,0.4031896029803925,0.10788789093660449,0.5056610601618926,50.94,0.0,1.0,0.4831080050050147,12.44,0.4,0.1,0.5
170633.36119296,0.4033119700164723,0.11470025636477464,0.5054411803317721,50.94,0.0,1.0,0.29999694814903677,12.445,0.4,0.1,0.5
170633.36120416,0.4025598948829645,0.11235612163142328,0.5055886728161201,50.94,0.0,1.0,0.22370067445904596,12.450000000000001,0.4,0.1,0.5
170633.36121984,0.4023835386321242,0.10903058169534935,0.5055772305416574,50.94,0.0,1.0,0.14740440076905514,12.455,0.4,0.1,0.5
170633.361226976,0.40190100303057275,0.11480422377780376,0.5057162433646338,50.94,0.0,1.0,0.34577471236303126,12.46,0.4,0.1,0.5
170633.361232928,0.40171910564897995,0.12202702749447199,0.5052491950091796,50.94,0.0,1.0,0.26947843867304044,12.465,0.4,0.1,0.5
170633.361239424,0.40118915609302414,0.10954443640115233,0.5051116641033211,50.94,0.0,1.0,0.29999694814903677,12.47,0.4,0.1,0.5
170633.36124544,0.3998494484765509,0.11378729323425008,0.5053829460779822,50.94,0.0,1.0,0.10162663655506066,12.475,0.4,0.1,0.5
170633.361251328,0.39953457305907486,0.12042084542394076,0.5050293425308421,50.94,0.0,1.0,0.42207098605302207,12.48,0.4,0.1,0.5
170633.405860928,0.3989492007625328,0.1260751974824146,0.505009278027481,50.94,0.0,1.0,0.1626636555070533,12.485,0.4,0.1,0.5
170633.405878368,0.3986616736431094,0.12633595803774225,0.5047875993640264,50.94,0.0,1.0,0.23895992919704412,12.49,0.4,0.1,0.5
170633.405905184,0.39869848146351966,0.1172482554096663,0.5043610125954321,50.94,0.0,1.0,0.23895992919704412,12.495000000000001,0.4,0.1,0.5
170633.405911872,0.3986040519848498,0.11141586094887207,0.5044748595845951,50.94,0.0,1.0,0.5288857692190092,12.5,0.0,0.6,0.5
170633.405917952,0.39834189945721754,0.1158904127900814,0.504706701170377,50.94,0.0,1.0,0.05584887234106617,12.505,0.0,0.6,0.5
170633.40592512,0.39876621490625325,0.11685573232956999,0.504224457047371,50.94,0.0,1.0,0.4525894955290184,12.51,0.0,0.6,0.5
170633.405931296,0.398921088067808,0.12056392862349896,0.5042260915636527,50.94,0.0,1.0,0.31525620288703493,12.515,0.0,0.6,0.5
170633.405937792,0.3991538939902026,0.11015763507412223,0.504249635085445,50.94,0.0,1.0,0.6204412976469982,12.52,0.0,0.6,0.5
170633.405944128,0.39920716451759863,0.10372768607322838,0.5043773766807127,50.94,0.0,1.0,0.17792291024505147,12.525,0.0,0.6,0.5
170633.446904768,0.39888332755881484,0.11330596696173456,0.5049375933383284,50.94,0.0,1.0,0.513626514481011,12.530000000000001,0.0,0.6,0.5
170633.44691856,0.39922917438055766,0.09868489667379578,0.5052037826471842,50.94,0.0,1.0,0.34577471236303126,12.535,0.0,0.6,0.5
170633.446925664,0.3995811289969254,0.11044954072443669,0.5052970185763027,50.94,0.0,1.0,0.14740440076905514,12.540000000000001,0.0,0.6,0.5
170633.446931936,0.39933603710883847,0.11966544468797397,0.5058121880570909,50.94,0.0,1.0,0.1626636555070533,12.545,0.0,0.6,0.5
170633.446938016,0.39940362778137833,0.10612673222847321,0.5063323585309221,50.94,0.0,1.0,0.42207098605302207,12.55,0.0,0.6,0.5
170633.446944896,0.3998151693911975,0.10788100359752312,0.5065180022596478,50.94,0.0,1.0,0.10162663655506066,12.555,0.0,0.6,0.5
170633.44696768,0.4003589504257812,0.11431073229264858,0.5065102862227525,50.94,0.0,1.0,0.29999694814903677,12.56,0.0,0.6,0.5
170633.446974016,0.39980818193981577,0.11417612758429102,0.5073729439453961,50.94,0.0,1.0,0.07110812707906433,12.565,0.0,0.6,0.5
170633.49110736,0.4000986215185638,0.11599279036230611,0.5075697473448066,50.94,0.0,1.0,0.43733024079102023,12.57,0.0,0.6,0.5
170633.491117024,0.4002351962772489,0.10891862369110009,0.5077784509937561,50.94,0.0,1.0,0.10162663655506066,12.575000000000001,0.0,0.6,0.5
170633.491123328,0.4003583309383601,0.11321493565089023,0.5078806993065321,50.94,0.0,1.0,0.6357005523849963,12.58,0.0,0.6,0.5
170633.491128992,0.4001567594352978,0.10704023505902813,0.5083939812748455,50.94,0.0,1.0,0.29999694814903677,12.585,0.0,0.6,0.5
170633.49113488,0.400283768361111,0.10351115093853512,0.5086848411405305,50.94,0.0,1.0,0.4525894955290184,12.59,0.0,0.6,0.5
170633.491141472,0.40071997607320764,0.09834805660561945,0.5084198009194455,50.94,0.0,1.0,0.1626636555070533,12.595,0.0,0.6,0.5
170633.491159136,0.4009450043747673,0.09701605416875285,0.5082025929520984,50.94,0.0,1.0,0.6509598071229945,12.6,0.0,0.6,0.5
170633.491166272,0.4009621520967714,0.09980422707211657,0.508122409627437,50.94,0.0,1.0,0.04058961760306801,12.605,0.0,0.6,0.5
170633.491172576,0.4010981771882043,0.10131782772916827,0.5078614570245333,50.94,0.0,1.0,0.2084414197210478,12.61,0.0,0.6,0.5
170633.532506144,0.40120441114787786,0.10447319997030446,0.5075203207033918,50.94,0.0,1.0,0.2542191839350423,12.615,0.0,0.6,0.5
170633.532523008,0.4012462383486228,0.10690280492752433,0.5075344887569415,50.94,0.0,1.0,0.6204412976469982,12.620000000000001,0.0,0.6,0.5
170633.532551008,0.4012954432554998,0.10131329246217086,0.5074744674489228,50.94,0.0,1.0,0.3305154576250331,12.625,0.0,0.6,0.5
170633.532557568,0.4015834295027597,0.09557486319846818,0.5072121813858157,50.94,0.0,1.0,0.3610339671010294,12.63,0.0,0.6,0.5
170633.532563712,0.40199309094942776,0.0876944868705121,0.5068859129021572,50.94,0.0,1.0,0.07110812707906433,12.635,0.0,0.6,0.5
170633.532570528,0.4018033427168186,0.10101026149882235,0.5067560746881098,50.94,0.0,1.0,0.4983672597430129,12.64,0.0,0.6,0.5
170633.532577024,0.4017486982585304,0.11175034399916711,0.5065423333987484,50.94,0.0,1.0,0.22370067445904596,12.645,0.0,0.6,0.5
170633.532583072,0.401729486307747,0.10595846522110382,0.5066030013975695,50.94,0.0,1.0,0.6509598071229945,12.65,0.0,0.6,0.5
170633.57565008,0.4019660894731666,0.111087181195886,0.5064048970542463,50.94,0.0,1.0,0.4068117313150239,12.655000000000001,0.0,0.6,0.5
170633.575662784,0.40204008042912137,0.10401864810575766,0.5062396793385541,50.94,0.0,1.0,0.4983672597430129,12.66,0.0,0.6,0.5
170633.575682496,0.40210009417349635,0.11575471429471171,0.5060344910652088,50.94,0.0,1.0,0.025330362865069844,12.665000000000001,0.0,0.6,0.5
170633.575690496,0.4019672701763046,0.11578061944207152,0.5059085899171595,50.94,0.0,1.0,0.513626514481011,12.67,0.0,0.6,0.5
170633.575696896,0.4020544987443777,0.12212940489594673,0.5055774668613677,50.94,0.0,1.0,0.26947843867304044,12.675,0.0,0.6,0.5
170633.575703296,0.40242174855168966,0.11187248162773662,0.5054677226716257,50.94,0.0,1.0,0.4983672597430129,12.68,0.0,0.6,0.5
170633.575710592,0.4020743453538939,0.10974648641283488,0.5056860964966761,50.94,0.0,1.0,0.34577471236303126,12.685,0.0,0.6,0.5
170633.57571744,0.402270136528241,0.11417533782157858,0.5055995490464065,50.94,0.0,1.0,0.39155247657702574,12.69,0.0,0.6,0.5
170633.57574192,0.4027506926469463,0.11400983782494764,0.5051937109846398,50.94,0.0,1.0,0.22370067445904596,12.695,0.0,0.6,0.5
170633.619253248,0.40291490836119837,0.1111336524588879,0.5048887534794921,50.94,0.0,1.0,0.39155247657702574,12.700000000000001,0.0,0.6,0.5
170633.619263168,0.4028182384445701,0.11976525836061229,0.5048470599627572,50.94,0.0,1.0,0.43733024079102023,12.705,0.0,0.6,0.5
170633.619269504,0.40295405950908436,0.11707873358386273,0.5047464370620615,50.94,0.0,1.0,0.4831080050050147,12.71,0.0,0.6,0.5
170633.619275296,0.4032455767527832,0.11817313175191721,0.5044281263888056,50.94,0.0,1.0,0.26947843867304044,12.715,0.0,0.6,0.5
170633.619281504,0.40289744361305807,0.11312008468892078,0.5044515276345072,50.94,0.0,1.0,0.5746635334330037,12.72,0.0,0.6,0.5
170633.619287488,0.4025713667999767,0.11270756249276564,0.5047718256786059,50.94,0.0,1.0,0.34577471236303126,12.725,0.0,0.6,0.5
170633.619293824,0.402088606699721,0.10729841926576629,0.5049966918304485,50.94,0.0,1.0,0.4068117313150239,12.73,0.0,0.6,0.5
170633.619299616,0.40132728661441897,0.11283781036063735,0.5051252386012601,50.94,0.0,1.0,0.14740440076905514,12.735,0.0,0.6,0.5
170633.619316704,0.40084332814966556,0.10518672494070419,0.5050820991081183,50.94,0.0,1.0,0.46784875026701656,12.74,0.0,0.6,0.5
170633.660828576,0.4000269691026539,0.10173196152201355,0.5055322619797356,50.94,0.0,1.0,0.42207098605302207,12.745000000000001,0.0,0.6,0.5
170633.660840864,0.39961458261352745,0.0959834130882576,0.5055115579164696,50.94,0.0,1.0,0.5441450239570074,12.75,0.0,0.6,0.5
170633.660848,0.39863677810350223,0.10518979961224696,0.5062615138372091,50.94,0.0,1.0,0.46784875026701656,12.755,0.0,0.6,0.5
170633.660873792,0.39852826543871206,0.10770142441291725,0.5063014484208189,50.94,0.0,1.0,0.46784875026701656,12.76,0.0,0.6,0.5
170633.660880704,0.39815462834626125,0.09794764356720444,0.5066672548028056,50.94,0.0,1.0,0.2847376934110386,12.765,0.0,0.6,0.5
170633.66088768,0.3980786586403816,0.09413278133202004,0.5070542908811477,50.94,0.0,1.0,0.42207098605302207,12.77,0.0,0.6,0.5
170633.66089424,0.3979518914241369,0.09627739819083873,0.5074245780841601,50.94,0.0,1.0,0.07110812707906433,12.775,0.0,0.6,0.5
170633.660900288,0.39808889080265975,0.10239216543731586,0.5076101072363327,50.94,0.0,1.0,0.4983672597430129,12.780000000000001,0.0,0.6,0.5
170633.705433344,0.3980330310728708,0.0971330006953174,0.5080927643829978,50.94,0.0,1.0,0.1626636555070533,12.785,0.0,0.6,0.5
170633.705450304,0.39832746734179186,0.09921253802236392,0.5081660945086947,50.94,0.0,1.0,0.46784875026701656,12.790000000000001,0.0,0.6,0.5
170633.705457952,0.39834957191104403,0.09301206289369936,0.5084098232367129,50.94,0.0,1.0,0.31525620288703493,12.795,0.0,0.6,0.5
170633.705464448,0.3986170625923823,0.10494389445552238,0.508346116800765,50.94,0.0,1.0,0.5746635334330037,12.8,0.4,0.1,0.5
170633.70547296,0.398631569303604,0.10350050986379998,0.5083425742291577,50.94,0.0,1.0,0.5441450239570074,12.805,0.4,0.1,0.5
170633.705499328,0.3985421701931325,0.11030155357672339,0.508384306192694,50.94,0.0,1.0,0.3762932218390276,12.81,0.4,0.1,0.5
170633.705507168,0.39898800452761285,0.12141155305830795,0.5079682993711461,50.94,0.0,1.0,0.3610339671010294,12.815,0.4,0.1,0.5
170633.705513728,0.399419596186497,0.12534321077920682,0.5074617609729837,50.94,0.0,1.0,0.2542191839350423,12.82,0.4,0.1,0.5
170633.70552592,0.39959998768573185,0.11385434597214465,0.5073441876012061,50.94,0.0,1.0,0.4525894955290184,12.825000000000001,0.4,0.1,0.5
170633.74659232,0.39984349244374895,0.12062220428054314,0.5071358818827956,50.94,0.0,1.0,0.17792291024505147,12.83,0.4,0.1,0.5
170633.746602464,0.39986082307244575,0.11136339014941506,0.506881532352123,50.94,0.0,1.0,0.513626514481011,12.835,0.4,0.1,0.5
170633.7466088,0.39981607143686204,0.11757295434814702,0.5068316352384098,50.94,0.0,1.0,0.43733024079102023,12.84,0.4,0.1,0.5
170633.746615264,0.399759406778452,0.10076405090462331,0.5070188796127088,50.94,0.0,1.0,0.2542191839350423,12.845,0.4,0.1,0.5
170633.746621088,0.3996842982544256,0.11089925138116379,0.5068089813567594,50.94,0.0,1.0,0.26947843867304044,12.85,0.4,0.1,0.5
170633.746627424,0.39960773666124666,0.11029755367690645,0.5068962868952339,50.94,0.0,1.0,0.26947843867304044,12.855,0.4,0.1,0.5
170633.74663344,0.4002689557671488,0.11683528066825334,0.5064981443647798,50.94,0.0,1.0,0.43733024079102023,12.86,0.4,0.1,0.5
170633.74663952,0.4004457519225181,0.10182227510854946,0.5062844653608105,50.94,0.0,1.0,0.4068117313150239,12.865,0.4,0.1,0.5
170633.790792288,0.40096299505086597,0.10738771589842348,0.5057371803927521,50.94,0.0,1.0,0.31525620288703493,12.870000000000001,0.4,0.1,0.5
170633.790803936,0.4008143034728704,0.10669260981012305,0.5057402584841871,50.94,0.0,1.0,0.3305154576250331,12.875,0.4,0.1,0.5
170633.790823328,0.4007224298878902,0.10436528522104146,0.5056567310546489,50.94,0.0,1.0,0.2084414197210478,12.88,0.4,0.1,0.5
170633.790830784,0.401027917911069,0.10301320112527082,0.50539802526408,50.94,0.0,1.0,0.513626514481011,12.885,0.4,0.1,0.5
170633.79084224,0.40120131679520593,0.10011719553500034,0.5052964828221856,50.94,0.0,1.0,0.42207098605302207,12.89,0.4,0.1,0.5
170633.790849184,0.4013862497519169,0.10849468927176265,0.5049304849385718,50.94,0.0,1.0,0.43733024079102023,12.895,0.4,0.1,0.5
170633.790855744,0.4014429162513131,0.1031984226500406,0.5047824910280918,50.94,0.0,1.0,0.17792291024505147,12.9,0.4,0.1,0.5
170633.790862208,0.40147333379418404,0.10149795970534155,0.5046300969157458,50.94,0.0,1.0,0.513626514481011,12.905000000000001,0.4,0.1,0.5
170633.790868576,0.40006996566280123,0.10758287964808139,0.5046597399846043,50.94,0.0,1.0,0.42207098605302207,12.91,0.4,0.1,0.5
170633.83197632,0.3925546701294554,0.11319772295936346,0.5047937857154333,50.94,0.0,1.0,0.26947843867304044,12.915000000000001,0.4,0.1,0.5
170633.8319912,0.38349138723310366,0.09854417068818644,0.5046007834670765,50.94,0.0,1.0,0.5441450239570074,12.92,0.4,0.1,0.5
170633.831998112,0.37386946633641993,0.10097416233120352,0.5043566103487648,50.76,0.0,1.0,0.513626514481011,12.925,0.4,0.1,0.5
170633.832028352,0.3591850571039923,0.1086767968986372,0.5042486517459926,50.58,0.0,1.0,0.5746635334330037,12.93,0.4,0.1,0.5
170633.832035168,0.3382473987160877,0.11376984664518451,0.5041983703259107,50.4,0.0,1.0,0.4831080050050147,12.935,0.4,0.1,0.5
170633.832042336,0.31450964257736297,0.15210725120335367,0.5040673849024023,50.22,0.0,1.0,0.14740440076905514,12.94,0.4,0.1,0.5
170633.832048416,0.28887982486253644,0.17529648999827446,0.5039107087431801,49.86,0.0,1.0,0.4525894955290184,12.945,0.4,0.1,0.5
170633.832054528,0.2637715519702186,0.1948580710754525,0.5034702583780496,49.5,0.0,1.0,0.3305154576250331,12.950000000000001,0.4,0.1,0.5
170633.875181056,0.23867127125791437,0.20336896787535125,0.5035204470833453,48.96,0.0,1.0,0.4525894955290184,12.955,0.4,0.1,0.5
170633.875213408,0.21515530440958794,0.22240237625033563,0.5035100755349003,48.42,0.0,1.0,0.46784875026701656,12.96,0.4,0.1,0.5
170633.875221152,0.19279023656876398,0.24167064495301901,0.50349314082024,47.699999999999996,0.0,1.0,0.4525894955290184,12.965,0.4,0.1,0.5
170633.875227776,0.17233408526678473,0.2690712477176716,0.503315405971761,46.8,0.0,1.0,0.4068117313150239,12.97,0.4,0.1,0.5
170633.87523424,0.1531196485097483,0.2868059713538182,0.5032882897276503,45.9,0.0,1.0,0.46784875026701656,12.975,0.4,0.1,0.5
170633.875242048,0.13574111282541268,0.28234526538272875,0.5035804064616642,45.0,0.0,1.0,0.26947843867304044,12.98,0.4,0.1,0.5
170633.875248896,0.11831528838960573,0.29972535427264796,0.503375605005945,43.739999999999995,0.0,1.0,0.3305154576250331,12.985,0.4,0.1,0.5
170633.87525536,0.09138247535348029,0.30951425748684613,0.5033445747454972,42.48,0.0,1.0,0.4983672597430129,12.99,0.4,0.1,0.5
170633.875261568,0.09044398709783236,0.32905521589077313,0.5032424944007113,41.04,0.0,1.0,0.4831080050050147,12.995000000000001,0.4,0.1,0.5
170633.917380064,0.07747031478834875,0.34077905804534453,0.5032024576163658,39.42,0.0,1.0,0.3610339671010294,13.0,0.4,0.1,0.5
170633.917393408,0.06808288041198408,0.3616327528048616,0.502818598698605,37.8,0.0,1.0,0.26947843867304044,13.005,0.4,0.1,0.5
170633.917400512,0.06593766785805533,0.36821838096511855,0.5027271819617385,35.82,0.0,1.0,0.31525620288703493,13.01,0.4,0.1,0.5
170633.917407072,0.06679262088325492,0.3776395491130477,0.5032544354613094,33.839999999999996,0.0,1.0,0.43733024079102023,13.015,0.4,0.1,0.5
170633.917413216,0.05404508699210511,0.38410145836714693,0.5034171726539306,31.68,0.0,1.0,0.2542191839350423,13.02,0.4,0.1,0.5
170633.917444256,0.04086832748974769,0.3820214626650262,0.503940875908399,29.52,0.0,1.0,0.4983672597430129,13.025,0.4,0.1,0.5
170633.917451232,0.03443063752140671,0.3774374032342418,0.5043322320706516,27.18,0.0,1.0,0.29999694814903677,13.030000000000001,0.4,0.1,0.5
170633.91745744,0.027635311525759352,0.3882628337788033,0.5043866843639785,24.66,0.0,1.0,0.42207098605302207,13.035,0.4,0.1,0.5
170633.960610976,0.028930189809715363,0.3900706082787011,0.5047680566248225,22.14,0.0,1.0,0.3762932218390276,13.040000000000001,0.4,0.1,0.5
170633.960622624,0.020805882995436502,0.3949149747166587,0.5047943441678421,19.439999999999998,0.0,1.0,0.4831080050050147,13.045,0.4,0.1,0.5
170633.960629664,0.010484273671869285,0.4051619919845439,0.5048886975350217,16.74,0.0,1.0,0.34577471236303126,13.05,0.4,0.1,0.5
170633.960636032,0.0031209235360384548,0.4063598501378436,0.5048996576236239,14.04,0.0,1.0,0.23895992919704412,13.055,0.4,0.1,0.5
170633.960641792,-0.0038766323006100864,0.4218183025836361,0.5050629755109807,11.16,0.0,1.0,0.2542191839350423,13.06,0.4,0.1,0.5
170633.960648128,-0.0015044471663474073,0.4339684954284614,0.5051444613095308,8.28,0.0,1.0,0.5441450239570074,13.065,0.4,0.1,0.5
170633.960654816,0.0009538333498711432,0.43149661439294257,0.5050533630999656,5.22,0.0,1.0,12.003845332193961,13.07,0.4,0.1,0.5
170633.960661216,0.00042191866626471714,0.44279740169793574,0.505489845795155,2.52,4.68,1.0,3.61125522629475,13.075000000000001,0.4,0.1,0.5
170633.960667392,-0.0005615966665394249,0.44371603181717884,0.5083486816022529,1.08,6.4799999999999995,1.0,0.7119968260749872,13.08,0.4,0.1,0.5
170634.005078016,-0.000629911002056329,0.45452113355698404,0.5094297061082348,0.8999999999999999,6.3,1.0,10.508438367870141,13.085,0.4,0.1,0.5
170634.005117856,0.004174260549072279,0.4588254233428815,0.5107995979334957,1.6199999999999999,5.58,1.0,0.6509598071229945,13.09,0.4,0.1,0.5
170634.005132128,0.0034514945222482046,0.46768467030963556,0.5109640292076093,3.06,3.2399999999999998,1.0,8.005920590838333,13.095,0.4,0.1,0.5
170634.005139488,0.0049907764063080425,0.46361168988193113,0.5091680473545352,5.04,0.72,1.0,1.0477004303110036,13.1,0.4,0.1,0.5
170634.005145888,-0.005647470071847016,0.4599245576638657,0.5074537369497584,6.12,0.0,1.0,0.0863673818170625,13.105,0.4,0.1,0.5
170634.005152832,-0.01582300033288026,0.4651665757250921,0.5058636323626406,7.38,0.54,1.0,-0.26459547715689524,13.11,0.4,0.1,0.5
170634.005158944,-0.02733491233646205,0.4678587434969372,0.5042167757665981,8.459999999999999,0.0,1.0,0.46784875026701656,13.115,0.4,0.1,0.5
170634.00516544,-0.02158018097468683,0.4691452631417721,0.5041434482969418,9.18,0.0,1.0,0.513626514481011,13.120000000000001,0.4,0.1,0.5
170634.005171712,-0.0211397244580115,0.4755107569547567,0.5037701059756936,9.9,0.0,1.0,0.46784875026701656,13.125,0.4,0.1,0.5
170634.046089792,-0.014091074574980468,0.48239669336611163,0.5033063208886657,10.44,0.0,1.0,-0.17303994872890627,13.13,0.4,0.1,0.5
170634.04610304,-0.008318729464123674,0.48674509058511317,0.5033802844629008,10.98,0.0,1.0,0.3762932218390276,13.135,0.4,0.1,0.5
170634.046110208,-0.002879241875458445,0.4932924541464641,0.5033768867018725,11.16,0.0,1.0,0.2542191839350423,13.14,0.4,0.1,0.5
170634.04611664,-0.002659524858932396,0.49903488024061404,0.5031377317023032,11.16,0.0,1.0,0.42207098605302207,13.145,0.4,0.1,0.5
170634.04613936,-0.005813513977479542,0.4939706707968166,0.5033885355282305,10.98,0.0,1.0,0.0863673818170625,13.15,0.4,0.1,0.5
170634.046146048,-0.003694495732510429,0.49585497997726,0.5035127801753586,10.62,0.0,1.0,0.46784875026701656,13.155000000000001,0.4,0.1,0.5
170634.046152672,-0.006736753754663136,0.49819722500756697,0.5034001251632695,10.08,0.0,1.0,0.3305154576250331,13.16,0.4,0.1,0.5
170634.046158976,-0.009469252624215694,0.49317514804000157,0.5036705148794295,9.36,0.0,1.0,0.5441450239570074,13.165000000000001,0.4,0.1,0.5
170634.089479104,-0.008531126274776151,0.4916935205717621,0.503844334076508,8.459999999999999,0.0,1.0,0.2084414197210478,13.17,0.4,0.1,0.5
170634.08948976,-0.0037766662024010613,0.49923450323000607,0.5037626712954653,7.56,0.0,1.0,0.43733024079102023,13.175,0.4,0.1,0.5
170634.089496032,-0.004961348846962429,0.5022578254812214,0.5039349182412302,6.3,0.0,1.0,0.07110812707906433,13.18,0.4,0.1,0.5
170634.08950176,-0.007880227103427997,0.5048728675988824,0.503990853627872,5.04,0.0,1.0,10.538956877346138,13.185,0.4,0.1,0.5
170634.089507744,-0.011431657398314444,0.5039688221221107,0.5044307999345027,4.32,1.6199999999999999,1.0,1.4749595629749521,13.19,0.4,0.1,0.5
170634.089513952,-0.0014493315485226736,0.5159842568124535,0.5049743205154054,4.14,1.6199999999999999,1.0,3.8706625568407187,13.195,0.4,0.1,0.5
170634.089519872,-0.008255004527809022,0.512960273670599,0.5052283605437865,4.68,0.8999999999999999,1.0,3.0771813104648142,13.200000000000001,0.4,0.1,0.5
170634.089526368,-0.015835072058270522,0.5075436457410161,0.5054650221329887,5.58,0.0,1.0,2.1921445356608658,13.205,0.4,0.1,0.5
170634.08953264,-0.008583664764662107,0.5144579653184962,0.5052474142369758,5.9399999999999995,0.0,1.0,-0.1577806939909081,13.21,0.4,0.1,0.5
170634.131503424,-0.012205321418958462,0.5134477906244723,0.5050789213919399,6.3,0.0,1.0,0.4525894955290184,13.215,0.4,0.1,0.5
170634.131511936,-0.013839026354486398,0.5128001366808519,0.5050813049402073,6.4799999999999995,0.0,1.0,0.26947843867304044,13.22,0.4,0.1,0.5
170634.131530688,0.0076188838855124705,0.5201948085178745,0.5052613624153571,6.4799999999999995,0.0,1.0,0.39155247657702574,13.225,0.4,0.1,0.5
170634.131537056,0.004196392293699207,0.517562668490509,0.5052854150449012,6.3,0.0,1.0,-0.005188146610926481,13.23,0.4,0.1,0.5
170634.131549056,-0.0011739810183724702,0.5157867327247674,0.5052662832771827,6.12,0.0,1.0,0.31525620288703493,13.235,0.4,0.1,0.5
170634.131555616,-0.0008641000090569623,0.5179235976928137,0.5055041263006582,5.76,0.0,1.0,0.17792291024505147,13.24,0.4,0.1,0.5
170634.131562144,0.000276899603535814,0.5192563727482467,0.5058916129840221,5.22,0.18,1.0,3.5502182073427573,13.245000000000001,0.4,0.1,0.5
170634.131568576,0.015586613765230394,0.5077326945827793,0.5061058931851709,5.3999999999999995,0.18,1.0,3.6570329905087444,13.25,0.4,0.1,0.5
170634.17582448,0.04866724346860005,0.48864164257735154,0.5059065682199193,5.76,0.0,1.0,1.0477004303110036,13.255,0.4,0.1,0.5
170634.175838912,0.0665480657326492,0.47563721485091925,0.5061365814589026,6.12,0.0,1.0,0.04058961760306801,13.26,0.4,0.1,0.5
170634.17584784,0.0958760984877665,0.45620846836711204,0.506182310573454,6.4799999999999995,0.0,1.0,0.0863673818170625,13.265,0.4,0.1,0.5
170634.175856032,0.12025916327817873,0.436118953186862,0.5062975391173495,6.84,0.0,1.0,0.5594042786950055,13.27,0.4,0.1,0.5
170634.17586288,0.13203690298262963,0.411119194779069,0.5063394985390735,7.38,0.0,1.0,0.42207098605302207,13.275,0.4,0.1,0.5
170634.1758696,0.1562799800893213,0.40444773656554767,0.5062560900937658,7.92,0.0,1.0,0.29999694814903677,13.280000000000001,0.4,0.1,0.5
170634.175875872,0.17576172950739838,0.3846650037289872,0.5061304305746465,8.459999999999999,0.0,1.0,0.5441450239570074,13.285,0.4,0.1,0.5
170634.175897024,0.1899897790918651,0.36081814166532117,0.5064108557282755,9.18,0.0,1.0,0.3305154576250331,13.290000000000001,0.4,0.1,0.5
170634.175903648,0.20482564714748652,0.34046621038033903,0.5063269444807974,9.9,0.0,1.0,0.4068117313150239,13.295,0.4,0.1,0.5
170634.217007808,0.22188952746722126,0.32922494663102586,0.5064750435141562,10.799999999999999,0.0,1.0,0.4068117313150239,13.3,0.4,0.1,0.5
170634.217040192,0.23511458325381251,0.32729203832415454,0.5064323574842566,11.879999999999999,0.0,1.0,0.3305154576250331,13.305,0.4,0.1,0.5
170634.217048864,0.24636675699548546,0.30706214567981666,0.5066229626872581,12.959999999999999,0.0,1.0,0.2847376934110386,13.31,0.4,0.1,0.5
170634.217054944,0.26017182381316273,0.2999759731842982,0.5069149070559802,14.219999999999999,0.0,1.0,0.2084414197210478,13.315,0.4,0.1,0.5
170634.217060672,0.270444975771252,0.2911705937862536,0.5065917346775447,15.66,0.0,1.0,0.31525620288703493,13.32,0.4,0.1,0.5
170634.217068224,0.27801968240920255,0.27547306001603417,0.5068160440893906,17.099999999999998,0.0,1.0,0.29999694814903677,13.325000000000001,0.4,0.1,0.5
170634.217074368,0.28841163579283413,0.2704387341860097,0.5068710726213764,18.72,0.0,1.0,0.2847376934110386,13.33,0.4,0.1,0.5
170634.217080672,0.2964491202126638,0.2517576049883897,0.5068095427063468,20.52,0.0,1.0,0.3305154576250331,13.335,0.4,0.1,0.5
170634.260057952,0.3022003060750974,0.24775192834171866,0.5067900774870084,22.14,0.0,1.0,0.3305154576250331,13.34,0.4,0.1,0.5
170634.260070176,0.3099167094163729,0.23613569849445332,0.5067243101153519,24.119999999999997,0.0,1.0,0.2542191839350423,13.345,0.4,0.1,0.5
170634.260076576,0.3162530353646614,0.22731307984700863,0.5066709170480796,25.919999999999998,0.0,1.0,0.19318216498304963,13.35,0.4,0.1,0.5
170634.2600952,0.32102720744197444,0.22021111844848446,0.5063049053489664,27.9,0.0,1.0,0.3610339671010294,13.355,0.4,0.1,0.5
170634.26010096,0.3272807644720681,0.20489100569233681,0.5061866527236092,29.88,0.0,1.0,0.5441450239570074,13.36,0.4,0.1,0.5
170634.26010816,0.3327121706105479,0.20602683925697185,0.506451178128091,31.86,0.0,1.0,0.3762932218390276,13.365,0.4,0.1,0.5
170634.260114496,0.33713774902321814,0.19567958052757753,0.506077910587359,33.839999999999996,0.0,1.0,0.3305154576250331,13.370000000000001,0.4,0.1,0.5
170634.260120768,0.3420255418869208,0.18943048468020357,0.505881784178185,35.82,0.0,1.0,0.2542191839350423,13.375,0.4,0.1,0.5
170634.260132512,0.3467705064775948,0.19341653413963497,0.505912170888551,37.62,0.0,1.0,0.39155247657702574,13.38,0.4,0.1,0.5
170634.301983488,0.35002133290793525,0.1836754980389371,0.5060321899587621,39.6,0.0,1.0,0.2084414197210478,13.385,0.4,0.1,0.5
170634.30199664,0.3540760608111877,0.17931860091477309,0.506070900377208,41.4,0.0,1.0,0.4525894955290184,13.39,0.4,0.1,0.5
170634.30200352,0.3583994631932603,0.17678236329889838,0.5060935608848474,43.199999999999996,0.0,1.0,0.39155247657702574,13.395,0.4,0.1,0.5
170634.302009344,0.36170262176948537,0.1809035984990685,0.5059118788198737,44.82,0.0,1.0,0.23895992919704412,13.4,0.4,0.1,0.5
170634.302014912,0.36506690053233176,0.18773299386624,0.505811892064055,46.44,0.0,1.0,0.19318216498304963,13.405000000000001,0.4,0.1,0.5
170634.3020216,0.3689160814582322,0.18133581430841422,0.5058434687318359,48.059999999999995,0.0,1.0,0.3762932218390276,13.41,0.4,0.1,0.5
170634.302027488,0.3712341578008935,0.17554416103699746,0.5064256219306877,49.5,0.0,1.0,0.07110812707906433,13.415000000000001,0.4,0.1,0.5
170634.302048192,0.3740165958964309,0.16180575729482974,0.5064652957224356,50.76,0.0,1.0,0.3610339671010294,13.42,0.4,0.1,0.5
170634.346140864,0.37726739524663583,0.16421026460485122,0.5062188810907888,52.019999999999996,0.0,1.0,0.26947843867304044,13.425,0.4,0.1,0.5
170634.346155168,0.37934512803399956,0.15128608146531497,0.5064286660985654,53.1,0.0,1.0,0.17792291024505147,13.43,0.4,0.1,0.5
170634.346161632,0.3812837916641188,0.1489522786527915,0.50644949858945,54.18,0.0,1.0,0.3610339671010294,13.435,0.4,0.1,0.5
170634.346167744,0.3836778214698033,0.1605144064329238,0.5063960234235187,55.08,0.0,1.0,0.46784875026701656,13.44,0.4,0.1,0.5
170634.346173632,0.3857115983237986,0.1741193556724427,0.5063302661421748,55.8,0.0,1.0,0.29999694814903677,13.445,0.4,0.1,0.5
170634.346197472,0.38727863470242935,0.17436596592280512,0.5065511404852021,56.339999999999996,0.0,1.0,0.2542191839350423,13.450000000000001,0.4,0.1,0.5
170634.346205248,0.38911428300317913,0.16192402920585494,0.5066438368316392,56.699999999999996,0.0,1.0,0.22370067445904596,13.455,0.4,0.1,0.5
170634.34621216,0.39066068025348444,0.16442803688250107,0.5067056449988552,57.059999999999995,0.0,1.0,0.4068117313150239,13.46,0.4,0.1,0.5
170634.346218368,0.3916998133729279,0.16412546592545785,0.5069609071720287,57.239999999999995,0.0,1.0,0.23895992919704412,13.465,0.4,0.1,0.5
170634.389219136,0.3928254872628278,0.15838125925008276,0.5072655173611458,57.239999999999995,0.0,1.0,0.2542191839350423,13.47,0.4,0.1,0.5
170634.389229568,0.39472402688730707,0.15760020587675733,0.5070161926255528,57.239999999999995,0.0,1.0,0.3762932218390276,13.475,0.4,0.1,0.5
170634.389235744,0.3961707280462748,0.15901394749998812,0.5068894872193158,57.059999999999995,0.0,1.0,0.4068117313150239,13.48,0.4,0.1,0.5
170634.389241632,0.39777519279875884,0.15279854942077808,0.5068537471324083,56.879999999999995,0.0,1.0,0.17792291024505147,13.485,0.4,0.1,0.5
170634.389258848,0.39914586982059946,0.15524115438298963,0.5072090697088082,56.519999999999996,0.0,1.0,0.4525894955290184,13.49,0.4,0.1,0.5
170634.389265024,0.4002657217143429,0.15260485114375916,0.5074418226116315,56.16,0.0,1.0,0.26947843867304044,13.495000000000001,0.4,0.1,0.5
170634.3892712,0.4015169584916793,0.14795517801231112,0.5074806509913263,55.98,0.0,1.0,0.29999694814903677,13.5,0.4,0.1,0.5
170634.389277408,0.40279414627755994,0.1377036314970589,0.5073138886767161,55.62,0.0,1.0,0.29999694814903677,13.505,0.4,0.1,0.5
170634.389283328,0.4033481580118089,0.1333894509910439,0.5076323786221658,55.26,0.0,1.0,0.5441450239570074,13.51,0.4,0.1,0.5
170634.431256384,0.4036862586493694,0.13175911202785706,0.5076834301387992,54.72,0.0,1.0,0.2084414197210478,13.515,0.4,0.1,0.5
170634.431274272,0.40405403703021037,0.12521958969254365,0.5076412642295408,54.36,0.0,1.0,0.3762932218390276,13.52,0.4,0.1,0.5
170634.431281632,0.4041399494289078,0.10843339980051772,0.5078469208134704,54.0,0.0,1.0,0.3305154576250331,13.525,0.4,0.1,0.5
170634.431287488,0.40437495441624444,0.10897279428629478,0.5077448131766914,53.64,0.0,1.0,0.23895992919704412,13.530000000000001,0.4,0.1,0.5
170634.431293344,0.40433458572725733,0.11526883132063692,0.5078028635513331,53.28,0.0,1.0,0.2847376934110386,13.535,0.4,0.1,0.5
170634.431299584,0.40398797932314,0.1219957749818762,0.5081323655703222,52.919999999999995,0.0,1.0,0.4068117313150239,13.540000000000001,0.4,0.1,0.5
170634.431305408,0.4038072565301077,0.12596616658937954,0.5080690144272687,52.559999999999995,0.0,1.0,0.3610339671010294,13.545,0.4,0.1,0.5
170634.431311712,0.4038301338007635,0.12800114882139615,0.5078131524310898,52.379999999999995,0.0,1.0,0.2542191839350423,13.55,0.4,0.1,0.5
170634.475423072,0.4038764553387389,0.1299290710717914,0.5077382327621026,52.019999999999996,0.0,1.0,0.1626636555070533,13.555,0.4,0.1,0.5
170634.475435104,0.4036909533475067,0.12115015689397035,0.5077019969258725,51.839999999999996,0.0,1.0,0.4983672597430129,13.56,0.4,0.1,0.5
170634.475441568,0.4040161142960528,0.1197417376165334,0.507211431351135,51.66,0.0,1.0,0.31525620288703493,13.565,0.4,0.1,0.5
170634.475447456,0.40412843704520607,0.114382486807057,0.5069488455139193,51.48,0.0,1.0,0.4831080050050147,13.57,0.4,0.1,0.5
170634.475453248,0.40405883459007297,0.12661496767892036,0.5066795749182251,51.3,0.0,1.0,0.23895992919704412,13.575000000000001,0.4,0.1,0.5
170634.475459424,0.4035406330740012,0.12625061729783832,0.506675727900424,51.3,0.0,1.0,0.46784875026701656,13.58,0.4,0.1,0.5
170634.475465504,0.40329296342127274,0.12603250182737838,0.50661668421763,51.3,0.0,1.0,0.34577471236303126,13.585,0.4,0.1,0.5
170634.475471776,0.4030402386514341,0.123532188222195,0.5065452880945714,51.3,0.0,1.0,0.4983672597430129,13.59,0.4,0.1,0.5
170634.47549008,0.40274269945344265,0.11652952449369353,0.5064877824024139,51.3,0.0,1.0,0.2542191839350423,13.595,0.4,0.1,0.5
170634.516432576,0.4021202244722076,0.11474870872815078,0.5068540692513648,51.3,0.0,1.0,0.31525620288703493,13.6,0.4,0.1,0.5
170634.516445504,0.40221981062286366,0.1109436680870478,0.5064839272650776,51.3,0.0,1.0,0.29999694814903677,13.605,0.4,0.1,0.5
170634.516451584,0.40219003680113596,0.12447299392001941,0.5061216886106092,51.48,0.0,1.0,0.42207098605302207,13.61,0.4,0.1,0.5
170634.516475136,0.4020403257703676,0.12037476009029101,0.5059919710381454,51.48,0.0,1.0,0.10162663655506066,13.615,0.4,0.1,0.5
170634.516481984,0.40179145124024523,0.09746185063852819,0.5061482852694003,51.48,0.0,1.0,0.5288857692190092,13.620000000000001,0.4,0.1,0.5
170634.516488512,0.40137655148723234,0.08928348001740177,0.5059525283896089,51.48,0.0,1.0,0.2542191839350423,13.625,0.4,0.1,0.5
170634.516494816,0.40179370064699627,0.08850692110409217,0.5053192504334197,51.48,0.0,1.0,0.46784875026701656,13.63,0.4,0.1,0.5
170634.516501216,0.40187379178508037,0.08431575875214589,0.50528013843386,51.48,0.0,1.0,0.29999694814903677,13.635,0.4,0.1,0.5
170634.560728416,0.40157465470385356,0.0990769029065056,0.5053868880026193,51.3,0.0,1.0,0.3610339671010294,13.64,0.4,0.1,0.5
170634.56073968,0.4014060657426716,0.10708186108453935,0.5054794583689468,51.3,0.0,1.0,0.22370067445904596,13.645,0.4,0.1,0.5
170634.56074624,0.40176525691105996,0.10990830446883594,0.5051836861187622,51.3,0.0,1.0,0.43733024079102023,13.65,0.4,0.1,0.5
170634.560752544,0.40162563293422177,0.11754580507660288,0.5054761106688024,51.3,0.0,1.0,0.14740440076905514,13.655000000000001,0.4,0.1,0.5
170634.56077824,0.40118811648475183,0.12555862776516313,0.5060610071044008,51.3,0.0,1.0,0.5594042786950055,13.66,0.4,0.1,0.5
170634.560786112,0.40109635954714373,0.12273623366531201,0.5062278783128068,51.3,0.0,1.0,0.31525620288703493,13.665000000000001,0.4,0.1,0.5
170634.560792544,0.4011044601671941,0.12309532712864245,0.5064866698377679,51.48,0.0,1.0,0.5594042786950055,13.67,0.4,0.1,0.5
170634.560799328,0.4008460320395754,0.11331723562488072,0.506765818067169,51.48,0.0,1.0,0.07110812707906433,13.675,0.4,0.1,0.5
170634.5608056,0.4007022023081958,0.11474817322325323,0.5070573560009396,51.48,0.0,1.0,0.4983672597430129,13.68,0.4,0.1,0.5
170634.602024928,0.4008594229294762,0.10653891372252029,0.5071176848908062,51.48,0.0,1.0,0.3610339671010294,13.685,0.4,0.1,0.5
170634.60204176,0.4005171928408227,0.09791379662145297,0.5075376929386474,51.48,0.0,1.0,0.6662190618609927,13.69,0.4,0.1,0.5
170634.602049376,0.4010643616922915,0.10272320491260557,0.5073746916496354,51.48,0.0,1.0,0.19318216498304963,13.695,0.4,0.1,0.5
170634.602056064,0.40064998727553525,0.10283523833381839,0.5078476074054005,51.48,0.0,1.0,0.3610339671010294,13.700000000000001,0.4,0.1,0.5
170634.602061856,0.40063945506421406,0.10143590709403946,0.5079073481839513,51.48,0.0,1.0,0.17792291024505147,13.705,0.4,0.1,0.5
170634.602068832,0.400227595315237,0.10863174038370708,0.5083063624233186,51.3,0.0,1.0,0.5594042786950055,13.71,0.4,0.1,0.5
170634.6020752,0.4003273777578469,0.09833699561071915,0.5082978816731062,51.3,0.0,1.0,0.3762932218390276,13.715,0.4,0.1,0.5
170634.602081632,0.4003890380915718,0.10969687055080823,0.5082359286251192,51.3,0.0,1.0,0.43733024079102023,13.72,0.4,0.1,0.5
170634.645060608,0.4006335078403856,0.10830081782386895,0.5081114496106715,51.3,0.0,1.0,0.29999694814903677,13.725,0.4,0.1,0.5
170634.645087712,0.40051271615722156,0.1005778657376116,0.5079644002044069,51.3,0.0,1.0,0.29999694814903677,13.73,0.4,0.1,0.5
170634.645095264,0.40059391909770276,0.10273579974737983,0.5078011743046187,51.48,0.0,1.0,0.31525620288703493,13.735,0.4,0.1,0.5
170634.645101504,0.40068699710495237,0.10088350769755768,0.5076282727472062,51.48,0.0,1.0,0.7119968260749872,13.74,0.4,0.1,0.5
170634.645107552,0.4007542027634549,0.09184681661481554,0.5074164880057366,51.48,0.0,1.0,0.4831080050050147,13.745000000000001,0.4,0.1,0.5
170634.645114464,0.4008942395215286,0.10332859880318704,0.5070676008556217,51.48,0.0,1.0,0.5288857692190092,13.75,0.4,0.1,0.5
170634.645126944,0.4007830983805314,0.11772733680645464,0.5070028986256654,51.48,0.0,1.0,0.34577471236303126,13.755,0.4,0.1,0.5
170634.64513328,0.4008228174910441,0.12052638136652749,0.506886811658604,51.48,0.0,1.0,0.43733024079102023,13.76,0.4,0.1,0.5
170634.645139552,0.40092017637708344,0.11097153438366555,0.5066430841691808,51.48,0.0,1.0,0.22370067445904596,13.765,0.4,0.1,0.5
170634.687242176,0.4005991294934152,0.10879759789450202,0.506741139155959,51.48,0.0,1.0,0.29999694814903677,13.77,0.4,0.1,0.5
170634.68725568,0.40086177245175403,0.10473969369974667,0.5064333828867779,51.48,0.0,1.0,0.34577471236303126,13.775,0.4,0.1,0.5
170634.687262848,0.4010300086290685,0.10568963853442366,0.5062392478243989,51.48,0.0,1.0,0.3305154576250331,13.780000000000001,0.4,0.1,0.5
170634.687268832,0.4010573030752028,0.10635049287469013,0.5060806953503533,51.48,0.0,1.0,0.3762932218390276,13.785,0.4,0.1,0.5
170634.6872752,0.4008820881923546,0.10321083092589328,0.5060520593399578,51.48,0.0,1.0,0.5594042786950055,13.790000000000001,0.4,0.1,0.5
170634.687281824,0.4007260383495408,0.1088288080463657,0.5060073599074505,51.48,0.0,1.0,0.19318216498304963,13.795,0.4,0.1,0.5
170634.687287904,0.4006658812165276,0.11609515337875609,0.5060190394690087,51.48,0.0,1.0,0.4068117313150239,13.8,0.4,0.1,0.5
170634.687309792,0.40071790519030026,0.10855039970384467,0.5060092722641766,51.48,0.0,1.0,0.2847376934110386,13.805,0.4,0.1,0.5
170634.730717536,0.4007791059508751,0.10560132780085589,0.5059168833789868,51.48,0.0,1.0,0.39155247657702574,13.81,0.4,0.1,0.5
170634.73073376,0.4009793706430606,0.11033746184322113,0.5056078142156569,51.48,0.0,1.0,0.0863673818170625,13.815,0.4,0.1,0.5
170634.730765504,0.4007187529052594,0.1129355527890229,0.5057709462926216,51.48,0.0,1.0,0.4983672597430129,13.82,0.4,0.1,0.5
170634.730772416,0.4007363480568247,0.11379549909655766,0.5058447415742396,51.48,0.0,1.0,0.29999694814903677,13.825000000000001,0.4,0.1,0.5
170634.73077888,0.40035938087338546,0.10452129700117294,0.5063545917082233,51.48,0.0,1.0,0.6204412976469982,13.83,0.4,0.1,0.5
170634.730785376,0.4005583499000323,0.10430690232826063,0.5063054173583534,51.48,0.0,1.0,0.4068117313150239,13.835,0.4,0.1,0.5
170634.730792928,0.40072827602355854,0.11084250190312747,0.5061832989425971,51.48,0.0,1.0,0.29999694814903677,13.84,0.4,0.1,0.5
170634.730799584,0.4010148190450683,0.11525045378535112,0.5060620712242009,51.48,0.0,1.0,0.31525620288703493,13.845,0.4,0.1,0.5
170634.730805888,0.4008373616106271,0.1106650869628686,0.5064871334845737,51.48,0.0,1.0,0.29999694814903677,13.85,0.4,0.1,0.5
170634.77190416,0.4006100437175805,0.11668107061938772,0.5067848447070816,51.48,0.0,1.0,0.3762932218390276,13.855,0.4,0.1,0.5
170634.771914432,0.4004273826633399,0.12367454732247424,0.5069321076893885,51.48,0.0,1.0,0.17792291024505147,13.86,0.4,0.1,0.5
170634.771921344,0.40065246939432614,0.11679390168020543,0.506782638877863,51.48,0.0,1.0,0.5746635334330037,13.865,0.4,0.1,0.5
170634.771927648,0.4009652363529638,0.11391914543839946,0.5065474919273119,51.48,0.0,1.0,0.17792291024505147,13.870000000000001,0.4,0.1,0.5
170634.771944288,0.4008395694729929,0.12099311947066024,0.5067453766602628,51.48,0.0,1.0,0.34577471236303126,13.875,0.4,0.1,0.5
170634.771951904,0.40061049215700095,0.12221788581247947,0.5069945882066339,51.48,0.0,1.0,0.14740440076905514,13.88,0.4,0.1,0.5
170634.771964448,0.4007610217413335,0.11532418473170869,0.5068786236995013,51.48,0.0,1.0,0.29999694814903677,13.885,0.4,0.1,0.5
170634.771971008,0.4006192765276249,0.10695933924546774,0.5070195788000755,51.48,0.0,1.0,0.19318216498304963,13.89,0.4,0.1,0.5
170634.815446912,0.40076146624797054,0.10111455696923799,0.5069955861202952,51.48,0.0,1.0,0.14740440076905514,13.895,0.4,0.1,0.5
170634.815456992,0.40049384928603476,0.09536421526785262,0.5073813561198672,51.48,0.0,1.0,0.11688589129305882,13.9,0.4,0.1,0.5
170634.81546288,0.4009815233252335,0.10155933978455896,0.5070707365619999,51.48,0.0,1.0,0.5288857692190092,13.905000000000001,0.4,0.1,0.5
170634.815468704,0.4012988243599482,0.10014252937893835,0.5069553453398595,51.48,0.0,1.0,0.14740440076905514,13.91,0.4,0.1,0.5
170634.815474912,0.40126875146051066,0.10347784836639562,0.5070107652145623,51.48,0.0,1.0,0.4983672597430129,13.915000000000001,0.4,0.1,0.5
170634.815480928,0.4014959825748658,0.1096302282211045,0.5067985798207935,51.48,0.0,1.0,0.23895992919704412,13.92,0.4,0.1,0.5
170634.815487712,0.4011806439939565,0.11615651609236512,0.5070803484507196,51.48,0.0,1.0,0.31525620288703493,13.925,0.4,0.1,0.5
170634.81549408,0.40103693292494696,0.12495321371583917,0.5071159894773722,51.48,0.0,1.0,-0.020447401348924643,13.93,0.4,0.1,0.5
170634.8155,0.40068613544719645,0.11484266755623791,0.5074732018698176,51.48,0.0,1.0,0.2542191839350423,13.935,0.4,0.1,0.5
170634.859530528,0.40100208716364283,0.10030888066219139,0.5073836004304051,51.48,0.0,1.0,0.3762932218390276,13.94,0.4,0.1,0.5
170634.85954992,0.4014363356118925,0.10087752371299291,0.5071124805188792,51.48,0.0,1.0,0.43733024079102023,13.945,0.4,0.1,0.5
170634.859561536,0.40119721144344567,0.11271815724291834,0.5072932840139086,51.48,0.0,1.0,0.23895992919704412,13.950000000000001,0.4,0.1,0.5
170634.859567488,0.40117068965331476,0.10370223464198863,0.5074591572077297,51.48,0.0,1.0,0.5288857692190092,13.955,0.4,0.1,0.5
170634.859573376,0.4013680182420561,0.10245219184647106,0.5073736530946752,51.48,0.0,1.0,0.2542191839350423,13.96,0.4,0.1,0.5
170634.859580768,0.4012001604624599,0.10804418500055156,0.507550108562974,51.48,0.0,1.0,0.5441450239570074,13.965,0.4,0.1,0.5
170634.859587456,0.4013792396990165,0.10034164080982609,0.5073725530581537,51.48,0.0,1.0,0.11688589129305882,13.97,0.4,0.1,0.5
170634.859594368,0.4014812700948076,0.11334779601525771,0.5071614901618066,51.48,0.0,1.0,0.4525894955290184,13.975,0.4,0.1,0.5
170634.859600512,0.40167472597634185,0.10513602228896593,0.5070511613686458,51.48,0.0,1.0,0.23895992919704412,13.98,0.4,0.1,0.5
170634.900656448,0.4013634348214661,0.09285495112713557,0.5073734931010598,51.48,0.0,1.0,0.5594042786950055,13.985,0.4,0.1,0.5
170634.900665792,0.400950625634533,0.09624874337363318,0.5076291485834153,51.48,0.0,1.0,0.10162663655506066,13.99,0.4,0.1,0.5
170634.900671776,0.40122431031775735,0.11121079759191826,0.5073067593516658,51.48,0.0,1.0,0.2847376934110386,13.995000000000001,0.4,0.1,0.5
170634.900677632,0.40140400289210737,0.10106982772087729,0.5072635397794997,51.48,0.0,1.0,-0.005188146610926481,14.0,0.4,0.1,0.5
170634.900683456,0.4009757564001435,0.10191357444931505,0.5076997732582558,51.48,0.0,1.0,0.5899227881710019,14.005,0.4,0.1,0.5
170634.900690336,0.40094785671429634,0.11592049012648908,0.5076763465150579,51.48,0.0,1.0,-0.020447401348924643,14.01,0.4,0.1,0.5
170634.900696704,0.40157641686730866,0.112580737790095,0.5071359896208814,51.48,0.0,1.0,0.4831080050050147,14.015,0.4,0.1,0.5
170634.900718304,0.40155723522327275,0.11653559222499395,0.5071348057546194,51.48,0.0,1.0,0.14740440076905514,14.02,0.4,0.1,0.5
170634.944982464,0.4014976451574752,0.11815660087634436,0.5072555566278156,51.48,0.0,1.0,0.43733024079102023,14.025,0.4,0.1,0.5
170634.94499072,0.40149962326036226,0.11955096563423581,0.5071521960404589,51.48,0.0,1.0,0.3610339671010294,14.030000000000001,0.4,0.1,0.5
170634.944996608,0.40093014859052656,0.10817598733888945,0.5076505875259196,51.48,0.0,1.0,0.14740440076905514,14.035,0.4,0.1,0.5
170634.945002432,0.4012062921335018,0.12081060238262571,0.5074851526503855,51.48,0.0,1.0,0.22370067445904596,14.040000000000001,0.4,0.1,0.5
170634.945009056,0.40139260723841397,0.10814973500394413,0.5074466434524564,51.48,0.0,1.0,0.3305154576250331,14.045,0.4,0.1,0.5
170634.945015872,0.4015926853291399,0.10966439673194273,0.5073325485239802,51.48,0.0,1.0,0.43733024079102023,14.05,0.4,0.1,0.5
170634.945021952,0.40173111738306966,0.10638975188949752,0.5073058959309328,51.48,0.0,1.0,0.4831080050050147,14.055,0.4,0.1,0.5
170634.945029088,0.40173822940055925,0.09916570569067494,0.5073739441201424,51.48,0.0,1.0,0.10162663655506066,14.06,0.4,0.1,0.5
170634.9450352,0.40159312784963364,0.10489869153259515,0.5075629768735068,51.48,0.0,1.0,0.6204412976469982,14.065,0.4,0.1,0.5
170634.986121728,0.4016784077100985,0.10115302725526024,0.5075588878953629,51.48,0.0,1.0,0.29999694814903677,14.07,0.4,0.1,0.5
170634.98613856,0.4015328945321992,0.10174806092448903,0.507629604898916,51.48,0.0,1.0,0.31525620288703493,14.075000000000001,0.4,0.1,0.5
170634.986146432,0.40153354307457473,0.09683983801793097,0.5076367065259457,51.48,0.0,1.0,0.3610339671010294,14.08,0.4,0.1,0.5
170634.98617312,0.4017322101291668,0.09580453352925913,0.5074750791703783,51.48,0.0,1.0,0.5746635334330037,14.085,0.4,0.1,0.5
170634.986185696,0.4016229432312929,0.1085363703541363,0.5076040264111487,51.48,0.0,1.0,0.23895992919704412,14.09,0.4,0.1,0.5
170634.986192864,0.40185060948234164,0.10256373897438503,0.5073645414645741,51.48,0.0,1.0,0.5288857692190092,14.095,0.4,0.1,0.5
170634.986199392,0.4019186015169804,0.09542383920076919,0.5073325811067815,51.48,0.0,1.0,0.34577471236303126,14.1,0.4,0.1,0.5
170634.986205984,0.4016693453970415,0.09151831264699857,0.5076222975066377,51.48,0.0,1.0,0.31525620288703493,14.105,0.4,0.1,0.5
170635.030639264,0.4018516819420323,0.09495544708905992,0.507658123265144,51.48,0.0,1.0,0.29999694814903677,14.11,0.4,0.1,0.5
170635.03065056,0.4023966991633432,0.09389944152741174,0.5072733093597938,51.48,0.0,1.0,0.3610339671010294,14.115,0.4,0.1,0.5
170635.030657152,0.4020941893969735,0.09261889587945776,0.5075641483173959,51.48,0.0,1.0,0.2542191839350423,14.120000000000001,0.4,0.1,0.5
170635.030663744,0.4021553618821257,0.0961611015321367,0.5074450039811392,51.48,0.0,1.0,0.2847376934110386,14.125,0.4,0.1,0.5
170635.030669888,0.40218425912872763,0.0972540645772238,0.5074767592710276,51.48,0.0,1.0,0.2084414197210478,14.13,0.4,0.1,0.5
170635.030676192,0.40218151691418635,0.11035091092528392,0.5075029714647582,51.48,0.0,1.0,0.4831080050050147,14.135,0.4,0.1,0.5
170635.030683104,0.40210977909951257,0.11456425150171026,0.5076334249356339,51.48,0.0,1.0,0.3610339671010294,14.14,0.4,0.1,0.5
170635.030689824,0.4021136991939834,0.11480198250467075,0.5076118465237579,51.48,0.0,1.0,0.43733024079102023,14.145,0.4,0.1,0.5
170635.030707264,0.4023511209379432,0.11056715428466996,0.5073507633683193,51.48,0.0,1.0,0.19318216498304963,14.15,0.4,0.1,0.5
170635.071933312,0.40224084764441365,0.1141389067401895,0.5074069833505646,51.48,0.0,1.0,0.43733024079102023,14.155000000000001,0.4,0.1,0.5
170635.071956032,0.40209657193151316,0.11421522617587582,0.5075231475447792,51.48,0.0,1.0,0.10162663655506066,14.16,0.4,0.1,0.5
170635.07196384,0.4024337646554657,0.11346063155787209,0.5073002437965611,51.48,0.0,1.0,0.4983672597430129,14.165000000000001,0.4,0.1,0.5
170635.071970176,0.40215234058126453,0.109600424223258,0.507551177745222,51.48,0.0,1.0,0.07110812707906433,14.17,0.4,0.1,0.5
170635.071976448,0.40243857267897537,0.11128121349492229,0.5072495798584251,51.48,0.0,1.0,0.2542191839350423,14.175,0.4,0.1,0.5
170635.071982816,0.4023909511789863,0.1173598526893844,0.5073311026527353,51.48,0.0,1.0,0.17792291024505147,14.18,0.4,0.1,0.5
170635.071989248,0.40224690507528776,0.10655664510808777,0.5075333770685443,51.48,0.0,1.0,0.26947843867304044,14.185,0.4,0.1,0.5
170635.071995392,0.40194098407547424,0.11215054707878919,0.5077672914914543,51.48,0.0,1.0,0.22370067445904596,14.19,0.4,0.1,0.5
170635.1152368,0.4019887977684552,0.10506262302119232,0.5077369946467187,51.48,0.0,1.0,0.23895992919704412,14.195,0.4,0.1,0.5
170635.115246656,0.40238149170877613,0.11446082831966532,0.5074146840567733,51.48,0.0,1.0,0.17792291024505147,14.200000000000001,0.4,0.1,0.5
170635.115253216,0.4021960916846426,0.10913306278926779,0.5075823480445207,51.48,0.0,1.0,0.34577471236303126,14.205,0.4,0.1,0.5
170635.115259392,0.4023918579043199,0.10131128085479064,0.5073913894904124,51.48,0.0,1.0,0.2847376934110386,14.21,0.4,0.1,0.5
170635.115276288,0.4023279177970182,0.0899916423739174,0.5074549632696983,51.48,0.0,1.0,0.43733024079102023,14.215,0.4,0.1,0.5
170635.1152832,0.4023115339152437,0.09681074858712743,0.5074809951836682,51.48,0.0,1.0,0.34577471236303126,14.22,0.4,0.1,0.5
170635.115289856,0.40208123651411615,0.1005711412642166,0.5076549920622889,51.48,0.0,1.0,0.3610339671010294,14.225,0.4,0.1,0.5
170635.115296096,0.4019419926397261,0.10497388580803099,0.5077237065781173,51.48,0.0,1.0,0.26947843867304044,14.23,0.4,0.1,0.5
170635.115306816,0.40200221719324214,0.11051808593906393,0.5075842920362694,51.48,0.0,1.0,0.46784875026701656,14.235,0.4,0.1,0.5
170635.156451872,0.40217362623107833,0.10999713443584384,0.5074478789002211,51.48,0.0,1.0,0.39155247657702574,14.24,0.4,0.1,0.5
170635.156459808,0.40228300220326413,0.10754915629096265,0.507353391267201,51.48,0.0,1.0,0.3305154576250331,14.245000000000001,0.4,0.1,0.5
170635.156463008,0.40228082609271315,0.10188042280159226,0.5074477117091896,51.48,0.0,1.0,0.2847376934110386,14.25,0.4,0.1,0.5
170635.156465952,0.402052966366105,0.0994836088892269,0.5076403381982589,51.48,0.0,1.0,0.39155247657702574,14.255,0.4,0.1,0.5
170635.156468576,0.4022358870339269,0.10024506829344637,0.507523861259781,51.48,0.0,1.0,0.29999694814903677,14.26,0.4,0.1,0.5
170635.156471904,0.4023921778521719,0.10058953719931508,0.5075773948746569,51.48,0.0,1.0,0.3762932218390276,14.265,0.4,0.1,0.5
170635.156474752,0.4026542114930683,0.1069787095736847,0.5074563088656303,51.48,0.0,1.0,0.3305154576250331,14.27,0.4,0.1,0.5
170635.15647776,0.4024788492503007,0.11871394166902925,0.5075747414948466,51.48,0.0,1.0,0.3762932218390276,14.275,0.4,0.1,0.5
170635.200310976,0.40235033469585463,0.11333323304241538,0.5075901000535021,51.48,0.0,1.0,0.26947843867304044,14.280000000000001,0.4,0.1,0.5
170635.200353152,0.4024083549635905,0.1098567749385835,0.507588281650547,51.48,0.0,1.0,0.4525894955290184,14.285,0.4,0.1,0.5
170635.200361664,0.4026643483450463,0.10159718074300898,0.5074244015722472,51.48,0.0,1.0,0.11688589129305882,14.290000000000001,0.4,0.1,0.5
170635.20036912,0.40261131281884643,0.09799053252333546,0.5073952846936556,51.48,0.0,1.0,0.3762932218390276,14.295,0.4,0.1,0.5
170635.200382208,0.40260744116655256,0.09667839401090002,0.5073864565914634,51.48,0.0,1.0,0.26947843867304044,14.3,0.4,0.1,0.5
170635.200390784,0.4030895249399614,0.10220378771100366,0.5070376235798061,51.48,0.0,1.0,0.14740440076905514,14.305,0.4,0.1,0.5
170635.200398592,0.4030601604655527,0.10397624488593571,0.506955392204752,51.48,0.0,1.0,0.22370067445904596,14.31,0.4,0.1,0.5
170635.200406208,0.40284405551076735,0.1064923781840457,0.5071327677405608,51.48,0.0,1.0,0.3762932218390276,14.315,0.4,0.1,0.5
170635.200413088,0.4032440539767255,0.1060682943826053,0.5068935374411359,51.48,0.0,1.0,0.2084414197210478,14.32,0.4,0.1,0.5
170635.244517952,0.40245862136618626,0.11241643361319449,0.507563210649499,51.48,0.0,1.0,0.39155247657702574,14.325000000000001,0.4,0.1,0.5
170635.244527424,0.4023147224655026,0.10769026450292644,0.5076568514939483,51.48,0.0,1.0,0.3305154576250331,14.33,0.4,0.1,0.5
170635.244533376,0.40283228006214816,0.1045355154054468,0.5073555847596125,51.48,0.0,1.0,0.39155247657702574,14.335,0.4,0.1,0.5
170635.244539712,0.402453558561268,0.10967649463196434,0.5075622138294994,51.48,0.0,1.0,0.34577471236303126,14.34,0.4,0.1,0.5
170635.244545856,0.40242617123665947,0.11189003959532755,0.5074974827065305,51.48,0.0,1.0,0.3305154576250331,14.345,0.4,0.1,0.5
170635.244564032,0.40234862733575794,0.11392225538292469,0.5076075444854959,51.48,0.0,1.0,0.11688589129305882,14.35,0.4,0.1,0.5
170635.244570464,0.4021845776875696,0.11206029675355383,0.5077814592404908,51.48,0.0,1.0,0.2542191839350423,14.355,0.4,0.1,0.5
170635.244576768,0.4022708816306113,0.113645609221821,0.5076331752829762,51.48,0.0,1.0,0.42207098605302207,14.36,0.4,0.1,0.5
170635.244582496,0.40231079096773126,0.10794861008731474,0.5076801498342266,51.48,0.0,1.0,0.34577471236303126,14.365,0.4,0.1,0.5
170635.285614176,0.40257467198322494,0.10812685262622798,0.5075810971634508,51.48,0.0,1.0,0.3762932218390276,14.370000000000001,0.4,0.1,0.5
170635.285625088,0.40262819532918853,0.10966695291196424,0.5074074070452773,51.48,0.0,1.0,0.19318216498304963,14.375,0.4,0.1,0.5
170635.285632032,0.4026537950500444,0.10576559445880643,0.5073804154635242,51.48,0.0,1.0,0.43733024079102023,14.38,0.4,0.1,0.5
170635.285638144,0.40294691902832164,0.1058077925884942,0.5073000343198053,51.48,0.0,1.0,0.3305154576250331,14.385,0.4,0.1,0.5
170635.285644096,0.4025878980453975,0.10491885170694037,0.5074520520065523,51.48,0.0,1.0,0.43733024079102023,14.39,0.4,0.1,0.5
170635.285651008,0.4026582791207819,0.10625005462620253,0.5073265126608602,51.48,0.0,1.0,0.2847376934110386,14.395,0.4,0.1,0.5
170635.28565744,0.40246418443032755,0.10693569090479045,0.5075606519227649,51.48,0.0,1.0,0.39155247657702574,14.4,0.4,0.1,0.5
170635.285663776,0.40230065304883383,0.10504233073707354,0.5077423274989584,51.48,0.0,1.0,0.1626636555070533,14.405000000000001,0.4,0.1,0.5
170635.330181856,0.4020100145719904,0.10272606767630586,0.5078877463801253,51.48,0.0,1.0,0.5288857692190092,14.41,0.4,0.1,0.5
170635.330201632,0.4022956291075078,0.09413173985758211,0.5077994441157607,51.48,0.0,1.0,0.19318216498304963,14.415000000000001,0.4,0.1,0.5
170635.330207936,0.4024339675991229,0.09996945495350991,0.5076907005951136,51.48,0.0,1.0,0.39155247657702574,14.42,0.4,0.1,0.5
170635.330231552,0.40251401167330136,0.09162909595160693,0.5075798014178102,51.48,0.0,1.0,0.31525620288703493,14.425,0.4,0.1,0.5
170635.330238432,0.40251397168304975,0.10401055589602261,0.5075855528674234,51.48,0.0,1.0,0.3762932218390276,14.43,0.4,0.1,0.5
170635.330245056,0.4025029385169126,0.1016986686446793,0.5076748624598938,51.48,0.0,1.0,0.5288857692190092,14.435,0.4,0.1,0.5
170635.330251424,0.40257247414232894,0.11137761777301272,0.5074980829047121,51.48,0.0,1.0,0.5746635334330037,14.44,0.4,0.1,0.5
170635.330262688,0.4024698004467393,0.10801701649592792,0.5076232886178863,51.48,0.0,1.0,0.14740440076905514,14.445,0.4,0.1,0.5
170635.330268896,0.4026756785920806,0.10814095270461098,0.5075302286333824,51.48,0.0,1.0,0.3762932218390276,14.450000000000001,0.4,0.1,0.5
170635.371403584,0.4029101683520727,0.10634670896460272,0.5073496611692411,51.48,0.0,1.0,0.2542191839350423,14.455,0.4,0.1,0.5
170635.371416352,0.4028198288412069,0.10671876456922048,0.507415373621463,51.48,0.0,1.0,0.3762932218390276,14.46,0.4,0.1,0.5
170635.37142336,0.4031646615454573,0.10399742068053605,0.5072049818560258,51.48,0.0,1.0,0.31525620288703493,14.465,0.4,0.1,0.5
170635.371430048,0.4031067267383397,0.10292976783458875,0.5072884901683068,51.48,0.0,1.0,0.42207098605302207,14.47,0.4,0.1,0.5
170635.371436448,0.4030613409359148,0.10042986556320424,0.5072583285040619,51.48,0.0,1.0,0.1626636555070533,14.475,0.4,0.1,0.5
170635.371459584,0.40295555611906597,0.10481829908887048,0.5073275128801288,51.48,0.0,1.0,0.5899227881710019,14.48,0.4,0.1,0.5
170635.3714664,0.4029901263693693,0.11056749821392324,0.5072822331730583,51.48,0.0,1.0,0.5594042786950055,14.485,0.4,0.1,0.5
170635.371473248,0.4029753938779958,0.10870631539965409,0.507281520617786,51.48,0.0,1.0,0.3610339671010294,14.49,0.4,0.1,0.5
170635.415658112,0.40318550838729383,0.11009958819157258,0.5070724135302637,51.48,0.0,1.0,0.19318216498304963,14.495000000000001,0.4,0.1,0.5
170635.415667648,0.4028361025404747,0.10305454083292029,0.5074556534841629,51.48,0.0,1.0,0.31525620288703493,14.5,0.4,0.1,0.5
170635.415674112,0.4029845557398315,0.1086439576701254,0.5073406201012318,51.48,0.0,1.0,0.23895992919704412,14.505,0.4,0.1,0.5
170635.415680512,0.4029572961331994,0.11760794388840325,0.5072844871539692,51.48,0.0,1.0,0.6814783165989908,14.51,0.4,0.1,0.5
170635.41569776,0.402724943924007,0.12378593032974008,0.5074531212020053,51.48,0.0,1.0,0.34577471236303126,14.515,0.4,0.1,0.5
170635.41570512,0.402892770192437,0.10920635105537203,0.5074270173582688,51.48,0.0,1.0,0.43733024079102023,14.52,0.4,0.1,0.5
170635.41571184,0.40273765989730004,0.11612993679848561,0.5073554530569586,51.48,0.0,1.0,0.3762932218390276,14.525,0.4,0.1,0.5
170635.415718656,0.40237339509250936,0.10903980016717955,0.5075354323646077,51.48,0.0,1.0,0.3305154576250331,14.530000000000001,0.4,0.1,0.5
170635.415724576,0.4022073802348678,0.09859400051639526,0.5074018862688917,51.48,0.0,1.0,0.34577471236303126,14.535,0.4,0.1,0.5
170635.456936768,0.40196271249836074,0.0884876518697024,0.5070797083735938,51.48,0.0,1.0,0.4831080050050147,14.540000000000001,0.4,0.1,0.5
170635.456945984,0.40102127829017437,0.09422755774395267,0.5073120278822549,51.48,0.0,1.0,0.22370067445904596,14.545,0.4,0.1,0.5
170635.456963744,0.4001924391965621,0.09327871550829035,0.5076368303955555,51.48,0.0,1.0,0.46784875026701656,14.55,0.4,0.1,0.5
170635.456969664,0.399694872609996,0.0913714969519427,0.5076107277406403,51.48,0.0,1.0,0.17792291024505147,14.555,0.4,0.1,0.5
170635.456975776,0.3993374135870058,0.09064350363750867,0.5076759648859688,51.48,0.0,1.0,0.5288857692190092,14.56,0.4,0.1,0.5
170635.456982208,0.39931608796711293,0.0921917345976822,0.507355844688993,51.48,0.0,1.0,0.07110812707906433,14.565,0.4,0.1,0.5
170635.456988576,0.3991681343678553,0.092467908938256,0.5074197184611692,51.48,0.0,1.0,0.2847376934110386,14.57,0.4,0.1,0.5
170635.456994496,0.399032765920512,0.10575588641354018,0.507453632678621,51.48,0.0,1.0,0.23895992919704412,14.575000000000001,0.4,0.1,0.5
170635.500288416,0.39905186324336445,0.10436028787499962,0.5074687627530012,51.48,0.0,1.0,0.42207098605302207,14.58,0.4,0.1,0.5
170635.500308,0.39941280813274516,0.10709190327747244,0.5073231519415984,51.48,0.0,1.0,0.10162663655506066,14.585,0.4,0.1,0.5
170635.500314848,0.3997908233056959,0.11062814385699739,0.5070607572065844,51.48,0.0,1.0,0.4525894955290184,14.59,0.4,0.1,0.5
170635.50032048,0.399929811739757,0.09680781103337817,0.5070415155289282,51.48,0.0,1.0,0.22370067445904596,14.595,0.4,0.1,0.5
170635.5003264,0.40025297008949334,0.10780936073774643,0.5069563010066453,51.48,0.0,1.0,0.7119968260749872,14.6,0.4,0.1,0.5
170635.500332864,0.4001219100921349,0.10890574135598982,0.5072091260898586,51.48,0.0,1.0,0.23895992919704412,14.605,0.4,0.1,0.5
170635.500339424,0.4004849117215862,0.10420443408020721,0.5070173846372548,51.48,0.0,1.0,0.1626636555070533,14.61,0.4,0.1,0.5
170635.500351072,0.4005064644479226,0.10226408945486205,0.5069997441467345,51.48,0.0,1.0,0.17792291024505147,14.615,0.4,0.1,0.5
170635.500357504,0.4007205705539253,0.09902839730961623,0.5069047753200212,51.48,0.0,1.0,0.4831080050050147,14.620000000000001,0.4,0.1,0.5
170635.54147744,0.40049711709064584,0.10321461004829408,0.5072153068763176,51.48,0.0,1.0,0.19318216498304963,14.625,0.4,0.1,0.5
170635.541486048,0.4009601978269575,0.1031528938849879,0.5070035525646601,51.48,0.0,1.0,0.5441450239570074,14.63,0.4,0.1,0.5
170635.541492032,0.40082922710558383,0.09720488611855134,0.5072541546498686,51.48,0.0,1.0,0.05584887234106617,14.635,0.4,0.1,0.5
170635.541497888,0.400771525050354,0.1119694758342286,0.5071304248593731,51.48,0.0,1.0,0.4831080050050147,14.64,0.4,0.1,0.5
170635.541503904,0.400886221141904,0.11403545933465628,0.5072559720113513,51.48,0.0,1.0,0.513626514481011,14.645,0.4,0.1,0.5
170635.541510144,0.40125130513408264,0.1055642088106959,0.5072114793768642,51.48,0.0,1.0,0.6204412976469982,14.65,0.4,0.1,0.5
170635.54151632,0.4009567880576896,0.09983955846582816,0.507589353623601,51.48,0.0,1.0,0.17792291024505147,14.655000000000001,0.4,0.1,0.5
170635.541531456,0.4009207483246963,0.09402312688697105,0.5076172416602212,51.48,0.0,1.0,0.4983672597430129,14.66,0.4,0.1,0.5
170635.585829696,0.4009012022000249,0.10412684020745074,0.5076530663945629,51.48,0.0,1.0,0.11688589129305882,14.665000000000001,0.4,0.1,0.5
170635.585838304,0.4009457892885332,0.10293521034762279,0.5076380027008237,51.48,0.0,1.0,0.46784875026701656,14.67,0.4,0.1,0.5
170635.585844288,0.4011960165631969,0.09875516174321985,0.5074923611660103,51.48,0.0,1.0,0.025330362865069844,14.675,0.4,0.1,0.5
170635.585859424,0.40152864905627966,0.09491604680453572,0.5073405206637749,51.48,0.0,1.0,0.4525894955290184,14.68,0.4,0.1,0.5
170635.585865664,0.4017860419620158,0.09630207558646987,0.5072926653828529,51.48,0.0,1.0,0.05584887234106617,14.685,0.4,0.1,0.5
170635.58587152,0.40187420577709404,0.09147901570457957,0.5073246302557329,51.48,0.0,1.0,0.42207098605302207,14.69,0.4,0.1,0.5
170635.585878112,0.40192534015445974,0.0944463139592876,0.5072416000755657,51.48,0.0,1.0,0.11688589129305882,14.695,0.4,0.1,0.5
170635.585884544,0.4017315553370925,0.08847703388984052,0.5073835159797546,51.48,0.0,1.0,0.3305154576250331,14.700000000000001,0.4,0.1,0.5
170635.585890464,0.40171173777151176,0.0942931468154362,0.5074608948076254,51.48,0.0,1.0,0.11688589129305882,14.705,0.4,0.1,0.5
170635.629149984,0.4020087464427792,0.09905570930629165,0.5073393402219899,51.48,0.0,1.0,0.29999694814903677,14.71,0.4,0.1,0.5
170635.629159136,0.40207666913232265,0.10470295574707218,0.5074096309311424,51.48,0.0,1.0,0.10162663655506066,14.715,0.4,0.1,0.5
170635.629164992,0.4023353976698279,0.11360937478032526,0.5072651197100692,51.48,0.0,1.0,0.4068117313150239,14.72,0.4,0.1,0.5
170635.629171104,0.40255769697445115,0.11564569373240638,0.5071517606059603,51.48,0.0,1.0,0.2847376934110386,14.725,0.4,0.1,0.5
170635.629186368,0.40213027463415313,0.12500103499103848,0.5075337130777928,51.48,0.0,1.0,0.29999694814903677,14.73,0.4,0.1,0.5
170635.629193088,0.4023615052064693,0.11381722424582477,0.5073262708396945,51.48,0.0,1.0,0.0863673818170625,14.735,0.4,0.1,0.5
170635.629199488,0.40248786586124335,0.11598678517266449,0.507208661234036,51.48,0.0,1.0,0.6662190618609927,14.74,0.4,0.1,0.5
170635.629210752,0.4026089633060637,0.11664273966365767,0.5073438352032881,51.48,0.0,1.0,0.34577471236303126,14.745000000000001,0.4,0.1,0.5
170635.629216832,0.4026767537447644,0.11537077447824416,0.5073881854686788,51.48,0.0,1.0,0.4831080050050147,14.75,0.4,0.1,0.5
170635.671320672,0.402886368574369,0.11679535782237864,0.5072699312774649,51.48,0.0,1.0,0.0863673818170625,14.755,0.4,0.1,0.5
170635.671328928,0.4028045805108247,0.1106368766707924,0.5074084455946603,51.48,0.0,1.0,0.3610339671010294,14.76,0.4,0.1,0.5
170635.671334848,0.4029507784121473,0.10675979756242414,0.5073337517305573,51.48,0.0,1.0,0.3305154576250331,14.765,0.4,0.1,0.5
170635.671340416,0.40291522580256783,0.1265522572658464,0.5073838685968993,51.48,0.0,1.0,0.4525894955290184,14.77,0.4,0.1,0.5
170635.671346304,0.4028674149648979,0.11102802649581808,0.507515722763895,51.48,0.0,1.0,0.22370067445904596,14.775,0.4,0.1,0.5
170635.671352544,0.40308276204896853,0.12162733947843407,0.5072671164425094,51.48,0.0,1.0,0.43733024079102023,14.780000000000001,0.4,0.1,0.5
170635.67135856,0.4029029786247728,0.11076902446586598,0.5074747024056063,51.48,0.0,1.0,0.31525620288703493,14.785,0.4,0.1,0.5
170635.671364736,0.4030689716966481,0.11440950910010614,0.5072473340113096,51.48,0.0,1.0,0.10162663655506066,14.790000000000001,0.4,0.1,0.5
170635.714861248,0.4032226127439937,0.10276630494374128,0.5072151123586689,51.48,0.0,1.0,0.3610339671010294,14.795,0.4,0.1,0.5
170635.714880096,0.4032932214964449,0.08681508237360548,0.5074069397028962,51.48,0.0,1.0,0.34577471236303126,14.8,0.4,0.1,0.5
170635.714887872,0.4032069160521611,0.09596831660341887,0.5073788317843906,51.48,0.0,1.0,0.19318216498304963,14.805,0.4,0.1,0.5
170635.714895008,0.4029026949365166,0.10166852834442772,0.5073191155005162,51.48,0.0,1.0,0.4068117313150239,14.81,0.4,0.1,0.5
170635.714907872,0.4026292613488418,0.11231907343919019,0.5071930313108134,51.48,0.0,1.0,0.34577471236303126,14.815,0.4,0.1,0.5
170635.714914784,0.4020081714339904,0.10198999421015796,0.5073927268652959,51.48,0.0,1.0,0.4831080050050147,14.82,0.4,0.1,0.5
170635.714921504,0.401256833608567,0.10260656496708415,0.5073622488409352,51.48,0.0,1.0,0.5288857692190092,14.825000000000001,0.4,0.1,0.5
170635.714927936,0.40062867953884657,0.09819054800522171,0.5073301797876112,51.48,0.0,1.0,0.3610339671010294,14.83,0.4,0.1,0.5
170635.71493408,0.39966126055229156,0.11092214814519999,0.5073502345429831,51.48,0.0,1.0,0.43733024079102023,14.835,0.4,0.1,0.5
170635.755935712,0.3992095205609914,0.10463869400114066,0.5072756169751745,51.48,0.0,1.0,0.43733024079102023,14.84,0.4,0.1,0.5
170635.755947776,0.39896101734145606,0.10105718129582134,0.5073556580404178,51.48,0.0,1.0,0.4831080050050147,14.845,0.4,0.1,0.5
170635.75595424,0.3987092080250033,0.10891287586718555,0.5074415968331296,51.48,0.0,1.0,0.39155247657702574,14.85,0.4,0.1,0.5
170635.755960128,0.39887051805728635,0.11395773672317809,0.5072972578367889,51.48,0.0,1.0,0.23895992919704412,14.855,0.4,0.1,0.5
170635.755965792,0.39939040761094896,0.11177985343427704,0.5069258222320857,51.48,0.0,1.0,0.42207098605302207,14.86,0.4,0.1,0.5
170635.7559728,0.39917187990475567,0.103831652142031,0.5070606864650665,51.48,0.0,1.0,0.2847376934110386,14.865,0.4,0.1,0.5
170635.755992416,0.3992689378569785,0.10428484193978055,0.5071223432291044,51.48,0.0,1.0,0.4525894955290184,14.870000000000001,0.4,0.1,0.5
170635.75599968,0.3992152469215577,0.10328616359568553,0.507297156949951,51.48,0.0,1.0,0.34577471236303126,14.875,0.4,0.1,0.5
170635.799725504,0.39904230482517167,0.10103428857944098,0.5074256756816649,51.48,0.0,1.0,0.10162663655506066,14.88,0.4,0.1,0.5
170635.799743872,0.39899961446610477,0.10801413424641568,0.5076020003592772,51.48,0.0,1.0,0.2847376934110386,14.885,0.4,0.1,0.5
170635.799751776,0.3994086243517665,0.1030174368974857,0.5074728539057943,51.48,0.0,1.0,0.2084414197210478,14.89,0.4,0.1,0.5
170635.799758048,0.39978168453054536,0.1061901807396958,0.507303476903327,51.48,0.0,1.0,0.3610339671010294,14.895,0.4,0.1,0.5
170635.79976416,0.3998154353130052,0.10693673005905995,0.5074075936833231,51.48,0.0,1.0,0.513626514481011,14.9,0.4,0.1,0.5
170635.799771168,0.39966000622005343,0.11032670926319961,0.5076388793504302,51.48,0.0,1.0,0.4068117313150239,14.905000000000001,0.4,0.1,0.5
170635.799777568,0.4001329604683687,0.103306123112292,0.5072517284236218,51.48,0.0,1.0,0.2847376934110386,14.91,0.4,0.1,0.5
170635.799784192,0.4000525692475426,0.10406444356525553,0.5074463442585618,51.48,0.0,1.0,0.2542191839350423,14.915000000000001,0.4,0.1,0.5
170635.799790592,0.4003252374369975,0.10063524126937273,0.5073874196144447,51.48,0.0,1.0,0.2542191839350423,14.92,0.4,0.1,0.5
170635.841671552,0.4008675298002524,0.10698007479241975,0.507050731527827,51.48,0.0,1.0,0.31525620288703493,14.925,0.4,0.1,0.5
170635.84168176,0.4011164193945208,0.10678817763972757,0.5070007906317467,51.48,0.0,1.0,0.26947843867304044,14.93,0.4,0.1,0.5
170635.841688992,0.4009925741135032,0.10134680862427305,0.50730649268826,51.48,0.0,1.0,0.605182042909,14.935,0.4,0.1,0.5
170635.841730272,0.40089420132840214,0.101654936605833,0.5074857439922809,51.48,0.0,1.0,0.025330362865069844,14.94,0.4,0.1,0.5
170635.841743616,0.40105927291640636,0.10290454263317268,0.5074081975046864,51.48,0.0,1.0,0.29999694814903677,14.945,0.4,0.1,0.5
170635.841750336,0.40097068231575905,0.11020925498015786,0.5075216641061133,51.48,0.0,1.0,0.34577471236303126,14.950000000000001,0.4,0.1,0.5
170635.84175648,0.4011355615283708,0.11427741971324619,0.5073195512571052,51.48,0.0,1.0,0.14740440076905514,14.955,0.4,0.1,0.5
170635.841762464,0.4014234282722534,0.10810502704711081,0.5070294080396492,51.48,0.0,1.0,0.14740440076905514,14.96,0.4,0.1,0.5
170635.885802624,0.4013025921994245,0.10621399661169759,0.5071925733905833,51.48,0.0,1.0,0.3305154576250331,14.965,0.4,0.1,0.5
170635.885811456,0.40151705012579875,0.10475768951349713,0.5070635638320956,51.48,0.0,1.0,0.0863673818170625,14.97,0.4,0.1,0.5
170635.885817312,0.40155065199949413,0.09998396189472304,0.5072122125483257,51.48,0.0,1.0,0.5594042786950055,14.975,0.4,0.1,0.5
170635.885823648,0.40154161771918906,0.1059098056228369,0.5072967600334326,51.48,0.0,1.0,0.23895992919704412,14.98,0.4,0.1,0.5
170635.885829472,0.40162850389894633,0.11278056800537355,0.5071328893486673,51.48,0.0,1.0,0.39155247657702574,14.985,0.4,0.1,0.5
170635.885836288,0.4016505741130787,0.11965151242128126,0.5070139643323643,51.48,0.0,1.0,0.3762932218390276,14.99,0.4,0.1,0.5
170635.885842656,0.40172822471986075,0.1206894402988516,0.5071734615129035,51.48,0.0,1.0,0.4068117313150239,14.995000000000001,0.4,0.1,0.5
170635.88584928,0.40209180788066506,0.11529097726056671,0.5071422966179575,51.48,0.0,1.0,0.3305154576250331,15.0,0.0,0.6,0.5
170635.885855712,0.40202170137085835,0.10644999775538358,0.5073898918618083,51.48,0.0,1.0,0.5441450239570074,15.005,0.0,0.6,0.5
170635.926914208,0.40179219113732345,0.1044246589762061,0.5075952819746276,51.48,0.0,1.0,0.10162663655506066,15.01,0.0,0.6,0.5
170635.926922944,0.4021079204243374,0.10390478635424673,0.507456407748318,51.48,0.0,1.0,0.42207098605302207,15.015,0.0,0.6,0.5
170635.926928896,0.4017695209739403,0.10428716954322816,0.5077353516587362,51.48,0.0,1.0,0.2847376934110386,15.02,0.0,0.6,0.5
170635.926934624,0.4017923434535437,0.10976593396938727,0.5075911912288061,51.48,0.0,1.0,0.513626514481011,15.025,0.0,0.6,0.5
170635.9269408,0.40213125402532196,0.1218923841705619,0.5071435815772729,51.48,0.0,1.0,0.3305154576250331,15.030000000000001,0.0,0.6,0.5
170635.92694736,0.40229054508909795,0.11620936428868824,0.5070341173675184,51.48,0.0,1.0,0.4525894955290184,15.035,0.0,0.6,0.5
170635.926953568,0.4024620906019439,0.11651789732625575,0.5071512953924291,51.48,0.0,1.0,0.19318216498304963,15.040000000000001,0.0,0.6,0.5
170635.92696,0.4024485339162251,0.11115988478188991,0.5072147564682791,51.48,0.0,1.0,0.4525894955290184,15.045,0.0,0.6,0.5
170635.970229184,0.4024933556058151,0.11075756413633554,0.5072648367952223,51.48,0.0,1.0,0.11688589129305882,15.05,0.0,0.6,0.5
170635.970238528,0.4027278098221937,0.11210082456476389,0.5071062651684104,51.48,0.0,1.0,0.46784875026701656,15.055,0.0,0.6,0.5
170635.970245056,0.40263578911626424,0.11210654799661572,0.5070974922648314,51.48,0.0,1.0,0.43733024079102023,15.06,0.4,0.1,0.5
170635.970250848,0.4023180862283949,0.11204540920796947,0.5071769100242273,51.48,0.0,1.0,0.6204412976469982,15.065,0.4,0.1,0.5
170635.970257024,0.40257292794126526,0.11435732595043396,0.5068930114779489,51.48,0.0,1.0,0.39155247657702574,15.07,0.4,0.1,0.5
170635.970272864,0.4021261911864368,0.10976381401841057,0.5071009856473974,51.48,0.0,1.0,0.4525894955290184,15.075000000000001,0.4,0.1,0.5
170635.970279968,0.4015012713144858,0.11772377343251972,0.5071558398015158,51.48,0.0,1.0,0.3610339671010294,15.08,0.4,0.1,0.5
170635.97029168,0.40084009266586634,0.10804718747491626,0.5071816363440461,51.48,0.0,1.0,0.5899227881710019,15.085,0.4,0.1,0.5
170635.970298144,0.40038095399489326,0.11119190612654556,0.5070539698386373,51.48,0.0,1.0,0.0863673818170625,15.09,0.4,0.1,0.5
170636.012305248,0.3997678170283355,0.10019630258463602,0.5073304189692406,51.48,0.0,1.0,0.34577471236303126,15.095,0.4,0.1,0.5
170636.012313888,0.399582641906323,0.1100276724420143,0.5071897896693689,51.48,0.0,1.0,0.2847376934110386,15.1,0.4,0.1,0.5
170636.012319808,0.3992217009675174,0.10363599265783983,0.5071133956424888,51.48,0.0,1.0,0.5288857692190092,15.105,0.4,0.1,0.5
170636.012325632,0.3989974052817958,0.10151162012138626,0.5072868386984296,51.48,0.0,1.0,0.23895992919704412,15.11,0.4,0.1,0.5
170636.012331456,0.3989967528166179,0.09140842470049128,0.5073819802388359,51.48,0.0,1.0,0.3305154576250331,15.115,0.4,0.1,0.5
170636.012337504,0.3989905774182447,0.09562091840579078,0.507319183957838,51.48,0.0,1.0,-0.06622516556291913,15.120000000000001,0.4,0.1,0.5
170636.012343968,0.39917693685836864,0.09769031050806815,0.5073408126015134,51.48,0.0,1.0,0.4983672597430129,15.125,0.4,0.1,0.5
170636.012349792,0.39927877076511836,0.11082364162494909,0.5072496548412222,51.48,0.0,1.0,0.2847376934110386,15.13,0.4,0.1,0.5
170636.056504992,0.39948181550785195,0.1079225821550184,0.5072217251024892,51.48,0.0,1.0,0.34577471236303126,15.135,0.4,0.1,0.5
170636.056513952,0.399128279286413,0.10629110923556012,0.5078294195527873,51.48,0.0,1.0,0.22370067445904596,15.14,0.4,0.1,0.5
170636.05652928,0.39982280576352336,0.11730570184973113,0.507379431858766,51.48,0.0,1.0,0.4525894955290184,15.145,0.4,0.1,0.5
170636.056535296,0.3997820087773354,0.1015064103545613,0.5075446621050438,51.48,0.0,1.0,0.29999694814903677,15.15,0.4,0.1,0.5
170636.056545408,0.4001637620965632,0.10072821666739194,0.5072736225409037,51.48,0.0,1.0,0.2542191839350423,15.155000000000001,0.4,0.1,0.5
170636.056551808,0.3997525209656376,0.09482060466908385,0.5075254038370219,51.48,0.0,1.0,0.31525620288703493,15.16,0.4,0.1,0.5
170636.056558592,0.40018130039864835,0.09929417448629005,0.507173796641317,51.48,0.0,1.0,0.6509598071229945,15.165000000000001,0.4,0.1,0.5
170636.056564832,0.40053524569915644,0.10149424771773372,0.5069636774053617,51.48,0.0,1.0,0.39155247657702574,15.17,0.4,0.1,0.5
170636.05657072,0.40055981282541175,0.11367652655775175,0.5069598378695053,51.48,0.0,1.0,0.5746635334330037,15.175,0.4,0.1,0.5
170636.099758976,0.4008886593524341,0.12440357946894541,0.5068728444130073,51.48,0.0,1.0,0.29999694814903677,15.18,0.4,0.1,0.5
170636.099768224,0.40073589712986246,0.13001124049849289,0.5070513570824704,51.48,0.0,1.0,0.3610339671010294,15.185,0.4,0.1,0.5
170636.099773952,0.400801539148509,0.1255685606906296,0.5070302372883742,51.48,0.0,1.0,0.46784875026701656,15.19,0.4,0.1,0.5
170636.099779936,0.40085648254374917,0.11612783994788083,0.5071906910025139,51.48,0.0,1.0,0.4068117313150239,15.195,0.4,0.1,0.5
170636.09978592,0.40100045291023356,0.11558293285879313,0.5072016563780374,51.48,0.0,1.0,0.2542191839350423,15.200000000000001,0.4,0.1,0.5
170636.099792672,0.40104058926671726,0.1196759507858969,0.5071889664616421,51.48,0.0,1.0,0.5594042786950055,15.205,0.4,0.1,0.5
170636.099807776,0.4010186665010789,0.12397295184386072,0.5071219857512765,51.48,0.0,1.0,0.4831080050050147,15.21,0.4,0.1,0.5
170636.09981392,0.4012808403493841,0.11104336548507329,0.5071558755787411,51.48,0.0,1.0,0.4068117313150239,15.215,0.4,0.1,0.5
170636.099820064,0.4016115173477762,0.11170955825800351,0.5069750959906025,51.48,0.0,1.0,0.07110812707906433,15.22,0.4,0.1,0.5
170636.140814912,0.4016478223889884,0.11210935952288478,0.5069487057389038,51.48,0.0,1.0,0.2542191839350423,15.225,0.4,0.1,0.5
170636.140823552,0.4019149974799626,0.11487278351923781,0.506805661241389,51.48,0.0,1.0,0.19318216498304963,15.23,0.4,0.1,0.5
170636.140829504,0.401498562047343,0.10546490887029578,0.5071397257350053,51.48,0.0,1.0,0.26947843867304044,15.235,0.4,0.1,0.5
170636.140835424,0.4018480054901149,0.10866061048707684,0.5071029173768247,51.48,0.0,1.0,0.19318216498304963,15.24,0.4,0.1,0.5
170636.140841152,0.402039585782641,0.11028890670032054,0.5070000222482648,51.48,0.0,1.0,0.43733024079102023,15.245000000000001,0.4,0.1,0.5
170636.14084832,0.40252956908087634,0.11169854685775371,0.5066090702164514,51.48,0.0,1.0,0.07110812707906433,15.25,0.4,0.1,0.5
170636.140854368,0.4024365329134265,0.10922527400932418,0.5067318700167701,51.48,0.0,1.0,0.26947843867304044,15.255,0.4,0.1,0.5
170636.140860384,0.402306703564655,0.1131566582682173,0.5069788479969446,51.48,0.0,1.0,0.23895992919704412,15.26,0.4,0.1,0.5
170636.185269984,0.40238622673436963,0.10383385028347365,0.5069468714549213,51.48,0.0,1.0,0.19318216498304963,15.265,0.4,0.1,0.5
170636.185278656,0.40290234617999177,0.10953314452861598,0.506723086065112,51.48,0.0,1.0,0.22370067445904596,15.27,0.4,0.1,0.5
170636.185294496,0.40311845938511126,0.11429315181865046,0.5066020586343973,51.48,0.0,1.0,0.4983672597430129,15.275,0.4,0.1,0.5
170636.185300192,0.40280721437941186,0.11203599094346076,0.5069267424739016,51.48,0.0,1.0,0.11688589129305882,15.280000000000001,0.4,0.1,0.5
170636.185306144,0.4027487729381164,0.10860862817220537,0.5069898836872032,51.48,0.0,1.0,0.39155247657702574,15.285,0.4,0.1,0.5
170636.185312448,0.40303890220710853,0.11404081000910883,0.5068455141442174,51.48,0.0,1.0,0.23895992919704412,15.290000000000001,0.4,0.1,0.5
170636.185318752,0.4026815240846954,0.1025922775378877,0.5073322921069939,51.48,0.0,1.0,0.4068117313150239,15.295,0.4,0.1,0.5
170636.185330016,0.40305208558635025,0.10322439100122079,0.5069687820265146,51.48,0.0,1.0,0.2847376934110386,15.3,0.4,0.1,0.5
170636.185336256,0.40308953457527397,0.1067331529141087,0.5070152294891379,51.48,0.0,1.0,0.6204412976469982,15.305,0.4,0.1,0.5
170636.226646112,0.4030185572192889,0.10958601268242889,0.5071166766071881,51.48,0.0,1.0,0.31525620288703493,15.31,0.4,0.1,0.5
170636.226656352,0.40259132672933673,0.10655240347463742,0.5073695700142988,51.48,0.0,1.0,0.2084414197210478,15.315,0.4,0.1,0.5
170636.22666224,0.4020820351919963,0.10112927355332539,0.5072727784188926,51.48,0.0,1.0,0.39155247657702574,15.32,0.4,0.1,0.5
170636.226668224,0.4015811250988317,0.09696496205853651,0.507350371561648,51.48,0.0,1.0,0.3305154576250331,15.325000000000001,0.4,0.1,0.5
170636.226674176,0.4015329813282483,0.11060515681607368,0.5069649942790899,51.48,0.0,1.0,0.34577471236303126,15.33,0.4,0.1,0.5
170636.226680768,0.4012931511980161,0.10797866229427207,0.5069174325423271,51.48,0.0,1.0,0.5746635334330037,15.335,0.4,0.1,0.5
170636.226687008,0.4005165230703446,0.10581931509473885,0.5073012019644292,51.48,0.0,1.0,0.4831080050050147,15.34,0.4,0.1,0.5
170636.22670352,0.40017472778892593,0.1024125471688702,0.5073390127375386,51.48,0.0,1.0,0.4525894955290184,15.345,0.4,0.1,0.5
170636.270030272,0.40041137959291107,0.10884770016986016,0.506966469019432,51.48,0.0,1.0,0.22370067445904596,15.35,0.4,0.1,0.5
170636.270039232,0.4003350048177175,0.11196775190388632,0.5067345903272963,51.48,0.0,1.0,0.513626514481011,15.355,0.4,0.1,0.5
170636.270046144,0.4000711724896716,0.1032639336956234,0.50682923967643,51.48,0.0,1.0,0.4525894955290184,15.36,0.4,0.1,0.5
170636.270062528,0.3996390637386744,0.10289094948433475,0.5071534585873914,51.48,0.0,1.0,0.34577471236303126,15.365,0.4,0.1,0.5
170636.270069344,0.3998000963856496,0.11869497893392268,0.5070541537204961,51.48,0.0,1.0,0.5441450239570074,15.370000000000001,0.4,0.1,0.5
170636.270075904,0.3999045140617088,0.12342746345387264,0.5070525458912636,51.48,0.0,1.0,0.2542191839350423,15.375,0.4,0.1,0.5
170636.270082688,0.4001298462363785,0.10723284334594077,0.5069784146243821,51.48,0.0,1.0,0.2542191839350423,15.38,0.4,0.1,0.5
170636.270089344,0.40047224663683795,0.10133066364860621,0.506787891836823,51.48,0.0,1.0,0.11688589129305882,15.385,0.4,0.1,0.5
170636.270095648,0.4005607095274448,0.11127468490603101,0.5068291270274828,51.48,0.0,1.0,0.46784875026701656,15.39,0.4,0.1,0.5
170636.311157152,0.40060339444921605,0.10267287512163294,0.5068503699739135,51.48,0.0,1.0,0.1626636555070533,15.395,0.4,0.1,0.5
170636.311167168,0.40075403206854465,0.09509275167710766,0.5068590325299088,51.48,0.0,1.0,0.4831080050050147,15.4,0.4,0.1,0.5
170636.31117392,0.40120010662241906,0.09529994964859145,0.5066512482716058,51.48,0.0,1.0,0.26947843867304044,15.405000000000001,0.4,0.1,0.5
170636.31119424,0.40112142416116897,0.09391668104710377,0.5068334801953125,51.48,0.0,1.0,0.2542191839350423,15.41,0.4,0.1,0.5
170636.311200608,0.40157156014081885,0.09923226787953189,0.5065025193205546,51.48,0.0,1.0,0.26947843867304044,15.415000000000001,0.4,0.1,0.5
170636.311207232,0.40137377790983714,0.10037336068827406,0.5067371044247257,51.48,0.0,1.0,0.3305154576250331,15.42,0.4,0.1,0.5
170636.3112136,0.401506733887748,0.1061308226820466,0.5066661256968132,51.48,0.0,1.0,0.17792291024505147,15.425,0.4,0.1,0.5
170636.311219808,0.4011969598818951,0.09646083908725513,0.5069863628863907,51.48,0.0,1.0,0.43733024079102023,15.43,0.4,0.1,0.5
170636.355221504,0.4017319451127631,0.10430978596800364,0.506680349572645,51.48,0.0,1.0,0.5441450239570074,15.435,0.4,0.1,0.5
170636.355230656,0.4015849041159442,0.09086724232340004,0.5070737087490683,51.48,0.0,1.0,0.31525620288703493,15.44,0.4,0.1,0.5
170636.355236896,0.4012492810699687,0.09947472898738714,0.5073227281523415,51.48,0.0,1.0,0.31525620288703493,15.445,0.4,0.1,0.5
170636.355242624,0.40142665979516223,0.09331423426705067,0.5072111470890023,51.48,0.0,1.0,0.23895992919704412,15.450000000000001,0.4,0.1,0.5
170636.355248832,0.40150063978993816,0.09771135527746691,0.507183938745821,51.48,0.0,1.0,0.39155247657702574,15.455,0.4,0.1,0.5
170636.355255232,0.4016426228301501,0.10487429659876374,0.5072441153575543,51.48,0.0,1.0,0.3610339671010294,15.46,0.4,0.1,0.5
170636.355261856,0.4019132776365084,0.1131792035157951,0.5070404648047752,51.48,0.0,1.0,0.3762932218390276,15.465,0.4,0.1,0.5
170636.355268256,0.4017079899309243,0.09864902923357034,0.5072892074360877,51.48,0.0,1.0,0.39155247657702574,15.47,0.4,0.1,0.5
170636.355280512,0.4017530886036336,0.09889001561546419,0.5073466743433888,51.48,0.0,1.0,0.46784875026701656,15.475,0.4,0.1,0.5
170636.39676576,0.40204165089312405,0.10324361895705586,0.5071172454481069,51.48,0.0,1.0,0.43733024079102023,15.48,0.4,0.1,0.5
170636.396784448,0.4022421581786707,0.09630772744805478,0.5070363721709609,51.48,0.0,1.0,-0.005188146610926481,15.485000000000001,0.4,0.1,0.5
170636.396792608,0.4015492646401698,0.09146760271373439,0.5072677746934923,51.48,0.0,1.0,0.26947843867304044,15.49,0.4,0.1,0.5
170636.396799264,0.393820290059014,0.09156336922119904,0.5069921211874795,51.48,0.0,1.0,0.2847376934110386,15.495000000000001,0.4,0.1,0.5
170636.396805664,0.376231347584531,0.12887955765740985,0.5067855625913178,51.3,0.0,1.0,0.5899227881710019,15.5,0.4,0.1,0.5
170636.396812224,0.35180027552647053,0.14563567737561653,0.5065316992005051,51.12,0.0,1.0,0.14740440076905514,15.505,0.4,0.1,0.5
170636.396838944,0.32572524669763975,0.15188217829255976,0.5063683535293655,50.94,0.0,1.0,0.39155247657702574,15.51,0.4,0.1,0.5
170636.396846208,0.29869278924610754,0.1697076577117513,0.5060179031451983,50.76,0.0,1.0,0.17792291024505147,15.515,0.4,0.1,0.5
170636.44088512,0.27265419559405535,0.203458177854063,0.5059075392322001,50.4,0.0,1.0,0.5441450239570074,15.52,0.4,0.1,0.5
170636.440897792,0.24664450782376132,0.2258467131420253,0.5056383801500997,49.86,0.0,1.0,0.1626636555070533,15.525,0.4,0.1,0.5
170636.440904896,0.2227663590388547,0.2346881533601449,0.5058140867267792,49.32,0.0,1.0,0.4068117313150239,15.530000000000001,0.4,0.1,0.5
170636.440911616,0.19935997498702587,0.25351222071208734,0.505774125753232,48.6,0.0,1.0,0.29999694814903677,15.535,0.4,0.1,0.5
170636.440951712,0.17837811043437368,0.26760582961216234,0.5054401162825289,47.879999999999995,0.0,1.0,0.2847376934110386,15.540000000000001,0.4,0.1,0.5
170636.44095792,0.15946829164808185,0.2755609109884726,0.5050162306380716,46.8,0.0,1.0,0.2084414197210478,15.545,0.4,0.1,0.5
170636.440964448,0.14191477662332175,0.27524194067670077,0.505037065234651,45.9,0.0,1.0,0.42207098605302207,15.55,0.4,0.1,0.5
170636.440971136,0.12990755618584607,0.274834996206516,0.5047285252395385,44.64,0.0,1.0,0.26947843867304044,15.555,0.4,0.1,0.5
170636.44097744,0.12702559002433514,0.28795549930385755,0.5043389988081465,43.559999999999995,0.0,1.0,0.34577471236303126,15.56,0.4,0.1,0.5
170636.484228096,0.12634982493643726,0.2819687467879633,0.5042195490388407,42.12,0.0,1.0,0.29999694814903677,15.565,0.4,0.1,0.5
170636.484244032,0.12678727194702383,0.29000399811103994,0.5039770303732996,40.86,0.0,1.0,0.4525894955290184,15.57,0.4,0.1,0.5
170636.484251104,0.1377656314559936,0.2886135076752407,0.5039150673246348,39.42,0.0,1.0,0.07110812707906433,15.575000000000001,0.4,0.1,0.5
170636.484276352,0.157410599906932,0.28842944830017275,0.503922095054809,37.8,0.0,1.0,0.5288857692190092,15.58,0.4,0.1,0.5
170636.48428368,0.17638764337141213,0.2703664897254994,0.5037572295389079,36.18,0.0,1.0,0.2542191839350423,15.585,0.4,0.1,0.5
170636.484290912,0.19422528426841637,0.2717601760768346,0.5038468421191007,34.56,0.0,1.0,0.43733024079102023,15.59,0.4,0.1,0.5
170636.484297088,0.21425362530972028,0.2798198652454771,0.503573217029813,32.94,0.0,1.0,0.29999694814903677,15.595,0.4,0.1,0.5
170636.484303488,0.23108368758793255,0.27621979009799946,0.5034978276586369,31.14,0.0,1.0,0.7425153355510403,15.6,0.4,0.1,0.5
170636.484309504,0.2455689144782256,0.26769927439667124,0.5037105713422555,29.52,0.0,1.0,0.23895992919704412,15.605,0.4,0.1,0.5
170636.526343296,0.2610369404114468,0.26930263587733744,0.5038371701893359,27.9,0.0,1.0,0.43733024079102023,15.610000000000001,0.4,0.1,0.5
170636.526360192,0.27371056257367093,0.25341780822223275,0.5036054464629868,26.279999999999998,0.0,1.0,0.31525620288703493,15.615,0.4,0.1,0.5
170636.526368224,0.28344615375329624,0.25030289683945284,0.50344222351282,24.84,0.0,1.0,0.4983672597430129,15.620000000000001,0.4,0.1,0.5
170636.526374688,0.2943489376988748,0.24899210762339513,0.5036151357946668,23.4,0.0,1.0,0.19318216498304963,15.625,0.4,0.1,0.5
170636.526380512,0.30297386143180655,0.2396555344658912,0.5033398201760985,22.32,0.0,1.0,0.3610339671010294,15.63,0.4,0.1,0.5
170636.5263872,0.30896343942563664,0.22657923553416004,0.5033059486628012,21.419999999999998,-0.18,1.0,0.11688589129305882,15.635,0.4,0.1,0.5
170636.526393376,0.3165004443055188,0.21935691377082067,0.5033726372250065,20.88,-0.18,1.0,0.5746635334330037,15.64,0.4,0.1,0.5
170636.526399744,0.32291358056515607,0.21138261226229532,0.5031275630457928,20.52,-0.18,1.0,0.31525620288703493,15.645,0.4,0.1,0.5
170636.570365152,0.3272032872016829,0.20626725894426198,0.5030303070018697,20.52,-0.18,1.0,0.2847376934110386,15.65,0.4,0.1,0.5
170636.570376448,0.33300805364482255,0.2024208363933801,0.5029054049078929,20.7,-0.18,1.0,0.22370067445904596,15.655000000000001,0.4,0.1,0.5
170636.570383328,0.3379903306841668,0.19510955715316336,0.5029462149031425,21.06,-0.18,1.0,0.4983672597430129,15.66,0.4,0.1,0.5
170636.570389408,0.34095463287614625,0.18280848934389085,0.5029565542902029,21.779999999999998,-0.18,1.0,0.2542191839350423,15.665000000000001,0.4,0.1,0.5
170636.570395744,0.345350146819674,0.1848322116465625,0.5030265752722265,22.68,-0.18,1.0,0.42207098605302207,15.67,0.4,0.1,0.5
170636.570410912,0.34954574998149246,0.1881770826957683,0.502914452770337,23.939999999999998,-0.18,1.0,0.1626636555070533,15.675,0.4,0.1,0.5
170636.570417376,0.3521862331775453,0.18080105268343402,0.502747721398796,25.38,-0.18,1.0,0.3762932218390276,15.68,0.4,0.1,0.5
170636.570423968,0.35557523707633065,0.18453142089601654,0.502447394354733,26.82,-0.18,1.0,0.2542191839350423,15.685,0.4,0.1,0.5
170636.570430272,0.35945690179430473,0.1857748319357412,0.5025043204209237,28.619999999999997,0.0,1.0,0.39155247657702574,15.69,0.4,0.1,0.5
170636.611333024,0.36214611115002865,0.18067943855899268,0.5023601781093804,30.419999999999998,0.0,1.0,0.04058961760306801,15.695,0.4,0.1,0.5
170636.611349632,0.36477498388888363,0.16827718381831974,0.50257261669434,32.4,0.0,1.0,0.4068117313150239,15.700000000000001,0.4,0.1,0.5
170636.61135744,0.3680566237956155,0.17824196270148157,0.502907602692286,34.379999999999995,0.0,1.0,0.31525620288703493,15.705,0.4,0.1,0.5
170636.611363968,0.3703861265391854,0.17436489063195515,0.5032750365535825,36.54,0.0,1.0,0.4068117313150239,15.71,0.4,0.1,0.5
170636.611369952,0.37203918476164044,0.1587244685088945,0.504095776950999,38.699999999999996,0.0,1.0,0.0863673818170625,15.715,0.4,0.1,0.5
170636.611376736,0.3751770670486717,0.16425288658606146,0.5045294958152086,40.68,0.0,1.0,0.5746635334330037,15.72,0.4,0.1,0.5
170636.611402048,0.37806806057127257,0.15924819426360873,0.5044295140246954,42.839999999999996,0.0,1.0,0.43733024079102023,15.725,0.4,0.1,0.5
170636.611410144,0.3801052255941924,0.158978794594621,0.5047433730519123,45.0,0.0,1.0,0.5288857692190092,15.73,0.4,0.1,0.5
170636.655515296,0.38227343483812204,0.1483647048818618,0.5054389922214008,47.16,0.0,1.0,-0.06622516556291913,15.735000000000001,0.4,0.1,0.5
170636.655541792,0.3847313202915836,0.14136767049315846,0.5056616208479409,49.14,0.0,1.0,0.4068117313150239,15.74,0.4,0.1,0.5
170636.65554848,0.3864872838420034,0.1479295705625793,0.5059420019963164,50.94,0.0,1.0,0.3762932218390276,15.745000000000001,0.4,0.1,0.5
170636.655554912,0.3884761151805346,0.1445207876926514,0.5063822728088552,52.919999999999995,0.0,1.0,0.23895992919704412,15.75,0.4,0.1,0.5
170636.655560896,0.39037762047106966,0.13636834459640715,0.506624034874496,54.54,0.0,1.0,0.2847376934110386,15.755,0.4,0.1,0.5
170636.655567424,0.39183749437835796,0.14602255096342664,0.5069035204568652,56.339999999999996,0.0,1.0,0.2847376934110386,15.76,0.4,0.1,0.5
170636.655573952,0.3938185926051149,0.14496435645409741,0.5068541384804472,57.78,0.0,1.0,0.19318216498304963,15.765,0.4,0.1,0.5
170636.655580224,0.3952372988973622,0.14328259531366366,0.5073151420386255,59.22,0.0,1.0,0.42207098605302207,15.77,0.4,0.1,0.5
170636.655586816,0.396826066879268,0.14370767619469513,0.5075055299872735,60.48,0.0,1.0,0.2084414197210478,15.775,0.4,0.1,0.5
170636.697002624,0.3986731420970744,0.13320446836093955,0.5074576666664145,61.559999999999995,0.0,1.0,0.3762932218390276,15.780000000000001,0.4,0.1,0.5
170636.6970192,0.40004300334119774,0.12610469440355107,0.507738209207027,62.46,0.0,1.0,0.34577471236303126,15.785,0.4,0.1,0.5
170636.69702624,0.4013462628052046,0.12820007738679245,0.5075883778653115,63.18,0.0,1.0,0.4983672597430129,15.790000000000001,0.4,0.1,0.5
170636.697056832,0.40154318432985114,0.1278619650328378,0.5082628720339808,63.72,0.0,1.0,0.34577471236303126,15.795,0.4,0.1,0.5
170636.697064128,0.40278278142514234,0.13089028557177407,0.5076600401700426,64.08,0.0,1.0,0.4525894955290184,15.8,0.4,0.1,0.5
170636.697077344,0.4033911740394451,0.12555386081114173,0.5075343803885409,64.25999999999999,0.0,1.0,0.3305154576250331,15.805,0.4,0.1,0.5
170636.697083968,0.4032470942248808,0.12217992827211065,0.5076942114970414,64.25999999999999,0.0,1.0,0.34577471236303126,15.81,0.4,0.1,0.5
170636.697090464,0.40320744562542205,0.1319551976493477,0.5076053898448036,64.08,0.0,1.0,0.43733024079102023,15.815,0.4,0.1,0.5
170636.740614656,0.403255027206596,0.12020208746400399,0.5074579153014556,63.72,0.0,1.0,0.2084414197210478,15.82,0.4,0.1,0.5
170636.740630272,0.40296405340085467,0.12089859504203768,0.5073296849520276,63.36,0.0,1.0,0.4831080050050147,15.825000000000001,0.4,0.1,0.5
170636.74063744,0.4030115926429377,0.11666872311768796,0.5071898323282925,62.82,0.0,1.0,0.513626514481011,15.83,0.4,0.1,0.5
170636.740643872,0.4031204771030876,0.1183306637903711,0.507074265584499,62.099999999999994,0.0,1.0,0.3305154576250331,15.835,0.4,0.1,0.5
170636.740650304,0.40270983256201776,0.11268617777547127,0.507198662750508,61.559999999999995,0.0,1.0,0.31525620288703493,15.84,0.4,0.1,0.5
170636.740657664,0.4029011060643674,0.10755505508723237,0.5069190356636076,60.839999999999996,0.0,1.0,0.4983672597430129,15.845,0.4,0.1,0.5
170636.74066416,0.40327759984705186,0.12188870196556577,0.5066341251227804,60.12,0.0,1.0,0.26947843867304044,15.85,0.4,0.1,0.5
170636.740670592,0.4038219278987116,0.12202411173400188,0.5062971636660384,59.22,0.0,1.0,0.2847376934110386,15.855,0.4,0.1,0.5
170636.740676832,0.40421470654879277,0.11622499181233699,0.5061234178953796,58.5,0.0,1.0,0.3762932218390276,15.860000000000001,0.4,0.1,0.5
170636.781730016,0.4045006035312228,0.12204130946293676,0.5061484442952273,57.599999999999994,0.0,1.0,0.2847376934110386,15.865,0.4,0.1,0.5
170636.781744896,0.40468533137640517,0.11485359304938574,0.5059602961719774,56.699999999999996,0.0,1.0,0.2847376934110386,15.870000000000001,0.4,0.1,0.5
170636.78176208,0.4048775605266997,0.10909947616504201,0.505963885908253,55.98,0.0,1.0,0.2084414197210478,15.875,0.4,0.1,0.5
170636.781768544,0.40557187682704776,0.11674982180508908,0.5056992593425143,55.26,0.0,1.0,0.2542191839350423,15.88,0.4,0.1,0.5
170636.781774656,0.4060869221021859,0.11751112034464467,0.5056729501039481,54.36,0.0,1.0,0.26947843867304044,15.885,0.4,0.1,0.5
170636.781781664,0.40641305808388534,0.11637480942618537,0.5055630446637028,53.64,0.0,1.0,0.34577471236303126,15.89,0.4,0.1,0.5
170636.781787968,0.4067916827682984,0.1248019950295249,0.5056100648412054,52.919999999999995,0.0,1.0,0.39155247657702574,15.895,0.4,0.1,0.5
170636.781794496,0.40721996967902324,0.11309967711673316,0.5055960011167313,52.379999999999995,0.0,1.0,0.2847376934110386,15.9,0.4,0.1,0.5
170636.825717728,0.4075253766754533,0.11946652707108983,0.5055538683862378,51.66,0.0,1.0,0.39155247657702574,15.905000000000001,0.4,0.1,0.5
170636.825735456,0.4079273578908076,0.12111173544563127,0.5055645633307794,51.3,0.0,1.0,0.29999694814903677,15.91,0.4,0.1,0.5
170636.825744512,0.40797061003617735,0.1278808936060686,0.5058509980685464,50.76,0.0,1.0,0.42207098605302207,15.915000000000001,0.4,0.1,0.5
170636.8257528,0.40803206112559703,0.13316954034406925,0.5059567845948801,50.4,0.0,1.0,0.42207098605302207,15.92,0.4,0.1,0.5
170636.825760576,0.40830573407942206,0.1266749187838029,0.505994279473399,50.22,0.0,1.0,0.5746635334330037,15.925,0.4,0.1,0.5
170636.825768128,0.40870766619516147,0.11114409149744225,0.5060381047511238,50.04,0.0,1.0,0.2542191839350423,15.93,0.4,0.1,0.5
170636.82580864,0.4089303130056482,0.11530177469208763,0.5060953142041581,49.86,0.0,1.0,0.4525894955290184,15.935,0.4,0.1,0.5
170636.825822176,0.4091229153471038,0.11695053228800863,0.5059580975536354,49.86,0.0,1.0,0.22370067445904596,15.94,0.4,0.1,0.5
170636.825828576,0.40944088412467616,0.11180203159699457,0.5060507891903449,49.86,0.0,1.0,0.26947843867304044,15.945,0.4,0.1,0.5
170636.8699016,0.40915447542641625,0.10361607064494219,0.5064065809042215,50.04,0.0,1.0,0.29999694814903677,15.950000000000001,0.4,0.1,0.5
170636.869919072,0.4085835358139787,0.11321469141944664,0.5066987068697827,50.22,0.0,1.0,0.5899227881710019,15.955,0.4,0.1,0.5
170636.869926528,0.4083402316025772,0.1147555255789705,0.5069900991033662,50.4,0.0,1.0,0.2542191839350423,15.96,0.4,0.1,0.5
170636.869933056,0.4082479568317071,0.11654422646661189,0.5069904409912926,50.58,0.0,1.0,0.34577471236303126,15.965,0.4,0.1,0.5
170636.869939264,0.4073821646833834,0.11563251827387919,0.5074625803402685,50.76,0.0,1.0,0.26947843867304044,15.97,0.4,0.1,0.5
170636.869946208,0.40749196024926426,0.10872378573141256,0.5072791939673135,50.94,0.0,1.0,0.39155247657702574,15.975,0.4,0.1,0.5
170636.86995296,0.4066935613702151,0.09743945913531189,0.5077377615207307,51.12,0.0,1.0,0.43733024079102023,15.98,0.4,0.1,0.5
170636.86995968,0.40643460146427757,0.08848200463296482,0.507618267324318,51.3,0.0,1.0,0.3610339671010294,15.985000000000001,0.4,0.1,0.5
170636.869966336,0.40598560070233536,0.0954663699316806,0.5077826150303797,51.48,0.0,1.0,0.31525620288703493,15.99,0.4,0.1,0.5
170636.91086176,0.4057224417381282,0.09066184072394952,0.5079705768729865,51.66,0.0,1.0,0.31525620288703493,15.995000000000001,0.4,0.1,0.5
170636.910872768,0.4051138468467466,0.1007809294184126,0.5081421983471662,51.839999999999996,0.0,1.0,0.2847376934110386,16.0,0.4,0.1,0.5
170636.910900928,0.40543110275996436,0.10961185706287813,0.5077400722087781,52.019999999999996,0.0,1.0,0.3305154576250331,16.005,0.4,0.1,0.5
170636.910906944,0.4049562295114817,0.10880119348328468,0.5080903553563628,52.199999999999996,0.0,1.0,0.19318216498304963,16.01,0.4,0.1,0.5
170636.910912928,0.4048465482526958,0.11114107220733573,0.5078739801479473,52.199999999999996,0.0,1.0,0.26947843867304044,16.015,0.4,0.1,0.5
170636.910919264,0.40462544997547906,0.09480411564506552,0.5078764443866169,52.199999999999996,0.0,1.0,0.05584887234106617,16.02,0.4,0.1,0.5
170636.910925504,0.403965640136507,0.10046360137015284,0.5080778216727099,52.379999999999995,0.0,1.0,0.23895992919704412,16.025,0.4,0.1,0.5
170636.910931712,0.4041640680578662,0.10712732082281895,0.5078525070483677,52.379999999999995,0.0,1.0,0.43733024079102023,16.03,0.4,0.1,0.5
170636.95509744,0.4041746221112579,0.11056033567852597,0.5076440200233779,52.379999999999995,0.0,1.0,0.3762932218390276,16.035,0.4,0.1,0.5
170636.955108448,0.40382400276886765,0.11914753415843908,0.5076934240244321,52.379999999999995,0.0,1.0,0.05584887234106617,16.04,0.4,0.1,0.5
170636.955115328,0.4033234957514448,0.11696338690137686,0.5079159389801724,52.199999999999996,0.0,1.0,0.4525894955290184,16.045,0.4,0.1,0.5
170636.955121472,0.40321362673734146,0.10273904882744186,0.5077476156585257,52.199999999999996,0.0,1.0,0.2084414197210478,16.05,0.4,0.1,0.5
170636.955127488,0.4029596597873786,0.09409001241585499,0.5078708755469478,52.199999999999996,0.0,1.0,0.4983672597430129,16.055,0.4,0.1,0.5
170636.9551344,0.4030293602076386,0.08367758227710612,0.5078383231170803,52.199999999999996,0.0,1.0,0.4068117313150239,16.06,0.4,0.1,0.5
170636.955140736,0.4032047143616285,0.07660716926283988,0.5073902475079838,52.199999999999996,0.0,1.0,0.3762932218390276,16.065,0.4,0.1,0.5
170636.955160096,0.4036347714281626,0.07370909290369564,0.5068368659234342,52.199999999999996,0.0,1.0,0.1626636555070533,16.07,0.4,0.1,0.5
170636.9551664,0.4036368290185319,0.09211492028561044,0.5067306286699353,52.199999999999996,0.0,1.0,0.3610339671010294,16.075,0.4,0.1,0.5
170636.9961608,0.4031714220988829,0.10027455210637964,0.5068419681084659,52.199999999999996,0.0,1.0,0.04058961760306801,16.080000000000002,0.4,0.1,0.5
170636.996173664,0.4028205815968319,0.09357650869762547,0.5069523920313969,52.199999999999996,0.0,1.0,0.46784875026701656,16.085,0.4,0.1,0.5
170636.996180384,0.4027469658380937,0.0872143808620791,0.5068670621797324,52.199999999999996,0.0,1.0,0.11688589129305882,16.09,0.4,0.1,0.5
170636.996186368,0.40310680314921815,0.0833560958043229,0.5063841483652609,52.199999999999996,0.0,1.0,0.3762932218390276,16.095,0.4,0.1,0.5
170636.996192128,0.4034696222385193,0.09857220546963845,0.5058963138247843,52.199999999999996,0.0,1.0,0.23895992919704412,16.1,0.4,0.1,0.5
170636.99619904,0.4035736166930042,0.10392314784636052,0.505659340391841,52.199999999999996,0.0,1.0,0.2847376934110386,16.105,0.4,0.1,0.5
170636.996205312,0.4030806754908325,0.09212690598251555,0.5058784258800844,52.199999999999996,0.0,1.0,0.1626636555070533,16.11,0.4,0.1,0.5
170636.996211616,0.40353548016750845,0.09824836970595549,0.5053794106932619,52.199999999999996,0.0,1.0,0.4525894955290184,16.115000000000002,0.4,0.1,0.5
170637.04050544,0.4028909010886348,0.09074261975198374,0.5058235644707603,52.199999999999996,0.0,1.0,0.4525894955290184,16.12,0.4,0.1,0.5
170637.04051632,0.40301754775656873,0.10497598038301677,0.5054269359263602,52.199999999999996,0.0,1.0,0.5746635334330037,16.125,0.4,0.1,0.5
170637.040522624,0.40282839964794126,0.10994142808402342,0.5052382918199742,52.199999999999996,0.0,1.0,0.19318216498304963,16.13,0.4,0.1,0.5
170637.040528768,0.40225673765830655,0.09858379665689564,0.5052727259554234,52.199999999999996,0.0,1.0,0.5288857692190092,16.135,0.4,0.1,0.5
170637.040551648,0.40122264387272355,0.0914380911759762,0.5056486194404913,52.199999999999996,0.0,1.0,0.4983672597430129,16.14,0.4,0.1,0.5
170637.040558112,0.4008219411118171,0.10333306566819489,0.5057758856643988,52.199999999999996,0.0,1.0,0.39155247657702574,16.145,0.4,0.1,0.5
170637.040571168,0.4005328787392559,0.10495867481484715,0.5058184459066098,52.199999999999996,0.0,1.0,0.05584887234106617,16.15,0.4,0.1,0.5
170637.040577952,0.4002798780640118,0.09300518466011938,0.5060083467366941,52.199999999999996,0.0,1.0,0.6204412976469982,16.155,0.4,0.1,0.5
170637.04058448,0.4001920723362976,0.09767355282849573,0.5060474314106059,52.199999999999996,0.0,1.0,0.14740440076905514,16.16,0.4,0.1,0.5
170637.081454368,0.3997886316289078,0.09012764680084201,0.5065918841578156,52.199999999999996,0.0,1.0,0.46784875026701656,16.165,0.4,0.1,0.5
170637.081464096,0.3995037563838671,0.10192573144572337,0.5069865438980962,52.199999999999996,0.0,1.0,0.05584887234106617,16.17,0.4,0.1,0.5
170637.081470304,0.39951768630941686,0.09560098332661242,0.5071537321624616,52.199999999999996,0.0,1.0,0.3305154576250331,16.175,0.4,0.1,0.5
170637.0814768,0.3996318880782728,0.09395433176144784,0.5073196759926213,52.199999999999996,0.0,1.0,0.31525620288703493,16.18,0.4,0.1,0.5
170637.081482624,0.39948175052300827,0.09810768027853234,0.507761064537218,52.199999999999996,0.0,1.0,0.4068117313150239,16.185,0.4,0.1,0.5
170637.081489376,0.399676201514117,0.10041117602927895,0.5077986616361136,52.199999999999996,0.0,1.0,0.14740440076905514,16.19,0.4,0.1,0.5
170637.081495328,0.40001780363488465,0.10711295480800014,0.5077579438619793,52.199999999999996,0.0,1.0,0.6662190618609927,16.195,0.4,0.1,0.5
170637.08150192,0.39984242117550123,0.11023637675428026,0.5079927164579555,52.199999999999996,0.0,1.0,0.22370067445904596,16.2,0.4,0.1,0.5
170637.125720672,0.39988132838188406,0.10190141086209935,0.5080911643696893,52.199999999999996,0.0,1.0,0.513626514481011,16.205000000000002,0.4,0.1,0.5
170637.125732032,0.39976479343581334,0.10947245938790323,0.5082641967763779,52.199999999999996,0.0,1.0,0.2847376934110386,16.21,0.4,0.1,0.5
170637.125738592,0.3996948088047442,0.11545160859975083,0.5083479779395048,52.199999999999996,0.0,1.0,0.4525894955290184,16.215,0.4,0.1,0.5
170637.125757312,0.3999520560766635,0.11501419997875437,0.5081891892809675,52.199999999999996,0.0,1.0,0.11688589129305882,16.22,0.4,0.1,0.5
170637.125764384,0.39974663662783566,0.10793589976066503,0.5085794924521903,52.199999999999996,0.0,1.0,0.4068117313150239,16.225,0.4,0.1,0.5
170637.1257712,0.40010577079218407,0.10111845158719149,0.5082655337256704,52.199999999999996,0.0,1.0,0.42207098605302207,16.23,0.4,0.1,0.5
170637.125777696,0.4003784540772997,0.10721562080848028,0.5079215494620166,52.199999999999996,0.0,1.0,0.42207098605302207,16.235,0.4,0.1,0.5
170637.12578416,0.40053059070703284,0.10319809180058029,0.5078383900623316,52.199999999999996,0.0,1.0,0.22370067445904596,16.240000000000002,0.4,0.1,0.5
170637.125800032,0.40081614259271897,0.0929373430340204,0.5073789433085131,52.199999999999996,0.0,1.0,0.4983672597430129,16.245,0.4,0.1,0.5
170637.166875968,0.4008420367902078,0.09802612509555028,0.5073477833014762,52.199999999999996,0.0,1.0,0.23895992919704412,16.25,0.4,0.1,0.5
170637.166892,0.4010893562305782,0.11314181272297039,0.5070511280669227,52.199999999999996,0.0,1.0,0.34577471236303126,16.255,0.4,0.1,0.5
170637.166898944,0.4012846214797444,0.11285242414417486,0.5069205230598217,52.199999999999996,0.0,1.0,0.04058961760306801,16.26,0.4,0.1,0.5
170637.166905984,0.40118453012054484,0.09544798035148569,0.5068119901703377,52.199999999999996,0.0,1.0,0.513626514481011,16.265,0.4,0.1,0.5
170637.16693376,0.4013749709221344,0.10759989692772834,0.5064710859701499,52.199999999999996,0.0,1.0,0.39155247657702574,16.27,0.4,0.1,0.5
170637.166941088,0.4017431762871387,0.11085703904859477,0.5061106314220635,52.199999999999996,0.0,1.0,0.4831080050050147,16.275,0.4,0.1,0.5
170637.166947616,0.4014598005770599,0.1005637712451978,0.5062600451382577,52.199999999999996,0.0,1.0,0.42207098605302207,16.28,0.4,0.1,0.5
170637.166954112,0.4015976063191603,0.10020081688363887,0.5060006254206139,52.199999999999996,0.0,1.0,0.42207098605302207,16.285,0.4,0.1,0.5
170637.210763776,0.4017258816031013,0.10690818623032931,0.5059231487009622,52.199999999999996,0.0,1.0,0.29999694814903677,16.29,0.4,0.1,0.5
170637.21078288,0.4017615812503439,0.09186758857103637,0.505940243187488,52.199999999999996,0.0,1.0,0.2847376934110386,16.295,0.4,0.1,0.5
170637.210790976,0.40183153463908183,0.10130898785246815,0.5058934424165834,52.199999999999996,0.0,1.0,0.43733024079102023,16.3,0.4,0.1,0.5
170637.210797696,0.4019950329497632,0.09783937129776629,0.5057770164779024,52.199999999999996,0.0,1.0,0.4068117313150239,16.305,0.4,0.1,0.5
170637.210803648,0.4020145765789412,0.10696489244081148,0.5057126627907352,52.199999999999996,0.0,1.0,0.26947843867304044,16.31,0.4,0.1,0.5
170637.210809888,0.4023003348597293,0.10624442151212371,0.505495350316611,52.199999999999996,0.0,1.0,0.26947843867304044,16.315,0.4,0.1,0.5
170637.210816992,0.40239751017704434,0.10185147453492915,0.5055992265012624,52.199999999999996,0.0,1.0,0.3762932218390276,16.32,0.4,0.1,0.5
170637.210823744,0.40250921036221926,0.10723816505786724,0.5056473116867974,52.199999999999996,0.0,1.0,0.17792291024505147,16.325,0.4,0.1,0.5
170637.210830112,0.4023006793895969,0.1002798447637517,0.5060959278353455,52.199999999999996,0.0,1.0,0.29999694814903677,16.330000000000002,0.4,0.1,0.5
170637.251869024,0.4020291896461966,0.11206369108952687,0.5064462853003225,52.199999999999996,0.0,1.0,0.34577471236303126,16.335,0.4,0.1,0.5
170637.251881248,0.4022243992289432,0.10669076824159421,0.5064017365617225,52.199999999999996,0.0,1.0,0.4525894955290184,16.34,0.4,0.1,0.5
170637.251887616,0.40228988292798823,0.11014093200754187,0.5066426815645478,52.199999999999996,0.0,1.0,0.2847376934110386,16.345,0.4,0.1,0.5
170637.251894112,0.40268770671324294,0.10147208804114256,0.5064165842735988,52.199999999999996,0.0,1.0,0.3762932218390276,16.35,0.4,0.1,0.5
170637.251900096,0.40296001963948624,0.0996108024022146,0.5065760156270991,52.199999999999996,0.0,1.0,0.513626514481011,16.355,0.4,0.1,0.5
170637.251906656,0.4031723459136656,0.09336358889658554,0.5067203322025315,52.199999999999996,0.0,1.0,0.39155247657702574,16.36,0.4,0.1,0.5
170637.251928736,0.4030989439586476,0.09473450256851157,0.5069218549738088,52.199999999999996,0.0,1.0,0.43733024079102023,16.365000000000002,0.4,0.1,0.5
170637.251936224,0.40278898885055847,0.09033167551222883,0.5073684218135184,52.199999999999996,0.0,1.0,0.2542191839350423,16.37,0.4,0.1,0.5
170637.296216384,0.4028311023180011,0.10102442424744613,0.5075815748890807,52.199999999999996,0.0,1.0,0.39155247657702574,16.375,0.4,0.1,0.5
170637.29623152,0.40302609151565155,0.0915291131619631,0.5075378826248345,52.199999999999996,0.0,1.0,0.2542191839350423,16.38,0.4,0.1,0.5
170637.296239424,0.402737557021394,0.08781553268404266,0.5079773672122281,52.199999999999996,0.0,1.0,0.14740440076905514,16.385,0.4,0.1,0.5
170637.296246496,0.4027899341255824,0.08824620285178288,0.5080287056094004,52.199999999999996,0.0,1.0,0.31525620288703493,16.39,0.4,0.1,0.5
170637.296252576,0.4026680240604533,0.09765883320259142,0.5080350725451609,52.199999999999996,0.0,1.0,0.14740440076905514,16.395,0.4,0.1,0.5
170637.296274432,0.4025602651152129,0.09660644623487026,0.5079146508160748,52.199999999999996,0.0,1.0,0.46784875026701656,16.4,0.4,0.1,0.5
170637.296281504,0.4017998138013626,0.0919015930419833,0.50814768358804,52.199999999999996,0.0,1.0,0.2542191839350423,16.405,0.4,0.1,0.5
170637.296288672,0.4014069716883963,0.09195493693003765,0.5081944464772141,52.199999999999996,0.0,1.0,0.3305154576250331,16.41,0.4,0.1,0.5
170637.296294912,0.4010903020408739,0.1046738600477026,0.5081128764761412,52.199999999999996,0.0,1.0,0.0863673818170625,16.415,0.4,0.1,0.5
170637.33930272,0.4006539282545999,0.09580189055422783,0.5079956285081578,52.199999999999996,0.0,1.0,0.5594042786950055,16.42,0.4,0.1,0.5
170637.3393208,0.40034356292796985,0.10094610231527892,0.5079126942336767,52.199999999999996,0.0,1.0,0.2542191839350423,16.425,0.4,0.1,0.5
170637.339328384,0.4003491850428732,0.10283200269634499,0.5075545614803566,52.199999999999996,0.0,1.0,0.23895992919704412,16.43,0.4,0.1,0.5
170637.339362592,0.3999612972280826,0.09688134900177071,0.5077897634422038,52.199999999999996,0.0,1.0,0.31525620288703493,16.435,0.4,0.1,0.5
170637.3393704,0.40015496751596713,0.10298326300811626,0.5074832508028467,52.199999999999996,0.0,1.0,0.4525894955290184,16.44,0.4,0.1,0.5
170637.339378144,0.39975508565885043,0.09622882811566523,0.5076347947003479,52.199999999999996,0.0,1.0,0.2847376934110386,16.445,0.4,0.1,0.5
170637.339384416,0.40038819905237794,0.10942147046163109,0.5071261170706538,52.199999999999996,0.0,1.0,0.07110812707906433,16.45,0.4,0.1,0.5
170637.33939088,0.40066805145982404,0.1093338853227845,0.506971939307113,52.199999999999996,0.0,1.0,0.34577471236303126,16.455000000000002,0.4,0.1,0.5
170637.339397024,0.4006213619040272,0.10924955509492094,0.5066779416359517,52.199999999999996,0.0,1.0,0.513626514481011,16.46,0.4,0.1,0.5
170637.38126976,0.40030749271009125,0.11351613822270554,0.5068676274730962,52.199999999999996,0.0,1.0,0.025330362865069844,16.465,0.4,0.1,0.5
170637.381297408,0.40036814977243257,0.11643850141887144,0.506801922730542,52.199999999999996,0.0,1.0,0.4525894955290184,16.47,0.4,0.1,0.5
170637.381304352,0.4009535658427748,0.1236415470174142,0.5064525027698881,52.199999999999996,0.0,1.0,0.1626636555070533,16.475,0.4,0.1,0.5
170637.38131024,0.40106663533596243,0.11319303848751547,0.5062640705942411,52.199999999999996,0.0,1.0,0.2847376934110386,16.48,0.4,0.1,0.5
170637.381315904,0.40110064775069976,0.09904940879647771,0.5061358685579349,52.199999999999996,0.0,1.0,0.29999694814903677,16.485,0.4,0.1,0.5
170637.381322624,0.4005514165768305,0.09498346110444673,0.506522228978387,52.199999999999996,0.0,1.0,0.31525620288703493,16.490000000000002,0.4,0.1,0.5
170637.38132864,0.40071308848734666,0.0865057262523225,0.5063599705402154,52.199999999999996,0.0,1.0,0.43733024079102023,16.495,0.4,0.1,0.5
170637.381334784,0.40111460137644006,0.09870225231725657,0.5061885512367209,52.199999999999996,0.0,1.0,0.3762932218390276,16.5,0.4,0.1,0.5
170637.425350592,0.4014207945462899,0.10547493081682043,0.505968609035525,52.199999999999996,0.0,1.0,0.2847376934110386,16.505,0.4,0.1,0.5
170637.425361312,0.4015990876407875,0.10014470456015385,0.5059621201730269,52.199999999999996,0.0,1.0,0.23895992919704412,16.51,0.4,0.1,0.5
170637.425367136,0.40143988460852287,0.10145415415210825,0.5063005452557936,52.199999999999996,0.0,1.0,0.11688589129305882,16.515,0.4,0.1,0.5
170637.425372704,0.4013578286212743,0.10031050727628762,0.5065344901320696,52.199999999999996,0.0,1.0,0.4068117313150239,16.52,0.4,0.1,0.5
170637.425378976,0.4014777727018389,0.10269723173272165,0.5066224537087815,52.199999999999996,0.0,1.0,0.14740440076905514,16.525,0.4,0.1,0.5
170637.425385312,0.4017019257624671,0.09981198874428433,0.5067052808157464,52.199999999999996,0.0,1.0,0.31525620288703493,16.53,0.4,0.1,0.5
170637.425402624,0.4019991804617872,0.10310925591545698,0.5066933774491935,52.199999999999996,0.0,1.0,0.025330362865069844,16.535,0.4,0.1,0.5
170637.425409184,0.4021107243340723,0.09689297221129958,0.5068165085472672,52.199999999999996,0.0,1.0,0.42207098605302207,16.54,0.4,0.1,0.5
170637.425415264,0.40209874783902294,0.09762682032697939,0.5070150211550564,52.199999999999996,0.0,1.0,0.4525894955290184,16.545,0.4,0.1,0.5
170637.4665536,0.40207022743000154,0.09272897793226566,0.5071581259016045,52.199999999999996,0.0,1.0,0.5899227881710019,16.55,0.4,0.1,0.5
170637.466566656,0.40224869419284653,0.11031397964264714,0.5069816465007215,52.199999999999996,0.0,1.0,0.17792291024505147,16.555,0.4,0.1,0.5
170637.46657344,0.40226480581364515,0.11761291805367081,0.5068310864300648,52.199999999999996,0.0,1.0,0.3610339671010294,16.56,0.4,0.1,0.5
170637.466580224,0.4018422201963437,0.114036216992041,0.5070529407514957,52.199999999999996,0.0,1.0,0.46784875026701656,16.565,0.4,0.1,0.5
170637.466585824,0.4020338166474415,0.10678364634232639,0.5069677526775176,52.199999999999996,0.0,1.0,0.4983672597430129,16.57,0.4,0.1,0.5
170637.466605632,0.40166253594975126,0.11474384606448154,0.507300698361863,52.199999999999996,0.0,1.0,0.2847376934110386,16.575,0.4,0.1,0.5
170637.466612864,0.40141827018095094,0.11048290006845085,0.5075197206449613,52.199999999999996,0.0,1.0,0.4068117313150239,16.580000000000002,0.4,0.1,0.5
170637.46661952,0.40147643854567877,0.11567566247205217,0.5073963219951982,52.199999999999996,0.0,1.0,0.2847376934110386,16.585,0.4,0.1,0.5
170637.510722624,0.4014612472128599,0.11611983981696865,0.5073577324274547,52.199999999999996,0.0,1.0,0.696737571336989,16.59,0.4,0.1,0.5
170637.510732256,0.4013367719540045,0.10320008986982239,0.5075064680894432,52.199999999999996,0.0,1.0,0.2847376934110386,16.595,0.4,0.1,0.5
170637.510749792,0.40106874329011477,0.10877628952940374,0.507669537632641,52.199999999999996,0.0,1.0,0.3305154576250331,16.6,0.4,0.1,0.5
170637.510756128,0.4011848158445698,0.11142657572339847,0.5074589733470128,52.199999999999996,0.0,1.0,0.05584887234106617,16.605,0.4,0.1,0.5
170637.510762048,0.4011309610449965,0.11756469074456523,0.507448169149094,52.199999999999996,0.0,1.0,0.46784875026701656,16.61,0.4,0.1,0.5
170637.510768352,0.4010242610354778,0.12024396548199798,0.5073099951950927,52.199999999999996,0.0,1.0,0.22370067445904596,16.615000000000002,0.4,0.1,0.5
170637.510774848,0.4011017560978199,0.11270051711075157,0.507271403147958,52.199999999999996,0.0,1.0,0.46784875026701656,16.62,0.4,0.1,0.5
170637.510781216,0.400873253942149,0.10212501788087898,0.5075265027440046,52.199999999999996,0.0,1.0,0.14740440076905514,16.625,0.4,0.1,0.5
170637.510787232,0.4008017279076832,0.09471825026271771,0.5075358838722528,52.199999999999996,0.0,1.0,0.4068117313150239,16.63,0.4,0.1,0.5
170637.551777472,0.4004664682678948,0.10059117259363427,0.5077470227181982,52.199999999999996,0.0,1.0,0.2084414197210478,16.635,0.4,0.1,0.5
170637.551790592,0.40049010790790524,0.09632509519236657,0.5077999773091835,52.199999999999996,0.0,1.0,0.46784875026701656,16.64,0.4,0.1,0.5
170637.551812128,0.4009373717283262,0.11546420344897075,0.507454731221619,52.199999999999996,0.0,1.0,0.31525620288703493,16.645,0.4,0.1,0.5
170637.551818976,0.40104944248298996,0.10686340550630187,0.507440296773616,52.199999999999996,0.0,1.0,0.3762932218390276,16.65,0.4,0.1,0.5
170637.5518248,0.40091184552921466,0.11454104605318695,0.507599711393322,52.199999999999996,0.0,1.0,0.26947843867304044,16.655,0.4,0.1,0.5
170637.551831744,0.40094626258081933,0.11560501016626697,0.5075588729721037,52.199999999999996,0.0,1.0,0.513626514481011,16.66,0.4,0.1,0.5
170637.551838176,0.40122306229629495,0.1230490377233204,0.5073843966484212,52.199999999999996,0.0,1.0,0.34577471236303126,16.665,0.4,0.1,0.5
170637.551851008,0.40119931761575056,0.11116393246829351,0.5075419119801856,52.199999999999996,0.0,1.0,0.5594042786950055,16.67,0.4,0.1,0.5
170637.595978944,0.40165917582707533,0.1126962270291177,0.507268379887415,52.199999999999996,0.0,1.0,0.1626636555070533,16.675,0.4,0.1,0.5
170637.595993216,0.4018296073914983,0.11420017254829705,0.5071680278816095,52.199999999999996,0.0,1.0,0.3762932218390276,16.68,0.4,0.1,0.5
170637.596027872,0.4018471718542926,0.11874624997258018,0.5071920529862104,52.199999999999996,0.0,1.0,0.2084414197210478,16.685,0.4,0.1,0.5
170637.59603744,0.4020236893113663,0.1049303023494706,0.507178114474856,52.199999999999996,0.0,1.0,0.3305154576250331,16.69,0.4,0.1,0.5
170637.59604416,0.4017091247546074,0.09673968302489028,0.5074145119026556,52.199999999999996,0.0,1.0,-0.020447401348924643,16.695,0.4,0.1,0.5
170637.596051648,0.4016413163093569,0.09683494499569942,0.5075270963907618,52.199999999999996,0.0,1.0,0.5594042786950055,16.7,0.4,0.1,0.5
170637.59605824,0.40181365745981534,0.09277857988502515,0.5075782439059827,52.199999999999996,0.0,1.0,0.26947843867304044,16.705000000000002,0.4,0.1,0.5
170637.596064704,0.4018791259965042,0.08431927773647023,0.5077367358975672,52.199999999999996,0.0,1.0,0.3305154576250331,16.71,0.4,0.1,0.5
170637.596070752,0.4017558006570252,0.09329303079035929,0.5078824845441487,52.199999999999996,0.0,1.0,0.22370067445904596,16.715,0.4,0.1,0.5
170637.637232352,0.4020680623558098,0.09197038624494458,0.5077490463349136,52.199999999999996,0.0,1.0,0.42207098605302207,16.72,0.4,0.1,0.5
170637.637247456,0.4019635653704391,0.1009250143308378,0.5077999812497856,52.199999999999996,0.0,1.0,0.29999694814903677,16.725,0.4,0.1,0.5
170637.637254816,0.4022443640736947,0.09923544906992383,0.5075231644393405,52.199999999999996,0.0,1.0,0.5899227881710019,16.73,0.4,0.1,0.5
170637.63728768,0.4018246195994033,0.1048999431198467,0.5078881150354865,52.199999999999996,0.0,1.0,0.3305154576250331,16.735,0.4,0.1,0.5
170637.63729408,0.40176365317014534,0.09942071475925393,0.5080151301095928,52.199999999999996,0.0,1.0,0.46784875026701656,16.740000000000002,0.4,0.1,0.5
170637.637301792,0.4018525188218911,0.1155651887661175,0.5078801967029045,52.199999999999996,0.0,1.0,0.43733024079102023,16.745,0.4,0.1,0.5
170637.63730864,0.4019684960151081,0.09796149193705178,0.5077444840773777,52.199999999999996,0.0,1.0,0.6204412976469982,16.75,0.4,0.1,0.5
170637.637315136,0.4016880193061412,0.10716995810659809,0.5076546689468128,52.199999999999996,0.0,1.0,0.11688589129305882,16.755,0.4,0.1,0.5
170637.68048864,0.40161931519295535,0.10345534273271946,0.5074799895204823,52.199999999999996,0.0,1.0,0.42207098605302207,16.76,0.4,0.1,0.5
170637.680510176,0.4009916729788115,0.10981956498721547,0.5077655321434539,52.199999999999996,0.0,1.0,0.513626514481011,16.765,0.4,0.1,0.5
170637.680518912,0.40117398935654236,0.12489410264804228,0.5073429529005781,52.199999999999996,0.0,1.0,0.3305154576250331,16.77,0.4,0.1,0.5
170637.680526336,0.4008716940314513,0.1022424114885853,0.5074892720402382,52.199999999999996,0.0,1.0,0.11688589129305882,16.775,0.4,0.1,0.5
170637.680532128,0.40028822782937196,0.10823082847538901,0.5076306862201231,52.199999999999996,0.0,1.0,0.5899227881710019,16.78,0.4,0.1,0.5
170637.680538208,0.40061782633122334,0.11250344345555201,0.5071883010276146,52.199999999999996,0.0,1.0,0.4983672597430129,16.785,0.4,0.1,0.5
170637.68056544,0.4005986619250375,0.10030590042940461,0.5070934738274693,52.199999999999996,0.0,1.0,0.22370067445904596,16.79,0.4,0.1,0.5
170637.68057312,0.3998563013440272,0.09002359862708727,0.5075661834981429,52.199999999999996,0.0,1.0,0.29999694814903677,16.795,0.4,0.1,0.5
170637.680585344,0.4000072732847454,0.08764466863800982,0.5075722258161978,52.199999999999996,0.0,1.0,0.19318216498304963,16.8,0.4,0.1,0.5
170637.72501456,0.3998131669751323,0.10031611762396445,0.5077022571071151,52.199999999999996,0.0,1.0,0.31525620288703493,16.805,0.4,0.1,0.5
170637.72503184,0.4001726023036123,0.10603406001402788,0.5074566341203574,52.199999999999996,0.0,1.0,0.43733024079102023,16.81,0.4,0.1,0.5
170637.725039808,0.4005954016231544,0.10040199342584886,0.5072247260286459,52.199999999999996,0.0,1.0,0.10162663655506066,16.815,0.4,0.1,0.5
170637.725046656,0.4002717068669369,0.10102552475976237,0.5075540506962337,52.199999999999996,0.0,1.0,0.19318216498304963,16.82,0.4,0.1,0.5
170637.725053024,0.40035671966110803,0.11539713337611168,0.5076367906967453,52.199999999999996,0.0,1.0,0.29999694814903677,16.825,0.4,0.1,0.5
170637.725060608,0.40076976410657666,0.11396049675477327,0.5073935826521111,52.199999999999996,0.0,1.0,0.43733024079102023,16.830000000000002,0.4,0.1,0.5
170637.725066848,0.4007855467813638,0.1070718668229977,0.5073829314870318,52.199999999999996,0.0,1.0,0.2542191839350423,16.835,0.4,0.1,0.5
170637.72507328,0.40083974070933237,0.10124624737397683,0.5075680190757117,52.199999999999996,0.0,1.0,0.3762932218390276,16.84,0.4,0.1,0.5
170637.725079232,0.4009808400124961,0.10502557801387985,0.5074886620425881,52.199999999999996,0.0,1.0,0.29999694814903677,16.845,0.4,0.1,0.5
170637.76621968,0.40097358490759843,0.1067054076676814,0.5075638025386177,52.199999999999996,0.0,1.0,0.22370067445904596,16.85,0.4,0.1,0.5
170637.766235712,0.40101594304170224,0.09713699060894418,0.5076152906924533,52.199999999999996,0.0,1.0,0.2542191839350423,16.855,0.4,0.1,0.5
170637.766266432,0.4011720053908129,0.10728053247367961,0.5075018113676362,52.199999999999996,0.0,1.0,0.19318216498304963,16.86,0.4,0.1,0.5
170637.766282272,0.4015017399028707,0.10595339435880895,0.5072700922765947,52.199999999999996,0.0,1.0,0.2847376934110386,16.865000000000002,0.4,0.1,0.5
170637.766289728,0.4015629469559321,0.11248933613792089,0.5072985283030401,52.199999999999996,0.0,1.0,0.4983672597430129,16.87,0.4,0.1,0.5
170637.766296896,0.40165399114427897,0.11906617580871867,0.507289724381361,52.199999999999996,0.0,1.0,0.34577471236303126,16.875,0.4,0.1,0.5
170637.766303328,0.4016379048773808,0.11347635668766941,0.507491887581097,52.199999999999996,0.0,1.0,0.34577471236303126,16.88,0.4,0.1,0.5
170637.766309504,0.40177204069952627,0.1180437928265348,0.5074174642900348,52.199999999999996,0.0,1.0,0.3762932218390276,16.885,0.4,0.1,0.5
170637.809694112,0.40173695550612,0.10807743811465641,0.50745493383455,52.199999999999996,0.0,1.0,0.34577471236303126,16.89,0.4,0.1,0.5
170637.809712544,0.4020708905970351,0.10505561602062875,0.5073974677161401,52.199999999999996,0.0,1.0,0.26947843867304044,16.895,0.4,0.1,0.5
170637.809719808,0.40212448786771054,0.11024119803456707,0.5074724818118959,52.199999999999996,0.0,1.0,0.19318216498304963,16.9,0.4,0.1,0.5
170637.809726112,0.4018757522920373,0.10454084565794393,0.5077260163640425,52.199999999999996,0.0,1.0,0.513626514481011,16.905,0.4,0.1,0.5
170637.809732544,0.4019303191844935,0.10505515709260876,0.5077525204700968,52.199999999999996,0.0,1.0,0.19318216498304963,16.91,0.4,0.1,0.5
170637.809739808,0.4018570493460025,0.10530994312541503,0.5078194541830043,52.199999999999996,0.0,1.0,0.43733024079102023,16.915,0.4,0.1,0.5
170637.809745984,0.4021118119803972,0.10354937759985686,0.5075610218483112,52.199999999999996,0.0,1.0,0.22370067445904596,16.92,0.4,0.1,0.5
170637.809752384,0.40214561646960456,0.09986956778569632,0.5076593738424194,52.199999999999996,0.0,1.0,0.26947843867304044,16.925,0.4,0.1,0.5
170637.8097584,0.4023683045112583,0.10518622582496254,0.5074546494855834,52.199999999999996,0.0,1.0,0.3610339671010294,16.93,0.4,0.1,0.5
170637.850919264,0.40265184736496035,0.09782401580883361,0.5072158131017298,52.199999999999996,0.0,1.0,0.4525894955290184,16.935,0.4,0.1,0.5
170637.850934784,0.40251185372017556,0.09350220263107684,0.5072624592313015,52.199999999999996,0.0,1.0,0.2847376934110386,16.94,0.4,0.1,0.5
170637.8509424,0.4017754869776671,0.08232738732265521,0.5075708666729856,52.199999999999996,0.0,1.0,0.42207098605302207,16.945,0.4,0.1,0.5
170637.85094912,0.4014573176268024,0.09730632808227936,0.5076161919348657,52.199999999999996,0.0,1.0,0.26947843867304044,16.95,0.4,0.1,0.5
170637.85095504,0.4010961386359372,0.0932147930296372,0.507705583845012,52.199999999999996,0.0,1.0,0.4068117313150239,16.955000000000002,0.4,0.1,0.5
170637.850961952,0.4007202298647728,0.09442707239172399,0.507618858085741,52.199999999999996,0.0,1.0,0.010071108127071682,16.96,0.4,0.1,0.5
170637.850968192,0.4005416697853292,0.09899476294280515,0.5075707457838238,52.199999999999996,0.0,1.0,0.4831080050050147,16.965,0.4,0.1,0.5
170637.850974592,0.4002889968209772,0.10243059328041527,0.5075940823723692,52.199999999999996,0.0,1.0,0.4525894955290184,16.97,0.4,0.1,0.5
170637.895457856,0.3999049377207335,0.11397295779912522,0.5076307596692367,52.199999999999996,0.0,1.0,0.5899227881710019,16.975,0.4,0.1,0.5
170637.895473568,0.3995821853947696,0.11502746631596862,0.5076900496202987,52.199999999999996,0.0,1.0,0.04058961760306801,16.98,0.4,0.1,0.5
170637.895480736,0.3992836006576639,0.1057201326737862,0.5077887884949892,52.199999999999996,0.0,1.0,0.5441450239570074,16.985,0.4,0.1,0.5
170637.895487744,0.399368275256699,0.11165300205993037,0.5076449618581811,52.199999999999996,0.0,1.0,0.31525620288703493,16.990000000000002,0.4,0.1,0.5
170637.895494432,0.3995416633833827,0.11349960252796192,0.5076429524576584,52.199999999999996,0.0,1.0,0.26947843867304044,16.995,0.4,0.1,0.5
170637.89553152,0.39984788885568856,0.10744532177749434,0.5074466687252912,52.199999999999996,0.0,1.0,0.05584887234106617,17.0,0.4,0.1,0.5
170637.895538848,0.4001067882005856,0.10658111859321318,0.5073721963096676,52.199999999999996,0.0,1.0,0.34577471236303126,17.005,0.4,0.1,0.5
170637.895545312,0.4000913301542607,0.1106702781291602,0.5074626986160837,52.199999999999996,0.0,1.0,0.26947843867304044,17.01,0.4,0.1,0.5
170637.895551776,0.4003232497277315,0.1060317730555751,0.5072511173496724,52.199999999999996,0.0,1.0,0.513626514481011,17.015,0.4,0.1,0.5
170637.936568608,0.40076854044012367,0.09481701007638405,0.5071564795038772,52.199999999999996,0.0,1.0,0.07110812707906433,17.02,0.4,0.1,0.5
170637.936579744,0.400591012609319,0.10940967177669277,0.5073498635951232,52.199999999999996,0.0,1.0,0.39155247657702574,17.025,0.4,0.1,0.5
170637.936586144,0.400658986867825,0.10735157803593459,0.5073719134833532,52.199999999999996,0.0,1.0,0.3610339671010294,17.03,0.4,0.1,0.5
170637.936591936,0.4006254670391843,0.09807503598480859,0.507610296892117,52.199999999999996,0.0,1.0,0.513626514481011,17.035,0.4,0.1,0.5
170637.936597728,0.40104773834014384,0.1132797893927551,0.5073234269267529,52.199999999999996,0.0,1.0,0.2084414197210478,17.04,0.4,0.1,0.5
170637.936604896,0.40096328836029094,0.11033380338053668,0.5075137349150673,52.199999999999996,0.0,1.0,0.4983672597430129,17.045,0.4,0.1,0.5
170637.936611296,0.40113554207031843,0.1186514792980333,0.5074220608358425,52.199999999999996,0.0,1.0,0.2084414197210478,17.05,0.4,0.1,0.5
170637.936617856,0.40129773011600484,0.11987942330864783,0.5073307993901726,52.199999999999996,0.0,1.0,0.4068117313150239,17.055,0.4,0.1,0.5
170637.980898144,0.40104891146683225,0.11880482401923505,0.5074926602588967,52.199999999999996,0.0,1.0,0.23895992919704412,17.06,0.4,0.1,0.5
170637.980931328,0.4012945537596994,0.11446816437434659,0.5073805025670429,52.199999999999996,0.0,1.0,0.3610339671010294,17.065,0.4,0.1,0.5
170637.980943744,0.4013962316974728,0.12189618551285115,0.5074546406411014,52.199999999999996,0.0,1.0,0.010071108127071682,17.07,0.4,0.1,0.5
170637.980950528,0.40160750979147053,0.11458897183889284,0.5074734314028185,52.199999999999996,0.0,1.0,0.46784875026701656,17.075,0.4,0.1,0.5
170637.980957024,0.4014676856493675,0.108205437308764,0.5076583010785868,52.199999999999996,0.0,1.0,0.10162663655506066,17.080000000000002,0.4,0.1,0.5
170637.980965184,0.40159312131895647,0.11387026577170035,0.5075677485955693,52.199999999999996,0.0,1.0,0.5594042786950055,17.085,0.4,0.1,0.5
170637.980971744,0.40188067061609023,0.1035506902758463,0.5074656111557737,52.199999999999996,0.0,1.0,0.2542191839350423,17.09,0.4,0.1,0.5
170637.980978304,0.40213838713746675,0.10895571462318668,0.5073606758543929,52.199999999999996,0.0,1.0,0.605182042909,17.095,0.4,0.1,0.5
170637.980984448,0.40228517507147554,0.11788612868299551,0.5072879624633178,52.199999999999996,0.0,1.0,0.0863673818170625,17.1,0.4,0.1,0.5
170638.022169632,0.40222841869890485,0.10759462146334312,0.5074589408474174,52.199999999999996,0.0,1.0,0.42207098605302207,17.105,0.4,0.1,0.5
170638.022187232,0.4021821562840948,0.10540940124911814,0.5074989876914929,52.199999999999996,0.0,1.0,0.14740440076905514,17.11,0.4,0.1,0.5
170638.022196064,0.40194097728376965,0.11226164830034707,0.5076926047391267,52.199999999999996,0.0,1.0,0.5441450239570074,17.115000000000002,0.4,0.1,0.5
170638.022202976,0.40200405453868504,0.11726952940630936,0.5076721898724711,52.199999999999996,0.0,1.0,0.17792291024505147,17.12,0.4,0.1,0.5
170638.022209888,0.40198968125704965,0.11076177671015608,0.5077650523926989,52.199999999999996,0.0,1.0,0.3762932218390276,17.125,0.4,0.1,0.5
170638.022239488,0.40237505365387016,0.10919074834009064,0.5074372273993526,52.199999999999996,0.0,1.0,0.4525894955290184,17.13,0.4,0.1,0.5
170638.022245696,0.40199519467674066,0.10404603636586124,0.5076072971335064,52.199999999999996,0.0,1.0,0.42207098605302207,17.135,0.4,0.1,0.5
170638.022252256,0.4019519038957022,0.09581229277615184,0.5074664300675058,52.199999999999996,0.0,1.0,0.4831080050050147,17.14,0.4,0.1,0.5
170638.065371808,0.401682749246434,0.09782257615431574,0.5074298283487909,52.199999999999996,0.0,1.0,0.8188116092410311,17.145,0.4,0.1,0.5
170638.065386304,0.401318957570879,0.11498447426781487,0.5074461041294213,52.199999999999996,0.0,1.0,0.2847376934110386,17.150000000000002,0.4,0.1,0.5
170638.06539376,0.4013593868302341,0.11602955265932931,0.5072386847238753,52.199999999999996,0.0,1.0,0.3762932218390276,17.155,0.4,0.1,0.5
170638.065400256,0.4009749466616094,0.11243244929183445,0.5074012683546316,52.199999999999996,0.0,1.0,0.2542191839350423,17.16,0.4,0.1,0.5
170638.065406208,0.40051822500264955,0.11110799288003732,0.5076701658226401,52.199999999999996,0.0,1.0,0.43733024079102023,17.165,0.4,0.1,0.5
170638.065412256,0.4002066205463734,0.11648510297367569,0.5077774387111937,52.199999999999996,0.0,1.0,0.07110812707906433,17.17,0.4,0.1,0.5
170638.065419328,0.4001797694288688,0.1117536262185294,0.5076943529447645,52.199999999999996,0.0,1.0,0.46784875026701656,17.175,0.4,0.1,0.5
170638.065425856,0.4005615481650464,0.10629700189834143,0.5072334901229314,52.199999999999996,0.0,1.0,0.17792291024505147,17.18,0.4,0.1,0.5
170638.065432032,0.4003307139002374,0.11380230101021555,0.5074561609849543,52.199999999999996,0.0,1.0,0.3762932218390276,17.185,0.4,0.1,0.5
170638.109546816,0.4004789852834839,0.11671479220702694,0.5074438114041471,52.199999999999996,0.0,1.0,0.3305154576250331,17.19,0.4,0.1,0.5
170638.109556608,0.40045803101806066,0.11943281524546881,0.5074678585575572,52.199999999999996,0.0,1.0,0.39155247657702574,17.195,0.4,0.1,0.5
170638.109593984,0.40049328415679647,0.11685181613194635,0.5075806779615831,52.199999999999996,0.0,1.0,0.10162663655506066,17.2,0.4,0.1,0.5
170638.10960112,0.4005672235891706,0.11005701777154892,0.507544096825748,52.199999999999996,0.0,1.0,0.34577471236303126,17.205000000000002,0.4,0.1,0.5
170638.109607424,0.4007508915616281,0.10350494665506908,0.5075607425898867,52.199999999999996,0.0,1.0,0.025330362865069844,17.21,0.4,0.1,0.5
170638.109619392,0.4007019914648634,0.10325929141163893,0.5077474455836347,52.199999999999996,0.0,1.0,0.43733024079102023,17.215,0.4,0.1,0.5
170638.109625952,0.40077095802514223,0.11469178045359903,0.5076007313253644,52.199999999999996,0.0,1.0,0.23895992919704412,17.22,0.4,0.1,0.5
170638.109632128,0.40091018820828234,0.11026888532981287,0.5075503044196779,52.199999999999996,0.0,1.0,0.31525620288703493,17.225,0.4,0.1,0.5
170638.109638208,0.4012742765333844,0.11847688069345103,0.5072697343548926,52.199999999999996,0.0,1.0,0.010071108127071682,17.23,0.4,0.1,0.5
170638.150522496,0.4013382652784002,0.11517591028986197,0.5074851772095993,52.199999999999996,0.0,1.0,0.19318216498304963,17.235,0.4,0.1,0.5
170638.150532,0.4013875051149764,0.11257379736600157,0.5075855003873622,52.199999999999996,0.0,1.0,0.42207098605302207,17.240000000000002,0.4,0.1,0.5
170638.150538432,0.4013041269053219,0.1071686525481463,0.5076792284251954,52.199999999999996,0.0,1.0,0.5746635334330037,17.245,0.4,0.1,0.5
170638.150544192,0.40143213525378674,0.11641948773501559,0.5075050083252379,52.199999999999996,0.0,1.0,0.2847376934110386,17.25,0.4,0.1,0.5
170638.150550112,0.40161954501107994,0.11615143767282883,0.5074642222429802,52.199999999999996,0.0,1.0,0.513626514481011,17.255,0.4,0.1,0.5
170638.150556704,0.40208939848483005,0.1146840065795045,0.5072913859133426,52.199999999999996,0.0,1.0,0.6204412976469982,17.26,0.4,0.1,0.5
170638.150574912,0.40224589206875216,0.1085590327809023,0.5072936392914812,52.199999999999996,0.0,1.0,0.34577471236303126,17.265,0.4,0.1,0.5
170638.150581216,0.40212417218412316,0.11758747202621755,0.5074347507658402,52.199999999999996,0.0,1.0,0.23895992919704412,17.27,0.4,0.1,0.5
170638.1943776,0.40226132289566335,0.1119204459526961,0.5073948274427783,52.199999999999996,0.0,1.0,0.05584887234106617,17.275000000000002,0.4,0.1,0.5
170638.194394912,0.4023834037182557,0.10691476980338804,0.5073365650189104,52.199999999999996,0.0,1.0,0.3305154576250331,17.28,0.4,0.1,0.5
170638.194430208,0.40256586446455916,0.10929047921797984,0.5073535403139062,52.199999999999996,0.0,1.0,0.42207098605302207,17.285,0.4,0.1,0.5
170638.194439072,0.40253024272349214,0.09855940504321165,0.507499207386028,52.199999999999996,0.0,1.0,0.2847376934110386,17.29,0.4,0.1,0.5
170638.194446304,0.4026446022829744,0.10483010774048028,0.5074346310393241,52.199999999999996,0.0,1.0,0.42207098605302207,17.295,0.4,0.1,0.5
170638.194453728,0.4027143430511901,0.10828633975294748,0.5074464062709051,52.199999999999996,0.0,1.0,0.4068117313150239,17.3,0.4,0.1,0.5
170638.194460256,0.40241134263124523,0.10752597953509462,0.5077531908126366,52.199999999999996,0.0,1.0,0.2084414197210478,17.305,0.4,0.1,0.5
170638.194466816,0.4027059727581464,0.11262573630450151,0.5073971526351106,52.199999999999996,0.0,1.0,0.31525620288703493,17.31,0.4,0.1,0.5
170638.19447312,0.4029944322234148,0.11307833744482543,0.5071296362241905,52.199999999999996,0.0,1.0,0.4068117313150239,17.315,0.4,0.1,0.5
170638.236632672,0.4023898554456269,0.10890886181416999,0.5074057542930518,52.199999999999996,0.0,1.0,0.5441450239570074,17.32,0.4,0.1,0.5
170638.236647776,0.4017322225931883,0.09755076045897022,0.5074016043603321,52.199999999999996,0.0,1.0,0.42207098605302207,17.325,0.4,0.1,0.5
170638.23667712,0.40082029700677413,0.10167636246901321,0.50748188115316,52.199999999999996,0.0,1.0,0.3305154576250331,17.330000000000002,0.4,0.1,0.5
170638.236683872,0.3998858592956834,0.10397188203417745,0.5077391565343722,52.199999999999996,0.0,1.0,0.3762932218390276,17.335,0.4,0.1,0.5
170638.236690304,0.3993711425606809,0.11316182717199981,0.5076691376066502,52.199999999999996,0.0,1.0,0.23895992919704412,17.34,0.4,0.1,0.5
170638.2366976,0.39886381229165,0.09386172012137411,0.5077569731658178,52.199999999999996,0.0,1.0,0.39155247657702574,17.345,0.4,0.1,0.5
170638.236704,0.39863356163536484,0.10605604130435636,0.507477389098173,52.199999999999996,0.0,1.0,0.26947843867304044,17.35,0.4,0.1,0.5
170638.236710464,0.39804434536333655,0.11032722099879036,0.5076770547273265,52.199999999999996,0.0,1.0,0.025330362865069844,17.355,0.4,0.1,0.5
170638.279973248,0.3984259762232941,0.11181551903990208,0.5073847216654953,52.199999999999996,0.0,1.0,0.29999694814903677,17.36,0.4,0.1,0.5
170638.279989056,0.3983281527255454,0.11341878642443753,0.5073050033105105,52.199999999999996,0.0,1.0,0.1626636555070533,17.365000000000002,0.4,0.1,0.5
170638.27999744,0.3982417877442415,0.11227928575602492,0.5074887312247642,52.199999999999996,0.0,1.0,0.04058961760306801,17.37,0.4,0.1,0.5
170638.28002624,0.39862009853700664,0.0986371365972334,0.5074640196343929,52.199999999999996,0.0,1.0,0.17792291024505147,17.375,0.4,0.1,0.5
170638.28003408,0.3986588579243241,0.10000421723004863,0.5074941174667458,52.199999999999996,0.0,1.0,0.3762932218390276,17.38,0.4,0.1,0.5
170638.280041376,0.3987427064405823,0.09890341694197087,0.5075916172528896,52.199999999999996,0.0,1.0,0.34577471236303126,17.385,0.4,0.1,0.5
170638.280061568,0.39904085473653667,0.10408878930271304,0.5074403059635012,52.199999999999996,0.0,1.0,0.14740440076905514,17.39,0.4,0.1,0.5
170638.280085728,0.399504957275504,0.10823417481808921,0.5071305748477513,52.199999999999996,0.0,1.0,0.025330362865069844,17.395,0.4,0.1,0.5
170638.280092256,0.39979457954208725,0.10781190385775398,0.5071085150291134,52.199999999999996,0.0,1.0,0.0863673818170625,17.400000000000002,0.4,0.1,0.5
170638.321259904,0.3997733251179185,0.1051827053983417,0.5072195314085709,52.199999999999996,0.0,1.0,0.26947843867304044,17.405,0.4,0.1,0.5
170638.321279296,0.39966517307316934,0.11030330471912043,0.5073541831907442,52.199999999999996,0.0,1.0,0.34577471236303126,17.41,0.4,0.1,0.5
170638.321287136,0.4002956011221052,0.11220041325695196,0.5070764478644876,52.199999999999996,0.0,1.0,0.1626636555070533,17.415,0.4,0.1,0.5
170638.32129424,0.4002748909934537,0.11159946923928366,0.5072591008141593,52.199999999999996,0.0,1.0,0.605182042909,17.42,0.4,0.1,0.5
170638.32130096,0.40030726314525994,0.10541440524487208,0.5072898291772633,52.199999999999996,0.0,1.0,0.3610339671010294,17.425,0.4,0.1,0.5
170638.321332416,0.40036380266238764,0.09569017685777795,0.5072792629176403,52.199999999999996,0.0,1.0,0.4525894955290184,17.43,0.4,0.1,0.5
170638.321339968,0.4003727677705736,0.09506016975983754,0.5075335937327525,52.199999999999996,0.0,1.0,0.3762932218390276,17.435,0.4,0.1,0.5
170638.321346592,0.40085983973826106,0.09621889205946801,0.5072712884135416,52.199999999999996,0.0,1.0,0.42207098605302207,17.44,0.4,0.1,0.5
170638.364853664,0.4007535438848777,0.11417597350932712,0.5072623110282937,52.199999999999996,0.0,1.0,0.17792291024505147,17.445,0.4,0.1,0.5
170638.36487184,0.40119746842961596,0.11085932815543142,0.5071747809001463,52.199999999999996,0.0,1.0,0.2084414197210478,17.45,0.4,0.1,0.5
170638.364880736,0.40087099780843954,0.11427136244915619,0.5075476832348987,52.199999999999996,0.0,1.0,0.14740440076905514,17.455000000000002,0.4,0.1,0.5
170638.364888352,0.40098292459957674,0.11492212276859456,0.5075697666673206,52.199999999999996,0.0,1.0,0.2847376934110386,17.46,0.4,0.1,0.5
170638.3649192,0.401288377498072,0.11342245669893336,0.507386061512367,52.199999999999996,0.0,1.0,0.34577471236303126,17.465,0.4,0.1,0.5
170638.364926944,0.4015968656606612,0.11207687142517692,0.5071487080787894,52.199999999999996,0.0,1.0,0.23895992919704412,17.47,0.4,0.1,0.5
170638.36493376,0.40151084190784264,0.11594105651502762,0.5072696276539224,52.199999999999996,0.0,1.0,0.19318216498304963,17.475,0.4,0.1,0.5
170638.364940512,0.4017601281420164,0.11247904265577843,0.507213064580647,52.199999999999996,0.0,1.0,0.4983672597430129,17.48,0.4,0.1,0.5
170638.364947104,0.40165826837756285,0.11188405235149877,0.5073684376548352,52.199999999999996,0.0,1.0,0.04058961760306801,17.485,0.4,0.1,0.5
170638.406901728,0.40198665921605414,0.11857861407608837,0.5071521735556379,52.199999999999996,0.0,1.0,0.3762932218390276,17.490000000000002,0.4,0.1,0.5
170638.406913216,0.40200008502019663,0.11633377710970311,0.5069901949037847,52.199999999999996,0.0,1.0,0.1626636555070533,17.495,0.4,0.1,0.5
170638.406934848,0.4020832462898822,0.12086800451170934,0.5071106557989535,52.199999999999996,0.0,1.0,0.6662190618609927,17.5,0.0,0.6,0.5
170638.406942048,0.40220866066911254,0.1138356430828466,0.5073000093549498,52.199999999999996,0.0,1.0,-0.005188146610926481,17.505,0.0,0.6,0.5
170638.406948512,0.40217569582279933,0.10872058223827953,0.5074304850936628,52.199999999999996,0.0,1.0,0.513626514481011,17.51,0.0,0.6,0.5
170638.406955168,0.40211810439977425,0.10272226781288868,0.5074824640978203,52.199999999999996,0.0,1.0,0.23895992919704412,17.515,0.0,0.6,0.5
170638.40696144,0.40237219959947296,0.1060233275225051,0.5072981985325653,52.199999999999996,0.0,1.0,0.29999694814903677,17.52,0.0,0.6,0.5
170638.406968032,0.40288175594519765,0.11081582720576777,0.5068667956545221,52.199999999999996,0.0,1.0,0.39155247657702574,17.525000000000002,0.0,0.6,0.5
170638.450207904,0.4027345055008626,0.10577840057110044,0.5072168304269109,52.199999999999996,0.0,1.0,0.5441450239570074,17.53,0.0,0.6,0.5
170638.450218336,0.4027076945977979,0.11030675587969782,0.5074134093885813,52.199999999999996,0.0,1.0,0.23895992919704412,17.535,0.0,0.6,0.5
170638.450225088,0.40276586202053644,0.10818897797379046,0.5074056660770866,52.199999999999996,0.0,1.0,0.46784875026701656,17.54,0.0,0.6,0.5
170638.450231392,0.40254047084561556,0.09841450266078267,0.5076605018225907,52.199999999999996,0.0,1.0,0.2542191839350423,17.545,0.0,0.6,0.5
170638.450237664,0.40257852054521315,0.10705819221011745,0.5075759109627146,52.199999999999996,0.0,1.0,0.4525894955290184,17.55,0.0,0.6,0.5
170638.450244128,0.4029835494730513,0.11370441536552311,0.5072547398603022,52.199999999999996,0.0,1.0,0.11688589129305882,17.555,0.0,0.6,0.5
170638.450251264,0.4030224113454811,0.10747717207708349,0.5071975372893882,52.199999999999996,0.0,1.0,0.3610339671010294,17.56,0.4,0.1,0.5
170638.4502576,0.402920919670144,0.11042458712116236,0.507370667607909,52.199999999999996,0.0,1.0,0.26947843867304044,17.565,0.4,0.1,0.5
170638.450263936,0.4025817920297956,0.11240359917466113,0.5076540877204513,52.199999999999996,0.0,1.0,0.513626514481011,17.57,0.4,0.1,0.5
170638.492665024,0.4027295866018771,0.1120237081127918,0.5074538276531114,52.199999999999996,0.0,1.0,0.42207098605302207,17.575,0.4,0.1,0.5
170638.492680544,0.40280514328888317,0.10912393609165383,0.507445545720031,52.199999999999996,0.0,1.0,0.605182042909,17.580000000000002,0.4,0.1,0.5
170638.492687904,0.4028425693591236,0.1128101703261452,0.5076043985691461,52.199999999999996,0.0,1.0,0.22370067445904596,17.585,0.4,0.1,0.5
170638.492694656,0.40321935290758176,0.1195239797830848,0.5073656088717505,52.199999999999996,0.0,1.0,0.4068117313150239,17.59,0.4,0.1,0.5
170638.492720384,0.4032007367335857,0.1225065725906004,0.5073090392146146,52.199999999999996,0.0,1.0,0.26947843867304044,17.595,0.4,0.1,0.5
170638.492727456,0.4028397639060339,0.11107039985376621,0.5073710065028476,52.199999999999996,0.0,1.0,0.2084414197210478,17.6,0.4,0.1,0.5
170638.492733984,0.40279875042490393,0.10094311341419769,0.5073206968741061,52.199999999999996,0.0,1.0,0.2542191839350423,17.605,0.4,0.1,0.5
170638.492740256,0.40218722197067175,0.11209645760496922,0.5073989960723916,52.199999999999996,0.0,1.0,0.6662190618609927,17.61,0.4,0.1,0.5
170638.535724608,0.4013389421225258,0.11548406899345995,0.5073833760509813,52.199999999999996,0.0,1.0,0.025330362865069844,17.615000000000002,0.4,0.1,0.5
170638.535734304,0.40028968325080394,0.11398530239013648,0.5076963517483315,52.199999999999996,0.0,1.0,0.5746635334330037,17.62,0.4,0.1,0.5
170638.535740512,0.39973204140573415,0.10589543409998049,0.5075944668379914,52.199999999999996,0.0,1.0,0.39155247657702574,17.625,0.4,0.1,0.5
170638.535746656,0.399469337889949,0.11561458718187759,0.5072587081804244,52.199999999999996,0.0,1.0,0.23895992919704412,17.63,0.4,0.1,0.5
170638.53575248,0.3990875752469541,0.11638346418007678,0.5071520183643258,52.199999999999996,0.0,1.0,0.10162663655506066,17.635,0.4,0.1,0.5
170638.53577072,0.39845715997351827,0.11109126417984398,0.5074227084774283,52.199999999999996,0.0,1.0,0.7119968260749872,17.64,0.4,0.1,0.5
170638.535778144,0.3980674387898086,0.10189422414157284,0.5075857672221012,52.199999999999996,0.0,1.0,0.05584887234106617,17.645,0.4,0.1,0.5
170638.535784576,0.39788276964790437,0.10516991024153814,0.50782907927742,52.199999999999996,0.0,1.0,0.19318216498304963,17.650000000000002,0.4,0.1,0.5
170638.53579072,0.3982625675621996,0.10828540658411806,0.5075051296996684,52.199999999999996,0.0,1.0,0.2847376934110386,17.655,0.4,0.1,0.5
170638.579848896,0.39849995662872373,0.10494604605027179,0.5075338448335007,52.199999999999996,0.0,1.0,0.6662190618609927,17.66,0.4,0.1,0.5
170638.57985872,0.3986144320988232,0.10946884478355715,0.5075447978420635,52.199999999999996,0.0,1.0,0.3610339671010294,17.665,0.4,0.1,0.5
170638.579864864,0.3988820416895286,0.10825335540347314,0.507331742030615,52.199999999999996,0.0,1.0,0.4525894955290184,17.67,0.4,0.1,0.5
170638.57987088,0.39881195645544243,0.11060658805840003,0.5074757366393864,52.199999999999996,0.0,1.0,0.17792291024505147,17.675,0.4,0.1,0.5
170638.579876448,0.3989740814541566,0.1233839631309368,0.5073635267039902,52.199999999999996,0.0,1.0,0.46784875026701656,17.68,0.4,0.1,0.5
170638.5798832,0.3991184809857832,0.11836617811165151,0.507404964627328,52.199999999999996,0.0,1.0,0.34577471236303126,17.685,0.4,0.1,0.5
170638.579889376,0.3993653094025283,0.13394380135692485,0.5072866509341707,52.199999999999996,0.0,1.0,0.39155247657702574,17.69,0.4,0.1,0.5
170638.579895168,0.39947540357674877,0.12959668399459612,0.5074302305219596,52.199999999999996,0.0,1.0,0.4525894955290184,17.695,0.4,0.1,0.5
170638.579901216,0.4001592010430802,0.13097119574733215,0.5070458632310197,52.199999999999996,0.0,1.0,0.43733024079102023,17.7,0.4,0.1,0.5
170638.620857088,0.40066070526890646,0.12779009383449774,0.5067708406925209,52.199999999999996,0.0,1.0,0.43733024079102023,17.705000000000002,0.4,0.1,0.5
170638.620886816,0.40049708707247433,0.11662503147314475,0.5070360420478072,52.199999999999996,0.0,1.0,0.42207098605302207,17.71,0.4,0.1,0.5
170638.620895424,0.4007897296483276,0.10795042691990694,0.5069442628548688,52.199999999999996,0.0,1.0,0.3305154576250331,17.715,0.4,0.1,0.5
170638.62090176,0.40127188761202304,0.10112550151509027,0.5067978206236003,52.199999999999996,0.0,1.0,0.4068117313150239,17.72,0.4,0.1,0.5
170638.620914784,0.401019488849371,0.09563450508641376,0.5071666345192625,52.199999999999996,0.0,1.0,0.1626636555070533,17.725,0.4,0.1,0.5
170638.620922208,0.4009793491013758,0.07885260055769673,0.5072891435165926,52.199999999999996,0.0,1.0,0.34577471236303126,17.73,0.4,0.1,0.5
170638.620927968,0.40104326943710134,0.08697772430522478,0.5073820876631362,52.199999999999996,0.0,1.0,0.3610339671010294,17.735,0.4,0.1,0.5
170638.62093376,0.4012484741583779,0.0925627673121653,0.5073066966537912,52.199999999999996,0.0,1.0,0.4525894955290184,17.740000000000002,0.4,0.1,0.5
170638.664967712,0.4013444898498462,0.10174655691707354,0.5073139460383818,52.199999999999996,0.0,1.0,0.2084414197210478,17.745,0.4,0.1,0.5
170638.664980576,0.40135399691022405,0.101445367959135,0.5072564915976323,52.199999999999996,0.0,1.0,0.29999694814903677,17.75,0.4,0.1,0.5
170638.664987232,0.4012907113843507,0.10233417131605752,0.507377150730963,52.199999999999996,0.0,1.0,0.07110812707906433,17.755,0.4,0.1,0.5
170638.664993088,0.4013443954131249,0.10956820137793094,0.507391622870537,52.199999999999996,0.0,1.0,0.2847376934110386,17.76,0.4,0.1,0.5
170638.664999904,0.40162493406599026,0.10741059010893951,0.5074650836827778,52.199999999999996,0.0,1.0,0.2847376934110386,17.765,0.4,0.1,0.5
170638.665007104,0.40149519457820065,0.11185637239520756,0.5076734194422546,52.199999999999996,0.0,1.0,0.31525620288703493,17.77,0.4,0.1,0.5
170638.665014048,0.401670608085234,0.09789295112219963,0.507573774290843,52.199999999999996,0.0,1.0,0.22370067445904596,17.775000000000002,0.4,0.1,0.5
170638.665020672,0.40179995859936646,0.09621733220739993,0.5074452709867681,52.199999999999996,0.0,1.0,0.3762932218390276,17.78,0.4,0.1,0.5
170638.665043584,0.4019739171407296,0.1074843704961852,0.507327446431321,52.199999999999996,0.0,1.0,0.34577471236303126,17.785,0.4,0.1,0.5
170638.706253536,0.40251205693895414,0.11144309367439678,0.5070706945613312,52.199999999999996,0.0,1.0,0.31525620288703493,17.79,0.4,0.1,0.5
170638.706284416,0.40199030545345005,0.09970349499862043,0.5076682542832006,52.199999999999996,0.0,1.0,0.1626636555070533,17.795,0.4,0.1,0.5
170638.706291872,0.4022471178439891,0.10955952522451805,0.5074272445956228,52.199999999999996,0.0,1.0,0.17792291024505147,17.8,0.4,0.1,0.5
170638.70629856,0.4024036429021437,0.10652937589039696,0.50735030906213,52.199999999999996,0.0,1.0,0.3305154576250331,17.805,0.4,0.1,0.5
170638.706304576,0.40220415678874466,0.10701346492909573,0.5075929787061876,52.199999999999996,0.0,1.0,0.4983672597430129,17.81,0.4,0.1,0.5
170638.706311424,0.4022595524860317,0.1056261671390821,0.5075679860134292,52.199999999999996,0.0,1.0,0.17792291024505147,17.815,0.4,0.1,0.5
170638.706318016,0.402232924427423,0.09670080014296253,0.5077296670260041,52.199999999999996,0.0,1.0,0.34577471236303126,17.82,0.4,0.1,0.5
170638.706324384,0.40235690006518426,0.09487507061665051,0.5077733214328428,52.199999999999996,0.0,1.0,0.14740440076905514,17.825,0.4,0.1,0.5
170638.750330976,0.40240997185289923,0.10005658679322406,0.5076824930395686,52.199999999999996,0.0,1.0,0.4831080050050147,17.830000000000002,0.4,0.1,0.5
170638.7503416,0.40261287459162276,0.10165280129171245,0.5075281158929554,52.199999999999996,0.0,1.0,0.26947843867304044,17.835,0.4,0.1,0.5
170638.750347776,0.40263546228824837,0.10453147856540523,0.5075667750783727,52.199999999999996,0.0,1.0,0.5288857692190092,17.84,0.4,0.1,0.5
170638.750354144,0.4027329472574815,0.10536178296638528,0.5075022414185064,52.199999999999996,0.0,1.0,0.29999694814903677,17.845,0.4,0.1,0.5
170638.750360256,0.4029584300998028,0.10696589734876362,0.5073050488144583,52.199999999999996,0.0,1.0,0.22370067445904596,17.85,0.4,0.1,0.5
170638.750379296,0.40301222733872755,0.09175897406645472,0.5074218683882836,52.199999999999996,0.0,1.0,0.14740440076905514,17.855,0.4,0.1,0.5
170638.750391424,0.4028396772271749,0.11101383611247728,0.5074811000405796,52.199999999999996,0.0,1.0,0.3305154576250331,17.86,0.4,0.1,0.5
170638.750397728,0.40266601468121854,0.10501944925808951,0.5076139257099512,52.199999999999996,0.0,1.0,0.4831080050050147,17.865000000000002,0.4,0.1,0.5
170638.750403616,0.4029178534313057,0.10877265649249165,0.5073910898953897,52.199999999999996,0.0,1.0,0.39155247657702574,17.87,0.4,0.1,0.5
170638.791571648,0.40273567238547864,0.11515822970067693,0.5075089971531784,52.199999999999996,0.0,1.0,0.22370067445904596,17.875,0.4,0.1,0.5
170638.791584736,0.40219709788669056,0.1131212820488419,0.5078799767575761,52.199999999999996,0.0,1.0,0.1626636555070533,17.88,0.4,0.1,0.5
170638.791591808,0.4016090846442318,0.11503677533560158,0.5080156858770217,52.199999999999996,0.0,1.0,0.43733024079102023,17.885,0.4,0.1,0.5
170638.791597984,0.4019897214223655,0.10365178544533568,0.5074101026544351,52.199999999999996,0.0,1.0,0.31525620288703493,17.89,0.4,0.1,0.5
170638.79160384,0.401935956456753,0.11582521972172685,0.5070208191082018,52.199999999999996,0.0,1.0,-0.020447401348924643,17.895,0.4,0.1,0.5
170638.791610816,0.4010986872208815,0.11447892353784112,0.5072842224986098,52.199999999999996,0.0,1.0,0.3305154576250331,17.900000000000002,0.4,0.1,0.5
170638.791617216,0.4008208932307977,0.11375113789171805,0.5072265702297791,52.199999999999996,0.0,1.0,0.3610339671010294,17.905,0.4,0.1,0.5
170638.791623584,0.4009937654540652,0.11560600565380019,0.506969534496518,52.199999999999996,0.0,1.0,0.39155247657702574,17.91,0.4,0.1,0.5
170638.83526288,0.4005740583722302,0.11721029634559217,0.5070181297922004,52.199999999999996,0.0,1.0,0.5746635334330037,17.915,0.4,0.1,0.5
170638.835282112,0.3996235261753143,0.11973887101359375,0.507599692042313,52.199999999999996,0.0,1.0,0.23895992919704412,17.92,0.4,0.1,0.5
170638.835328576,0.3992564753682155,0.11492520082686294,0.5078722324674906,52.199999999999996,0.0,1.0,0.4525894955290184,17.925,0.4,0.1,0.5
170638.835335616,0.39899046798135923,0.1118469357807717,0.5080285405460052,52.199999999999996,0.0,1.0,0.26947843867304044,17.93,0.4,0.1,0.5
170638.83534208,0.39943490699756445,0.09983462154841027,0.5077681410670497,52.199999999999996,0.0,1.0,0.42207098605302207,17.935,0.4,0.1,0.5
170638.8353496,0.40007825217567805,0.11437478564821266,0.5072558951590124,52.199999999999996,0.0,1.0,0.29999694814903677,17.94,0.4,0.1,0.5
170638.835356448,0.4005625441278569,0.12117313118083121,0.5069392279658692,52.199999999999996,0.0,1.0,0.2847376934110386,17.945,0.4,0.1,0.5
170638.835362848,0.4005398655000763,0.12874408204724763,0.5069514342293026,52.199999999999996,0.0,1.0,0.26947843867304044,17.95,0.4,0.1,0.5
170638.835368768,0.40002831731513044,0.12728429301113114,0.5074051444846114,52.199999999999996,0.0,1.0,0.29999694814903677,17.955000000000002,0.4,0.1,0.5
170638.877270368,0.4000842727287293,0.11220030444156434,0.5075468625795482,52.199999999999996,0.0,1.0,0.07110812707906433,17.96,0.4,0.1,0.5
170638.877281664,0.3999624362201283,0.09558777666981218,0.5078379304137579,52.199999999999996,0.0,1.0,0.513626514481011,17.965,0.4,0.1,0.5
170638.877287936,0.4001820668196982,0.0807540279456383,0.507745528026373,52.199999999999996,0.0,1.0,0.29999694814903677,17.97,0.4,0.1,0.5
170638.87729408,0.40084285866840785,0.0999933728545305,0.5073270405077349,52.199999999999996,0.0,1.0,0.34577471236303126,17.975,0.4,0.1,0.5
170638.877300096,0.4009980029538331,0.11835611788101065,0.5073102449001677,52.199999999999996,0.0,1.0,0.31525620288703493,17.98,0.4,0.1,0.5
170638.877306784,0.40108480514880307,0.10673589549932351,0.5073527801870545,52.199999999999996,0.0,1.0,0.4525894955290184,17.985,0.4,0.1,0.5
170638.877313056,0.40116846858212346,0.09372025109746304,0.5073842553800576,52.199999999999996,0.0,1.0,0.3610339671010294,17.990000000000002,0.4,0.1,0.5
170638.877334144,0.4015703430021324,0.10116930768359675,0.5071313469805501,52.199999999999996,0.0,1.0,0.43733024079102023,17.995,0.4,0.1,0.5
170638.920460032,0.4016605740793876,0.11419965256440168,0.5071433538815481,52.199999999999996,0.0,1.0,0.1626636555070533,18.0,0.4,0.1,0.5
170638.920472224,0.40120243460195026,0.11701566169922503,0.5077117814627887,52.199999999999996,0.0,1.0,0.3762932218390276,18.005,0.4,0.1,0.5
170638.920478656,0.4015550919706043,0.10406172311599167,0.5075396584379093,52.199999999999996,0.0,1.0,0.43733024079102023,18.01,0.4,0.1,0.5
170638.920484704,0.4018246694835285,0.11663119491645438,0.507325621842548,52.199999999999996,0.0,1.0,0.2542191839350423,18.015,0.4,0.1,0.5
170638.920490304,0.4017292524067944,0.11936454490177549,0.5074533034906663,52.199999999999996,0.0,1.0,0.2084414197210478,18.02,0.4,0.1,0.5
170638.920495968,0.4013035852569535,0.11036867655235118,0.5079271585682607,52.199999999999996,0.0,1.0,0.42207098605302207,18.025000000000002,0.4,0.1,0.5
170638.9205024,0.40168032229776557,0.10195465769575107,0.5077783404170663,52.199999999999996,0.0,1.0,0.23895992919704412,18.03,0.4,0.1,0.5
170638.920508416,0.4019122585131497,0.10962344440121187,0.507705102227075,52.199999999999996,0.0,1.0,0.3305154576250331,18.035,0.4,0.1,0.5
170638.920514752,0.40203766327313517,0.12490999192715475,0.5075490349824362,52.199999999999996,0.0,1.0,0.23895992919704412,18.04,0.4,0.1,0.5
170638.965060928,0.4020468479638934,0.11889020301910955,0.5075169652025312,52.199999999999996,0.0,1.0,0.5441450239570074,18.045,0.4,0.1,0.5
170638.96507312,0.40206458793940086,0.1039448287899828,0.5076459355114078,52.199999999999996,0.0,1.0,0.23895992919704412,18.05,0.4,0.1,0.5
170638.965080096,0.40239801313666423,0.10382399209349762,0.5072319204380359,52.199999999999996,0.0,1.0,0.2542191839350423,18.055,0.4,0.1,0.5
170638.965087104,0.3974094562363419,0.09904338373162873,0.5074058238719159,52.199999999999996,0.0,1.0,0.26947843867304044,18.06,0.4,0.1,0.5
170638.965106112,0.38466086019905665,0.10297968363063577,0.5075325835849369,52.199999999999996,0.0,1.0,0.3610339671010294,18.065,0.4,0.1,0.5
170638.965114432,0.37167446444603036,0.11242734168442647,0.5074091010014589,52.199999999999996,0.0,1.0,0.1626636555070533,18.07,0.4,0.1,0.5
170638.965120384,0.35775909172805875,0.12646809221838623,0.5071051972762189,52.019999999999996,0.0,1.0,0.3762932218390276,18.075,0.4,0.1,0.5
170638.965126688,0.3405528031331275,0.14401402614044012,0.5069854592070682,51.839999999999996,0.0,1.0,0.19318216498304963,18.080000000000002,0.4,0.1,0.5
170638.965132992,0.3188371257230876,0.17061519373156434,0.5064975433982337,51.48,0.0,1.0,0.6814783165989908,18.085,0.4,0.1,0.5
170639.006295584,0.2947164418574682,0.1879081027349849,0.5063821939336794,51.12,0.0,1.0,-0.005188146610926481,18.09,0.4,0.1,0.5
170639.006312,0.2698428633470086,0.20158192423536833,0.5063063486010164,50.76,0.0,1.0,0.513626514481011,18.095,0.4,0.1,0.5
170639.006320704,0.24550137438833444,0.2296391428981775,0.5060657345707776,50.22,0.0,1.0,0.1626636555070533,18.1,0.4,0.1,0.5
170639.006327264,0.22168034138723874,0.23714546109784304,0.5054872130028593,49.5,0.0,1.0,0.3610339671010294,18.105,0.4,0.1,0.5
170639.006333504,0.1993834198936335,0.24684902541418324,0.5054066823100472,48.78,0.0,1.0,0.11688589129305882,18.11,0.4,0.1,0.5
170639.006340832,0.17791765786891983,0.2577327101284273,0.5055020883581497,47.879999999999995,0.0,1.0,0.5288857692190092,18.115000000000002,0.4,0.1,0.5
170639.00634768,0.16107586692249434,0.265669596564177,0.5051006271963228,46.8,0.0,1.0,0.17792291024505147,18.12,0.4,0.1,0.5
170639.006375584,0.15412190752255436,0.27574383141707964,0.5048445752005032,45.72,0.0,1.0,0.6357005523849963,18.125,0.4,0.1,0.5
170639.049435328,0.15249006129592166,0.2788292221371019,0.5047438215758789,44.64,0.0,1.0,0.22370067445904596,18.13,0.4,0.1,0.5
170639.049460992,0.1511057579792504,0.29206560850648067,0.5043325109537982,43.379999999999995,0.0,1.0,0.42207098605302207,18.135,0.4,0.1,0.5
170639.049469184,0.1538733866441461,0.28708731503277135,0.5045391364039729,41.94,0.0,1.0,0.2084414197210478,18.14,0.4,0.1,0.5
170639.049475456,0.16761388244077993,0.28313166640570775,0.5044353470810984,40.5,0.0,1.0,0.42207098605302207,18.145,0.4,0.1,0.5
170639.049481216,0.18244252443632186,0.2725497384912188,0.5045506764789109,39.059999999999995,0.0,1.0,0.2847376934110386,18.150000000000002,0.4,0.1,0.5
170639.049488192,0.19762323604840373,0.27521340344375134,0.5043999390220885,37.44,0.0,1.0,0.2542191839350423,18.155,0.4,0.1,0.5
170639.049494944,0.21463493689336494,0.27927329449134314,0.5043842492543,35.82,0.0,1.0,-0.035706656086922806,18.16,0.4,0.1,0.5
170639.049501472,0.2315590435834195,0.28229594152631066,0.5041005972623963,34.199999999999996,0.0,1.0,0.6357005523849963,18.165,0.4,0.1,0.5
170639.049507712,0.24499499914506984,0.2652601050319676,0.5042824436349297,32.58,0.0,1.0,0.1626636555070533,18.17,0.4,0.1,0.5
170639.091452512,0.26101093863884883,0.25827462742960416,0.5040102618711684,30.959999999999997,0.0,1.0,0.39155247657702574,18.175,0.4,0.1,0.5
170639.091462208,0.2746362538933265,0.2504095516535835,0.5037316009556896,29.34,0.0,1.0,0.2084414197210478,18.18,0.4,0.1,0.5
170639.091468544,0.28530507867625043,0.2587354056007928,0.5035545693494818,27.9,0.0,1.0,0.3762932218390276,18.185,0.4,0.1,0.5
170639.091488224,0.2962620986053754,0.25373730918383747,0.5034598677830482,26.64,0.0,1.0,0.4831080050050147,18.19,0.4,0.1,0.5
170639.091494304,0.306139296412306,0.23593764420046776,0.503464099437262,25.38,0.0,1.0,0.42207098605302207,18.195,0.4,0.1,0.5
170639.091500864,0.31248409940090066,0.23239822662559131,0.5037590494334397,24.48,-0.18,1.0,0.4525894955290184,18.2,0.4,0.1,0.5
170639.091507104,0.32006219138976955,0.22102461293695017,0.5034752979553248,23.759999999999998,-0.18,1.0,0.34577471236303126,18.205000000000002,0.4,0.1,0.5
170639.091519008,0.3268613983136339,0.21989266720948236,0.5036620677289171,23.22,-0.18,1.0,0.2084414197210478,18.21,0.4,0.1,0.5
170639.134705184,0.3311276887504246,0.210964807653746,0.5036858113122418,23.04,-0.18,1.0,0.4983672597430129,18.215,0.4,0.1,0.5
170639.134714784,0.33620803976491953,0.20481224159971753,0.5036575902288308,23.04,-0.18,1.0,0.17792291024505147,18.22,0.4,0.1,0.5
170639.13472064,0.34168184214690395,0.1931266020119886,0.5034991819810635,23.4,-0.18,1.0,0.5746635334330037,18.225,0.4,0.1,0.5
170639.134726592,0.34521933521017745,0.18501598002823608,0.5031893237218971,23.939999999999998,-0.18,1.0,0.1626636555070533,18.23,0.4,0.1,0.5
170639.134732352,0.34880696111910336,0.17570664775529932,0.5031200407810534,24.84,-0.18,1.0,0.3305154576250331,18.235,0.4,0.1,0.5
170639.134738624,0.35330236923778324,0.17986705259849803,0.5027681386561271,25.74,-0.18,1.0,0.05584887234106617,18.240000000000002,0.4,0.1,0.5
170639.134745024,0.3560654224567278,0.17347870380844027,0.5025171312868867,27.0,-0.18,1.0,0.5899227881710019,18.245,0.4,0.1,0.5
170639.134751552,0.35864812829978954,0.17511430701055192,0.502336095103296,28.439999999999998,-0.18,1.0,0.4525894955290184,18.25,0.4,0.1,0.5
170639.134757504,0.362412881883521,0.17809315337854045,0.5020690186502629,29.88,-0.18,1.0,0.5441450239570074,18.255,0.4,0.1,0.5
170639.177208448,0.36474287266215893,0.17400337218482145,0.5020032489223453,31.5,0.0,1.0,0.025330362865069844,18.26,0.4,0.1,0.5
170639.177225728,0.3664426430580933,0.16896295248046672,0.5023415740291407,33.3,0.0,1.0,0.34577471236303126,18.265,0.4,0.1,0.5
170639.177233984,0.36972631194438227,0.1738445706246687,0.5024491681746919,35.1,0.0,1.0,0.29999694814903677,18.27,0.4,0.1,0.5
170639.177240928,0.37253256363918674,0.15882002710992463,0.5025427430994638,37.08,0.0,1.0,0.34577471236303126,18.275000000000002,0.4,0.1,0.5
170639.177271616,0.37478025725708,0.15601638259710393,0.5025700485428515,39.059999999999995,0.0,1.0,0.10162663655506066,18.28,0.4,0.1,0.5
170639.177280416,0.3775394461631547,0.15853125635749943,0.5027534761289906,41.04,0.0,1.0,0.3610339671010294,18.285,0.4,0.1,0.5
170639.17728736,0.37985890028987884,0.15607324527331798,0.5030397852019604,43.199999999999996,0.0,1.0,0.17792291024505147,18.29,0.4,0.1,0.5
170639.17729424,0.381473594410478,0.16004929851489103,0.5034392732744802,45.18,0.0,1.0,0.5746635334330037,18.295,0.4,0.1,0.5
170639.220710816,0.38402006258826693,0.1449531867991168,0.503715900803983,47.16,0.0,1.0,0.22370067445904596,18.3,0.4,0.1,0.5
170639.220747744,0.3862783020701027,0.14230421029129114,0.5039599085403496,48.96,0.0,1.0,0.3305154576250331,18.305,0.4,0.1,0.5
170639.220755168,0.3875747959645391,0.13100240437914415,0.5045196532417342,50.94,0.0,1.0,0.11688589129305882,18.31,0.4,0.1,0.5
170639.220761504,0.3893028363220503,0.13346722762432434,0.50502090201024,52.559999999999995,0.0,1.0,0.29999694814903677,18.315,0.4,0.1,0.5
170639.220768224,0.3912016365532283,0.12832675990116232,0.5053634022336239,54.36,0.0,1.0,0.6204412976469982,18.32,0.4,0.1,0.5
170639.22083856,0.3922299981440658,0.13728980027873902,0.5058933956711962,55.98,0.0,1.0,0.5746635334330037,18.325,0.4,0.1,0.5
170639.220851168,0.39381381547566746,0.1355877580119248,0.506179090837559,57.419999999999995,0.0,1.0,0.29999694814903677,18.330000000000002,0.4,0.1,0.5
170639.220858176,0.3953869996420402,0.12010863844389161,0.5066946262069116,58.68,0.0,1.0,0.4068117313150239,18.335,0.4,0.1,0.5
170639.220864448,0.3965778246754416,0.12632947805279926,0.507126486167919,59.94,0.0,1.0,0.10162663655506066,18.34,0.4,0.1,0.5
170639.261751616,0.39804492436010225,0.11994750912392615,0.5072738868918817,61.019999999999996,0.0,1.0,0.3762932218390276,18.345,0.4,0.1,0.5
170639.261772064,0.39961587849596536,0.11433572215579675,0.5073724500975154,61.919999999999995,0.0,1.0,0.43733024079102023,18.35,0.4,0.1,0.5
170639.261779712,0.4009153342268146,0.12624366332183187,0.5072981873833176,62.64,0.0,1.0,0.3305154576250331,18.355,0.4,0.1,0.5
170639.261785792,0.40176980078587166,0.13621968940629564,0.5075184706408749,63.18,0.0,1.0,0.43733024079102023,18.36,0.4,0.1,0.5
170639.261791712,0.4025819782679964,0.13527132663086808,0.5077278045596272,63.54,0.0,1.0,0.3305154576250331,18.365000000000002,0.4,0.1,0.5
170639.261798368,0.40325220778922466,0.12315191598728341,0.5079137749046118,63.72,0.0,1.0,0.04058961760306801,18.37,0.4,0.1,0.5
170639.26180432,0.4035598532379165,0.13185492566023446,0.5079929204834492,63.72,0.0,1.0,0.10162663655506066,18.375,0.4,0.1,0.5
170639.261810528,0.403717351006074,0.12592113418211365,0.5080517008119871,63.54,0.0,1.0,0.2084414197210478,18.38,0.4,0.1,0.5
170639.30599696,0.40401245840331007,0.1142651457269073,0.5080975408715542,63.36,0.0,1.0,0.4525894955290184,18.385,0.4,0.1,0.5
170639.306021248,0.40402077655280466,0.10678205929668641,0.5079559720775536,63.0,0.0,1.0,0.2847376934110386,18.39,0.4,0.1,0.5
170639.306028064,0.4038050761355995,0.11141162745768869,0.5079202537950875,62.46,0.0,1.0,0.5594042786950055,18.395,0.4,0.1,0.5
170639.3060344,0.403917958058392,0.12921913110217825,0.5080612547028912,61.919999999999995,0.0,1.0,0.4525894955290184,18.400000000000002,0.4,0.1,0.5
170639.306040512,0.4043752674114549,0.11665053656143426,0.5074925062110166,61.379999999999995,0.0,1.0,0.46784875026701656,18.405,0.4,0.1,0.5
170639.306046816,0.4044729926920297,0.1181610156948901,0.5071284187446413,60.66,0.0,1.0,0.46784875026701656,18.41,0.4,0.1,0.5
170639.306053344,0.4046066644037813,0.11530657174695753,0.5071374460406163,59.94,0.0,1.0,0.2847376934110386,18.415,0.4,0.1,0.5
170639.30605984,0.4049403784632883,0.11343228118866733,0.5067066159497012,59.22,0.0,1.0,0.5441450239570074,18.42,0.4,0.1,0.5
170639.306071552,0.40520372711049585,0.11278253840667816,0.506429154540594,58.5,0.0,1.0,0.29999694814903677,18.425,0.4,0.1,0.5
170639.349441568,0.40517705695160766,0.09593552757307298,0.5066111482876986,57.78,0.0,1.0,0.4525894955290184,18.43,0.4,0.1,0.5
170639.349455744,0.40569636052354446,0.097541890374277,0.5062424426276252,57.059999999999995,0.0,1.0,0.2084414197210478,18.435,0.4,0.1,0.5
170639.3494624,0.40559628162506267,0.09130476303680989,0.5061844541602667,56.339999999999996,0.0,1.0,0.4525894955290184,18.44,0.4,0.1,0.5
170639.349468928,0.40609731970736956,0.09765075462524878,0.5059459315662593,55.62,0.0,1.0,0.2542191839350423,18.445,0.4,0.1,0.5
170639.349474688,0.40653725938264096,0.10083570405380092,0.5058488773689712,54.9,0.0,1.0,0.3762932218390276,18.45,0.4,0.1,0.5
170639.349499968,0.40698331747666866,0.10025743986673925,0.5054830730089018,54.36,0.0,1.0,0.14740440076905514,18.455000000000002,0.4,0.1,0.5
170639.349506912,0.4071671264404878,0.11165077556253748,0.5054351651425182,53.64,0.0,1.0,0.5746635334330037,18.46,0.4,0.1,0.5
170639.349513088,0.40745718865285935,0.10967022145627688,0.5055316952043287,53.1,0.0,1.0,0.1626636555070533,18.465,0.4,0.1,0.5
170639.349519424,0.4074965603869855,0.11902421797362836,0.5056338405086324,52.559999999999995,0.0,1.0,0.3762932218390276,18.47,0.4,0.1,0.5
170639.390716992,0.40802600425969326,0.13805541489337977,0.5052273527980531,52.199999999999996,0.0,1.0,0.3305154576250331,18.475,0.4,0.1,0.5
170639.390732544,0.4084024444346636,0.1408066729288863,0.5050662772538476,51.839999999999996,0.0,1.0,0.605182042909,18.48,0.4,0.1,0.5
170639.390740384,0.4088047908513412,0.126417902282824,0.5048783127165944,51.48,0.0,1.0,0.22370067445904596,18.485,0.4,0.1,0.5
170639.390746176,0.408589734061781,0.11225807337466881,0.5051506866604393,51.3,0.0,1.0,0.3305154576250331,18.490000000000002,0.4,0.1,0.5
170639.390773216,0.40887349532307643,0.1130567095034705,0.5049888020091234,51.12,0.0,1.0,0.2847376934110386,18.495,0.4,0.1,0.5
170639.390780864,0.4093362018302148,0.11782584932966934,0.5046975672585956,51.12,0.0,1.0,0.4068117313150239,18.5,0.4,0.1,0.5
170639.39078736,0.4091081237811858,0.11480362304293207,0.5050075641894325,51.12,0.0,1.0,0.3305154576250331,18.505,0.4,0.1,0.5
170639.390793728,0.40887776892088196,0.12186128457109704,0.5053931724911793,51.12,0.0,1.0,0.39155247657702574,18.51,0.4,0.1,0.5
170639.43478752,0.4087616081253882,0.11502025075160761,0.5053402358574657,51.3,0.0,1.0,0.31525620288703493,18.515,0.4,0.1,0.5
170639.43479792,0.40830349639341107,0.1166428449768243,0.5055644301993049,51.48,0.0,1.0,0.42207098605302207,18.52,0.4,0.1,0.5
170639.434817856,0.4081909269129615,0.11006560884394263,0.5057837413497206,51.48,0.0,1.0,0.2542191839350423,18.525000000000002,0.4,0.1,0.5
170639.434824352,0.4081221722129795,0.11042080026087922,0.5060042943639512,51.66,0.0,1.0,0.5594042786950055,18.53,0.4,0.1,0.5
170639.434830304,0.4077686944391881,0.10647860618197905,0.5062546327814417,51.839999999999996,0.0,1.0,0.17792291024505147,18.535,0.4,0.1,0.5
170639.434837216,0.40736784083509864,0.11516768878050447,0.5066496481736764,52.019999999999996,0.0,1.0,0.605182042909,18.54,0.4,0.1,0.5
170639.434843744,0.4073794287020382,0.1090471837126474,0.5067309232132231,52.199999999999996,0.0,1.0,0.14740440076905514,18.545,0.4,0.1,0.5
170639.434850048,0.4066788582756356,0.11083464540800002,0.507327825037574,52.379999999999995,0.0,1.0,0.2542191839350423,18.55,0.4,0.1,0.5
170639.434855904,0.40664965749359244,0.10848523383630795,0.5073602412239976,52.379999999999995,0.0,1.0,-0.020447401348924643,18.555,0.4,0.1,0.5
170639.475968416,0.4061759554812732,0.09982539569290518,0.5077713349269699,52.559999999999995,0.0,1.0,0.3305154576250331,18.56,0.4,0.1,0.5
170639.475993376,0.40586594040381097,0.0966330032983761,0.5078853522857801,52.739999999999995,0.0,1.0,0.11688589129305882,18.565,0.4,0.1,0.5
170639.476026944,0.4054079681043978,0.10565416702259298,0.5083007297891537,52.739999999999995,0.0,1.0,0.696737571336989,18.57,0.4,0.1,0.5
170639.476034912,0.40518990598876437,0.10631780225329732,0.5086119565500986,52.739999999999995,0.0,1.0,0.31525620288703493,18.575,0.4,0.1,0.5
170639.476041216,0.40532165001291665,0.10887038879527852,0.5081957419957218,52.919999999999995,0.0,1.0,0.42207098605302207,18.580000000000002,0.4,0.1,0.5
170639.476047808,0.40521560538139406,0.10906955151374609,0.5079922037398834,52.919999999999995,0.0,1.0,0.07110812707906433,18.585,0.4,0.1,0.5
170639.476062688,0.40504670103693696,0.10452454867407213,0.5080729243608504,52.919999999999995,0.0,1.0,0.26947843867304044,18.59,0.4,0.1,0.5
170639.476068896,0.4053829673962074,0.11018354545311737,0.5074942630510884,52.919999999999995,0.0,1.0,0.14740440076905514,18.595,0.4,0.1,0.5
170639.5206272,0.4050785957269695,0.11368683565029904,0.5073256428533763,52.919999999999995,0.0,1.0,0.513626514481011,18.6,0.4,0.1,0.5
170639.520643072,0.4047561154460018,0.11437018051151818,0.5075618153022394,52.739999999999995,0.0,1.0,0.11688589129305882,18.605,0.4,0.1,0.5
170639.520651072,0.4049318597193627,0.11958582221502434,0.5072419615743274,52.739999999999995,0.0,1.0,0.04058961760306801,18.61,0.4,0.1,0.5
170639.520658272,0.40478101597893024,0.10566249588544938,0.5071282597612975,52.739999999999995,0.0,1.0,0.22370067445904596,18.615000000000002,0.4,0.1,0.5
170639.52066512,0.40497305482720214,0.11581390127724961,0.5068912020725121,52.739999999999995,0.0,1.0,0.4525894955290184,18.62,0.4,0.1,0.5
170639.520672544,0.40463945715693883,0.10380557242561142,0.5069525898700483,52.739999999999995,0.0,1.0,0.22370067445904596,18.625,0.4,0.1,0.5
170639.52067936,0.4045830377973461,0.12038685141176257,0.5066218246815827,52.739999999999995,0.0,1.0,0.4525894955290184,18.63,0.4,0.1,0.5
170639.520700384,0.40450327355827775,0.125214330266547,0.5064843162542442,52.739999999999995,0.0,1.0,0.2847376934110386,18.635,0.4,0.1,0.5
170639.520707936,0.4046563368467758,0.11783930475198373,0.5062640788627005,52.739999999999995,0.0,1.0,0.29999694814903677,18.64,0.4,0.1,0.5
170639.561709632,0.4046541061932198,0.1152995242054898,0.505975111088011,52.739999999999995,0.0,1.0,0.17792291024505147,18.645,0.4,0.1,0.5
170639.561720736,0.4041419488400355,0.10935342258211256,0.5062543716919512,52.739999999999995,0.0,1.0,0.7272560808129853,18.650000000000002,0.4,0.1,0.5
170639.561740672,0.4041822456170811,0.10488107746007469,0.5060095902888406,52.739999999999995,0.0,1.0,0.23895992919704412,18.655,0.4,0.1,0.5
170639.561746656,0.4043061289646362,0.0974034558146652,0.5057011504259399,52.739999999999995,0.0,1.0,0.3762932218390276,18.66,0.4,0.1,0.5
170639.561752544,0.40425383832414663,0.09545742461832524,0.5056201108080093,52.739999999999995,0.0,1.0,0.2847376934110386,18.665,0.4,0.1,0.5
170639.561759168,0.404426383111719,0.09942080388312688,0.5054507116563275,52.739999999999995,0.0,1.0,0.513626514481011,18.67,0.4,0.1,0.5
170639.56176528,0.404331199623205,0.11241197057162014,0.505417136442672,52.739999999999995,0.0,1.0,0.05584887234106617,18.675,0.4,0.1,0.5
170639.561771712,0.40414545204493674,0.1066322166638517,0.5054606487293273,52.739999999999995,0.0,1.0,0.5288857692190092,18.68,0.4,0.1,0.5
170639.605019424,0.4037331499434066,0.09906637406121072,0.5052789705535102,52.739999999999995,0.0,1.0,0.2847376934110386,18.685,0.4,0.1,0.5
170639.60503168,0.4038369811577582,0.10911046094821682,0.5048120185658937,52.739999999999995,0.0,1.0,0.31525620288703493,18.69,0.4,0.1,0.5
170639.605038784,0.4028831705300753,0.11078963747390477,0.504961859545816,52.739999999999995,0.0,1.0,0.04058961760306801,18.695,0.4,0.1,0.5
170639.605045504,0.4018707003071288,0.09621016090085857,0.5049164742820101,52.739999999999995,0.0,1.0,0.3762932218390276,18.7,0.4,0.1,0.5
170639.6050664,0.4008960446471965,0.10923986292331836,0.5048631297380434,52.739999999999995,0.0,1.0,0.19318216498304963,18.705000000000002,0.4,0.1,0.5
170639.605074272,0.3999335081412333,0.10904363372689777,0.5051208366844373,52.739999999999995,0.0,1.0,0.42207098605302207,18.71,0.4,0.1,0.5
170639.605080896,0.3988560675699227,0.10886340567888317,0.5056060905975601,52.739999999999995,0.0,1.0,-0.005188146610926481,18.715,0.4,0.1,0.5
170639.60509488,0.3981296446025857,0.10162419602111816,0.5059642925076342,52.739999999999995,0.0,1.0,0.46784875026701656,18.72,0.4,0.1,0.5
170639.605101472,0.39713347216896655,0.10683431841851095,0.5064858378246159,52.739999999999995,0.0,1.0,0.43733024079102023,18.725,0.4,0.1,0.5
170639.647081856,0.39697065278259114,0.1008112807705957,0.5070112395803412,52.739999999999995,0.0,1.0,0.5288857692190092,18.73,0.4,0.1,0.5
170639.647090528,0.3971355503968961,0.10069738154613175,0.5070705959744539,52.739999999999995,0.0,1.0,0.23895992919704412,18.735,0.4,0.1,0.5
170639.647096736,0.3972542280495203,0.11048109262982843,0.507265161002868,52.739999999999995,0.0,1.0,0.4983672597430129,18.740000000000002,0.4,0.1,0.5
170639.647102688,0.39743021897782943,0.1041112753941592,0.5074938990060964,52.739999999999995,0.0,1.0,0.19318216498304963,18.745,0.4,0.1,0.5
170639.647108576,0.3976907448295001,0.10267888516906207,0.507671168267489,52.739999999999995,0.0,1.0,0.29999694814903677,18.75,0.4,0.1,0.5
170639.64711488,0.39800659253609455,0.1126099400348616,0.5075998460383888,52.739999999999995,0.0,1.0,0.31525620288703493,18.755,0.4,0.1,0.5
170639.64712128,0.3979449880700236,0.11570095820721071,0.5080124132776437,52.739999999999995,0.0,1.0,0.39155247657702574,18.76,0.4,0.1,0.5
170639.647127584,0.39820120898438,0.12165953178458384,0.5080183733179089,52.739999999999995,0.0,1.0,0.22370067445904596,18.765,0.4,0.1,0.5
170639.690594688,0.39846945027448477,0.11691970046911934,0.5079306034076523,52.739999999999995,0.0,1.0,0.46784875026701656,18.77,0.4,0.1,0.5
170639.690638688,0.39872582374855137,0.11385184765906697,0.5077498323989579,52.739999999999995,0.0,1.0,0.2084414197210478,18.775000000000002,0.4,0.1,0.5
170639.690648704,0.3987477601225714,0.11693356742562767,0.5077326714328243,52.739999999999995,0.0,1.0,0.2084414197210478,18.78,0.4,0.1,0.5
170639.690655712,0.3986850938063241,0.10144803684325233,0.5078440742031065,52.739999999999995,0.0,1.0,0.2847376934110386,18.785,0.4,0.1,0.5
170639.69066864,0.3987786740975146,0.11166016436190893,0.507738392757216,52.739999999999995,0.0,1.0,0.3762932218390276,18.79,0.4,0.1,0.5
170639.690674656,0.3990906112994585,0.10939733211610163,0.5074144666569795,52.739999999999995,0.0,1.0,0.2084414197210478,18.795,0.4,0.1,0.5
170639.690686816,0.39941752080369697,0.10792643520985776,0.5070858094117937,52.739999999999995,0.0,1.0,0.4525894955290184,18.8,0.4,0.1,0.5
170639.690693824,0.39957921813947384,0.10954021050092674,0.5070139702773863,52.739999999999995,0.0,1.0,0.2542191839350423,18.805,0.4,0.1,0.5
170639.690700192,0.3999033106648732,0.10869883868567305,0.506908625398147,52.739999999999995,0.0,1.0,0.39155247657702574,18.81,0.4,0.1,0.5
170639.731624672,0.40018209364911195,0.10899472540760735,0.5066301333348602,52.739999999999995,0.0,1.0,0.010071108127071682,18.815,0.4,0.1,0.5
170639.731640352,0.40059447368080503,0.11078860841903052,0.5062508171756306,52.739999999999995,0.0,1.0,0.2542191839350423,18.82,0.4,0.1,0.5
170639.731647328,0.40080458661265084,0.1093453232362399,0.5060262839176711,52.739999999999995,0.0,1.0,0.4525894955290184,18.825,0.4,0.1,0.5
170639.731653952,0.4003941206894907,0.09795714298670857,0.5063628381944337,52.739999999999995,0.0,1.0,0.43733024079102023,18.830000000000002,0.4,0.1,0.5
170639.73166016,0.4004712459940789,0.09556974764976697,0.5061801719238076,52.739999999999995,0.0,1.0,0.43733024079102023,18.835,0.4,0.1,0.5
170639.731666912,0.4005972741802264,0.09743045129712687,0.5060921715265954,52.739999999999995,0.0,1.0,0.2084414197210478,18.84,0.4,0.1,0.5
170639.731673504,0.4006300454799082,0.0982531443793479,0.5060163121791257,52.739999999999995,0.0,1.0,0.31525620288703493,18.845,0.4,0.1,0.5
170639.731706656,0.40055147415218995,0.10502567154732488,0.5062994096218112,52.739999999999995,0.0,1.0,0.26947843867304044,18.85,0.4,0.1,0.5
170639.775681984,0.40074423686839417,0.10598734024435574,0.506037570276374,52.739999999999995,0.0,1.0,0.19318216498304963,18.855,0.4,0.1,0.5
170639.775692096,0.4008755400380253,0.11466300415391494,0.5057654048035243,52.739999999999995,0.0,1.0,0.513626514481011,18.86,0.4,0.1,0.5
170639.775698528,0.4006806368014566,0.10489997893910546,0.5058497177704911,52.739999999999995,0.0,1.0,0.43733024079102023,18.865000000000002,0.4,0.1,0.5
170639.775704512,0.4008029999411614,0.08922118605818277,0.5059363594123242,52.739999999999995,0.0,1.0,0.42207098605302207,18.87,0.4,0.1,0.5
170639.775710208,0.4011898267398005,0.08643496685083002,0.505783255473711,52.739999999999995,0.0,1.0,0.4525894955290184,18.875,0.4,0.1,0.5
170639.775716064,0.4011941993254756,0.09428563210933222,0.5058908974703182,52.739999999999995,0.0,1.0,0.3610339671010294,18.88,0.4,0.1,0.5
170639.775722528,0.40152920263213254,0.09630189147322664,0.5059712441731066,52.739999999999995,0.0,1.0,0.4068117313150239,18.885,0.4,0.1,0.5
170639.775728864,0.40143511300635626,0.10145300211374463,0.5062936980161516,52.739999999999995,0.0,1.0,0.010071108127071682,18.89,0.4,0.1,0.5
170639.775735168,0.40190924471813816,0.12233107323248872,0.5059840396970615,52.739999999999995,0.0,1.0,0.26947843867304044,18.895,0.4,0.1,0.5
170639.819948224,0.40180887096161894,0.09981522500121535,0.506415613366763,52.739999999999995,0.0,1.0,0.3305154576250331,18.900000000000002,0.4,0.1,0.5
170639.819967968,0.40161006453310566,0.10778380781202972,0.5069241124722712,52.739999999999995,0.0,1.0,0.42207098605302207,18.905,0.4,0.1,0.5
170639.819975712,0.4013463495684875,0.09480250065722463,0.5075219094505544,52.739999999999995,0.0,1.0,0.39155247657702574,18.91,0.4,0.1,0.5
170639.81998256,0.40207753607846497,0.1075052798048324,0.5073877028140978,52.739999999999995,0.0,1.0,0.23895992919704412,18.915,0.4,0.1,0.5
170639.820049536,0.40229951932215635,0.10910080617639595,0.5075721396369856,52.739999999999995,0.0,1.0,0.23895992919704412,18.92,0.4,0.1,0.5
170639.820058048,0.40215466281540824,0.0995432552545607,0.5078813849660622,52.739999999999995,0.0,1.0,0.5288857692190092,18.925,0.4,0.1,0.5
170639.82006528,0.40244131574201586,0.10633290354901169,0.5077972327639126,52.739999999999995,0.0,1.0,0.29999694814903677,18.93,0.4,0.1,0.5
170639.820072032,0.4023196385592981,0.09303542186868395,0.5081195249754037,52.739999999999995,0.0,1.0,0.14740440076905514,18.935,0.4,0.1,0.5
170639.820078112,0.40210315073882724,0.09165045938769158,0.5085701055447686,52.739999999999995,0.0,1.0,0.2542191839350423,18.94,0.4,0.1,0.5
170639.8612688,0.402325715112266,0.1016069242628767,0.5083741354168863,52.739999999999995,0.0,1.0,0.3305154576250331,18.945,0.4,0.1,0.5
170639.861280256,0.40249498696755276,0.10015231338000365,0.5080734717967976,52.739999999999995,0.0,1.0,0.07110812707906433,18.95,0.4,0.1,0.5
170639.861286976,0.40280558668741184,0.11086858543675215,0.5077860472275895,52.739999999999995,0.0,1.0,0.4831080050050147,18.955000000000002,0.4,0.1,0.5
170639.861292736,0.4027989860019194,0.11727915886940177,0.5078461829145009,52.739999999999995,0.0,1.0,0.23895992919704412,18.96,0.4,0.1,0.5
170639.861298752,0.402630475337843,0.10327312552125081,0.507549988282696,52.739999999999995,0.0,1.0,0.3610339671010294,18.965,0.4,0.1,0.5
170639.861305536,0.40200455846882377,0.10225014849025801,0.5079961468490628,52.739999999999995,0.0,1.0,0.2084414197210478,18.97,0.4,0.1,0.5
170639.861312032,0.4024488024868096,0.08796948856147957,0.5075994943424292,52.739999999999995,0.0,1.0,0.5746635334330037,18.975,0.4,0.1,0.5
170639.861318432,0.40242341775556967,0.0996848363400064,0.5072549582216588,52.739999999999995,0.0,1.0,0.17792291024505147,18.98,0.4,0.1,0.5
170639.904680512,0.40233060154867956,0.09724030333488312,0.5072254197621031,52.739999999999995,0.0,1.0,0.31525620288703493,18.985,0.4,0.1,0.5
170639.904706592,0.40264211046480164,0.11079949530656517,0.5068138134990946,52.739999999999995,0.0,1.0,0.14740440076905514,18.990000000000002,0.4,0.1,0.5
170639.904714496,0.40252013048495594,0.1117713347990282,0.5066911878663548,52.739999999999995,0.0,1.0,0.3305154576250331,18.995,0.4,0.1,0.5
170639.90472064,0.40271042666374607,0.12199988089213734,0.5064665935311997,52.739999999999995,0.0,1.0,0.14740440076905514,19.0,0.4,0.1,0.5
170639.904727488,0.40292542458691405,0.10976299475665445,0.5061700037374841,52.739999999999995,0.0,1.0,0.3762932218390276,19.005,0.4,0.1,0.5
170639.904734496,0.4027343476122042,0.1118385771510046,0.5060122308843085,52.739999999999995,0.0,1.0,0.26947843867304044,19.01,0.4,0.1,0.5
170639.904741056,0.4027140262753315,0.10093485722254976,0.5059840285285446,52.739999999999995,0.0,1.0,0.5746635334330037,19.015,0.4,0.1,0.5
170639.904747488,0.40269901531519897,0.08872991136537667,0.5058417496900453,52.739999999999995,0.0,1.0,-0.11200292977691362,19.02,0.4,0.1,0.5
170639.904753792,0.40263249821413644,0.09304560421281421,0.5056742970908298,52.739999999999995,0.0,1.0,0.43733024079102023,19.025000000000002,0.4,0.1,0.5
170639.946841344,0.40227153713014735,0.10634559363737435,0.5055835130401575,52.739999999999995,0.0,1.0,0.31525620288703493,19.03,0.4,0.1,0.5
170639.946852832,0.40188257303472047,0.11941474818064025,0.5054263978634118,52.739999999999995,0.0,1.0,0.6814783165989908,19.035,0.4,0.1,0.5
170639.946859264,0.4017054129289691,0.11290423175881076,0.5053197453934738,52.739999999999995,0.0,1.0,0.29999694814903677,19.04,0.4,0.1,0.5
170639.946865568,0.4014344544185232,0.10686369445648246,0.5052280220294618,52.739999999999995,0.0,1.0,0.7272560808129853,19.045,0.4,0.1,0.5
170639.946871648,0.4012256371940066,0.10311825607477484,0.5050621213555765,52.739999999999995,0.0,1.0,0.19318216498304963,19.05,0.4,0.1,0.5
170639.946890592,0.4007953767798295,0.09977102605678578,0.5050228114270532,52.739999999999995,0.0,1.0,0.39155247657702574,19.055,0.4,0.1,0.5
170639.946897024,0.40020284220074215,0.11035553662242155,0.5053175693687015,52.739999999999995,0.0,1.0,0.10162663655506066,19.06,0.4,0.1,0.5
170639.94690912,0.40001342888366365,0.10464167316674183,0.5054451504512865,52.739999999999995,0.0,1.0,0.5746635334330037,19.065,0.4,0.1,0.5
170639.990218656,0.39999633303043197,0.09443052010136767,0.5054960290342106,52.739999999999995,0.0,1.0,0.31525620288703493,19.07,0.4,0.1,0.5
170639.990235264,0.3999826758270387,0.08662388014321885,0.5056645523542772,52.739999999999995,0.0,1.0,0.4983672597430129,19.075,0.4,0.1,0.5
170639.990242208,0.40012746791749393,0.08790878970850864,0.5056987243237179,52.739999999999995,0.0,1.0,0.26947843867304044,19.080000000000002,0.4,0.1,0.5
170639.990249152,0.39991864950841394,0.10135268167322305,0.5060657400494085,52.739999999999995,0.0,1.0,0.46784875026701656,19.085,0.4,0.1,0.5
170639.990255616,0.3997363108472315,0.10311982155690243,0.5064144128076555,52.739999999999995,0.0,1.0,0.05584887234106617,19.09,0.4,0.1,0.5
170639.990262816,0.3999065462903292,0.09331320614239964,0.5068646065937674,52.739999999999995,0.0,1.0,0.19318216498304963,19.095,0.4,0.1,0.5
170639.99026944,0.40001148464544506,0.09889696525829961,0.5070665372896114,52.739999999999995,0.0,1.0,0.22370067445904596,19.1,0.4,0.1,0.5
170639.990276288,0.40026830351109705,0.11485512796797807,0.5071722213131792,52.739999999999995,0.0,1.0,0.43733024079102023,19.105,0.4,0.1,0.5
170639.990282432,0.40026097546351364,0.10684511197253507,0.5074236659495776,52.739999999999995,0.0,1.0,0.23895992919704412,19.11,0.4,0.1,0.5
170640.031659264,0.40044221459563933,0.09982613916490846,0.5076478129001327,52.739999999999995,0.0,1.0,0.42207098605302207,19.115000000000002,0.4,0.1,0.5
170640.031699264,0.4009207103658865,0.10542933680867199,0.5076252223825801,52.739999999999995,0.0,1.0,0.34577471236303126,19.12,0.4,0.1,0.5
170640.031707232,0.40108975060392854,0.11519787147870016,0.5077047209766592,52.739999999999995,0.0,1.0,0.605182042909,19.125,0.4,0.1,0.5
170640.031713792,0.40099388401725533,0.11286729670824122,0.5079364170541427,52.739999999999995,0.0,1.0,0.2847376934110386,19.13,0.4,0.1,0.5
170640.031726016,0.40107559937476506,0.11194993088349504,0.5080501470703682,52.739999999999995,0.0,1.0,0.605182042909,19.135,0.4,0.1,0.5
170640.031734048,0.40122535603873816,0.09532376411822474,0.5082394515529387,52.739999999999995,0.0,1.0,0.025330362865069844,19.14,0.4,0.1,0.5
170640.031740384,0.40130468904653555,0.09301791556078205,0.5083959420473085,52.739999999999995,0.0,1.0,0.3762932218390276,19.145,0.4,0.1,0.5
170640.031747008,0.40145574823750574,0.09829224159842169,0.5084473274277798,52.739999999999995,0.0,1.0,0.31525620288703493,19.150000000000002,0.4,0.1,0.5
170640.075957856,0.4015593419971389,0.10841640005158112,0.5082829306091651,52.739999999999995,0.0,1.0,0.7119968260749872,19.155,0.4,0.1,0.5
170640.075970784,0.4016614849381988,0.1128502793749087,0.5080771215343293,52.739999999999995,0.0,1.0,0.2542191839350423,19.16,0.4,0.1,0.5
170640.07597776,0.401593552154057,0.11493605071947081,0.5081207816329328,52.739999999999995,0.0,1.0,0.513626514481011,19.165,0.4,0.1,0.5
170640.075983872,0.4017860460257989,0.1140926221444415,0.507860868798837,52.739999999999995,0.0,1.0,0.34577471236303126,19.17,0.4,0.1,0.5
170640.075990208,0.401913047557802,0.11058381754910389,0.5076700069323609,52.739999999999995,0.0,1.0,0.4831080050050147,19.175,0.4,0.1,0.5
170640.075997024,0.40211389673662534,0.10355085811206081,0.5075663330468911,52.739999999999995,0.0,1.0,-0.020447401348924643,19.18,0.4,0.1,0.5
170640.07604592,0.40226056404139376,0.11748152404710106,0.507183655564322,52.739999999999995,0.0,1.0,0.5899227881710019,19.185,0.4,0.1,0.5
170640.07605296,0.40216386171694435,0.11019500973432246,0.5071423527866282,52.739999999999995,0.0,1.0,0.3762932218390276,19.19,0.4,0.1,0.5
170640.076059456,0.4023286028215749,0.1148257945915776,0.5068504424701749,52.739999999999995,0.0,1.0,0.42207098605302207,19.195,0.4,0.1,0.5
170640.116984224,0.4021339247125834,0.12025648746156467,0.5068495253336484,52.739999999999995,0.0,1.0,0.19318216498304963,19.2,0.4,0.1,0.5
170640.116998048,0.4023083144613842,0.10875298705296191,0.5065767609580631,52.739999999999995,0.0,1.0,0.42207098605302207,19.205000000000002,0.4,0.1,0.5
170640.117005056,0.40198657292332896,0.11138709637022347,0.5065008078670761,52.739999999999995,0.0,1.0,0.17792291024505147,19.21,0.4,0.1,0.5
170640.11701216,0.402045682125754,0.09864225141067995,0.5060889587536382,52.739999999999995,0.0,1.0,0.5288857692190092,19.215,0.4,0.1,0.5
170640.11701888,0.40183054889648256,0.09642455978221928,0.5060371597509722,52.739999999999995,0.0,1.0,0.05584887234106617,19.22,0.4,0.1,0.5
170640.117025984,0.4016996573363324,0.09706205263119098,0.5059259773891753,52.739999999999995,0.0,1.0,0.3762932218390276,19.225,0.4,0.1,0.5
170640.11703296,0.4016509408964389,0.09636488887205351,0.505544953143135,52.739999999999995,0.0,1.0,0.2847376934110386,19.23,0.4,0.1,0.5
170640.117039168,0.4017273853613393,0.10832032169070531,0.5053050874145719,52.739999999999995,0.0,1.0,0.3762932218390276,19.235,0.4,0.1,0.5
170640.161142464,0.4016382314043201,0.09883353675544976,0.5053051747696311,52.739999999999995,0.0,1.0,0.3610339671010294,19.240000000000002,0.4,0.1,0.5
170640.161157568,0.40170978272151514,0.10328178506714926,0.5050293092707101,52.739999999999995,0.0,1.0,0.39155247657702574,19.245,0.4,0.1,0.5
170640.16118752,0.4015074699312686,0.0990057951764687,0.5051654338080982,52.739999999999995,0.0,1.0,0.26947843867304044,19.25,0.4,0.1,0.5
170640.161193856,0.40113320111243916,0.09899542247197804,0.5053948946160824,52.739999999999995,0.0,1.0,0.31525620288703493,19.255,0.4,0.1,0.5
170640.161199808,0.40095316640176637,0.10507037983264196,0.5051151731627271,52.739999999999995,0.0,1.0,0.1626636555070533,19.26,0.4,0.1,0.5
170640.161205696,0.40067355148273714,0.11721510955786531,0.5052002972342399,52.739999999999995,0.0,1.0,0.5441450239570074,19.265,0.4,0.1,0.5
170640.161212352,0.4004550823442691,0.10174247994485948,0.5054939518380751,52.739999999999995,0.0,1.0,0.2847376934110386,19.27,0.4,0.1,0.5
170640.161224736,0.4004923387645438,0.10610105939726452,0.5054893252719164,52.739999999999995,0.0,1.0,0.3762932218390276,19.275000000000002,0.4,0.1,0.5
170640.16123136,0.40065776919898716,0.10670065498525654,0.5053038858812973,52.739999999999995,0.0,1.0,0.2084414197210478,19.28,0.4,0.1,0.5
170640.204667392,0.40082450310687373,0.10067613112581111,0.5053391030215402,52.739999999999995,0.0,1.0,0.19318216498304963,19.285,0.4,0.1,0.5
170640.20468496,0.40089673554583716,0.10306919222449694,0.5054686259214297,52.739999999999995,0.0,1.0,0.42207098605302207,19.29,0.4,0.1,0.5
170640.204692352,0.4007340442877114,0.09602971952526772,0.5058201620689398,52.739999999999995,0.0,1.0,0.22370067445904596,19.295,0.4,0.1,0.5
170640.20469872,0.401190985851735,0.10300076076435037,0.5057466934060302,52.739999999999995,0.0,1.0,0.6509598071229945,19.3,0.4,0.1,0.5
170640.20470528,0.4011042132778285,0.09402084086746813,0.5061497944000144,52.739999999999995,0.0,1.0,0.29999694814903677,19.305,0.4,0.1,0.5
170640.204712768,0.40091808083989044,0.09034723401083343,0.5066248663986795,52.739999999999995,0.0,1.0,0.17792291024505147,19.31,0.4,0.1,0.5
170640.204719648,0.40067482926204706,0.10201178302138453,0.5071123544611084,52.739999999999995,0.0,1.0,0.3610339671010294,19.315,0.4,0.1,0.5
170640.204762176,0.40044178537544817,0.10804577461960498,0.5074866931133194,52.739999999999995,0.0,1.0,0.43733024079102023,19.32,0.4,0.1,0.5
170640.204768704,0.40037646677313443,0.10422821516453333,0.5078918064450799,52.739999999999995,0.0,1.0,0.46784875026701656,19.325,0.4,0.1,0.5
170640.245553856,0.4008713740706239,0.10255758536084116,0.5076141595769029,52.739999999999995,0.0,1.0,0.46784875026701656,19.330000000000002,0.4,0.1,0.5
170640.245564288,0.40075339733559684,0.10514725105660536,0.5078102936673184,52.739999999999995,0.0,1.0,0.19318216498304963,19.335,0.4,0.1,0.5
170640.245571008,0.4002045110175447,0.10110663149990187,0.5082927391851442,52.739999999999995,0.0,1.0,0.4068117313150239,19.34,0.4,0.1,0.5
170640.245588128,0.40055520000232375,0.10101577181487573,0.508180515408477,52.739999999999995,0.0,1.0,0.3610339671010294,19.345,0.4,0.1,0.5
170640.245595008,0.40053287757187955,0.09337219729129365,0.5083794565268275,52.739999999999995,0.0,1.0,0.1626636555070533,19.35,0.4,0.1,0.5
170640.245601504,0.40083557441744405,0.09881762996082301,0.508286208878386,52.739999999999995,0.0,1.0,0.3610339671010294,19.355,0.4,0.1,0.5
170640.245607936,0.40089140744753154,0.10308430287527579,0.5081881426797925,52.739999999999995,0.0,1.0,0.4831080050050147,19.36,0.4,0.1,0.5
170640.245614112,0.40062729844075023,0.09723146807483111,0.5083096775392393,52.739999999999995,0.0,1.0,0.26947843867304044,19.365000000000002,0.4,0.1,0.5
170640.289890016,0.4005481758239045,0.09272158461021074,0.508284785961107,52.739999999999995,0.0,1.0,0.3305154576250331,19.37,0.4,0.1,0.5
170640.289902048,0.40066060797383796,0.08770042559966638,0.5080389802164269,52.739999999999995,0.0,1.0,0.46784875026701656,19.375,0.4,0.1,0.5
170640.289908608,0.40066129092018743,0.09813960599208582,0.50784651314442,52.739999999999995,0.0,1.0,0.26947843867304044,19.38,0.4,0.1,0.5
170640.289926432,0.4003970346271506,0.09768873553759139,0.507917745156439,52.739999999999995,0.0,1.0,0.2084414197210478,19.385,0.4,0.1,0.5
170640.289932832,0.40051556438065433,0.10766872514033203,0.5076248502834994,52.739999999999995,0.0,1.0,0.22370067445904596,19.39,0.4,0.1,0.5
170640.289939296,0.40054416047151037,0.10930283675906842,0.5073048232261479,52.739999999999995,0.0,1.0,0.34577471236303126,19.395,0.4,0.1,0.5
170640.289945696,0.4007435644120093,0.10185663093952195,0.5070924824263467,52.739999999999995,0.0,1.0,0.31525620288703493,19.400000000000002,0.4,0.1,0.5
170640.289952128,0.40056277228143844,0.1098978545056909,0.507187022842309,52.739999999999995,0.0,1.0,0.2847376934110386,19.405,0.4,0.1,0.5
170640.289958304,0.4006543774922987,0.10738444556829167,0.5068513977729603,52.739999999999995,0.0,1.0,0.4983672597430129,19.41,0.4,0.1,0.5
170640.331252672,0.4001907420140678,0.104667295430923,0.5070639478855432,52.739999999999995,0.0,1.0,-0.035706656086922806,19.415,0.4,0.1,0.5
170640.331270432,0.39991996605519503,0.10665258283453413,0.5071078089071956,52.739999999999995,0.0,1.0,0.4983672597430129,19.42,0.4,0.1,0.5
170640.331278816,0.40041928528243736,0.0994121474491155,0.5067059121434405,52.739999999999995,0.0,1.0,0.05584887234106617,19.425,0.4,0.1,0.5
170640.331286144,0.40050047660068033,0.09103068712313697,0.5066644890949981,52.739999999999995,0.0,1.0,0.3305154576250331,19.43,0.4,0.1,0.5
170640.331292608,0.40054887169909265,0.09372649069081371,0.5064300084465369,52.739999999999995,0.0,1.0,0.22370067445904596,19.435,0.4,0.1,0.5
170640.331299744,0.40082618963223826,0.09988383151267755,0.5060354264295006,52.739999999999995,0.0,1.0,0.46784875026701656,19.44,0.4,0.1,0.5
170640.33130592,0.40105563647911663,0.09158697911167639,0.5058067511152027,52.739999999999995,0.0,1.0,0.17792291024505147,19.445,0.4,0.1,0.5
170640.331317856,0.40104380054693634,0.09546991588344031,0.5057574837441924,52.739999999999995,0.0,1.0,0.5594042786950055,19.45,0.4,0.1,0.5
170640.37549296,0.4010295435643115,0.10435458675355162,0.5056774160249439,52.739999999999995,0.0,1.0,0.42207098605302207,19.455000000000002,0.4,0.1,0.5
170640.375503744,0.400837426420478,0.09891190637089983,0.5058388826792579,52.739999999999995,0.0,1.0,0.29999694814903677,19.46,0.4,0.1,0.5
170640.375510112,0.40068057745515084,0.09499309572210698,0.5058780524665342,52.739999999999995,0.0,1.0,0.3305154576250331,19.465,0.4,0.1,0.5
170640.375516768,0.4006309396894726,0.10861086835342243,0.5059491912644423,52.739999999999995,0.0,1.0,0.3305154576250331,19.47,0.4,0.1,0.5
170640.37552304,0.40063374523866424,0.09681230860033042,0.5061400367839336,52.739999999999995,0.0,1.0,0.1626636555070533,19.475,0.4,0.1,0.5
170640.375529632,0.4008661080857156,0.10086352259449874,0.5060609332930478,52.739999999999995,0.0,1.0,0.513626514481011,19.48,0.4,0.1,0.5
170640.375535808,0.4007413901527306,0.10654986210320752,0.5063532246018996,52.739999999999995,0.0,1.0,0.6204412976469982,19.485,0.4,0.1,0.5
170640.375555776,0.4011707439040383,0.09825464368354062,0.5063546802883122,52.739999999999995,0.0,1.0,0.43733024079102023,19.490000000000002,0.4,0.1,0.5
170640.37556288,0.4008248757412102,0.10938992168971992,0.5069312059230512,52.739999999999995,0.0,1.0,0.4068117313150239,19.495,0.4,0.1,0.5
170640.416555488,0.4010771048181978,0.11302393326366544,0.5069260866178643,52.739999999999995,0.0,1.0,0.23895992919704412,19.5,0.4,0.1,0.5
170640.416568096,0.40072472898107253,0.10913609900498132,0.5075450652757886,52.739999999999995,0.0,1.0,0.31525620288703493,19.505,0.4,0.1,0.5
170640.416575296,0.4009049530135126,0.09535437898645761,0.5075710666396542,52.739999999999995,0.0,1.0,0.29999694814903677,19.51,0.4,0.1,0.5
170640.416597856,0.401100603520434,0.09733179246149548,0.507469676967742,52.739999999999995,0.0,1.0,0.3305154576250331,19.515,0.4,0.1,0.5
170640.416604448,0.40102525135593475,0.09313740723682339,0.5076072155959572,52.739999999999995,0.0,1.0,0.513626514481011,19.52,0.4,0.1,0.5
170640.416611808,0.40084473260773423,0.09836830196250315,0.5081436532604662,52.739999999999995,0.0,1.0,0.42207098605302207,19.525000000000002,0.4,0.1,0.5
170640.416618368,0.40063260127152744,0.1070411012901044,0.5084919384313452,52.739999999999995,0.0,1.0,0.31525620288703493,19.53,0.4,0.1,0.5
170640.416624224,0.400728615817692,0.11144919715412795,0.5083985357860641,52.739999999999995,0.0,1.0,0.19318216498304963,19.535,0.4,0.1,0.5
170640.460861088,0.4007873653427445,0.10573238744228146,0.5083388535112457,52.739999999999995,0.0,1.0,0.4983672597430129,19.54,0.4,0.1,0.5
170640.460872832,0.4007222097053028,0.10461923523477275,0.5083858285893165,52.739999999999995,0.0,1.0,0.17792291024505147,19.545,0.4,0.1,0.5
170640.460879552,0.40092549442946585,0.10880801598892059,0.5080033882172936,52.739999999999995,0.0,1.0,0.5594042786950055,19.55,0.4,0.1,0.5
170640.460885952,0.4006881297617635,0.1030679218071121,0.5078854981033698,52.739999999999995,0.0,1.0,0.23895992919704412,19.555,0.4,0.1,0.5
170640.46090368,0.4007969718697975,0.08677883736395271,0.507757739016857,52.739999999999995,0.0,1.0,0.3762932218390276,19.56,0.4,0.1,0.5
170640.460911552,0.4005427691923848,0.09591444869728842,0.5077761177927305,52.739999999999995,0.0,1.0,0.42207098605302207,19.565,0.4,0.1,0.5
170640.46091792,0.40088622717382527,0.107690813942583,0.5073646833715885,52.739999999999995,0.0,1.0,0.34577471236303126,19.57,0.4,0.1,0.5
170640.460924128,0.4008885107589231,0.10157679263193542,0.5071985780152578,52.739999999999995,0.0,1.0,0.26947843867304044,19.575,0.4,0.1,0.5
170640.460930112,0.40067969347758103,0.10182391577120617,0.507032686913119,52.739999999999995,0.0,1.0,0.6204412976469982,19.580000000000002,0.4,0.1,0.5
170640.502253984,0.4006097170045798,0.101734615050077,0.5069414218223823,52.739999999999995,0.0,1.0,0.22370067445904596,19.585,0.4,0.1,0.5
170640.502265696,0.4008657971829926,0.11391645294590359,0.5066859010105473,52.739999999999995,0.0,1.0,0.46784875026701656,19.59,0.4,0.1,0.5
170640.50227248,0.4008594421401563,0.11944480574275862,0.5064796381131462,52.739999999999995,0.0,1.0,0.23895992919704412,19.595,0.4,0.1,0.5
170640.502279072,0.4012837154611264,0.10871175293317792,0.5060371847187582,52.739999999999995,0.0,1.0,0.43733024079102023,19.6,0.4,0.1,0.5
170640.502285376,0.4013134630353984,0.11130571046654707,0.5058551655385741,52.739999999999995,0.0,1.0,0.26947843867304044,19.605,0.4,0.1,0.5
170640.502292224,0.4014136552560482,0.11143991973116593,0.505518547485945,52.739999999999995,0.0,1.0,0.26947843867304044,19.61,0.4,0.1,0.5
170640.502298144,0.40148945416289794,0.11915726674113519,0.5052390091307944,52.739999999999995,0.0,1.0,0.2084414197210478,19.615000000000002,0.4,0.1,0.5
170640.502304352,0.4016332490374669,0.10559667913782339,0.5050506886602781,52.739999999999995,0.0,1.0,0.4068117313150239,19.62,0.4,0.1,0.5
170640.545533024,0.40124742801242685,0.10599908878326202,0.5053123731358989,52.739999999999995,0.0,1.0,0.2542191839350423,19.625,0.4,0.1,0.5
170640.545557792,0.40124904957625607,0.10602006362269156,0.5052446006677733,52.739999999999995,0.0,1.0,0.4068117313150239,19.63,0.4,0.1,0.5
170640.54556512,0.4012387305042303,0.10580603299678662,0.5052203880020901,52.739999999999995,0.0,1.0,0.1626636555070533,19.635,0.4,0.1,0.5
170640.545571232,0.40110489052953696,0.09906716798212031,0.5051906704252555,52.739999999999995,0.0,1.0,0.46784875026701656,19.64,0.4,0.1,0.5
170640.545583328,0.40096748050610365,0.10279226844499291,0.5053405226214881,52.739999999999995,0.0,1.0,0.39155247657702574,19.645,0.4,0.1,0.5
170640.545589312,0.401120816495596,0.11487424119291806,0.5051806293776947,52.739999999999995,0.0,1.0,0.3762932218390276,19.650000000000002,0.4,0.1,0.5
170640.545595488,0.4011869046194255,0.11245754716261169,0.505183648172483,52.739999999999995,0.0,1.0,-0.12726218451491178,19.655,0.4,0.1,0.5
170640.545602016,0.4010887185400243,0.11587582815048873,0.5052851621777341,52.739999999999995,0.0,1.0,0.39155247657702574,19.66,0.4,0.1,0.5
170640.545608192,0.40079115432039464,0.10268055403583057,0.5059267650844251,52.739999999999995,0.0,1.0,0.19318216498304963,19.665,0.4,0.1,0.5
170640.590299264,0.4010037204130048,0.10501235146135506,0.5059876146864299,52.739999999999995,0.0,1.0,0.5441450239570074,19.67,0.4,0.1,0.5
170640.59031088,0.4011177948869394,0.10229193633717314,0.5061559625286831,52.739999999999995,0.0,1.0,0.23895992919704412,19.675,0.4,0.1,0.5
170640.590317152,0.40095850367169045,0.10256614711254282,0.506498031307489,52.739999999999995,0.0,1.0,0.42207098605302207,19.68,0.4,0.1,0.5
170640.590323328,0.40135074022828054,0.1026754000414882,0.5064714793535868,52.739999999999995,0.0,1.0,0.2084414197210478,19.685,0.4,0.1,0.5
170640.590329248,0.4012201148332444,0.10169818866030825,0.5068869349107319,52.739999999999995,0.0,1.0,0.31525620288703493,19.69,0.4,0.1,0.5
170640.590335776,0.4010835211057918,0.10527708180637552,0.5073021774567681,52.739999999999995,0.0,1.0,0.04058961760306801,19.695,0.4,0.1,0.5
170640.59034224,0.40138491670320825,0.10406418609462537,0.5073812015066429,52.739999999999995,0.0,1.0,0.7119968260749872,19.7,0.4,0.1,0.5
170640.590364832,0.40141470974454235,0.1124592873617039,0.5075424705764888,52.739999999999995,0.0,1.0,0.17792291024505147,19.705000000000002,0.4,0.1,0.5
170640.590372032,0.4015372935397446,0.10227263043301382,0.5076156609338495,52.739999999999995,0.0,1.0,0.6357005523849963,19.71,0.4,0.1,0.5
170640.631702688,0.4013593034302698,0.08997232354176574,0.5080019559840928,52.739999999999995,0.0,1.0,0.14740440076905514,19.715,0.4,0.1,0.5
170640.631720384,0.40134098448407196,0.09159774718077285,0.5082445579292002,52.739999999999995,0.0,1.0,0.29999694814903677,19.72,0.4,0.1,0.5
170640.63172816,0.4011179370368591,0.10061079685848025,0.5082917419728245,52.739999999999995,0.0,1.0,0.34577471236303126,19.725,0.4,0.1,0.5
170640.631734304,0.40116913862148507,0.1083020751347697,0.5081293818091802,52.739999999999995,0.0,1.0,0.1626636555070533,19.73,0.4,0.1,0.5
170640.631740672,0.40123297199819846,0.0965508538716453,0.5080798566905657,52.739999999999995,0.0,1.0,0.39155247657702574,19.735,0.4,0.1,0.5
170640.631747488,0.401175333537801,0.10406998247002523,0.5079832658824889,52.739999999999995,0.0,1.0,0.29999694814903677,19.740000000000002,0.4,0.1,0.5
170640.631753952,0.4011284144515829,0.09746873594310976,0.5077134129652103,52.739999999999995,0.0,1.0,0.46784875026701656,19.745,0.4,0.1,0.5
170640.631760544,0.40099517161681764,0.10931300502447173,0.5076459587481188,52.739999999999995,0.0,1.0,0.4983672597430129,19.75,0.4,0.1,0.5
170640.674471232,0.40083267473200396,0.12019955191354757,0.5075981379616876,52.739999999999995,0.0,1.0,0.3762932218390276,19.755,0.4,0.1,0.5
170640.674491008,0.40146976815151364,0.11639944088341364,0.5069395549485732,52.739999999999995,0.0,1.0,0.605182042909,19.76,0.4,0.1,0.5
170640.674498592,0.4016928029642554,0.12921717749555156,0.506567934874858,52.739999999999995,0.0,1.0,0.11688589129305882,19.765,0.4,0.1,0.5
170640.674529632,0.4019044704412114,0.11390414996743747,0.5061514908033096,52.739999999999995,0.0,1.0,0.3610339671010294,19.77,0.4,0.1,0.5
170640.674538048,0.4018741691119869,0.11807287070949904,0.5060098954829643,52.739999999999995,0.0,1.0,0.29999694814903677,19.775000000000002,0.4,0.1,0.5
170640.674551008,0.4017938081430467,0.12125992173886031,0.5059329119565864,52.739999999999995,0.0,1.0,0.6662190618609927,19.78,0.4,0.1,0.5
170640.674557824,0.4014676821289189,0.12430325055706726,0.5060982216472013,52.739999999999995,0.0,1.0,0.3762932218390276,19.785,0.4,0.1,0.5
170640.674564384,0.4011715327354516,0.1369194347926698,0.5060308912152849,52.739999999999995,0.0,1.0,0.025330362865069844,19.79,0.4,0.1,0.5
170640.674570304,0.40108410645419285,0.1067131746385406,0.5061223987185379,52.739999999999995,0.0,1.0,0.0863673818170625,19.795,0.4,0.1,0.5
170640.716610592,0.40103710871540893,0.08892978381254252,0.5060249078216229,52.739999999999995,0.0,1.0,0.4525894955290184,19.8,0.4,0.1,0.5
170640.716623488,0.40059275266259126,0.08807208891385612,0.5061528120854675,52.739999999999995,0.0,1.0,0.23895992919704412,19.805,0.4,0.1,0.5
170640.716630272,0.40105550600506923,0.08925219440525946,0.505638310960159,52.739999999999995,0.0,1.0,0.3610339671010294,19.81,0.4,0.1,0.5
170640.716636256,0.40146168898688195,0.09602400666725697,0.5051835265983724,52.739999999999995,0.0,1.0,0.26947843867304044,19.815,0.4,0.1,0.5
170640.716641984,0.40182296607316653,0.10533764587059892,0.5048029864433942,52.739999999999995,0.0,1.0,0.4525894955290184,19.82,0.4,0.1,0.5
170640.716648544,0.40147338343552474,0.11546463789048211,0.5050469120743535,52.739999999999995,0.0,1.0,0.2542191839350423,19.825,0.4,0.1,0.5
170640.716654944,0.40150398954322186,0.12164921305135849,0.50498450297394,52.739999999999995,0.0,1.0,0.22370067445904596,19.830000000000002,0.4,0.1,0.5
170640.716661504,0.40148433592530436,0.12796460989337338,0.5049160437669354,52.739999999999995,0.0,1.0,0.14740440076905514,19.835,0.4,0.1,0.5
170640.759673472,0.4012790670659902,0.13577212424770047,0.5050537985555159,52.739999999999995,0.0,1.0,0.43733024079102023,19.84,0.4,0.1,0.5
170640.759685632,0.4013926535358328,0.13972453174926164,0.5049880429279132,52.739999999999995,0.0,1.0,0.31525620288703493,19.845,0.4,0.1,0.5
170640.759699552,0.40144929550979686,0.12648326525489514,0.5050408810453949,52.739999999999995,0.0,1.0,0.29999694814903677,19.85,0.4,0.1,0.5
170640.759706144,0.4016234773724886,0.11617767483574923,0.5052102509251883,52.739999999999995,0.0,1.0,0.2847376934110386,19.855,0.4,0.1,0.5
170640.759713024,0.4016698288151084,0.12506496766836525,0.505499073296971,52.739999999999995,0.0,1.0,0.07110812707906433,19.86,0.4,0.1,0.5
170640.759719648,0.40147212258218723,0.13545534894123784,0.5057473270110754,52.739999999999995,0.0,1.0,0.29999694814903677,19.865000000000002,0.4,0.1,0.5
170640.759725888,0.4015786417625577,0.12682907735288973,0.5059205961017753,52.739999999999995,0.0,1.0,0.26947843867304044,19.87,0.4,0.1,0.5
170640.759732288,0.4017041299214962,0.12612182596521185,0.5062086332084098,52.739999999999995,0.0,1.0,0.29999694814903677,19.875,0.4,0.1,0.5
170640.75973856,0.4016860040147568,0.11710574609284417,0.5066389040809323,52.739999999999995,0.0,1.0,0.34577471236303126,19.88,0.4,0.1,0.5
170640.801755776,0.4016796390542083,0.10605443623046301,0.5070510735779004,52.739999999999995,0.0,1.0,0.22370067445904596,19.885,0.4,0.1,0.5
170640.801767136,0.40176067705019575,0.09071831704328676,0.5073263428087909,52.739999999999995,0.0,1.0,0.4831080050050147,19.89,0.4,0.1,0.5
170640.801773376,0.40148892637484723,0.10478073217460204,0.507631379746571,52.739999999999995,0.0,1.0,0.42207098605302207,19.895,0.4,0.1,0.5
170640.801779744,0.4011755160453591,0.10473126079014042,0.5080208129681648,52.739999999999995,0.0,1.0,0.3762932218390276,19.900000000000002,0.4,0.1,0.5
170640.801785248,0.4010257190953756,0.09652916336503636,0.508357330870721,52.739999999999995,0.0,1.0,0.42207098605302207,19.905,0.4,0.1,0.5
170640.801792288,0.4004634709755041,0.10099188161767929,0.5089785029499757,52.739999999999995,0.0,1.0,0.2542191839350423,19.91,0.4,0.1,0.5
170640.801816608,0.40036057000791203,0.09587988363636792,0.5091461831248669,52.739999999999995,0.0,1.0,0.19318216498304963,19.915,0.4,0.1,0.5
170640.801823552,0.4002741984083317,0.11263678671860945,0.5090541125738819,52.739999999999995,0.0,1.0,0.010071108127071682,19.92,0.4,0.1,0.5
170640.845334368,0.4002851219500734,0.10643987221718247,0.5089050758919107,52.739999999999995,0.0,1.0,0.39155247657702574,19.925,0.4,0.1,0.5
170640.845352608,0.4001625139934388,0.09702554203400943,0.5088568482838617,52.739999999999995,0.0,1.0,0.42207098605302207,19.93,0.4,0.1,0.5
170640.845360096,0.40090827144537555,0.08574073565621822,0.5080142090122255,52.739999999999995,0.0,1.0,0.3610339671010294,19.935,0.4,0.1,0.5
170640.84536704,0.40140362811724556,0.08058020006322462,0.5075360922096196,52.739999999999995,0.0,1.0,0.22370067445904596,19.94,0.4,0.1,0.5
170640.845373344,0.4014927254127605,0.09322672046943183,0.5073005828864596,52.739999999999995,0.0,1.0,0.5899227881710019,19.945,0.4,0.1,0.5
170640.84538096,0.40151084903315576,0.11136585849031708,0.5068507538708974,52.739999999999995,0.0,1.0,0.1626636555070533,19.95,0.4,0.1,0.5
170640.84538752,0.40108855500028023,0.1207860737641998,0.507074143857273,52.739999999999995,0.0,1.0,0.22370067445904596,19.955000000000002,0.4,0.1,0.5
170640.845394112,0.40091043166458923,0.10429834964431679,0.5071625210454487,52.739999999999995,0.0,1.0,0.0863673818170625,19.96,0.4,0.1,0.5
170640.845400096,0.40111929928600876,0.09107651760980293,0.506841766890684,52.739999999999995,0.0,1.0,0.2847376934110386,19.965,0.4,0.1,0.5
170640.886347456,0.4010090440932889,0.09479623021853631,0.5068026714808574,52.739999999999995,0.0,1.0,0.07110812707906433,19.97,0.4,0.1,0.5
170640.886363744,0.4012937365564516,0.11061978451624467,0.5064879976964832,52.739999999999995,0.0,1.0,0.14740440076905514,19.975,0.4,0.1,0.5
170640.88640224,0.4011082144323226,0.11554579234317044,0.506347174834292,52.739999999999995,0.0,1.0,0.2084414197210478,19.98,0.4,0.1,0.5
170640.886415712,0.4008511100058545,0.1162082182667681,0.5063986802136088,52.739999999999995,0.0,1.0,0.17792291024505147,19.985,0.4,0.1,0.5
170640.886422528,0.40088344109924756,0.09567611370543344,0.5062516727442772,52.739999999999995,0.0,1.0,0.3762932218390276,19.990000000000002,0.4,0.1,0.5
170640.886429856,0.40151042895091216,0.1038016687646235,0.5054262451299698,52.739999999999995,0.0,1.0,0.4525894955290184,19.995,0.4,0.1,0.5
170640.886436032,0.4015882329385309,0.10394093310005645,0.5051671839695988,52.739999999999995,0.0,1.0,0.34577471236303126,20.0,0.4,0.1,0.5
170640.886442464,0.40124761347786486,0.09724298678050261,0.5054132366415962,52.739999999999995,0.0,1.0,0.513626514481011,20.005,0.4,0.1,0.5
170640.930521408,0.40103274089660723,0.08507890434242107,0.5055895915487542,52.739999999999995,0.0,1.0,0.10162663655506066,20.01,0.4,0.1,0.5
170640.930532896,0.40103318934837356,0.09606542071265882,0.5055014645629968,52.739999999999995,0.0,1.0,0.23895992919704412,20.015,0.4,0.1,0.5
170640.930539104,0.40129909641668887,0.09278089756321727,0.5050835888786843,52.739999999999995,0.0,1.0,0.3762932218390276,20.02,0.4,0.1,0.5
170640.930544736,0.4016079292586977,0.10651025246090111,0.5045943305228938,52.739999999999995,0.0,1.0,0.34577471236303126,20.025000000000002,0.4,0.1,0.5
170640.930550464,0.4009872881792803,0.11137590774299487,0.5049682537599903,52.739999999999995,0.0,1.0,0.22370067445904596,20.03,0.4,0.1,0.5
170640.930556416,0.4012805252106004,0.10992724670734269,0.5046792270211004,52.739999999999995,0.0,1.0,0.34577471236303126,20.035,0.4,0.1,0.5
170640.930562848,0.4008604279135953,0.1094309679089512,0.504875898713212,52.739999999999995,0.0,1.0,0.43733024079102023,20.04,0.4,0.1,0.5
170640.930582688,0.4006151685487449,0.11101039636055537,0.5051062201987052,52.739999999999995,0.0,1.0,0.43733024079102023,20.045,0.4,0.1,0.5
170640.930588928,0.40099392165792735,0.11034251959302115,0.5048488277010874,52.739999999999995,0.0,1.0,0.22370067445904596,20.05,0.4,0.1,0.5
170640.971476576,0.4010906061893581,0.11250751498593169,0.5048349881420141,52.739999999999995,0.0,1.0,0.46784875026701656,20.055,0.4,0.1,0.5
170640.97148752,0.40087575844482326,0.11122455344478623,0.5050034937758353,52.739999999999995,0.0,1.0,0.23895992919704412,20.06,0.4,0.1,0.5
170640.971493312,0.40149794997821014,0.10705335020691152,0.5047051828446798,52.739999999999995,0.0,1.0,0.46784875026701656,20.065,0.4,0.1,0.5
170640.971499552,0.40152242815095807,0.12327074319795756,0.5047565563407128,52.739999999999995,0.0,1.0,0.22370067445904596,20.07,0.4,0.1,0.5
170640.97150544,0.4009094110308792,0.12207490653992036,0.5055671746303756,52.739999999999995,0.0,1.0,0.3610339671010294,20.075,0.4,0.1,0.5
170640.971512,0.40093741208794564,0.10580759420688124,0.5059531793776184,52.739999999999995,0.0,1.0,0.2084414197210478,20.080000000000002,0.4,0.1,0.5
170640.971518432,0.40146860370927123,0.11398255105678433,0.5057616252525174,52.739999999999995,0.0,1.0,0.31525620288703493,20.085,0.4,0.1,0.5
170640.971524512,0.401238124314679,0.10955209829232299,0.5062852877351797,52.739999999999995,0.0,1.0,0.4525894955290184,20.09,0.4,0.1,0.5
170641.015751904,0.40145171495928134,0.1034806080558369,0.5065617321302033,52.739999999999995,0.0,1.0,0.4068117313150239,20.095,0.4,0.1,0.5
170641.015764224,0.40174652153051377,0.11297844353187508,0.5067625617180306,52.739999999999995,0.0,1.0,0.3610339671010294,20.1,0.4,0.1,0.5
170641.01577072,0.4013657074568037,0.12326749074118151,0.50735150619013,52.739999999999995,0.0,1.0,0.3762932218390276,20.105,0.4,0.1,0.5
170641.015776896,0.4013525566102064,0.10546224577027133,0.5078297355876189,52.739999999999995,0.0,1.0,0.04058961760306801,20.11,0.4,0.1,0.5
170641.015797024,0.4016886691537983,0.09087349762293316,0.5078607168353297,52.739999999999995,0.0,1.0,0.3762932218390276,20.115000000000002,0.4,0.1,0.5
170641.015803136,0.4011322481325949,0.1064693708892979,0.5084668104151648,52.739999999999995,0.0,1.0,0.17792291024505147,20.12,0.4,0.1,0.5
170641.015809792,0.40081177372583293,0.10449386328982467,0.5086721482138784,52.739999999999995,0.0,1.0,0.4831080050050147,20.125,0.4,0.1,0.5
170641.015821984,0.40087097119384785,0.10887574968936609,0.5084398366205851,52.739999999999995,0.0,1.0,0.22370067445904596,20.13,0.4,0.1,0.5
170641.015828416,0.4006987251014624,0.09799970687491363,0.5085312822578988,52.739999999999995,0.0,1.0,0.5899227881710019,20.135,0.4,0.1,0.5
170641.060056928,0.40140921680645825,0.10552853243458689,0.5077224133886811,52.739999999999995,0.0,1.0,0.2084414197210478,20.14,0.4,0.1,0.5
170641.06006656,0.4009800803196152,0.10254420834450952,0.5078566828139786,52.739999999999995,0.0,1.0,0.29999694814903677,20.145,0.4,0.1,0.5
170641.060072352,0.4011409873557043,0.09379794454857454,0.5076045701243737,52.739999999999995,0.0,1.0,0.34577471236303126,20.150000000000002,0.4,0.1,0.5
170641.060078272,0.4010293857015529,0.10160517329251006,0.5075678861431226,52.739999999999995,0.0,1.0,0.4525894955290184,20.155,0.4,0.1,0.5
170641.060083872,0.4013894023590401,0.08743022854463808,0.5072477894556072,52.739999999999995,0.0,1.0,0.4525894955290184,20.16,0.4,0.1,0.5
170641.060090656,0.40184705222621203,0.09109706224654214,0.5066742225061674,52.739999999999995,0.0,1.0,0.5288857692190092,20.165,0.4,0.1,0.5
170641.0600968,0.40164006433397476,0.10994234703323694,0.5066331778774102,52.739999999999995,0.0,1.0,0.42207098605302207,20.17,0.4,0.1,0.5
170641.060102976,0.4012362800998758,0.10105935836128516,0.5068251254001505,52.739999999999995,0.0,1.0,0.513626514481011,20.175,0.4,0.1,0.5
170641.06011984,0.40115170556115504,0.09168109993829315,0.5067850694938605,52.739999999999995,0.0,1.0,0.22370067445904596,20.18,0.4,0.1,0.5
170641.10099008,0.401667055677996,0.10321060407253865,0.5062196439089474,52.739999999999995,0.0,1.0,0.2542191839350423,20.185,0.4,0.1,0.5
170641.100998656,0.40115360147004886,0.1083173730876693,0.5066009876248757,52.739999999999995,0.0,1.0,0.4831080050050147,20.19,0.4,0.1,0.5
170641.101004672,0.4008189663855969,0.08933290421969979,0.5066699140331028,52.739999999999995,0.0,1.0,0.2542191839350423,20.195,0.4,0.1,0.5
170641.101020096,0.401071727070028,0.08734322556956786,0.5062063211965763,52.739999999999995,0.0,1.0,0.2084414197210478,20.2,0.4,0.1,0.5
170641.10102672,0.4014492558885698,0.08574608765226702,0.5058465631843168,52.739999999999995,0.0,1.0,0.696737571336989,20.205000000000002,0.4,0.1,0.5
170641.101033056,0.4012339569215865,0.1065246549585434,0.5058443816059535,52.739999999999995,0.0,1.0,0.34577471236303126,20.21,0.4,0.1,0.5
170641.101039008,0.4009639205880257,0.09919227079001774,0.5058754041146906,52.739999999999995,0.0,1.0,0.4525894955290184,20.215,0.4,0.1,0.5
170641.10104512,0.4006981731538046,0.10091132915900937,0.5060045200445273,52.739999999999995,0.0,1.0,0.42207098605302207,20.22,0.4,0.1,0.5
170641.144455648,0.4005389966335211,0.10685593038582948,0.5060401011367991,52.739999999999995,0.0,1.0,0.3762932218390276,20.225,0.4,0.1,0.5
170641.14446464,0.4004984126446048,0.10068084575990253,0.5059542966328087,52.739999999999995,0.0,1.0,0.3610339671010294,20.23,0.4,0.1,0.5
170641.14447056,0.40069732945746916,0.10925434791474549,0.5058572639227632,52.739999999999995,0.0,1.0,0.3610339671010294,20.235,0.4,0.1,0.5
170641.144475936,0.40060480600481063,0.11505846386392206,0.506075269974015,52.739999999999995,0.0,1.0,0.5288857692190092,20.240000000000002,0.4,0.1,0.5
170641.144492128,0.40038056521483734,0.09729598440623341,0.5063516183975542,52.739999999999995,0.0,1.0,0.5899227881710019,20.245,0.4,0.1,0.5
170641.144498272,0.40096729524287206,0.09285087932060757,0.5060922210218965,52.739999999999995,0.0,1.0,0.29999694814903677,20.25,0.4,0.1,0.5
170641.144504256,0.4012325940589514,0.11536746468781849,0.5060290279499954,52.739999999999995,0.0,1.0,0.4068117313150239,20.255,0.4,0.1,0.5
170641.1445104,0.4012516515531835,0.13412930310988952,0.5060915475100546,52.739999999999995,0.0,1.0,0.11688589129305882,20.26,0.4,0.1,0.5
170641.144516544,0.40113436390289076,0.13285072377818485,0.5065263848486531,52.739999999999995,0.0,1.0,0.4983672597430129,20.265,0.4,0.1,0.5
170641.185888608,0.40139395891712804,0.1335754337931404,0.5066291639424964,52.739999999999995,0.0,1.0,0.2542191839350423,20.27,0.4,0.1,0.5
170641.18590432,0.4013740470061814,0.1384180044870162,0.5069388621180619,52.739999999999995,0.0,1.0,0.5746635334330037,20.275000000000002,0.4,0.1,0.5
170641.185911424,0.4008604336965103,0.1235756354788158,0.5076495167929276,52.739999999999995,0.0,1.0,0.2847376934110386,20.28,0.4,0.1,0.5
170641.185918112,0.40045725393621484,0.11266668361640245,0.5082532869877007,52.739999999999995,0.0,1.0,0.5288857692190092,20.285,0.4,0.1,0.5
170641.185924256,0.40037025075627786,0.09913531924294003,0.5086438857436186,52.739999999999995,0.0,1.0,0.10162663655506066,20.29,0.4,0.1,0.5
170641.18593088,0.40093756120598356,0.10931655676920307,0.5083983172922488,52.739999999999995,0.0,1.0,0.19318216498304963,20.295,0.4,0.1,0.5
170641.185937024,0.4005282646554415,0.10669588042204027,0.508865852395906,52.739999999999995,0.0,1.0,0.34577471236303126,20.3,0.4,0.1,0.5
170641.185943168,0.4004197252884537,0.11058388950936193,0.5091085880165501,52.739999999999995,0.0,1.0,0.513626514481011,20.305,0.4,0.1,0.5
170641.230518848,0.40089698874686935,0.10470244560341585,0.5087032569209367,52.739999999999995,0.0,1.0,0.1626636555070533,20.31,0.4,0.1,0.5
170641.23053504,0.4008436888716496,0.11563703612990497,0.5087475611449106,52.739999999999995,0.0,1.0,0.39155247657702574,20.315,0.4,0.1,0.5
170641.23054304,0.4008318171040049,0.09908251140434815,0.5085890777341678,52.739999999999995,0.0,1.0,0.19318216498304963,20.32,0.4,0.1,0.5
170641.230549888,0.4008499038401959,0.1238041645148773,0.508375370196847,52.739999999999995,0.0,1.0,0.4068117313150239,20.325,0.4,0.1,0.5
170641.230555616,0.4007955420666913,0.10033803859759954,0.5084163401169384,52.739999999999995,0.0,1.0,0.29999694814903677,20.330000000000002,0.4,0.1,0.5
170641.230562624,0.4011747406982254,0.1040221696926636,0.5079237449759532,52.739999999999995,0.0,1.0,0.3762932218390276,20.335,0.4,0.1,0.5
170641.230586368,0.4010051083629141,0.09400384719447392,0.5079200760601295,52.739999999999995,0.0,1.0,0.46784875026701656,20.34,0.4,0.1,0.5
170641.230593536,0.40132306024134917,0.09569381354083323,0.5074304237168354,52.739999999999995,0.0,1.0,0.1626636555070533,20.345,0.4,0.1,0.5
170641.230598784,0.40113018232178727,0.09613862871775951,0.5072919900673989,52.739999999999995,0.0,1.0,0.4525894955290184,20.35,0.4,0.1,0.5
170641.271596736,0.4012478192741674,0.09689645960338365,0.5071306289312594,52.739999999999995,0.0,1.0,0.26947843867304044,20.355,0.4,0.1,0.5
170641.271608768,0.401159083157645,0.11175890981045557,0.5069603986754466,52.739999999999995,0.0,1.0,0.3610339671010294,20.36,0.4,0.1,0.5
170641.271615616,0.401518228994409,0.10371510486876519,0.5065442600385418,52.739999999999995,0.0,1.0,0.39155247657702574,20.365000000000002,0.4,0.1,0.5
170641.271621696,0.40129082151273887,0.11760051167091139,0.5065031662816116,52.739999999999995,0.0,1.0,0.3305154576250331,20.37,0.4,0.1,0.5
170641.271628,0.40122368267862296,0.10773883026265899,0.5063754392671446,52.739999999999995,0.0,1.0,0.26947843867304044,20.375,0.4,0.1,0.5
170641.271648256,0.4015333801945865,0.12416157222390999,0.5057827732585926,52.739999999999995,0.0,1.0,0.4831080050050147,20.38,0.4,0.1,0.5
170641.271654752,0.4011430662802508,0.13370929653193964,0.5059496706207254,52.739999999999995,0.0,1.0,0.2084414197210478,20.385,0.4,0.1,0.5
170641.271661216,0.40114898390248754,0.11393132443364229,0.5059505839767247,52.739999999999995,0.0,1.0,0.26947843867304044,20.39,0.4,0.1,0.5
170641.315909472,0.4012425161947864,0.12037742826715607,0.5056769167855552,52.739999999999995,0.0,1.0,0.07110812707906433,20.395,0.4,0.1,0.5
170641.315924992,0.401125918477126,0.1084518298996471,0.5057031726790698,52.739999999999995,0.0,1.0,0.34577471236303126,20.400000000000002,0.4,0.1,0.5
170641.315932,0.4013732534193625,0.10187461231525255,0.5053898800190525,52.739999999999995,0.0,1.0,0.22370067445904596,20.405,0.4,0.1,0.5
170641.315956704,0.4010379345424016,0.09577405813103543,0.5055707519352409,52.739999999999995,0.0,1.0,0.5899227881710019,20.41,0.4,0.1,0.5
170641.315964704,0.401134631033649,0.10436384751535838,0.5054703846692297,52.739999999999995,0.0,1.0,0.34577471236303126,20.415,0.4,0.1,0.5
170641.315972352,0.40120355603015034,0.105519329468671,0.5051409048675713,52.739999999999995,0.0,1.0,0.6204412976469982,20.42,0.4,0.1,0.5
170641.315979104,0.4012573800363346,0.11149736733447158,0.5049387420750777,52.739999999999995,0.0,1.0,0.2542191839350423,20.425,0.4,0.1,0.5
170641.315985472,0.4014194209129291,0.1094986324408723,0.5047273200913077,52.739999999999995,0.0,1.0,0.3762932218390276,20.43,0.4,0.1,0.5
170641.315991648,0.4008741257015505,0.096449955612349,0.505054734367887,52.739999999999995,0.0,1.0,0.2542191839350423,20.435,0.4,0.1,0.5
170641.35725312,0.40141691215743447,0.11534049507019939,0.5045761576972232,52.739999999999995,0.0,1.0,0.23895992919704412,20.44,0.4,0.1,0.5
170641.357285088,0.40154225702663315,0.11240528278574308,0.5044268433935466,52.739999999999995,0.0,1.0,0.26947843867304044,20.445,0.4,0.1,0.5
170641.357292352,0.4014655806742067,0.1135304801851061,0.5042110990281689,52.739999999999995,0.0,1.0,0.39155247657702574,20.45,0.4,0.1,0.5
170641.35729888,0.40138470116170766,0.11929708541162257,0.5042002489848065,52.739999999999995,0.0,1.0,0.29999694814903677,20.455000000000002,0.4,0.1,0.5
170641.357305632,0.40103679689248933,0.11452577910262211,0.5046028161104129,52.739999999999995,0.0,1.0,0.3610339671010294,20.46,0.4,0.1,0.5
170641.35731312,0.4011173510898954,0.1103930303114324,0.5046333912189713,52.739999999999995,0.0,1.0,0.43733024079102023,20.465,0.4,0.1,0.5
170641.357320384,0.40101325427915535,0.10602600343377609,0.5048545286472439,52.739999999999995,0.0,1.0,0.34577471236303126,20.47,0.4,0.1,0.5
170641.357326592,0.4010105556470794,0.10935283776819027,0.504939592782232,52.739999999999995,0.0,1.0,0.17792291024505147,20.475,0.4,0.1,0.5
170641.400546592,0.40117683148208577,0.101925032801657,0.5050673080358978,52.739999999999995,0.0,1.0,0.34577471236303126,20.48,0.4,0.1,0.5
170641.400565376,0.4010761128403144,0.10768121060482881,0.5052795958421467,52.739999999999995,0.0,1.0,0.3762932218390276,20.485,0.4,0.1,0.5
170641.400573952,0.40143146614440095,0.10976643812878316,0.5052912651692095,52.739999999999995,0.0,1.0,0.3610339671010294,20.490000000000002,0.4,0.1,0.5
170641.400581632,0.40142178365604664,0.0955212830557618,0.5057620989341637,52.739999999999995,0.0,1.0,0.05584887234106617,20.495,0.4,0.1,0.5
170641.400588032,0.4009051093356336,0.10410449999377822,0.5062862380837008,52.739999999999995,0.0,1.0,0.39155247657702574,20.5,0.4,0.1,0.5
170641.400600512,0.40117307581304473,0.10034320309820408,0.5064719623282663,52.739999999999995,0.0,1.0,0.39155247657702574,20.505,0.4,0.1,0.5
170641.400607552,0.4011217237633531,0.09729362193983959,0.507001421890835,52.739999999999995,0.0,1.0,0.43733024079102023,20.51,0.4,0.1,0.5
170641.400614272,0.4011148337660692,0.10241838060593152,0.5073382735644661,52.739999999999995,0.0,1.0,0.10162663655506066,20.515,0.4,0.1,0.5
170641.400620672,0.40109884857658523,0.0930350813386478,0.5077262631124636,52.739999999999995,0.0,1.0,0.46784875026701656,20.52,0.4,0.1,0.5
170641.445203424,0.4011760271156417,0.10011151963810715,0.5079833487190364,52.739999999999995,0.0,1.0,0.11688589129305882,20.525000000000002,0.4,0.1,0.5
170641.445218144,0.4013339678971342,0.09702547724203149,0.5082241616687855,52.739999999999995,0.0,1.0,0.46784875026701656,20.53,0.4,0.1,0.5
170641.44522512,0.40127025763274526,0.1166066227184106,0.5083507597713642,52.739999999999995,0.0,1.0,0.07110812707906433,20.535,0.4,0.1,0.5
170641.445231712,0.400939667297384,0.10989249566678658,0.5088811690017991,52.739999999999995,0.0,1.0,0.6357005523849963,20.54,0.4,0.1,0.5
170641.445238016,0.40126878865489907,0.09989185817992866,0.5089324231147816,52.739999999999995,0.0,1.0,0.19318216498304963,20.545,0.4,0.1,0.5
170641.445245216,0.4011531428171466,0.08708815803132842,0.5091352482011239,52.739999999999995,0.0,1.0,0.39155247657702574,20.55,0.4,0.1,0.5
170641.445282048,0.40120353167124867,0.10528625394286206,0.50883592200683,52.739999999999995,0.0,1.0,-0.08148442030091729,20.555,0.4,0.1,0.5
170641.445289824,0.40150656148992203,0.09793609511498283,0.5084787520321157,52.739999999999995,0.0,1.0,0.46784875026701656,20.56,0.4,0.1,0.5
170641.445295904,0.4013621745596462,0.09395734274383642,0.5085371153576671,52.739999999999995,0.0,1.0,0.3610339671010294,20.565,0.4,0.1,0.5
