time,cmd_pressure_DF,cmd_pressure_F,cmd_pressure_G,segment
0.0,0.1,0.1,0.3,rest
0.02,0.1,0.1,0.3,rest
0.04,0.1,0.1,0.3,rest
0.06,0.1,0.1,0.3,rest
0.08,0.1,0.1,0.3,rest
0.1,0.1,0.1,0.3,rest
0.12,0.1,0.1,0.3,rest
0.14,0.1,0.1,0.3,rest
0.16,0.1,0.1,0.3,rest
0.18,0.1,0.1,0.3,rest
0.2,0.1,0.1,0.3,rest
0.22,0.1,0.1,0.3,rest
0.24,0.1,0.1,0.3,rest
0.26,0.1,0.1,0.3,rest
0.28,0.1,0.1,0.3,rest
0.3,0.1,0.1,0.3,rest
0.32,0.1,0.1,0.3,rest
0.34,0.1,0.1,0.3,rest
0.36,0.1,0.1,0.3,rest
0.38,0.1,0.1,0.3,rest
0.4,0.1,0.1,0.3,rest
0.42,0.1,0.1,0.3,rest
0.44,0.1,0.1,0.3,rest
0.46,0.1,0.1,0.3,rest
0.48,0.1,0.1,0.3,rest
0.5,0.1,0.1,0.3,rest
0.52,0.1,0.1,0.3,rest
0.54,0.1,0.1,0.3,rest
0.56,0.1,0.1,0.3,rest
0.58,0.1,0.1,0.3,rest
0.6,0.1,0.1,0.3,rest
0.62,0.1,0.1,0.3,rest
0.64,0.1,0.1,0.3,rest
0.66,0.1,0.1,0.3,rest
0.68,0.1,0.1,0.3,rest
0.7000000000000001,0.1,0.1,0.3,rest
0.72,0.1,0.1,0.3,rest
0.74,0.1,0.1,0.3,rest
0.76,0.1,0.1,0.3,rest
0.78,0.1,0.1,0.3,rest
0.8,0.1,0.1,0.3,rest
0.8200000000000001,0.1,0.1,0.3,rest
0.84,0.1,0.1,0.3,rest
0.86,0.1,0.1,0.3,rest
0.88,0.1,0.1,0.3,rest
0.9,0.1,0.1,0.3,rest
0.92,0.1,0.1,0.3,rest
0.9400000000000001,0.1,0.1,0.3,rest
0.96,0.1,0.1,0.3,rest
0.98,0.1,0.1,0.3,rest
1.0,0.1,0.1,0.3,rest
1.02,0.1,0.1,0.3,rest
1.04,0.1,0.1,0.3,rest
1.06,0.1,0.1,0.3,rest
1.08,0.1,0.1,0.3,rest
1.1,0.1,0.1,0.3,rest
1.12,0.1,0.1,0.3,rest
1.1400000000000001,0.1,0.1,0.3,rest
1.16,0.1,0.1,0.3,rest
1.18,0.1,0.1,0.3,rest
1.2,0.1,0.1,0.3,rest
1.22,0.1,0.1,0.3,rest
1.24,0.1,0.1,0.3,rest
1.26,0.1,0.1,0.3,rest
1.28,0.1,0.1,0.3,rest
1.3,0.1,0.1,0.3,rest
1.32,0.1,0.1,0.3,rest
1.34,0.1,0.1,0.3,rest
1.36,0.1,0.1,0.3,rest
1.3800000000000001,0.1,0.1,0.3,rest
1.4000000000000001,0.1,0.1,0.3,rest
1.42,0.1,0.1,0.3,rest
1.44,0.1,0.1,0.3,rest
1.46,0.1,0.1,0.3,rest
1.48,0.1,0.1,0.3,rest
1.5,0.1,0.1,0.3,rest
1.52,0.1,0.1,0.3,rest
1.54,0.1,0.1,0.3,rest
1.56,0.1,0.1,0.3,rest
1.58,0.1,0.1,0.3,rest
1.6,0.1,0.1,0.3,rest
1.62,0.1,0.1,0.3,rest
1.6400000000000001,0.1,0.1,0.3,rest
1.6600000000000001,0.1,0.1,0.3,rest
1.68,0.1,0.1,0.3,rest
1.7,0.1,0.1,0.3,rest
1.72,0.1,0.1,0.3,rest
1.74,0.1,0.1,0.3,rest
1.76,0.1,0.1,0.3,rest
1.78,0.1,0.1,0.3,rest
1.8,0.1,0.1,0.3,rest
1.82,0.1,0.1,0.3,rest
1.84,0.1,0.1,0.3,rest
1.86,0.1,0.1,0.3,rest
1.8800000000000001,0.1,0.1,0.3,rest
1.9000000000000001,0.1,0.1,0.3,rest
1.92,0.1,0.1,0.3,rest
1.94,0.1,0.1,0.3,rest
1.96,0.1,0.1,0.3,rest
1.98,0.1,0.1,0.3,rest
2.0,0.1,0.1,0.3,pre
2.02,0.1,0.1,0.3,pre
2.04,0.1,0.1,0.3,pre
2.06,0.1,0.1,0.3,pre
2.08,0.1,0.1,0.3,pre
2.1,0.1,0.1,0.3,pre
2.12,0.1,0.1,0.3,pre
2.14,0.1,0.1,0.3,pre
2.16,0.1,0.1,0.3,pre
2.18,0.1,0.1,0.3,pre
2.2,0.1,0.1,0.3,pre
2.22,0.1,0.1,0.3,pre
2.24,0.1,0.1,0.3,pre
2.2600000000000002,0.1,0.1,0.3,pre
2.2800000000000002,0.1,0.1,0.3,pre
2.3000000000000003,0.1,0.1,0.3,pre
2.32,0.1,0.1,0.3,pre
2.34,0.1,0.1,0.3,pre
2.36,0.1,0.1,0.3,pre
2.38,0.1,0.1,0.3,pre
2.4,0.1,0.1,0.3,pre
2.42,0.1,0.1,0.3,pre
2.44,0.1,0.1,0.3,pre
2.46,0.1,0.1,0.3,pre
2.48,0.1,0.1,0.3,pre
2.5,0.1,0.1,0.3,pre
2.52,0.1,0.1,0.3,pre
2.54,0.1,0.1,0.3,pre
2.56,0.1,0.1,0.3,pre
2.58,0.1,0.1,0.3,pre
2.6,0.1,0.1,0.3,pre
2.62,0.1,0.1,0.3,pre
2.64,0.1,0.1,0.3,pre
2.66,0.1,0.1,0.3,pre
2.68,0.1,0.1,0.3,pre
2.7,0.1,0.1,0.3,pre
2.72,0.1,0.1,0.3,pre
2.74,0.1,0.1,0.3,pre
2.7600000000000002,0.1,0.1,0.3,pre
2.7800000000000002,0.1,0.1,0.3,pre
2.8000000000000003,0.1,0.1,0.3,pre
2.82,0.1,0.1,0.3,pre
2.84,0.1,0.1,0.3,pre
2.86,0.1,0.1,0.3,pre
2.88,0.1,0.1,0.3,pre
2.9,0.1,0.1,0.3,pre
2.92,0.1,0.1,0.3,pre
2.94,0.1,0.1,0.3,pre
2.96,0.1,0.1,0.3,pre
2.98,0.1,0.1,0.3,pre
3.0,0.1,0.1,0.3,pre
3.02,0.1,0.1,0.3,pre
3.04,0.1,0.1,0.3,pre
3.06,0.1,0.1,0.3,pre
3.08,0.1,0.1,0.3,pre
3.1,0.1,0.1,0.3,pre
3.12,0.1,0.1,0.3,pre
3.14,0.1,0.1,0.3,pre
3.16,0.1,0.1,0.3,pre
3.18,0.1,0.1,0.3,pre
3.2,0.1,0.1,0.3,pre
3.22,0.1,0.1,0.3,pre
3.24,0.1,0.1,0.3,pre
3.2600000000000002,0.1,0.1,0.3,pre
3.2800000000000002,0.1,0.1,0.3,pre
3.3000000000000003,0.1,0.1,0.3,pre
3.3200000000000003,0.1,0.1,0.3,pre
3.34,0.1,0.1,0.3,pre
3.36,0.1,0.1,0.3,pre
3.38,0.1,0.1,0.3,pre
3.4,0.1,0.1,0.3,pre
3.42,0.1,0.1,0.3,pre
3.44,0.1,0.1,0.3,pre
3.46,0.1,0.1,0.3,pre
3.48,0.1,0.1,0.3,pre
3.5,0.3,0.1,0.3,up_0.1to0.3_r0
3.52,0.3,0.1,0.3,up_0.1to0.3_r0
3.54,0.3,0.1,0.3,up_0.1to0.3_r0
3.56,0.3,0.1,0.3,up_0.1to0.3_r0
3.58,0.3,0.1,0.3,up_0.1to0.3_r0
3.6,0.3,0.1,0.3,up_0.1to0.3_r0
3.62,0.3,0.1,0.3,up_0.1to0.3_r0
3.64,0.3,0.1,0.3,up_0.1to0.3_r0
3.66,0.3,0.1,0.3,up_0.1to0.3_r0
3.68,0.3,0.1,0.3,up_0.1to0.3_r0
3.7,0.3,0.1,0.3,up_0.1to0.3_r0
3.72,0.3,0.1,0.3,up_0.1to0.3_r0
3.74,0.3,0.1,0.3,up_0.1to0.3_r0
3.7600000000000002,0.3,0.1,0.3,up_0.1to0.3_r0
3.7800000000000002,0.3,0.1,0.3,up_0.1to0.3_r0
3.8000000000000003,0.3,0.1,0.3,up_0.1to0.3_r0
3.8200000000000003,0.3,0.1,0.3,up_0.1to0.3_r0
3.84,0.3,0.1,0.3,up_0.1to0.3_r0
3.86,0.3,0.1,0.3,up_0.1to0.3_r0
3.88,0.3,0.1,0.3,up_0.1to0.3_r0
3.9,0.3,0.1,0.3,up_0.1to0.3_r0
3.92,0.3,0.1,0.3,up_0.1to0.3_r0
3.94,0.3,0.1,0.3,up_0.1to0.3_r0
3.96,0.3,0.1,0.3,up_0.1to0.3_r0
3.98,0.3,0.1,0.3,up_0.1to0.3_r0
4.0,0.3,0.1,0.3,up_0.1to0.3_r0
4.0200000000000005,0.3,0.1,0.3,up_0.1to0.3_r0
4.04,0.3,0.1,0.3,up_0.1to0.3_r0
4.0600000000000005,0.3,0.1,0.3,up_0.1to0.3_r0
4.08,0.3,0.1,0.3,up_0.1to0.3_r0
4.1,0.3,0.1,0.3,up_0.1to0.3_r0
4.12,0.3,0.1,0.3,up_0.1to0.3_r0
4.14,0.3,0.1,0.3,up_0.1to0.3_r0
4.16,0.3,0.1,0.3,up_0.1to0.3_r0
4.18,0.3,0.1,0.3,up_0.1to0.3_r0
4.2,0.3,0.1,0.3,up_0.1to0.3_r0
4.22,0.3,0.1,0.3,up_0.1to0.3_r0
4.24,0.3,0.1,0.3,up_0.1to0.3_r0
4.26,0.3,0.1,0.3,up_0.1to0.3_r0
4.28,0.3,0.1,0.3,up_0.1to0.3_r0
4.3,0.3,0.1,0.3,up_0.1to0.3_r0
4.32,0.3,0.1,0.3,up_0.1to0.3_r0
4.34,0.3,0.1,0.3,up_0.1to0.3_r0
4.36,0.3,0.1,0.3,up_0.1to0.3_r0
4.38,0.3,0.1,0.3,up_0.1to0.3_r0
4.4,0.3,0.1,0.3,up_0.1to0.3_r0
4.42,0.3,0.1,0.3,up_0.1to0.3_r0
4.44,0.3,0.1,0.3,up_0.1to0.3_r0
4.46,0.3,0.1,0.3,up_0.1to0.3_r0
4.48,0.3,0.1,0.3,up_0.1to0.3_r0
4.5,0.3,0.1,0.3,up_0.1to0.3_r0
4.5200000000000005,0.3,0.1,0.3,up_0.1to0.3_r0
4.54,0.3,0.1,0.3,up_0.1to0.3_r0
4.5600000000000005,0.3,0.1,0.3,up_0.1to0.3_r0
4.58,0.3,0.1,0.3,up_0.1to0.3_r0
4.6000000000000005,0.3,0.1,0.3,up_0.1to0.3_r0
4.62,0.3,0.1,0.3,up_0.1to0.3_r0
4.64,0.3,0.1,0.3,up_0.1to0.3_r0
4.66,0.3,0.1,0.3,up_0.1to0.3_r0
4.68,0.3,0.1,0.3,up_0.1to0.3_r0
4.7,0.3,0.1,0.3,up_0.1to0.3_r0
4.72,0.3,0.1,0.3,up_0.1to0.3_r0
4.74,0.3,0.1,0.3,up_0.1to0.3_r0
4.76,0.3,0.1,0.3,up_0.1to0.3_r0
4.78,0.3,0.1,0.3,up_0.1to0.3_r0
4.8,0.3,0.1,0.3,up_0.1to0.3_r0
4.82,0.3,0.1,0.3,up_0.1to0.3_r0
4.84,0.3,0.1,0.3,up_0.1to0.3_r0
4.86,0.3,0.1,0.3,up_0.1to0.3_r0
4.88,0.3,0.1,0.3,up_0.1to0.3_r0
4.9,0.3,0.1,0.3,up_0.1to0.3_r0
4.92,0.3,0.1,0.3,up_0.1to0.3_r0
4.94,0.3,0.1,0.3,up_0.1to0.3_r0
4.96,0.3,0.1,0.3,up_0.1to0.3_r0
4.98,0.3,0.1,0.3,up_0.1to0.3_r0
5.0,0.3,0.1,0.3,up_0.1to0.3_r0
5.0200000000000005,0.3,0.1,0.3,up_0.1to0.3_r0
5.04,0.3,0.1,0.3,up_0.1to0.3_r0
5.0600000000000005,0.3,0.1,0.3,up_0.1to0.3_r0
5.08,0.3,0.1,0.3,up_0.1to0.3_r0
5.1000000000000005,0.3,0.1,0.3,up_0.1to0.3_r0
5.12,0.3,0.1,0.3,up_0.1to0.3_r0
5.14,0.3,0.1,0.3,up_0.1to0.3_r0
5.16,0.3,0.1,0.3,up_0.1to0.3_r0
5.18,0.3,0.1,0.3,up_0.1to0.3_r0
5.2,0.3,0.1,0.3,up_0.1to0.3_r0
5.22,0.3,0.1,0.3,up_0.1to0.3_r0
5.24,0.3,0.1,0.3,up_0.1to0.3_r0
5.26,0.3,0.1,0.3,up_0.1to0.3_r0
5.28,0.3,0.1,0.3,up_0.1to0.3_r0
5.3,0.3,0.1,0.3,up_0.1to0.3_r0
5.32,0.3,0.1,0.3,up_0.1to0.3_r0
5.34,0.3,0.1,0.3,up_0.1to0.3_r0
5.36,0.3,0.1,0.3,up_0.1to0.3_r0
5.38,0.3,0.1,0.3,up_0.1to0.3_r0
5.4,0.3,0.1,0.3,up_0.1to0.3_r0
5.42,0.3,0.1,0.3,up_0.1to0.3_r0
5.44,0.3,0.1,0.3,up_0.1to0.3_r0
5.46,0.3,0.1,0.3,up_0.1to0.3_r0
5.48,0.3,0.1,0.3,up_0.1to0.3_r0
5.5,0.3,0.1,0.3,up_0.1to0.3_r0
5.5200000000000005,0.3,0.1,0.3,up_0.1to0.3_r0
5.54,0.3,0.1,0.3,up_0.1to0.3_r0
5.5600000000000005,0.3,0.1,0.3,up_0.1to0.3_r0
5.58,0.3,0.1,0.3,up_0.1to0.3_r0
5.6000000000000005,0.3,0.1,0.3,up_0.1to0.3_r0
5.62,0.3,0.1,0.3,up_0.1to0.3_r0
5.64,0.3,0.1,0.3,up_0.1to0.3_r0
5.66,0.3,0.1,0.3,up_0.1to0.3_r0
5.68,0.3,0.1,0.3,up_0.1to0.3_r0
5.7,0.3,0.1,0.3,up_0.1to0.3_r0
5.72,0.3,0.1,0.3,up_0.1to0.3_r0
5.74,0.3,0.1,0.3,up_0.1to0.3_r0
5.76,0.3,0.1,0.3,up_0.1to0.3_r0
5.78,0.3,0.1,0.3,up_0.1to0.3_r0
5.8,0.3,0.1,0.3,up_0.1to0.3_r0
5.82,0.3,0.1,0.3,up_0.1to0.3_r0
5.84,0.3,0.1,0.3,up_0.1to0.3_r0
5.86,0.3,0.1,0.3,up_0.1to0.3_r0
5.88,0.3,0.1,0.3,up_0.1to0.3_r0
5.9,0.3,0.1,0.3,up_0.1to0.3_r0
5.92,0.3,0.1,0.3,up_0.1to0.3_r0
5.94,0.3,0.1,0.3,up_0.1to0.3_r0
5.96,0.3,0.1,0.3,up_0.1to0.3_r0
5.98,0.3,0.1,0.3,up_0.1to0.3_r0
6.0,0.3,0.1,0.3,up_0.1to0.3_r0
6.0200000000000005,0.3,0.1,0.3,up_0.1to0.3_r0
6.04,0.3,0.1,0.3,up_0.1to0.3_r0
6.0600000000000005,0.3,0.1,0.3,up_0.1to0.3_r0
6.08,0.3,0.1,0.3,up_0.1to0.3_r0
6.1000000000000005,0.3,0.1,0.3,up_0.1to0.3_r0
6.12,0.3,0.1,0.3,up_0.1to0.3_r0
6.140000000000001,0.3,0.1,0.3,up_0.1to0.3_r0
6.16,0.3,0.1,0.3,up_0.1to0.3_r0
6.18,0.3,0.1,0.3,up_0.1to0.3_r0
6.2,0.3,0.1,0.3,up_0.1to0.3_r0
6.22,0.3,0.1,0.3,up_0.1to0.3_r0
6.24,0.3,0.1,0.3,up_0.1to0.3_r0
6.26,0.3,0.1,0.3,up_0.1to0.3_r0
6.28,0.3,0.1,0.3,up_0.1to0.3_r0
6.3,0.3,0.1,0.3,up_0.1to0.3_r0
6.32,0.3,0.1,0.3,up_0.1to0.3_r0
6.34,0.3,0.1,0.3,up_0.1to0.3_r0
6.36,0.3,0.1,0.3,up_0.1to0.3_r0
6.38,0.3,0.1,0.3,up_0.1to0.3_r0
6.4,0.3,0.1,0.3,up_0.1to0.3_r0
6.42,0.3,0.1,0.3,up_0.1to0.3_r0
6.44,0.3,0.1,0.3,up_0.1to0.3_r0
6.46,0.3,0.1,0.3,up_0.1to0.3_r0
6.48,0.3,0.1,0.3,up_0.1to0.3_r0
6.5,0.1,0.1,0.3,pre
6.5200000000000005,0.1,0.1,0.3,pre
6.54,0.1,0.1,0.3,pre
6.5600000000000005,0.1,0.1,0.3,pre
6.58,0.1,0.1,0.3,pre
6.6000000000000005,0.1,0.1,0.3,pre
6.62,0.1,0.1,0.3,pre
6.640000000000001,0.1,0.1,0.3,pre
6.66,0.1,0.1,0.3,pre
6.68,0.1,0.1,0.3,pre
6.7,0.1,0.1,0.3,pre
6.72,0.1,0.1,0.3,pre
6.74,0.1,0.1,0.3,pre
6.76,0.1,0.1,0.3,pre
6.78,0.1,0.1,0.3,pre
6.8,0.1,0.1,0.3,pre
6.82,0.1,0.1,0.3,pre
6.84,0.1,0.1,0.3,pre
6.86,0.1,0.1,0.3,pre
6.88,0.1,0.1,0.3,pre
6.9,0.1,0.1,0.3,pre
6.92,0.1,0.1,0.3,pre
6.94,0.1,0.1,0.3,pre
6.96,0.1,0.1,0.3,pre
6.98,0.1,0.1,0.3,pre
7.0,0.1,0.1,0.3,pre
7.0200000000000005,0.1,0.1,0.3,pre
7.04,0.1,0.1,0.3,pre
7.0600000000000005,0.1,0.1,0.3,pre
7.08,0.1,0.1,0.3,pre
7.1000000000000005,0.1,0.1,0.3,pre
7.12,0.1,0.1,0.3,pre
7.140000000000001,0.1,0.1,0.3,pre
7.16,0.1,0.1,0.3,pre
7.18,0.1,0.1,0.3,pre
7.2,0.1,0.1,0.3,pre
7.22,0.1,0.1,0.3,pre
7.24,0.1,0.1,0.3,pre
7.26,0.1,0.1,0.3,pre
7.28,0.1,0.1,0.3,pre
7.3,0.1,0.1,0.3,pre
7.32,0.1,0.1,0.3,pre
7.34,0.1,0.1,0.3,pre
7.36,0.1,0.1,0.3,pre
7.38,0.1,0.1,0.3,pre
7.4,0.1,0.1,0.3,pre
7.42,0.1,0.1,0.3,pre
7.44,0.1,0.1,0.3,pre
7.46,0.1,0.1,0.3,pre
7.48,0.1,0.1,0.3,pre
7.5,0.1,0.1,0.3,pre
7.5200000000000005,0.1,0.1,0.3,pre
7.54,0.1,0.1,0.3,pre
7.5600000000000005,0.1,0.1,0.3,pre
7.58,0.1,0.1,0.3,pre
7.6000000000000005,0.1,0.1,0.3,pre
7.62,0.1,0.1,0.3,pre
7.640000000000001,0.1,0.1,0.3,pre
7.66,0.1,0.1,0.3,pre
7.68,0.1,0.1,0.3,pre
7.7,0.1,0.1,0.3,pre
7.72,0.1,0.1,0.3,pre
7.74,0.1,0.1,0.3,pre
7.76,0.1,0.1,0.3,pre
7.78,0.1,0.1,0.3,pre
7.8,0.1,0.1,0.3,pre
7.82,0.1,0.1,0.3,pre
7.84,0.1,0.1,0.3,pre
7.86,0.1,0.1,0.3,pre
7.88,0.1,0.1,0.3,pre
7.9,0.1,0.1,0.3,pre
7.92,0.1,0.1,0.3,pre
7.94,0.1,0.1,0.3,pre
7.96,0.1,0.1,0.3,pre
7.98,0.1,0.1,0.3,pre
8.0,0.4,0.1,0.3,up_0.1to0.4_r0
8.02,0.4,0.1,0.3,up_0.1to0.4_r0
8.040000000000001,0.4,0.1,0.3,up_0.1to0.4_r0
8.06,0.4,0.1,0.3,up_0.1to0.4_r0
8.08,0.4,0.1,0.3,up_0.1to0.4_r0
8.1,0.4,0.1,0.3,up_0.1to0.4_r0
8.120000000000001,0.4,0.1,0.3,up_0.1to0.4_r0
8.14,0.4,0.1,0.3,up_0.1to0.4_r0
8.16,0.4,0.1,0.3,up_0.1to0.4_r0
8.18,0.4,0.1,0.3,up_0.1to0.4_r0
8.2,0.4,0.1,0.3,up_0.1to0.4_r0
8.22,0.4,0.1,0.3,up_0.1to0.4_r0
8.24,0.4,0.1,0.3,up_0.1to0.4_r0
8.26,0.4,0.1,0.3,up_0.1to0.4_r0
8.28,0.4,0.1,0.3,up_0.1to0.4_r0
8.3,0.4,0.1,0.3,up_0.1to0.4_r0
8.32,0.4,0.1,0.3,up_0.1to0.4_r0
8.34,0.4,0.1,0.3,up_0.1to0.4_r0
8.36,0.4,0.1,0.3,up_0.1to0.4_r0
8.38,0.4,0.1,0.3,up_0.1to0.4_r0
8.4,0.4,0.1,0.3,up_0.1to0.4_r0
8.42,0.4,0.1,0.3,up_0.1to0.4_r0
8.44,0.4,0.1,0.3,up_0.1to0.4_r0
8.46,0.4,0.1,0.3,up_0.1to0.4_r0
8.48,0.4,0.1,0.3,up_0.1to0.4_r0
8.5,0.4,0.1,0.3,up_0.1to0.4_r0
8.52,0.4,0.1,0.3,up_0.1to0.4_r0
8.540000000000001,0.4,0.1,0.3,up_0.1to0.4_r0
8.56,0.4,0.1,0.3,up_0.1to0.4_r0
8.58,0.4,0.1,0.3,up_0.1to0.4_r0
8.6,0.4,0.1,0.3,up_0.1to0.4_r0
8.620000000000001,0.4,0.1,0.3,up_0.1to0.4_r0
8.64,0.4,0.1,0.3,up_0.1to0.4_r0
8.66,0.4,0.1,0.3,up_0.1to0.4_r0
8.68,0.4,0.1,0.3,up_0.1to0.4_r0
8.700000000000001,0.4,0.1,0.3,up_0.1to0.4_r0
8.72,0.4,0.1,0.3,up_0.1to0.4_r0
8.74,0.4,0.1,0.3,up_0.1to0.4_r0
8.76,0.4,0.1,0.3,up_0.1to0.4_r0
8.78,0.4,0.1,0.3,up_0.1to0.4_r0
8.8,0.4,0.1,0.3,up_0.1to0.4_r0
8.82,0.4,0.1,0.3,up_0.1to0.4_r0
8.84,0.4,0.1,0.3,up_0.1to0.4_r0
8.86,0.4,0.1,0.3,up_0.1to0.4_r0
8.88,0.4,0.1,0.3,up_0.1to0.4_r0
8.9,0.4,0.1,0.3,up_0.1to0.4_r0
8.92,0.4,0.1,0.3,up_0.1to0.4_r0
8.94,0.4,0.1,0.3,up_0.1to0.4_r0
8.96,0.4,0.1,0.3,up_0.1to0.4_r0
8.98,0.4,0.1,0.3,up_0.1to0.4_r0
9.0,0.4,0.1,0.3,up_0.1to0.4_r0
9.02,0.4,0.1,0.3,up_0.1to0.4_r0
9.040000000000001,0.4,0.1,0.3,up_0.1to0.4_r0
9.06,0.4,0.1,0.3,up_0.1to0.4_r0
9.08,0.4,0.1,0.3,up_0.1to0.4_r0
9.1,0.4,0.1,0.3,up_0.1to0.4_r0
9.120000000000001,0.4,0.1,0.3,up_0.1to0.4_r0
9.14,0.4,0.1,0.3,up_0.1to0.4_r0
9.16,0.4,0.1,0.3,up_0.1to0.4_r0
9.18,0.4,0.1,0.3,up_0.1to0.4_r0
9.200000000000001,0.4,0.1,0.3,up_0.1to0.4_r0
9.22,0.4,0.1,0.3,up_0.1to0.4_r0
9.24,0.4,0.1,0.3,up_0.1to0.4_r0
9.26,0.4,0.1,0.3,up_0.1to0.4_r0
9.28,0.4,0.1,0.3,up_0.1to0.4_r0
9.3,0.4,0.1,0.3,up_0.1to0.4_r0
9.32,0.4,0.1,0.3,up_0.1to0.4_r0
9.34,0.4,0.1,0.3,up_0.1to0.4_r0
9.36,0.4,0.1,0.3,up_0.1to0.4_r0
9.38,0.4,0.1,0.3,up_0.1to0.4_r0
9.4,0.4,0.1,0.3,up_0.1to0.4_r0
9.42,0.4,0.1,0.3,up_0.1to0.4_r0
9.44,0.4,0.1,0.3,up_0.1to0.4_r0
9.46,0.4,0.1,0.3,up_0.1to0.4_r0
9.48,0.4,0.1,0.3,up_0.1to0.4_r0
9.5,0.4,0.1,0.3,up_0.1to0.4_r0
9.52,0.4,0.1,0.3,up_0.1to0.4_r0
9.540000000000001,0.4,0.1,0.3,up_0.1to0.4_r0
9.56,0.4,0.1,0.3,up_0.1to0.4_r0
9.58,0.4,0.1,0.3,up_0.1to0.4_r0
9.6,0.4,0.1,0.3,up_0.1to0.4_r0
9.620000000000001,0.4,0.1,0.3,up_0.1to0.4_r0
9.64,0.4,0.1,0.3,up_0.1to0.4_r0
9.66,0.4,0.1,0.3,up_0.1to0.4_r0
9.68,0.4,0.1,0.3,up_0.1to0.4_r0
9.700000000000001,0.4,0.1,0.3,up_0.1to0.4_r0
9.72,0.4,0.1,0.3,up_0.1to0.4_r0
9.74,0.4,0.1,0.3,up_0.1to0.4_r0
9.76,0.4,0.1,0.3,up_0.1to0.4_r0
9.78,0.4,0.1,0.3,up_0.1to0.4_r0
9.8,0.4,0.1,0.3,up_0.1to0.4_r0
9.82,0.4,0.1,0.3,up_0.1to0.4_r0
9.84,0.4,0.1,0.3,up_0.1to0.4_r0
9.86,0.4,0.1,0.3,up_0.1to0.4_r0
9.88,0.4,0.1,0.3,up_0.1to0.4_r0
9.9,0.4,0.1,0.3,up_0.1to0.4_r0
9.92,0.4,0.1,0.3,up_0.1to0.4_r0
9.94,0.4,0.1,0.3,up_0.1to0.4_r0
9.96,0.4,0.1,0.3,up_0.1to0.4_r0
9.98,0.4,0.1,0.3,up_0.1to0.4_r0
10.0,0.4,0.1,0.3,up_0.1to0.4_r0
10.02,0.4,0.1,0.3,up_0.1to0.4_r0
10.040000000000001,0.4,0.1,0.3,up_0.1to0.4_r0
10.06,0.4,0.1,0.3,up_0.1to0.4_r0
10.08,0.4,0.1,0.3,up_0.1to0.4_r0
10.1,0.4,0.1,0.3,up_0.1to0.4_r0
10.120000000000001,0.4,0.1,0.3,up_0.1to0.4_r0
10.14,0.4,0.1,0.3,up_0.1to0.4_r0
10.16,0.4,0.1,0.3,up_0.1to0.4_r0
10.18,0.4,0.1,0.3,up_0.1to0.4_r0
10.200000000000001,0.4,0.1,0.3,up_0.1to0.4_r0
10.22,0.4,0.1,0.3,up_0.1to0.4_r0
10.24,0.4,0.1,0.3,up_0.1to0.4_r0
10.26,0.4,0.1,0.3,up_0.1to0.4_r0
10.28,0.4,0.1,0.3,up_0.1to0.4_r0
10.3,0.4,0.1,0.3,up_0.1to0.4_r0
10.32,0.4,0.1,0.3,up_0.1to0.4_r0
10.34,0.4,0.1,0.3,up_0.1to0.4_r0
10.36,0.4,0.1,0.3,up_0.1to0.4_r0
10.38,0.4,0.1,0.3,up_0.1to0.4_r0
10.4,0.4,0.1,0.3,up_0.1to0.4_r0
10.42,0.4,0.1,0.3,up_0.1to0.4_r0
10.44,0.4,0.1,0.3,up_0.1to0.4_r0
10.46,0.4,0.1,0.3,up_0.1to0.4_r0
10.48,0.4,0.1,0.3,up_0.1to0.4_r0
10.5,0.4,0.1,0.3,up_0.1to0.4_r0
10.52,0.4,0.1,0.3,up_0.1to0.4_r0
10.540000000000001,0.4,0.1,0.3,up_0.1to0.4_r0
10.56,0.4,0.1,0.3,up_0.1to0.4_r0
10.58,0.4,0.1,0.3,up_0.1to0.4_r0
10.6,0.4,0.1,0.3,up_0.1to0.4_r0
10.620000000000001,0.4,0.1,0.3,up_0.1to0.4_r0
10.64,0.4,0.1,0.3,up_0.1to0.4_r0
10.66,0.4,0.1,0.3,up_0.1to0.4_r0
10.68,0.4,0.1,0.3,up_0.1to0.4_r0
10.700000000000001,0.4,0.1,0.3,up_0.1to0.4_r0
10.72,0.4,0.1,0.3,up_0.1to0.4_r0
10.74,0.4,0.1,0.3,up_0.1to0.4_r0
10.76,0.4,0.1,0.3,up_0.1to0.4_r0
10.78,0.4,0.1,0.3,up_0.1to0.4_r0
10.8,0.4,0.1,0.3,up_0.1to0.4_r0
10.82,0.4,0.1,0.3,up_0.1to0.4_r0
10.84,0.4,0.1,0.3,up_0.1to0.4_r0
10.86,0.4,0.1,0.3,up_0.1to0.4_r0
10.88,0.4,0.1,0.3,up_0.1to0.4_r0
10.9,0.4,0.1,0.3,up_0.1to0.4_r0
10.92,0.4,0.1,0.3,up_0.1to0.4_r0
10.94,0.4,0.1,0.3,up_0.1to0.4_r0
10.96,0.4,0.1,0.3,up_0.1to0.4_r0
10.98,0.4,0.1,0.3,up_0.1to0.4_r0
11.0,0.1,0.1,0.3,pre
11.02,0.1,0.1,0.3,pre
11.040000000000001,0.1,0.1,0.3,pre
11.06,0.1,0.1,0.3,pre
11.08,0.1,0.1,0.3,pre
11.1,0.1,0.1,0.3,pre
11.120000000000001,0.1,0.1,0.3,pre
11.14,0.1,0.1,0.3,pre
11.16,0.1,0.1,0.3,pre
11.18,0.1,0.1,0.3,pre
11.200000000000001,0.1,0.1,0.3,pre
11.22,0.1,0.1,0.3,pre
11.24,0.1,0.1,0.3,pre
11.26,0.1,0.1,0.3,pre
11.28,0.1,0.1,0.3,pre
11.3,0.1,0.1,0.3,pre
11.32,0.1,0.1,0.3,pre
11.34,0.1,0.1,0.3,pre
11.36,0.1,0.1,0.3,pre
11.38,0.1,0.1,0.3,pre
11.4,0.1,0.1,0.3,pre
11.42,0.1,0.1,0.3,pre
11.44,0.1,0.1,0.3,pre
11.46,0.1,0.1,0.3,pre
11.48,0.1,0.1,0.3,pre
11.5,0.1,0.1,0.3,pre
11.52,0.1,0.1,0.3,pre
11.540000000000001,0.1,0.1,0.3,pre
11.56,0.1,0.1,0.3,pre
11.58,0.1,0.1,0.3,pre
11.6,0.1,0.1,0.3,pre
11.620000000000001,0.1,0.1,0.3,pre
11.64,0.1,0.1,0.3,pre
11.66,0.1,0.1,0.3,pre
11.68,0.1,0.1,0.3,pre
11.700000000000001,0.1,0.1,0.3,pre
11.72,0.1,0.1,0.3,pre
11.74,0.1,0.1,0.3,pre
11.76,0.1,0.1,0.3,pre
11.78,0.1,0.1,0.3,pre
11.8,0.1,0.1,0.3,pre
11.82,0.1,0.1,0.3,pre
11.84,0.1,0.1,0.3,pre
11.86,0.1,0.1,0.3,pre
11.88,0.1,0.1,0.3,pre
11.9,0.1,0.1,0.3,pre
11.92,0.1,0.1,0.3,pre
11.94,0.1,0.1,0.3,pre
11.96,0.1,0.1,0.3,pre
11.98,0.1,0.1,0.3,pre
12.0,0.1,0.1,0.3,pre
12.02,0.1,0.1,0.3,pre
12.040000000000001,0.1,0.1,0.3,pre
12.06,0.1,0.1,0.3,pre
12.08,0.1,0.1,0.3,pre
12.1,0.1,0.1,0.3,pre
12.120000000000001,0.1,0.1,0.3,pre
12.14,0.1,0.1,0.3,pre
12.16,0.1,0.1,0.3,pre
12.18,0.1,0.1,0.3,pre
12.200000000000001,0.1,0.1,0.3,pre
12.22,0.1,0.1,0.3,pre
12.24,0.1,0.1,0.3,pre
12.26,0.1,0.1,0.3,pre
12.280000000000001,0.1,0.1,0.3,pre
12.3,0.1,0.1,0.3,pre
12.32,0.1,0.1,0.3,pre
12.34,0.1,0.1,0.3,pre
12.36,0.1,0.1,0.3,pre
12.38,0.1,0.1,0.3,pre
12.4,0.1,0.1,0.3,pre
12.42,0.1,0.1,0.3,pre
12.44,0.1,0.1,0.3,pre
12.46,0.1,0.1,0.3,pre
12.48,0.1,0.1,0.3,pre
12.5,0.5,0.1,0.3,up_0.1to0.5_r0
12.52,0.5,0.1,0.3,up_0.1to0.5_r0
12.540000000000001,0.5,0.1,0.3,up_0.1to0.5_r0
12.56,0.5,0.1,0.3,up_0.1to0.5_r0
12.58,0.5,0.1,0.3,up_0.1to0.5_r0
12.6,0.5,0.1,0.3,up_0.1to0.5_r0
12.620000000000001,0.5,0.1,0.3,up_0.1to0.5_r0
12.64,0.5,0.1,0.3,up_0.1to0.5_r0
12.66,0.5,0.1,0.3,up_0.1to0.5_r0
12.68,0.5,0.1,0.3,up_0.1to0.5_r0
12.700000000000001,0.5,0.1,0.3,up_0.1to0.5_r0
12.72,0.5,0.1,0.3,up_0.1to0.5_r0
12.74,0.5,0.1,0.3,up_0.1to0.5_r0
12.76,0.5,0.1,0.3,up_0.1to0.5_r0
12.780000000000001,0.5,0.1,0.3,up_0.1to0.5_r0
12.8,0.5,0.1,0.3,up_0.1to0.5_r0
12.82,0.5,0.1,0.3,up_0.1to0.5_r0
12.84,0.5,0.1,0.3,up_0.1to0.5_r0
12.86,0.5,0.1,0.3,up_0.1to0.5_r0
12.88,0.5,0.1,0.3,up_0.1to0.5_r0
12.9,0.5,0.1,0.3,up_0.1to0.5_r0
12.92,0.5,0.1,0.3,up_0.1to0.5_r0
12.94,0.5,0.1,0.3,up_0.1to0.5_r0
12.96,0.5,0.1,0.3,up_0.1to0.5_r0
12.98,0.5,0.1,0.3,up_0.1to0.5_r0
13.0,0.5,0.1,0.3,up_0.1to0.5_r0
13.02,0.5,0.1,0.3,up_0.1to0.5_r0
13.040000000000001,0.5,0.1,0.3,up_0.1to0.5_r0
13.06,0.5,0.1,0.3,up_0.1to0.5_r0
13.08,0.5,0.1,0.3,up_0.1to0.5_r0
13.1,0.5,0.1,0.3,up_0.1to0.5_r0
13.120000000000001,0.5,0.1,0.3,up_0.1to0.5_r0
13.14,0.5,0.1,0.3,up_0.1to0.5_r0
13.16,0.5,0.1,0.3,up_0.1to0.5_r0
13.18,0.5,0.1,0.3,up_0.1to0.5_r0
13.200000000000001,0.5,0.1,0.3,up_0.1to0.5_r0
13.22,0.5,0.1,0.3,up_0.1to0.5_r0
13.24,0.5,0.1,0.3,up_0.1to0.5_r0
13.26,0.5,0.1,0.3,up_0.1to0.5_r0
13.280000000000001,0.5,0.1,0.3,up_0.1to0.5_r0
13.3,0.5,0.1,0.3,up_0.1to0.5_r0
13.32,0.5,0.1,0.3,up_0.1to0.5_r0
13.34,0.5,0.1,0.3,up_0.1to0.5_r0
13.36,0.5,0.1,0.3,up_0.1to0.5_r0
13.38,0.5,0.1,0.3,up_0.1to0.5_r0
13.4,0.5,0.1,0.3,up_0.1to0.5_r0
13.42,0.5,0.1,0.3,up_0.1to0.5_r0
13.44,0.5,0.1,0.3,up_0.1to0.5_r0
13.46,0.5,0.1,0.3,up_0.1to0.5_r0
13.48,0.5,0.1,0.3,up_0.1to0.5_r0
13.5,0.5,0.1,0.3,up_0.1to0.5_r0
13.52,0.5,0.1,0.3,up_0.1to0.5_r0
13.540000000000001,0.5,0.1,0.3,up_0.1to0.5_r0
13.56,0.5,0.1,0.3,up_0.1to0.5_r0
13.58,0.5,0.1,0.3,up_0.1to0.5_r0
13.6,0.5,0.1,0.3,up_0.1to0.5_r0
13.620000000000001,0.5,0.1,0.3,up_0.1to0.5_r0
13.64,0.5,0.1,0.3,up_0.1to0.5_r0
13.66,0.5,0.1,0.3,up_0.1to0.5_r0
13.68,0.5,0.1,0.3,up_0.1to0.5_r0
13.700000000000001,0.5,0.1,0.3,up_0.1to0.5_r0
13.72,0.5,0.1,0.3,up_0.1to0.5_r0
13.74,0.5,0.1,0.3,up_0.1to0.5_r0
13.76,0.5,0.1,0.3,up_0.1to0.5_r0
13.780000000000001,0.5,0.1,0.3,up_0.1to0.5_r0
13.8,0.5,0.1,0.3,up_0.1to0.5_r0
13.82,0.5,0.1,0.3,up_0.1to0.5_r0
13.84,0.5,0.1,0.3,up_0.1to0.5_r0
13.86,0.5,0.1,0.3,up_0.1to0.5_r0
13.88,0.5,0.1,0.3,up_0.1to0.5_r0
13.9,0.5,0.1,0.3,up_0.1to0.5_r0
13.92,0.5,0.1,0.3,up_0.1to0.5_r0
13.94,0.5,0.1,0.3,up_0.1to0.5_r0
13.96,0.5,0.1,0.3,up_0.1to0.5_r0
13.98,0.5,0.1,0.3,up_0.1to0.5_r0
14.0,0.5,0.1,0.3,up_0.1to0.5_r0
14.02,0.5,0.1,0.3,up_0.1to0.5_r0
14.040000000000001,0.5,0.1,0.3,up_0.1to0.5_r0
14.06,0.5,0.1,0.3,up_0.1to0.5_r0
14.08,0.5,0.1,0.3,up_0.1to0.5_r0
14.1,0.5,0.1,0.3,up_0.1to0.5_r0
14.120000000000001,0.5,0.1,0.3,up_0.1to0.5_r0
14.14,0.5,0.1,0.3,up_0.1to0.5_r0
14.16,0.5,0.1,0.3,up_0.1to0.5_r0
14.18,0.5,0.1,0.3,up_0.1to0.5_r0
14.200000000000001,0.5,0.1,0.3,up_0.1to0.5_r0
14.22,0.5,0.1,0.3,up_0.1to0.5_r0
14.24,0.5,0.1,0.3,up_0.1to0.5_r0
14.26,0.5,0.1,0.3,up_0.1to0.5_r0
14.280000000000001,0.5,0.1,0.3,up_0.1to0.5_r0
14.3,0.5,0.1,0.3,up_0.1to0.5_r0
14.32,0.5,0.1,0.3,up_0.1to0.5_r0
14.34,0.5,0.1,0.3,up_0.1to0.5_r0
14.36,0.5,0.1,0.3,up_0.1to0.5_r0
14.38,0.5,0.1,0.3,up_0.1to0.5_r0
14.4,0.5,0.1,0.3,up_0.1to0.5_r0
14.42,0.5,0.1,0.3,up_0.1to0.5_r0
14.44,0.5,0.1,0.3,up_0.1to0.5_r0
14.46,0.5,0.1,0.3,up_0.1to0.5_r0
14.48,0.5,0.1,0.3,up_0.1to0.5_r0
14.5,0.5,0.1,0.3,up_0.1to0.5_r0
14.52,0.5,0.1,0.3,up_0.1to0.5_r0
14.540000000000001,0.5,0.1,0.3,up_0.1to0.5_r0
14.56,0.5,0.1,0.3,up_0.1to0.5_r0
14.58,0.5,0.1,0.3,up_0.1to0.5_r0
14.6,0.5,0.1,0.3,up_0.1to0.5_r0
14.620000000000001,0.5,0.1,0.3,up_0.1to0.5_r0
14.64,0.5,0.1,0.3,up_0.1to0.5_r0
14.66,0.5,0.1,0.3,up_0.1to0.5_r0
14.68,0.5,0.1,0.3,up_0.1to0.5_r0
14.700000000000001,0.5,0.1,0.3,up_0.1to0.5_r0
14.72,0.5,0.1,0.3,up_0.1to0.5_r0
14.74,0.5,0.1,0.3,up_0.1to0.5_r0
14.76,0.5,0.1,0.3,up_0.1to0.5_r0
14.780000000000001,0.5,0.1,0.3,up_0.1to0.5_r0
14.8,0.5,0.1,0.3,up_0.1to0.5_r0
14.82,0.5,0.1,0.3,up_0.1to0.5_r0
14.84,0.5,0.1,0.3,up_0.1to0.5_r0
14.86,0.5,0.1,0.3,up_0.1to0.5_r0
14.88,0.5,0.1,0.3,up_0.1to0.5_r0
14.9,0.5,0.1,0.3,up_0.1to0.5_r0
14.92,0.5,0.1,0.3,up_0.1to0.5_r0
14.94,0.5,0.1,0.3,up_0.1to0.5_r0
14.96,0.5,0.1,0.3,up_0.1to0.5_r0
14.98,0.5,0.1,0.3,up_0.1to0.5_r0
15.0,0.5,0.1,0.3,up_0.1to0.5_r0
15.02,0.5,0.1,0.3,up_0.1to0.5_r0
15.040000000000001,0.5,0.1,0.3,up_0.1to0.5_r0
15.06,0.5,0.1,0.3,up_0.1to0.5_r0
15.08,0.5,0.1,0.3,up_0.1to0.5_r0
15.1,0.5,0.1,0.3,up_0.1to0.5_r0
15.120000000000001,0.5,0.1,0.3,up_0.1to0.5_r0
15.14,0.5,0.1,0.3,up_0.1to0.5_r0
15.16,0.5,0.1,0.3,up_0.1to0.5_r0
15.18,0.5,0.1,0.3,up_0.1to0.5_r0
15.200000000000001,0.5,0.1,0.3,up_0.1to0.5_r0
15.22,0.5,0.1,0.3,up_0.1to0.5_r0
15.24,0.5,0.1,0.3,up_0.1to0.5_r0
15.26,0.5,0.1,0.3,up_0.1to0.5_r0
15.280000000000001,0.5,0.1,0.3,up_0.1to0.5_r0
15.3,0.5,0.1,0.3,up_0.1to0.5_r0
15.32,0.5,0.1,0.3,up_0.1to0.5_r0
15.34,0.5,0.1,0.3,up_0.1to0.5_r0
15.36,0.5,0.1,0.3,up_0.1to0.5_r0
15.38,0.5,0.1,0.3,up_0.1to0.5_r0
15.4,0.5,0.1,0.3,up_0.1to0.5_r0
15.42,0.5,0.1,0.3,up_0.1to0.5_r0
15.44,0.5,0.1,0.3,up_0.1to0.5_r0
15.46,0.5,0.1,0.3,up_0.1to0.5_r0
15.48,0.5,0.1,0.3,up_0.1to0.5_r0
15.5,0.1,0.1,0.3,pre
15.52,0.1,0.1,0.3,pre
15.540000000000001,0.1,0.1,0.3,pre
15.56,0.1,0.1,0.3,pre
15.58,0.1,0.1,0.3,pre
15.6,0.1,0.1,0.3,pre
15.620000000000001,0.1,0.1,0.3,pre
15.64,0.1,0.1,0.3,pre
15.66,0.1,0.1,0.3,pre
15.68,0.1,0.1,0.3,pre
15.700000000000001,0.1,0.1,0.3,pre
15.72,0.1,0.1,0.3,pre
15.74,0.1,0.1,0.3,pre
15.76,0.1,0.1,0.3,pre
15.780000000000001,0.1,0.1,0.3,pre
15.8,0.1,0.1,0.3,pre
15.82,0.1,0.1,0.3,pre
15.84,0.1,0.1,0.3,pre
15.860000000000001,0.1,0.1,0.3,pre
15.88,0.1,0.1,0.3,pre
15.9,0.1,0.1,0.3,pre
15.92,0.1,0.1,0.3,pre
15.94,0.1,0.1,0.3,pre
15.96,0.1,0.1,0.3,pre
15.98,0.1,0.1,0.3,pre
16.0,0.1,0.1,0.3,pre
16.02,0.1,0.1,0.3,pre
16.04,0.1,0.1,0.3,pre
16.06,0.1,0.1,0.3,pre
16.080000000000002,0.1,0.1,0.3,pre
16.1,0.1,0.1,0.3,pre
16.12,0.1,0.1,0.3,pre
16.14,0.1,0.1,0.3,pre
16.16,0.1,0.1,0.3,pre
16.18,0.1,0.1,0.3,pre
16.2,0.1,0.1,0.3,pre
16.22,0.1,0.1,0.3,pre
16.240000000000002,0.1,0.1,0.3,pre
16.26,0.1,0.1,0.3,pre
16.28,0.1,0.1,0.3,pre
16.3,0.1,0.1,0.3,pre
16.32,0.1,0.1,0.3,pre
16.34,0.1,0.1,0.3,pre
16.36,0.1,0.1,0.3,pre
16.38,0.1,0.1,0.3,pre
16.4,0.1,0.1,0.3,pre
16.42,0.1,0.1,0.3,pre
16.44,0.1,0.1,0.3,pre
16.46,0.1,0.1,0.3,pre
16.48,0.1,0.1,0.3,pre
16.5,0.1,0.1,0.3,pre
16.52,0.1,0.1,0.3,pre
16.54,0.1,0.1,0.3,pre
16.56,0.1,0.1,0.3,pre
16.580000000000002,0.1,0.1,0.3,pre
16.6,0.1,0.1,0.3,pre
16.62,0.1,0.1,0.3,pre
16.64,0.1,0.1,0.3,pre
16.66,0.1,0.1,0.3,pre
16.68,0.1,0.1,0.3,pre
16.7,0.1,0.1,0.3,pre
16.72,0.1,0.1,0.3,pre
16.740000000000002,0.1,0.1,0.3,pre
16.76,0.1,0.1,0.3,pre
16.78,0.1,0.1,0.3,pre
16.8,0.1,0.1,0.3,pre
16.82,0.1,0.1,0.3,pre
16.84,0.1,0.1,0.3,pre
16.86,0.1,0.1,0.3,pre
16.88,0.1,0.1,0.3,pre
16.9,0.1,0.1,0.3,pre
16.92,0.1,0.1,0.3,pre
16.94,0.1,0.1,0.3,pre
16.96,0.1,0.1,0.3,pre
16.98,0.1,0.1,0.3,pre
17.0,0.55,0.1,0.3,up_0.1to0.55_r0
17.02,0.55,0.1,0.3,up_0.1to0.55_r0
17.04,0.55,0.1,0.3,up_0.1to0.55_r0
17.06,0.55,0.1,0.3,up_0.1to0.55_r0
17.080000000000002,0.55,0.1,0.3,up_0.1to0.55_r0
17.1,0.55,0.1,0.3,up_0.1to0.55_r0
17.12,0.55,0.1,0.3,up_0.1to0.55_r0
17.14,0.55,0.1,0.3,up_0.1to0.55_r0
17.16,0.55,0.1,0.3,up_0.1to0.55_r0
17.18,0.55,0.1,0.3,up_0.1to0.55_r0
17.2,0.55,0.1,0.3,up_0.1to0.55_r0
17.22,0.55,0.1,0.3,up_0.1to0.55_r0
17.240000000000002,0.55,0.1,0.3,up_0.1to0.55_r0
17.26,0.55,0.1,0.3,up_0.1to0.55_r0
17.28,0.55,0.1,0.3,up_0.1to0.55_r0
17.3,0.55,0.1,0.3,up_0.1to0.55_r0
17.32,0.55,0.1,0.3,up_0.1to0.55_r0
17.34,0.55,0.1,0.3,up_0.1to0.55_r0
17.36,0.55,0.1,0.3,up_0.1to0.55_r0
17.38,0.55,0.1,0.3,up_0.1to0.55_r0
17.400000000000002,0.55,0.1,0.3,up_0.1to0.55_r0
17.42,0.55,0.1,0.3,up_0.1to0.55_r0
17.44,0.55,0.1,0.3,up_0.1to0.55_r0
17.46,0.55,0.1,0.3,up_0.1to0.55_r0
17.48,0.55,0.1,0.3,up_0.1to0.55_r0
17.5,0.55,0.1,0.3,up_0.1to0.55_r0
17.52,0.55,0.1,0.3,up_0.1to0.55_r0
17.54,0.55,0.1,0.3,up_0.1to0.55_r0
17.56,0.55,0.1,0.3,up_0.1to0.55_r0
17.580000000000002,0.55,0.1,0.3,up_0.1to0.55_r0
17.6,0.55,0.1,0.3,up_0.1to0.55_r0
17.62,0.55,0.1,0.3,up_0.1to0.55_r0
17.64,0.55,0.1,0.3,up_0.1to0.55_r0
17.66,0.55,0.1,0.3,up_0.1to0.55_r0
17.68,0.55,0.1,0.3,up_0.1to0.55_r0
17.7,0.55,0.1,0.3,up_0.1to0.55_r0
17.72,0.55,0.1,0.3,up_0.1to0.55_r0
17.740000000000002,0.55,0.1,0.3,up_0.1to0.55_r0
17.76,0.55,0.1,0.3,up_0.1to0.55_r0
17.78,0.55,0.1,0.3,up_0.1to0.55_r0
17.8,0.55,0.1,0.3,up_0.1to0.55_r0
17.82,0.55,0.1,0.3,up_0.1to0.55_r0
17.84,0.55,0.1,0.3,up_0.1to0.55_r0
17.86,0.55,0.1,0.3,up_0.1to0.55_r0
17.88,0.55,0.1,0.3,up_0.1to0.55_r0
17.900000000000002,0.55,0.1,0.3,up_0.1to0.55_r0
17.92,0.55,0.1,0.3,up_0.1to0.55_r0
17.94,0.55,0.1,0.3,up_0.1to0.55_r0
17.96,0.55,0.1,0.3,up_0.1to0.55_r0
17.98,0.55,0.1,0.3,up_0.1to0.55_r0
18.0,0.55,0.1,0.3,up_0.1to0.55_r0
18.02,0.55,0.1,0.3,up_0.1to0.55_r0
18.04,0.55,0.1,0.3,up_0.1to0.55_r0
18.06,0.55,0.1,0.3,up_0.1to0.55_r0
18.080000000000002,0.55,0.1,0.3,up_0.1to0.55_r0
18.1,0.55,0.1,0.3,up_0.1to0.55_r0
18.12,0.55,0.1,0.3,up_0.1to0.55_r0
18.14,0.55,0.1,0.3,up_0.1to0.55_r0
18.16,0.55,0.1,0.3,up_0.1to0.55_r0
18.18,0.55,0.1,0.3,up_0.1to0.55_r0
18.2,0.55,0.1,0.3,up_0.1to0.55_r0
18.22,0.55,0.1,0.3,up_0.1to0.55_r0
18.240000000000002,0.55,0.1,0.3,up_0.1to0.55_r0
18.26,0.55,0.1,0.3,up_0.1to0.55_r0
18.28,0.55,0.1,0.3,up_0.1to0.55_r0
18.3,0.55,0.1,0.3,up_0.1to0.55_r0
18.32,0.55,0.1,0.3,up_0.1to0.55_r0
18.34,0.55,0.1,0.3,up_0.1to0.55_r0
18.36,0.55,0.1,0.3,up_0.1to0.55_r0
18.38,0.55,0.1,0.3,up_0.1to0.55_r0
18.400000000000002,0.55,0.1,0.3,up_0.1to0.55_r0
18.42,0.55,0.1,0.3,up_0.1to0.55_r0
18.44,0.55,0.1,0.3,up_0.1to0.55_r0
18.46,0.55,0.1,0.3,up_0.1to0.55_r0
18.48,0.55,0.1,0.3,up_0.1to0.55_r0
18.5,0.55,0.1,0.3,up_0.1to0.55_r0
18.52,0.55,0.1,0.3,up_0.1to0.55_r0
18.54,0.55,0.1,0.3,up_0.1to0.55_r0
18.56,0.55,0.1,0.3,up_0.1to0.55_r0
18.580000000000002,0.55,0.1,0.3,up_0.1to0.55_r0
18.6,0.55,0.1,0.3,up_0.1to0.55_r0
18.62,0.55,0.1,0.3,up_0.1to0.55_r0
18.64,0.55,0.1,0.3,up_0.1to0.55_r0
18.66,0.55,0.1,0.3,up_0.1to0.55_r0
18.68,0.55,0.1,0.3,up_0.1to0.55_r0
18.7,0.55,0.1,0.3,up_0.1to0.55_r0
18.72,0.55,0.1,0.3,up_0.1to0.55_r0
18.740000000000002,0.55,0.1,0.3,up_0.1to0.55_r0
18.76,0.55,0.1,0.3,up_0.1to0.55_r0
18.78,0.55,0.1,0.3,up_0.1to0.55_r0
18.8,0.55,0.1,0.3,up_0.1to0.55_r0
18.82,0.55,0.1,0.3,up_0.1to0.55_r0
18.84,0.55,0.1,0.3,up_0.1to0.55_r0
18.86,0.55,0.1,0.3,up_0.1to0.55_r0
18.88,0.55,0.1,0.3,up_0.1to0.55_r0
18.900000000000002,0.55,0.1,0.3,up_0.1to0.55_r0
18.92,0.55,0.1,0.3,up_0.1to0.55_r0
18.94,0.55,0.1,0.3,up_0.1to0.55_r0
18.96,0.55,0.1,0.3,up_0.1to0.55_r0
18.98,0.55,0.1,0.3,up_0.1to0.55_r0
19.0,0.55,0.1,0.3,up_0.1to0.55_r0
19.02,0.55,0.1,0.3,up_0.1to0.55_r0
19.04,0.55,0.1,0.3,up_0.1to0.55_r0
19.06,0.55,0.1,0.3,up_0.1to0.55_r0
19.080000000000002,0.55,0.1,0.3,up_0.1to0.55_r0
19.1,0.55,0.1,0.3,up_0.1to0.55_r0
19.12,0.55,0.1,0.3,up_0.1to0.55_r0
19.14,0.55,0.1,0.3,up_0.1to0.55_r0
19.16,0.55,0.1,0.3,up_0.1to0.55_r0
19.18,0.55,0.1,0.3,up_0.1to0.55_r0
19.2,0.55,0.1,0.3,up_0.1to0.55_r0
19.22,0.55,0.1,0.3,up_0.1to0.55_r0
19.240000000000002,0.55,0.1,0.3,up_0.1to0.55_r0
19.26,0.55,0.1,0.3,up_0.1to0.55_r0
19.28,0.55,0.1,0.3,up_0.1to0.55_r0
19.3,0.55,0.1,0.3,up_0.1to0.55_r0
19.32,0.55,0.1,0.3,up_0.1to0.55_r0
19.34,0.55,0.1,0.3,up_0.1to0.55_r0
19.36,0.55,0.1,0.3,up_0.1to0.55_r0
19.38,0.55,0.1,0.3,up_0.1to0.55_r0
19.400000000000002,0.55,0.1,0.3,up_0.1to0.55_r0
19.42,0.55,0.1,0.3,up_0.1to0.55_r0
19.44,0.55,0.1,0.3,up_0.1to0.55_r0
19.46,0.55,0.1,0.3,up_0.1to0.55_r0
19.48,0.55,0.1,0.3,up_0.1to0.55_r0
19.5,0.55,0.1,0.3,up_0.1to0.55_r0
19.52,0.55,0.1,0.3,up_0.1to0.55_r0
19.54,0.55,0.1,0.3,up_0.1to0.55_r0
19.56,0.55,0.1,0.3,up_0.1to0.55_r0
19.580000000000002,0.55,0.1,0.3,up_0.1to0.55_r0
19.6,0.55,0.1,0.3,up_0.1to0.55_r0
19.62,0.55,0.1,0.3,up_0.1to0.55_r0
19.64,0.55,0.1,0.3,up_0.1to0.55_r0
19.66,0.55,0.1,0.3,up_0.1to0.55_r0
19.68,0.55,0.1,0.3,up_0.1to0.55_r0
19.7,0.55,0.1,0.3,up_0.1to0.55_r0
19.72,0.55,0.1,0.3,up_0.1to0.55_r0
19.740000000000002,0.55,0.1,0.3,up_0.1to0.55_r0
19.76,0.55,0.1,0.3,up_0.1to0.55_r0
19.78,0.55,0.1,0.3,up_0.1to0.55_r0
19.8,0.55,0.1,0.3,up_0.1to0.55_r0
19.82,0.55,0.1,0.3,up_0.1to0.55_r0
19.84,0.55,0.1,0.3,up_0.1to0.55_r0
19.86,0.55,0.1,0.3,up_0.1to0.55_r0
19.88,0.55,0.1,0.3,up_0.1to0.55_r0
19.900000000000002,0.55,0.1,0.3,up_0.1to0.55_r0
19.92,0.55,0.1,0.3,up_0.1to0.55_r0
19.94,0.55,0.1,0.3,up_0.1to0.55_r0
19.96,0.55,0.1,0.3,up_0.1to0.55_r0
19.98,0.55,0.1,0.3,up_0.1to0.55_r0
20.0,0.1,0.1,0.3,pre
20.02,0.1,0.1,0.3,pre
20.04,0.1,0.1,0.3,pre
20.06,0.1,0.1,0.3,pre
20.080000000000002,0.1,0.1,0.3,pre
20.1,0.1,0.1,0.3,pre
20.12,0.1,0.1,0.3,pre
20.14,0.1,0.1,0.3,pre
20.16,0.1,0.1,0.3,pre
20.18,0.1,0.1,0.3,pre
20.2,0.1,0.1,0.3,pre
20.22,0.1,0.1,0.3,pre
20.240000000000002,0.1,0.1,0.3,pre
20.26,0.1,0.1,0.3,pre
20.28,0.1,0.1,0.3,pre
20.3,0.1,0.1,0.3,pre
20.32,0.1,0.1,0.3,pre
20.34,0.1,0.1,0.3,pre
20.36,0.1,0.1,0.3,pre
20.38,0.1,0.1,0.3,pre
20.400000000000002,0.1,0.1,0.3,pre
20.42,0.1,0.1,0.3,pre
20.44,0.1,0.1,0.3,pre
20.46,0.1,0.1,0.3,pre
20.48,0.1,0.1,0.3,pre
20.5,0.1,0.1,0.3,pre
20.52,0.1,0.1,0.3,pre
20.54,0.1,0.1,0.3,pre
20.56,0.1,0.1,0.3,pre
20.580000000000002,0.1,0.1,0.3,pre
20.6,0.1,0.1,0.3,pre
20.62,0.1,0.1,0.3,pre
20.64,0.1,0.1,0.3,pre
20.66,0.1,0.1,0.3,pre
20.68,0.1,0.1,0.3,pre
20.7,0.1,0.1,0.3,pre
20.72,0.1,0.1,0.3,pre
20.740000000000002,0.1,0.1,0.3,pre
20.76,0.1,0.1,0.3,pre
20.78,0.1,0.1,0.3,pre
20.8,0.1,0.1,0.3,pre
20.82,0.1,0.1,0.3,pre
20.84,0.1,0.1,0.3,pre
20.86,0.1,0.1,0.3,pre
20.88,0.1,0.1,0.3,pre
20.900000000000002,0.1,0.1,0.3,pre
20.92,0.1,0.1,0.3,pre
20.94,0.1,0.1,0.3,pre
20.96,0.1,0.1,0.3,pre
20.98,0.1,0.1,0.3,pre
21.0,0.1,0.1,0.3,pre
21.02,0.1,0.1,0.3,pre
21.04,0.1,0.1,0.3,pre
21.06,0.1,0.1,0.3,pre
21.080000000000002,0.1,0.1,0.3,pre
21.1,0.1,0.1,0.3,pre
21.12,0.1,0.1,0.3,pre
21.14,0.1,0.1,0.3,pre
21.16,0.1,0.1,0.3,pre
21.18,0.1,0.1,0.3,pre
21.2,0.1,0.1,0.3,pre
21.22,0.1,0.1,0.3,pre
21.240000000000002,0.1,0.1,0.3,pre
21.26,0.1,0.1,0.3,pre
21.28,0.1,0.1,0.3,pre
21.3,0.1,0.1,0.3,pre
21.32,0.1,0.1,0.3,pre
21.34,0.1,0.1,0.3,pre
21.36,0.1,0.1,0.3,pre
21.38,0.1,0.1,0.3,pre
21.400000000000002,0.1,0.1,0.3,pre
21.42,0.1,0.1,0.3,pre
21.44,0.1,0.1,0.3,pre
21.46,0.1,0.1,0.3,pre
21.48,0.1,0.1,0.3,pre
21.5,0.6,0.1,0.3,up_0.1to0.6_r0
21.52,0.6,0.1,0.3,up_0.1to0.6_r0
21.54,0.6,0.1,0.3,up_0.1to0.6_r0
21.56,0.6,0.1,0.3,up_0.1to0.6_r0
21.580000000000002,0.6,0.1,0.3,up_0.1to0.6_r0
21.6,0.6,0.1,0.3,up_0.1to0.6_r0
21.62,0.6,0.1,0.3,up_0.1to0.6_r0
21.64,0.6,0.1,0.3,up_0.1to0.6_r0
21.66,0.6,0.1,0.3,up_0.1to0.6_r0
21.68,0.6,0.1,0.3,up_0.1to0.6_r0
21.7,0.6,0.1,0.3,up_0.1to0.6_r0
21.72,0.6,0.1,0.3,up_0.1to0.6_r0
21.740000000000002,0.6,0.1,0.3,up_0.1to0.6_r0
21.76,0.6,0.1,0.3,up_0.1to0.6_r0
21.78,0.6,0.1,0.3,up_0.1to0.6_r0
21.8,0.6,0.1,0.3,up_0.1to0.6_r0
21.82,0.6,0.1,0.3,up_0.1to0.6_r0
21.84,0.6,0.1,0.3,up_0.1to0.6_r0
21.86,0.6,0.1,0.3,up_0.1to0.6_r0
21.88,0.6,0.1,0.3,up_0.1to0.6_r0
21.900000000000002,0.6,0.1,0.3,up_0.1to0.6_r0
21.92,0.6,0.1,0.3,up_0.1to0.6_r0
21.94,0.6,0.1,0.3,up_0.1to0.6_r0
21.96,0.6,0.1,0.3,up_0.1to0.6_r0
21.98,0.6,0.1,0.3,up_0.1to0.6_r0
22.0,0.6,0.1,0.3,up_0.1to0.6_r0
22.02,0.6,0.1,0.3,up_0.1to0.6_r0
22.04,0.6,0.1,0.3,up_0.1to0.6_r0
22.06,0.6,0.1,0.3,up_0.1to0.6_r0
22.080000000000002,0.6,0.1,0.3,up_0.1to0.6_r0
22.1,0.6,0.1,0.3,up_0.1to0.6_r0
22.12,0.6,0.1,0.3,up_0.1to0.6_r0
22.14,0.6,0.1,0.3,up_0.1to0.6_r0
22.16,0.6,0.1,0.3,up_0.1to0.6_r0
22.18,0.6,0.1,0.3,up_0.1to0.6_r0
22.2,0.6,0.1,0.3,up_0.1to0.6_r0
22.22,0.6,0.1,0.3,up_0.1to0.6_r0
22.240000000000002,0.6,0.1,0.3,up_0.1to0.6_r0
22.26,0.6,0.1,0.3,up_0.1to0.6_r0
22.28,0.6,0.1,0.3,up_0.1to0.6_r0
22.3,0.6,0.1,0.3,up_0.1to0.6_r0
22.32,0.6,0.1,0.3,up_0.1to0.6_r0
22.34,0.6,0.1,0.3,up_0.1to0.6_r0
22.36,0.6,0.1,0.3,up_0.1to0.6_r0
22.38,0.6,0.1,0.3,up_0.1to0.6_r0
22.400000000000002,0.6,0.1,0.3,up_0.1to0.6_r0
22.42,0.6,0.1,0.3,up_0.1to0.6_r0
22.44,0.6,0.1,0.3,up_0.1to0.6_r0
22.46,0.6,0.1,0.3,up_0.1to0.6_r0
22.48,0.6,0.1,0.3,up_0.1to0.6_r0
22.5,0.6,0.1,0.3,up_0.1to0.6_r0
22.52,0.6,0.1,0.3,up_0.1to0.6_r0
22.54,0.6,0.1,0.3,up_0.1to0.6_r0
22.56,0.6,0.1,0.3,up_0.1to0.6_r0
22.580000000000002,0.6,0.1,0.3,up_0.1to0.6_r0
22.6,0.6,0.1,0.3,up_0.1to0.6_r0
22.62,0.6,0.1,0.3,up_0.1to0.6_r0
22.64,0.6,0.1,0.3,up_0.1to0.6_r0
22.66,0.6,0.1,0.3,up_0.1to0.6_r0
22.68,0.6,0.1,0.3,up_0.1to0.6_r0
22.7,0.6,0.1,0.3,up_0.1to0.6_r0
22.72,0.6,0.1,0.3,up_0.1to0.6_r0
22.740000000000002,0.6,0.1,0.3,up_0.1to0.6_r0
22.76,0.6,0.1,0.3,up_0.1to0.6_r0
22.78,0.6,0.1,0.3,up_0.1to0.6_r0
22.8,0.6,0.1,0.3,up_0.1to0.6_r0
22.82,0.6,0.1,0.3,up_0.1to0.6_r0
22.84,0.6,0.1,0.3,up_0.1to0.6_r0
22.86,0.6,0.1,0.3,up_0.1to0.6_r0
22.88,0.6,0.1,0.3,up_0.1to0.6_r0
22.900000000000002,0.6,0.1,0.3,up_0.1to0.6_r0
22.92,0.6,0.1,0.3,up_0.1to0.6_r0
22.94,0.6,0.1,0.3,up_0.1to0.6_r0
22.96,0.6,0.1,0.3,up_0.1to0.6_r0
22.98,0.6,0.1,0.3,up_0.1to0.6_r0
23.0,0.6,0.1,0.3,up_0.1to0.6_r0
23.02,0.6,0.1,0.3,up_0.1to0.6_r0
23.04,0.6,0.1,0.3,up_0.1to0.6_r0
23.06,0.6,0.1,0.3,up_0.1to0.6_r0
23.080000000000002,0.6,0.1,0.3,up_0.1to0.6_r0
23.1,0.6,0.1,0.3,up_0.1to0.6_r0
23.12,0.6,0.1,0.3,up_0.1to0.6_r0
23.14,0.6,0.1,0.3,up_0.1to0.6_r0
23.16,0.6,0.1,0.3,up_0.1to0.6_r0
23.18,0.6,0.1,0.3,up_0.1to0.6_r0
23.2,0.6,0.1,0.3,up_0.1to0.6_r0
23.22,0.6,0.1,0.3,up_0.1to0.6_r0
23.240000000000002,0.6,0.1,0.3,up_0.1to0.6_r0
23.26,0.6,0.1,0.3,up_0.1to0.6_r0
23.28,0.6,0.1,0.3,up_0.1to0.6_r0
23.3,0.6,0.1,0.3,up_0.1to0.6_r0
23.32,0.6,0.1,0.3,up_0.1to0.6_r0
23.34,0.6,0.1,0.3,up_0.1to0.6_r0
23.36,0.6,0.1,0.3,up_0.1to0.6_r0
23.38,0.6,0.1,0.3,up_0.1to0.6_r0
23.400000000000002,0.6,0.1,0.3,up_0.1to0.6_r0
23.42,0.6,0.1,0.3,up_0.1to0.6_r0
23.44,0.6,0.1,0.3,up_0.1to0.6_r0
23.46,0.6,0.1,0.3,up_0.1to0.6_r0
23.48,0.6,0.1,0.3,up_0.1to0.6_r0
23.5,0.6,0.1,0.3,up_0.1to0.6_r0
23.52,0.6,0.1,0.3,up_0.1to0.6_r0
23.54,0.6,0.1,0.3,up_0.1to0.6_r0
23.56,0.6,0.1,0.3,up_0.1to0.6_r0
23.580000000000002,0.6,0.1,0.3,up_0.1to0.6_r0
23.6,0.6,0.1,0.3,up_0.1to0.6_r0
23.62,0.6,0.1,0.3,up_0.1to0.6_r0
23.64,0.6,0.1,0.3,up_0.1to0.6_r0
23.66,0.6,0.1,0.3,up_0.1to0.6_r0
23.68,0.6,0.1,0.3,up_0.1to0.6_r0
23.7,0.6,0.1,0.3,up_0.1to0.6_r0
23.72,0.6,0.1,0.3,up_0.1to0.6_r0
23.740000000000002,0.6,0.1,0.3,up_0.1to0.6_r0
23.76,0.6,0.1,0.3,up_0.1to0.6_r0
23.78,0.6,0.1,0.3,up_0.1to0.6_r0
23.8,0.6,0.1,0.3,up_0.1to0.6_r0
23.82,0.6,0.1,0.3,up_0.1to0.6_r0
23.84,0.6,0.1,0.3,up_0.1to0.6_r0
23.86,0.6,0.1,0.3,up_0.1to0.6_r0
23.88,0.6,0.1,0.3,up_0.1to0.6_r0
23.900000000000002,0.6,0.1,0.3,up_0.1to0.6_r0
23.92,0.6,0.1,0.3,up_0.1to0.6_r0
23.94,0.6,0.1,0.3,up_0.1to0.6_r0
23.96,0.6,0.1,0.3,up_0.1to0.6_r0
23.98,0.6,0.1,0.3,up_0.1to0.6_r0
24.0,0.6,0.1,0.3,up_0.1to0.6_r0
24.02,0.6,0.1,0.3,up_0.1to0.6_r0
24.04,0.6,0.1,0.3,up_0.1to0.6_r0
24.060000000000002,0.6,0.1,0.3,up_0.1to0.6_r0
24.080000000000002,0.6,0.1,0.3,up_0.1to0.6_r0
24.1,0.6,0.1,0.3,up_0.1to0.6_r0
24.12,0.6,0.1,0.3,up_0.1to0.6_r0
24.14,0.6,0.1,0.3,up_0.1to0.6_r0
24.16,0.6,0.1,0.3,up_0.1to0.6_r0
24.18,0.6,0.1,0.3,up_0.1to0.6_r0
24.2,0.6,0.1,0.3,up_0.1to0.6_r0
24.22,0.6,0.1,0.3,up_0.1to0.6_r0
24.240000000000002,0.6,0.1,0.3,up_0.1to0.6_r0
24.26,0.6,0.1,0.3,up_0.1to0.6_r0
24.28,0.6,0.1,0.3,up_0.1to0.6_r0
24.3,0.6,0.1,0.3,up_0.1to0.6_r0
24.32,0.6,0.1,0.3,up_0.1to0.6_r0
24.34,0.6,0.1,0.3,up_0.1to0.6_r0
24.36,0.6,0.1,0.3,up_0.1to0.6_r0
24.38,0.6,0.1,0.3,up_0.1to0.6_r0
24.400000000000002,0.6,0.1,0.3,up_0.1to0.6_r0
24.42,0.6,0.1,0.3,up_0.1to0.6_r0
24.44,0.6,0.1,0.3,up_0.1to0.6_r0
24.46,0.6,0.1,0.3,up_0.1to0.6_r0
24.48,0.6,0.1,0.3,up_0.1to0.6_r0
24.5,0.6,0.1,0.3,pre
24.52,0.6,0.1,0.3,pre
24.54,0.6,0.1,0.3,pre
24.560000000000002,0.6,0.1,0.3,pre
24.580000000000002,0.6,0.1,0.3,pre
24.6,0.6,0.1,0.3,pre
24.62,0.6,0.1,0.3,pre
24.64,0.6,0.1,0.3,pre
24.66,0.6,0.1,0.3,pre
24.68,0.6,0.1,0.3,pre
24.7,0.6,0.1,0.3,pre
24.72,0.6,0.1,0.3,pre
24.740000000000002,0.6,0.1,0.3,pre
24.76,0.6,0.1,0.3,pre
24.78,0.6,0.1,0.3,pre
24.8,0.6,0.1,0.3,pre
24.82,0.6,0.1,0.3,pre
24.84,0.6,0.1,0.3,pre
24.86,0.6,0.1,0.3,pre
24.88,0.6,0.1,0.3,pre
24.900000000000002,0.6,0.1,0.3,pre
24.92,0.6,0.1,0.3,pre
24.94,0.6,0.1,0.3,pre
24.96,0.6,0.1,0.3,pre
24.98,0.6,0.1,0.3,pre
25.0,0.6,0.1,0.3,pre
25.02,0.6,0.1,0.3,pre
25.04,0.6,0.1,0.3,pre
25.060000000000002,0.6,0.1,0.3,pre
25.080000000000002,0.6,0.1,0.3,pre
25.1,0.6,0.1,0.3,pre
25.12,0.6,0.1,0.3,pre
25.14,0.6,0.1,0.3,pre
25.16,0.6,0.1,0.3,pre
25.18,0.6,0.1,0.3,pre
25.2,0.6,0.1,0.3,pre
25.22,0.6,0.1,0.3,pre
25.240000000000002,0.6,0.1,0.3,pre
25.26,0.6,0.1,0.3,pre
25.28,0.6,0.1,0.3,pre
25.3,0.6,0.1,0.3,pre
25.32,0.6,0.1,0.3,pre
25.34,0.6,0.1,0.3,pre
25.36,0.6,0.1,0.3,pre
25.38,0.6,0.1,0.3,pre
25.400000000000002,0.6,0.1,0.3,pre
25.42,0.6,0.1,0.3,pre
25.44,0.6,0.1,0.3,pre
25.46,0.6,0.1,0.3,pre
25.48,0.6,0.1,0.3,pre
25.5,0.6,0.1,0.3,pre
25.52,0.6,0.1,0.3,pre
25.54,0.6,0.1,0.3,pre
25.560000000000002,0.6,0.1,0.3,pre
25.580000000000002,0.6,0.1,0.3,pre
25.6,0.6,0.1,0.3,pre
25.62,0.6,0.1,0.3,pre
25.64,0.6,0.1,0.3,pre
25.66,0.6,0.1,0.3,pre
25.68,0.6,0.1,0.3,pre
25.7,0.6,0.1,0.3,pre
25.72,0.6,0.1,0.3,pre
25.740000000000002,0.6,0.1,0.3,pre
25.76,0.6,0.1,0.3,pre
25.78,0.6,0.1,0.3,pre
25.8,0.6,0.1,0.3,pre
25.82,0.6,0.1,0.3,pre
25.84,0.6,0.1,0.3,pre
25.86,0.6,0.1,0.3,pre
25.88,0.6,0.1,0.3,pre
25.900000000000002,0.6,0.1,0.3,pre
25.92,0.6,0.1,0.3,pre
25.94,0.6,0.1,0.3,pre
25.96,0.6,0.1,0.3,pre
25.98,0.6,0.1,0.3,pre
26.0,0.6,0.1,0.3,pre
26.02,0.6,0.1,0.3,pre
26.04,0.6,0.1,0.3,pre
26.060000000000002,0.6,0.1,0.3,pre
26.080000000000002,0.6,0.1,0.3,pre
26.1,0.6,0.1,0.3,pre
26.12,0.6,0.1,0.3,pre
26.14,0.6,0.1,0.3,pre
26.16,0.6,0.1,0.3,pre
26.18,0.6,0.1,0.3,pre
26.2,0.6,0.1,0.3,pre
26.22,0.6,0.1,0.3,pre
26.240000000000002,0.6,0.1,0.3,pre
26.26,0.6,0.1,0.3,pre
26.28,0.6,0.1,0.3,pre
26.3,0.6,0.1,0.3,pre
26.32,0.6,0.1,0.3,pre
26.34,0.6,0.1,0.3,pre
26.36,0.6,0.1,0.3,pre
26.38,0.6,0.1,0.3,pre
26.400000000000002,0.6,0.1,0.3,pre
26.42,0.6,0.1,0.3,pre
26.44,0.6,0.1,0.3,pre
26.46,0.6,0.1,0.3,pre
26.48,0.6,0.1,0.3,pre
26.5,0.6,0.1,0.3,pre
26.52,0.6,0.1,0.3,pre
26.54,0.6,0.1,0.3,pre
26.560000000000002,0.6,0.1,0.3,pre
26.580000000000002,0.6,0.1,0.3,pre
26.6,0.6,0.1,0.3,pre
26.62,0.6,0.1,0.3,pre
26.64,0.6,0.1,0.3,pre
26.66,0.6,0.1,0.3,pre
26.68,0.6,0.1,0.3,pre
26.7,0.6,0.1,0.3,pre
26.72,0.6,0.1,0.3,pre
26.740000000000002,0.6,0.1,0.3,pre
26.76,0.6,0.1,0.3,pre
26.78,0.6,0.1,0.3,pre
26.8,0.6,0.1,0.3,pre
26.82,0.6,0.1,0.3,pre
26.84,0.6,0.1,0.3,pre
26.86,0.6,0.1,0.3,pre
26.88,0.6,0.1,0.3,pre
26.900000000000002,0.6,0.1,0.3,pre
26.92,0.6,0.1,0.3,pre
26.94,0.6,0.1,0.3,pre
26.96,0.6,0.1,0.3,pre
26.98,0.6,0.1,0.3,pre
27.0,0.6,0.1,0.3,pre
27.02,0.6,0.1,0.3,pre
27.04,0.6,0.1,0.3,pre
27.060000000000002,0.6,0.1,0.3,pre
27.080000000000002,0.6,0.1,0.3,pre
27.1,0.6,0.1,0.3,pre
27.12,0.6,0.1,0.3,pre
27.14,0.6,0.1,0.3,pre
27.16,0.6,0.1,0.3,pre
27.18,0.6,0.1,0.3,pre
27.2,0.6,0.1,0.3,pre
27.22,0.6,0.1,0.3,pre
27.240000000000002,0.6,0.1,0.3,pre
27.26,0.6,0.1,0.3,pre
27.28,0.6,0.1,0.3,pre
27.3,0.6,0.1,0.3,pre
27.32,0.6,0.1,0.3,pre
27.34,0.6,0.1,0.3,pre
27.36,0.6,0.1,0.3,pre
27.38,0.6,0.1,0.3,pre
27.400000000000002,0.6,0.1,0.3,pre
27.42,0.6,0.1,0.3,pre
27.44,0.6,0.1,0.3,pre
27.46,0.6,0.1,0.3,pre
27.48,0.6,0.1,0.3,pre
27.5,0.0,0.1,0.3,down_0.6to0.0_r0
27.52,0.0,0.1,0.3,down_0.6to0.0_r0
27.54,0.0,0.1,0.3,down_0.6to0.0_r0
27.560000000000002,0.0,0.1,0.3,down_0.6to0.0_r0
27.580000000000002,0.0,0.1,0.3,down_0.6to0.0_r0
27.6,0.0,0.1,0.3,down_0.6to0.0_r0
27.62,0.0,0.1,0.3,down_0.6to0.0_r0
27.64,0.0,0.1,0.3,down_0.6to0.0_r0
27.66,0.0,0.1,0.3,down_0.6to0.0_r0
27.68,0.0,0.1,0.3,down_0.6to0.0_r0
27.7,0.0,0.1,0.3,down_0.6to0.0_r0
27.72,0.0,0.1,0.3,down_0.6to0.0_r0
27.740000000000002,0.0,0.1,0.3,down_0.6to0.0_r0
27.76,0.0,0.1,0.3,down_0.6to0.0_r0
27.78,0.0,0.1,0.3,down_0.6to0.0_r0
27.8,0.0,0.1,0.3,down_0.6to0.0_r0
27.82,0.0,0.1,0.3,down_0.6to0.0_r0
27.84,0.0,0.1,0.3,down_0.6to0.0_r0
27.86,0.0,0.1,0.3,down_0.6to0.0_r0
27.88,0.0,0.1,0.3,down_0.6to0.0_r0
27.900000000000002,0.0,0.1,0.3,down_0.6to0.0_r0
27.92,0.0,0.1,0.3,down_0.6to0.0_r0
27.94,0.0,0.1,0.3,down_0.6to0.0_r0
27.96,0.0,0.1,0.3,down_0.6to0.0_r0
27.98,0.0,0.1,0.3,down_0.6to0.0_r0
28.0,0.0,0.1,0.3,down_0.6to0.0_r0
28.02,0.0,0.1,0.3,down_0.6to0.0_r0
28.04,0.0,0.1,0.3,down_0.6to0.0_r0
28.060000000000002,0.0,0.1,0.3,down_0.6to0.0_r0
28.080000000000002,0.0,0.1,0.3,down_0.6to0.0_r0
28.1,0.0,0.1,0.3,down_0.6to0.0_r0
28.12,0.0,0.1,0.3,down_0.6to0.0_r0
28.14,0.0,0.1,0.3,down_0.6to0.0_r0
28.16,0.0,0.1,0.3,down_0.6to0.0_r0
28.18,0.0,0.1,0.3,down_0.6to0.0_r0
28.2,0.0,0.1,0.3,down_0.6to0.0_r0
28.22,0.0,0.1,0.3,down_0.6to0.0_r0
28.240000000000002,0.0,0.1,0.3,down_0.6to0.0_r0
28.26,0.0,0.1,0.3,down_0.6to0.0_r0
28.28,0.0,0.1,0.3,down_0.6to0.0_r0
28.3,0.0,0.1,0.3,down_0.6to0.0_r0
28.32,0.0,0.1,0.3,down_0.6to0.0_r0
28.34,0.0,0.1,0.3,down_0.6to0.0_r0
28.36,0.0,0.1,0.3,down_0.6to0.0_r0
28.38,0.0,0.1,0.3,down_0.6to0.0_r0
28.400000000000002,0.0,0.1,0.3,down_0.6to0.0_r0
28.42,0.0,0.1,0.3,down_0.6to0.0_r0
28.44,0.0,0.1,0.3,down_0.6to0.0_r0
28.46,0.0,0.1,0.3,down_0.6to0.0_r0
28.48,0.0,0.1,0.3,down_0.6to0.0_r0
28.5,0.0,0.1,0.3,down_0.6to0.0_r0
28.52,0.0,0.1,0.3,down_0.6to0.0_r0
28.54,0.0,0.1,0.3,down_0.6to0.0_r0
28.560000000000002,0.0,0.1,0.3,down_0.6to0.0_r0
28.580000000000002,0.0,0.1,0.3,down_0.6to0.0_r0
28.6,0.0,0.1,0.3,down_0.6to0.0_r0
28.62,0.0,0.1,0.3,down_0.6to0.0_r0
28.64,0.0,0.1,0.3,down_0.6to0.0_r0
28.66,0.0,0.1,0.3,down_0.6to0.0_r0
28.68,0.0,0.1,0.3,down_0.6to0.0_r0
28.7,0.0,0.1,0.3,down_0.6to0.0_r0
28.72,0.0,0.1,0.3,down_0.6to0.0_r0
28.740000000000002,0.0,0.1,0.3,down_0.6to0.0_r0
28.76,0.0,0.1,0.3,down_0.6to0.0_r0
28.78,0.0,0.1,0.3,down_0.6to0.0_r0
28.8,0.0,0.1,0.3,down_0.6to0.0_r0
28.82,0.0,0.1,0.3,down_0.6to0.0_r0
28.84,0.0,0.1,0.3,down_0.6to0.0_r0
28.86,0.0,0.1,0.3,down_0.6to0.0_r0
28.88,0.0,0.1,0.3,down_0.6to0.0_r0
28.900000000000002,0.0,0.1,0.3,down_0.6to0.0_r0
28.92,0.0,0.1,0.3,down_0.6to0.0_r0
28.94,0.0,0.1,0.3,down_0.6to0.0_r0
28.96,0.0,0.1,0.3,down_0.6to0.0_r0
28.98,0.0,0.1,0.3,down_0.6to0.0_r0
29.0,0.0,0.1,0.3,down_0.6to0.0_r0
29.02,0.0,0.1,0.3,down_0.6to0.0_r0
29.04,0.0,0.1,0.3,down_0.6to0.0_r0
29.060000000000002,0.0,0.1,0.3,down_0.6to0.0_r0
29.080000000000002,0.0,0.1,0.3,down_0.6to0.0_r0
29.1,0.0,0.1,0.3,down_0.6to0.0_r0
29.12,0.0,0.1,0.3,down_0.6to0.0_r0
29.14,0.0,0.1,0.3,down_0.6to0.0_r0
29.16,0.0,0.1,0.3,down_0.6to0.0_r0
29.18,0.0,0.1,0.3,down_0.6to0.0_r0
29.2,0.0,0.1,0.3,down_0.6to0.0_r0
29.22,0.0,0.1,0.3,down_0.6to0.0_r0
29.240000000000002,0.0,0.1,0.3,down_0.6to0.0_r0
29.26,0.0,0.1,0.3,down_0.6to0.0_r0
29.28,0.0,0.1,0.3,down_0.6to0.0_r0
29.3,0.0,0.1,0.3,down_0.6to0.0_r0
29.32,0.0,0.1,0.3,down_0.6to0.0_r0
29.34,0.0,0.1,0.3,down_0.6to0.0_r0
29.36,0.0,0.1,0.3,down_0.6to0.0_r0
29.38,0.0,0.1,0.3,down_0.6to0.0_r0
29.400000000000002,0.0,0.1,0.3,down_0.6to0.0_r0
29.42,0.0,0.1,0.3,down_0.6to0.0_r0
29.44,0.0,0.1,0.3,down_0.6to0.0_r0
29.46,0.0,0.1,0.3,down_0.6to0.0_r0
29.48,0.0,0.1,0.3,down_0.6to0.0_r0
29.5,0.6,0.1,0.3,pre
29.52,0.6,0.1,0.3,pre
29.54,0.6,0.1,0.3,pre
29.560000000000002,0.6,0.1,0.3,pre
29.580000000000002,0.6,0.1,0.3,pre
29.6,0.6,0.1,0.3,pre
29.62,0.6,0.1,0.3,pre
29.64,0.6,0.1,0.3,pre
29.66,0.6,0.1,0.3,pre
29.68,0.6,0.1,0.3,pre
29.7,0.6,0.1,0.3,pre
29.72,0.6,0.1,0.3,pre
29.740000000000002,0.6,0.1,0.3,pre
29.76,0.6,0.1,0.3,pre
29.78,0.6,0.1,0.3,pre
29.8,0.6,0.1,0.3,pre
29.82,0.6,0.1,0.3,pre
29.84,0.6,0.1,0.3,pre
29.86,0.6,0.1,0.3,pre
29.88,0.6,0.1,0.3,pre
29.900000000000002,0.6,0.1,0.3,pre
29.92,0.6,0.1,0.3,pre
29.94,0.6,0.1,0.3,pre
29.96,0.6,0.1,0.3,pre
29.98,0.6,0.1,0.3,pre
30.0,0.6,0.1,0.3,pre
30.02,0.6,0.1,0.3,pre
30.04,0.6,0.1,0.3,pre
30.060000000000002,0.6,0.1,0.3,pre
30.080000000000002,0.6,0.1,0.3,pre
30.1,0.6,0.1,0.3,pre
30.12,0.6,0.1,0.3,pre
30.14,0.6,0.1,0.3,pre
30.16,0.6,0.1,0.3,pre
30.18,0.6,0.1,0.3,pre
30.2,0.6,0.1,0.3,pre
30.22,0.6,0.1,0.3,pre
30.240000000000002,0.6,0.1,0.3,pre
30.26,0.6,0.1,0.3,pre
30.28,0.6,0.1,0.3,pre
30.3,0.6,0.1,0.3,pre
30.32,0.6,0.1,0.3,pre
30.34,0.6,0.1,0.3,pre
30.36,0.6,0.1,0.3,pre
30.38,0.6,0.1,0.3,pre
30.400000000000002,0.6,0.1,0.3,pre
30.42,0.6,0.1,0.3,pre
30.44,0.6,0.1,0.3,pre
30.46,0.6,0.1,0.3,pre
30.48,0.6,0.1,0.3,pre
30.5,0.6,0.1,0.3,pre
30.52,0.6,0.1,0.3,pre
30.54,0.6,0.1,0.3,pre
30.560000000000002,0.6,0.1,0.3,pre
30.580000000000002,0.6,0.1,0.3,pre
30.6,0.6,0.1,0.3,pre
30.62,0.6,0.1,0.3,pre
30.64,0.6,0.1,0.3,pre
30.66,0.6,0.1,0.3,pre
30.68,0.6,0.1,0.3,pre
30.7,0.6,0.1,0.3,pre
30.72,0.6,0.1,0.3,pre
30.740000000000002,0.6,0.1,0.3,pre
30.76,0.6,0.1,0.3,pre
30.78,0.6,0.1,0.3,pre
30.8,0.6,0.1,0.3,pre
30.82,0.6,0.1,0.3,pre
30.84,0.6,0.1,0.3,pre
30.86,0.6,0.1,0.3,pre
30.88,0.6,0.1,0.3,pre
30.900000000000002,0.6,0.1,0.3,pre
30.92,0.6,0.1,0.3,pre
30.94,0.6,0.1,0.3,pre
30.96,0.6,0.1,0.3,pre
30.98,0.6,0.1,0.3,pre
31.0,0.6,0.1,0.3,pre
31.02,0.6,0.1,0.3,pre
31.04,0.6,0.1,0.3,pre
31.060000000000002,0.6,0.1,0.3,pre
31.080000000000002,0.6,0.1,0.3,pre
31.1,0.6,0.1,0.3,pre
31.12,0.6,0.1,0.3,pre
31.14,0.6,0.1,0.3,pre
31.16,0.6,0.1,0.3,pre
31.18,0.6,0.1,0.3,pre
31.2,0.6,0.1,0.3,pre
31.220000000000002,0.6,0.1,0.3,pre
31.240000000000002,0.6,0.1,0.3,pre
31.26,0.6,0.1,0.3,pre
31.28,0.6,0.1,0.3,pre
31.3,0.6,0.1,0.3,pre
31.32,0.6,0.1,0.3,pre
31.34,0.6,0.1,0.3,pre
31.36,0.6,0.1,0.3,pre
31.38,0.6,0.1,0.3,pre
31.400000000000002,0.6,0.1,0.3,pre
31.42,0.6,0.1,0.3,pre
31.44,0.6,0.1,0.3,pre
31.46,0.6,0.1,0.3,pre
31.48,0.6,0.1,0.3,pre
31.5,0.6,0.1,0.3,pre
31.52,0.6,0.1,0.3,pre
31.54,0.6,0.1,0.3,pre
31.560000000000002,0.6,0.1,0.3,pre
31.580000000000002,0.6,0.1,0.3,pre
31.6,0.6,0.1,0.3,pre
31.62,0.6,0.1,0.3,pre
31.64,0.6,0.1,0.3,pre
31.66,0.6,0.1,0.3,pre
31.68,0.6,0.1,0.3,pre
31.7,0.6,0.1,0.3,pre
31.720000000000002,0.6,0.1,0.3,pre
31.740000000000002,0.6,0.1,0.3,pre
31.76,0.6,0.1,0.3,pre
31.78,0.6,0.1,0.3,pre
31.8,0.6,0.1,0.3,pre
31.82,0.6,0.1,0.3,pre
31.84,0.6,0.1,0.3,pre
31.86,0.6,0.1,0.3,pre
31.88,0.6,0.1,0.3,pre
31.900000000000002,0.6,0.1,0.3,pre
31.92,0.6,0.1,0.3,pre
31.94,0.6,0.1,0.3,pre
31.96,0.6,0.1,0.3,pre
31.98,0.6,0.1,0.3,pre
32.0,0.6,0.1,0.3,pre
32.02,0.6,0.1,0.3,pre
32.04,0.6,0.1,0.3,pre
32.06,0.6,0.1,0.3,pre
32.08,0.6,0.1,0.3,pre
32.1,0.6,0.1,0.3,pre
32.12,0.6,0.1,0.3,pre
32.14,0.6,0.1,0.3,pre
32.160000000000004,0.6,0.1,0.3,pre
32.18,0.6,0.1,0.3,pre
32.2,0.6,0.1,0.3,pre
32.22,0.6,0.1,0.3,pre
32.24,0.6,0.1,0.3,pre
32.26,0.6,0.1,0.3,pre
32.28,0.6,0.1,0.3,pre
32.3,0.6,0.1,0.3,pre
32.32,0.6,0.1,0.3,pre
32.34,0.6,0.1,0.3,pre
32.36,0.6,0.1,0.3,pre
32.38,0.6,0.1,0.3,pre
32.4,0.6,0.1,0.3,pre
32.42,0.6,0.1,0.3,pre
32.44,0.6,0.1,0.3,pre
32.46,0.6,0.1,0.3,pre
32.480000000000004,0.6,0.1,0.3,pre
32.5,0.1,0.1,0.3,down_0.6to0.1_r0
32.52,0.1,0.1,0.3,down_0.6to0.1_r0
32.54,0.1,0.1,0.3,down_0.6to0.1_r0
32.56,0.1,0.1,0.3,down_0.6to0.1_r0
32.58,0.1,0.1,0.3,down_0.6to0.1_r0
32.6,0.1,0.1,0.3,down_0.6to0.1_r0
32.62,0.1,0.1,0.3,down_0.6to0.1_r0
32.64,0.1,0.1,0.3,down_0.6to0.1_r0
32.660000000000004,0.1,0.1,0.3,down_0.6to0.1_r0
32.68,0.1,0.1,0.3,down_0.6to0.1_r0
32.7,0.1,0.1,0.3,down_0.6to0.1_r0
32.72,0.1,0.1,0.3,down_0.6to0.1_r0
32.74,0.1,0.1,0.3,down_0.6to0.1_r0
32.76,0.1,0.1,0.3,down_0.6to0.1_r0
32.78,0.1,0.1,0.3,down_0.6to0.1_r0
32.8,0.1,0.1,0.3,down_0.6to0.1_r0
32.82,0.1,0.1,0.3,down_0.6to0.1_r0
32.84,0.1,0.1,0.3,down_0.6to0.1_r0
32.86,0.1,0.1,0.3,down_0.6to0.1_r0
32.88,0.1,0.1,0.3,down_0.6to0.1_r0
32.9,0.1,0.1,0.3,down_0.6to0.1_r0
32.92,0.1,0.1,0.3,down_0.6to0.1_r0
32.94,0.1,0.1,0.3,down_0.6to0.1_r0
32.96,0.1,0.1,0.3,down_0.6to0.1_r0
32.980000000000004,0.1,0.1,0.3,down_0.6to0.1_r0
33.0,0.1,0.1,0.3,down_0.6to0.1_r0
33.02,0.1,0.1,0.3,down_0.6to0.1_r0
33.04,0.1,0.1,0.3,down_0.6to0.1_r0
33.06,0.1,0.1,0.3,down_0.6to0.1_r0
33.08,0.1,0.1,0.3,down_0.6to0.1_r0
33.1,0.1,0.1,0.3,down_0.6to0.1_r0
33.12,0.1,0.1,0.3,down_0.6to0.1_r0
33.14,0.1,0.1,0.3,down_0.6to0.1_r0
33.160000000000004,0.1,0.1,0.3,down_0.6to0.1_r0
33.18,0.1,0.1,0.3,down_0.6to0.1_r0
33.2,0.1,0.1,0.3,down_0.6to0.1_r0
33.22,0.1,0.1,0.3,down_0.6to0.1_r0
33.24,0.1,0.1,0.3,down_0.6to0.1_r0
33.26,0.1,0.1,0.3,down_0.6to0.1_r0
33.28,0.1,0.1,0.3,down_0.6to0.1_r0
33.3,0.1,0.1,0.3,down_0.6to0.1_r0
33.32,0.1,0.1,0.3,down_0.6to0.1_r0
33.34,0.1,0.1,0.3,down_0.6to0.1_r0
33.36,0.1,0.1,0.3,down_0.6to0.1_r0
33.38,0.1,0.1,0.3,down_0.6to0.1_r0
33.4,0.1,0.1,0.3,down_0.6to0.1_r0
33.42,0.1,0.1,0.3,down_0.6to0.1_r0
33.44,0.1,0.1,0.3,down_0.6to0.1_r0
33.46,0.1,0.1,0.3,down_0.6to0.1_r0
33.480000000000004,0.1,0.1,0.3,down_0.6to0.1_r0
33.5,0.1,0.1,0.3,down_0.6to0.1_r0
33.52,0.1,0.1,0.3,down_0.6to0.1_r0
33.54,0.1,0.1,0.3,down_0.6to0.1_r0
33.56,0.1,0.1,0.3,down_0.6to0.1_r0
33.58,0.1,0.1,0.3,down_0.6to0.1_r0
33.6,0.1,0.1,0.3,down_0.6to0.1_r0
33.62,0.1,0.1,0.3,down_0.6to0.1_r0
33.64,0.1,0.1,0.3,down_0.6to0.1_r0
33.660000000000004,0.1,0.1,0.3,down_0.6to0.1_r0
33.68,0.1,0.1,0.3,down_0.6to0.1_r0
33.7,0.1,0.1,0.3,down_0.6to0.1_r0
33.72,0.1,0.1,0.3,down_0.6to0.1_r0
33.74,0.1,0.1,0.3,down_0.6to0.1_r0
33.76,0.1,0.1,0.3,down_0.6to0.1_r0
33.78,0.1,0.1,0.3,down_0.6to0.1_r0
33.8,0.1,0.1,0.3,down_0.6to0.1_r0
33.82,0.1,0.1,0.3,down_0.6to0.1_r0
33.84,0.1,0.1,0.3,down_0.6to0.1_r0
33.86,0.1,0.1,0.3,down_0.6to0.1_r0
33.88,0.1,0.1,0.3,down_0.6to0.1_r0
33.9,0.1,0.1,0.3,down_0.6to0.1_r0
33.92,0.1,0.1,0.3,down_0.6to0.1_r0
33.94,0.1,0.1,0.3,down_0.6to0.1_r0
33.96,0.1,0.1,0.3,down_0.6to0.1_r0
33.980000000000004,0.1,0.1,0.3,down_0.6to0.1_r0
34.0,0.1,0.1,0.3,down_0.6to0.1_r0
34.02,0.1,0.1,0.3,down_0.6to0.1_r0
34.04,0.1,0.1,0.3,down_0.6to0.1_r0
34.06,0.1,0.1,0.3,down_0.6to0.1_r0
34.08,0.1,0.1,0.3,down_0.6to0.1_r0
34.1,0.1,0.1,0.3,down_0.6to0.1_r0
34.12,0.1,0.1,0.3,down_0.6to0.1_r0
34.14,0.1,0.1,0.3,down_0.6to0.1_r0
34.160000000000004,0.1,0.1,0.3,down_0.6to0.1_r0
34.18,0.1,0.1,0.3,down_0.6to0.1_r0
34.2,0.1,0.1,0.3,down_0.6to0.1_r0
34.22,0.1,0.1,0.3,down_0.6to0.1_r0
34.24,0.1,0.1,0.3,down_0.6to0.1_r0
34.26,0.1,0.1,0.3,down_0.6to0.1_r0
34.28,0.1,0.1,0.3,down_0.6to0.1_r0
34.300000000000004,0.1,0.1,0.3,down_0.6to0.1_r0
34.32,0.1,0.1,0.3,down_0.6to0.1_r0
34.34,0.1,0.1,0.3,down_0.6to0.1_r0
34.36,0.1,0.1,0.3,down_0.6to0.1_r0
34.38,0.1,0.1,0.3,down_0.6to0.1_r0
34.4,0.1,0.1,0.3,down_0.6to0.1_r0
34.42,0.1,0.1,0.3,down_0.6to0.1_r0
34.44,0.1,0.1,0.3,down_0.6to0.1_r0
34.46,0.1,0.1,0.3,down_0.6to0.1_r0
34.480000000000004,0.1,0.1,0.3,down_0.6to0.1_r0
34.5,0.6,0.1,0.3,pre
34.52,0.6,0.1,0.3,pre
34.54,0.6,0.1,0.3,pre
34.56,0.6,0.1,0.3,pre
34.58,0.6,0.1,0.3,pre
34.6,0.6,0.1,0.3,pre
34.62,0.6,0.1,0.3,pre
34.64,0.6,0.1,0.3,pre
34.660000000000004,0.6,0.1,0.3,pre
34.68,0.6,0.1,0.3,pre
34.7,0.6,0.1,0.3,pre
34.72,0.6,0.1,0.3,pre
34.74,0.6,0.1,0.3,pre
34.76,0.6,0.1,0.3,pre
34.78,0.6,0.1,0.3,pre
34.800000000000004,0.6,0.1,0.3,pre
34.82,0.6,0.1,0.3,pre
34.84,0.6,0.1,0.3,pre
34.86,0.6,0.1,0.3,pre
34.88,0.6,0.1,0.3,pre
34.9,0.6,0.1,0.3,pre
34.92,0.6,0.1,0.3,pre
34.94,0.6,0.1,0.3,pre
34.96,0.6,0.1,0.3,pre
34.980000000000004,0.6,0.1,0.3,pre
35.0,0.6,0.1,0.3,pre
35.02,0.6,0.1,0.3,pre
35.04,0.6,0.1,0.3,pre
35.06,0.6,0.1,0.3,pre
35.08,0.6,0.1,0.3,pre
35.1,0.6,0.1,0.3,pre
35.12,0.6,0.1,0.3,pre
35.14,0.6,0.1,0.3,pre
35.160000000000004,0.6,0.1,0.3,pre
35.18,0.6,0.1,0.3,pre
35.2,0.6,0.1,0.3,pre
35.22,0.6,0.1,0.3,pre
35.24,0.6,0.1,0.3,pre
35.26,0.6,0.1,0.3,pre
35.28,0.6,0.1,0.3,pre
35.300000000000004,0.6,0.1,0.3,pre
35.32,0.6,0.1,0.3,pre
35.34,0.6,0.1,0.3,pre
35.36,0.6,0.1,0.3,pre
35.38,0.6,0.1,0.3,pre
35.4,0.6,0.1,0.3,pre
35.42,0.6,0.1,0.3,pre
35.44,0.6,0.1,0.3,pre
35.46,0.6,0.1,0.3,pre
35.480000000000004,0.6,0.1,0.3,pre
35.5,0.6,0.1,0.3,pre
35.52,0.6,0.1,0.3,pre
35.54,0.6,0.1,0.3,pre
35.56,0.6,0.1,0.3,pre
35.58,0.6,0.1,0.3,pre
35.6,0.6,0.1,0.3,pre
35.62,0.6,0.1,0.3,pre
35.64,0.6,0.1,0.3,pre
35.660000000000004,0.6,0.1,0.3,pre
35.68,0.6,0.1,0.3,pre
35.7,0.6,0.1,0.3,pre
35.72,0.6,0.1,0.3,pre
35.74,0.6,0.1,0.3,pre
35.76,0.6,0.1,0.3,pre
35.78,0.6,0.1,0.3,pre
35.800000000000004,0.6,0.1,0.3,pre
35.82,0.6,0.1,0.3,pre
35.84,0.6,0.1,0.3,pre
35.86,0.6,0.1,0.3,pre
35.88,0.6,0.1,0.3,pre
35.9,0.6,0.1,0.3,pre
35.92,0.6,0.1,0.3,pre
35.94,0.6,0.1,0.3,pre
35.96,0.6,0.1,0.3,pre
35.980000000000004,0.6,0.1,0.3,pre
36.0,0.6,0.1,0.3,pre
36.02,0.6,0.1,0.3,pre
36.04,0.6,0.1,0.3,pre
36.06,0.6,0.1,0.3,pre
36.08,0.6,0.1,0.3,pre
36.1,0.6,0.1,0.3,pre
36.12,0.6,0.1,0.3,pre
36.14,0.6,0.1,0.3,pre
36.160000000000004,0.6,0.1,0.3,pre
36.18,0.6,0.1,0.3,pre
36.2,0.6,0.1,0.3,pre
36.22,0.6,0.1,0.3,pre
36.24,0.6,0.1,0.3,pre
36.26,0.6,0.1,0.3,pre
36.28,0.6,0.1,0.3,pre
36.300000000000004,0.6,0.1,0.3,pre
36.32,0.6,0.1,0.3,pre
36.34,0.6,0.1,0.3,pre
36.36,0.6,0.1,0.3,pre
36.38,0.6,0.1,0.3,pre
36.4,0.6,0.1,0.3,pre
36.42,0.6,0.1,0.3,pre
36.44,0.6,0.1,0.3,pre
36.46,0.6,0.1,0.3,pre
36.480000000000004,0.6,0.1,0.3,pre
36.5,0.6,0.1,0.3,pre
36.52,0.6,0.1,0.3,pre
36.54,0.6,0.1,0.3,pre
36.56,0.6,0.1,0.3,pre
36.58,0.6,0.1,0.3,pre
36.6,0.6,0.1,0.3,pre
36.62,0.6,0.1,0.3,pre
36.64,0.6,0.1,0.3,pre
36.660000000000004,0.6,0.1,0.3,pre
36.68,0.6,0.1,0.3,pre
36.7,0.6,0.1,0.3,pre
36.72,0.6,0.1,0.3,pre
36.74,0.6,0.1,0.3,pre
36.76,0.6,0.1,0.3,pre
36.78,0.6,0.1,0.3,pre
36.800000000000004,0.6,0.1,0.3,pre
36.82,0.6,0.1,0.3,pre
36.84,0.6,0.1,0.3,pre
36.86,0.6,0.1,0.3,pre
36.88,0.6,0.1,0.3,pre
36.9,0.6,0.1,0.3,pre
36.92,0.6,0.1,0.3,pre
36.94,0.6,0.1,0.3,pre
36.96,0.6,0.1,0.3,pre
36.980000000000004,0.6,0.1,0.3,pre
37.0,0.6,0.1,0.3,pre
37.02,0.6,0.1,0.3,pre
37.04,0.6,0.1,0.3,pre
37.06,0.6,0.1,0.3,pre
37.08,0.6,0.1,0.3,pre
37.1,0.6,0.1,0.3,pre
37.12,0.6,0.1,0.3,pre
37.14,0.6,0.1,0.3,pre
37.160000000000004,0.6,0.1,0.3,pre
37.18,0.6,0.1,0.3,pre
37.2,0.6,0.1,0.3,pre
37.22,0.6,0.1,0.3,pre
37.24,0.6,0.1,0.3,pre
37.26,0.6,0.1,0.3,pre
37.28,0.6,0.1,0.3,pre
37.300000000000004,0.6,0.1,0.3,pre
37.32,0.6,0.1,0.3,pre
37.34,0.6,0.1,0.3,pre
37.36,0.6,0.1,0.3,pre
37.38,0.6,0.1,0.3,pre
37.4,0.6,0.1,0.3,pre
37.42,0.6,0.1,0.3,pre
37.44,0.6,0.1,0.3,pre
37.46,0.6,0.1,0.3,pre
37.480000000000004,0.6,0.1,0.3,pre
37.5,0.3,0.1,0.3,down_0.6to0.3_r0
37.52,0.3,0.1,0.3,down_0.6to0.3_r0
37.54,0.3,0.1,0.3,down_0.6to0.3_r0
37.56,0.3,0.1,0.3,down_0.6to0.3_r0
37.58,0.3,0.1,0.3,down_0.6to0.3_r0
37.6,0.3,0.1,0.3,down_0.6to0.3_r0
37.62,0.3,0.1,0.3,down_0.6to0.3_r0
37.64,0.3,0.1,0.3,down_0.6to0.3_r0
37.660000000000004,0.3,0.1,0.3,down_0.6to0.3_r0
37.68,0.3,0.1,0.3,down_0.6to0.3_r0
37.7,0.3,0.1,0.3,down_0.6to0.3_r0
37.72,0.3,0.1,0.3,down_0.6to0.3_r0
37.74,0.3,0.1,0.3,down_0.6to0.3_r0
37.76,0.3,0.1,0.3,down_0.6to0.3_r0
37.78,0.3,0.1,0.3,down_0.6to0.3_r0
37.800000000000004,0.3,0.1,0.3,down_0.6to0.3_r0
37.82,0.3,0.1,0.3,down_0.6to0.3_r0
37.84,0.3,0.1,0.3,down_0.6to0.3_r0
37.86,0.3,0.1,0.3,down_0.6to0.3_r0
37.88,0.3,0.1,0.3,down_0.6to0.3_r0
37.9,0.3,0.1,0.3,down_0.6to0.3_r0
37.92,0.3,0.1,0.3,down_0.6to0.3_r0
37.94,0.3,0.1,0.3,down_0.6to0.3_r0
37.96,0.3,0.1,0.3,down_0.6to0.3_r0
37.980000000000004,0.3,0.1,0.3,down_0.6to0.3_r0
38.0,0.3,0.1,0.3,down_0.6to0.3_r0
38.02,0.3,0.1,0.3,down_0.6to0.3_r0
38.04,0.3,0.1,0.3,down_0.6to0.3_r0
38.06,0.3,0.1,0.3,down_0.6to0.3_r0
38.08,0.3,0.1,0.3,down_0.6to0.3_r0
38.1,0.3,0.1,0.3,down_0.6to0.3_r0
38.12,0.3,0.1,0.3,down_0.6to0.3_r0
38.14,0.3,0.1,0.3,down_0.6to0.3_r0
38.160000000000004,0.3,0.1,0.3,down_0.6to0.3_r0
38.18,0.3,0.1,0.3,down_0.6to0.3_r0
38.2,0.3,0.1,0.3,down_0.6to0.3_r0
38.22,0.3,0.1,0.3,down_0.6to0.3_r0
38.24,0.3,0.1,0.3,down_0.6to0.3_r0
38.26,0.3,0.1,0.3,down_0.6to0.3_r0
38.28,0.3,0.1,0.3,down_0.6to0.3_r0
38.300000000000004,0.3,0.1,0.3,down_0.6to0.3_r0
38.32,0.3,0.1,0.3,down_0.6to0.3_r0
38.34,0.3,0.1,0.3,down_0.6to0.3_r0
38.36,0.3,0.1,0.3,down_0.6to0.3_r0
38.38,0.3,0.1,0.3,down_0.6to0.3_r0
38.4,0.3,0.1,0.3,down_0.6to0.3_r0
38.42,0.3,0.1,0.3,down_0.6to0.3_r0
38.44,0.3,0.1,0.3,down_0.6to0.3_r0
38.46,0.3,0.1,0.3,down_0.6to0.3_r0
38.480000000000004,0.3,0.1,0.3,down_0.6to0.3_r0
38.5,0.3,0.1,0.3,down_0.6to0.3_r0
38.52,0.3,0.1,0.3,down_0.6to0.3_r0
38.54,0.3,0.1,0.3,down_0.6to0.3_r0
38.56,0.3,0.1,0.3,down_0.6to0.3_r0
38.58,0.3,0.1,0.3,down_0.6to0.3_r0
38.6,0.3,0.1,0.3,down_0.6to0.3_r0
38.62,0.3,0.1,0.3,down_0.6to0.3_r0
38.64,0.3,0.1,0.3,down_0.6to0.3_r0
38.660000000000004,0.3,0.1,0.3,down_0.6to0.3_r0
38.68,0.3,0.1,0.3,down_0.6to0.3_r0
38.7,0.3,0.1,0.3,down_0.6to0.3_r0
38.72,0.3,0.1,0.3,down_0.6to0.3_r0
38.74,0.3,0.1,0.3,down_0.6to0.3_r0
38.76,0.3,0.1,0.3,down_0.6to0.3_r0
38.78,0.3,0.1,0.3,down_0.6to0.3_r0
38.800000000000004,0.3,0.1,0.3,down_0.6to0.3_r0
38.82,0.3,0.1,0.3,down_0.6to0.3_r0
38.84,0.3,0.1,0.3,down_0.6to0.3_r0
38.86,0.3,0.1,0.3,down_0.6to0.3_r0
38.88,0.3,0.1,0.3,down_0.6to0.3_r0
38.9,0.3,0.1,0.3,down_0.6to0.3_r0
38.92,0.3,0.1,0.3,down_0.6to0.3_r0
38.94,0.3,0.1,0.3,down_0.6to0.3_r0
38.96,0.3,0.1,0.3,down_0.6to0.3_r0
38.980000000000004,0.3,0.1,0.3,down_0.6to0.3_r0
39.0,0.3,0.1,0.3,down_0.6to0.3_r0
39.02,0.3,0.1,0.3,down_0.6to0.3_r0
39.04,0.3,0.1,0.3,down_0.6to0.3_r0
39.06,0.3,0.1,0.3,down_0.6to0.3_r0
39.08,0.3,0.1,0.3,down_0.6to0.3_r0
39.1,0.3,0.1,0.3,down_0.6to0.3_r0
39.12,0.3,0.1,0.3,down_0.6to0.3_r0
39.14,0.3,0.1,0.3,down_0.6to0.3_r0
39.160000000000004,0.3,0.1,0.3,down_0.6to0.3_r0
39.18,0.3,0.1,0.3,down_0.6to0.3_r0
39.2,0.3,0.1,0.3,down_0.6to0.3_r0
39.22,0.3,0.1,0.3,down_0.6to0.3_r0
39.24,0.3,0.1,0.3,down_0.6to0.3_r0
39.26,0.3,0.1,0.3,down_0.6to0.3_r0
39.28,0.3,0.1,0.3,down_0.6to0.3_r0
39.300000000000004,0.3,0.1,0.3,down_0.6to0.3_r0
39.32,0.3,0.1,0.3,down_0.6to0.3_r0
39.34,0.3,0.1,0.3,down_0.6to0.3_r0
39.36,0.3,0.1,0.3,down_0.6to0.3_r0
39.38,0.3,0.1,0.3,down_0.6to0.3_r0
39.4,0.3,0.1,0.3,down_0.6to0.3_r0
39.42,0.3,0.1,0.3,down_0.6to0.3_r0
39.44,0.3,0.1,0.3,down_0.6to0.3_r0
39.46,0.3,0.1,0.3,down_0.6to0.3_r0
39.480000000000004,0.3,0.1,0.3,down_0.6to0.3_r0
39.5,0.1,0.1,0.3,pre
39.52,0.1,0.1,0.3,pre
39.54,0.1,0.1,0.3,pre
39.56,0.1,0.1,0.3,pre
39.58,0.1,0.1,0.3,pre
39.6,0.1,0.1,0.3,pre
39.62,0.1,0.1,0.3,pre
39.64,0.1,0.1,0.3,pre
39.660000000000004,0.1,0.1,0.3,pre
39.68,0.1,0.1,0.3,pre
39.7,0.1,0.1,0.3,pre
39.72,0.1,0.1,0.3,pre
39.74,0.1,0.1,0.3,pre
39.76,0.1,0.1,0.3,pre
39.78,0.1,0.1,0.3,pre
39.800000000000004,0.1,0.1,0.3,pre
39.82,0.1,0.1,0.3,pre
39.84,0.1,0.1,0.3,pre
39.86,0.1,0.1,0.3,pre
39.88,0.1,0.1,0.3,pre
39.9,0.1,0.1,0.3,pre
39.92,0.1,0.1,0.3,pre
39.94,0.1,0.1,0.3,pre
39.96,0.1,0.1,0.3,pre
39.980000000000004,0.1,0.1,0.3,pre
40.0,0.1,0.1,0.3,pre
40.02,0.1,0.1,0.3,pre
40.04,0.1,0.1,0.3,pre
40.06,0.1,0.1,0.3,pre
40.08,0.1,0.1,0.3,pre
40.1,0.1,0.1,0.3,pre
40.12,0.1,0.1,0.3,pre
40.14,0.1,0.1,0.3,pre
40.160000000000004,0.1,0.1,0.3,pre
40.18,0.1,0.1,0.3,pre
40.2,0.1,0.1,0.3,pre
40.22,0.1,0.1,0.3,pre
40.24,0.1,0.1,0.3,pre
40.26,0.1,0.1,0.3,pre
40.28,0.1,0.1,0.3,pre
40.300000000000004,0.1,0.1,0.3,pre
40.32,0.1,0.1,0.3,pre
40.34,0.1,0.1,0.3,pre
40.36,0.1,0.1,0.3,pre
40.38,0.1,0.1,0.3,pre
40.4,0.1,0.1,0.3,pre
40.42,0.1,0.1,0.3,pre
40.44,0.1,0.1,0.3,pre
40.46,0.1,0.1,0.3,pre
40.480000000000004,0.1,0.1,0.3,pre
40.5,0.1,0.1,0.3,pre
40.52,0.1,0.1,0.3,pre
40.54,0.1,0.1,0.3,pre
40.56,0.1,0.1,0.3,pre
40.58,0.1,0.1,0.3,pre
40.6,0.1,0.1,0.3,pre
40.62,0.1,0.1,0.3,pre
40.64,0.1,0.1,0.3,pre
40.660000000000004,0.1,0.1,0.3,pre
40.68,0.1,0.1,0.3,pre
40.7,0.1,0.1,0.3,pre
40.72,0.1,0.1,0.3,pre
40.74,0.1,0.1,0.3,pre
40.76,0.1,0.1,0.3,pre
40.78,0.1,0.1,0.3,pre
40.800000000000004,0.1,0.1,0.3,pre
40.82,0.1,0.1,0.3,pre
40.84,0.1,0.1,0.3,pre
40.86,0.1,0.1,0.3,pre
40.88,0.1,0.1,0.3,pre
40.9,0.1,0.1,0.3,pre
40.92,0.1,0.1,0.3,pre
40.94,0.1,0.1,0.3,pre
40.96,0.1,0.1,0.3,pre
40.980000000000004,0.1,0.1,0.3,pre
41.0,0.3,0.1,0.3,up_0.1to0.3_r1
41.02,0.3,0.1,0.3,up_0.1to0.3_r1
41.04,0.3,0.1,0.3,up_0.1to0.3_r1
41.06,0.3,0.1,0.3,up_0.1to0.3_r1
41.08,0.3,0.1,0.3,up_0.1to0.3_r1
41.1,0.3,0.1,0.3,up_0.1to0.3_r1
41.12,0.3,0.1,0.3,up_0.1to0.3_r1
41.14,0.3,0.1,0.3,up_0.1to0.3_r1
41.160000000000004,0.3,0.1,0.3,up_0.1to0.3_r1
41.18,0.3,0.1,0.3,up_0.1to0.3_r1
41.2,0.3,0.1,0.3,up_0.1to0.3_r1
41.22,0.3,0.1,0.3,up_0.1to0.3_r1
41.24,0.3,0.1,0.3,up_0.1to0.3_r1
41.26,0.3,0.1,0.3,up_0.1to0.3_r1
41.28,0.3,0.1,0.3,up_0.1to0.3_r1
41.300000000000004,0.3,0.1,0.3,up_0.1to0.3_r1
41.32,0.3,0.1,0.3,up_0.1to0.3_r1
41.34,0.3,0.1,0.3,up_0.1to0.3_r1
41.36,0.3,0.1,0.3,up_0.1to0.3_r1
41.38,0.3,0.1,0.3,up_0.1to0.3_r1
41.4,0.3,0.1,0.3,up_0.1to0.3_r1
41.42,0.3,0.1,0.3,up_0.1to0.3_r1
41.44,0.3,0.1,0.3,up_0.1to0.3_r1
41.46,0.3,0.1,0.3,up_0.1to0.3_r1
41.480000000000004,0.3,0.1,0.3,up_0.1to0.3_r1
41.5,0.3,0.1,0.3,up_0.1to0.3_r1
41.52,0.3,0.1,0.3,up_0.1to0.3_r1
41.54,0.3,0.1,0.3,up_0.1to0.3_r1
41.56,0.3,0.1,0.3,up_0.1to0.3_r1
41.58,0.3,0.1,0.3,up_0.1to0.3_r1
41.6,0.3,0.1,0.3,up_0.1to0.3_r1
41.62,0.3,0.1,0.3,up_0.1to0.3_r1
41.64,0.3,0.1,0.3,up_0.1to0.3_r1
41.660000000000004,0.3,0.1,0.3,up_0.1to0.3_r1
41.68,0.3,0.1,0.3,up_0.1to0.3_r1
41.7,0.3,0.1,0.3,up_0.1to0.3_r1
41.72,0.3,0.1,0.3,up_0.1to0.3_r1
41.74,0.3,0.1,0.3,up_0.1to0.3_r1
41.76,0.3,0.1,0.3,up_0.1to0.3_r1
41.78,0.3,0.1,0.3,up_0.1to0.3_r1
41.800000000000004,0.3,0.1,0.3,up_0.1to0.3_r1
41.82,0.3,0.1,0.3,up_0.1to0.3_r1
41.84,0.3,0.1,0.3,up_0.1to0.3_r1
41.86,0.3,0.1,0.3,up_0.1to0.3_r1
41.88,0.3,0.1,0.3,up_0.1to0.3_r1
41.9,0.3,0.1,0.3,up_0.1to0.3_r1
41.92,0.3,0.1,0.3,up_0.1to0.3_r1
41.94,0.3,0.1,0.3,up_0.1to0.3_r1
41.96,0.3,0.1,0.3,up_0.1to0.3_r1
41.980000000000004,0.3,0.1,0.3,up_0.1to0.3_r1
42.0,0.3,0.1,0.3,up_0.1to0.3_r1
42.02,0.3,0.1,0.3,up_0.1to0.3_r1
42.04,0.3,0.1,0.3,up_0.1to0.3_r1
42.06,0.3,0.1,0.3,up_0.1to0.3_r1
42.08,0.3,0.1,0.3,up_0.1to0.3_r1
42.1,0.3,0.1,0.3,up_0.1to0.3_r1
42.12,0.3,0.1,0.3,up_0.1to0.3_r1
42.14,0.3,0.1,0.3,up_0.1to0.3_r1
42.160000000000004,0.3,0.1,0.3,up_0.1to0.3_r1
42.18,0.3,0.1,0.3,up_0.1to0.3_r1
42.2,0.3,0.1,0.3,up_0.1to0.3_r1
42.22,0.3,0.1,0.3,up_0.1to0.3_r1
42.24,0.3,0.1,0.3,up_0.1to0.3_r1
42.26,0.3,0.1,0.3,up_0.1to0.3_r1
42.28,0.3,0.1,0.3,up_0.1to0.3_r1
42.300000000000004,0.3,0.1,0.3,up_0.1to0.3_r1
42.32,0.3,0.1,0.3,up_0.1to0.3_r1
42.34,0.3,0.1,0.3,up_0.1to0.3_r1
42.36,0.3,0.1,0.3,up_0.1to0.3_r1
42.38,0.3,0.1,0.3,up_0.1to0.3_r1
42.4,0.3,0.1,0.3,up_0.1to0.3_r1
42.42,0.3,0.1,0.3,up_0.1to0.3_r1
42.44,0.3,0.1,0.3,up_0.1to0.3_r1
42.46,0.3,0.1,0.3,up_0.1to0.3_r1
42.480000000000004,0.3,0.1,0.3,up_0.1to0.3_r1
42.5,0.3,0.1,0.3,up_0.1to0.3_r1
42.52,0.3,0.1,0.3,up_0.1to0.3_r1
42.54,0.3,0.1,0.3,up_0.1to0.3_r1
42.56,0.3,0.1,0.3,up_0.1to0.3_r1
42.58,0.3,0.1,0.3,up_0.1to0.3_r1
42.6,0.3,0.1,0.3,up_0.1to0.3_r1
42.62,0.3,0.1,0.3,up_0.1to0.3_r1
42.64,0.3,0.1,0.3,up_0.1to0.3_r1
42.660000000000004,0.3,0.1,0.3,up_0.1to0.3_r1
42.68,0.3,0.1,0.3,up_0.1to0.3_r1
42.7,0.3,0.1,0.3,up_0.1to0.3_r1
42.72,0.3,0.1,0.3,up_0.1to0.3_r1
42.74,0.3,0.1,0.3,up_0.1to0.3_r1
42.76,0.3,0.1,0.3,up_0.1to0.3_r1
42.78,0.3,0.1,0.3,up_0.1to0.3_r1
42.800000000000004,0.3,0.1,0.3,up_0.1to0.3_r1
42.82,0.3,0.1,0.3,up_0.1to0.3_r1
42.84,0.3,0.1,0.3,up_0.1to0.3_r1
42.86,0.3,0.1,0.3,up_0.1to0.3_r1
42.88,0.3,0.1,0.3,up_0.1to0.3_r1
42.9,0.3,0.1,0.3,up_0.1to0.3_r1
42.92,0.3,0.1,0.3,up_0.1to0.3_r1
42.94,0.3,0.1,0.3,up_0.1to0.3_r1
42.96,0.3,0.1,0.3,up_0.1to0.3_r1
42.980000000000004,0.3,0.1,0.3,up_0.1to0.3_r1
43.0,0.3,0.1,0.3,up_0.1to0.3_r1
43.02,0.3,0.1,0.3,up_0.1to0.3_r1
43.04,0.3,0.1,0.3,up_0.1to0.3_r1
43.06,0.3,0.1,0.3,up_0.1to0.3_r1
43.08,0.3,0.1,0.3,up_0.1to0.3_r1
43.1,0.3,0.1,0.3,up_0.1to0.3_r1
43.12,0.3,0.1,0.3,up_0.1to0.3_r1
43.14,0.3,0.1,0.3,up_0.1to0.3_r1
43.160000000000004,0.3,0.1,0.3,up_0.1to0.3_r1
43.18,0.3,0.1,0.3,up_0.1to0.3_r1
43.2,0.3,0.1,0.3,up_0.1to0.3_r1
43.22,0.3,0.1,0.3,up_0.1to0.3_r1
43.24,0.3,0.1,0.3,up_0.1to0.3_r1
43.26,0.3,0.1,0.3,up_0.1to0.3_r1
43.28,0.3,0.1,0.3,up_0.1to0.3_r1
43.300000000000004,0.3,0.1,0.3,up_0.1to0.3_r1
43.32,0.3,0.1,0.3,up_0.1to0.3_r1
43.34,0.3,0.1,0.3,up_0.1to0.3_r1
43.36,0.3,0.1,0.3,up_0.1to0.3_r1
43.38,0.3,0.1,0.3,up_0.1to0.3_r1
43.4,0.3,0.1,0.3,up_0.1to0.3_r1
43.42,0.3,0.1,0.3,up_0.1to0.3_r1
43.44,0.3,0.1,0.3,up_0.1to0.3_r1
43.46,0.3,0.1,0.3,up_0.1to0.3_r1
43.480000000000004,0.3,0.1,0.3,up_0.1to0.3_r1
43.5,0.3,0.1,0.3,up_0.1to0.3_r1
43.52,0.3,0.1,0.3,up_0.1to0.3_r1
43.54,0.3,0.1,0.3,up_0.1to0.3_r1
43.56,0.3,0.1,0.3,up_0.1to0.3_r1
43.58,0.3,0.1,0.3,up_0.1to0.3_r1
43.6,0.3,0.1,0.3,up_0.1to0.3_r1
43.62,0.3,0.1,0.3,up_0.1to0.3_r1
43.64,0.3,0.1,0.3,up_0.1to0.3_r1
43.660000000000004,0.3,0.1,0.3,up_0.1to0.3_r1
43.68,0.3,0.1,0.3,up_0.1to0.3_r1
43.7,0.3,0.1,0.3,up_0.1to0.3_r1
43.72,0.3,0.1,0.3,up_0.1to0.3_r1
43.74,0.3,0.1,0.3,up_0.1to0.3_r1
43.76,0.3,0.1,0.3,up_0.1to0.3_r1
43.78,0.3,0.1,0.3,up_0.1to0.3_r1
43.800000000000004,0.3,0.1,0.3,up_0.1to0.3_r1
43.82,0.3,0.1,0.3,up_0.1to0.3_r1
43.84,0.3,0.1,0.3,up_0.1to0.3_r1
43.86,0.3,0.1,0.3,up_0.1to0.3_r1
43.88,0.3,0.1,0.3,up_0.1to0.3_r1
43.9,0.3,0.1,0.3,up_0.1to0.3_r1
43.92,0.3,0.1,0.3,up_0.1to0.3_r1
43.94,0.3,0.1,0.3,up_0.1to0.3_r1
43.96,0.3,0.1,0.3,up_0.1to0.3_r1
43.980000000000004,0.3,0.1,0.3,up_0.1to0.3_r1
44.0,0.1,0.1,0.3,pre
44.02,0.1,0.1,0.3,pre
44.04,0.1,0.1,0.3,pre
44.06,0.1,0.1,0.3,pre
44.08,0.1,0.1,0.3,pre
44.1,0.1,0.1,0.3,pre
44.12,0.1,0.1,0.3,pre
44.14,0.1,0.1,0.3,pre
44.160000000000004,0.1,0.1,0.3,pre
44.18,0.1,0.1,0.3,pre
44.2,0.1,0.1,0.3,pre
44.22,0.1,0.1,0.3,pre
44.24,0.1,0.1,0.3,pre
44.26,0.1,0.1,0.3,pre
44.28,0.1,0.1,0.3,pre
44.300000000000004,0.1,0.1,0.3,pre
44.32,0.1,0.1,0.3,pre
44.34,0.1,0.1,0.3,pre
44.36,0.1,0.1,0.3,pre
44.38,0.1,0.1,0.3,pre
44.4,0.1,0.1,0.3,pre
44.42,0.1,0.1,0.3,pre
44.44,0.1,0.1,0.3,pre
44.46,0.1,0.1,0.3,pre
44.480000000000004,0.1,0.1,0.3,pre
44.5,0.1,0.1,0.3,pre
44.52,0.1,0.1,0.3,pre
44.54,0.1,0.1,0.3,pre
44.56,0.1,0.1,0.3,pre
44.58,0.1,0.1,0.3,pre
44.6,0.1,0.1,0.3,pre
44.62,0.1,0.1,0.3,pre
44.64,0.1,0.1,0.3,pre
44.660000000000004,0.1,0.1,0.3,pre
44.68,0.1,0.1,0.3,pre
44.7,0.1,0.1,0.3,pre
44.72,0.1,0.1,0.3,pre
44.74,0.1,0.1,0.3,pre
44.76,0.1,0.1,0.3,pre
44.78,0.1,0.1,0.3,pre
44.800000000000004,0.1,0.1,0.3,pre
44.82,0.1,0.1,0.3,pre
44.84,0.1,0.1,0.3,pre
44.86,0.1,0.1,0.3,pre
44.88,0.1,0.1,0.3,pre
44.9,0.1,0.1,0.3,pre
44.92,0.1,0.1,0.3,pre
44.94,0.1,0.1,0.3,pre
44.96,0.1,0.1,0.3,pre
44.980000000000004,0.1,0.1,0.3,pre
45.0,0.1,0.1,0.3,pre
45.02,0.1,0.1,0.3,pre
45.04,0.1,0.1,0.3,pre
45.06,0.1,0.1,0.3,pre
45.08,0.1,0.1,0.3,pre
45.1,0.1,0.1,0.3,pre
45.12,0.1,0.1,0.3,pre
45.14,0.1,0.1,0.3,pre
45.160000000000004,0.1,0.1,0.3,pre
45.18,0.1,0.1,0.3,pre
45.2,0.1,0.1,0.3,pre
45.22,0.1,0.1,0.3,pre
45.24,0.1,0.1,0.3,pre
45.26,0.1,0.1,0.3,pre
45.28,0.1,0.1,0.3,pre
45.300000000000004,0.1,0.1,0.3,pre
45.32,0.1,0.1,0.3,pre
45.34,0.1,0.1,0.3,pre
45.36,0.1,0.1,0.3,pre
45.38,0.1,0.1,0.3,pre
45.4,0.1,0.1,0.3,pre
45.42,0.1,0.1,0.3,pre
45.44,0.1,0.1,0.3,pre
45.46,0.1,0.1,0.3,pre
45.480000000000004,0.1,0.1,0.3,pre
45.5,0.4,0.1,0.3,up_0.1to0.4_r1
45.52,0.4,0.1,0.3,up_0.1to0.4_r1
45.54,0.4,0.1,0.3,up_0.1to0.4_r1
45.56,0.4,0.1,0.3,up_0.1to0.4_r1
45.58,0.4,0.1,0.3,up_0.1to0.4_r1
45.6,0.4,0.1,0.3,up_0.1to0.4_r1
45.62,0.4,0.1,0.3,up_0.1to0.4_r1
45.64,0.4,0.1,0.3,up_0.1to0.4_r1
45.660000000000004,0.4,0.1,0.3,up_0.1to0.4_r1
45.68,0.4,0.1,0.3,up_0.1to0.4_r1
45.7,0.4,0.1,0.3,up_0.1to0.4_r1
45.72,0.4,0.1,0.3,up_0.1to0.4_r1
45.74,0.4,0.1,0.3,up_0.1to0.4_r1
45.76,0.4,0.1,0.3,up_0.1to0.4_r1
45.78,0.4,0.1,0.3,up_0.1to0.4_r1
45.800000000000004,0.4,0.1,0.3,up_0.1to0.4_r1
45.82,0.4,0.1,0.3,up_0.1to0.4_r1
45.84,0.4,0.1,0.3,up_0.1to0.4_r1
45.86,0.4,0.1,0.3,up_0.1to0.4_r1
45.88,0.4,0.1,0.3,up_0.1to0.4_r1
45.9,0.4,0.1,0.3,up_0.1to0.4_r1
45.92,0.4,0.1,0.3,up_0.1to0.4_r1
45.94,0.4,0.1,0.3,up_0.1to0.4_r1
45.96,0.4,0.1,0.3,up_0.1to0.4_r1
45.980000000000004,0.4,0.1,0.3,up_0.1to0.4_r1
46.0,0.4,0.1,0.3,up_0.1to0.4_r1
46.02,0.4,0.1,0.3,up_0.1to0.4_r1
46.04,0.4,0.1,0.3,up_0.1to0.4_r1
46.06,0.4,0.1,0.3,up_0.1to0.4_r1
46.08,0.4,0.1,0.3,up_0.1to0.4_r1
46.1,0.4,0.1,0.3,up_0.1to0.4_r1
46.12,0.4,0.1,0.3,up_0.1to0.4_r1
46.14,0.4,0.1,0.3,up_0.1to0.4_r1
46.160000000000004,0.4,0.1,0.3,up_0.1to0.4_r1
46.18,0.4,0.1,0.3,up_0.1to0.4_r1
46.2,0.4,0.1,0.3,up_0.1to0.4_r1
46.22,0.4,0.1,0.3,up_0.1to0.4_r1
46.24,0.4,0.1,0.3,up_0.1to0.4_r1
46.26,0.4,0.1,0.3,up_0.1to0.4_r1
46.28,0.4,0.1,0.3,up_0.1to0.4_r1
46.300000000000004,0.4,0.1,0.3,up_0.1to0.4_r1
46.32,0.4,0.1,0.3,up_0.1to0.4_r1
46.34,0.4,0.1,0.3,up_0.1to0.4_r1
46.36,0.4,0.1,0.3,up_0.1to0.4_r1
46.38,0.4,0.1,0.3,up_0.1to0.4_r1
46.4,0.4,0.1,0.3,up_0.1to0.4_r1
46.42,0.4,0.1,0.3,up_0.1to0.4_r1
46.44,0.4,0.1,0.3,up_0.1to0.4_r1
46.46,0.4,0.1,0.3,up_0.1to0.4_r1
46.480000000000004,0.4,0.1,0.3,up_0.1to0.4_r1
46.5,0.4,0.1,0.3,up_0.1to0.4_r1
46.52,0.4,0.1,0.3,up_0.1to0.4_r1
46.54,0.4,0.1,0.3,up_0.1to0.4_r1
46.56,0.4,0.1,0.3,up_0.1to0.4_r1
46.58,0.4,0.1,0.3,up_0.1to0.4_r1
46.6,0.4,0.1,0.3,up_0.1to0.4_r1
46.62,0.4,0.1,0.3,up_0.1to0.4_r1
46.64,0.4,0.1,0.3,up_0.1to0.4_r1
46.660000000000004,0.4,0.1,0.3,up_0.1to0.4_r1
46.68,0.4,0.1,0.3,up_0.1to0.4_r1
46.7,0.4,0.1,0.3,up_0.1to0.4_r1
46.72,0.4,0.1,0.3,up_0.1to0.4_r1
46.74,0.4,0.1,0.3,up_0.1to0.4_r1
46.76,0.4,0.1,0.3,up_0.1to0.4_r1
46.78,0.4,0.1,0.3,up_0.1to0.4_r1
46.800000000000004,0.4,0.1,0.3,up_0.1to0.4_r1
46.82,0.4,0.1,0.3,up_0.1to0.4_r1
46.84,0.4,0.1,0.3,up_0.1to0.4_r1
46.86,0.4,0.1,0.3,up_0.1to0.4_r1
46.88,0.4,0.1,0.3,up_0.1to0.4_r1
46.9,0.4,0.1,0.3,up_0.1to0.4_r1
46.92,0.4,0.1,0.3,up_0.1to0.4_r1
46.94,0.4,0.1,0.3,up_0.1to0.4_r1
46.96,0.4,0.1,0.3,up_0.1to0.4_r1
46.980000000000004,0.4,0.1,0.3,up_0.1to0.4_r1
47.0,0.4,0.1,0.3,up_0.1to0.4_r1
47.02,0.4,0.1,0.3,up_0.1to0.4_r1
47.04,0.4,0.1,0.3,up_0.1to0.4_r1
47.06,0.4,0.1,0.3,up_0.1to0.4_r1
47.08,0.4,0.1,0.3,up_0.1to0.4_r1
47.1,0.4,0.1,0.3,up_0.1to0.4_r1
47.12,0.4,0.1,0.3,up_0.1to0.4_r1
47.14,0.4,0.1,0.3,up_0.1to0.4_r1
47.160000000000004,0.4,0.1,0.3,up_0.1to0.4_r1
47.18,0.4,0.1,0.3,up_0.1to0.4_r1
47.2,0.4,0.1,0.3,up_0.1to0.4_r1
47.22,0.4,0.1,0.3,up_0.1to0.4_r1
47.24,0.4,0.1,0.3,up_0.1to0.4_r1
47.26,0.4,0.1,0.3,up_0.1to0.4_r1
47.28,0.4,0.1,0.3,up_0.1to0.4_r1
47.300000000000004,0.4,0.1,0.3,up_0.1to0.4_r1
47.32,0.4,0.1,0.3,up_0.1to0.4_r1
47.34,0.4,0.1,0.3,up_0.1to0.4_r1
47.36,0.4,0.1,0.3,up_0.1to0.4_r1
47.38,0.4,0.1,0.3,up_0.1to0.4_r1
47.4,0.4,0.1,0.3,up_0.1to0.4_r1
47.42,0.4,0.1,0.3,up_0.1to0.4_r1
47.44,0.4,0.1,0.3,up_0.1to0.4_r1
47.46,0.4,0.1,0.3,up_0.1to0.4_r1
47.480000000000004,0.4,0.1,0.3,up_0.1to0.4_r1
47.5,0.4,0.1,0.3,up_0.1to0.4_r1
47.52,0.4,0.1,0.3,up_0.1to0.4_r1
47.54,0.4,0.1,0.3,up_0.1to0.4_r1
47.56,0.4,0.1,0.3,up_0.1to0.4_r1
47.58,0.4,0.1,0.3,up_0.1to0.4_r1
47.6,0.4,0.1,0.3,up_0.1to0.4_r1
47.62,0.4,0.1,0.3,up_0.1to0.4_r1
47.64,0.4,0.1,0.3,up_0.1to0.4_r1
47.660000000000004,0.4,0.1,0.3,up_0.1to0.4_r1
47.68,0.4,0.1,0.3,up_0.1to0.4_r1
47.7,0.4,0.1,0.3,up_0.1to0.4_r1
47.72,0.4,0.1,0.3,up_0.1to0.4_r1
47.74,0.4,0.1,0.3,up_0.1to0.4_r1
47.76,0.4,0.1,0.3,up_0.1to0.4_r1
47.78,0.4,0.1,0.3,up_0.1to0.4_r1
47.800000000000004,0.4,0.1,0.3,up_0.1to0.4_r1
47.82,0.4,0.1,0.3,up_0.1to0.4_r1
47.84,0.4,0.1,0.3,up_0.1to0.4_r1
47.86,0.4,0.1,0.3,up_0.1to0.4_r1
47.88,0.4,0.1,0.3,up_0.1to0.4_r1
47.9,0.4,0.1,0.3,up_0.1to0.4_r1
47.92,0.4,0.1,0.3,up_0.1to0.4_r1
47.94,0.4,0.1,0.3,up_0.1to0.4_r1
47.96,0.4,0.1,0.3,up_0.1to0.4_r1
47.980000000000004,0.4,0.1,0.3,up_0.1to0.4_r1
48.0,0.4,0.1,0.3,up_0.1to0.4_r1
48.02,0.4,0.1,0.3,up_0.1to0.4_r1
48.04,0.4,0.1,0.3,up_0.1to0.4_r1
48.06,0.4,0.1,0.3,up_0.1to0.4_r1
48.08,0.4,0.1,0.3,up_0.1to0.4_r1
48.1,0.4,0.1,0.3,up_0.1to0.4_r1
48.120000000000005,0.4,0.1,0.3,up_0.1to0.4_r1
48.14,0.4,0.1,0.3,up_0.1to0.4_r1
48.160000000000004,0.4,0.1,0.3,up_0.1to0.4_r1
48.18,0.4,0.1,0.3,up_0.1to0.4_r1
48.2,0.4,0.1,0.3,up_0.1to0.4_r1
48.22,0.4,0.1,0.3,up_0.1to0.4_r1
48.24,0.4,0.1,0.3,up_0.1to0.4_r1
48.26,0.4,0.1,0.3,up_0.1to0.4_r1
48.28,0.4,0.1,0.3,up_0.1to0.4_r1
48.300000000000004,0.4,0.1,0.3,up_0.1to0.4_r1
48.32,0.4,0.1,0.3,up_0.1to0.4_r1
48.34,0.4,0.1,0.3,up_0.1to0.4_r1
48.36,0.4,0.1,0.3,up_0.1to0.4_r1
48.38,0.4,0.1,0.3,up_0.1to0.4_r1
48.4,0.4,0.1,0.3,up_0.1to0.4_r1
48.42,0.4,0.1,0.3,up_0.1to0.4_r1
48.44,0.4,0.1,0.3,up_0.1to0.4_r1
48.46,0.4,0.1,0.3,up_0.1to0.4_r1
48.480000000000004,0.4,0.1,0.3,up_0.1to0.4_r1
48.5,0.1,0.1,0.3,pre
48.52,0.1,0.1,0.3,pre
48.54,0.1,0.1,0.3,pre
48.56,0.1,0.1,0.3,pre
48.58,0.1,0.1,0.3,pre
48.6,0.1,0.1,0.3,pre
48.620000000000005,0.1,0.1,0.3,pre
48.64,0.1,0.1,0.3,pre
48.660000000000004,0.1,0.1,0.3,pre
48.68,0.1,0.1,0.3,pre
48.7,0.1,0.1,0.3,pre
48.72,0.1,0.1,0.3,pre
48.74,0.1,0.1,0.3,pre
48.76,0.1,0.1,0.3,pre
48.78,0.1,0.1,0.3,pre
48.800000000000004,0.1,0.1,0.3,pre
48.82,0.1,0.1,0.3,pre
48.84,0.1,0.1,0.3,pre
48.86,0.1,0.1,0.3,pre
48.88,0.1,0.1,0.3,pre
48.9,0.1,0.1,0.3,pre
48.92,0.1,0.1,0.3,pre
48.94,0.1,0.1,0.3,pre
48.96,0.1,0.1,0.3,pre
48.980000000000004,0.1,0.1,0.3,pre
49.0,0.1,0.1,0.3,pre
49.02,0.1,0.1,0.3,pre
49.04,0.1,0.1,0.3,pre
49.06,0.1,0.1,0.3,pre
49.08,0.1,0.1,0.3,pre
49.1,0.1,0.1,0.3,pre
49.120000000000005,0.1,0.1,0.3,pre
49.14,0.1,0.1,0.3,pre
49.160000000000004,0.1,0.1,0.3,pre
49.18,0.1,0.1,0.3,pre
49.2,0.1,0.1,0.3,pre
49.22,0.1,0.1,0.3,pre
49.24,0.1,0.1,0.3,pre
49.26,0.1,0.1,0.3,pre
49.28,0.1,0.1,0.3,pre
49.300000000000004,0.1,0.1,0.3,pre
49.32,0.1,0.1,0.3,pre
49.34,0.1,0.1,0.3,pre
49.36,0.1,0.1,0.3,pre
49.38,0.1,0.1,0.3,pre
49.4,0.1,0.1,0.3,pre
49.42,0.1,0.1,0.3,pre
49.44,0.1,0.1,0.3,pre
49.46,0.1,0.1,0.3,pre
49.480000000000004,0.1,0.1,0.3,pre
49.5,0.1,0.1,0.3,pre
49.52,0.1,0.1,0.3,pre
49.54,0.1,0.1,0.3,pre
49.56,0.1,0.1,0.3,pre
49.58,0.1,0.1,0.3,pre
49.6,0.1,0.1,0.3,pre
49.620000000000005,0.1,0.1,0.3,pre
49.64,0.1,0.1,0.3,pre
49.660000000000004,0.1,0.1,0.3,pre
49.68,0.1,0.1,0.3,pre
49.7,0.1,0.1,0.3,pre
49.72,0.1,0.1,0.3,pre
49.74,0.1,0.1,0.3,pre
49.76,0.1,0.1,0.3,pre
49.78,0.1,0.1,0.3,pre
49.800000000000004,0.1,0.1,0.3,pre
49.82,0.1,0.1,0.3,pre
49.84,0.1,0.1,0.3,pre
49.86,0.1,0.1,0.3,pre
49.88,0.1,0.1,0.3,pre
49.9,0.1,0.1,0.3,pre
49.92,0.1,0.1,0.3,pre
49.94,0.1,0.1,0.3,pre
49.96,0.1,0.1,0.3,pre
49.980000000000004,0.1,0.1,0.3,pre
50.0,0.5,0.1,0.3,up_0.1to0.5_r1
50.02,0.5,0.1,0.3,up_0.1to0.5_r1
50.04,0.5,0.1,0.3,up_0.1to0.5_r1
50.06,0.5,0.1,0.3,up_0.1to0.5_r1
50.08,0.5,0.1,0.3,up_0.1to0.5_r1
50.1,0.5,0.1,0.3,up_0.1to0.5_r1
50.120000000000005,0.5,0.1,0.3,up_0.1to0.5_r1
50.14,0.5,0.1,0.3,up_0.1to0.5_r1
50.160000000000004,0.5,0.1,0.3,up_0.1to0.5_r1
50.18,0.5,0.1,0.3,up_0.1to0.5_r1
50.2,0.5,0.1,0.3,up_0.1to0.5_r1
50.22,0.5,0.1,0.3,up_0.1to0.5_r1
50.24,0.5,0.1,0.3,up_0.1to0.5_r1
50.26,0.5,0.1,0.3,up_0.1to0.5_r1
50.28,0.5,0.1,0.3,up_0.1to0.5_r1
50.300000000000004,0.5,0.1,0.3,up_0.1to0.5_r1
50.32,0.5,0.1,0.3,up_0.1to0.5_r1
50.34,0.5,0.1,0.3,up_0.1to0.5_r1
50.36,0.5,0.1,0.3,up_0.1to0.5_r1
50.38,0.5,0.1,0.3,up_0.1to0.5_r1
50.4,0.5,0.1,0.3,up_0.1to0.5_r1
50.42,0.5,0.1,0.3,up_0.1to0.5_r1
50.44,0.5,0.1,0.3,up_0.1to0.5_r1
50.46,0.5,0.1,0.3,up_0.1to0.5_r1
50.480000000000004,0.5,0.1,0.3,up_0.1to0.5_r1
50.5,0.5,0.1,0.3,up_0.1to0.5_r1
50.52,0.5,0.1,0.3,up_0.1to0.5_r1
50.54,0.5,0.1,0.3,up_0.1to0.5_r1
50.56,0.5,0.1,0.3,up_0.1to0.5_r1
50.58,0.5,0.1,0.3,up_0.1to0.5_r1
50.6,0.5,0.1,0.3,up_0.1to0.5_r1
50.620000000000005,0.5,0.1,0.3,up_0.1to0.5_r1
50.64,0.5,0.1,0.3,up_0.1to0.5_r1
50.660000000000004,0.5,0.1,0.3,up_0.1to0.5_r1
50.68,0.5,0.1,0.3,up_0.1to0.5_r1
50.7,0.5,0.1,0.3,up_0.1to0.5_r1
50.72,0.5,0.1,0.3,up_0.1to0.5_r1
50.74,0.5,0.1,0.3,up_0.1to0.5_r1
50.76,0.5,0.1,0.3,up_0.1to0.5_r1
50.78,0.5,0.1,0.3,up_0.1to0.5_r1
50.800000000000004,0.5,0.1,0.3,up_0.1to0.5_r1
50.82,0.5,0.1,0.3,up_0.1to0.5_r1
50.84,0.5,0.1,0.3,up_0.1to0.5_r1
50.86,0.5,0.1,0.3,up_0.1to0.5_r1
50.88,0.5,0.1,0.3,up_0.1to0.5_r1
50.9,0.5,0.1,0.3,up_0.1to0.5_r1
50.92,0.5,0.1,0.3,up_0.1to0.5_r1
50.94,0.5,0.1,0.3,up_0.1to0.5_r1
50.96,0.5,0.1,0.3,up_0.1to0.5_r1
50.980000000000004,0.5,0.1,0.3,up_0.1to0.5_r1
51.0,0.5,0.1,0.3,up_0.1to0.5_r1
51.02,0.5,0.1,0.3,up_0.1to0.5_r1
51.04,0.5,0.1,0.3,up_0.1to0.5_r1
51.06,0.5,0.1,0.3,up_0.1to0.5_r1
51.08,0.5,0.1,0.3,up_0.1to0.5_r1
51.1,0.5,0.1,0.3,up_0.1to0.5_r1
51.120000000000005,0.5,0.1,0.3,up_0.1to0.5_r1
51.14,0.5,0.1,0.3,up_0.1to0.5_r1
51.160000000000004,0.5,0.1,0.3,up_0.1to0.5_r1
51.18,0.5,0.1,0.3,up_0.1to0.5_r1
51.2,0.5,0.1,0.3,up_0.1to0.5_r1
51.22,0.5,0.1,0.3,up_0.1to0.5_r1
51.24,0.5,0.1,0.3,up_0.1to0.5_r1
51.26,0.5,0.1,0.3,up_0.1to0.5_r1
51.28,0.5,0.1,0.3,up_0.1to0.5_r1
51.300000000000004,0.5,0.1,0.3,up_0.1to0.5_r1
51.32,0.5,0.1,0.3,up_0.1to0.5_r1
51.34,0.5,0.1,0.3,up_0.1to0.5_r1
51.36,0.5,0.1,0.3,up_0.1to0.5_r1
51.38,0.5,0.1,0.3,up_0.1to0.5_r1
51.4,0.5,0.1,0.3,up_0.1to0.5_r1
51.42,0.5,0.1,0.3,up_0.1to0.5_r1
51.44,0.5,0.1,0.3,up_0.1to0.5_r1
51.46,0.5,0.1,0.3,up_0.1to0.5_r1
51.480000000000004,0.5,0.1,0.3,up_0.1to0.5_r1
51.5,0.5,0.1,0.3,up_0.1to0.5_r1
51.52,0.5,0.1,0.3,up_0.1to0.5_r1
51.54,0.5,0.1,0.3,up_0.1to0.5_r1
51.56,0.5,0.1,0.3,up_0.1to0.5_r1
51.58,0.5,0.1,0.3,up_0.1to0.5_r1
51.6,0.5,0.1,0.3,up_0.1to0.5_r1
51.620000000000005,0.5,0.1,0.3,up_0.1to0.5_r1
51.64,0.5,0.1,0.3,up_0.1to0.5_r1
51.660000000000004,0.5,0.1,0.3,up_0.1to0.5_r1
51.68,0.5,0.1,0.3,up_0.1to0.5_r1
51.7,0.5,0.1,0.3,up_0.1to0.5_r1
51.72,0.5,0.1,0.3,up_0.1to0.5_r1
51.74,0.5,0.1,0.3,up_0.1to0.5_r1
51.76,0.5,0.1,0.3,up_0.1to0.5_r1
51.78,0.5,0.1,0.3,up_0.1to0.5_r1
51.800000000000004,0.5,0.1,0.3,up_0.1to0.5_r1
51.82,0.5,0.1,0.3,up_0.1to0.5_r1
51.84,0.5,0.1,0.3,up_0.1to0.5_r1
51.86,0.5,0.1,0.3,up_0.1to0.5_r1
51.88,0.5,0.1,0.3,up_0.1to0.5_r1
51.9,0.5,0.1,0.3,up_0.1to0.5_r1
51.92,0.5,0.1,0.3,up_0.1to0.5_r1
51.94,0.5,0.1,0.3,up_0.1to0.5_r1
51.96,0.5,0.1,0.3,up_0.1to0.5_r1
51.980000000000004,0.5,0.1,0.3,up_0.1to0.5_r1
52.0,0.5,0.1,0.3,up_0.1to0.5_r1
52.02,0.5,0.1,0.3,up_0.1to0.5_r1
52.04,0.5,0.1,0.3,up_0.1to0.5_r1
52.06,0.5,0.1,0.3,up_0.1to0.5_r1
52.08,0.5,0.1,0.3,up_0.1to0.5_r1
52.1,0.5,0.1,0.3,up_0.1to0.5_r1
52.120000000000005,0.5,0.1,0.3,up_0.1to0.5_r1
52.14,0.5,0.1,0.3,up_0.1to0.5_r1
52.160000000000004,0.5,0.1,0.3,up_0.1to0.5_r1
52.18,0.5,0.1,0.3,up_0.1to0.5_r1
52.2,0.5,0.1,0.3,up_0.1to0.5_r1
52.22,0.5,0.1,0.3,up_0.1to0.5_r1
52.24,0.5,0.1,0.3,up_0.1to0.5_r1
52.26,0.5,0.1,0.3,up_0.1to0.5_r1
52.28,0.5,0.1,0.3,up_0.1to0.5_r1
52.300000000000004,0.5,0.1,0.3,up_0.1to0.5_r1
52.32,0.5,0.1,0.3,up_0.1to0.5_r1
52.34,0.5,0.1,0.3,up_0.1to0.5_r1
52.36,0.5,0.1,0.3,up_0.1to0.5_r1
52.38,0.5,0.1,0.3,up_0.1to0.5_r1
52.4,0.5,0.1,0.3,up_0.1to0.5_r1
52.42,0.5,0.1,0.3,up_0.1to0.5_r1
52.44,0.5,0.1,0.3,up_0.1to0.5_r1
52.46,0.5,0.1,0.3,up_0.1to0.5_r1
52.480000000000004,0.5,0.1,0.3,up_0.1to0.5_r1
52.5,0.5,0.1,0.3,up_0.1to0.5_r1
52.52,0.5,0.1,0.3,up_0.1to0.5_r1
52.54,0.5,0.1,0.3,up_0.1to0.5_r1
52.56,0.5,0.1,0.3,up_0.1to0.5_r1
52.58,0.5,0.1,0.3,up_0.1to0.5_r1
52.6,0.5,0.1,0.3,up_0.1to0.5_r1
52.620000000000005,0.5,0.1,0.3,up_0.1to0.5_r1
52.64,0.5,0.1,0.3,up_0.1to0.5_r1
52.660000000000004,0.5,0.1,0.3,up_0.1to0.5_r1
52.68,0.5,0.1,0.3,up_0.1to0.5_r1
52.7,0.5,0.1,0.3,up_0.1to0.5_r1
52.72,0.5,0.1,0.3,up_0.1to0.5_r1
52.74,0.5,0.1,0.3,up_0.1to0.5_r1
52.76,0.5,0.1,0.3,up_0.1to0.5_r1
52.78,0.5,0.1,0.3,up_0.1to0.5_r1
52.800000000000004,0.5,0.1,0.3,up_0.1to0.5_r1
52.82,0.5,0.1,0.3,up_0.1to0.5_r1
52.84,0.5,0.1,0.3,up_0.1to0.5_r1
52.86,0.5,0.1,0.3,up_0.1to0.5_r1
52.88,0.5,0.1,0.3,up_0.1to0.5_r1
52.9,0.5,0.1,0.3,up_0.1to0.5_r1
52.92,0.5,0.1,0.3,up_0.1to0.5_r1
52.94,0.5,0.1,0.3,up_0.1to0.5_r1
52.96,0.5,0.1,0.3,up_0.1to0.5_r1
52.980000000000004,0.5,0.1,0.3,up_0.1to0.5_r1
53.0,0.1,0.1,0.3,pre
53.02,0.1,0.1,0.3,pre
53.04,0.1,0.1,0.3,pre
53.06,0.1,0.1,0.3,pre
53.08,0.1,0.1,0.3,pre
53.1,0.1,0.1,0.3,pre
53.120000000000005,0.1,0.1,0.3,pre
53.14,0.1,0.1,0.3,pre
53.160000000000004,0.1,0.1,0.3,pre
53.18,0.1,0.1,0.3,pre
53.2,0.1,0.1,0.3,pre
53.22,0.1,0.1,0.3,pre
53.24,0.1,0.1,0.3,pre
53.26,0.1,0.1,0.3,pre
53.28,0.1,0.1,0.3,pre
53.300000000000004,0.1,0.1,0.3,pre
53.32,0.1,0.1,0.3,pre
53.34,0.1,0.1,0.3,pre
53.36,0.1,0.1,0.3,pre
53.38,0.1,0.1,0.3,pre
53.4,0.1,0.1,0.3,pre
53.42,0.1,0.1,0.3,pre
53.44,0.1,0.1,0.3,pre
53.46,0.1,0.1,0.3,pre
53.480000000000004,0.1,0.1,0.3,pre
53.5,0.1,0.1,0.3,pre
53.52,0.1,0.1,0.3,pre
53.54,0.1,0.1,0.3,pre
53.56,0.1,0.1,0.3,pre
53.58,0.1,0.1,0.3,pre
53.6,0.1,0.1,0.3,pre
53.620000000000005,0.1,0.1,0.3,pre
53.64,0.1,0.1,0.3,pre
53.660000000000004,0.1,0.1,0.3,pre
53.68,0.1,0.1,0.3,pre
53.7,0.1,0.1,0.3,pre
53.72,0.1,0.1,0.3,pre
53.74,0.1,0.1,0.3,pre
53.76,0.1,0.1,0.3,pre
53.78,0.1,0.1,0.3,pre
53.800000000000004,0.1,0.1,0.3,pre
53.82,0.1,0.1,0.3,pre
53.84,0.1,0.1,0.3,pre
53.86,0.1,0.1,0.3,pre
53.88,0.1,0.1,0.3,pre
53.9,0.1,0.1,0.3,pre
53.92,0.1,0.1,0.3,pre
53.94,0.1,0.1,0.3,pre
53.96,0.1,0.1,0.3,pre
53.980000000000004,0.1,0.1,0.3,pre
54.0,0.1,0.1,0.3,pre
54.02,0.1,0.1,0.3,pre
54.04,0.1,0.1,0.3,pre
54.06,0.1,0.1,0.3,pre
54.08,0.1,0.1,0.3,pre
54.1,0.1,0.1,0.3,pre
54.120000000000005,0.1,0.1,0.3,pre
54.14,0.1,0.1,0.3,pre
54.160000000000004,0.1,0.1,0.3,pre
54.18,0.1,0.1,0.3,pre
54.2,0.1,0.1,0.3,pre
54.22,0.1,0.1,0.3,pre
54.24,0.1,0.1,0.3,pre
54.26,0.1,0.1,0.3,pre
54.28,0.1,0.1,0.3,pre
54.300000000000004,0.1,0.1,0.3,pre
54.32,0.1,0.1,0.3,pre
54.34,0.1,0.1,0.3,pre
54.36,0.1,0.1,0.3,pre
54.38,0.1,0.1,0.3,pre
54.4,0.1,0.1,0.3,pre
54.42,0.1,0.1,0.3,pre
54.44,0.1,0.1,0.3,pre
54.46,0.1,0.1,0.3,pre
54.480000000000004,0.1,0.1,0.3,pre
54.5,0.55,0.1,0.3,up_0.1to0.55_r1
54.52,0.55,0.1,0.3,up_0.1to0.55_r1
54.54,0.55,0.1,0.3,up_0.1to0.55_r1
54.56,0.55,0.1,0.3,up_0.1to0.55_r1
54.58,0.55,0.1,0.3,up_0.1to0.55_r1
54.6,0.55,0.1,0.3,up_0.1to0.55_r1
54.620000000000005,0.55,0.1,0.3,up_0.1to0.55_r1
54.64,0.55,0.1,0.3,up_0.1to0.55_r1
54.660000000000004,0.55,0.1,0.3,up_0.1to0.55_r1
54.68,0.55,0.1,0.3,up_0.1to0.55_r1
54.7,0.55,0.1,0.3,up_0.1to0.55_r1
54.72,0.55,0.1,0.3,up_0.1to0.55_r1
54.74,0.55,0.1,0.3,up_0.1to0.55_r1
54.76,0.55,0.1,0.3,up_0.1to0.55_r1
54.78,0.55,0.1,0.3,up_0.1to0.55_r1
54.800000000000004,0.55,0.1,0.3,up_0.1to0.55_r1
54.82,0.55,0.1,0.3,up_0.1to0.55_r1
54.84,0.55,0.1,0.3,up_0.1to0.55_r1
54.86,0.55,0.1,0.3,up_0.1to0.55_r1
54.88,0.55,0.1,0.3,up_0.1to0.55_r1
54.9,0.55,0.1,0.3,up_0.1to0.55_r1
54.92,0.55,0.1,0.3,up_0.1to0.55_r1
54.94,0.55,0.1,0.3,up_0.1to0.55_r1
54.96,0.55,0.1,0.3,up_0.1to0.55_r1
54.980000000000004,0.55,0.1,0.3,up_0.1to0.55_r1
55.0,0.55,0.1,0.3,up_0.1to0.55_r1
55.02,0.55,0.1,0.3,up_0.1to0.55_r1
55.04,0.55,0.1,0.3,up_0.1to0.55_r1
55.06,0.55,0.1,0.3,up_0.1to0.55_r1
55.08,0.55,0.1,0.3,up_0.1to0.55_r1
55.1,0.55,0.1,0.3,up_0.1to0.55_r1
55.120000000000005,0.55,0.1,0.3,up_0.1to0.55_r1
55.14,0.55,0.1,0.3,up_0.1to0.55_r1
55.160000000000004,0.55,0.1,0.3,up_0.1to0.55_r1
55.18,0.55,0.1,0.3,up_0.1to0.55_r1
55.2,0.55,0.1,0.3,up_0.1to0.55_r1
55.22,0.55,0.1,0.3,up_0.1to0.55_r1
55.24,0.55,0.1,0.3,up_0.1to0.55_r1
55.26,0.55,0.1,0.3,up_0.1to0.55_r1
55.28,0.55,0.1,0.3,up_0.1to0.55_r1
55.300000000000004,0.55,0.1,0.3,up_0.1to0.55_r1
55.32,0.55,0.1,0.3,up_0.1to0.55_r1
55.34,0.55,0.1,0.3,up_0.1to0.55_r1
55.36,0.55,0.1,0.3,up_0.1to0.55_r1
55.38,0.55,0.1,0.3,up_0.1to0.55_r1
55.4,0.55,0.1,0.3,up_0.1to0.55_r1
55.42,0.55,0.1,0.3,up_0.1to0.55_r1
55.44,0.55,0.1,0.3,up_0.1to0.55_r1
55.46,0.55,0.1,0.3,up_0.1to0.55_r1
55.480000000000004,0.55,0.1,0.3,up_0.1to0.55_r1
55.5,0.55,0.1,0.3,up_0.1to0.55_r1
55.52,0.55,0.1,0.3,up_0.1to0.55_r1
55.54,0.55,0.1,0.3,up_0.1to0.55_r1
55.56,0.55,0.1,0.3,up_0.1to0.55_r1
55.58,0.55,0.1,0.3,up_0.1to0.55_r1
55.6,0.55,0.1,0.3,up_0.1to0.55_r1
55.620000000000005,0.55,0.1,0.3,up_0.1to0.55_r1
55.64,0.55,0.1,0.3,up_0.1to0.55_r1
55.660000000000004,0.55,0.1,0.3,up_0.1to0.55_r1
55.68,0.55,0.1,0.3,up_0.1to0.55_r1
55.7,0.55,0.1,0.3,up_0.1to0.55_r1
55.72,0.55,0.1,0.3,up_0.1to0.55_r1
55.74,0.55,0.1,0.3,up_0.1to0.55_r1
55.76,0.55,0.1,0.3,up_0.1to0.55_r1
55.78,0.55,0.1,0.3,up_0.1to0.55_r1
55.800000000000004,0.55,0.1,0.3,up_0.1to0.55_r1
55.82,0.55,0.1,0.3,up_0.1to0.55_r1
55.84,0.55,0.1,0.3,up_0.1to0.55_r1
55.86,0.55,0.1,0.3,up_0.1to0.55_r1
55.88,0.55,0.1,0.3,up_0.1to0.55_r1
55.9,0.55,0.1,0.3,up_0.1to0.55_r1
55.92,0.55,0.1,0.3,up_0.1to0.55_r1
55.94,0.55,0.1,0.3,up_0.1to0.55_r1
55.96,0.55,0.1,0.3,up_0.1to0.55_r1
55.980000000000004,0.55,0.1,0.3,up_0.1to0.55_r1
56.0,0.55,0.1,0.3,up_0.1to0.55_r1
56.02,0.55,0.1,0.3,up_0.1to0.55_r1
56.04,0.55,0.1,0.3,up_0.1to0.55_r1
56.06,0.55,0.1,0.3,up_0.1to0.55_r1
56.08,0.55,0.1,0.3,up_0.1to0.55_r1
56.1,0.55,0.1,0.3,up_0.1to0.55_r1
56.120000000000005,0.55,0.1,0.3,up_0.1to0.55_r1
56.14,0.55,0.1,0.3,up_0.1to0.55_r1
56.160000000000004,0.55,0.1,0.3,up_0.1to0.55_r1
56.18,0.55,0.1,0.3,up_0.1to0.55_r1
56.2,0.55,0.1,0.3,up_0.1to0.55_r1
56.22,0.55,0.1,0.3,up_0.1to0.55_r1
56.24,0.55,0.1,0.3,up_0.1to0.55_r1
56.26,0.55,0.1,0.3,up_0.1to0.55_r1
56.28,0.55,0.1,0.3,up_0.1to0.55_r1
56.300000000000004,0.55,0.1,0.3,up_0.1to0.55_r1
56.32,0.55,0.1,0.3,up_0.1to0.55_r1
56.34,0.55,0.1,0.3,up_0.1to0.55_r1
56.36,0.55,0.1,0.3,up_0.1to0.55_r1
56.38,0.55,0.1,0.3,up_0.1to0.55_r1
56.4,0.55,0.1,0.3,up_0.1to0.55_r1
56.42,0.55,0.1,0.3,up_0.1to0.55_r1
56.44,0.55,0.1,0.3,up_0.1to0.55_r1
56.46,0.55,0.1,0.3,up_0.1to0.55_r1
56.480000000000004,0.55,0.1,0.3,up_0.1to0.55_r1
56.5,0.55,0.1,0.3,up_0.1to0.55_r1
56.52,0.55,0.1,0.3,up_0.1to0.55_r1
56.54,0.55,0.1,0.3,up_0.1to0.55_r1
56.56,0.55,0.1,0.3,up_0.1to0.55_r1
56.58,0.55,0.1,0.3,up_0.1to0.55_r1
56.6,0.55,0.1,0.3,up_0.1to0.55_r1
56.620000000000005,0.55,0.1,0.3,up_0.1to0.55_r1
56.64,0.55,0.1,0.3,up_0.1to0.55_r1
56.660000000000004,0.55,0.1,0.3,up_0.1to0.55_r1
56.68,0.55,0.1,0.3,up_0.1to0.55_r1
56.7,0.55,0.1,0.3,up_0.1to0.55_r1
56.72,0.55,0.1,0.3,up_0.1to0.55_r1
56.74,0.55,0.1,0.3,up_0.1to0.55_r1
56.76,0.55,0.1,0.3,up_0.1to0.55_r1
56.78,0.55,0.1,0.3,up_0.1to0.55_r1
56.800000000000004,0.55,0.1,0.3,up_0.1to0.55_r1
56.82,0.55,0.1,0.3,up_0.1to0.55_r1
56.84,0.55,0.1,0.3,up_0.1to0.55_r1
56.86,0.55,0.1,0.3,up_0.1to0.55_r1
56.88,0.55,0.1,0.3,up_0.1to0.55_r1
56.9,0.55,0.1,0.3,up_0.1to0.55_r1
56.92,0.55,0.1,0.3,up_0.1to0.55_r1
56.94,0.55,0.1,0.3,up_0.1to0.55_r1
56.96,0.55,0.1,0.3,up_0.1to0.55_r1
56.980000000000004,0.55,0.1,0.3,up_0.1to0.55_r1
57.0,0.55,0.1,0.3,up_0.1to0.55_r1
57.02,0.55,0.1,0.3,up_0.1to0.55_r1
57.04,0.55,0.1,0.3,up_0.1to0.55_r1
57.06,0.55,0.1,0.3,up_0.1to0.55_r1
57.08,0.55,0.1,0.3,up_0.1to0.55_r1
57.1,0.55,0.1,0.3,up_0.1to0.55_r1
57.120000000000005,0.55,0.1,0.3,up_0.1to0.55_r1
57.14,0.55,0.1,0.3,up_0.1to0.55_r1
57.160000000000004,0.55,0.1,0.3,up_0.1to0.55_r1
57.18,0.55,0.1,0.3,up_0.1to0.55_r1
57.2,0.55,0.1,0.3,up_0.1to0.55_r1
57.22,0.55,0.1,0.3,up_0.1to0.55_r1
57.24,0.55,0.1,0.3,up_0.1to0.55_r1
57.26,0.55,0.1,0.3,up_0.1to0.55_r1
57.28,0.55,0.1,0.3,up_0.1to0.55_r1
57.300000000000004,0.55,0.1,0.3,up_0.1to0.55_r1
57.32,0.55,0.1,0.3,up_0.1to0.55_r1
57.34,0.55,0.1,0.3,up_0.1to0.55_r1
57.36,0.55,0.1,0.3,up_0.1to0.55_r1
57.38,0.55,0.1,0.3,up_0.1to0.55_r1
57.4,0.55,0.1,0.3,up_0.1to0.55_r1
57.42,0.55,0.1,0.3,up_0.1to0.55_r1
57.44,0.55,0.1,0.3,up_0.1to0.55_r1
57.46,0.55,0.1,0.3,up_0.1to0.55_r1
57.480000000000004,0.55,0.1,0.3,up_0.1to0.55_r1
57.5,0.1,0.1,0.3,pre
57.52,0.1,0.1,0.3,pre
57.54,0.1,0.1,0.3,pre
57.56,0.1,0.1,0.3,pre
57.58,0.1,0.1,0.3,pre
57.6,0.1,0.1,0.3,pre
57.620000000000005,0.1,0.1,0.3,pre
57.64,0.1,0.1,0.3,pre
57.660000000000004,0.1,0.1,0.3,pre
57.68,0.1,0.1,0.3,pre
57.7,0.1,0.1,0.3,pre
57.72,0.1,0.1,0.3,pre
57.74,0.1,0.1,0.3,pre
57.76,0.1,0.1,0.3,pre
57.78,0.1,0.1,0.3,pre
57.800000000000004,0.1,0.1,0.3,pre
57.82,0.1,0.1,0.3,pre
57.84,0.1,0.1,0.3,pre
57.86,0.1,0.1,0.3,pre
57.88,0.1,0.1,0.3,pre
57.9,0.1,0.1,0.3,pre
57.92,0.1,0.1,0.3,pre
57.94,0.1,0.1,0.3,pre
57.96,0.1,0.1,0.3,pre
57.980000000000004,0.1,0.1,0.3,pre
58.0,0.1,0.1,0.3,pre
58.02,0.1,0.1,0.3,pre
58.04,0.1,0.1,0.3,pre
58.06,0.1,0.1,0.3,pre
58.08,0.1,0.1,0.3,pre
58.1,0.1,0.1,0.3,pre
58.120000000000005,0.1,0.1,0.3,pre
58.14,0.1,0.1,0.3,pre
58.160000000000004,0.1,0.1,0.3,pre
58.18,0.1,0.1,0.3,pre
58.2,0.1,0.1,0.3,pre
58.22,0.1,0.1,0.3,pre
58.24,0.1,0.1,0.3,pre
58.26,0.1,0.1,0.3,pre
58.28,0.1,0.1,0.3,pre
58.300000000000004,0.1,0.1,0.3,pre
58.32,0.1,0.1,0.3,pre
58.34,0.1,0.1,0.3,pre
58.36,0.1,0.1,0.3,pre
58.38,0.1,0.1,0.3,pre
58.4,0.1,0.1,0.3,pre
58.42,0.1,0.1,0.3,pre
58.44,0.1,0.1,0.3,pre
58.46,0.1,0.1,0.3,pre
58.480000000000004,0.1,0.1,0.3,pre
58.5,0.1,0.1,0.3,pre
58.52,0.1,0.1,0.3,pre
58.54,0.1,0.1,0.3,pre
58.56,0.1,0.1,0.3,pre
58.58,0.1,0.1,0.3,pre
58.6,0.1,0.1,0.3,pre
58.620000000000005,0.1,0.1,0.3,pre
58.64,0.1,0.1,0.3,pre
58.660000000000004,0.1,0.1,0.3,pre
58.68,0.1,0.1,0.3,pre
58.7,0.1,0.1,0.3,pre
58.72,0.1,0.1,0.3,pre
58.74,0.1,0.1,0.3,pre
58.76,0.1,0.1,0.3,pre
58.78,0.1,0.1,0.3,pre
58.800000000000004,0.1,0.1,0.3,pre
58.82,0.1,0.1,0.3,pre
58.84,0.1,0.1,0.3,pre
58.86,0.1,0.1,0.3,pre
58.88,0.1,0.1,0.3,pre
58.9,0.1,0.1,0.3,pre
58.92,0.1,0.1,0.3,pre
58.94,0.1,0.1,0.3,pre
58.96,0.1,0.1,0.3,pre
58.980000000000004,0.1,0.1,0.3,pre
59.0,0.6,0.1,0.3,up_0.1to0.6_r1
59.02,0.6,0.1,0.3,up_0.1to0.6_r1
59.04,0.6,0.1,0.3,up_0.1to0.6_r1
59.06,0.6,0.1,0.3,up_0.1to0.6_r1
59.08,0.6,0.1,0.3,up_0.1to0.6_r1
59.1,0.6,0.1,0.3,up_0.1to0.6_r1
59.120000000000005,0.6,0.1,0.3,up_0.1to0.6_r1
59.14,0.6,0.1,0.3,up_0.1to0.6_r1
59.160000000000004,0.6,0.1,0.3,up_0.1to0.6_r1
59.18,0.6,0.1,0.3,up_0.1to0.6_r1
59.2,0.6,0.1,0.3,up_0.1to0.6_r1
59.22,0.6,0.1,0.3,up_0.1to0.6_r1
59.24,0.6,0.1,0.3,up_0.1to0.6_r1
59.26,0.6,0.1,0.3,up_0.1to0.6_r1
59.28,0.6,0.1,0.3,up_0.1to0.6_r1
59.300000000000004,0.6,0.1,0.3,up_0.1to0.6_r1
59.32,0.6,0.1,0.3,up_0.1to0.6_r1
59.34,0.6,0.1,0.3,up_0.1to0.6_r1
59.36,0.6,0.1,0.3,up_0.1to0.6_r1
59.38,0.6,0.1,0.3,up_0.1to0.6_r1
59.4,0.6,0.1,0.3,up_0.1to0.6_r1
59.42,0.6,0.1,0.3,up_0.1to0.6_r1
59.44,0.6,0.1,0.3,up_0.1to0.6_r1
59.46,0.6,0.1,0.3,up_0.1to0.6_r1
59.480000000000004,0.6,0.1,0.3,up_0.1to0.6_r1
59.5,0.6,0.1,0.3,up_0.1to0.6_r1
59.52,0.6,0.1,0.3,up_0.1to0.6_r1
59.54,0.6,0.1,0.3,up_0.1to0.6_r1
59.56,0.6,0.1,0.3,up_0.1to0.6_r1
59.58,0.6,0.1,0.3,up_0.1to0.6_r1
59.6,0.6,0.1,0.3,up_0.1to0.6_r1
59.620000000000005,0.6,0.1,0.3,up_0.1to0.6_r1
59.64,0.6,0.1,0.3,up_0.1to0.6_r1
59.660000000000004,0.6,0.1,0.3,up_0.1to0.6_r1
59.68,0.6,0.1,0.3,up_0.1to0.6_r1
59.7,0.6,0.1,0.3,up_0.1to0.6_r1
59.72,0.6,0.1,0.3,up_0.1to0.6_r1
59.74,0.6,0.1,0.3,up_0.1to0.6_r1
59.76,0.6,0.1,0.3,up_0.1to0.6_r1
59.78,0.6,0.1,0.3,up_0.1to0.6_r1
59.800000000000004,0.6,0.1,0.3,up_0.1to0.6_r1
59.82,0.6,0.1,0.3,up_0.1to0.6_r1
59.84,0.6,0.1,0.3,up_0.1to0.6_r1
59.86,0.6,0.1,0.3,up_0.1to0.6_r1
59.88,0.6,0.1,0.3,up_0.1to0.6_r1
59.9,0.6,0.1,0.3,up_0.1to0.6_r1
59.92,0.6,0.1,0.3,up_0.1to0.6_r1
59.94,0.6,0.1,0.3,up_0.1to0.6_r1
59.96,0.6,0.1,0.3,up_0.1to0.6_r1
59.980000000000004,0.6,0.1,0.3,up_0.1to0.6_r1
60.0,0.6,0.1,0.3,up_0.1to0.6_r1
60.02,0.6,0.1,0.3,up_0.1to0.6_r1
60.04,0.6,0.1,0.3,up_0.1to0.6_r1
60.06,0.6,0.1,0.3,up_0.1to0.6_r1
60.08,0.6,0.1,0.3,up_0.1to0.6_r1
60.1,0.6,0.1,0.3,up_0.1to0.6_r1
60.120000000000005,0.6,0.1,0.3,up_0.1to0.6_r1
60.14,0.6,0.1,0.3,up_0.1to0.6_r1
60.160000000000004,0.6,0.1,0.3,up_0.1to0.6_r1
60.18,0.6,0.1,0.3,up_0.1to0.6_r1
60.2,0.6,0.1,0.3,up_0.1to0.6_r1
60.22,0.6,0.1,0.3,up_0.1to0.6_r1
60.24,0.6,0.1,0.3,up_0.1to0.6_r1
60.26,0.6,0.1,0.3,up_0.1to0.6_r1
60.28,0.6,0.1,0.3,up_0.1to0.6_r1
60.300000000000004,0.6,0.1,0.3,up_0.1to0.6_r1
60.32,0.6,0.1,0.3,up_0.1to0.6_r1
60.34,0.6,0.1,0.3,up_0.1to0.6_r1
60.36,0.6,0.1,0.3,up_0.1to0.6_r1
60.38,0.6,0.1,0.3,up_0.1to0.6_r1
60.4,0.6,0.1,0.3,up_0.1to0.6_r1
60.42,0.6,0.1,0.3,up_0.1to0.6_r1
60.44,0.6,0.1,0.3,up_0.1to0.6_r1
60.46,0.6,0.1,0.3,up_0.1to0.6_r1
60.480000000000004,0.6,0.1,0.3,up_0.1to0.6_r1
60.5,0.6,0.1,0.3,up_0.1to0.6_r1
60.52,0.6,0.1,0.3,up_0.1to0.6_r1
60.54,0.6,0.1,0.3,up_0.1to0.6_r1
60.56,0.6,0.1,0.3,up_0.1to0.6_r1
60.58,0.6,0.1,0.3,up_0.1to0.6_r1
60.6,0.6,0.1,0.3,up_0.1to0.6_r1
60.620000000000005,0.6,0.1,0.3,up_0.1to0.6_r1
60.64,0.6,0.1,0.3,up_0.1to0.6_r1
60.660000000000004,0.6,0.1,0.3,up_0.1to0.6_r1
60.68,0.6,0.1,0.3,up_0.1to0.6_r1
60.7,0.6,0.1,0.3,up_0.1to0.6_r1
60.72,0.6,0.1,0.3,up_0.1to0.6_r1
60.74,0.6,0.1,0.3,up_0.1to0.6_r1
60.76,0.6,0.1,0.3,up_0.1to0.6_r1
60.78,0.6,0.1,0.3,up_0.1to0.6_r1
60.800000000000004,0.6,0.1,0.3,up_0.1to0.6_r1
60.82,0.6,0.1,0.3,up_0.1to0.6_r1
60.84,0.6,0.1,0.3,up_0.1to0.6_r1
60.86,0.6,0.1,0.3,up_0.1to0.6_r1
60.88,0.6,0.1,0.3,up_0.1to0.6_r1
60.9,0.6,0.1,0.3,up_0.1to0.6_r1
60.92,0.6,0.1,0.3,up_0.1to0.6_r1
60.94,0.6,0.1,0.3,up_0.1to0.6_r1
60.96,0.6,0.1,0.3,up_0.1to0.6_r1
60.980000000000004,0.6,0.1,0.3,up_0.1to0.6_r1
61.0,0.6,0.1,0.3,up_0.1to0.6_r1
61.02,0.6,0.1,0.3,up_0.1to0.6_r1
61.04,0.6,0.1,0.3,up_0.1to0.6_r1
61.06,0.6,0.1,0.3,up_0.1to0.6_r1
61.08,0.6,0.1,0.3,up_0.1to0.6_r1
61.1,0.6,0.1,0.3,up_0.1to0.6_r1
61.120000000000005,0.6,0.1,0.3,up_0.1to0.6_r1
61.14,0.6,0.1,0.3,up_0.1to0.6_r1
61.160000000000004,0.6,0.1,0.3,up_0.1to0.6_r1
61.18,0.6,0.1,0.3,up_0.1to0.6_r1
61.2,0.6,0.1,0.3,up_0.1to0.6_r1
61.22,0.6,0.1,0.3,up_0.1to0.6_r1
61.24,0.6,0.1,0.3,up_0.1to0.6_r1
61.26,0.6,0.1,0.3,up_0.1to0.6_r1
61.28,0.6,0.1,0.3,up_0.1to0.6_r1
61.300000000000004,0.6,0.1,0.3,up_0.1to0.6_r1
61.32,0.6,0.1,0.3,up_0.1to0.6_r1
61.34,0.6,0.1,0.3,up_0.1to0.6_r1
61.36,0.6,0.1,0.3,up_0.1to0.6_r1
61.38,0.6,0.1,0.3,up_0.1to0.6_r1
61.4,0.6,0.1,0.3,up_0.1to0.6_r1
61.42,0.6,0.1,0.3,up_0.1to0.6_r1
61.44,0.6,0.1,0.3,up_0.1to0.6_r1
61.46,0.6,0.1,0.3,up_0.1to0.6_r1
61.480000000000004,0.6,0.1,0.3,up_0.1to0.6_r1
61.5,0.6,0.1,0.3,up_0.1to0.6_r1
61.52,0.6,0.1,0.3,up_0.1to0.6_r1
61.54,0.6,0.1,0.3,up_0.1to0.6_r1
61.56,0.6,0.1,0.3,up_0.1to0.6_r1
61.58,0.6,0.1,0.3,up_0.1to0.6_r1
61.6,0.6,0.1,0.3,up_0.1to0.6_r1
61.620000000000005,0.6,0.1,0.3,up_0.1to0.6_r1
61.64,0.6,0.1,0.3,up_0.1to0.6_r1
61.660000000000004,0.6,0.1,0.3,up_0.1to0.6_r1
61.68,0.6,0.1,0.3,up_0.1to0.6_r1
61.7,0.6,0.1,0.3,up_0.1to0.6_r1
61.72,0.6,0.1,0.3,up_0.1to0.6_r1
61.74,0.6,0.1,0.3,up_0.1to0.6_r1
61.76,0.6,0.1,0.3,up_0.1to0.6_r1
61.78,0.6,0.1,0.3,up_0.1to0.6_r1
61.800000000000004,0.6,0.1,0.3,up_0.1to0.6_r1
61.82,0.6,0.1,0.3,up_0.1to0.6_r1
61.84,0.6,0.1,0.3,up_0.1to0.6_r1
61.86,0.6,0.1,0.3,up_0.1to0.6_r1
61.88,0.6,0.1,0.3,up_0.1to0.6_r1
61.9,0.6,0.1,0.3,up_0.1to0.6_r1
61.92,0.6,0.1,0.3,up_0.1to0.6_r1
61.940000000000005,0.6,0.1,0.3,up_0.1to0.6_r1
61.96,0.6,0.1,0.3,up_0.1to0.6_r1
61.980000000000004,0.6,0.1,0.3,up_0.1to0.6_r1
62.0,0.6,0.1,0.3,pre
62.02,0.6,0.1,0.3,pre
62.04,0.6,0.1,0.3,pre
62.06,0.6,0.1,0.3,pre
62.08,0.6,0.1,0.3,pre
62.1,0.6,0.1,0.3,pre
62.120000000000005,0.6,0.1,0.3,pre
62.14,0.6,0.1,0.3,pre
62.160000000000004,0.6,0.1,0.3,pre
62.18,0.6,0.1,0.3,pre
62.2,0.6,0.1,0.3,pre
62.22,0.6,0.1,0.3,pre
62.24,0.6,0.1,0.3,pre
62.26,0.6,0.1,0.3,pre
62.28,0.6,0.1,0.3,pre
62.300000000000004,0.6,0.1,0.3,pre
62.32,0.6,0.1,0.3,pre
62.34,0.6,0.1,0.3,pre
62.36,0.6,0.1,0.3,pre
62.38,0.6,0.1,0.3,pre
62.4,0.6,0.1,0.3,pre
62.42,0.6,0.1,0.3,pre
62.440000000000005,0.6,0.1,0.3,pre
62.46,0.6,0.1,0.3,pre
62.480000000000004,0.6,0.1,0.3,pre
62.5,0.6,0.1,0.3,pre
62.52,0.6,0.1,0.3,pre
62.54,0.6,0.1,0.3,pre
62.56,0.6,0.1,0.3,pre
62.58,0.6,0.1,0.3,pre
62.6,0.6,0.1,0.3,pre
62.620000000000005,0.6,0.1,0.3,pre
62.64,0.6,0.1,0.3,pre
62.660000000000004,0.6,0.1,0.3,pre
62.68,0.6,0.1,0.3,pre
62.7,0.6,0.1,0.3,pre
62.72,0.6,0.1,0.3,pre
62.74,0.6,0.1,0.3,pre
62.76,0.6,0.1,0.3,pre
62.78,0.6,0.1,0.3,pre
62.800000000000004,0.6,0.1,0.3,pre
62.82,0.6,0.1,0.3,pre
62.84,0.6,0.1,0.3,pre
62.86,0.6,0.1,0.3,pre
62.88,0.6,0.1,0.3,pre
62.9,0.6,0.1,0.3,pre
62.92,0.6,0.1,0.3,pre
62.940000000000005,0.6,0.1,0.3,pre
62.96,0.6,0.1,0.3,pre
62.980000000000004,0.6,0.1,0.3,pre
63.0,0.6,0.1,0.3,pre
63.02,0.6,0.1,0.3,pre
63.04,0.6,0.1,0.3,pre
63.06,0.6,0.1,0.3,pre
63.08,0.6,0.1,0.3,pre
63.1,0.6,0.1,0.3,pre
63.120000000000005,0.6,0.1,0.3,pre
63.14,0.6,0.1,0.3,pre
63.160000000000004,0.6,0.1,0.3,pre
63.18,0.6,0.1,0.3,pre
63.2,0.6,0.1,0.3,pre
63.22,0.6,0.1,0.3,pre
63.24,0.6,0.1,0.3,pre
63.26,0.6,0.1,0.3,pre
63.28,0.6,0.1,0.3,pre
63.300000000000004,0.6,0.1,0.3,pre
63.32,0.6,0.1,0.3,pre
63.34,0.6,0.1,0.3,pre
63.36,0.6,0.1,0.3,pre
63.38,0.6,0.1,0.3,pre
63.4,0.6,0.1,0.3,pre
63.42,0.6,0.1,0.3,pre
63.440000000000005,0.6,0.1,0.3,pre
63.46,0.6,0.1,0.3,pre
63.480000000000004,0.6,0.1,0.3,pre
63.5,0.6,0.1,0.3,pre
63.52,0.6,0.1,0.3,pre
63.54,0.6,0.1,0.3,pre
63.56,0.6,0.1,0.3,pre
63.58,0.6,0.1,0.3,pre
63.6,0.6,0.1,0.3,pre
63.620000000000005,0.6,0.1,0.3,pre
63.64,0.6,0.1,0.3,pre
63.660000000000004,0.6,0.1,0.3,pre
63.68,0.6,0.1,0.3,pre
63.7,0.6,0.1,0.3,pre
63.72,0.6,0.1,0.3,pre
63.74,0.6,0.1,0.3,pre
63.76,0.6,0.1,0.3,pre
63.78,0.6,0.1,0.3,pre
63.800000000000004,0.6,0.1,0.3,pre
63.82,0.6,0.1,0.3,pre
63.84,0.6,0.1,0.3,pre
63.86,0.6,0.1,0.3,pre
63.88,0.6,0.1,0.3,pre
63.9,0.6,0.1,0.3,pre
63.92,0.6,0.1,0.3,pre
63.940000000000005,0.6,0.1,0.3,pre
63.96,0.6,0.1,0.3,pre
63.980000000000004,0.6,0.1,0.3,pre
64.0,0.6,0.1,0.3,pre
64.02,0.6,0.1,0.3,pre
64.04,0.6,0.1,0.3,pre
64.06,0.6,0.1,0.3,pre
64.08,0.6,0.1,0.3,pre
64.1,0.6,0.1,0.3,pre
64.12,0.6,0.1,0.3,pre
64.14,0.6,0.1,0.3,pre
64.16,0.6,0.1,0.3,pre
64.18,0.6,0.1,0.3,pre
64.2,0.6,0.1,0.3,pre
64.22,0.6,0.1,0.3,pre
64.24,0.6,0.1,0.3,pre
64.26,0.6,0.1,0.3,pre
64.28,0.6,0.1,0.3,pre
64.3,0.6,0.1,0.3,pre
64.32000000000001,0.6,0.1,0.3,pre
64.34,0.6,0.1,0.3,pre
64.36,0.6,0.1,0.3,pre
64.38,0.6,0.1,0.3,pre
64.4,0.6,0.1,0.3,pre
64.42,0.6,0.1,0.3,pre
64.44,0.6,0.1,0.3,pre
64.46000000000001,0.6,0.1,0.3,pre
64.48,0.6,0.1,0.3,pre
64.5,0.6,0.1,0.3,pre
64.52,0.6,0.1,0.3,pre
64.54,0.6,0.1,0.3,pre
64.56,0.6,0.1,0.3,pre
64.58,0.6,0.1,0.3,pre
64.6,0.6,0.1,0.3,pre
64.62,0.6,0.1,0.3,pre
64.64,0.6,0.1,0.3,pre
64.66,0.6,0.1,0.3,pre
64.68,0.6,0.1,0.3,pre
64.7,0.6,0.1,0.3,pre
64.72,0.6,0.1,0.3,pre
64.74,0.6,0.1,0.3,pre
64.76,0.6,0.1,0.3,pre
64.78,0.6,0.1,0.3,pre
64.8,0.6,0.1,0.3,pre
64.82000000000001,0.6,0.1,0.3,pre
64.84,0.6,0.1,0.3,pre
64.86,0.6,0.1,0.3,pre
64.88,0.6,0.1,0.3,pre
64.9,0.6,0.1,0.3,pre
64.92,0.6,0.1,0.3,pre
64.94,0.6,0.1,0.3,pre
64.96000000000001,0.6,0.1,0.3,pre
64.98,0.6,0.1,0.3,pre
65.0,0.0,0.1,0.3,down_0.6to0.0_r1
65.02,0.0,0.1,0.3,down_0.6to0.0_r1
65.04,0.0,0.1,0.3,down_0.6to0.0_r1
65.06,0.0,0.1,0.3,down_0.6to0.0_r1
65.08,0.0,0.1,0.3,down_0.6to0.0_r1
65.1,0.0,0.1,0.3,down_0.6to0.0_r1
65.12,0.0,0.1,0.3,down_0.6to0.0_r1
65.14,0.0,0.1,0.3,down_0.6to0.0_r1
65.16,0.0,0.1,0.3,down_0.6to0.0_r1
65.18,0.0,0.1,0.3,down_0.6to0.0_r1
65.2,0.0,0.1,0.3,down_0.6to0.0_r1
65.22,0.0,0.1,0.3,down_0.6to0.0_r1
65.24,0.0,0.1,0.3,down_0.6to0.0_r1
65.26,0.0,0.1,0.3,down_0.6to0.0_r1
65.28,0.0,0.1,0.3,down_0.6to0.0_r1
65.3,0.0,0.1,0.3,down_0.6to0.0_r1
65.32000000000001,0.0,0.1,0.3,down_0.6to0.0_r1
65.34,0.0,0.1,0.3,down_0.6to0.0_r1
65.36,0.0,0.1,0.3,down_0.6to0.0_r1
65.38,0.0,0.1,0.3,down_0.6to0.0_r1
65.4,0.0,0.1,0.3,down_0.6to0.0_r1
65.42,0.0,0.1,0.3,down_0.6to0.0_r1
65.44,0.0,0.1,0.3,down_0.6to0.0_r1
65.46000000000001,0.0,0.1,0.3,down_0.6to0.0_r1
65.48,0.0,0.1,0.3,down_0.6to0.0_r1
65.5,0.0,0.1,0.3,down_0.6to0.0_r1
65.52,0.0,0.1,0.3,down_0.6to0.0_r1
65.54,0.0,0.1,0.3,down_0.6to0.0_r1
65.56,0.0,0.1,0.3,down_0.6to0.0_r1
65.58,0.0,0.1,0.3,down_0.6to0.0_r1
65.6,0.0,0.1,0.3,down_0.6to0.0_r1
65.62,0.0,0.1,0.3,down_0.6to0.0_r1
65.64,0.0,0.1,0.3,down_0.6to0.0_r1
65.66,0.0,0.1,0.3,down_0.6to0.0_r1
65.68,0.0,0.1,0.3,down_0.6to0.0_r1
65.7,0.0,0.1,0.3,down_0.6to0.0_r1
65.72,0.0,0.1,0.3,down_0.6to0.0_r1
65.74,0.0,0.1,0.3,down_0.6to0.0_r1
65.76,0.0,0.1,0.3,down_0.6to0.0_r1
65.78,0.0,0.1,0.3,down_0.6to0.0_r1
65.8,0.0,0.1,0.3,down_0.6to0.0_r1
65.82000000000001,0.0,0.1,0.3,down_0.6to0.0_r1
65.84,0.0,0.1,0.3,down_0.6to0.0_r1
65.86,0.0,0.1,0.3,down_0.6to0.0_r1
65.88,0.0,0.1,0.3,down_0.6to0.0_r1
65.9,0.0,0.1,0.3,down_0.6to0.0_r1
65.92,0.0,0.1,0.3,down_0.6to0.0_r1
65.94,0.0,0.1,0.3,down_0.6to0.0_r1
65.96000000000001,0.0,0.1,0.3,down_0.6to0.0_r1
65.98,0.0,0.1,0.3,down_0.6to0.0_r1
66.0,0.0,0.1,0.3,down_0.6to0.0_r1
66.02,0.0,0.1,0.3,down_0.6to0.0_r1
66.04,0.0,0.1,0.3,down_0.6to0.0_r1
66.06,0.0,0.1,0.3,down_0.6to0.0_r1
66.08,0.0,0.1,0.3,down_0.6to0.0_r1
66.1,0.0,0.1,0.3,down_0.6to0.0_r1
66.12,0.0,0.1,0.3,down_0.6to0.0_r1
66.14,0.0,0.1,0.3,down_0.6to0.0_r1
66.16,0.0,0.1,0.3,down_0.6to0.0_r1
66.18,0.0,0.1,0.3,down_0.6to0.0_r1
66.2,0.0,0.1,0.3,down_0.6to0.0_r1
66.22,0.0,0.1,0.3,down_0.6to0.0_r1
66.24,0.0,0.1,0.3,down_0.6to0.0_r1
66.26,0.0,0.1,0.3,down_0.6to0.0_r1
66.28,0.0,0.1,0.3,down_0.6to0.0_r1
66.3,0.0,0.1,0.3,down_0.6to0.0_r1
66.32000000000001,0.0,0.1,0.3,down_0.6to0.0_r1
66.34,0.0,0.1,0.3,down_0.6to0.0_r1
66.36,0.0,0.1,0.3,down_0.6to0.0_r1
66.38,0.0,0.1,0.3,down_0.6to0.0_r1
66.4,0.0,0.1,0.3,down_0.6to0.0_r1
66.42,0.0,0.1,0.3,down_0.6to0.0_r1
66.44,0.0,0.1,0.3,down_0.6to0.0_r1
66.46000000000001,0.0,0.1,0.3,down_0.6to0.0_r1
66.48,0.0,0.1,0.3,down_0.6to0.0_r1
66.5,0.0,0.1,0.3,down_0.6to0.0_r1
66.52,0.0,0.1,0.3,down_0.6to0.0_r1
66.54,0.0,0.1,0.3,down_0.6to0.0_r1
66.56,0.0,0.1,0.3,down_0.6to0.0_r1
66.58,0.0,0.1,0.3,down_0.6to0.0_r1
66.6,0.0,0.1,0.3,down_0.6to0.0_r1
66.62,0.0,0.1,0.3,down_0.6to0.0_r1
66.64,0.0,0.1,0.3,down_0.6to0.0_r1
66.66,0.0,0.1,0.3,down_0.6to0.0_r1
66.68,0.0,0.1,0.3,down_0.6to0.0_r1
66.7,0.0,0.1,0.3,down_0.6to0.0_r1
66.72,0.0,0.1,0.3,down_0.6to0.0_r1
66.74,0.0,0.1,0.3,down_0.6to0.0_r1
66.76,0.0,0.1,0.3,down_0.6to0.0_r1
66.78,0.0,0.1,0.3,down_0.6to0.0_r1
66.8,0.0,0.1,0.3,down_0.6to0.0_r1
66.82000000000001,0.0,0.1,0.3,down_0.6to0.0_r1
66.84,0.0,0.1,0.3,down_0.6to0.0_r1
66.86,0.0,0.1,0.3,down_0.6to0.0_r1
66.88,0.0,0.1,0.3,down_0.6to0.0_r1
66.9,0.0,0.1,0.3,down_0.6to0.0_r1
66.92,0.0,0.1,0.3,down_0.6to0.0_r1
66.94,0.0,0.1,0.3,down_0.6to0.0_r1
66.96000000000001,0.0,0.1,0.3,down_0.6to0.0_r1
66.98,0.0,0.1,0.3,down_0.6to0.0_r1
67.0,0.6,0.1,0.3,pre
67.02,0.6,0.1,0.3,pre
67.04,0.6,0.1,0.3,pre
67.06,0.6,0.1,0.3,pre
67.08,0.6,0.1,0.3,pre
67.1,0.6,0.1,0.3,pre
67.12,0.6,0.1,0.3,pre
67.14,0.6,0.1,0.3,pre
67.16,0.6,0.1,0.3,pre
67.18,0.6,0.1,0.3,pre
67.2,0.6,0.1,0.3,pre
67.22,0.6,0.1,0.3,pre
67.24,0.6,0.1,0.3,pre
67.26,0.6,0.1,0.3,pre
67.28,0.6,0.1,0.3,pre
67.3,0.6,0.1,0.3,pre
67.32000000000001,0.6,0.1,0.3,pre
67.34,0.6,0.1,0.3,pre
67.36,0.6,0.1,0.3,pre
67.38,0.6,0.1,0.3,pre
67.4,0.6,0.1,0.3,pre
67.42,0.6,0.1,0.3,pre
67.44,0.6,0.1,0.3,pre
67.46000000000001,0.6,0.1,0.3,pre
67.48,0.6,0.1,0.3,pre
67.5,0.6,0.1,0.3,pre
67.52,0.6,0.1,0.3,pre
67.54,0.6,0.1,0.3,pre
67.56,0.6,0.1,0.3,pre
67.58,0.6,0.1,0.3,pre
67.6,0.6,0.1,0.3,pre
67.62,0.6,0.1,0.3,pre
67.64,0.6,0.1,0.3,pre
67.66,0.6,0.1,0.3,pre
67.68,0.6,0.1,0.3,pre
67.7,0.6,0.1,0.3,pre
67.72,0.6,0.1,0.3,pre
67.74,0.6,0.1,0.3,pre
67.76,0.6,0.1,0.3,pre
67.78,0.6,0.1,0.3,pre
67.8,0.6,0.1,0.3,pre
67.82000000000001,0.6,0.1,0.3,pre
67.84,0.6,0.1,0.3,pre
67.86,0.6,0.1,0.3,pre
67.88,0.6,0.1,0.3,pre
67.9,0.6,0.1,0.3,pre
67.92,0.6,0.1,0.3,pre
67.94,0.6,0.1,0.3,pre
67.96000000000001,0.6,0.1,0.3,pre
67.98,0.6,0.1,0.3,pre
68.0,0.6,0.1,0.3,pre
68.02,0.6,0.1,0.3,pre
68.04,0.6,0.1,0.3,pre
68.06,0.6,0.1,0.3,pre
68.08,0.6,0.1,0.3,pre
68.1,0.6,0.1,0.3,pre
68.12,0.6,0.1,0.3,pre
68.14,0.6,0.1,0.3,pre
68.16,0.6,0.1,0.3,pre
68.18,0.6,0.1,0.3,pre
68.2,0.6,0.1,0.3,pre
68.22,0.6,0.1,0.3,pre
68.24,0.6,0.1,0.3,pre
68.26,0.6,0.1,0.3,pre
68.28,0.6,0.1,0.3,pre
68.3,0.6,0.1,0.3,pre
68.32000000000001,0.6,0.1,0.3,pre
68.34,0.6,0.1,0.3,pre
68.36,0.6,0.1,0.3,pre
68.38,0.6,0.1,0.3,pre
68.4,0.6,0.1,0.3,pre
68.42,0.6,0.1,0.3,pre
68.44,0.6,0.1,0.3,pre
68.46000000000001,0.6,0.1,0.3,pre
68.48,0.6,0.1,0.3,pre
68.5,0.6,0.1,0.3,pre
68.52,0.6,0.1,0.3,pre
68.54,0.6,0.1,0.3,pre
68.56,0.6,0.1,0.3,pre
68.58,0.6,0.1,0.3,pre
68.60000000000001,0.6,0.1,0.3,pre
68.62,0.6,0.1,0.3,pre
68.64,0.6,0.1,0.3,pre
68.66,0.6,0.1,0.3,pre
68.68,0.6,0.1,0.3,pre
68.7,0.6,0.1,0.3,pre
68.72,0.6,0.1,0.3,pre
68.74,0.6,0.1,0.3,pre
68.76,0.6,0.1,0.3,pre
68.78,0.6,0.1,0.3,pre
68.8,0.6,0.1,0.3,pre
68.82000000000001,0.6,0.1,0.3,pre
68.84,0.6,0.1,0.3,pre
68.86,0.6,0.1,0.3,pre
68.88,0.6,0.1,0.3,pre
68.9,0.6,0.1,0.3,pre
68.92,0.6,0.1,0.3,pre
68.94,0.6,0.1,0.3,pre
68.96000000000001,0.6,0.1,0.3,pre
68.98,0.6,0.1,0.3,pre
69.0,0.6,0.1,0.3,pre
69.02,0.6,0.1,0.3,pre
69.04,0.6,0.1,0.3,pre
69.06,0.6,0.1,0.3,pre
69.08,0.6,0.1,0.3,pre
69.10000000000001,0.6,0.1,0.3,pre
69.12,0.6,0.1,0.3,pre
69.14,0.6,0.1,0.3,pre
69.16,0.6,0.1,0.3,pre
69.18,0.6,0.1,0.3,pre
69.2,0.6,0.1,0.3,pre
69.22,0.6,0.1,0.3,pre
69.24,0.6,0.1,0.3,pre
69.26,0.6,0.1,0.3,pre
69.28,0.6,0.1,0.3,pre
69.3,0.6,0.1,0.3,pre
69.32000000000001,0.6,0.1,0.3,pre
69.34,0.6,0.1,0.3,pre
69.36,0.6,0.1,0.3,pre
69.38,0.6,0.1,0.3,pre
69.4,0.6,0.1,0.3,pre
69.42,0.6,0.1,0.3,pre
69.44,0.6,0.1,0.3,pre
69.46000000000001,0.6,0.1,0.3,pre
69.48,0.6,0.1,0.3,pre
69.5,0.6,0.1,0.3,pre
69.52,0.6,0.1,0.3,pre
69.54,0.6,0.1,0.3,pre
69.56,0.6,0.1,0.3,pre
69.58,0.6,0.1,0.3,pre
69.60000000000001,0.6,0.1,0.3,pre
69.62,0.6,0.1,0.3,pre
69.64,0.6,0.1,0.3,pre
69.66,0.6,0.1,0.3,pre
69.68,0.6,0.1,0.3,pre
69.7,0.6,0.1,0.3,pre
69.72,0.6,0.1,0.3,pre
69.74,0.6,0.1,0.3,pre
69.76,0.6,0.1,0.3,pre
69.78,0.6,0.1,0.3,pre
69.8,0.6,0.1,0.3,pre
69.82000000000001,0.6,0.1,0.3,pre
69.84,0.6,0.1,0.3,pre
69.86,0.6,0.1,0.3,pre
69.88,0.6,0.1,0.3,pre
69.9,0.6,0.1,0.3,pre
69.92,0.6,0.1,0.3,pre
69.94,0.6,0.1,0.3,pre
69.96000000000001,0.6,0.1,0.3,pre
69.98,0.6,0.1,0.3,pre
70.0,0.1,0.1,0.3,down_0.6to0.1_r1
70.02,0.1,0.1,0.3,down_0.6to0.1_r1
70.04,0.1,0.1,0.3,down_0.6to0.1_r1
70.06,0.1,0.1,0.3,down_0.6to0.1_r1
70.08,0.1,0.1,0.3,down_0.6to0.1_r1
70.10000000000001,0.1,0.1,0.3,down_0.6to0.1_r1
70.12,0.1,0.1,0.3,down_0.6to0.1_r1
70.14,0.1,0.1,0.3,down_0.6to0.1_r1
70.16,0.1,0.1,0.3,down_0.6to0.1_r1
70.18,0.1,0.1,0.3,down_0.6to0.1_r1
70.2,0.1,0.1,0.3,down_0.6to0.1_r1
70.22,0.1,0.1,0.3,down_0.6to0.1_r1
70.24,0.1,0.1,0.3,down_0.6to0.1_r1
70.26,0.1,0.1,0.3,down_0.6to0.1_r1
70.28,0.1,0.1,0.3,down_0.6to0.1_r1
70.3,0.1,0.1,0.3,down_0.6to0.1_r1
70.32000000000001,0.1,0.1,0.3,down_0.6to0.1_r1
70.34,0.1,0.1,0.3,down_0.6to0.1_r1
70.36,0.1,0.1,0.3,down_0.6to0.1_r1
70.38,0.1,0.1,0.3,down_0.6to0.1_r1
70.4,0.1,0.1,0.3,down_0.6to0.1_r1
70.42,0.1,0.1,0.3,down_0.6to0.1_r1
70.44,0.1,0.1,0.3,down_0.6to0.1_r1
70.46000000000001,0.1,0.1,0.3,down_0.6to0.1_r1
70.48,0.1,0.1,0.3,down_0.6to0.1_r1
70.5,0.1,0.1,0.3,down_0.6to0.1_r1
70.52,0.1,0.1,0.3,down_0.6to0.1_r1
70.54,0.1,0.1,0.3,down_0.6to0.1_r1
70.56,0.1,0.1,0.3,down_0.6to0.1_r1
70.58,0.1,0.1,0.3,down_0.6to0.1_r1
70.60000000000001,0.1,0.1,0.3,down_0.6to0.1_r1
70.62,0.1,0.1,0.3,down_0.6to0.1_r1
70.64,0.1,0.1,0.3,down_0.6to0.1_r1
70.66,0.1,0.1,0.3,down_0.6to0.1_r1
70.68,0.1,0.1,0.3,down_0.6to0.1_r1
70.7,0.1,0.1,0.3,down_0.6to0.1_r1
70.72,0.1,0.1,0.3,down_0.6to0.1_r1
70.74,0.1,0.1,0.3,down_0.6to0.1_r1
70.76,0.1,0.1,0.3,down_0.6to0.1_r1
70.78,0.1,0.1,0.3,down_0.6to0.1_r1
70.8,0.1,0.1,0.3,down_0.6to0.1_r1
70.82000000000001,0.1,0.1,0.3,down_0.6to0.1_r1
70.84,0.1,0.1,0.3,down_0.6to0.1_r1
70.86,0.1,0.1,0.3,down_0.6to0.1_r1
70.88,0.1,0.1,0.3,down_0.6to0.1_r1
70.9,0.1,0.1,0.3,down_0.6to0.1_r1
70.92,0.1,0.1,0.3,down_0.6to0.1_r1
70.94,0.1,0.1,0.3,down_0.6to0.1_r1
70.96000000000001,0.1,0.1,0.3,down_0.6to0.1_r1
70.98,0.1,0.1,0.3,down_0.6to0.1_r1
71.0,0.1,0.1,0.3,down_0.6to0.1_r1
71.02,0.1,0.1,0.3,down_0.6to0.1_r1
71.04,0.1,0.1,0.3,down_0.6to0.1_r1
71.06,0.1,0.1,0.3,down_0.6to0.1_r1
71.08,0.1,0.1,0.3,down_0.6to0.1_r1
71.10000000000001,0.1,0.1,0.3,down_0.6to0.1_r1
71.12,0.1,0.1,0.3,down_0.6to0.1_r1
71.14,0.1,0.1,0.3,down_0.6to0.1_r1
71.16,0.1,0.1,0.3,down_0.6to0.1_r1
71.18,0.1,0.1,0.3,down_0.6to0.1_r1
71.2,0.1,0.1,0.3,down_0.6to0.1_r1
71.22,0.1,0.1,0.3,down_0.6to0.1_r1
71.24,0.1,0.1,0.3,down_0.6to0.1_r1
71.26,0.1,0.1,0.3,down_0.6to0.1_r1
71.28,0.1,0.1,0.3,down_0.6to0.1_r1
71.3,0.1,0.1,0.3,down_0.6to0.1_r1
71.32000000000001,0.1,0.1,0.3,down_0.6to0.1_r1
71.34,0.1,0.1,0.3,down_0.6to0.1_r1
71.36,0.1,0.1,0.3,down_0.6to0.1_r1
71.38,0.1,0.1,0.3,down_0.6to0.1_r1
71.4,0.1,0.1,0.3,down_0.6to0.1_r1
71.42,0.1,0.1,0.3,down_0.6to0.1_r1
71.44,0.1,0.1,0.3,down_0.6to0.1_r1
71.46000000000001,0.1,0.1,0.3,down_0.6to0.1_r1
71.48,0.1,0.1,0.3,down_0.6to0.1_r1
71.5,0.1,0.1,0.3,down_0.6to0.1_r1
71.52,0.1,0.1,0.3,down_0.6to0.1_r1
71.54,0.1,0.1,0.3,down_0.6to0.1_r1
71.56,0.1,0.1,0.3,down_0.6to0.1_r1
71.58,0.1,0.1,0.3,down_0.6to0.1_r1
71.60000000000001,0.1,0.1,0.3,down_0.6to0.1_r1
71.62,0.1,0.1,0.3,down_0.6to0.1_r1
71.64,0.1,0.1,0.3,down_0.6to0.1_r1
71.66,0.1,0.1,0.3,down_0.6to0.1_r1
71.68,0.1,0.1,0.3,down_0.6to0.1_r1
71.7,0.1,0.1,0.3,down_0.6to0.1_r1
71.72,0.1,0.1,0.3,down_0.6to0.1_r1
71.74,0.1,0.1,0.3,down_0.6to0.1_r1
71.76,0.1,0.1,0.3,down_0.6to0.1_r1
71.78,0.1,0.1,0.3,down_0.6to0.1_r1
71.8,0.1,0.1,0.3,down_0.6to0.1_r1
71.82000000000001,0.1,0.1,0.3,down_0.6to0.1_r1
71.84,0.1,0.1,0.3,down_0.6to0.1_r1
71.86,0.1,0.1,0.3,down_0.6to0.1_r1
71.88,0.1,0.1,0.3,down_0.6to0.1_r1
71.9,0.1,0.1,0.3,down_0.6to0.1_r1
71.92,0.1,0.1,0.3,down_0.6to0.1_r1
71.94,0.1,0.1,0.3,down_0.6to0.1_r1
71.96000000000001,0.1,0.1,0.3,down_0.6to0.1_r1
71.98,0.1,0.1,0.3,down_0.6to0.1_r1
72.0,0.6,0.1,0.3,pre
72.02,0.6,0.1,0.3,pre
72.04,0.6,0.1,0.3,pre
72.06,0.6,0.1,0.3,pre
72.08,0.6,0.1,0.3,pre
72.10000000000001,0.6,0.1,0.3,pre
72.12,0.6,0.1,0.3,pre
72.14,0.6,0.1,0.3,pre
72.16,0.6,0.1,0.3,pre
72.18,0.6,0.1,0.3,pre
72.2,0.6,0.1,0.3,pre
72.22,0.6,0.1,0.3,pre
72.24,0.6,0.1,0.3,pre
72.26,0.6,0.1,0.3,pre
72.28,0.6,0.1,0.3,pre
72.3,0.6,0.1,0.3,pre
72.32000000000001,0.6,0.1,0.3,pre
72.34,0.6,0.1,0.3,pre
72.36,0.6,0.1,0.3,pre
72.38,0.6,0.1,0.3,pre
72.4,0.6,0.1,0.3,pre
72.42,0.6,0.1,0.3,pre
72.44,0.6,0.1,0.3,pre
72.46000000000001,0.6,0.1,0.3,pre
72.48,0.6,0.1,0.3,pre
72.5,0.6,0.1,0.3,pre
72.52,0.6,0.1,0.3,pre
72.54,0.6,0.1,0.3,pre
72.56,0.6,0.1,0.3,pre
72.58,0.6,0.1,0.3,pre
72.60000000000001,0.6,0.1,0.3,pre
72.62,0.6,0.1,0.3,pre
72.64,0.6,0.1,0.3,pre
72.66,0.6,0.1,0.3,pre
72.68,0.6,0.1,0.3,pre
72.7,0.6,0.1,0.3,pre
72.72,0.6,0.1,0.3,pre
72.74,0.6,0.1,0.3,pre
72.76,0.6,0.1,0.3,pre
72.78,0.6,0.1,0.3,pre
72.8,0.6,0.1,0.3,pre
72.82000000000001,0.6,0.1,0.3,pre
72.84,0.6,0.1,0.3,pre
72.86,0.6,0.1,0.3,pre
72.88,0.6,0.1,0.3,pre
72.9,0.6,0.1,0.3,pre
72.92,0.6,0.1,0.3,pre
72.94,0.6,0.1,0.3,pre
72.96000000000001,0.6,0.1,0.3,pre
72.98,0.6,0.1,0.3,pre
73.0,0.6,0.1,0.3,pre
73.02,0.6,0.1,0.3,pre
73.04,0.6,0.1,0.3,pre
73.06,0.6,0.1,0.3,pre
73.08,0.6,0.1,0.3,pre
73.10000000000001,0.6,0.1,0.3,pre
73.12,0.6,0.1,0.3,pre
73.14,0.6,0.1,0.3,pre
73.16,0.6,0.1,0.3,pre
73.18,0.6,0.1,0.3,pre
73.2,0.6,0.1,0.3,pre
73.22,0.6,0.1,0.3,pre
73.24,0.6,0.1,0.3,pre
73.26,0.6,0.1,0.3,pre
73.28,0.6,0.1,0.3,pre
73.3,0.6,0.1,0.3,pre
73.32000000000001,0.6,0.1,0.3,pre
73.34,0.6,0.1,0.3,pre
73.36,0.6,0.1,0.3,pre
73.38,0.6,0.1,0.3,pre
73.4,0.6,0.1,0.3,pre
73.42,0.6,0.1,0.3,pre
73.44,0.6,0.1,0.3,pre
73.46000000000001,0.6,0.1,0.3,pre
73.48,0.6,0.1,0.3,pre
73.5,0.6,0.1,0.3,pre
73.52,0.6,0.1,0.3,pre
73.54,0.6,0.1,0.3,pre
73.56,0.6,0.1,0.3,pre
73.58,0.6,0.1,0.3,pre
73.60000000000001,0.6,0.1,0.3,pre
73.62,0.6,0.1,0.3,pre
73.64,0.6,0.1,0.3,pre
73.66,0.6,0.1,0.3,pre
73.68,0.6,0.1,0.3,pre
73.7,0.6,0.1,0.3,pre
73.72,0.6,0.1,0.3,pre
73.74,0.6,0.1,0.3,pre
73.76,0.6,0.1,0.3,pre
73.78,0.6,0.1,0.3,pre
73.8,0.6,0.1,0.3,pre
73.82000000000001,0.6,0.1,0.3,pre
73.84,0.6,0.1,0.3,pre
73.86,0.6,0.1,0.3,pre
73.88,0.6,0.1,0.3,pre
73.9,0.6,0.1,0.3,pre
73.92,0.6,0.1,0.3,pre
73.94,0.6,0.1,0.3,pre
73.96000000000001,0.6,0.1,0.3,pre
73.98,0.6,0.1,0.3,pre
74.0,0.6,0.1,0.3,pre
74.02,0.6,0.1,0.3,pre
74.04,0.6,0.1,0.3,pre
74.06,0.6,0.1,0.3,pre
74.08,0.6,0.1,0.3,pre
74.10000000000001,0.6,0.1,0.3,pre
74.12,0.6,0.1,0.3,pre
74.14,0.6,0.1,0.3,pre
74.16,0.6,0.1,0.3,pre
74.18,0.6,0.1,0.3,pre
74.2,0.6,0.1,0.3,pre
74.22,0.6,0.1,0.3,pre
74.24,0.6,0.1,0.3,pre
74.26,0.6,0.1,0.3,pre
74.28,0.6,0.1,0.3,pre
74.3,0.6,0.1,0.3,pre
74.32000000000001,0.6,0.1,0.3,pre
74.34,0.6,0.1,0.3,pre
74.36,0.6,0.1,0.3,pre
74.38,0.6,0.1,0.3,pre
74.4,0.6,0.1,0.3,pre
74.42,0.6,0.1,0.3,pre
74.44,0.6,0.1,0.3,pre
74.46000000000001,0.6,0.1,0.3,pre
74.48,0.6,0.1,0.3,pre
74.5,0.6,0.1,0.3,pre
74.52,0.6,0.1,0.3,pre
74.54,0.6,0.1,0.3,pre
74.56,0.6,0.1,0.3,pre
74.58,0.6,0.1,0.3,pre
74.60000000000001,0.6,0.1,0.3,pre
74.62,0.6,0.1,0.3,pre
74.64,0.6,0.1,0.3,pre
74.66,0.6,0.1,0.3,pre
74.68,0.6,0.1,0.3,pre
74.7,0.6,0.1,0.3,pre
74.72,0.6,0.1,0.3,pre
74.74,0.6,0.1,0.3,pre
74.76,0.6,0.1,0.3,pre
74.78,0.6,0.1,0.3,pre
74.8,0.6,0.1,0.3,pre
74.82000000000001,0.6,0.1,0.3,pre
74.84,0.6,0.1,0.3,pre
74.86,0.6,0.1,0.3,pre
74.88,0.6,0.1,0.3,pre
74.9,0.6,0.1,0.3,pre
74.92,0.6,0.1,0.3,pre
74.94,0.6,0.1,0.3,pre
74.96000000000001,0.6,0.1,0.3,pre
74.98,0.6,0.1,0.3,pre
75.0,0.3,0.1,0.3,down_0.6to0.3_r1
75.02,0.3,0.1,0.3,down_0.6to0.3_r1
75.04,0.3,0.1,0.3,down_0.6to0.3_r1
75.06,0.3,0.1,0.3,down_0.6to0.3_r1
75.08,0.3,0.1,0.3,down_0.6to0.3_r1
75.10000000000001,0.3,0.1,0.3,down_0.6to0.3_r1
75.12,0.3,0.1,0.3,down_0.6to0.3_r1
75.14,0.3,0.1,0.3,down_0.6to0.3_r1
75.16,0.3,0.1,0.3,down_0.6to0.3_r1
75.18,0.3,0.1,0.3,down_0.6to0.3_r1
75.2,0.3,0.1,0.3,down_0.6to0.3_r1
75.22,0.3,0.1,0.3,down_0.6to0.3_r1
75.24,0.3,0.1,0.3,down_0.6to0.3_r1
75.26,0.3,0.1,0.3,down_0.6to0.3_r1
75.28,0.3,0.1,0.3,down_0.6to0.3_r1
75.3,0.3,0.1,0.3,down_0.6to0.3_r1
75.32000000000001,0.3,0.1,0.3,down_0.6to0.3_r1
75.34,0.3,0.1,0.3,down_0.6to0.3_r1
75.36,0.3,0.1,0.3,down_0.6to0.3_r1
75.38,0.3,0.1,0.3,down_0.6to0.3_r1
75.4,0.3,0.1,0.3,down_0.6to0.3_r1
75.42,0.3,0.1,0.3,down_0.6to0.3_r1
75.44,0.3,0.1,0.3,down_0.6to0.3_r1
75.46000000000001,0.3,0.1,0.3,down_0.6to0.3_r1
75.48,0.3,0.1,0.3,down_0.6to0.3_r1
75.5,0.3,0.1,0.3,down_0.6to0.3_r1
75.52,0.3,0.1,0.3,down_0.6to0.3_r1
75.54,0.3,0.1,0.3,down_0.6to0.3_r1
75.56,0.3,0.1,0.3,down_0.6to0.3_r1
75.58,0.3,0.1,0.3,down_0.6to0.3_r1
75.60000000000001,0.3,0.1,0.3,down_0.6to0.3_r1
75.62,0.3,0.1,0.3,down_0.6to0.3_r1
75.64,0.3,0.1,0.3,down_0.6to0.3_r1
75.66,0.3,0.1,0.3,down_0.6to0.3_r1
75.68,0.3,0.1,0.3,down_0.6to0.3_r1
75.7,0.3,0.1,0.3,down_0.6to0.3_r1
75.72,0.3,0.1,0.3,down_0.6to0.3_r1
75.74,0.3,0.1,0.3,down_0.6to0.3_r1
75.76,0.3,0.1,0.3,down_0.6to0.3_r1
75.78,0.3,0.1,0.3,down_0.6to0.3_r1
75.8,0.3,0.1,0.3,down_0.6to0.3_r1
75.82000000000001,0.3,0.1,0.3,down_0.6to0.3_r1
75.84,0.3,0.1,0.3,down_0.6to0.3_r1
75.86,0.3,0.1,0.3,down_0.6to0.3_r1
75.88,0.3,0.1,0.3,down_0.6to0.3_r1
75.9,0.3,0.1,0.3,down_0.6to0.3_r1
75.92,0.3,0.1,0.3,down_0.6to0.3_r1
75.94,0.3,0.1,0.3,down_0.6to0.3_r1
75.96000000000001,0.3,0.1,0.3,down_0.6to0.3_r1
75.98,0.3,0.1,0.3,down_0.6to0.3_r1
76.0,0.3,0.1,0.3,down_0.6to0.3_r1
76.02,0.3,0.1,0.3,down_0.6to0.3_r1
76.04,0.3,0.1,0.3,down_0.6to0.3_r1
76.06,0.3,0.1,0.3,down_0.6to0.3_r1
76.08,0.3,0.1,0.3,down_0.6to0.3_r1
76.10000000000001,0.3,0.1,0.3,down_0.6to0.3_r1
76.12,0.3,0.1,0.3,down_0.6to0.3_r1
76.14,0.3,0.1,0.3,down_0.6to0.3_r1
76.16,0.3,0.1,0.3,down_0.6to0.3_r1
76.18,0.3,0.1,0.3,down_0.6to0.3_r1
76.2,0.3,0.1,0.3,down_0.6to0.3_r1
76.22,0.3,0.1,0.3,down_0.6to0.3_r1
76.24,0.3,0.1,0.3,down_0.6to0.3_r1
76.26,0.3,0.1,0.3,down_0.6to0.3_r1
76.28,0.3,0.1,0.3,down_0.6to0.3_r1
76.3,0.3,0.1,0.3,down_0.6to0.3_r1
76.32000000000001,0.3,0.1,0.3,down_0.6to0.3_r1
76.34,0.3,0.1,0.3,down_0.6to0.3_r1
76.36,0.3,0.1,0.3,down_0.6to0.3_r1
76.38,0.3,0.1,0.3,down_0.6to0.3_r1
76.4,0.3,0.1,0.3,down_0.6to0.3_r1
76.42,0.3,0.1,0.3,down_0.6to0.3_r1
76.44,0.3,0.1,0.3,down_0.6to0.3_r1
76.46000000000001,0.3,0.1,0.3,down_0.6to0.3_r1
76.48,0.3,0.1,0.3,down_0.6to0.3_r1
76.5,0.3,0.1,0.3,down_0.6to0.3_r1
76.52,0.3,0.1,0.3,down_0.6to0.3_r1
76.54,0.3,0.1,0.3,down_0.6to0.3_r1
76.56,0.3,0.1,0.3,down_0.6to0.3_r1
76.58,0.3,0.1,0.3,down_0.6to0.3_r1
76.60000000000001,0.3,0.1,0.3,down_0.6to0.3_r1
76.62,0.3,0.1,0.3,down_0.6to0.3_r1
76.64,0.3,0.1,0.3,down_0.6to0.3_r1
76.66,0.3,0.1,0.3,down_0.6to0.3_r1
76.68,0.3,0.1,0.3,down_0.6to0.3_r1
76.7,0.3,0.1,0.3,down_0.6to0.3_r1
76.72,0.3,0.1,0.3,down_0.6to0.3_r1
76.74,0.3,0.1,0.3,down_0.6to0.3_r1
76.76,0.3,0.1,0.3,down_0.6to0.3_r1
76.78,0.3,0.1,0.3,down_0.6to0.3_r1
76.8,0.3,0.1,0.3,down_0.6to0.3_r1
76.82000000000001,0.3,0.1,0.3,down_0.6to0.3_r1
76.84,0.3,0.1,0.3,down_0.6to0.3_r1
76.86,0.3,0.1,0.3,down_0.6to0.3_r1
76.88,0.3,0.1,0.3,down_0.6to0.3_r1
76.9,0.3,0.1,0.3,down_0.6to0.3_r1
76.92,0.3,0.1,0.3,down_0.6to0.3_r1
76.94,0.3,0.1,0.3,down_0.6to0.3_r1
76.96000000000001,0.3,0.1,0.3,down_0.6to0.3_r1
76.98,0.3,0.1,0.3,down_0.6to0.3_r1
77.0,0.1,0.1,0.3,pre
77.02,0.1,0.1,0.3,pre
77.04,0.1,0.1,0.3,pre
77.06,0.1,0.1,0.3,pre
77.08,0.1,0.1,0.3,pre
77.10000000000001,0.1,0.1,0.3,pre
77.12,0.1,0.1,0.3,pre
77.14,0.1,0.1,0.3,pre
77.16,0.1,0.1,0.3,pre
77.18,0.1,0.1,0.3,pre
77.2,0.1,0.1,0.3,pre
77.22,0.1,0.1,0.3,pre
77.24,0.1,0.1,0.3,pre
77.26,0.1,0.1,0.3,pre
77.28,0.1,0.1,0.3,pre
77.3,0.1,0.1,0.3,pre
77.32000000000001,0.1,0.1,0.3,pre
77.34,0.1,0.1,0.3,pre
77.36,0.1,0.1,0.3,pre
77.38,0.1,0.1,0.3,pre
77.4,0.1,0.1,0.3,pre
77.42,0.1,0.1,0.3,pre
77.44,0.1,0.1,0.3,pre
77.46000000000001,0.1,0.1,0.3,pre
77.48,0.1,0.1,0.3,pre
77.5,0.1,0.1,0.3,pre
77.52,0.1,0.1,0.3,pre
77.54,0.1,0.1,0.3,pre
77.56,0.1,0.1,0.3,pre
77.58,0.1,0.1,0.3,pre
77.60000000000001,0.1,0.1,0.3,pre
77.62,0.1,0.1,0.3,pre
77.64,0.1,0.1,0.3,pre
77.66,0.1,0.1,0.3,pre
77.68,0.1,0.1,0.3,pre
77.7,0.1,0.1,0.3,pre
77.72,0.1,0.1,0.3,pre
77.74,0.1,0.1,0.3,pre
77.76,0.1,0.1,0.3,pre
77.78,0.1,0.1,0.3,pre
77.8,0.1,0.1,0.3,pre
77.82000000000001,0.1,0.1,0.3,pre
77.84,0.1,0.1,0.3,pre
77.86,0.1,0.1,0.3,pre
77.88,0.1,0.1,0.3,pre
77.9,0.1,0.1,0.3,pre
77.92,0.1,0.1,0.3,pre
77.94,0.1,0.1,0.3,pre
77.96000000000001,0.1,0.1,0.3,pre
77.98,0.1,0.1,0.3,pre
78.0,0.1,0.1,0.3,pre
78.02,0.1,0.1,0.3,pre
78.04,0.1,0.1,0.3,pre
78.06,0.1,0.1,0.3,pre
78.08,0.1,0.1,0.3,pre
78.10000000000001,0.1,0.1,0.3,pre
78.12,0.1,0.1,0.3,pre
78.14,0.1,0.1,0.3,pre
78.16,0.1,0.1,0.3,pre
78.18,0.1,0.1,0.3,pre
78.2,0.1,0.1,0.3,pre
78.22,0.1,0.1,0.3,pre
78.24,0.1,0.1,0.3,pre
78.26,0.1,0.1,0.3,pre
78.28,0.1,0.1,0.3,pre
78.3,0.1,0.1,0.3,pre
78.32000000000001,0.1,0.1,0.3,pre
78.34,0.1,0.1,0.3,pre
78.36,0.1,0.1,0.3,pre
78.38,0.1,0.1,0.3,pre
78.4,0.1,0.1,0.3,pre
78.42,0.1,0.1,0.3,pre
78.44,0.1,0.1,0.3,pre
78.46000000000001,0.1,0.1,0.3,pre
78.48,0.1,0.1,0.3,pre
78.5,0.3,0.1,0.3,up_0.1to0.3_r2
78.52,0.3,0.1,0.3,up_0.1to0.3_r2
78.54,0.3,0.1,0.3,up_0.1to0.3_r2
78.56,0.3,0.1,0.3,up_0.1to0.3_r2
78.58,0.3,0.1,0.3,up_0.1to0.3_r2
78.60000000000001,0.3,0.1,0.3,up_0.1to0.3_r2
78.62,0.3,0.1,0.3,up_0.1to0.3_r2
78.64,0.3,0.1,0.3,up_0.1to0.3_r2
78.66,0.3,0.1,0.3,up_0.1to0.3_r2
78.68,0.3,0.1,0.3,up_0.1to0.3_r2
78.7,0.3,0.1,0.3,up_0.1to0.3_r2
78.72,0.3,0.1,0.3,up_0.1to0.3_r2
78.74,0.3,0.1,0.3,up_0.1to0.3_r2
78.76,0.3,0.1,0.3,up_0.1to0.3_r2
78.78,0.3,0.1,0.3,up_0.1to0.3_r2
78.8,0.3,0.1,0.3,up_0.1to0.3_r2
78.82000000000001,0.3,0.1,0.3,up_0.1to0.3_r2
78.84,0.3,0.1,0.3,up_0.1to0.3_r2
78.86,0.3,0.1,0.3,up_0.1to0.3_r2
78.88,0.3,0.1,0.3,up_0.1to0.3_r2
78.9,0.3,0.1,0.3,up_0.1to0.3_r2
78.92,0.3,0.1,0.3,up_0.1to0.3_r2
78.94,0.3,0.1,0.3,up_0.1to0.3_r2
78.96000000000001,0.3,0.1,0.3,up_0.1to0.3_r2
78.98,0.3,0.1,0.3,up_0.1to0.3_r2
79.0,0.3,0.1,0.3,up_0.1to0.3_r2
79.02,0.3,0.1,0.3,up_0.1to0.3_r2
79.04,0.3,0.1,0.3,up_0.1to0.3_r2
79.06,0.3,0.1,0.3,up_0.1to0.3_r2
79.08,0.3,0.1,0.3,up_0.1to0.3_r2
79.10000000000001,0.3,0.1,0.3,up_0.1to0.3_r2
79.12,0.3,0.1,0.3,up_0.1to0.3_r2
79.14,0.3,0.1,0.3,up_0.1to0.3_r2
79.16,0.3,0.1,0.3,up_0.1to0.3_r2
79.18,0.3,0.1,0.3,up_0.1to0.3_r2
79.2,0.3,0.1,0.3,up_0.1to0.3_r2
79.22,0.3,0.1,0.3,up_0.1to0.3_r2
79.24,0.3,0.1,0.3,up_0.1to0.3_r2
79.26,0.3,0.1,0.3,up_0.1to0.3_r2
79.28,0.3,0.1,0.3,up_0.1to0.3_r2
79.3,0.3,0.1,0.3,up_0.1to0.3_r2
79.32000000000001,0.3,0.1,0.3,up_0.1to0.3_r2
79.34,0.3,0.1,0.3,up_0.1to0.3_r2
79.36,0.3,0.1,0.3,up_0.1to0.3_r2
79.38,0.3,0.1,0.3,up_0.1to0.3_r2
79.4,0.3,0.1,0.3,up_0.1to0.3_r2
79.42,0.3,0.1,0.3,up_0.1to0.3_r2
79.44,0.3,0.1,0.3,up_0.1to0.3_r2
79.46000000000001,0.3,0.1,0.3,up_0.1to0.3_r2
79.48,0.3,0.1,0.3,up_0.1to0.3_r2
79.5,0.3,0.1,0.3,up_0.1to0.3_r2
79.52,0.3,0.1,0.3,up_0.1to0.3_r2
79.54,0.3,0.1,0.3,up_0.1to0.3_r2
79.56,0.3,0.1,0.3,up_0.1to0.3_r2
79.58,0.3,0.1,0.3,up_0.1to0.3_r2
79.60000000000001,0.3,0.1,0.3,up_0.1to0.3_r2
79.62,0.3,0.1,0.3,up_0.1to0.3_r2
79.64,0.3,0.1,0.3,up_0.1to0.3_r2
79.66,0.3,0.1,0.3,up_0.1to0.3_r2
79.68,0.3,0.1,0.3,up_0.1to0.3_r2
79.7,0.3,0.1,0.3,up_0.1to0.3_r2
79.72,0.3,0.1,0.3,up_0.1to0.3_r2
79.74,0.3,0.1,0.3,up_0.1to0.3_r2
79.76,0.3,0.1,0.3,up_0.1to0.3_r2
79.78,0.3,0.1,0.3,up_0.1to0.3_r2
79.8,0.3,0.1,0.3,up_0.1to0.3_r2
79.82000000000001,0.3,0.1,0.3,up_0.1to0.3_r2
79.84,0.3,0.1,0.3,up_0.1to0.3_r2
79.86,0.3,0.1,0.3,up_0.1to0.3_r2
79.88,0.3,0.1,0.3,up_0.1to0.3_r2
79.9,0.3,0.1,0.3,up_0.1to0.3_r2
79.92,0.3,0.1,0.3,up_0.1to0.3_r2
79.94,0.3,0.1,0.3,up_0.1to0.3_r2
79.96000000000001,0.3,0.1,0.3,up_0.1to0.3_r2
79.98,0.3,0.1,0.3,up_0.1to0.3_r2
80.0,0.3,0.1,0.3,up_0.1to0.3_r2
80.02,0.3,0.1,0.3,up_0.1to0.3_r2
80.04,0.3,0.1,0.3,up_0.1to0.3_r2
80.06,0.3,0.1,0.3,up_0.1to0.3_r2
80.08,0.3,0.1,0.3,up_0.1to0.3_r2
80.10000000000001,0.3,0.1,0.3,up_0.1to0.3_r2
80.12,0.3,0.1,0.3,up_0.1to0.3_r2
80.14,0.3,0.1,0.3,up_0.1to0.3_r2
80.16,0.3,0.1,0.3,up_0.1to0.3_r2
80.18,0.3,0.1,0.3,up_0.1to0.3_r2
80.2,0.3,0.1,0.3,up_0.1to0.3_r2
80.22,0.3,0.1,0.3,up_0.1to0.3_r2
80.24,0.3,0.1,0.3,up_0.1to0.3_r2
80.26,0.3,0.1,0.3,up_0.1to0.3_r2
80.28,0.3,0.1,0.3,up_0.1to0.3_r2
80.3,0.3,0.1,0.3,up_0.1to0.3_r2
80.32000000000001,0.3,0.1,0.3,up_0.1to0.3_r2
80.34,0.3,0.1,0.3,up_0.1to0.3_r2
80.36,0.3,0.1,0.3,up_0.1to0.3_r2
80.38,0.3,0.1,0.3,up_0.1to0.3_r2
80.4,0.3,0.1,0.3,up_0.1to0.3_r2
80.42,0.3,0.1,0.3,up_0.1to0.3_r2
80.44,0.3,0.1,0.3,up_0.1to0.3_r2
80.46000000000001,0.3,0.1,0.3,up_0.1to0.3_r2
80.48,0.3,0.1,0.3,up_0.1to0.3_r2
80.5,0.3,0.1,0.3,up_0.1to0.3_r2
80.52,0.3,0.1,0.3,up_0.1to0.3_r2
80.54,0.3,0.1,0.3,up_0.1to0.3_r2
80.56,0.3,0.1,0.3,up_0.1to0.3_r2
80.58,0.3,0.1,0.3,up_0.1to0.3_r2
80.60000000000001,0.3,0.1,0.3,up_0.1to0.3_r2
80.62,0.3,0.1,0.3,up_0.1to0.3_r2
80.64,0.3,0.1,0.3,up_0.1to0.3_r2
80.66,0.3,0.1,0.3,up_0.1to0.3_r2
80.68,0.3,0.1,0.3,up_0.1to0.3_r2
80.7,0.3,0.1,0.3,up_0.1to0.3_r2
80.72,0.3,0.1,0.3,up_0.1to0.3_r2
80.74,0.3,0.1,0.3,up_0.1to0.3_r2
80.76,0.3,0.1,0.3,up_0.1to0.3_r2
80.78,0.3,0.1,0.3,up_0.1to0.3_r2
80.8,0.3,0.1,0.3,up_0.1to0.3_r2
80.82000000000001,0.3,0.1,0.3,up_0.1to0.3_r2
80.84,0.3,0.1,0.3,up_0.1to0.3_r2
80.86,0.3,0.1,0.3,up_0.1to0.3_r2
80.88,0.3,0.1,0.3,up_0.1to0.3_r2
80.9,0.3,0.1,0.3,up_0.1to0.3_r2
80.92,0.3,0.1,0.3,up_0.1to0.3_r2
80.94,0.3,0.1,0.3,up_0.1to0.3_r2
80.96000000000001,0.3,0.1,0.3,up_0.1to0.3_r2
80.98,0.3,0.1,0.3,up_0.1to0.3_r2
81.0,0.3,0.1,0.3,up_0.1to0.3_r2
81.02,0.3,0.1,0.3,up_0.1to0.3_r2
81.04,0.3,0.1,0.3,up_0.1to0.3_r2
81.06,0.3,0.1,0.3,up_0.1to0.3_r2
81.08,0.3,0.1,0.3,up_0.1to0.3_r2
81.10000000000001,0.3,0.1,0.3,up_0.1to0.3_r2
81.12,0.3,0.1,0.3,up_0.1to0.3_r2
81.14,0.3,0.1,0.3,up_0.1to0.3_r2
81.16,0.3,0.1,0.3,up_0.1to0.3_r2
81.18,0.3,0.1,0.3,up_0.1to0.3_r2
81.2,0.3,0.1,0.3,up_0.1to0.3_r2
81.22,0.3,0.1,0.3,up_0.1to0.3_r2
81.24,0.3,0.1,0.3,up_0.1to0.3_r2
81.26,0.3,0.1,0.3,up_0.1to0.3_r2
81.28,0.3,0.1,0.3,up_0.1to0.3_r2
81.3,0.3,0.1,0.3,up_0.1to0.3_r2
81.32000000000001,0.3,0.1,0.3,up_0.1to0.3_r2
81.34,0.3,0.1,0.3,up_0.1to0.3_r2
81.36,0.3,0.1,0.3,up_0.1to0.3_r2
81.38,0.3,0.1,0.3,up_0.1to0.3_r2
81.4,0.3,0.1,0.3,up_0.1to0.3_r2
81.42,0.3,0.1,0.3,up_0.1to0.3_r2
81.44,0.3,0.1,0.3,up_0.1to0.3_r2
81.46000000000001,0.3,0.1,0.3,up_0.1to0.3_r2
81.48,0.3,0.1,0.3,up_0.1to0.3_r2
81.5,0.1,0.1,0.3,pre
81.52,0.1,0.1,0.3,pre
81.54,0.1,0.1,0.3,pre
81.56,0.1,0.1,0.3,pre
81.58,0.1,0.1,0.3,pre
81.60000000000001,0.1,0.1,0.3,pre
81.62,0.1,0.1,0.3,pre
81.64,0.1,0.1,0.3,pre
81.66,0.1,0.1,0.3,pre
81.68,0.1,0.1,0.3,pre
81.7,0.1,0.1,0.3,pre
81.72,0.1,0.1,0.3,pre
81.74,0.1,0.1,0.3,pre
81.76,0.1,0.1,0.3,pre
81.78,0.1,0.1,0.3,pre
81.8,0.1,0.1,0.3,pre
81.82000000000001,0.1,0.1,0.3,pre
81.84,0.1,0.1,0.3,pre
81.86,0.1,0.1,0.3,pre
81.88,0.1,0.1,0.3,pre
81.9,0.1,0.1,0.3,pre
81.92,0.1,0.1,0.3,pre
81.94,0.1,0.1,0.3,pre
81.96000000000001,0.1,0.1,0.3,pre
81.98,0.1,0.1,0.3,pre
82.0,0.1,0.1,0.3,pre
82.02,0.1,0.1,0.3,pre
82.04,0.1,0.1,0.3,pre
82.06,0.1,0.1,0.3,pre
82.08,0.1,0.1,0.3,pre
82.10000000000001,0.1,0.1,0.3,pre
82.12,0.1,0.1,0.3,pre
82.14,0.1,0.1,0.3,pre
82.16,0.1,0.1,0.3,pre
82.18,0.1,0.1,0.3,pre
82.2,0.1,0.1,0.3,pre
82.22,0.1,0.1,0.3,pre
82.24,0.1,0.1,0.3,pre
82.26,0.1,0.1,0.3,pre
82.28,0.1,0.1,0.3,pre
82.3,0.1,0.1,0.3,pre
82.32000000000001,0.1,0.1,0.3,pre
82.34,0.1,0.1,0.3,pre
82.36,0.1,0.1,0.3,pre
82.38,0.1,0.1,0.3,pre
82.4,0.1,0.1,0.3,pre
82.42,0.1,0.1,0.3,pre
82.44,0.1,0.1,0.3,pre
82.46000000000001,0.1,0.1,0.3,pre
82.48,0.1,0.1,0.3,pre
82.5,0.1,0.1,0.3,pre
82.52,0.1,0.1,0.3,pre
82.54,0.1,0.1,0.3,pre
82.56,0.1,0.1,0.3,pre
82.58,0.1,0.1,0.3,pre
82.60000000000001,0.1,0.1,0.3,pre
82.62,0.1,0.1,0.3,pre
82.64,0.1,0.1,0.3,pre
82.66,0.1,0.1,0.3,pre
82.68,0.1,0.1,0.3,pre
82.7,0.1,0.1,0.3,pre
82.72,0.1,0.1,0.3,pre
82.74,0.1,0.1,0.3,pre
82.76,0.1,0.1,0.3,pre
82.78,0.1,0.1,0.3,pre
82.8,0.1,0.1,0.3,pre
82.82000000000001,0.1,0.1,0.3,pre
82.84,0.1,0.1,0.3,pre
82.86,0.1,0.1,0.3,pre
82.88,0.1,0.1,0.3,pre
82.9,0.1,0.1,0.3,pre
82.92,0.1,0.1,0.3,pre
82.94,0.1,0.1,0.3,pre
82.96000000000001,0.1,0.1,0.3,pre
82.98,0.1,0.1,0.3,pre
83.0,0.4,0.1,0.3,up_0.1to0.4_r2
83.02,0.4,0.1,0.3,up_0.1to0.4_r2
83.04,0.4,0.1,0.3,up_0.1to0.4_r2
83.06,0.4,0.1,0.3,up_0.1to0.4_r2
83.08,0.4,0.1,0.3,up_0.1to0.4_r2
83.10000000000001,0.4,0.1,0.3,up_0.1to0.4_r2
83.12,0.4,0.1,0.3,up_0.1to0.4_r2
83.14,0.4,0.1,0.3,up_0.1to0.4_r2
83.16,0.4,0.1,0.3,up_0.1to0.4_r2
83.18,0.4,0.1,0.3,up_0.1to0.4_r2
83.2,0.4,0.1,0.3,up_0.1to0.4_r2
83.22,0.4,0.1,0.3,up_0.1to0.4_r2
83.24,0.4,0.1,0.3,up_0.1to0.4_r2
83.26,0.4,0.1,0.3,up_0.1to0.4_r2
83.28,0.4,0.1,0.3,up_0.1to0.4_r2
83.3,0.4,0.1,0.3,up_0.1to0.4_r2
83.32000000000001,0.4,0.1,0.3,up_0.1to0.4_r2
83.34,0.4,0.1,0.3,up_0.1to0.4_r2
83.36,0.4,0.1,0.3,up_0.1to0.4_r2
83.38,0.4,0.1,0.3,up_0.1to0.4_r2
83.4,0.4,0.1,0.3,up_0.1to0.4_r2
83.42,0.4,0.1,0.3,up_0.1to0.4_r2
83.44,0.4,0.1,0.3,up_0.1to0.4_r2
83.46000000000001,0.4,0.1,0.3,up_0.1to0.4_r2
83.48,0.4,0.1,0.3,up_0.1to0.4_r2
83.5,0.4,0.1,0.3,up_0.1to0.4_r2
83.52,0.4,0.1,0.3,up_0.1to0.4_r2
83.54,0.4,0.1,0.3,up_0.1to0.4_r2
83.56,0.4,0.1,0.3,up_0.1to0.4_r2
83.58,0.4,0.1,0.3,up_0.1to0.4_r2
83.60000000000001,0.4,0.1,0.3,up_0.1to0.4_r2
83.62,0.4,0.1,0.3,up_0.1to0.4_r2
83.64,0.4,0.1,0.3,up_0.1to0.4_r2
83.66,0.4,0.1,0.3,up_0.1to0.4_r2
83.68,0.4,0.1,0.3,up_0.1to0.4_r2
83.7,0.4,0.1,0.3,up_0.1to0.4_r2
83.72,0.4,0.1,0.3,up_0.1to0.4_r2
83.74,0.4,0.1,0.3,up_0.1to0.4_r2
83.76,0.4,0.1,0.3,up_0.1to0.4_r2
83.78,0.4,0.1,0.3,up_0.1to0.4_r2
83.8,0.4,0.1,0.3,up_0.1to0.4_r2
83.82000000000001,0.4,0.1,0.3,up_0.1to0.4_r2
83.84,0.4,0.1,0.3,up_0.1to0.4_r2
83.86,0.4,0.1,0.3,up_0.1to0.4_r2
83.88,0.4,0.1,0.3,up_0.1to0.4_r2
83.9,0.4,0.1,0.3,up_0.1to0.4_r2
83.92,0.4,0.1,0.3,up_0.1to0.4_r2
83.94,0.4,0.1,0.3,up_0.1to0.4_r2
83.96000000000001,0.4,0.1,0.3,up_0.1to0.4_r2
83.98,0.4,0.1,0.3,up_0.1to0.4_r2
84.0,0.4,0.1,0.3,up_0.1to0.4_r2
84.02,0.4,0.1,0.3,up_0.1to0.4_r2
84.04,0.4,0.1,0.3,up_0.1to0.4_r2
84.06,0.4,0.1,0.3,up_0.1to0.4_r2
84.08,0.4,0.1,0.3,up_0.1to0.4_r2
84.10000000000001,0.4,0.1,0.3,up_0.1to0.4_r2
84.12,0.4,0.1,0.3,up_0.1to0.4_r2
84.14,0.4,0.1,0.3,up_0.1to0.4_r2
84.16,0.4,0.1,0.3,up_0.1to0.4_r2
84.18,0.4,0.1,0.3,up_0.1to0.4_r2
84.2,0.4,0.1,0.3,up_0.1to0.4_r2
84.22,0.4,0.1,0.3,up_0.1to0.4_r2
84.24,0.4,0.1,0.3,up_0.1to0.4_r2
84.26,0.4,0.1,0.3,up_0.1to0.4_r2
84.28,0.4,0.1,0.3,up_0.1to0.4_r2
84.3,0.4,0.1,0.3,up_0.1to0.4_r2
84.32000000000001,0.4,0.1,0.3,up_0.1to0.4_r2
84.34,0.4,0.1,0.3,up_0.1to0.4_r2
84.36,0.4,0.1,0.3,up_0.1to0.4_r2
84.38,0.4,0.1,0.3,up_0.1to0.4_r2
84.4,0.4,0.1,0.3,up_0.1to0.4_r2
84.42,0.4,0.1,0.3,up_0.1to0.4_r2
84.44,0.4,0.1,0.3,up_0.1to0.4_r2
84.46000000000001,0.4,0.1,0.3,up_0.1to0.4_r2
84.48,0.4,0.1,0.3,up_0.1to0.4_r2
84.5,0.4,0.1,0.3,up_0.1to0.4_r2
84.52,0.4,0.1,0.3,up_0.1to0.4_r2
84.54,0.4,0.1,0.3,up_0.1to0.4_r2
84.56,0.4,0.1,0.3,up_0.1to0.4_r2
84.58,0.4,0.1,0.3,up_0.1to0.4_r2
84.60000000000001,0.4,0.1,0.3,up_0.1to0.4_r2
84.62,0.4,0.1,0.3,up_0.1to0.4_r2
84.64,0.4,0.1,0.3,up_0.1to0.4_r2
84.66,0.4,0.1,0.3,up_0.1to0.4_r2
84.68,0.4,0.1,0.3,up_0.1to0.4_r2
84.7,0.4,0.1,0.3,up_0.1to0.4_r2
84.72,0.4,0.1,0.3,up_0.1to0.4_r2
84.74,0.4,0.1,0.3,up_0.1to0.4_r2
84.76,0.4,0.1,0.3,up_0.1to0.4_r2
84.78,0.4,0.1,0.3,up_0.1to0.4_r2
84.8,0.4,0.1,0.3,up_0.1to0.4_r2
84.82000000000001,0.4,0.1,0.3,up_0.1to0.4_r2
84.84,0.4,0.1,0.3,up_0.1to0.4_r2
84.86,0.4,0.1,0.3,up_0.1to0.4_r2
84.88,0.4,0.1,0.3,up_0.1to0.4_r2
84.9,0.4,0.1,0.3,up_0.1to0.4_r2
84.92,0.4,0.1,0.3,up_0.1to0.4_r2
84.94,0.4,0.1,0.3,up_0.1to0.4_r2
84.96000000000001,0.4,0.1,0.3,up_0.1to0.4_r2
84.98,0.4,0.1,0.3,up_0.1to0.4_r2
85.0,0.4,0.1,0.3,up_0.1to0.4_r2
85.02,0.4,0.1,0.3,up_0.1to0.4_r2
85.04,0.4,0.1,0.3,up_0.1to0.4_r2
85.06,0.4,0.1,0.3,up_0.1to0.4_r2
85.08,0.4,0.1,0.3,up_0.1to0.4_r2
85.10000000000001,0.4,0.1,0.3,up_0.1to0.4_r2
85.12,0.4,0.1,0.3,up_0.1to0.4_r2
85.14,0.4,0.1,0.3,up_0.1to0.4_r2
85.16,0.4,0.1,0.3,up_0.1to0.4_r2
85.18,0.4,0.1,0.3,up_0.1to0.4_r2
85.2,0.4,0.1,0.3,up_0.1to0.4_r2
85.22,0.4,0.1,0.3,up_0.1to0.4_r2
85.24,0.4,0.1,0.3,up_0.1to0.4_r2
85.26,0.4,0.1,0.3,up_0.1to0.4_r2
85.28,0.4,0.1,0.3,up_0.1to0.4_r2
85.3,0.4,0.1,0.3,up_0.1to0.4_r2
85.32000000000001,0.4,0.1,0.3,up_0.1to0.4_r2
85.34,0.4,0.1,0.3,up_0.1to0.4_r2
85.36,0.4,0.1,0.3,up_0.1to0.4_r2
85.38,0.4,0.1,0.3,up_0.1to0.4_r2
85.4,0.4,0.1,0.3,up_0.1to0.4_r2
85.42,0.4,0.1,0.3,up_0.1to0.4_r2
85.44,0.4,0.1,0.3,up_0.1to0.4_r2
85.46000000000001,0.4,0.1,0.3,up_0.1to0.4_r2
85.48,0.4,0.1,0.3,up_0.1to0.4_r2
85.5,0.4,0.1,0.3,up_0.1to0.4_r2
85.52,0.4,0.1,0.3,up_0.1to0.4_r2
85.54,0.4,0.1,0.3,up_0.1to0.4_r2
85.56,0.4,0.1,0.3,up_0.1to0.4_r2
85.58,0.4,0.1,0.3,up_0.1to0.4_r2
85.60000000000001,0.4,0.1,0.3,up_0.1to0.4_r2
85.62,0.4,0.1,0.3,up_0.1to0.4_r2
85.64,0.4,0.1,0.3,up_0.1to0.4_r2
85.66,0.4,0.1,0.3,up_0.1to0.4_r2
85.68,0.4,0.1,0.3,up_0.1to0.4_r2
85.7,0.4,0.1,0.3,up_0.1to0.4_r2
85.72,0.4,0.1,0.3,up_0.1to0.4_r2
85.74,0.4,0.1,0.3,up_0.1to0.4_r2
85.76,0.4,0.1,0.3,up_0.1to0.4_r2
85.78,0.4,0.1,0.3,up_0.1to0.4_r2
85.8,0.4,0.1,0.3,up_0.1to0.4_r2
85.82000000000001,0.4,0.1,0.3,up_0.1to0.4_r2
85.84,0.4,0.1,0.3,up_0.1to0.4_r2
85.86,0.4,0.1,0.3,up_0.1to0.4_r2
85.88,0.4,0.1,0.3,up_0.1to0.4_r2
85.9,0.4,0.1,0.3,up_0.1to0.4_r2
85.92,0.4,0.1,0.3,up_0.1to0.4_r2
85.94,0.4,0.1,0.3,up_0.1to0.4_r2
85.96000000000001,0.4,0.1,0.3,up_0.1to0.4_r2
85.98,0.4,0.1,0.3,up_0.1to0.4_r2
86.0,0.1,0.1,0.3,pre
86.02,0.1,0.1,0.3,pre
86.04,0.1,0.1,0.3,pre
86.06,0.1,0.1,0.3,pre
86.08,0.1,0.1,0.3,pre
86.10000000000001,0.1,0.1,0.3,pre
86.12,0.1,0.1,0.3,pre
86.14,0.1,0.1,0.3,pre
86.16,0.1,0.1,0.3,pre
86.18,0.1,0.1,0.3,pre
86.2,0.1,0.1,0.3,pre
86.22,0.1,0.1,0.3,pre
86.24,0.1,0.1,0.3,pre
86.26,0.1,0.1,0.3,pre
86.28,0.1,0.1,0.3,pre
86.3,0.1,0.1,0.3,pre
86.32000000000001,0.1,0.1,0.3,pre
86.34,0.1,0.1,0.3,pre
86.36,0.1,0.1,0.3,pre
86.38,0.1,0.1,0.3,pre
86.4,0.1,0.1,0.3,pre
86.42,0.1,0.1,0.3,pre
86.44,0.1,0.1,0.3,pre
86.46000000000001,0.1,0.1,0.3,pre
86.48,0.1,0.1,0.3,pre
86.5,0.1,0.1,0.3,pre
86.52,0.1,0.1,0.3,pre
86.54,0.1,0.1,0.3,pre
86.56,0.1,0.1,0.3,pre
86.58,0.1,0.1,0.3,pre
86.60000000000001,0.1,0.1,0.3,pre
86.62,0.1,0.1,0.3,pre
86.64,0.1,0.1,0.3,pre
86.66,0.1,0.1,0.3,pre
86.68,0.1,0.1,0.3,pre
86.7,0.1,0.1,0.3,pre
86.72,0.1,0.1,0.3,pre
86.74,0.1,0.1,0.3,pre
86.76,0.1,0.1,0.3,pre
86.78,0.1,0.1,0.3,pre
86.8,0.1,0.1,0.3,pre
86.82000000000001,0.1,0.1,0.3,pre
86.84,0.1,0.1,0.3,pre
86.86,0.1,0.1,0.3,pre
86.88,0.1,0.1,0.3,pre
86.9,0.1,0.1,0.3,pre
86.92,0.1,0.1,0.3,pre
86.94,0.1,0.1,0.3,pre
86.96000000000001,0.1,0.1,0.3,pre
86.98,0.1,0.1,0.3,pre
87.0,0.1,0.1,0.3,pre
87.02,0.1,0.1,0.3,pre
87.04,0.1,0.1,0.3,pre
87.06,0.1,0.1,0.3,pre
87.08,0.1,0.1,0.3,pre
87.10000000000001,0.1,0.1,0.3,pre
87.12,0.1,0.1,0.3,pre
87.14,0.1,0.1,0.3,pre
87.16,0.1,0.1,0.3,pre
87.18,0.1,0.1,0.3,pre
87.2,0.1,0.1,0.3,pre
87.22,0.1,0.1,0.3,pre
87.24,0.1,0.1,0.3,pre
87.26,0.1,0.1,0.3,pre
87.28,0.1,0.1,0.3,pre
87.3,0.1,0.1,0.3,pre
87.32000000000001,0.1,0.1,0.3,pre
87.34,0.1,0.1,0.3,pre
87.36,0.1,0.1,0.3,pre
87.38,0.1,0.1,0.3,pre
87.4,0.1,0.1,0.3,pre
87.42,0.1,0.1,0.3,pre
87.44,0.1,0.1,0.3,pre
87.46000000000001,0.1,0.1,0.3,pre
87.48,0.1,0.1,0.3,pre
87.5,0.5,0.1,0.3,up_0.1to0.5_r2
87.52,0.5,0.1,0.3,up_0.1to0.5_r2
87.54,0.5,0.1,0.3,up_0.1to0.5_r2
87.56,0.5,0.1,0.3,up_0.1to0.5_r2
87.58,0.5,0.1,0.3,up_0.1to0.5_r2
87.60000000000001,0.5,0.1,0.3,up_0.1to0.5_r2
87.62,0.5,0.1,0.3,up_0.1to0.5_r2
87.64,0.5,0.1,0.3,up_0.1to0.5_r2
87.66,0.5,0.1,0.3,up_0.1to0.5_r2
87.68,0.5,0.1,0.3,up_0.1to0.5_r2
87.7,0.5,0.1,0.3,up_0.1to0.5_r2
87.72,0.5,0.1,0.3,up_0.1to0.5_r2
87.74,0.5,0.1,0.3,up_0.1to0.5_r2
87.76,0.5,0.1,0.3,up_0.1to0.5_r2
87.78,0.5,0.1,0.3,up_0.1to0.5_r2
87.8,0.5,0.1,0.3,up_0.1to0.5_r2
87.82000000000001,0.5,0.1,0.3,up_0.1to0.5_r2
87.84,0.5,0.1,0.3,up_0.1to0.5_r2
87.86,0.5,0.1,0.3,up_0.1to0.5_r2
87.88,0.5,0.1,0.3,up_0.1to0.5_r2
87.9,0.5,0.1,0.3,up_0.1to0.5_r2
87.92,0.5,0.1,0.3,up_0.1to0.5_r2
87.94,0.5,0.1,0.3,up_0.1to0.5_r2
87.96000000000001,0.5,0.1,0.3,up_0.1to0.5_r2
87.98,0.5,0.1,0.3,up_0.1to0.5_r2
88.0,0.5,0.1,0.3,up_0.1to0.5_r2
88.02,0.5,0.1,0.3,up_0.1to0.5_r2
88.04,0.5,0.1,0.3,up_0.1to0.5_r2
88.06,0.5,0.1,0.3,up_0.1to0.5_r2
88.08,0.5,0.1,0.3,up_0.1to0.5_r2
88.10000000000001,0.5,0.1,0.3,up_0.1to0.5_r2
88.12,0.5,0.1,0.3,up_0.1to0.5_r2
88.14,0.5,0.1,0.3,up_0.1to0.5_r2
88.16,0.5,0.1,0.3,up_0.1to0.5_r2
88.18,0.5,0.1,0.3,up_0.1to0.5_r2
88.2,0.5,0.1,0.3,up_0.1to0.5_r2
88.22,0.5,0.1,0.3,up_0.1to0.5_r2
88.24,0.5,0.1,0.3,up_0.1to0.5_r2
88.26,0.5,0.1,0.3,up_0.1to0.5_r2
88.28,0.5,0.1,0.3,up_0.1to0.5_r2
88.3,0.5,0.1,0.3,up_0.1to0.5_r2
88.32000000000001,0.5,0.1,0.3,up_0.1to0.5_r2
88.34,0.5,0.1,0.3,up_0.1to0.5_r2
88.36,0.5,0.1,0.3,up_0.1to0.5_r2
88.38,0.5,0.1,0.3,up_0.1to0.5_r2
88.4,0.5,0.1,0.3,up_0.1to0.5_r2
88.42,0.5,0.1,0.3,up_0.1to0.5_r2
88.44,0.5,0.1,0.3,up_0.1to0.5_r2
88.46000000000001,0.5,0.1,0.3,up_0.1to0.5_r2
88.48,0.5,0.1,0.3,up_0.1to0.5_r2
88.5,0.5,0.1,0.3,up_0.1to0.5_r2
88.52,0.5,0.1,0.3,up_0.1to0.5_r2
88.54,0.5,0.1,0.3,up_0.1to0.5_r2
88.56,0.5,0.1,0.3,up_0.1to0.5_r2
88.58,0.5,0.1,0.3,up_0.1to0.5_r2
88.60000000000001,0.5,0.1,0.3,up_0.1to0.5_r2
88.62,0.5,0.1,0.3,up_0.1to0.5_r2
88.64,0.5,0.1,0.3,up_0.1to0.5_r2
88.66,0.5,0.1,0.3,up_0.1to0.5_r2
88.68,0.5,0.1,0.3,up_0.1to0.5_r2
88.7,0.5,0.1,0.3,up_0.1to0.5_r2
88.72,0.5,0.1,0.3,up_0.1to0.5_r2
88.74,0.5,0.1,0.3,up_0.1to0.5_r2
88.76,0.5,0.1,0.3,up_0.1to0.5_r2
88.78,0.5,0.1,0.3,up_0.1to0.5_r2
88.8,0.5,0.1,0.3,up_0.1to0.5_r2
88.82000000000001,0.5,0.1,0.3,up_0.1to0.5_r2
88.84,0.5,0.1,0.3,up_0.1to0.5_r2
88.86,0.5,0.1,0.3,up_0.1to0.5_r2
88.88,0.5,0.1,0.3,up_0.1to0.5_r2
88.9,0.5,0.1,0.3,up_0.1to0.5_r2
88.92,0.5,0.1,0.3,up_0.1to0.5_r2
88.94,0.5,0.1,0.3,up_0.1to0.5_r2
88.96000000000001,0.5,0.1,0.3,up_0.1to0.5_r2
88.98,0.5,0.1,0.3,up_0.1to0.5_r2
89.0,0.5,0.1,0.3,up_0.1to0.5_r2
89.02,0.5,0.1,0.3,up_0.1to0.5_r2
89.04,0.5,0.1,0.3,up_0.1to0.5_r2
89.06,0.5,0.1,0.3,up_0.1to0.5_r2
89.08,0.5,0.1,0.3,up_0.1to0.5_r2
89.10000000000001,0.5,0.1,0.3,up_0.1to0.5_r2
89.12,0.5,0.1,0.3,up_0.1to0.5_r2
89.14,0.5,0.1,0.3,up_0.1to0.5_r2
89.16,0.5,0.1,0.3,up_0.1to0.5_r2
89.18,0.5,0.1,0.3,up_0.1to0.5_r2
89.2,0.5,0.1,0.3,up_0.1to0.5_r2
89.22,0.5,0.1,0.3,up_0.1to0.5_r2
89.24,0.5,0.1,0.3,up_0.1to0.5_r2
89.26,0.5,0.1,0.3,up_0.1to0.5_r2
89.28,0.5,0.1,0.3,up_0.1to0.5_r2
89.3,0.5,0.1,0.3,up_0.1to0.5_r2
89.32000000000001,0.5,0.1,0.3,up_0.1to0.5_r2
89.34,0.5,0.1,0.3,up_0.1to0.5_r2
89.36,0.5,0.1,0.3,up_0.1to0.5_r2
89.38,0.5,0.1,0.3,up_0.1to0.5_r2
89.4,0.5,0.1,0.3,up_0.1to0.5_r2
89.42,0.5,0.1,0.3,up_0.1to0.5_r2
89.44,0.5,0.1,0.3,up_0.1to0.5_r2
89.46000000000001,0.5,0.1,0.3,up_0.1to0.5_r2
89.48,0.5,0.1,0.3,up_0.1to0.5_r2
89.5,0.5,0.1,0.3,up_0.1to0.5_r2
89.52,0.5,0.1,0.3,up_0.1to0.5_r2
89.54,0.5,0.1,0.3,up_0.1to0.5_r2
89.56,0.5,0.1,0.3,up_0.1to0.5_r2
89.58,0.5,0.1,0.3,up_0.1to0.5_r2
89.60000000000001,0.5,0.1,0.3,up_0.1to0.5_r2
89.62,0.5,0.1,0.3,up_0.1to0.5_r2
89.64,0.5,0.1,0.3,up_0.1to0.5_r2
89.66,0.5,0.1,0.3,up_0.1to0.5_r2
89.68,0.5,0.1,0.3,up_0.1to0.5_r2
89.7,0.5,0.1,0.3,up_0.1to0.5_r2
89.72,0.5,0.1,0.3,up_0.1to0.5_r2
89.74,0.5,0.1,0.3,up_0.1to0.5_r2
89.76,0.5,0.1,0.3,up_0.1to0.5_r2
89.78,0.5,0.1,0.3,up_0.1to0.5_r2
89.8,0.5,0.1,0.3,up_0.1to0.5_r2
89.82000000000001,0.5,0.1,0.3,up_0.1to0.5_r2
89.84,0.5,0.1,0.3,up_0.1to0.5_r2
89.86,0.5,0.1,0.3,up_0.1to0.5_r2
89.88,0.5,0.1,0.3,up_0.1to0.5_r2
89.9,0.5,0.1,0.3,up_0.1to0.5_r2
89.92,0.5,0.1,0.3,up_0.1to0.5_r2
89.94,0.5,0.1,0.3,up_0.1to0.5_r2
89.96000000000001,0.5,0.1,0.3,up_0.1to0.5_r2
89.98,0.5,0.1,0.3,up_0.1to0.5_r2
90.0,0.5,0.1,0.3,up_0.1to0.5_r2
90.02,0.5,0.1,0.3,up_0.1to0.5_r2
90.04,0.5,0.1,0.3,up_0.1to0.5_r2
90.06,0.5,0.1,0.3,up_0.1to0.5_r2
90.08,0.5,0.1,0.3,up_0.1to0.5_r2
90.10000000000001,0.5,0.1,0.3,up_0.1to0.5_r2
90.12,0.5,0.1,0.3,up_0.1to0.5_r2
90.14,0.5,0.1,0.3,up_0.1to0.5_r2
90.16,0.5,0.1,0.3,up_0.1to0.5_r2
90.18,0.5,0.1,0.3,up_0.1to0.5_r2
90.2,0.5,0.1,0.3,up_0.1to0.5_r2
90.22,0.5,0.1,0.3,up_0.1to0.5_r2
90.24,0.5,0.1,0.3,up_0.1to0.5_r2
90.26,0.5,0.1,0.3,up_0.1to0.5_r2
90.28,0.5,0.1,0.3,up_0.1to0.5_r2
90.3,0.5,0.1,0.3,up_0.1to0.5_r2
90.32000000000001,0.5,0.1,0.3,up_0.1to0.5_r2
90.34,0.5,0.1,0.3,up_0.1to0.5_r2
90.36,0.5,0.1,0.3,up_0.1to0.5_r2
90.38,0.5,0.1,0.3,up_0.1to0.5_r2
90.4,0.5,0.1,0.3,up_0.1to0.5_r2
90.42,0.5,0.1,0.3,up_0.1to0.5_r2
90.44,0.5,0.1,0.3,up_0.1to0.5_r2
90.46000000000001,0.5,0.1,0.3,up_0.1to0.5_r2
90.48,0.5,0.1,0.3,up_0.1to0.5_r2
90.5,0.1,0.1,0.3,pre
90.52,0.1,0.1,0.3,pre
90.54,0.1,0.1,0.3,pre
90.56,0.1,0.1,0.3,pre
90.58,0.1,0.1,0.3,pre
90.60000000000001,0.1,0.1,0.3,pre
90.62,0.1,0.1,0.3,pre
90.64,0.1,0.1,0.3,pre
90.66,0.1,0.1,0.3,pre
90.68,0.1,0.1,0.3,pre
90.7,0.1,0.1,0.3,pre
90.72,0.1,0.1,0.3,pre
90.74,0.1,0.1,0.3,pre
90.76,0.1,0.1,0.3,pre
90.78,0.1,0.1,0.3,pre
90.8,0.1,0.1,0.3,pre
90.82000000000001,0.1,0.1,0.3,pre
90.84,0.1,0.1,0.3,pre
90.86,0.1,0.1,0.3,pre
90.88,0.1,0.1,0.3,pre
90.9,0.1,0.1,0.3,pre
90.92,0.1,0.1,0.3,pre
90.94,0.1,0.1,0.3,pre
90.96000000000001,0.1,0.1,0.3,pre
90.98,0.1,0.1,0.3,pre
91.0,0.1,0.1,0.3,pre
91.02,0.1,0.1,0.3,pre
91.04,0.1,0.1,0.3,pre
91.06,0.1,0.1,0.3,pre
91.08,0.1,0.1,0.3,pre
91.10000000000001,0.1,0.1,0.3,pre
91.12,0.1,0.1,0.3,pre
91.14,0.1,0.1,0.3,pre
91.16,0.1,0.1,0.3,pre
91.18,0.1,0.1,0.3,pre
91.2,0.1,0.1,0.3,pre
91.22,0.1,0.1,0.3,pre
91.24,0.1,0.1,0.3,pre
91.26,0.1,0.1,0.3,pre
91.28,0.1,0.1,0.3,pre
91.3,0.1,0.1,0.3,pre
91.32000000000001,0.1,0.1,0.3,pre
91.34,0.1,0.1,0.3,pre
91.36,0.1,0.1,0.3,pre
91.38,0.1,0.1,0.3,pre
91.4,0.1,0.1,0.3,pre
91.42,0.1,0.1,0.3,pre
91.44,0.1,0.1,0.3,pre
91.46000000000001,0.1,0.1,0.3,pre
91.48,0.1,0.1,0.3,pre
91.5,0.1,0.1,0.3,pre
91.52,0.1,0.1,0.3,pre
91.54,0.1,0.1,0.3,pre
91.56,0.1,0.1,0.3,pre
91.58,0.1,0.1,0.3,pre
91.60000000000001,0.1,0.1,0.3,pre
91.62,0.1,0.1,0.3,pre
91.64,0.1,0.1,0.3,pre
91.66,0.1,0.1,0.3,pre
91.68,0.1,0.1,0.3,pre
91.7,0.1,0.1,0.3,pre
91.72,0.1,0.1,0.3,pre
91.74,0.1,0.1,0.3,pre
91.76,0.1,0.1,0.3,pre
91.78,0.1,0.1,0.3,pre
91.8,0.1,0.1,0.3,pre
91.82000000000001,0.1,0.1,0.3,pre
91.84,0.1,0.1,0.3,pre
91.86,0.1,0.1,0.3,pre
91.88,0.1,0.1,0.3,pre
91.9,0.1,0.1,0.3,pre
91.92,0.1,0.1,0.3,pre
91.94,0.1,0.1,0.3,pre
91.96000000000001,0.1,0.1,0.3,pre
91.98,0.1,0.1,0.3,pre
92.0,0.55,0.1,0.3,up_0.1to0.55_r2
92.02,0.55,0.1,0.3,up_0.1to0.55_r2
92.04,0.55,0.1,0.3,up_0.1to0.55_r2
92.06,0.55,0.1,0.3,up_0.1to0.55_r2
92.08,0.55,0.1,0.3,up_0.1to0.55_r2
92.10000000000001,0.55,0.1,0.3,up_0.1to0.55_r2
92.12,0.55,0.1,0.3,up_0.1to0.55_r2
92.14,0.55,0.1,0.3,up_0.1to0.55_r2
92.16,0.55,0.1,0.3,up_0.1to0.55_r2
92.18,0.55,0.1,0.3,up_0.1to0.55_r2
92.2,0.55,0.1,0.3,up_0.1to0.55_r2
92.22,0.55,0.1,0.3,up_0.1to0.55_r2
92.24,0.55,0.1,0.3,up_0.1to0.55_r2
92.26,0.55,0.1,0.3,up_0.1to0.55_r2
92.28,0.55,0.1,0.3,up_0.1to0.55_r2
92.3,0.55,0.1,0.3,up_0.1to0.55_r2
92.32000000000001,0.55,0.1,0.3,up_0.1to0.55_r2
92.34,0.55,0.1,0.3,up_0.1to0.55_r2
92.36,0.55,0.1,0.3,up_0.1to0.55_r2
92.38,0.55,0.1,0.3,up_0.1to0.55_r2
92.4,0.55,0.1,0.3,up_0.1to0.55_r2
92.42,0.55,0.1,0.3,up_0.1to0.55_r2
92.44,0.55,0.1,0.3,up_0.1to0.55_r2
92.46000000000001,0.55,0.1,0.3,up_0.1to0.55_r2
92.48,0.55,0.1,0.3,up_0.1to0.55_r2
92.5,0.55,0.1,0.3,up_0.1to0.55_r2
92.52,0.55,0.1,0.3,up_0.1to0.55_r2
92.54,0.55,0.1,0.3,up_0.1to0.55_r2
92.56,0.55,0.1,0.3,up_0.1to0.55_r2
92.58,0.55,0.1,0.3,up_0.1to0.55_r2
92.60000000000001,0.55,0.1,0.3,up_0.1to0.55_r2
92.62,0.55,0.1,0.3,up_0.1to0.55_r2
92.64,0.55,0.1,0.3,up_0.1to0.55_r2
92.66,0.55,0.1,0.3,up_0.1to0.55_r2
92.68,0.55,0.1,0.3,up_0.1to0.55_r2
92.7,0.55,0.1,0.3,up_0.1to0.55_r2
92.72,0.55,0.1,0.3,up_0.1to0.55_r2
92.74,0.55,0.1,0.3,up_0.1to0.55_r2
92.76,0.55,0.1,0.3,up_0.1to0.55_r2
92.78,0.55,0.1,0.3,up_0.1to0.55_r2
92.8,0.55,0.1,0.3,up_0.1to0.55_r2
92.82000000000001,0.55,0.1,0.3,up_0.1to0.55_r2
92.84,0.55,0.1,0.3,up_0.1to0.55_r2
92.86,0.55,0.1,0.3,up_0.1to0.55_r2
92.88,0.55,0.1,0.3,up_0.1to0.55_r2
92.9,0.55,0.1,0.3,up_0.1to0.55_r2
92.92,0.55,0.1,0.3,up_0.1to0.55_r2
92.94,0.55,0.1,0.3,up_0.1to0.55_r2
92.96000000000001,0.55,0.1,0.3,up_0.1to0.55_r2
92.98,0.55,0.1,0.3,up_0.1to0.55_r2
93.0,0.55,0.1,0.3,up_0.1to0.55_r2
93.02,0.55,0.1,0.3,up_0.1to0.55_r2
93.04,0.55,0.1,0.3,up_0.1to0.55_r2
93.06,0.55,0.1,0.3,up_0.1to0.55_r2
93.08,0.55,0.1,0.3,up_0.1to0.55_r2
93.10000000000001,0.55,0.1,0.3,up_0.1to0.55_r2
93.12,0.55,0.1,0.3,up_0.1to0.55_r2
93.14,0.55,0.1,0.3,up_0.1to0.55_r2
93.16,0.55,0.1,0.3,up_0.1to0.55_r2
93.18,0.55,0.1,0.3,up_0.1to0.55_r2
93.2,0.55,0.1,0.3,up_0.1to0.55_r2
93.22,0.55,0.1,0.3,up_0.1to0.55_r2
93.24,0.55,0.1,0.3,up_0.1to0.55_r2
93.26,0.55,0.1,0.3,up_0.1to0.55_r2
93.28,0.55,0.1,0.3,up_0.1to0.55_r2
93.3,0.55,0.1,0.3,up_0.1to0.55_r2
93.32000000000001,0.55,0.1,0.3,up_0.1to0.55_r2
93.34,0.55,0.1,0.3,up_0.1to0.55_r2
93.36,0.55,0.1,0.3,up_0.1to0.55_r2
93.38,0.55,0.1,0.3,up_0.1to0.55_r2
93.4,0.55,0.1,0.3,up_0.1to0.55_r2
93.42,0.55,0.1,0.3,up_0.1to0.55_r2
93.44,0.55,0.1,0.3,up_0.1to0.55_r2
93.46000000000001,0.55,0.1,0.3,up_0.1to0.55_r2
93.48,0.55,0.1,0.3,up_0.1to0.55_r2
93.5,0.55,0.1,0.3,up_0.1to0.55_r2
93.52,0.55,0.1,0.3,up_0.1to0.55_r2
93.54,0.55,0.1,0.3,up_0.1to0.55_r2
93.56,0.55,0.1,0.3,up_0.1to0.55_r2
93.58,0.55,0.1,0.3,up_0.1to0.55_r2
93.60000000000001,0.55,0.1,0.3,up_0.1to0.55_r2
93.62,0.55,0.1,0.3,up_0.1to0.55_r2
93.64,0.55,0.1,0.3,up_0.1to0.55_r2
93.66,0.55,0.1,0.3,up_0.1to0.55_r2
93.68,0.55,0.1,0.3,up_0.1to0.55_r2
93.7,0.55,0.1,0.3,up_0.1to0.55_r2
93.72,0.55,0.1,0.3,up_0.1to0.55_r2
93.74,0.55,0.1,0.3,up_0.1to0.55_r2
93.76,0.55,0.1,0.3,up_0.1to0.55_r2
93.78,0.55,0.1,0.3,up_0.1to0.55_r2
93.8,0.55,0.1,0.3,up_0.1to0.55_r2
93.82000000000001,0.55,0.1,0.3,up_0.1to0.55_r2
93.84,0.55,0.1,0.3,up_0.1to0.55_r2
93.86,0.55,0.1,0.3,up_0.1to0.55_r2
93.88,0.55,0.1,0.3,up_0.1to0.55_r2
93.9,0.55,0.1,0.3,up_0.1to0.55_r2
93.92,0.55,0.1,0.3,up_0.1to0.55_r2
93.94,0.55,0.1,0.3,up_0.1to0.55_r2
93.96000000000001,0.55,0.1,0.3,up_0.1to0.55_r2
93.98,0.55,0.1,0.3,up_0.1to0.55_r2
94.0,0.55,0.1,0.3,up_0.1to0.55_r2
94.02,0.55,0.1,0.3,up_0.1to0.55_r2
94.04,0.55,0.1,0.3,up_0.1to0.55_r2
94.06,0.55,0.1,0.3,up_0.1to0.55_r2
94.08,0.55,0.1,0.3,up_0.1to0.55_r2
94.10000000000001,0.55,0.1,0.3,up_0.1to0.55_r2
94.12,0.55,0.1,0.3,up_0.1to0.55_r2
94.14,0.55,0.1,0.3,up_0.1to0.55_r2
94.16,0.55,0.1,0.3,up_0.1to0.55_r2
94.18,0.55,0.1,0.3,up_0.1to0.55_r2
94.2,0.55,0.1,0.3,up_0.1to0.55_r2
94.22,0.55,0.1,0.3,up_0.1to0.55_r2
94.24,0.55,0.1,0.3,up_0.1to0.55_r2
94.26,0.55,0.1,0.3,up_0.1to0.55_r2
94.28,0.55,0.1,0.3,up_0.1to0.55_r2
94.3,0.55,0.1,0.3,up_0.1to0.55_r2
94.32000000000001,0.55,0.1,0.3,up_0.1to0.55_r2
94.34,0.55,0.1,0.3,up_0.1to0.55_r2
94.36,0.55,0.1,0.3,up_0.1to0.55_r2
94.38,0.55,0.1,0.3,up_0.1to0.55_r2
94.4,0.55,0.1,0.3,up_0.1to0.55_r2
94.42,0.55,0.1,0.3,up_0.1to0.55_r2
94.44,0.55,0.1,0.3,up_0.1to0.55_r2
94.46000000000001,0.55,0.1,0.3,up_0.1to0.55_r2
94.48,0.55,0.1,0.3,up_0.1to0.55_r2
94.5,0.55,0.1,0.3,up_0.1to0.55_r2
94.52,0.55,0.1,0.3,up_0.1to0.55_r2
94.54,0.55,0.1,0.3,up_0.1to0.55_r2
94.56,0.55,0.1,0.3,up_0.1to0.55_r2
94.58,0.55,0.1,0.3,up_0.1to0.55_r2
94.60000000000001,0.55,0.1,0.3,up_0.1to0.55_r2
94.62,0.55,0.1,0.3,up_0.1to0.55_r2
94.64,0.55,0.1,0.3,up_0.1to0.55_r2
94.66,0.55,0.1,0.3,up_0.1to0.55_r2
94.68,0.55,0.1,0.3,up_0.1to0.55_r2
94.7,0.55,0.1,0.3,up_0.1to0.55_r2
94.72,0.55,0.1,0.3,up_0.1to0.55_r2
94.74,0.55,0.1,0.3,up_0.1to0.55_r2
94.76,0.55,0.1,0.3,up_0.1to0.55_r2
94.78,0.55,0.1,0.3,up_0.1to0.55_r2
94.8,0.55,0.1,0.3,up_0.1to0.55_r2
94.82000000000001,0.55,0.1,0.3,up_0.1to0.55_r2
94.84,0.55,0.1,0.3,up_0.1to0.55_r2
94.86,0.55,0.1,0.3,up_0.1to0.55_r2
94.88,0.55,0.1,0.3,up_0.1to0.55_r2
94.9,0.55,0.1,0.3,up_0.1to0.55_r2
94.92,0.55,0.1,0.3,up_0.1to0.55_r2
94.94,0.55,0.1,0.3,up_0.1to0.55_r2
94.96000000000001,0.55,0.1,0.3,up_0.1to0.55_r2
94.98,0.55,0.1,0.3,up_0.1to0.55_r2
95.0,0.1,0.1,0.3,pre
95.02,0.1,0.1,0.3,pre
95.04,0.1,0.1,0.3,pre
95.06,0.1,0.1,0.3,pre
95.08,0.1,0.1,0.3,pre
95.10000000000001,0.1,0.1,0.3,pre
95.12,0.1,0.1,0.3,pre
95.14,0.1,0.1,0.3,pre
95.16,0.1,0.1,0.3,pre
95.18,0.1,0.1,0.3,pre
95.2,0.1,0.1,0.3,pre
95.22,0.1,0.1,0.3,pre
95.24,0.1,0.1,0.3,pre
95.26,0.1,0.1,0.3,pre
95.28,0.1,0.1,0.3,pre
95.3,0.1,0.1,0.3,pre
95.32000000000001,0.1,0.1,0.3,pre
95.34,0.1,0.1,0.3,pre
95.36,0.1,0.1,0.3,pre
95.38,0.1,0.1,0.3,pre
95.4,0.1,0.1,0.3,pre
95.42,0.1,0.1,0.3,pre
95.44,0.1,0.1,0.3,pre
95.46000000000001,0.1,0.1,0.3,pre
95.48,0.1,0.1,0.3,pre
95.5,0.1,0.1,0.3,pre
95.52,0.1,0.1,0.3,pre
95.54,0.1,0.1,0.3,pre
95.56,0.1,0.1,0.3,pre
95.58,0.1,0.1,0.3,pre
95.60000000000001,0.1,0.1,0.3,pre
95.62,0.1,0.1,0.3,pre
95.64,0.1,0.1,0.3,pre
95.66,0.1,0.1,0.3,pre
95.68,0.1,0.1,0.3,pre
95.7,0.1,0.1,0.3,pre
95.72,0.1,0.1,0.3,pre
95.74000000000001,0.1,0.1,0.3,pre
95.76,0.1,0.1,0.3,pre
95.78,0.1,0.1,0.3,pre
95.8,0.1,0.1,0.3,pre
95.82000000000001,0.1,0.1,0.3,pre
95.84,0.1,0.1,0.3,pre
95.86,0.1,0.1,0.3,pre
95.88,0.1,0.1,0.3,pre
95.9,0.1,0.1,0.3,pre
95.92,0.1,0.1,0.3,pre
95.94,0.1,0.1,0.3,pre
95.96000000000001,0.1,0.1,0.3,pre
95.98,0.1,0.1,0.3,pre
96.0,0.1,0.1,0.3,pre
96.02,0.1,0.1,0.3,pre
96.04,0.1,0.1,0.3,pre
96.06,0.1,0.1,0.3,pre
96.08,0.1,0.1,0.3,pre
96.10000000000001,0.1,0.1,0.3,pre
96.12,0.1,0.1,0.3,pre
96.14,0.1,0.1,0.3,pre
96.16,0.1,0.1,0.3,pre
96.18,0.1,0.1,0.3,pre
96.2,0.1,0.1,0.3,pre
96.22,0.1,0.1,0.3,pre
96.24000000000001,0.1,0.1,0.3,pre
96.26,0.1,0.1,0.3,pre
96.28,0.1,0.1,0.3,pre
96.3,0.1,0.1,0.3,pre
96.32000000000001,0.1,0.1,0.3,pre
96.34,0.1,0.1,0.3,pre
96.36,0.1,0.1,0.3,pre
96.38,0.1,0.1,0.3,pre
96.4,0.1,0.1,0.3,pre
96.42,0.1,0.1,0.3,pre
96.44,0.1,0.1,0.3,pre
96.46000000000001,0.1,0.1,0.3,pre
96.48,0.1,0.1,0.3,pre
96.5,0.6,0.1,0.3,up_0.1to0.6_r2
96.52,0.6,0.1,0.3,up_0.1to0.6_r2
96.54,0.6,0.1,0.3,up_0.1to0.6_r2
96.56,0.6,0.1,0.3,up_0.1to0.6_r2
96.58,0.6,0.1,0.3,up_0.1to0.6_r2
96.60000000000001,0.6,0.1,0.3,up_0.1to0.6_r2
96.62,0.6,0.1,0.3,up_0.1to0.6_r2
96.64,0.6,0.1,0.3,up_0.1to0.6_r2
96.66,0.6,0.1,0.3,up_0.1to0.6_r2
96.68,0.6,0.1,0.3,up_0.1to0.6_r2
96.7,0.6,0.1,0.3,up_0.1to0.6_r2
96.72,0.6,0.1,0.3,up_0.1to0.6_r2
96.74000000000001,0.6,0.1,0.3,up_0.1to0.6_r2
96.76,0.6,0.1,0.3,up_0.1to0.6_r2
96.78,0.6,0.1,0.3,up_0.1to0.6_r2
96.8,0.6,0.1,0.3,up_0.1to0.6_r2
96.82000000000001,0.6,0.1,0.3,up_0.1to0.6_r2
96.84,0.6,0.1,0.3,up_0.1to0.6_r2
96.86,0.6,0.1,0.3,up_0.1to0.6_r2
96.88,0.6,0.1,0.3,up_0.1to0.6_r2
96.9,0.6,0.1,0.3,up_0.1to0.6_r2
96.92,0.6,0.1,0.3,up_0.1to0.6_r2
96.94,0.6,0.1,0.3,up_0.1to0.6_r2
96.96000000000001,0.6,0.1,0.3,up_0.1to0.6_r2
96.98,0.6,0.1,0.3,up_0.1to0.6_r2
97.0,0.6,0.1,0.3,up_0.1to0.6_r2
97.02,0.6,0.1,0.3,up_0.1to0.6_r2
97.04,0.6,0.1,0.3,up_0.1to0.6_r2
97.06,0.6,0.1,0.3,up_0.1to0.6_r2
97.08,0.6,0.1,0.3,up_0.1to0.6_r2
97.10000000000001,0.6,0.1,0.3,up_0.1to0.6_r2
97.12,0.6,0.1,0.3,up_0.1to0.6_r2
97.14,0.6,0.1,0.3,up_0.1to0.6_r2
97.16,0.6,0.1,0.3,up_0.1to0.6_r2
97.18,0.6,0.1,0.3,up_0.1to0.6_r2
97.2,0.6,0.1,0.3,up_0.1to0.6_r2
97.22,0.6,0.1,0.3,up_0.1to0.6_r2
97.24000000000001,0.6,0.1,0.3,up_0.1to0.6_r2
97.26,0.6,0.1,0.3,up_0.1to0.6_r2
97.28,0.6,0.1,0.3,up_0.1to0.6_r2
97.3,0.6,0.1,0.3,up_0.1to0.6_r2
97.32000000000001,0.6,0.1,0.3,up_0.1to0.6_r2
97.34,0.6,0.1,0.3,up_0.1to0.6_r2
97.36,0.6,0.1,0.3,up_0.1to0.6_r2
97.38,0.6,0.1,0.3,up_0.1to0.6_r2
97.4,0.6,0.1,0.3,up_0.1to0.6_r2
97.42,0.6,0.1,0.3,up_0.1to0.6_r2
97.44,0.6,0.1,0.3,up_0.1to0.6_r2
97.46000000000001,0.6,0.1,0.3,up_0.1to0.6_r2
97.48,0.6,0.1,0.3,up_0.1to0.6_r2
97.5,0.6,0.1,0.3,up_0.1to0.6_r2
97.52,0.6,0.1,0.3,up_0.1to0.6_r2
97.54,0.6,0.1,0.3,up_0.1to0.6_r2
97.56,0.6,0.1,0.3,up_0.1to0.6_r2
97.58,0.6,0.1,0.3,up_0.1to0.6_r2
97.60000000000001,0.6,0.1,0.3,up_0.1to0.6_r2
97.62,0.6,0.1,0.3,up_0.1to0.6_r2
97.64,0.6,0.1,0.3,up_0.1to0.6_r2
97.66,0.6,0.1,0.3,up_0.1to0.6_r2
97.68,0.6,0.1,0.3,up_0.1to0.6_r2
97.7,0.6,0.1,0.3,up_0.1to0.6_r2
97.72,0.6,0.1,0.3,up_0.1to0.6_r2
97.74000000000001,0.6,0.1,0.3,up_0.1to0.6_r2
97.76,0.6,0.1,0.3,up_0.1to0.6_r2
97.78,0.6,0.1,0.3,up_0.1to0.6_r2
97.8,0.6,0.1,0.3,up_0.1to0.6_r2
97.82000000000001,0.6,0.1,0.3,up_0.1to0.6_r2
97.84,0.6,0.1,0.3,up_0.1to0.6_r2
97.86,0.6,0.1,0.3,up_0.1to0.6_r2
97.88,0.6,0.1,0.3,up_0.1to0.6_r2
97.9,0.6,0.1,0.3,up_0.1to0.6_r2
97.92,0.6,0.1,0.3,up_0.1to0.6_r2
97.94,0.6,0.1,0.3,up_0.1to0.6_r2
97.96000000000001,0.6,0.1,0.3,up_0.1to0.6_r2
97.98,0.6,0.1,0.3,up_0.1to0.6_r2
98.0,0.6,0.1,0.3,up_0.1to0.6_r2
98.02,0.6,0.1,0.3,up_0.1to0.6_r2
98.04,0.6,0.1,0.3,up_0.1to0.6_r2
98.06,0.6,0.1,0.3,up_0.1to0.6_r2
98.08,0.6,0.1,0.3,up_0.1to0.6_r2
98.10000000000001,0.6,0.1,0.3,up_0.1to0.6_r2
98.12,0.6,0.1,0.3,up_0.1to0.6_r2
98.14,0.6,0.1,0.3,up_0.1to0.6_r2
98.16,0.6,0.1,0.3,up_0.1to0.6_r2
98.18,0.6,0.1,0.3,up_0.1to0.6_r2
98.2,0.6,0.1,0.3,up_0.1to0.6_r2
98.22,0.6,0.1,0.3,up_0.1to0.6_r2
98.24000000000001,0.6,0.1,0.3,up_0.1to0.6_r2
98.26,0.6,0.1,0.3,up_0.1to0.6_r2
98.28,0.6,0.1,0.3,up_0.1to0.6_r2
98.3,0.6,0.1,0.3,up_0.1to0.6_r2
98.32000000000001,0.6,0.1,0.3,up_0.1to0.6_r2
98.34,0.6,0.1,0.3,up_0.1to0.6_r2
98.36,0.6,0.1,0.3,up_0.1to0.6_r2
98.38,0.6,0.1,0.3,up_0.1to0.6_r2
98.4,0.6,0.1,0.3,up_0.1to0.6_r2
98.42,0.6,0.1,0.3,up_0.1to0.6_r2
98.44,0.6,0.1,0.3,up_0.1to0.6_r2
98.46000000000001,0.6,0.1,0.3,up_0.1to0.6_r2
98.48,0.6,0.1,0.3,up_0.1to0.6_r2
98.5,0.6,0.1,0.3,up_0.1to0.6_r2
98.52,0.6,0.1,0.3,up_0.1to0.6_r2
98.54,0.6,0.1,0.3,up_0.1to0.6_r2
98.56,0.6,0.1,0.3,up_0.1to0.6_r2
98.58,0.6,0.1,0.3,up_0.1to0.6_r2
98.60000000000001,0.6,0.1,0.3,up_0.1to0.6_r2
98.62,0.6,0.1,0.3,up_0.1to0.6_r2
98.64,0.6,0.1,0.3,up_0.1to0.6_r2
98.66,0.6,0.1,0.3,up_0.1to0.6_r2
98.68,0.6,0.1,0.3,up_0.1to0.6_r2
98.7,0.6,0.1,0.3,up_0.1to0.6_r2
98.72,0.6,0.1,0.3,up_0.1to0.6_r2
98.74000000000001,0.6,0.1,0.3,up_0.1to0.6_r2
98.76,0.6,0.1,0.3,up_0.1to0.6_r2
98.78,0.6,0.1,0.3,up_0.1to0.6_r2
98.8,0.6,0.1,0.3,up_0.1to0.6_r2
98.82000000000001,0.6,0.1,0.3,up_0.1to0.6_r2
98.84,0.6,0.1,0.3,up_0.1to0.6_r2
98.86,0.6,0.1,0.3,up_0.1to0.6_r2
98.88,0.6,0.1,0.3,up_0.1to0.6_r2
98.9,0.6,0.1,0.3,up_0.1to0.6_r2
98.92,0.6,0.1,0.3,up_0.1to0.6_r2
98.94,0.6,0.1,0.3,up_0.1to0.6_r2
98.96000000000001,0.6,0.1,0.3,up_0.1to0.6_r2
98.98,0.6,0.1,0.3,up_0.1to0.6_r2
99.0,0.6,0.1,0.3,up_0.1to0.6_r2
99.02,0.6,0.1,0.3,up_0.1to0.6_r2
99.04,0.6,0.1,0.3,up_0.1to0.6_r2
99.06,0.6,0.1,0.3,up_0.1to0.6_r2
99.08,0.6,0.1,0.3,up_0.1to0.6_r2
99.10000000000001,0.6,0.1,0.3,up_0.1to0.6_r2
99.12,0.6,0.1,0.3,up_0.1to0.6_r2
99.14,0.6,0.1,0.3,up_0.1to0.6_r2
99.16,0.6,0.1,0.3,up_0.1to0.6_r2
99.18,0.6,0.1,0.3,up_0.1to0.6_r2
99.2,0.6,0.1,0.3,up_0.1to0.6_r2
99.22,0.6,0.1,0.3,up_0.1to0.6_r2
99.24000000000001,0.6,0.1,0.3,up_0.1to0.6_r2
99.26,0.6,0.1,0.3,up_0.1to0.6_r2
99.28,0.6,0.1,0.3,up_0.1to0.6_r2
99.3,0.6,0.1,0.3,up_0.1to0.6_r2
99.32000000000001,0.6,0.1,0.3,up_0.1to0.6_r2
99.34,0.6,0.1,0.3,up_0.1to0.6_r2
99.36,0.6,0.1,0.3,up_0.1to0.6_r2
99.38,0.6,0.1,0.3,up_0.1to0.6_r2
99.4,0.6,0.1,0.3,up_0.1to0.6_r2
99.42,0.6,0.1,0.3,up_0.1to0.6_r2
99.44,0.6,0.1,0.3,up_0.1to0.6_r2
99.46000000000001,0.6,0.1,0.3,up_0.1to0.6_r2
99.48,0.6,0.1,0.3,up_0.1to0.6_r2
99.5,0.6,0.1,0.3,pre
99.52,0.6,0.1,0.3,pre
99.54,0.6,0.1,0.3,pre
99.56,0.6,0.1,0.3,pre
99.58,0.6,0.1,0.3,pre
99.60000000000001,0.6,0.1,0.3,pre
99.62,0.6,0.1,0.3,pre
99.64,0.6,0.1,0.3,pre
99.66,0.6,0.1,0.3,pre
99.68,0.6,0.1,0.3,pre
99.7,0.6,0.1,0.3,pre
99.72,0.6,0.1,0.3,pre
99.74000000000001,0.6,0.1,0.3,pre
99.76,0.6,0.1,0.3,pre
99.78,0.6,0.1,0.3,pre
99.8,0.6,0.1,0.3,pre
99.82000000000001,0.6,0.1,0.3,pre
99.84,0.6,0.1,0.3,pre
99.86,0.6,0.1,0.3,pre
99.88,0.6,0.1,0.3,pre
99.9,0.6,0.1,0.3,pre
99.92,0.6,0.1,0.3,pre
99.94,0.6,0.1,0.3,pre
99.96000000000001,0.6,0.1,0.3,pre
99.98,0.6,0.1,0.3,pre
100.0,0.6,0.1,0.3,pre
100.02,0.6,0.1,0.3,pre
100.04,0.6,0.1,0.3,pre
100.06,0.6,0.1,0.3,pre
100.08,0.6,0.1,0.3,pre
100.10000000000001,0.6,0.1,0.3,pre
100.12,0.6,0.1,0.3,pre
100.14,0.6,0.1,0.3,pre
100.16,0.6,0.1,0.3,pre
100.18,0.6,0.1,0.3,pre
100.2,0.6,0.1,0.3,pre
100.22,0.6,0.1,0.3,pre
100.24000000000001,0.6,0.1,0.3,pre
100.26,0.6,0.1,0.3,pre
100.28,0.6,0.1,0.3,pre
100.3,0.6,0.1,0.3,pre
100.32000000000001,0.6,0.1,0.3,pre
100.34,0.6,0.1,0.3,pre
100.36,0.6,0.1,0.3,pre
100.38,0.6,0.1,0.3,pre
100.4,0.6,0.1,0.3,pre
100.42,0.6,0.1,0.3,pre
100.44,0.6,0.1,0.3,pre
100.46000000000001,0.6,0.1,0.3,pre
100.48,0.6,0.1,0.3,pre
100.5,0.6,0.1,0.3,pre
100.52,0.6,0.1,0.3,pre
100.54,0.6,0.1,0.3,pre
100.56,0.6,0.1,0.3,pre
100.58,0.6,0.1,0.3,pre
100.60000000000001,0.6,0.1,0.3,pre
100.62,0.6,0.1,0.3,pre
100.64,0.6,0.1,0.3,pre
100.66,0.6,0.1,0.3,pre
100.68,0.6,0.1,0.3,pre
100.7,0.6,0.1,0.3,pre
100.72,0.6,0.1,0.3,pre
100.74000000000001,0.6,0.1,0.3,pre
100.76,0.6,0.1,0.3,pre
100.78,0.6,0.1,0.3,pre
100.8,0.6,0.1,0.3,pre
100.82000000000001,0.6,0.1,0.3,pre
100.84,0.6,0.1,0.3,pre
100.86,0.6,0.1,0.3,pre
100.88,0.6,0.1,0.3,pre
100.9,0.6,0.1,0.3,pre
100.92,0.6,0.1,0.3,pre
100.94,0.6,0.1,0.3,pre
100.96000000000001,0.6,0.1,0.3,pre
100.98,0.6,0.1,0.3,pre
101.0,0.6,0.1,0.3,pre
101.02,0.6,0.1,0.3,pre
101.04,0.6,0.1,0.3,pre
101.06,0.6,0.1,0.3,pre
101.08,0.6,0.1,0.3,pre
101.10000000000001,0.6,0.1,0.3,pre
101.12,0.6,0.1,0.3,pre
101.14,0.6,0.1,0.3,pre
101.16,0.6,0.1,0.3,pre
101.18,0.6,0.1,0.3,pre
101.2,0.6,0.1,0.3,pre
101.22,0.6,0.1,0.3,pre
101.24000000000001,0.6,0.1,0.3,pre
101.26,0.6,0.1,0.3,pre
101.28,0.6,0.1,0.3,pre
101.3,0.6,0.1,0.3,pre
101.32000000000001,0.6,0.1,0.3,pre
101.34,0.6,0.1,0.3,pre
101.36,0.6,0.1,0.3,pre
101.38,0.6,0.1,0.3,pre
101.4,0.6,0.1,0.3,pre
101.42,0.6,0.1,0.3,pre
101.44,0.6,0.1,0.3,pre
101.46000000000001,0.6,0.1,0.3,pre
101.48,0.6,0.1,0.3,pre
101.5,0.6,0.1,0.3,pre
101.52,0.6,0.1,0.3,pre
101.54,0.6,0.1,0.3,pre
101.56,0.6,0.1,0.3,pre
101.58,0.6,0.1,0.3,pre
101.60000000000001,0.6,0.1,0.3,pre
101.62,0.6,0.1,0.3,pre
101.64,0.6,0.1,0.3,pre
101.66,0.6,0.1,0.3,pre
101.68,0.6,0.1,0.3,pre
101.7,0.6,0.1,0.3,pre
101.72,0.6,0.1,0.3,pre
101.74000000000001,0.6,0.1,0.3,pre
101.76,0.6,0.1,0.3,pre
101.78,0.6,0.1,0.3,pre
101.8,0.6,0.1,0.3,pre
101.82000000000001,0.6,0.1,0.3,pre
101.84,0.6,0.1,0.3,pre
101.86,0.6,0.1,0.3,pre
101.88,0.6,0.1,0.3,pre
101.9,0.6,0.1,0.3,pre
101.92,0.6,0.1,0.3,pre
101.94,0.6,0.1,0.3,pre
101.96000000000001,0.6,0.1,0.3,pre
101.98,0.6,0.1,0.3,pre
102.0,0.6,0.1,0.3,pre
102.02,0.6,0.1,0.3,pre
102.04,0.6,0.1,0.3,pre
102.06,0.6,0.1,0.3,pre
102.08,0.6,0.1,0.3,pre
102.10000000000001,0.6,0.1,0.3,pre
102.12,0.6,0.1,0.3,pre
102.14,0.6,0.1,0.3,pre
102.16,0.6,0.1,0.3,pre
102.18,0.6,0.1,0.3,pre
102.2,0.6,0.1,0.3,pre
102.22,0.6,0.1,0.3,pre
102.24000000000001,0.6,0.1,0.3,pre
102.26,0.6,0.1,0.3,pre
102.28,0.6,0.1,0.3,pre
102.3,0.6,0.1,0.3,pre
102.32000000000001,0.6,0.1,0.3,pre
102.34,0.6,0.1,0.3,pre
102.36,0.6,0.1,0.3,pre
102.38,0.6,0.1,0.3,pre
102.4,0.6,0.1,0.3,pre
102.42,0.6,0.1,0.3,pre
102.44,0.6,0.1,0.3,pre
102.46000000000001,0.6,0.1,0.3,pre
102.48,0.6,0.1,0.3,pre
102.5,0.0,0.1,0.3,down_0.6to0.0_r2
102.52,0.0,0.1,0.3,down_0.6to0.0_r2
102.54,0.0,0.1,0.3,down_0.6to0.0_r2
102.56,0.0,0.1,0.3,down_0.6to0.0_r2
102.58,0.0,0.1,0.3,down_0.6to0.0_r2
102.60000000000001,0.0,0.1,0.3,down_0.6to0.0_r2
102.62,0.0,0.1,0.3,down_0.6to0.0_r2
102.64,0.0,0.1,0.3,down_0.6to0.0_r2
102.66,0.0,0.1,0.3,down_0.6to0.0_r2
102.68,0.0,0.1,0.3,down_0.6to0.0_r2
102.7,0.0,0.1,0.3,down_0.6to0.0_r2
102.72,0.0,0.1,0.3,down_0.6to0.0_r2
102.74000000000001,0.0,0.1,0.3,down_0.6to0.0_r2
102.76,0.0,0.1,0.3,down_0.6to0.0_r2
102.78,0.0,0.1,0.3,down_0.6to0.0_r2
102.8,0.0,0.1,0.3,down_0.6to0.0_r2
102.82000000000001,0.0,0.1,0.3,down_0.6to0.0_r2
102.84,0.0,0.1,0.3,down_0.6to0.0_r2
102.86,0.0,0.1,0.3,down_0.6to0.0_r2
102.88,0.0,0.1,0.3,down_0.6to0.0_r2
102.9,0.0,0.1,0.3,down_0.6to0.0_r2
102.92,0.0,0.1,0.3,down_0.6to0.0_r2
102.94,0.0,0.1,0.3,down_0.6to0.0_r2
102.96000000000001,0.0,0.1,0.3,down_0.6to0.0_r2
102.98,0.0,0.1,0.3,down_0.6to0.0_r2
103.0,0.0,0.1,0.3,down_0.6to0.0_r2
103.02,0.0,0.1,0.3,down_0.6to0.0_r2
103.04,0.0,0.1,0.3,down_0.6to0.0_r2
103.06,0.0,0.1,0.3,down_0.6to0.0_r2
103.08,0.0,0.1,0.3,down_0.6to0.0_r2
103.10000000000001,0.0,0.1,0.3,down_0.6to0.0_r2
103.12,0.0,0.1,0.3,down_0.6to0.0_r2
103.14,0.0,0.1,0.3,down_0.6to0.0_r2
103.16,0.0,0.1,0.3,down_0.6to0.0_r2
103.18,0.0,0.1,0.3,down_0.6to0.0_r2
103.2,0.0,0.1,0.3,down_0.6to0.0_r2
103.22,0.0,0.1,0.3,down_0.6to0.0_r2
103.24000000000001,0.0,0.1,0.3,down_0.6to0.0_r2
103.26,0.0,0.1,0.3,down_0.6to0.0_r2
103.28,0.0,0.1,0.3,down_0.6to0.0_r2
103.3,0.0,0.1,0.3,down_0.6to0.0_r2
103.32000000000001,0.0,0.1,0.3,down_0.6to0.0_r2
103.34,0.0,0.1,0.3,down_0.6to0.0_r2
103.36,0.0,0.1,0.3,down_0.6to0.0_r2
103.38,0.0,0.1,0.3,down_0.6to0.0_r2
103.4,0.0,0.1,0.3,down_0.6to0.0_r2
103.42,0.0,0.1,0.3,down_0.6to0.0_r2
103.44,0.0,0.1,0.3,down_0.6to0.0_r2
103.46000000000001,0.0,0.1,0.3,down_0.6to0.0_r2
103.48,0.0,0.1,0.3,down_0.6to0.0_r2
103.5,0.0,0.1,0.3,down_0.6to0.0_r2
103.52,0.0,0.1,0.3,down_0.6to0.0_r2
103.54,0.0,0.1,0.3,down_0.6to0.0_r2
103.56,0.0,0.1,0.3,down_0.6to0.0_r2
103.58,0.0,0.1,0.3,down_0.6to0.0_r2
103.60000000000001,0.0,0.1,0.3,down_0.6to0.0_r2
103.62,0.0,0.1,0.3,down_0.6to0.0_r2
103.64,0.0,0.1,0.3,down_0.6to0.0_r2
103.66,0.0,0.1,0.3,down_0.6to0.0_r2
103.68,0.0,0.1,0.3,down_0.6to0.0_r2
103.7,0.0,0.1,0.3,down_0.6to0.0_r2
103.72,0.0,0.1,0.3,down_0.6to0.0_r2
103.74000000000001,0.0,0.1,0.3,down_0.6to0.0_r2
103.76,0.0,0.1,0.3,down_0.6to0.0_r2
103.78,0.0,0.1,0.3,down_0.6to0.0_r2
103.8,0.0,0.1,0.3,down_0.6to0.0_r2
103.82000000000001,0.0,0.1,0.3,down_0.6to0.0_r2
103.84,0.0,0.1,0.3,down_0.6to0.0_r2
103.86,0.0,0.1,0.3,down_0.6to0.0_r2
103.88,0.0,0.1,0.3,down_0.6to0.0_r2
103.9,0.0,0.1,0.3,down_0.6to0.0_r2
103.92,0.0,0.1,0.3,down_0.6to0.0_r2
103.94,0.0,0.1,0.3,down_0.6to0.0_r2
103.96000000000001,0.0,0.1,0.3,down_0.6to0.0_r2
103.98,0.0,0.1,0.3,down_0.6to0.0_r2
104.0,0.0,0.1,0.3,down_0.6to0.0_r2
104.02,0.0,0.1,0.3,down_0.6to0.0_r2
104.04,0.0,0.1,0.3,down_0.6to0.0_r2
104.06,0.0,0.1,0.3,down_0.6to0.0_r2
104.08,0.0,0.1,0.3,down_0.6to0.0_r2
104.10000000000001,0.0,0.1,0.3,down_0.6to0.0_r2
104.12,0.0,0.1,0.3,down_0.6to0.0_r2
104.14,0.0,0.1,0.3,down_0.6to0.0_r2
104.16,0.0,0.1,0.3,down_0.6to0.0_r2
104.18,0.0,0.1,0.3,down_0.6to0.0_r2
104.2,0.0,0.1,0.3,down_0.6to0.0_r2
104.22,0.0,0.1,0.3,down_0.6to0.0_r2
104.24000000000001,0.0,0.1,0.3,down_0.6to0.0_r2
104.26,0.0,0.1,0.3,down_0.6to0.0_r2
104.28,0.0,0.1,0.3,down_0.6to0.0_r2
104.3,0.0,0.1,0.3,down_0.6to0.0_r2
104.32000000000001,0.0,0.1,0.3,down_0.6to0.0_r2
104.34,0.0,0.1,0.3,down_0.6to0.0_r2
104.36,0.0,0.1,0.3,down_0.6to0.0_r2
104.38,0.0,0.1,0.3,down_0.6to0.0_r2
104.4,0.0,0.1,0.3,down_0.6to0.0_r2
104.42,0.0,0.1,0.3,down_0.6to0.0_r2
104.44,0.0,0.1,0.3,down_0.6to0.0_r2
104.46000000000001,0.0,0.1,0.3,down_0.6to0.0_r2
104.48,0.0,0.1,0.3,down_0.6to0.0_r2
104.5,0.6,0.1,0.3,pre
104.52,0.6,0.1,0.3,pre
104.54,0.6,0.1,0.3,pre
104.56,0.6,0.1,0.3,pre
104.58,0.6,0.1,0.3,pre
104.60000000000001,0.6,0.1,0.3,pre
104.62,0.6,0.1,0.3,pre
104.64,0.6,0.1,0.3,pre
104.66,0.6,0.1,0.3,pre
104.68,0.6,0.1,0.3,pre
104.7,0.6,0.1,0.3,pre
104.72,0.6,0.1,0.3,pre
104.74000000000001,0.6,0.1,0.3,pre
104.76,0.6,0.1,0.3,pre
104.78,0.6,0.1,0.3,pre
104.8,0.6,0.1,0.3,pre
104.82000000000001,0.6,0.1,0.3,pre
104.84,0.6,0.1,0.3,pre
104.86,0.6,0.1,0.3,pre
104.88,0.6,0.1,0.3,pre
104.9,0.6,0.1,0.3,pre
104.92,0.6,0.1,0.3,pre
104.94,0.6,0.1,0.3,pre
104.96000000000001,0.6,0.1,0.3,pre
104.98,0.6,0.1,0.3,pre
105.0,0.6,0.1,0.3,pre
105.02,0.6,0.1,0.3,pre
105.04,0.6,0.1,0.3,pre
105.06,0.6,0.1,0.3,pre
105.08,0.6,0.1,0.3,pre
105.10000000000001,0.6,0.1,0.3,pre
105.12,0.6,0.1,0.3,pre
105.14,0.6,0.1,0.3,pre
105.16,0.6,0.1,0.3,pre
105.18,0.6,0.1,0.3,pre
105.2,0.6,0.1,0.3,pre
105.22,0.6,0.1,0.3,pre
105.24000000000001,0.6,0.1,0.3,pre
105.26,0.6,0.1,0.3,pre
105.28,0.6,0.1,0.3,pre
105.3,0.6,0.1,0.3,pre
105.32000000000001,0.6,0.1,0.3,pre
105.34,0.6,0.1,0.3,pre
105.36,0.6,0.1,0.3,pre
105.38,0.6,0.1,0.3,pre
105.4,0.6,0.1,0.3,pre
105.42,0.6,0.1,0.3,pre
105.44,0.6,0.1,0.3,pre
105.46000000000001,0.6,0.1,0.3,pre
105.48,0.6,0.1,0.3,pre
105.5,0.6,0.1,0.3,pre
105.52,0.6,0.1,0.3,pre
105.54,0.6,0.1,0.3,pre
105.56,0.6,0.1,0.3,pre
105.58,0.6,0.1,0.3,pre
105.60000000000001,0.6,0.1,0.3,pre
105.62,0.6,0.1,0.3,pre
105.64,0.6,0.1,0.3,pre
105.66,0.6,0.1,0.3,pre
105.68,0.6,0.1,0.3,pre
105.7,0.6,0.1,0.3,pre
105.72,0.6,0.1,0.3,pre
105.74000000000001,0.6,0.1,0.3,pre
105.76,0.6,0.1,0.3,pre
105.78,0.6,0.1,0.3,pre
105.8,0.6,0.1,0.3,pre
105.82000000000001,0.6,0.1,0.3,pre
105.84,0.6,0.1,0.3,pre
105.86,0.6,0.1,0.3,pre
105.88,0.6,0.1,0.3,pre
105.9,0.6,0.1,0.3,pre
105.92,0.6,0.1,0.3,pre
105.94,0.6,0.1,0.3,pre
105.96000000000001,0.6,0.1,0.3,pre
105.98,0.6,0.1,0.3,pre
106.0,0.6,0.1,0.3,pre
106.02,0.6,0.1,0.3,pre
106.04,0.6,0.1,0.3,pre
106.06,0.6,0.1,0.3,pre
106.08,0.6,0.1,0.3,pre
106.10000000000001,0.6,0.1,0.3,pre
106.12,0.6,0.1,0.3,pre
106.14,0.6,0.1,0.3,pre
106.16,0.6,0.1,0.3,pre
106.18,0.6,0.1,0.3,pre
106.2,0.6,0.1,0.3,pre
106.22,0.6,0.1,0.3,pre
106.24000000000001,0.6,0.1,0.3,pre
106.26,0.6,0.1,0.3,pre
106.28,0.6,0.1,0.3,pre
106.3,0.6,0.1,0.3,pre
106.32000000000001,0.6,0.1,0.3,pre
106.34,0.6,0.1,0.3,pre
106.36,0.6,0.1,0.3,pre
106.38,0.6,0.1,0.3,pre
106.4,0.6,0.1,0.3,pre
106.42,0.6,0.1,0.3,pre
106.44,0.6,0.1,0.3,pre
106.46000000000001,0.6,0.1,0.3,pre
106.48,0.6,0.1,0.3,pre
106.5,0.6,0.1,0.3,pre
106.52,0.6,0.1,0.3,pre
106.54,0.6,0.1,0.3,pre
106.56,0.6,0.1,0.3,pre
106.58,0.6,0.1,0.3,pre
106.60000000000001,0.6,0.1,0.3,pre
106.62,0.6,0.1,0.3,pre
106.64,0.6,0.1,0.3,pre
106.66,0.6,0.1,0.3,pre
106.68,0.6,0.1,0.3,pre
106.7,0.6,0.1,0.3,pre
106.72,0.6,0.1,0.3,pre
106.74000000000001,0.6,0.1,0.3,pre
106.76,0.6,0.1,0.3,pre
106.78,0.6,0.1,0.3,pre
106.8,0.6,0.1,0.3,pre
106.82000000000001,0.6,0.1,0.3,pre
106.84,0.6,0.1,0.3,pre
106.86,0.6,0.1,0.3,pre
106.88,0.6,0.1,0.3,pre
106.9,0.6,0.1,0.3,pre
106.92,0.6,0.1,0.3,pre
106.94,0.6,0.1,0.3,pre
106.96000000000001,0.6,0.1,0.3,pre
106.98,0.6,0.1,0.3,pre
107.0,0.6,0.1,0.3,pre
107.02,0.6,0.1,0.3,pre
107.04,0.6,0.1,0.3,pre
107.06,0.6,0.1,0.3,pre
107.08,0.6,0.1,0.3,pre
107.10000000000001,0.6,0.1,0.3,pre
107.12,0.6,0.1,0.3,pre
107.14,0.6,0.1,0.3,pre
107.16,0.6,0.1,0.3,pre
107.18,0.6,0.1,0.3,pre
107.2,0.6,0.1,0.3,pre
107.22,0.6,0.1,0.3,pre
107.24000000000001,0.6,0.1,0.3,pre
107.26,0.6,0.1,0.3,pre
107.28,0.6,0.1,0.3,pre
107.3,0.6,0.1,0.3,pre
107.32000000000001,0.6,0.1,0.3,pre
107.34,0.6,0.1,0.3,pre
107.36,0.6,0.1,0.3,pre
107.38,0.6,0.1,0.3,pre
107.4,0.6,0.1,0.3,pre
107.42,0.6,0.1,0.3,pre
107.44,0.6,0.1,0.3,pre
107.46000000000001,0.6,0.1,0.3,pre
107.48,0.6,0.1,0.3,pre
107.5,0.1,0.1,0.3,down_0.6to0.1_r2
107.52,0.1,0.1,0.3,down_0.6to0.1_r2
107.54,0.1,0.1,0.3,down_0.6to0.1_r2
107.56,0.1,0.1,0.3,down_0.6to0.1_r2
107.58,0.1,0.1,0.3,down_0.6to0.1_r2
107.60000000000001,0.1,0.1,0.3,down_0.6to0.1_r2
107.62,0.1,0.1,0.3,down_0.6to0.1_r2
107.64,0.1,0.1,0.3,down_0.6to0.1_r2
107.66,0.1,0.1,0.3,down_0.6to0.1_r2
107.68,0.1,0.1,0.3,down_0.6to0.1_r2
107.7,0.1,0.1,0.3,down_0.6to0.1_r2
107.72,0.1,0.1,0.3,down_0.6to0.1_r2
107.74000000000001,0.1,0.1,0.3,down_0.6to0.1_r2
107.76,0.1,0.1,0.3,down_0.6to0.1_r2
107.78,0.1,0.1,0.3,down_0.6to0.1_r2
107.8,0.1,0.1,0.3,down_0.6to0.1_r2
107.82000000000001,0.1,0.1,0.3,down_0.6to0.1_r2
107.84,0.1,0.1,0.3,down_0.6to0.1_r2
107.86,0.1,0.1,0.3,down_0.6to0.1_r2
107.88,0.1,0.1,0.3,down_0.6to0.1_r2
107.9,0.1,0.1,0.3,down_0.6to0.1_r2
107.92,0.1,0.1,0.3,down_0.6to0.1_r2
107.94,0.1,0.1,0.3,down_0.6to0.1_r2
107.96000000000001,0.1,0.1,0.3,down_0.6to0.1_r2
107.98,0.1,0.1,0.3,down_0.6to0.1_r2
108.0,0.1,0.1,0.3,down_0.6to0.1_r2
108.02,0.1,0.1,0.3,down_0.6to0.1_r2
108.04,0.1,0.1,0.3,down_0.6to0.1_r2
108.06,0.1,0.1,0.3,down_0.6to0.1_r2
108.08,0.1,0.1,0.3,down_0.6to0.1_r2
108.10000000000001,0.1,0.1,0.3,down_0.6to0.1_r2
108.12,0.1,0.1,0.3,down_0.6to0.1_r2
108.14,0.1,0.1,0.3,down_0.6to0.1_r2
108.16,0.1,0.1,0.3,down_0.6to0.1_r2
108.18,0.1,0.1,0.3,down_0.6to0.1_r2
108.2,0.1,0.1,0.3,down_0.6to0.1_r2
108.22,0.1,0.1,0.3,down_0.6to0.1_r2
108.24000000000001,0.1,0.1,0.3,down_0.6to0.1_r2
108.26,0.1,0.1,0.3,down_0.6to0.1_r2
108.28,0.1,0.1,0.3,down_0.6to0.1_r2
108.3,0.1,0.1,0.3,down_0.6to0.1_r2
108.32000000000001,0.1,0.1,0.3,down_0.6to0.1_r2
108.34,0.1,0.1,0.3,down_0.6to0.1_r2
108.36,0.1,0.1,0.3,down_0.6to0.1_r2
108.38,0.1,0.1,0.3,down_0.6to0.1_r2
108.4,0.1,0.1,0.3,down_0.6to0.1_r2
108.42,0.1,0.1,0.3,down_0.6to0.1_r2
108.44,0.1,0.1,0.3,down_0.6to0.1_r2
108.46000000000001,0.1,0.1,0.3,down_0.6to0.1_r2
108.48,0.1,0.1,0.3,down_0.6to0.1_r2
108.5,0.1,0.1,0.3,down_0.6to0.1_r2
108.52,0.1,0.1,0.3,down_0.6to0.1_r2
108.54,0.1,0.1,0.3,down_0.6to0.1_r2
108.56,0.1,0.1,0.3,down_0.6to0.1_r2
108.58,0.1,0.1,0.3,down_0.6to0.1_r2
108.60000000000001,0.1,0.1,0.3,down_0.6to0.1_r2
108.62,0.1,0.1,0.3,down_0.6to0.1_r2
108.64,0.1,0.1,0.3,down_0.6to0.1_r2
108.66,0.1,0.1,0.3,down_0.6to0.1_r2
108.68,0.1,0.1,0.3,down_0.6to0.1_r2
108.7,0.1,0.1,0.3,down_0.6to0.1_r2
108.72,0.1,0.1,0.3,down_0.6to0.1_r2
108.74000000000001,0.1,0.1,0.3,down_0.6to0.1_r2
108.76,0.1,0.1,0.3,down_0.6to0.1_r2
108.78,0.1,0.1,0.3,down_0.6to0.1_r2
108.8,0.1,0.1,0.3,down_0.6to0.1_r2
108.82000000000001,0.1,0.1,0.3,down_0.6to0.1_r2
108.84,0.1,0.1,0.3,down_0.6to0.1_r2
108.86,0.1,0.1,0.3,down_0.6to0.1_r2
108.88,0.1,0.1,0.3,down_0.6to0.1_r2
108.9,0.1,0.1,0.3,down_0.6to0.1_r2
108.92,0.1,0.1,0.3,down_0.6to0.1_r2
108.94,0.1,0.1,0.3,down_0.6to0.1_r2
108.96000000000001,0.1,0.1,0.3,down_0.6to0.1_r2
108.98,0.1,0.1,0.3,down_0.6to0.1_r2
109.0,0.1,0.1,0.3,down_0.6to0.1_r2
109.02,0.1,0.1,0.3,down_0.6to0.1_r2
109.04,0.1,0.1,0.3,down_0.6to0.1_r2
109.06,0.1,0.1,0.3,down_0.6to0.1_r2
109.08,0.1,0.1,0.3,down_0.6to0.1_r2
109.10000000000001,0.1,0.1,0.3,down_0.6to0.1_r2
109.12,0.1,0.1,0.3,down_0.6to0.1_r2
109.14,0.1,0.1,0.3,down_0.6to0.1_r2
109.16,0.1,0.1,0.3,down_0.6to0.1_r2
109.18,0.1,0.1,0.3,down_0.6to0.1_r2
109.2,0.1,0.1,0.3,down_0.6to0.1_r2
109.22,0.1,0.1,0.3,down_0.6to0.1_r2
109.24000000000001,0.1,0.1,0.3,down_0.6to0.1_r2
109.26,0.1,0.1,0.3,down_0.6to0.1_r2
109.28,0.1,0.1,0.3,down_0.6to0.1_r2
109.3,0.1,0.1,0.3,down_0.6to0.1_r2
109.32000000000001,0.1,0.1,0.3,down_0.6to0.1_r2
109.34,0.1,0.1,0.3,down_0.6to0.1_r2
109.36,0.1,0.1,0.3,down_0.6to0.1_r2
109.38,0.1,0.1,0.3,down_0.6to0.1_r2
109.4,0.1,0.1,0.3,down_0.6to0.1_r2
109.42,0.1,0.1,0.3,down_0.6to0.1_r2
109.44,0.1,0.1,0.3,down_0.6to0.1_r2
109.46000000000001,0.1,0.1,0.3,down_0.6to0.1_r2
109.48,0.1,0.1,0.3,down_0.6to0.1_r2
109.5,0.6,0.1,0.3,pre
109.52,0.6,0.1,0.3,pre
109.54,0.6,0.1,0.3,pre
109.56,0.6,0.1,0.3,pre
109.58,0.6,0.1,0.3,pre
109.60000000000001,0.6,0.1,0.3,pre
109.62,0.6,0.1,0.3,pre
109.64,0.6,0.1,0.3,pre
109.66,0.6,0.1,0.3,pre
109.68,0.6,0.1,0.3,pre
109.7,0.6,0.1,0.3,pre
109.72,0.6,0.1,0.3,pre
109.74000000000001,0.6,0.1,0.3,pre
109.76,0.6,0.1,0.3,pre
109.78,0.6,0.1,0.3,pre
109.8,0.6,0.1,0.3,pre
109.82000000000001,0.6,0.1,0.3,pre
109.84,0.6,0.1,0.3,pre
109.86,0.6,0.1,0.3,pre
109.88,0.6,0.1,0.3,pre
109.9,0.6,0.1,0.3,pre
109.92,0.6,0.1,0.3,pre
109.94,0.6,0.1,0.3,pre
109.96000000000001,0.6,0.1,0.3,pre
109.98,0.6,0.1,0.3,pre
110.0,0.6,0.1,0.3,pre
110.02,0.6,0.1,0.3,pre
110.04,0.6,0.1,0.3,pre
110.06,0.6,0.1,0.3,pre
110.08,0.6,0.1,0.3,pre
110.10000000000001,0.6,0.1,0.3,pre
110.12,0.6,0.1,0.3,pre
110.14,0.6,0.1,0.3,pre
110.16,0.6,0.1,0.3,pre
110.18,0.6,0.1,0.3,pre
110.2,0.6,0.1,0.3,pre
110.22,0.6,0.1,0.3,pre
110.24000000000001,0.6,0.1,0.3,pre
110.26,0.6,0.1,0.3,pre
110.28,0.6,0.1,0.3,pre
110.3,0.6,0.1,0.3,pre
110.32000000000001,0.6,0.1,0.3,pre
110.34,0.6,0.1,0.3,pre
110.36,0.6,0.1,0.3,pre
110.38,0.6,0.1,0.3,pre
110.4,0.6,0.1,0.3,pre
110.42,0.6,0.1,0.3,pre
110.44,0.6,0.1,0.3,pre
110.46000000000001,0.6,0.1,0.3,pre
110.48,0.6,0.1,0.3,pre
110.5,0.6,0.1,0.3,pre
110.52,0.6,0.1,0.3,pre
110.54,0.6,0.1,0.3,pre
110.56,0.6,0.1,0.3,pre
110.58,0.6,0.1,0.3,pre
110.60000000000001,0.6,0.1,0.3,pre
110.62,0.6,0.1,0.3,pre
110.64,0.6,0.1,0.3,pre
110.66,0.6,0.1,0.3,pre
110.68,0.6,0.1,0.3,pre
110.7,0.6,0.1,0.3,pre
110.72,0.6,0.1,0.3,pre
110.74000000000001,0.6,0.1,0.3,pre
110.76,0.6,0.1,0.3,pre
110.78,0.6,0.1,0.3,pre
110.8,0.6,0.1,0.3,pre
110.82000000000001,0.6,0.1,0.3,pre
110.84,0.6,0.1,0.3,pre
110.86,0.6,0.1,0.3,pre
110.88,0.6,0.1,0.3,pre
110.9,0.6,0.1,0.3,pre
110.92,0.6,0.1,0.3,pre
110.94,0.6,0.1,0.3,pre
110.96000000000001,0.6,0.1,0.3,pre
110.98,0.6,0.1,0.3,pre
111.0,0.6,0.1,0.3,pre
111.02,0.6,0.1,0.3,pre
111.04,0.6,0.1,0.3,pre
111.06,0.6,0.1,0.3,pre
111.08,0.6,0.1,0.3,pre
111.10000000000001,0.6,0.1,0.3,pre
111.12,0.6,0.1,0.3,pre
111.14,0.6,0.1,0.3,pre
111.16,0.6,0.1,0.3,pre
111.18,0.6,0.1,0.3,pre
111.2,0.6,0.1,0.3,pre
111.22,0.6,0.1,0.3,pre
111.24000000000001,0.6,0.1,0.3,pre
111.26,0.6,0.1,0.3,pre
111.28,0.6,0.1,0.3,pre
111.3,0.6,0.1,0.3,pre
111.32000000000001,0.6,0.1,0.3,pre
111.34,0.6,0.1,0.3,pre
111.36,0.6,0.1,0.3,pre
111.38,0.6,0.1,0.3,pre
111.4,0.6,0.1,0.3,pre
111.42,0.6,0.1,0.3,pre
111.44,0.6,0.1,0.3,pre
111.46000000000001,0.6,0.1,0.3,pre
111.48,0.6,0.1,0.3,pre
111.5,0.6,0.1,0.3,pre
111.52,0.6,0.1,0.3,pre
111.54,0.6,0.1,0.3,pre
111.56,0.6,0.1,0.3,pre
111.58,0.6,0.1,0.3,pre
111.60000000000001,0.6,0.1,0.3,pre
111.62,0.6,0.1,0.3,pre
111.64,0.6,0.1,0.3,pre
111.66,0.6,0.1,0.3,pre
111.68,0.6,0.1,0.3,pre
111.7,0.6,0.1,0.3,pre
111.72,0.6,0.1,0.3,pre
111.74000000000001,0.6,0.1,0.3,pre
111.76,0.6,0.1,0.3,pre
111.78,0.6,0.1,0.3,pre
111.8,0.6,0.1,0.3,pre
111.82000000000001,0.6,0.1,0.3,pre
111.84,0.6,0.1,0.3,pre
111.86,0.6,0.1,0.3,pre
111.88,0.6,0.1,0.3,pre
111.9,0.6,0.1,0.3,pre
111.92,0.6,0.1,0.3,pre
111.94,0.6,0.1,0.3,pre
111.96000000000001,0.6,0.1,0.3,pre
111.98,0.6,0.1,0.3,pre
112.0,0.6,0.1,0.3,pre
112.02,0.6,0.1,0.3,pre
112.04,0.6,0.1,0.3,pre
112.06,0.6,0.1,0.3,pre
112.08,0.6,0.1,0.3,pre
112.10000000000001,0.6,0.1,0.3,pre
112.12,0.6,0.1,0.3,pre
112.14,0.6,0.1,0.3,pre
112.16,0.6,0.1,0.3,pre
112.18,0.6,0.1,0.3,pre
112.2,0.6,0.1,0.3,pre
112.22,0.6,0.1,0.3,pre
112.24000000000001,0.6,0.1,0.3,pre
112.26,0.6,0.1,0.3,pre
112.28,0.6,0.1,0.3,pre
112.3,0.6,0.1,0.3,pre
112.32000000000001,0.6,0.1,0.3,pre
112.34,0.6,0.1,0.3,pre
112.36,0.6,0.1,0.3,pre
112.38,0.6,0.1,0.3,pre
112.4,0.6,0.1,0.3,pre
112.42,0.6,0.1,0.3,pre
112.44,0.6,0.1,0.3,pre
112.46000000000001,0.6,0.1,0.3,pre
112.48,0.6,0.1,0.3,pre
112.5,0.3,0.1,0.3,down_0.6to0.3_r2
112.52,0.3,0.1,0.3,down_0.6to0.3_r2
112.54,0.3,0.1,0.3,down_0.6to0.3_r2
112.56,0.3,0.1,0.3,down_0.6to0.3_r2
112.58,0.3,0.1,0.3,down_0.6to0.3_r2
112.60000000000001,0.3,0.1,0.3,down_0.6to0.3_r2
112.62,0.3,0.1,0.3,down_0.6to0.3_r2
112.64,0.3,0.1,0.3,down_0.6to0.3_r2
112.66,0.3,0.1,0.3,down_0.6to0.3_r2
112.68,0.3,0.1,0.3,down_0.6to0.3_r2
112.7,0.3,0.1,0.3,down_0.6to0.3_r2
112.72,0.3,0.1,0.3,down_0.6to0.3_r2
112.74000000000001,0.3,0.1,0.3,down_0.6to0.3_r2
112.76,0.3,0.1,0.3,down_0.6to0.3_r2
112.78,0.3,0.1,0.3,down_0.6to0.3_r2
112.8,0.3,0.1,0.3,down_0.6to0.3_r2
112.82000000000001,0.3,0.1,0.3,down_0.6to0.3_r2
112.84,0.3,0.1,0.3,down_0.6to0.3_r2
112.86,0.3,0.1,0.3,down_0.6to0.3_r2
112.88,0.3,0.1,0.3,down_0.6to0.3_r2
112.9,0.3,0.1,0.3,down_0.6to0.3_r2
112.92,0.3,0.1,0.3,down_0.6to0.3_r2
112.94,0.3,0.1,0.3,down_0.6to0.3_r2
112.96000000000001,0.3,0.1,0.3,down_0.6to0.3_r2
112.98,0.3,0.1,0.3,down_0.6to0.3_r2
113.0,0.3,0.1,0.3,down_0.6to0.3_r2
113.02,0.3,0.1,0.3,down_0.6to0.3_r2
113.04,0.3,0.1,0.3,down_0.6to0.3_r2
113.06,0.3,0.1,0.3,down_0.6to0.3_r2
113.08,0.3,0.1,0.3,down_0.6to0.3_r2
113.10000000000001,0.3,0.1,0.3,down_0.6to0.3_r2
113.12,0.3,0.1,0.3,down_0.6to0.3_r2
113.14,0.3,0.1,0.3,down_0.6to0.3_r2
113.16,0.3,0.1,0.3,down_0.6to0.3_r2
113.18,0.3,0.1,0.3,down_0.6to0.3_r2
113.2,0.3,0.1,0.3,down_0.6to0.3_r2
113.22,0.3,0.1,0.3,down_0.6to0.3_r2
113.24000000000001,0.3,0.1,0.3,down_0.6to0.3_r2
113.26,0.3,0.1,0.3,down_0.6to0.3_r2
113.28,0.3,0.1,0.3,down_0.6to0.3_r2
113.3,0.3,0.1,0.3,down_0.6to0.3_r2
113.32000000000001,0.3,0.1,0.3,down_0.6to0.3_r2
113.34,0.3,0.1,0.3,down_0.6to0.3_r2
113.36,0.3,0.1,0.3,down_0.6to0.3_r2
113.38,0.3,0.1,0.3,down_0.6to0.3_r2
113.4,0.3,0.1,0.3,down_0.6to0.3_r2
113.42,0.3,0.1,0.3,down_0.6to0.3_r2
113.44,0.3,0.1,0.3,down_0.6to0.3_r2
113.46000000000001,0.3,0.1,0.3,down_0.6to0.3_r2
113.48,0.3,0.1,0.3,down_0.6to0.3_r2
113.5,0.3,0.1,0.3,down_0.6to0.3_r2
113.52,0.3,0.1,0.3,down_0.6to0.3_r2
113.54,0.3,0.1,0.3,down_0.6to0.3_r2
113.56,0.3,0.1,0.3,down_0.6to0.3_r2
113.58,0.3,0.1,0.3,down_0.6to0.3_r2
113.60000000000001,0.3,0.1,0.3,down_0.6to0.3_r2
113.62,0.3,0.1,0.3,down_0.6to0.3_r2
113.64,0.3,0.1,0.3,down_0.6to0.3_r2
113.66,0.3,0.1,0.3,down_0.6to0.3_r2
113.68,0.3,0.1,0.3,down_0.6to0.3_r2
113.7,0.3,0.1,0.3,down_0.6to0.3_r2
113.72,0.3,0.1,0.3,down_0.6to0.3_r2
113.74000000000001,0.3,0.1,0.3,down_0.6to0.3_r2
113.76,0.3,0.1,0.3,down_0.6to0.3_r2
113.78,0.3,0.1,0.3,down_0.6to0.3_r2
113.8,0.3,0.1,0.3,down_0.6to0.3_r2
113.82000000000001,0.3,0.1,0.3,down_0.6to0.3_r2
113.84,0.3,0.1,0.3,down_0.6to0.3_r2
113.86,0.3,0.1,0.3,down_0.6to0.3_r2
113.88,0.3,0.1,0.3,down_0.6to0.3_r2
113.9,0.3,0.1,0.3,down_0.6to0.3_r2
113.92,0.3,0.1,0.3,down_0.6to0.3_r2
113.94,0.3,0.1,0.3,down_0.6to0.3_r2
113.96000000000001,0.3,0.1,0.3,down_0.6to0.3_r2
113.98,0.3,0.1,0.3,down_0.6to0.3_r2
114.0,0.3,0.1,0.3,down_0.6to0.3_r2
114.02,0.3,0.1,0.3,down_0.6to0.3_r2
114.04,0.3,0.1,0.3,down_0.6to0.3_r2
114.06,0.3,0.1,0.3,down_0.6to0.3_r2
114.08,0.3,0.1,0.3,down_0.6to0.3_r2
114.10000000000001,0.3,0.1,0.3,down_0.6to0.3_r2
114.12,0.3,0.1,0.3,down_0.6to0.3_r2
114.14,0.3,0.1,0.3,down_0.6to0.3_r2
114.16,0.3,0.1,0.3,down_0.6to0.3_r2
114.18,0.3,0.1,0.3,down_0.6to0.3_r2
114.2,0.3,0.1,0.3,down_0.6to0.3_r2
114.22,0.3,0.1,0.3,down_0.6to0.3_r2
114.24000000000001,0.3,0.1,0.3,down_0.6to0.3_r2
114.26,0.3,0.1,0.3,down_0.6to0.3_r2
114.28,0.3,0.1,0.3,down_0.6to0.3_r2
114.3,0.3,0.1,0.3,down_0.6to0.3_r2
114.32000000000001,0.3,0.1,0.3,down_0.6to0.3_r2
114.34,0.3,0.1,0.3,down_0.6to0.3_r2
114.36,0.3,0.1,0.3,down_0.6to0.3_r2
114.38,0.3,0.1,0.3,down_0.6to0.3_r2
114.4,0.3,0.1,0.3,down_0.6to0.3_r2
114.42,0.3,0.1,0.3,down_0.6to0.3_r2
114.44,0.3,0.1,0.3,down_0.6to0.3_r2
114.46000000000001,0.3,0.1,0.3,down_0.6to0.3_r2
114.48,0.3,0.1,0.3,down_0.6to0.3_r2
114.5,0.1,0.1,0.3,rest
114.52,0.1,0.1,0.3,rest
114.54,0.1,0.1,0.3,rest
114.56,0.1,0.1,0.3,rest
114.58,0.1,0.1,0.3,rest
114.60000000000001,0.1,0.1,0.3,rest
114.62,0.1,0.1,0.3,rest
114.64,0.1,0.1,0.3,rest
114.66,0.1,0.1,0.3,rest
114.68,0.1,0.1,0.3,rest
114.7,0.1,0.1,0.3,rest
114.72,0.1,0.1,0.3,rest
114.74000000000001,0.1,0.1,0.3,rest
114.76,0.1,0.1,0.3,rest
114.78,0.1,0.1,0.3,rest
114.8,0.1,0.1,0.3,rest
114.82000000000001,0.1,0.1,0.3,rest
114.84,0.1,0.1,0.3,rest
114.86,0.1,0.1,0.3,rest
114.88,0.1,0.1,0.3,rest
114.9,0.1,0.1,0.3,rest
114.92,0.1,0.1,0.3,rest
114.94,0.1,0.1,0.3,rest
114.96000000000001,0.1,0.1,0.3,rest
114.98,0.1,0.1,0.3,rest
115.0,0.1,0.1,0.3,rest
115.02,0.1,0.1,0.3,rest
115.04,0.1,0.1,0.3,rest
115.06,0.1,0.1,0.3,rest
115.08,0.1,0.1,0.3,rest
115.10000000000001,0.1,0.1,0.3,rest
115.12,0.1,0.1,0.3,rest
115.14,0.1,0.1,0.3,rest
115.16,0.1,0.1,0.3,rest
115.18,0.1,0.1,0.3,rest
115.2,0.1,0.1,0.3,rest
115.22,0.1,0.1,0.3,rest
115.24000000000001,0.1,0.1,0.3,rest
115.26,0.1,0.1,0.3,rest
115.28,0.1,0.1,0.3,rest
115.3,0.1,0.1,0.3,rest
115.32000000000001,0.1,0.1,0.3,rest
115.34,0.1,0.1,0.3,rest
115.36,0.1,0.1,0.3,rest
115.38,0.1,0.1,0.3,rest
115.4,0.1,0.1,0.3,rest
115.42,0.1,0.1,0.3,rest
115.44,0.1,0.1,0.3,rest
115.46000000000001,0.1,0.1,0.3,rest
115.48,0.1,0.1,0.3,rest
115.5,0.1,0.1,0.3,rest
115.52,0.1,0.1,0.3,rest
115.54,0.1,0.1,0.3,rest
115.56,0.1,0.1,0.3,rest
115.58,0.1,0.1,0.3,rest
115.60000000000001,0.1,0.1,0.3,rest
115.62,0.1,0.1,0.3,rest
115.64,0.1,0.1,0.3,rest
115.66,0.1,0.1,0.3,rest
115.68,0.1,0.1,0.3,rest
115.7,0.1,0.1,0.3,rest
115.72,0.1,0.1,0.3,rest
115.74000000000001,0.1,0.1,0.3,rest
115.76,0.1,0.1,0.3,rest
115.78,0.1,0.1,0.3,rest
115.8,0.1,0.1,0.3,rest
115.82000000000001,0.1,0.1,0.3,rest
115.84,0.1,0.1,0.3,rest
115.86,0.1,0.1,0.3,rest
115.88,0.1,0.1,0.3,rest
115.9,0.1,0.1,0.3,rest
115.92,0.1,0.1,0.3,rest
115.94,0.1,0.1,0.3,rest
115.96000000000001,0.1,0.1,0.3,rest
115.98,0.1,0.1,0.3,rest
116.0,0.1,0.1,0.3,rest
116.02,0.1,0.1,0.3,rest
116.04,0.1,0.1,0.3,rest
116.06,0.1,0.1,0.3,rest
116.08,0.1,0.1,0.3,rest
116.10000000000001,0.1,0.1,0.3,rest
116.12,0.1,0.1,0.3,rest
116.14,0.1,0.1,0.3,rest
116.16,0.1,0.1,0.3,rest
116.18,0.1,0.1,0.3,rest
116.2,0.1,0.1,0.3,rest
116.22,0.1,0.1,0.3,rest
116.24000000000001,0.1,0.1,0.3,rest
116.26,0.1,0.1,0.3,rest
116.28,0.1,0.1,0.3,rest
116.3,0.1,0.1,0.3,rest
116.32000000000001,0.1,0.1,0.3,rest
116.34,0.1,0.1,0.3,rest
116.36,0.1,0.1,0.3,rest
116.38,0.1,0.1,0.3,rest
116.4,0.1,0.1,0.3,rest
116.42,0.1,0.1,0.3,rest
116.44,0.1,0.1,0.3,rest
116.46000000000001,0.1,0.1,0.3,rest
116.48,0.1,0.1,0.3,rest
