time,cmd_pressure_DF,cmd_pressure_F,cmd_pressure_G,segment
0.0,0.1,0.1,0.3,rest
0.02,0.1,0.1,0.3,rest
0.04,0.1,0.1,0.3,rest
0.06,0.1,0.1,0.3,rest
0.08,0.1,0.1,0.3,rest
0.1,0.1,0.1,0.3,rest
0.12,0.1,0.1,0.3,rest
0.14,0.1,0.1,0.3,rest
0.16,0.1,0.1,0.3,rest
0.18,0.1,0.1,0.3,rest
0.2,0.1,0.1,0.3,rest
0.22,0.1,0.1,0.3,rest
0.24,0.1,0.1,0.3,rest
0.26,0.1,0.1,0.3,rest
0.28,0.1,0.1,0.3,rest
0.3,0.1,0.1,0.3,rest
0.32,0.1,0.1,0.3,rest
0.34,0.1,0.1,0.3,rest
0.36,0.1,0.1,0.3,rest
0.38,0.1,0.1,0.3,rest
0.4,0.1,0.1,0.3,rest
0.42,0.1,0.1,0.3,rest
0.44,0.1,0.1,0.3,rest
0.46,0.1,0.1,0.3,rest
0.48,0.1,0.1,0.3,rest
0.5,0.1,0.1,0.3,rest
0.52,0.1,0.1,0.3,rest
0.54,0.1,0.1,0.3,rest
0.56,0.1,0.1,0.3,rest
0.58,0.1,0.1,0.3,rest
0.6,0.1,0.1,0.3,rest
0.62,0.1,0.1,0.3,rest
0.64,0.1,0.1,0.3,rest
0.66,0.1,0.1,0.3,rest
0.68,0.1,0.1,0.3,rest
0.7000000000000001,0.1,0.1,0.3,rest
0.72,0.1,0.1,0.3,rest
0.74,0.1,0.1,0.3,rest
0.76,0.1,0.1,0.3,rest
0.78,0.1,0.1,0.3,rest
0.8,0.1,0.1,0.3,rest
0.8200000000000001,0.1,0.1,0.3,rest
0.84,0.1,0.1,0.3,rest
0.86,0.1,0.1,0.3,rest
0.88,0.1,0.1,0.3,rest
0.9,0.1,0.1,0.3,rest
0.92,0.1,0.1,0.3,rest
0.9400000000000001,0.1,0.1,0.3,rest
0.96,0.1,0.1,0.3,rest
0.98,0.1,0.1,0.3,rest
1.0,0.1,0.1,0.3,rest
1.02,0.1,0.1,0.3,rest
1.04,0.1,0.1,0.3,rest
1.06,0.1,0.1,0.3,rest
1.08,0.1,0.1,0.3,rest
1.1,0.1,0.1,0.3,rest
1.12,0.1,0.1,0.3,rest
1.1400000000000001,0.1,0.1,0.3,rest
1.16,0.1,0.1,0.3,rest
1.18,0.1,0.1,0.3,rest
1.2,0.1,0.1,0.3,rest
1.22,0.1,0.1,0.3,rest
1.24,0.1,0.1,0.3,rest
1.26,0.1,0.1,0.3,rest
1.28,0.1,0.1,0.3,rest
1.3,0.1,0.1,0.3,rest
1.32,0.1,0.1,0.3,rest
1.34,0.1,0.1,0.3,rest
1.36,0.1,0.1,0.3,rest
1.3800000000000001,0.1,0.1,0.3,rest
1.4000000000000001,0.1,0.1,0.3,rest
1.42,0.1,0.1,0.3,rest
1.44,0.1,0.1,0.3,rest
1.46,0.1,0.1,0.3,rest
1.48,0.1,0.1,0.3,rest
1.5,0.1,0.1,0.3,rest
1.52,0.1,0.1,0.3,rest
1.54,0.1,0.1,0.3,rest
1.56,0.1,0.1,0.3,rest
1.58,0.1,0.1,0.3,rest
1.6,0.1,0.1,0.3,rest
1.62,0.1,0.1,0.3,rest
1.6400000000000001,0.1,0.1,0.3,rest
1.6600000000000001,0.1,0.1,0.3,rest
1.68,0.1,0.1,0.3,rest
1.7,0.1,0.1,0.3,rest
1.72,0.1,0.1,0.3,rest
1.74,0.1,0.1,0.3,rest
1.76,0.1,0.1,0.3,rest
1.78,0.1,0.1,0.3,rest
1.8,0.1,0.1,0.3,rest
1.82,0.1,0.1,0.3,rest
1.84,0.1,0.1,0.3,rest
1.86,0.1,0.1,0.3,rest
1.8800000000000001,0.1,0.1,0.3,rest
1.9000000000000001,0.1,0.1,0.3,rest
1.92,0.1,0.1,0.3,rest
1.94,0.1,0.1,0.3,rest
1.96,0.1,0.1,0.3,rest
1.98,0.1,0.1,0.3,rest
2.0,0.1,0.1,0.3,rest
2.02,0.1,0.1,0.3,rest
2.04,0.1,0.1,0.3,rest
2.06,0.1,0.1,0.3,rest
2.08,0.1,0.1,0.3,rest
2.1,0.1,0.1,0.3,rest
2.12,0.1,0.1,0.3,rest
2.14,0.1,0.1,0.3,rest
2.16,0.1,0.1,0.3,rest
2.18,0.1,0.1,0.3,rest
2.2,0.1,0.1,0.3,rest
2.22,0.1,0.1,0.3,rest
2.24,0.1,0.1,0.3,rest
2.2600000000000002,0.1,0.1,0.3,rest
2.2800000000000002,0.1,0.1,0.3,rest
2.3000000000000003,0.1,0.1,0.3,rest
2.32,0.1,0.1,0.3,rest
2.34,0.1,0.1,0.3,rest
2.36,0.1,0.1,0.3,rest
2.38,0.1,0.1,0.3,rest
2.4,0.1,0.1,0.3,rest
2.42,0.1,0.1,0.3,rest
2.44,0.1,0.1,0.3,rest
2.46,0.1,0.1,0.3,rest
2.48,0.1,0.1,0.3,rest
2.5,0.1,0.1,0.3,rest
2.52,0.1,0.1,0.3,rest
2.54,0.1,0.1,0.3,rest
2.56,0.1,0.1,0.3,rest
2.58,0.1,0.1,0.3,rest
2.6,0.1,0.1,0.3,rest
2.62,0.1,0.1,0.3,rest
2.64,0.1,0.1,0.3,rest
2.66,0.1,0.1,0.3,rest
2.68,0.1,0.1,0.3,rest
2.7,0.1,0.1,0.3,rest
2.72,0.1,0.1,0.3,rest
2.74,0.1,0.1,0.3,rest
2.7600000000000002,0.1,0.1,0.3,rest
2.7800000000000002,0.1,0.1,0.3,rest
2.8000000000000003,0.1,0.1,0.3,rest
2.82,0.1,0.1,0.3,rest
2.84,0.1,0.1,0.3,rest
2.86,0.1,0.1,0.3,rest
2.88,0.1,0.1,0.3,rest
2.9,0.1,0.1,0.3,rest
2.92,0.1,0.1,0.3,rest
2.94,0.1,0.1,0.3,rest
2.96,0.1,0.1,0.3,rest
2.98,0.1,0.1,0.3,rest
3.0,0.1,0.1,0.3,A_f1:settle
3.02,0.10408163265306122,0.10306122448979592,0.3,A_f1:settle
3.04,0.10816326530612246,0.10612244897959185,0.3,A_f1:settle
3.06,0.11224489795918367,0.10918367346938776,0.3,A_f1:settle
3.08,0.1163265306122449,0.11224489795918367,0.3,A_f1:settle
3.1,0.12040816326530612,0.1153061224489796,0.3,A_f1:settle
3.12,0.12448979591836735,0.11836734693877551,0.3,A_f1:settle
3.14,0.12857142857142856,0.12142857142857143,0.3,A_f1:settle
3.16,0.1326530612244898,0.12448979591836735,0.3,A_f1:settle
3.18,0.13673469387755102,0.12755102040816327,0.3,A_f1:settle
3.2,0.14081632653061224,0.1306122448979592,0.3,A_f1:settle
3.22,0.14489795918367346,0.1336734693877551,0.3,A_f1:settle
3.24,0.1489795918367347,0.13673469387755102,0.3,A_f1:settle
3.2600000000000002,0.15306122448979592,0.13979591836734695,0.3,A_f1:settle
3.2800000000000002,0.15714285714285714,0.14285714285714285,0.3,A_f1:settle
3.3000000000000003,0.16122448979591836,0.14591836734693878,0.3,A_f1:settle
3.3200000000000003,0.16530612244897958,0.1489795918367347,0.3,A_f1:settle
3.34,0.16938775510204082,0.1520408163265306,0.3,A_f1:settle
3.36,0.17346938775510204,0.15510204081632653,0.3,A_f1:settle
3.38,0.17755102040816326,0.15816326530612246,0.3,A_f1:settle
3.4,0.18163265306122447,0.16122448979591836,0.3,A_f1:settle
3.42,0.18571428571428572,0.16428571428571428,0.3,A_f1:settle
3.44,0.18979591836734694,0.1673469387755102,0.3,A_f1:settle
3.46,0.19387755102040816,0.1704081632653061,0.3,A_f1:settle
3.48,0.19795918367346937,0.17346938775510204,0.3,A_f1:settle
3.5,0.2020408163265306,0.17653061224489797,0.3,A_f1:settle
3.52,0.2061224489795918,0.17959183673469387,0.3,A_f1:settle
3.54,0.21020408163265303,0.1826530612244898,0.3,A_f1:settle
3.56,0.21428571428571427,0.18571428571428572,0.3,A_f1:settle
3.58,0.21836734693877552,0.18877551020408162,0.3,A_f1:settle
3.6,0.2224489795918367,0.19183673469387752,0.3,A_f1:settle
3.62,0.22653061224489793,0.19489795918367347,0.3,A_f1:settle
3.64,0.23061224489795917,0.19795918367346937,0.3,A_f1:settle
3.66,0.2346938775510204,0.2010204081632653,0.3,A_f1:settle
3.68,0.23877551020408164,0.20408163265306123,0.3,A_f1:settle
3.7,0.24285714285714283,0.20714285714285713,0.3,A_f1:settle
3.72,0.24693877551020407,0.21020408163265306,0.3,A_f1:settle
3.74,0.2510204081632653,0.21326530612244898,0.3,A_f1:settle
3.7600000000000002,0.2551020408163265,0.21632653061224488,0.3,A_f1:settle
3.7800000000000002,0.25918367346938775,0.21938775510204078,0.3,A_f1:settle
3.8000000000000003,0.2632653061224489,0.22244897959183674,0.3,A_f1:settle
3.8200000000000003,0.2673469387755102,0.22551020408163264,0.3,A_f1:settle
3.84,0.2714285714285714,0.22857142857142856,0.3,A_f1:settle
3.86,0.2755102040816326,0.2316326530612245,0.3,A_f1:settle
3.88,0.27959183673469384,0.2346938775510204,0.3,A_f1:settle
3.9,0.28367346938775506,0.23775510204081632,0.3,A_f1:settle
3.92,0.28775510204081634,0.24081632653061225,0.3,A_f1:settle
3.94,0.2918367346938775,0.24387755102040815,0.3,A_f1:settle
3.96,0.29591836734693877,0.24693877551020407,0.3,A_f1:settle
3.98,0.3,0.25,0.3,A_f1:settle
4.0,0.3,0.25,0.3,A_f1
4.0200000000000005,0.30007412174864073,0.25,0.3,A_f1
4.04,0.30058597875854975,0.25,0.3,A_f1
4.0600000000000005,0.301938824979025,0.25,0.3,A_f1
4.08,0.3044692283513031,0.25,0.3,A_f1
4.1,0.3084192745608672,0.25,0.3,A_f1
4.12,0.31391503062859144,0.25,0.3,A_f1
4.14,0.32095272130585834,0.25,0.3,A_f1
4.16,0.3293935799451754,0.25,0.3,A_f1
4.18,0.33896778233085934,0.25,0.3,A_f1
4.2,0.34928729176116874,0.25,0.3,A_f1
4.22,0.3598668730789762,0.25,0.3,A_f1
4.24,0.37015200837345896,0.25,0.3,A_f1
4.26,0.3795520008907818,0.25,0.3,A_f1
4.28,0.38747621453032705,0.25,0.3,A_f1
4.3,0.39337118568310425,0.25,0.3,A_f1
4.32,0.3967562755390435,0.25,0.3,A_f1
4.34,0.39725560888012684,0.25,0.3,A_f1
4.36,0.39462426511051,0.25,0.3,A_f1
4.38,0.3887670352607118,0.25,0.3,A_f1
4.4,0.37974851328300374,0.25,0.3,A_f1
4.42,0.3677938227639542,0.25,0.3,A_f1
4.44,0.35327985792367667,0.25,0.3,A_f1
4.46,0.3367175043161784,0.25,0.3,A_f1
4.48,0.3187258632860049,0.25,0.3,A_f1
4.5,0.3,0.25,0.3,A_f1
4.5200000000000005,0.28120001496535435,0.25,0.3,A_f1
4.54,0.26269651692527174,0.25,0.3,A_f1
4.5600000000000005,0.24478131709729825,0.25,0.3,A_f1
4.58,0.22773694888474275,0.25,0.3,A_f1
4.6000000000000005,0.21183221215612902,0.25,0.3,A_f1
4.62,0.1973179341106967,0.25,0.3,A_f1
4.64,0.18442301358363158,0.25,0.3,A_f1
4.66,0.1733508111746977,0.25,0.3,A_f1
4.68,0.16427594213009702,0.25,0.3,A_f1
4.7,0.15734152255572698,0.25,0.3,A_f1
4.72,0.15265691239069668,0.25,0.3,A_f1
4.74,0.15029599073575925,0.25,0.3,A_f1
4.76,0.15029599073575925,0.25,0.3,A_f1
4.78,0.15265691239069668,0.25,0.3,A_f1
4.8,0.15734152255572695,0.25,0.3,A_f1
4.82,0.16427594213009705,0.25,0.3,A_f1
4.84,0.17335081117469767,0.25,0.3,A_f1
4.86,0.18442301358363156,0.25,0.3,A_f1
4.88,0.19731793411069665,0.25,0.3,A_f1
4.9,0.211832212156129,0.25,0.3,A_f1
4.92,0.2277369488847427,0.25,0.3,A_f1
4.94,0.2447813170972983,0.25,0.3,A_f1
4.96,0.2626965169252717,0.25,0.3,A_f1
4.98,0.2812000149653543,0.25,0.3,A_f1
5.0,0.29999999999999993,0.25,0.3,A_f1
5.0200000000000005,0.3187999850346456,0.25,0.3,A_f1
5.04,0.33730348307472824,0.25,0.3,A_f1
5.0600000000000005,0.3552186829027017,0.25,0.3,A_f1
5.08,0.3722630511152573,0.25,0.3,A_f1
5.1000000000000005,0.388167787843871,0.25,0.3,A_f1
5.12,0.4026820658893034,0.25,0.3,A_f1
5.14,0.41557698641636837,0.25,0.3,A_f1
5.16,0.42664918882530223,0.25,0.3,A_f1
5.18,0.43572405786990287,0.25,0.3,A_f1
5.2,0.442658477444273,0.25,0.3,A_f1
5.22,0.4473430876093033,0.25,0.3,A_f1
5.24,0.4497040092642407,0.25,0.3,A_f1
5.26,0.4497040092642407,0.25,0.3,A_f1
5.28,0.4473430876093033,0.25,0.3,A_f1
5.3,0.442658477444273,0.25,0.3,A_f1
5.32,0.43572405786990287,0.25,0.3,A_f1
5.34,0.42664918882530223,0.25,0.3,A_f1
5.36,0.41557698641636825,0.25,0.3,A_f1
5.38,0.4026820658893032,0.25,0.3,A_f1
5.4,0.38816778784387096,0.25,0.3,A_f1
5.42,0.3722630511152574,0.25,0.3,A_f1
5.44,0.3552186829027017,0.25,0.3,A_f1
5.46,0.3373034830747283,0.25,0.3,A_f1
5.48,0.31879998503464557,0.25,0.3,A_f1
5.5,0.30000000000000004,0.25,0.3,A_f1
5.5200000000000005,0.2812000149653545,0.25,0.3,A_f1
5.54,0.2626965169252718,0.25,0.3,A_f1
5.5600000000000005,0.2447813170972984,0.25,0.3,A_f1
5.58,0.22773694888474266,0.25,0.3,A_f1
5.6000000000000005,0.21183221215612907,0.25,0.3,A_f1
5.62,0.19731793411069662,0.25,0.3,A_f1
5.64,0.1844230135836316,0.25,0.3,A_f1
5.66,0.17335081117469764,0.25,0.3,A_f1
5.68,0.16427594213009716,0.25,0.3,A_f1
5.7,0.15734152255572698,0.25,0.3,A_f1
5.72,0.15265691239069673,0.25,0.3,A_f1
5.74,0.15029599073575925,0.25,0.3,A_f1
5.76,0.15029599073575925,0.25,0.3,A_f1
5.78,0.1526569123906967,0.25,0.3,A_f1
5.8,0.15734152255572692,0.25,0.3,A_f1
5.82,0.1642759421300971,0.25,0.3,A_f1
5.84,0.17335081117469772,0.25,0.3,A_f1
5.86,0.18442301358363172,0.25,0.3,A_f1
5.88,0.1973179341106967,0.25,0.3,A_f1
5.9,0.21183221215612896,0.25,0.3,A_f1
5.92,0.22773694888474255,0.25,0.3,A_f1
5.94,0.24478131709729828,0.25,0.3,A_f1
5.96,0.26269651692527163,0.25,0.3,A_f1
5.98,0.2812000149653544,0.25,0.3,A_f1
6.0,0.29999999999999993,0.25,0.3,A_f1
6.0200000000000005,0.31879998503464546,0.25,0.3,A_f1
6.04,0.3373034830747282,0.25,0.3,A_f1
6.0600000000000005,0.35521868290270153,0.25,0.3,A_f1
6.08,0.3722630511152573,0.25,0.3,A_f1
6.1000000000000005,0.3881677878438709,0.25,0.3,A_f1
6.12,0.40268206588930333,0.25,0.3,A_f1
6.140000000000001,0.41557698641636837,0.25,0.3,A_f1
6.16,0.42664918882530234,0.25,0.3,A_f1
6.18,0.4357240578699029,0.25,0.3,A_f1
6.2,0.4426584774442731,0.25,0.3,A_f1
6.22,0.4473430876093033,0.25,0.3,A_f1
6.24,0.4497040092642407,0.25,0.3,A_f1
6.26,0.4497040092642407,0.25,0.3,A_f1
6.28,0.4473430876093033,0.25,0.3,A_f1
6.3,0.442658477444273,0.25,0.3,A_f1
6.32,0.435724057869903,0.25,0.3,A_f1
6.34,0.42664918882530245,0.25,0.3,A_f1
6.36,0.4155769864163684,0.25,0.3,A_f1
6.38,0.40268206588930344,0.25,0.3,A_f1
6.4,0.388167787843871,0.25,0.3,A_f1
6.42,0.3722630511152575,0.25,0.3,A_f1
6.44,0.3552186829027017,0.25,0.3,A_f1
6.46,0.33730348307472835,0.25,0.3,A_f1
6.48,0.3187999850346456,0.25,0.3,A_f1
6.5,0.3000000000000001,0.25,0.3,A_f1
6.5200000000000005,0.28120001496535457,0.25,0.3,A_f1
6.54,0.2626965169252718,0.25,0.3,A_f1
6.5600000000000005,0.2447813170972982,0.25,0.3,A_f1
6.58,0.2277369488847427,0.25,0.3,A_f1
6.6000000000000005,0.2118322121561291,0.25,0.3,A_f1
6.62,0.19731793411069687,0.25,0.3,A_f1
6.640000000000001,0.18442301358363147,0.25,0.3,A_f1
6.66,0.17335081117469767,0.25,0.3,A_f1
6.68,0.16427594213009705,0.25,0.3,A_f1
6.7,0.15734152255572698,0.25,0.3,A_f1
6.72,0.15265691239069665,0.25,0.3,A_f1
6.74,0.15029599073575925,0.25,0.3,A_f1
6.76,0.15029599073575925,0.25,0.3,A_f1
6.78,0.15265691239069668,0.25,0.3,A_f1
6.8,0.15734152255572692,0.25,0.3,A_f1
6.82,0.16427594213009697,0.25,0.3,A_f1
6.84,0.17335081117469756,0.25,0.3,A_f1
6.86,0.18442301358363133,0.25,0.3,A_f1
6.88,0.1973179341106967,0.25,0.3,A_f1
6.9,0.21183221215612894,0.25,0.3,A_f1
6.92,0.2277369488847425,0.25,0.3,A_f1
6.94,0.244781317097298,0.25,0.3,A_f1
6.96,0.26269651692527185,0.25,0.3,A_f1
6.98,0.28120001496535435,0.25,0.3,A_f1
7.0,0.2999999999999999,0.25,0.3,A_f1
7.0200000000000005,0.3187999850346454,0.25,0.3,A_f1
7.04,0.3373034830747279,0.25,0.3,A_f1
7.0600000000000005,0.35521868290270175,0.25,0.3,A_f1
7.08,0.37226305111525726,0.25,0.3,A_f1
7.1000000000000005,0.38816778784387085,0.25,0.3,A_f1
7.12,0.4026820658893031,0.25,0.3,A_f1
7.140000000000001,0.41557698641636853,0.25,0.3,A_f1
7.16,0.4266491888253023,0.25,0.3,A_f1
7.18,0.43572405786990287,0.25,0.3,A_f1
7.2,0.442658477444273,0.25,0.3,A_f1
7.22,0.4473430876093033,0.25,0.3,A_f1
7.24,0.4497040092642407,0.25,0.3,A_f1
7.26,0.4497040092642407,0.25,0.3,A_f1
7.28,0.4473430876093033,0.25,0.3,A_f1
7.3,0.44265847744427306,0.25,0.3,A_f1
7.32,0.43572405786990276,0.25,0.3,A_f1
7.34,0.42664918882530245,0.25,0.3,A_f1
7.36,0.41557698641636864,0.25,0.3,A_f1
7.38,0.4026820658893033,0.25,0.3,A_f1
7.4,0.38816778784387107,0.25,0.3,A_f1
7.42,0.3722630511152575,0.25,0.3,A_f1
7.44,0.355218682902702,0.25,0.3,A_f1
7.46,0.3373034830747281,0.25,0.3,A_f1
7.48,0.3187999850346456,0.25,0.3,A_f1
7.5,0.3000000000000001,0.25,0.3,A_f1
7.5200000000000005,0.28120001496535457,0.25,0.3,A_f1
7.54,0.2626965169252721,0.25,0.3,A_f1
7.5600000000000005,0.24478131709729822,0.25,0.3,A_f1
7.58,0.22773694888474272,0.25,0.3,A_f1
7.6000000000000005,0.21183221215612913,0.25,0.3,A_f1
7.62,0.19731793411069687,0.25,0.3,A_f1
7.640000000000001,0.1844230135836315,0.25,0.3,A_f1
7.66,0.1733508111746977,0.25,0.3,A_f1
7.68,0.16427594213009708,0.25,0.3,A_f1
7.7,0.157341522555727,0.25,0.3,A_f1
7.72,0.15265691239069665,0.25,0.3,A_f1
7.74,0.15029599073575925,0.25,0.3,A_f1
7.76,0.15029599073575925,0.25,0.3,A_f1
7.78,0.15265691239069668,0.25,0.3,A_f1
7.8,0.15734152255572692,0.25,0.3,A_f1
7.82,0.1642759421300972,0.25,0.3,A_f1
7.84,0.17335081117469756,0.25,0.3,A_f1
7.86,0.1844230135836313,0.25,0.3,A_f1
7.88,0.19731793411069665,0.25,0.3,A_f1
7.9,0.2118322121561289,0.25,0.3,A_f1
7.92,0.2277369488847425,0.25,0.3,A_f1
7.94,0.24478131709729795,0.25,0.3,A_f1
7.96,0.26269651692527185,0.25,0.3,A_f1
7.98,0.2812000149653543,0.25,0.3,A_f1
8.0,0.2999999999999998,0.25,0.3,A_f1
8.02,0.3187999850346459,0.25,0.3,A_f1
8.040000000000001,0.33730348307472785,0.25,0.3,A_f1
8.06,0.35521868290270175,0.25,0.3,A_f1
8.08,0.37226305111525726,0.25,0.3,A_f1
8.1,0.3881677878438704,0.25,0.3,A_f1
8.120000000000001,0.4026820658893031,0.25,0.3,A_f1
8.14,0.41557698641636814,0.25,0.3,A_f1
8.16,0.4266491888253023,0.25,0.3,A_f1
8.18,0.43572405786990265,0.25,0.3,A_f1
8.2,0.442658477444273,0.25,0.3,A_f1
8.22,0.44734308760930325,0.25,0.3,A_f1
8.24,0.4497040092642407,0.25,0.3,A_f1
8.26,0.44970400926424076,0.25,0.3,A_f1
8.28,0.4473430876093033,0.25,0.3,A_f1
8.3,0.44265847744427306,0.25,0.3,A_f1
8.32,0.4357240578699028,0.25,0.3,A_f1
8.34,0.42664918882530245,0.25,0.3,A_f1
8.36,0.4155769864163683,0.25,0.3,A_f1
8.38,0.40268206588930333,0.25,0.3,A_f1
8.4,0.3881677878438706,0.25,0.3,A_f1
8.42,0.3722630511152575,0.25,0.3,A_f1
8.44,0.35521868290270153,0.25,0.3,A_f1
8.46,0.3373034830747281,0.25,0.3,A_f1
8.48,0.31879998503464513,0.25,0.3,A_f1
8.5,0.30000000000000016,0.25,0.3,A_f1
8.52,0.2812000149653541,0.25,0.3,A_f1
8.540000000000001,0.2626965169252721,0.25,0.3,A_f1
8.56,0.24478131709729825,0.25,0.3,A_f1
8.58,0.22773694888474275,0.25,0.3,A_f1
8.6,0.21183221215612874,0.25,0.3,A_f1
8.620000000000001,0.1973179341106969,0.25,0.3,A_f1
8.64,0.18442301358363186,0.25,0.3,A_f1
8.66,0.17335081117469772,0.25,0.3,A_f1
8.68,0.16427594213009733,0.25,0.3,A_f1
8.700000000000001,0.157341522555727,0.25,0.3,A_f1
8.72,0.15265691239069676,0.25,0.3,A_f1
8.74,0.15029599073575925,0.25,0.3,A_f1
8.76,0.15029599073575922,0.25,0.3,A_f1
8.78,0.15265691239069668,0.25,0.3,A_f1
8.8,0.1573415225557269,0.25,0.3,A_f1
8.82,0.16427594213009716,0.25,0.3,A_f1
8.84,0.17335081117469753,0.25,0.3,A_f1
8.86,0.1844230135836316,0.25,0.3,A_f1
8.88,0.19731793411069665,0.25,0.3,A_f1
8.9,0.2118322121561293,0.25,0.3,A_f1
8.92,0.22773694888474244,0.25,0.3,A_f1
8.94,0.24478131709729842,0.25,0.3,A_f1
8.96,0.2626965169252718,0.25,0.3,A_f1
8.98,0.2812000149653548,0.25,0.3,A_f1
9.0,0.2999999999999998,0.25,0.3,A_f1
9.02,0.31879998503464585,0.25,0.3,A_f1
9.040000000000001,0.3373034830747278,0.25,0.3,A_f1
9.06,0.3552186829027017,0.25,0.3,A_f1
9.08,0.3722630511152572,0.25,0.3,A_f1
9.1,0.38816778784387124,0.25,0.3,A_f1
9.120000000000001,0.40268206588930344,0.25,0.3,A_f1
9.14,0.41557698641636776,0.25,0.3,A_f1
9.16,0.42664918882530223,0.25,0.3,A_f1
9.18,0.43572405786990287,0.25,0.3,A_f1
9.200000000000001,0.442658477444273,0.25,0.3,A_f1
9.22,0.4473430876093032,0.25,0.3,A_f1
9.24,0.4497040092642407,0.25,0.3,A_f1
9.26,0.44970400926424076,0.25,0.3,A_f1
9.28,0.4473430876093032,0.25,0.3,A_f1
9.3,0.4426584774442732,0.25,0.3,A_f1
9.32,0.4357240578699028,0.25,0.3,A_f1
9.34,0.4266491888253022,0.25,0.3,A_f1
9.36,0.41557698641636837,0.25,0.3,A_f1
9.38,0.40268206588930333,0.25,0.3,A_f1
9.4,0.3881677878438711,0.25,0.3,A_f1
9.42,0.37226305111525754,0.25,0.3,A_f1
9.44,0.3552186829027011,0.25,0.3,A_f1
9.46,0.3373034830747287,0.25,0.3,A_f1
9.48,0.3187999850346452,0.25,0.3,A_f1
9.5,0.3000000000000007,0.25,0.3,A_f1
9.52,0.28149533301566293,0.25,0.3,A_f1
9.540000000000001,0.26400630776032946,0.25,0.3,A_f1
9.56,0.24819640820321845,0.25,0.3,A_f1
9.58,0.23463745623355708,0.25,0.3,A_f1
9.6,0.22378033043440027,0.25,0.3,A_f1
9.620000000000001,0.21593296099794973,0.25,0.3,A_f1
9.64,0.21124688368940914,0.25,0.3,A_f1
9.66,0.2097131046396849,0.25,0.3,A_f1
9.68,0.21116745085138433,0.25,0.3,A_f1
9.700000000000001,0.2153049947577105,0.25,0.3,A_f1
9.72,0.22170258168532778,0.25,0.3,A_f1
9.74,0.22984799162654104,0.25,0.3,A_f1
9.76,0.2391738623952231,0.25,0.3,A_f1
9.78,0.24909421523282405,0.25,0.3,A_f1
9.8,0.2590412740088507,0.25,0.3,A_f1
9.82,0.26850026453003545,0.25,0.3,A_f1
9.84,0.2770400212070785,0.25,0.3,A_f1
9.86,0.28433750536653746,0.25,0.3,A_f1
9.88,0.29019473521633554,0.25,0.3,A_f1
9.9,0.29454711680420165,0.25,0.3,A_f1
9.92,0.29746271730512486,0.25,0.3,A_f1
9.94,0.2991326017682783,0.25,0.3,A_f1
9.96,0.29985292544697273,0.25,0.3,A_f1
9.98,0.3,0.25,0.3,A_f1
10.0,0.3,0.25,0.3,A_f1:tail
10.02,0.3,0.25,0.3,A_f1:tail
10.040000000000001,0.3,0.25,0.3,A_f1:tail
10.06,0.3,0.25,0.3,A_f1:tail
10.08,0.3,0.25,0.3,A_f1:tail
10.1,0.3,0.25,0.3,A_f1:tail
10.120000000000001,0.3,0.25,0.3,A_f1:tail
10.14,0.3,0.25,0.3,A_f1:tail
10.16,0.3,0.25,0.3,A_f1:tail
10.18,0.3,0.25,0.3,A_f1:tail
10.200000000000001,0.3,0.25,0.3,A_f1:tail
10.22,0.3,0.25,0.3,A_f1:tail
10.24,0.3,0.25,0.3,A_f1:tail
10.26,0.3,0.25,0.3,A_f1:tail
10.28,0.3,0.25,0.3,A_f1:tail
10.3,0.3,0.25,0.3,A_f1:tail
10.32,0.3,0.25,0.3,A_f1:tail
10.34,0.3,0.25,0.3,A_f1:tail
10.36,0.3,0.25,0.3,A_f1:tail
10.38,0.3,0.25,0.3,A_f1:tail
10.4,0.3,0.25,0.3,A_f1:tail
10.42,0.3,0.25,0.3,A_f1:tail
10.44,0.3,0.25,0.3,A_f1:tail
10.46,0.3,0.25,0.3,A_f1:tail
10.48,0.3,0.25,0.3,A_f1:tail
10.5,0.29,0.2425,0.3,rest:down
10.52,0.27999999999999997,0.235,0.3,rest:down
10.540000000000001,0.27,0.2275,0.3,rest:down
10.56,0.26,0.22,0.3,rest:down
10.58,0.25,0.2125,0.3,rest:down
10.6,0.24,0.20500000000000002,0.3,rest:down
10.620000000000001,0.22999999999999998,0.1975,0.3,rest:down
10.64,0.22,0.19,0.3,rest:down
10.66,0.21000000000000002,0.1825,0.3,rest:down
10.68,0.2,0.175,0.3,rest:down
10.700000000000001,0.19,0.1675,0.3,rest:down
10.72,0.18,0.16,0.3,rest:down
10.74,0.17,0.1525,0.3,rest:down
10.76,0.16,0.14500000000000002,0.3,rest:down
10.78,0.15000000000000002,0.1375,0.3,rest:down
10.8,0.14,0.13,0.3,rest:down
10.82,0.13,0.1225,0.3,rest:down
10.84,0.12000000000000002,0.11499999999999999,0.3,rest:down
10.86,0.11000000000000001,0.10750000000000001,0.3,rest:down
10.88,0.1,0.1,0.3,rest:down
10.9,0.1,0.1,0.3,rest
10.92,0.1,0.1,0.3,rest
10.94,0.1,0.1,0.3,rest
10.96,0.1,0.1,0.3,rest
10.98,0.1,0.1,0.3,rest
11.0,0.1,0.1,0.3,rest
11.02,0.1,0.1,0.3,rest
11.040000000000001,0.1,0.1,0.3,rest
11.06,0.1,0.1,0.3,rest
11.08,0.1,0.1,0.3,rest
11.1,0.1,0.1,0.3,rest
11.120000000000001,0.1,0.1,0.3,rest
11.14,0.1,0.1,0.3,rest
11.16,0.1,0.1,0.3,rest
11.18,0.1,0.1,0.3,rest
11.200000000000001,0.1,0.1,0.3,rest
11.22,0.1,0.1,0.3,rest
11.24,0.1,0.1,0.3,rest
11.26,0.1,0.1,0.3,rest
11.28,0.1,0.1,0.3,rest
11.3,0.1,0.1,0.3,rest
11.32,0.1,0.1,0.3,rest
11.34,0.1,0.1,0.3,rest
11.36,0.1,0.1,0.3,rest
11.38,0.1,0.1,0.3,rest
11.4,0.1,0.1,0.3,rest
11.42,0.1,0.1,0.3,rest
11.44,0.1,0.1,0.3,rest
11.46,0.1,0.1,0.3,rest
11.48,0.1,0.1,0.3,rest
11.5,0.1,0.1,0.3,rest
11.52,0.1,0.1,0.3,rest
11.540000000000001,0.1,0.1,0.3,rest
11.56,0.1,0.1,0.3,rest
11.58,0.1,0.1,0.3,rest
11.6,0.1,0.1,0.3,rest
11.620000000000001,0.1,0.1,0.3,rest
11.64,0.1,0.1,0.3,rest
11.66,0.1,0.1,0.3,rest
11.68,0.1,0.1,0.3,rest
11.700000000000001,0.1,0.1,0.3,rest
11.72,0.1,0.1,0.3,rest
11.74,0.1,0.1,0.3,rest
11.76,0.1,0.1,0.3,rest
11.78,0.1,0.1,0.3,rest
11.8,0.1,0.1,0.3,rest
11.82,0.1,0.1,0.3,rest
11.84,0.1,0.1,0.3,rest
11.86,0.1,0.1,0.3,rest
11.88,0.1,0.1,0.3,rest
11.9,0.1,0.1,0.3,rest
11.92,0.1,0.1,0.3,rest
11.94,0.1,0.1,0.3,rest
11.96,0.1,0.1,0.3,rest
11.98,0.1,0.1,0.3,rest
12.0,0.1,0.1,0.3,rest
12.02,0.1,0.1,0.3,rest
12.040000000000001,0.1,0.1,0.3,rest
12.06,0.1,0.1,0.3,rest
12.08,0.1,0.1,0.3,rest
12.1,0.1,0.1,0.3,rest
12.120000000000001,0.1,0.1,0.3,rest
12.14,0.1,0.1,0.3,rest
12.16,0.1,0.1,0.3,rest
12.18,0.1,0.1,0.3,rest
12.200000000000001,0.1,0.1,0.3,rest
12.22,0.1,0.1,0.3,rest
12.24,0.1,0.1,0.3,rest
12.26,0.1,0.1,0.3,rest
12.280000000000001,0.1,0.1,0.3,rest
12.3,0.1,0.1,0.3,rest
12.32,0.1,0.1,0.3,rest
12.34,0.1,0.1,0.3,rest
12.36,0.1,0.1,0.3,rest
12.38,0.1,0.1,0.3,rest
12.4,0.1,0.1,0.3,rest
12.42,0.1,0.1,0.3,rest
12.44,0.1,0.1,0.3,rest
12.46,0.1,0.1,0.3,rest
12.48,0.1,0.1,0.3,rest
12.5,0.1,0.1,0.3,rest
12.52,0.1,0.1,0.3,rest
12.540000000000001,0.1,0.1,0.3,rest
12.56,0.1,0.1,0.3,rest
12.58,0.1,0.1,0.3,rest
12.6,0.1,0.1,0.3,rest
12.620000000000001,0.1,0.1,0.3,rest
12.64,0.1,0.1,0.3,rest
12.66,0.1,0.1,0.3,rest
12.68,0.1,0.1,0.3,rest
12.700000000000001,0.1,0.1,0.3,rest
12.72,0.1,0.1,0.3,rest
12.74,0.1,0.1,0.3,rest
12.76,0.1,0.1,0.3,rest
12.780000000000001,0.1,0.1,0.3,rest
12.8,0.1,0.1,0.3,rest
12.82,0.1,0.1,0.3,rest
12.84,0.1,0.1,0.3,rest
12.86,0.1,0.1,0.3,rest
12.88,0.1,0.1,0.3,rest
12.9,0.1,0.1,0.3,rest
12.92,0.1,0.1,0.3,rest
12.94,0.1,0.1,0.3,rest
12.96,0.1,0.1,0.3,rest
12.98,0.1,0.1,0.3,rest
13.0,0.1,0.1,0.3,rest
13.02,0.1,0.1,0.3,rest
13.040000000000001,0.1,0.1,0.3,rest
13.06,0.1,0.1,0.3,rest
13.08,0.1,0.1,0.3,rest
13.1,0.1,0.1,0.3,rest
13.120000000000001,0.1,0.1,0.3,rest
13.14,0.1,0.1,0.3,rest
13.16,0.1,0.1,0.3,rest
13.18,0.1,0.1,0.3,rest
13.200000000000001,0.1,0.1,0.3,rest
13.22,0.1,0.1,0.3,rest
13.24,0.1,0.1,0.3,rest
13.26,0.1,0.1,0.3,rest
13.280000000000001,0.1,0.1,0.3,rest
13.3,0.1,0.1,0.3,rest
13.32,0.1,0.1,0.3,rest
13.34,0.1,0.1,0.3,rest
13.36,0.1,0.1,0.3,rest
13.38,0.1,0.1,0.3,rest
13.4,0.1,0.1,0.3,rest
13.42,0.1,0.1,0.3,rest
13.44,0.1,0.1,0.3,rest
13.46,0.1,0.1,0.3,rest
13.48,0.1,0.1,0.3,rest
13.5,0.1,0.1,0.3,rest
13.52,0.1,0.1,0.3,rest
13.540000000000001,0.1,0.1,0.3,rest
13.56,0.1,0.1,0.3,rest
13.58,0.1,0.1,0.3,rest
13.6,0.1,0.1,0.3,rest
13.620000000000001,0.1,0.1,0.3,rest
13.64,0.1,0.1,0.3,rest
13.66,0.1,0.1,0.3,rest
13.68,0.1,0.1,0.3,rest
13.700000000000001,0.1,0.1,0.3,rest
13.72,0.1,0.1,0.3,rest
13.74,0.1,0.1,0.3,rest
13.76,0.1,0.1,0.3,rest
13.780000000000001,0.1,0.1,0.3,rest
13.8,0.1,0.1,0.3,rest
13.82,0.1,0.1,0.3,rest
13.84,0.1,0.1,0.3,rest
13.86,0.1,0.1,0.3,rest
13.88,0.1,0.1,0.3,rest
13.9,0.1,0.1,0.3,rest
13.92,0.1,0.1,0.3,rest
13.94,0.1,0.1,0.3,rest
13.96,0.1,0.1,0.3,rest
13.98,0.1,0.1,0.3,rest
14.0,0.1,0.1,0.3,rest
14.02,0.1,0.1,0.3,rest
14.040000000000001,0.1,0.1,0.3,rest
14.06,0.1,0.1,0.3,rest
14.08,0.1,0.1,0.3,rest
14.1,0.1,0.1,0.3,rest
14.120000000000001,0.1,0.1,0.3,rest
14.14,0.1,0.1,0.3,rest
14.16,0.1,0.1,0.3,rest
14.18,0.1,0.1,0.3,rest
14.200000000000001,0.1,0.1,0.3,rest
14.22,0.1,0.1,0.3,rest
14.24,0.1,0.1,0.3,rest
14.26,0.1,0.1,0.3,rest
14.280000000000001,0.1,0.1,0.3,rest
14.3,0.1,0.1,0.3,rest
14.32,0.1,0.1,0.3,rest
14.34,0.1,0.1,0.3,rest
14.36,0.1,0.1,0.3,rest
14.38,0.1,0.1,0.3,rest
14.4,0.1,0.1,0.3,rest
14.42,0.1,0.1,0.3,rest
14.44,0.1,0.1,0.3,rest
14.46,0.1,0.1,0.3,rest
14.48,0.1,0.1,0.3,rest
14.5,0.1,0.1,0.3,rest
14.52,0.1,0.1,0.3,rest
14.540000000000001,0.1,0.1,0.3,rest
14.56,0.1,0.1,0.3,rest
14.58,0.1,0.1,0.3,rest
14.6,0.1,0.1,0.3,rest
14.620000000000001,0.1,0.1,0.3,rest
14.64,0.1,0.1,0.3,rest
14.66,0.1,0.1,0.3,rest
14.68,0.1,0.1,0.3,rest
14.700000000000001,0.1,0.1,0.3,rest
14.72,0.1,0.1,0.3,rest
14.74,0.1,0.1,0.3,rest
14.76,0.1,0.1,0.3,rest
14.780000000000001,0.1,0.1,0.3,rest
14.8,0.1,0.1,0.3,rest
14.82,0.1,0.1,0.3,rest
14.84,0.1,0.1,0.3,rest
14.86,0.1,0.1,0.3,rest
14.88,0.1,0.1,0.3,rest
14.9,0.1,0.1,0.3,rest
14.92,0.1,0.1,0.3,rest
14.94,0.1,0.1,0.3,rest
14.96,0.1,0.1,0.3,rest
14.98,0.1,0.1,0.3,rest
15.0,0.1,0.1,0.3,rest
15.02,0.1,0.1,0.3,rest
15.040000000000001,0.1,0.1,0.3,rest
15.06,0.1,0.1,0.3,rest
15.08,0.1,0.1,0.3,rest
15.1,0.1,0.1,0.3,rest
15.120000000000001,0.1,0.1,0.3,rest
15.14,0.1,0.1,0.3,rest
15.16,0.1,0.1,0.3,rest
15.18,0.1,0.1,0.3,rest
15.200000000000001,0.1,0.1,0.3,rest
15.22,0.1,0.1,0.3,rest
15.24,0.1,0.1,0.3,rest
15.26,0.1,0.1,0.3,rest
15.280000000000001,0.1,0.1,0.3,rest
15.3,0.1,0.1,0.3,rest
15.32,0.1,0.1,0.3,rest
15.34,0.1,0.1,0.3,rest
15.36,0.1,0.1,0.3,rest
15.38,0.1,0.1,0.3,rest
15.4,0.1,0.1,0.3,rest
15.42,0.1,0.1,0.3,rest
15.44,0.1,0.1,0.3,rest
15.46,0.1,0.1,0.3,rest
15.48,0.1,0.1,0.3,rest
15.5,0.1,0.1,0.3,rest
15.52,0.1,0.1,0.3,rest
15.540000000000001,0.1,0.1,0.3,rest
15.56,0.1,0.1,0.3,rest
15.58,0.1,0.1,0.3,rest
15.6,0.1,0.1,0.3,rest
15.620000000000001,0.1,0.1,0.3,rest
15.64,0.1,0.1,0.3,rest
15.66,0.1,0.1,0.3,rest
15.68,0.1,0.1,0.3,rest
15.700000000000001,0.1,0.1,0.3,rest
15.72,0.1,0.1,0.3,rest
15.74,0.1,0.1,0.3,rest
15.76,0.1,0.1,0.3,rest
15.780000000000001,0.1,0.1,0.3,rest
15.8,0.1,0.1,0.3,rest
15.82,0.1,0.1,0.3,rest
15.84,0.1,0.1,0.3,rest
15.860000000000001,0.1,0.1,0.3,rest
15.88,0.1,0.1,0.3,rest
15.9,0.1,0.1,0.3,rest
15.92,0.1,0.1,0.3,rest
15.94,0.1,0.1,0.3,rest
15.96,0.1,0.1,0.3,rest
15.98,0.1,0.1,0.3,rest
16.0,0.1,0.1,0.3,rest
16.02,0.1,0.1,0.3,rest
16.04,0.1,0.1,0.3,rest
16.06,0.1,0.1,0.3,rest
16.080000000000002,0.1,0.1,0.3,rest
16.1,0.1,0.1,0.3,rest
16.12,0.1,0.1,0.3,rest
16.14,0.1,0.1,0.3,rest
16.16,0.1,0.1,0.3,rest
16.18,0.1,0.1,0.3,rest
16.2,0.1,0.1,0.3,rest
16.22,0.1,0.1,0.3,rest
16.240000000000002,0.1,0.1,0.3,rest
16.26,0.1,0.1,0.3,rest
16.28,0.1,0.1,0.3,rest
16.3,0.1,0.1,0.3,rest
16.32,0.1,0.1,0.3,rest
16.34,0.1,0.1,0.3,rest
16.36,0.1,0.1,0.3,rest
16.38,0.1,0.1,0.3,rest
16.4,0.1,0.1,0.3,rest
16.42,0.1,0.1,0.3,rest
16.44,0.1,0.1,0.3,rest
16.46,0.1,0.1,0.3,rest
16.48,0.1,0.1,0.3,rest
16.5,0.1,0.1,0.3,rest
16.52,0.1,0.1,0.3,rest
16.54,0.1,0.1,0.3,rest
16.56,0.1,0.1,0.3,rest
16.580000000000002,0.1,0.1,0.3,rest
16.6,0.1,0.1,0.3,rest
16.62,0.1,0.1,0.3,rest
16.64,0.1,0.1,0.3,rest
16.66,0.1,0.1,0.3,rest
16.68,0.1,0.1,0.3,rest
16.7,0.1,0.1,0.3,rest
16.72,0.1,0.1,0.3,rest
16.740000000000002,0.1,0.1,0.3,rest
16.76,0.1,0.1,0.3,rest
16.78,0.1,0.1,0.3,rest
16.8,0.1,0.1,0.3,rest
16.82,0.1,0.1,0.3,rest
16.84,0.1,0.1,0.3,rest
16.86,0.1,0.1,0.3,rest
16.88,0.1,0.1,0.3,rest
16.9,0.1,0.1,0.3,rest
16.92,0.1,0.1,0.3,rest
16.94,0.1,0.1,0.3,rest
16.96,0.1,0.1,0.3,rest
16.98,0.1,0.1,0.3,rest
17.0,0.1,0.1,0.3,rest
17.02,0.1,0.1,0.3,rest
17.04,0.1,0.1,0.3,rest
17.06,0.1,0.1,0.3,rest
17.080000000000002,0.1,0.1,0.3,rest
17.1,0.1,0.1,0.3,rest
17.12,0.1,0.1,0.3,rest
17.14,0.1,0.1,0.3,rest
17.16,0.1,0.1,0.3,rest
17.18,0.1,0.1,0.3,rest
17.2,0.1,0.1,0.3,rest
17.22,0.1,0.1,0.3,rest
17.240000000000002,0.1,0.1,0.3,rest
17.26,0.1,0.1,0.3,rest
17.28,0.1,0.1,0.3,rest
17.3,0.1,0.1,0.3,rest
17.32,0.1,0.1,0.3,rest
17.34,0.1,0.1,0.3,rest
17.36,0.1,0.1,0.3,rest
17.38,0.1,0.1,0.3,rest
17.400000000000002,0.1,0.1,0.3,rest
17.42,0.1,0.1,0.3,rest
17.44,0.1,0.1,0.3,rest
17.46,0.1,0.1,0.3,rest
17.48,0.1,0.1,0.3,rest
17.5,0.1,0.1,0.3,rest
17.52,0.1,0.1,0.3,rest
17.54,0.1,0.1,0.3,rest
17.56,0.1,0.1,0.3,rest
17.580000000000002,0.1,0.1,0.3,rest
17.6,0.1,0.1,0.3,rest
17.62,0.1,0.1,0.3,rest
17.64,0.1,0.1,0.3,rest
17.66,0.1,0.1,0.3,rest
17.68,0.1,0.1,0.3,rest
17.7,0.1,0.1,0.3,rest
17.72,0.1,0.1,0.3,rest
17.740000000000002,0.1,0.1,0.3,rest
17.76,0.1,0.1,0.3,rest
17.78,0.1,0.1,0.3,rest
17.8,0.1,0.1,0.3,rest
17.82,0.1,0.1,0.3,rest
17.84,0.1,0.1,0.3,rest
17.86,0.1,0.1,0.3,rest
17.88,0.1,0.1,0.3,rest
17.900000000000002,0.1,0.1,0.3,rest
17.92,0.1,0.1,0.3,rest
17.94,0.1,0.1,0.3,rest
17.96,0.1,0.1,0.3,rest
17.98,0.1,0.1,0.3,rest
18.0,0.1,0.1,0.3,rest
18.02,0.1,0.1,0.3,rest
18.04,0.1,0.1,0.3,rest
18.06,0.1,0.1,0.3,rest
18.080000000000002,0.1,0.1,0.3,rest
18.1,0.1,0.1,0.3,rest
18.12,0.1,0.1,0.3,rest
18.14,0.1,0.1,0.3,rest
18.16,0.1,0.1,0.3,rest
18.18,0.1,0.1,0.3,rest
18.2,0.1,0.1,0.3,rest
18.22,0.1,0.1,0.3,rest
18.240000000000002,0.1,0.1,0.3,rest
18.26,0.1,0.1,0.3,rest
18.28,0.1,0.1,0.3,rest
18.3,0.1,0.1,0.3,rest
18.32,0.1,0.1,0.3,rest
18.34,0.1,0.1,0.3,rest
18.36,0.1,0.1,0.3,rest
18.38,0.1,0.1,0.3,rest
18.400000000000002,0.1,0.1,0.3,rest
18.42,0.1,0.1,0.3,rest
18.44,0.1,0.1,0.3,rest
18.46,0.1,0.1,0.3,rest
18.48,0.1,0.1,0.3,rest
18.5,0.1,0.1,0.3,rest
18.52,0.1,0.1,0.3,rest
18.54,0.1,0.1,0.3,rest
18.56,0.1,0.1,0.3,rest
18.580000000000002,0.1,0.1,0.3,rest
18.6,0.1,0.1,0.3,rest
18.62,0.1,0.1,0.3,rest
18.64,0.1,0.1,0.3,rest
18.66,0.1,0.1,0.3,rest
18.68,0.1,0.1,0.3,rest
18.7,0.1,0.1,0.3,rest
18.72,0.1,0.1,0.3,rest
18.740000000000002,0.1,0.1,0.3,rest
18.76,0.1,0.1,0.3,rest
18.78,0.1,0.1,0.3,rest
18.8,0.1,0.1,0.3,rest
18.82,0.1,0.1,0.3,rest
18.84,0.1,0.1,0.3,rest
18.86,0.1,0.1,0.3,rest
18.88,0.1,0.1,0.3,rest
18.900000000000002,0.1,0.1,0.3,rest
18.92,0.1,0.1,0.3,rest
18.94,0.1,0.1,0.3,rest
18.96,0.1,0.1,0.3,rest
18.98,0.1,0.1,0.3,rest
19.0,0.1,0.1,0.3,rest
19.02,0.1,0.1,0.3,rest
19.04,0.1,0.1,0.3,rest
19.06,0.1,0.1,0.3,rest
19.080000000000002,0.1,0.1,0.3,rest
19.1,0.1,0.1,0.3,rest
19.12,0.1,0.1,0.3,rest
19.14,0.1,0.1,0.3,rest
19.16,0.1,0.1,0.3,rest
19.18,0.1,0.1,0.3,rest
19.2,0.1,0.1,0.3,rest
19.22,0.1,0.1,0.3,rest
19.240000000000002,0.1,0.1,0.3,rest
19.26,0.1,0.1,0.3,rest
19.28,0.1,0.1,0.3,rest
19.3,0.1,0.1,0.3,rest
19.32,0.1,0.1,0.3,rest
19.34,0.1,0.1,0.3,rest
19.36,0.1,0.1,0.3,rest
19.38,0.1,0.1,0.3,rest
19.400000000000002,0.1,0.1,0.3,rest
19.42,0.1,0.1,0.3,rest
19.44,0.1,0.1,0.3,rest
19.46,0.1,0.1,0.3,rest
19.48,0.1,0.1,0.3,rest
19.5,0.1,0.1,0.3,rest
19.52,0.1,0.1,0.3,rest
19.54,0.1,0.1,0.3,rest
19.56,0.1,0.1,0.3,rest
19.580000000000002,0.1,0.1,0.3,rest
19.6,0.1,0.1,0.3,rest
19.62,0.1,0.1,0.3,rest
19.64,0.1,0.1,0.3,rest
19.66,0.1,0.1,0.3,rest
19.68,0.1,0.1,0.3,rest
19.7,0.1,0.1,0.3,rest
19.72,0.1,0.1,0.3,rest
19.740000000000002,0.1,0.1,0.3,rest
19.76,0.1,0.1,0.3,rest
19.78,0.1,0.1,0.3,rest
19.8,0.1,0.1,0.3,rest
19.82,0.1,0.1,0.3,rest
19.84,0.1,0.1,0.3,rest
19.86,0.1,0.1,0.3,rest
19.88,0.1,0.1,0.3,rest
19.900000000000002,0.1,0.1,0.3,rest
19.92,0.1,0.1,0.3,rest
19.94,0.1,0.1,0.3,rest
19.96,0.1,0.1,0.3,rest
19.98,0.1,0.1,0.3,rest
20.0,0.1,0.1,0.3,rest
20.02,0.1,0.1,0.3,rest
20.04,0.1,0.1,0.3,rest
20.06,0.1,0.1,0.3,rest
20.080000000000002,0.1,0.1,0.3,rest
20.1,0.1,0.1,0.3,rest
20.12,0.1,0.1,0.3,rest
20.14,0.1,0.1,0.3,rest
20.16,0.1,0.1,0.3,rest
20.18,0.1,0.1,0.3,rest
20.2,0.1,0.1,0.3,rest
20.22,0.1,0.1,0.3,rest
20.240000000000002,0.1,0.1,0.3,rest
20.26,0.1,0.1,0.3,rest
20.28,0.1,0.1,0.3,rest
20.3,0.1,0.1,0.3,rest
20.32,0.1,0.1,0.3,rest
20.34,0.1,0.1,0.3,rest
20.36,0.1,0.1,0.3,rest
20.38,0.1,0.1,0.3,rest
20.400000000000002,0.1,0.1,0.3,rest
20.42,0.1,0.1,0.3,rest
20.44,0.1,0.1,0.3,rest
20.46,0.1,0.1,0.3,rest
20.48,0.1,0.1,0.3,rest
20.5,0.1,0.1,0.3,rest
20.52,0.1,0.1,0.3,rest
20.54,0.1,0.1,0.3,rest
20.56,0.1,0.1,0.3,rest
20.580000000000002,0.1,0.1,0.3,rest
20.6,0.1,0.1,0.3,rest
20.62,0.1,0.1,0.3,rest
20.64,0.1,0.1,0.3,rest
20.66,0.1,0.1,0.3,rest
20.68,0.1,0.1,0.3,rest
20.7,0.1,0.1,0.3,rest
20.72,0.1,0.1,0.3,rest
20.740000000000002,0.1,0.1,0.3,rest
20.76,0.1,0.1,0.3,rest
20.78,0.1,0.1,0.3,rest
20.8,0.1,0.1,0.3,rest
20.82,0.1,0.1,0.3,rest
20.84,0.1,0.1,0.3,rest
20.86,0.1,0.1,0.3,rest
20.88,0.1,0.1,0.3,rest
20.900000000000002,0.1,0.1,0.3,A_f2:settle
20.92,0.10408163265306122,0.10306122448979592,0.3,A_f2:settle
20.94,0.10816326530612246,0.10612244897959185,0.3,A_f2:settle
20.96,0.11224489795918367,0.10918367346938776,0.3,A_f2:settle
20.98,0.1163265306122449,0.11224489795918367,0.3,A_f2:settle
21.0,0.12040816326530612,0.1153061224489796,0.3,A_f2:settle
21.02,0.12448979591836735,0.11836734693877551,0.3,A_f2:settle
21.04,0.12857142857142856,0.12142857142857143,0.3,A_f2:settle
21.06,0.1326530612244898,0.12448979591836735,0.3,A_f2:settle
21.080000000000002,0.13673469387755102,0.12755102040816327,0.3,A_f2:settle
21.1,0.14081632653061224,0.1306122448979592,0.3,A_f2:settle
21.12,0.14489795918367346,0.1336734693877551,0.3,A_f2:settle
21.14,0.1489795918367347,0.13673469387755102,0.3,A_f2:settle
21.16,0.15306122448979592,0.13979591836734695,0.3,A_f2:settle
21.18,0.15714285714285714,0.14285714285714285,0.3,A_f2:settle
21.2,0.16122448979591836,0.14591836734693878,0.3,A_f2:settle
21.22,0.16530612244897958,0.1489795918367347,0.3,A_f2:settle
21.240000000000002,0.16938775510204082,0.1520408163265306,0.3,A_f2:settle
21.26,0.17346938775510204,0.15510204081632653,0.3,A_f2:settle
21.28,0.17755102040816326,0.15816326530612246,0.3,A_f2:settle
21.3,0.18163265306122447,0.16122448979591836,0.3,A_f2:settle
21.32,0.18571428571428572,0.16428571428571428,0.3,A_f2:settle
21.34,0.18979591836734694,0.1673469387755102,0.3,A_f2:settle
21.36,0.19387755102040816,0.1704081632653061,0.3,A_f2:settle
21.38,0.19795918367346937,0.17346938775510204,0.3,A_f2:settle
21.400000000000002,0.2020408163265306,0.17653061224489797,0.3,A_f2:settle
21.42,0.2061224489795918,0.17959183673469387,0.3,A_f2:settle
21.44,0.21020408163265303,0.1826530612244898,0.3,A_f2:settle
21.46,0.21428571428571427,0.18571428571428572,0.3,A_f2:settle
21.48,0.21836734693877552,0.18877551020408162,0.3,A_f2:settle
21.5,0.2224489795918367,0.19183673469387752,0.3,A_f2:settle
21.52,0.22653061224489793,0.19489795918367347,0.3,A_f2:settle
21.54,0.23061224489795917,0.19795918367346937,0.3,A_f2:settle
21.56,0.2346938775510204,0.2010204081632653,0.3,A_f2:settle
21.580000000000002,0.23877551020408164,0.20408163265306123,0.3,A_f2:settle
21.6,0.24285714285714283,0.20714285714285713,0.3,A_f2:settle
21.62,0.24693877551020407,0.21020408163265306,0.3,A_f2:settle
21.64,0.2510204081632653,0.21326530612244898,0.3,A_f2:settle
21.66,0.2551020408163265,0.21632653061224488,0.3,A_f2:settle
21.68,0.25918367346938775,0.21938775510204078,0.3,A_f2:settle
21.7,0.2632653061224489,0.22244897959183674,0.3,A_f2:settle
21.72,0.2673469387755102,0.22551020408163264,0.3,A_f2:settle
21.740000000000002,0.2714285714285714,0.22857142857142856,0.3,A_f2:settle
21.76,0.2755102040816326,0.2316326530612245,0.3,A_f2:settle
21.78,0.27959183673469384,0.2346938775510204,0.3,A_f2:settle
21.8,0.28367346938775506,0.23775510204081632,0.3,A_f2:settle
21.82,0.28775510204081634,0.24081632653061225,0.3,A_f2:settle
21.84,0.2918367346938775,0.24387755102040815,0.3,A_f2:settle
21.86,0.29591836734693877,0.24693877551020407,0.3,A_f2:settle
21.88,0.3,0.25,0.3,A_f2:settle
21.900000000000002,0.3,0.25,0.3,A_f2
21.92,0.30014707455302725,0.25,0.3,A_f2
21.94,0.30113513831662075,0.25,0.3,A_f2
21.96,0.3036053477515005,0.25,0.3,A_f2
21.98,0.3078328293177766,0.25,0.3,A_f2
22.0,0.3136226724001005,0.25,0.3,A_f2
22.02,0.32028724155570243,0.25,0.3,A_f2
22.04,0.3267115344217452,0.25,0.3,A_f2
22.06,0.3314997354699645,0.25,0.3,A_f2
22.080000000000002,0.3331833495093905,0.25,0.3,A_f2
22.1,0.330461221521835,0.25,0.3,A_f2
22.12,0.3224358667553506,0.25,0.3,A_f2
22.14,0.30880976210358846,0.25,0.3,A_f2
22.16,0.2900097770689428,0.25,0.3,A_f2
22.18,0.26721718385264887,0.25,0.3,A_f2
22.2,0.24229343367796402,0.25,0.3,A_f2
22.22,0.21760636309302211,0.25,0.3,A_f2
22.240000000000002,0.1957756776000615,0.25,0.3,A_f2
22.26,0.1793684468124419,0.25,0.3,A_f2
22.28,0.17058323229146174,0.25,0.3,A_f2
22.3,0.17096419495582746,0.25,0.3,A_f2
22.32,0.18118364049247432,0.25,0.3,A_f2
22.34,0.20092328186219716,0.25,0.3,A_f2
22.36,0.22887208720136348,0.25,0.3,A_f2
22.38,0.26284359147829894,0.25,0.3,A_f2
22.400000000000002,0.29999999999999993,0.25,0.3,A_f2
22.42,0.33730348307472824,0.25,0.3,A_f2
22.44,0.3722630511152573,0.25,0.3,A_f2
22.46,0.4026820658893034,0.25,0.3,A_f2
22.48,0.42664918882530223,0.25,0.3,A_f2
22.5,0.442658477444273,0.25,0.3,A_f2
22.52,0.4497040092642407,0.25,0.3,A_f2
22.54,0.4473430876093033,0.25,0.3,A_f2
22.56,0.43572405786990287,0.25,0.3,A_f2
22.580000000000002,0.41557698641636825,0.25,0.3,A_f2
22.6,0.38816778784387096,0.25,0.3,A_f2
22.62,0.3552186829027017,0.25,0.3,A_f2
22.64,0.31879998503464557,0.25,0.3,A_f2
22.66,0.2812000149653545,0.25,0.3,A_f2
22.68,0.2447813170972984,0.25,0.3,A_f2
22.7,0.21183221215612907,0.25,0.3,A_f2
22.72,0.1844230135836316,0.25,0.3,A_f2
22.740000000000002,0.16427594213009716,0.25,0.3,A_f2
22.76,0.15265691239069673,0.25,0.3,A_f2
22.78,0.15029599073575925,0.25,0.3,A_f2
22.8,0.15734152255572692,0.25,0.3,A_f2
22.82,0.17335081117469772,0.25,0.3,A_f2
22.84,0.1973179341106967,0.25,0.3,A_f2
22.86,0.22773694888474255,0.25,0.3,A_f2
22.88,0.26269651692527163,0.25,0.3,A_f2
22.900000000000002,0.29999999999999993,0.25,0.3,A_f2
22.92,0.3373034830747282,0.25,0.3,A_f2
22.94,0.3722630511152573,0.25,0.3,A_f2
22.96,0.40268206588930333,0.25,0.3,A_f2
22.98,0.42664918882530234,0.25,0.3,A_f2
23.0,0.4426584774442731,0.25,0.3,A_f2
23.02,0.4497040092642407,0.25,0.3,A_f2
23.04,0.4473430876093033,0.25,0.3,A_f2
23.06,0.435724057869903,0.25,0.3,A_f2
23.080000000000002,0.4155769864163684,0.25,0.3,A_f2
23.1,0.388167787843871,0.25,0.3,A_f2
23.12,0.3552186829027017,0.25,0.3,A_f2
23.14,0.3187999850346456,0.25,0.3,A_f2
23.16,0.28120001496535457,0.25,0.3,A_f2
23.18,0.2447813170972982,0.25,0.3,A_f2
23.2,0.2118322121561291,0.25,0.3,A_f2
23.22,0.18442301358363147,0.25,0.3,A_f2
23.240000000000002,0.16427594213009705,0.25,0.3,A_f2
23.26,0.15265691239069665,0.25,0.3,A_f2
23.28,0.15029599073575925,0.25,0.3,A_f2
23.3,0.15734152255572692,0.25,0.3,A_f2
23.32,0.17335081117469756,0.25,0.3,A_f2
23.34,0.1973179341106967,0.25,0.3,A_f2
23.36,0.2277369488847425,0.25,0.3,A_f2
23.38,0.26269651692527185,0.25,0.3,A_f2
23.400000000000002,0.2999999999999999,0.25,0.3,A_f2
23.42,0.3373034830747279,0.25,0.3,A_f2
23.44,0.37226305111525726,0.25,0.3,A_f2
23.46,0.4026820658893031,0.25,0.3,A_f2
23.48,0.4266491888253023,0.25,0.3,A_f2
23.5,0.442658477444273,0.25,0.3,A_f2
23.52,0.4497040092642407,0.25,0.3,A_f2
23.54,0.4473430876093033,0.25,0.3,A_f2
23.56,0.43572405786990276,0.25,0.3,A_f2
23.580000000000002,0.41557698641636864,0.25,0.3,A_f2
23.6,0.38816778784387107,0.25,0.3,A_f2
23.62,0.355218682902702,0.25,0.3,A_f2
23.64,0.3187999850346456,0.25,0.3,A_f2
23.66,0.28120001496535457,0.25,0.3,A_f2
23.68,0.24478131709729822,0.25,0.3,A_f2
23.7,0.21183221215612913,0.25,0.3,A_f2
23.72,0.1844230135836315,0.25,0.3,A_f2
23.740000000000002,0.16427594213009708,0.25,0.3,A_f2
23.76,0.15265691239069665,0.25,0.3,A_f2
23.78,0.15029599073575925,0.25,0.3,A_f2
23.8,0.15734152255572692,0.25,0.3,A_f2
23.82,0.17335081117469756,0.25,0.3,A_f2
23.84,0.19731793411069665,0.25,0.3,A_f2
23.86,0.2277369488847425,0.25,0.3,A_f2
23.88,0.26269651692527185,0.25,0.3,A_f2
23.900000000000002,0.2999999999999998,0.25,0.3,A_f2
23.92,0.33730348307472785,0.25,0.3,A_f2
23.94,0.37226305111525726,0.25,0.3,A_f2
23.96,0.4026820658893031,0.25,0.3,A_f2
23.98,0.4266491888253023,0.25,0.3,A_f2
24.0,0.442658477444273,0.25,0.3,A_f2
24.02,0.4497040092642407,0.25,0.3,A_f2
24.04,0.4473430876093033,0.25,0.3,A_f2
24.060000000000002,0.4357240578699028,0.25,0.3,A_f2
24.080000000000002,0.4155769864163683,0.25,0.3,A_f2
24.1,0.3881677878438706,0.25,0.3,A_f2
24.12,0.35521868290270153,0.25,0.3,A_f2
24.14,0.31879998503464513,0.25,0.3,A_f2
24.16,0.2812000149653541,0.25,0.3,A_f2
24.18,0.24478131709729825,0.25,0.3,A_f2
24.2,0.21183221215612874,0.25,0.3,A_f2
24.22,0.18442301358363186,0.25,0.3,A_f2
24.240000000000002,0.16427594213009733,0.25,0.3,A_f2
24.26,0.15265691239069676,0.25,0.3,A_f2
24.28,0.15029599073575922,0.25,0.3,A_f2
24.3,0.1573415225557269,0.25,0.3,A_f2
24.32,0.17335081117469753,0.25,0.3,A_f2
24.34,0.19731793411069665,0.25,0.3,A_f2
24.36,0.22773694888474244,0.25,0.3,A_f2
24.38,0.2626965169252718,0.25,0.3,A_f2
24.400000000000002,0.2999999999999998,0.25,0.3,A_f2
24.42,0.3373034830747278,0.25,0.3,A_f2
24.44,0.3722630511152572,0.25,0.3,A_f2
24.46,0.40268206588930344,0.25,0.3,A_f2
24.48,0.42664918882530223,0.25,0.3,A_f2
24.5,0.442658477444273,0.25,0.3,A_f2
24.52,0.4497040092642407,0.25,0.3,A_f2
24.54,0.4473430876093032,0.25,0.3,A_f2
24.560000000000002,0.4357240578699028,0.25,0.3,A_f2
24.580000000000002,0.41557698641636837,0.25,0.3,A_f2
24.6,0.3881677878438711,0.25,0.3,A_f2
24.62,0.3552186829027011,0.25,0.3,A_f2
24.64,0.3187999850346452,0.25,0.3,A_f2
24.66,0.28120001496535413,0.25,0.3,A_f2
24.68,0.24478131709729828,0.25,0.3,A_f2
24.7,0.21183221215612918,0.25,0.3,A_f2
24.72,0.1844230135836319,0.25,0.3,A_f2
24.740000000000002,0.16427594213009733,0.25,0.3,A_f2
24.76,0.15265691239069684,0.25,0.3,A_f2
24.78,0.15029599073575925,0.25,0.3,A_f2
24.8,0.1573415225557269,0.25,0.3,A_f2
24.82,0.1733508111746975,0.25,0.3,A_f2
24.84,0.1973179341106962,0.25,0.3,A_f2
24.86,0.22773694888474288,0.25,0.3,A_f2
24.88,0.26269651692527174,0.25,0.3,A_f2
24.900000000000002,0.29999999999999977,0.25,0.3,A_f2
24.92,0.3373034830747278,0.25,0.3,A_f2
24.94,0.3722630511152567,0.25,0.3,A_f2
24.96,0.40268206588930344,0.25,0.3,A_f2
24.98,0.42664918882530223,0.25,0.3,A_f2
25.0,0.44265847744427295,0.25,0.3,A_f2
25.02,0.4497040092642407,0.25,0.3,A_f2
25.04,0.4473430876093032,0.25,0.3,A_f2
25.060000000000002,0.43572405786990287,0.25,0.3,A_f2
25.080000000000002,0.4155769864163684,0.25,0.3,A_f2
25.1,0.3881677878438711,0.25,0.3,A_f2
25.12,0.3552186829027011,0.25,0.3,A_f2
25.14,0.31879998503464524,0.25,0.3,A_f2
25.16,0.2812000149653542,0.25,0.3,A_f2
25.18,0.24478131709729833,0.25,0.3,A_f2
25.2,0.21183221215612924,0.25,0.3,A_f2
25.22,0.18442301358363122,0.25,0.3,A_f2
25.240000000000002,0.16427594213009736,0.25,0.3,A_f2
25.26,0.15265691239069684,0.25,0.3,A_f2
25.28,0.15029599073575925,0.25,0.3,A_f2
25.3,0.1573415225557269,0.25,0.3,A_f2
25.32,0.17335081117469747,0.25,0.3,A_f2
25.34,0.1973179341106962,0.25,0.3,A_f2
25.36,0.22773694888474286,0.25,0.3,A_f2
25.38,0.26269651692527174,0.25,0.3,A_f2
25.400000000000002,0.2999999999999997,0.25,0.3,A_f2
25.42,0.33730348307472774,0.25,0.3,A_f2
25.44,0.3722630511152567,0.25,0.3,A_f2
25.46,0.4026820658893034,0.25,0.3,A_f2
25.48,0.42664918882530223,0.25,0.3,A_f2
25.5,0.4426584774442729,0.25,0.3,A_f2
25.52,0.4497040092642407,0.25,0.3,A_f2
25.54,0.4473430876093032,0.25,0.3,A_f2
25.560000000000002,0.43572405786990287,0.25,0.3,A_f2
25.580000000000002,0.4155769864163684,0.25,0.3,A_f2
25.6,0.3881677878438712,0.25,0.3,A_f2
25.62,0.35521868290270114,0.25,0.3,A_f2
25.64,0.31879998503464524,0.25,0.3,A_f2
25.66,0.2812000149653542,0.25,0.3,A_f2
25.68,0.24478131709729836,0.25,0.3,A_f2
25.7,0.21183221215612924,0.25,0.3,A_f2
25.72,0.18442301358363122,0.25,0.3,A_f2
25.740000000000002,0.16427594213009739,0.25,0.3,A_f2
25.76,0.15265691239069687,0.25,0.3,A_f2
25.78,0.15029599073575925,0.25,0.3,A_f2
25.8,0.15734152255572686,0.25,0.3,A_f2
25.82,0.17335081117469747,0.25,0.3,A_f2
25.84,0.19731793411069615,0.25,0.3,A_f2
25.86,0.22773694888474283,0.25,0.3,A_f2
25.88,0.2626965169252717,0.25,0.3,A_f2
25.900000000000002,0.2999999999999997,0.25,0.3,A_f2
25.92,0.33730348307472874,0.25,0.3,A_f2
25.94,0.37226305111525665,0.25,0.3,A_f2
25.96,0.4026820658893034,0.25,0.3,A_f2
25.98,0.42664918882530223,0.25,0.3,A_f2
26.0,0.44265847744427256,0.25,0.3,A_f2
26.02,0.4497040092642407,0.25,0.3,A_f2
26.04,0.4473430876093034,0.25,0.3,A_f2
26.060000000000002,0.43572405786990287,0.25,0.3,A_f2
26.080000000000002,0.4155769864163691,0.25,0.3,A_f2
26.1,0.3881677878438712,0.25,0.3,A_f2
26.12,0.35521868290270214,0.25,0.3,A_f2
26.14,0.3187999850346453,0.25,0.3,A_f2
26.16,0.2812000149653553,0.25,0.3,A_f2
26.18,0.2447813170972984,0.25,0.3,A_f2
26.2,0.2118322121561293,0.25,0.3,A_f2
26.22,0.18442301358363128,0.25,0.3,A_f2
26.240000000000002,0.16427594213009739,0.25,0.3,A_f2
26.26,0.15265691239069668,0.25,0.3,A_f2
26.28,0.15029599073575925,0.25,0.3,A_f2
26.3,0.15734152255572717,0.25,0.3,A_f2
26.32,0.17335081117469744,0.25,0.3,A_f2
26.34,0.19731793411069692,0.25,0.3,A_f2
26.36,0.22773694888474277,0.25,0.3,A_f2
26.38,0.2626965169252727,0.25,0.3,A_f2
26.400000000000002,0.29999999999999966,0.25,0.3,A_f2
26.42,0.3373034830747287,0.25,0.3,A_f2
26.44,0.3722630511152566,0.25,0.3,A_f2
26.46,0.40268206588930333,0.25,0.3,A_f2
26.48,0.4266491888253022,0.25,0.3,A_f2
26.5,0.4426584774442732,0.25,0.3,A_f2
26.52,0.4497040092642407,0.25,0.3,A_f2
26.54,0.4473430876093034,0.25,0.3,A_f2
26.560000000000002,0.43572405786990287,0.25,0.3,A_f2
26.580000000000002,0.41557698641636914,0.25,0.3,A_f2
26.6,0.38816778784387124,0.25,0.3,A_f2
26.62,0.3552186829027022,0.25,0.3,A_f2
26.64,0.31879998503464535,0.25,0.3,A_f2
26.66,0.28120001496535535,0.25,0.3,A_f2
26.68,0.24478131709729842,0.25,0.3,A_f2
26.7,0.2118322121561293,0.25,0.3,A_f2
26.72,0.18442301358363128,0.25,0.3,A_f2
26.740000000000002,0.16427594213009739,0.25,0.3,A_f2
26.76,0.15265691239069668,0.25,0.3,A_f2
26.78,0.15029599073575925,0.25,0.3,A_f2
26.8,0.15734152255572717,0.25,0.3,A_f2
26.82,0.17335081117469742,0.25,0.3,A_f2
26.84,0.1973179341106969,0.25,0.3,A_f2
26.86,0.22773694888474275,0.25,0.3,A_f2
26.88,0.2626965169252726,0.25,0.3,A_f2
26.900000000000002,0.2999999999999996,0.25,0.3,A_f2
26.92,0.3373034830747287,0.25,0.3,A_f2
26.94,0.3722630511152566,0.25,0.3,A_f2
26.96,0.40268206588930333,0.25,0.3,A_f2
26.98,0.4266491888253022,0.25,0.3,A_f2
27.0,0.4426584774442732,0.25,0.3,A_f2
27.02,0.44970400926424076,0.25,0.3,A_f2
27.04,0.44734308760930364,0.25,0.3,A_f2
27.060000000000002,0.43572405786990287,0.25,0.3,A_f2
27.080000000000002,0.4155769864163685,0.25,0.3,A_f2
27.1,0.38816778784387124,0.25,0.3,A_f2
27.12,0.35521868290270225,0.25,0.3,A_f2
27.14,0.3187999850346464,0.25,0.3,A_f2
27.16,0.28120001496535535,0.25,0.3,A_f2
27.18,0.24478131709729747,0.25,0.3,A_f2
27.2,0.21183221215613018,0.25,0.3,A_f2
27.22,0.1844230135836313,0.25,0.3,A_f2
27.240000000000002,0.16427594213009697,0.25,0.3,A_f2
27.26,0.15265691239069668,0.25,0.3,A_f2
27.28,0.15029599073575925,0.25,0.3,A_f2
27.3,0.15734152255572684,0.25,0.3,A_f2
27.32,0.1733508111746974,0.25,0.3,A_f2
27.34,0.19731793411069765,0.25,0.3,A_f2
27.36,0.22773694888474177,0.25,0.3,A_f2
27.38,0.2626965169252726,0.25,0.3,A_f2
27.400000000000002,0.29999999999999855,0.25,0.3,A_f2
27.42,0.33671750431617886,0.25,0.3,A_f2
27.44,0.36972576842038235,0.25,0.3,A_f2
27.46,0.39633152307440195,0.25,0.3,A_f2
27.48,0.41455526745438664,0.25,0.3,A_f2
27.5,0.42332601596842645,0.25,0.3,A_f2
27.52,0.4225644680654139,0.25,0.3,A_f2
27.54,0.41314673100265303,0.25,0.3,A_f2
27.560000000000002,0.39675627553904386,0.25,0.3,A_f2
27.580000000000002,0.3756461196888348,0.25,0.3,A_f2
27.6,0.35234439191708505,0.25,0.3,A_f2
27.62,0.3293429463449442,0.25,0.3,A_f2
27.64,0.30880976210358835,0.25,0.3,A_f2
27.66,0.2923613904376691,0.25,0.3,A_f2
27.68,0.2809224142606173,0.25,0.3,A_f2
27.7,0.2746861152015761,0.25,0.3,A_f2
27.72,0.27317612989422274,0.25,0.3,A_f2
27.740000000000002,0.27539485630120636,0.25,0.3,A_f2
27.76,0.2800327003626416,0.25,0.3,A_f2
27.78,0.2857045391782973,0.25,0.3,A_f2
27.8,0.2911770496525151,0.25,0.3,A_f2
27.82,0.2955531244506424,0.25,0.3,A_f2
27.84,0.29838702704048825,0.25,0.3,A_f2
27.86,0.29971509212901454,0.25,0.3,A_f2
27.88,0.3,0.25,0.3,A_f2
27.900000000000002,0.3,0.25,0.3,A_f2:tail
27.92,0.3,0.25,0.3,A_f2:tail
27.94,0.3,0.25,0.3,A_f2:tail
27.96,0.3,0.25,0.3,A_f2:tail
27.98,0.3,0.25,0.3,A_f2:tail
28.0,0.3,0.25,0.3,A_f2:tail
28.02,0.3,0.25,0.3,A_f2:tail
28.04,0.3,0.25,0.3,A_f2:tail
28.060000000000002,0.3,0.25,0.3,A_f2:tail
28.080000000000002,0.3,0.25,0.3,A_f2:tail
28.1,0.3,0.25,0.3,A_f2:tail
28.12,0.3,0.25,0.3,A_f2:tail
28.14,0.3,0.25,0.3,A_f2:tail
28.16,0.3,0.25,0.3,A_f2:tail
28.18,0.3,0.25,0.3,A_f2:tail
28.2,0.3,0.25,0.3,A_f2:tail
28.22,0.3,0.25,0.3,A_f2:tail
28.240000000000002,0.3,0.25,0.3,A_f2:tail
28.26,0.3,0.25,0.3,A_f2:tail
28.28,0.3,0.25,0.3,A_f2:tail
28.3,0.3,0.25,0.3,A_f2:tail
28.32,0.3,0.25,0.3,A_f2:tail
28.34,0.3,0.25,0.3,A_f2:tail
28.36,0.3,0.25,0.3,A_f2:tail
28.38,0.3,0.25,0.3,A_f2:tail
28.400000000000002,0.29,0.2425,0.3,rest:down
28.42,0.27999999999999997,0.235,0.3,rest:down
28.44,0.27,0.2275,0.3,rest:down
28.46,0.26,0.22,0.3,rest:down
28.48,0.25,0.2125,0.3,rest:down
28.5,0.24,0.20500000000000002,0.3,rest:down
28.52,0.22999999999999998,0.1975,0.3,rest:down
28.54,0.22,0.19,0.3,rest:down
28.560000000000002,0.21000000000000002,0.1825,0.3,rest:down
28.580000000000002,0.2,0.175,0.3,rest:down
28.6,0.19,0.1675,0.3,rest:down
28.62,0.18,0.16,0.3,rest:down
28.64,0.17,0.1525,0.3,rest:down
28.66,0.16,0.14500000000000002,0.3,rest:down
28.68,0.15000000000000002,0.1375,0.3,rest:down
28.7,0.14,0.13,0.3,rest:down
28.72,0.13,0.1225,0.3,rest:down
28.740000000000002,0.12000000000000002,0.11499999999999999,0.3,rest:down
28.76,0.11000000000000001,0.10750000000000001,0.3,rest:down
28.78,0.1,0.1,0.3,rest:down
28.8,0.1,0.1,0.3,rest
28.82,0.1,0.1,0.3,rest
28.84,0.1,0.1,0.3,rest
28.86,0.1,0.1,0.3,rest
28.88,0.1,0.1,0.3,rest
28.900000000000002,0.1,0.1,0.3,rest
28.92,0.1,0.1,0.3,rest
28.94,0.1,0.1,0.3,rest
28.96,0.1,0.1,0.3,rest
28.98,0.1,0.1,0.3,rest
29.0,0.1,0.1,0.3,rest
29.02,0.1,0.1,0.3,rest
29.04,0.1,0.1,0.3,rest
29.060000000000002,0.1,0.1,0.3,rest
29.080000000000002,0.1,0.1,0.3,rest
29.1,0.1,0.1,0.3,rest
29.12,0.1,0.1,0.3,rest
29.14,0.1,0.1,0.3,rest
29.16,0.1,0.1,0.3,rest
29.18,0.1,0.1,0.3,rest
29.2,0.1,0.1,0.3,rest
29.22,0.1,0.1,0.3,rest
29.240000000000002,0.1,0.1,0.3,rest
29.26,0.1,0.1,0.3,rest
29.28,0.1,0.1,0.3,rest
29.3,0.1,0.1,0.3,rest
29.32,0.1,0.1,0.3,rest
29.34,0.1,0.1,0.3,rest
29.36,0.1,0.1,0.3,rest
29.38,0.1,0.1,0.3,rest
29.400000000000002,0.1,0.1,0.3,rest
29.42,0.1,0.1,0.3,rest
29.44,0.1,0.1,0.3,rest
29.46,0.1,0.1,0.3,rest
29.48,0.1,0.1,0.3,rest
29.5,0.1,0.1,0.3,rest
29.52,0.1,0.1,0.3,rest
29.54,0.1,0.1,0.3,rest
29.560000000000002,0.1,0.1,0.3,rest
29.580000000000002,0.1,0.1,0.3,rest
29.6,0.1,0.1,0.3,rest
29.62,0.1,0.1,0.3,rest
29.64,0.1,0.1,0.3,rest
29.66,0.1,0.1,0.3,rest
29.68,0.1,0.1,0.3,rest
29.7,0.1,0.1,0.3,rest
29.72,0.1,0.1,0.3,rest
29.740000000000002,0.1,0.1,0.3,rest
29.76,0.1,0.1,0.3,rest
29.78,0.1,0.1,0.3,rest
29.8,0.1,0.1,0.3,rest
29.82,0.1,0.1,0.3,rest
29.84,0.1,0.1,0.3,rest
29.86,0.1,0.1,0.3,rest
29.88,0.1,0.1,0.3,rest
29.900000000000002,0.1,0.1,0.3,rest
29.92,0.1,0.1,0.3,rest
29.94,0.1,0.1,0.3,rest
29.96,0.1,0.1,0.3,rest
29.98,0.1,0.1,0.3,rest
30.0,0.1,0.1,0.3,rest
30.02,0.1,0.1,0.3,rest
30.04,0.1,0.1,0.3,rest
30.060000000000002,0.1,0.1,0.3,rest
30.080000000000002,0.1,0.1,0.3,rest
30.1,0.1,0.1,0.3,rest
30.12,0.1,0.1,0.3,rest
30.14,0.1,0.1,0.3,rest
30.16,0.1,0.1,0.3,rest
30.18,0.1,0.1,0.3,rest
30.2,0.1,0.1,0.3,rest
30.22,0.1,0.1,0.3,rest
30.240000000000002,0.1,0.1,0.3,rest
30.26,0.1,0.1,0.3,rest
30.28,0.1,0.1,0.3,rest
30.3,0.1,0.1,0.3,rest
30.32,0.1,0.1,0.3,rest
30.34,0.1,0.1,0.3,rest
30.36,0.1,0.1,0.3,rest
30.38,0.1,0.1,0.3,rest
30.400000000000002,0.1,0.1,0.3,rest
30.42,0.1,0.1,0.3,rest
30.44,0.1,0.1,0.3,rest
30.46,0.1,0.1,0.3,rest
30.48,0.1,0.1,0.3,rest
30.5,0.1,0.1,0.3,rest
30.52,0.1,0.1,0.3,rest
30.54,0.1,0.1,0.3,rest
30.560000000000002,0.1,0.1,0.3,rest
30.580000000000002,0.1,0.1,0.3,rest
30.6,0.1,0.1,0.3,rest
30.62,0.1,0.1,0.3,rest
30.64,0.1,0.1,0.3,rest
30.66,0.1,0.1,0.3,rest
30.68,0.1,0.1,0.3,rest
30.7,0.1,0.1,0.3,rest
30.72,0.1,0.1,0.3,rest
30.740000000000002,0.1,0.1,0.3,rest
30.76,0.1,0.1,0.3,rest
30.78,0.1,0.1,0.3,rest
30.8,0.1,0.1,0.3,rest
30.82,0.1,0.1,0.3,rest
30.84,0.1,0.1,0.3,rest
30.86,0.1,0.1,0.3,rest
30.88,0.1,0.1,0.3,rest
30.900000000000002,0.1,0.1,0.3,rest
30.92,0.1,0.1,0.3,rest
30.94,0.1,0.1,0.3,rest
30.96,0.1,0.1,0.3,rest
30.98,0.1,0.1,0.3,rest
31.0,0.1,0.1,0.3,rest
31.02,0.1,0.1,0.3,rest
31.04,0.1,0.1,0.3,rest
31.060000000000002,0.1,0.1,0.3,rest
31.080000000000002,0.1,0.1,0.3,rest
31.1,0.1,0.1,0.3,rest
31.12,0.1,0.1,0.3,rest
31.14,0.1,0.1,0.3,rest
31.16,0.1,0.1,0.3,rest
31.18,0.1,0.1,0.3,rest
31.2,0.1,0.1,0.3,rest
31.220000000000002,0.1,0.1,0.3,rest
31.240000000000002,0.1,0.1,0.3,rest
31.26,0.1,0.1,0.3,rest
31.28,0.1,0.1,0.3,rest
31.3,0.1,0.1,0.3,rest
31.32,0.1,0.1,0.3,rest
31.34,0.1,0.1,0.3,rest
31.36,0.1,0.1,0.3,rest
31.38,0.1,0.1,0.3,rest
31.400000000000002,0.1,0.1,0.3,rest
31.42,0.1,0.1,0.3,rest
31.44,0.1,0.1,0.3,rest
31.46,0.1,0.1,0.3,rest
31.48,0.1,0.1,0.3,rest
31.5,0.1,0.1,0.3,rest
31.52,0.1,0.1,0.3,rest
31.54,0.1,0.1,0.3,rest
31.560000000000002,0.1,0.1,0.3,rest
31.580000000000002,0.1,0.1,0.3,rest
31.6,0.1,0.1,0.3,rest
31.62,0.1,0.1,0.3,rest
31.64,0.1,0.1,0.3,rest
31.66,0.1,0.1,0.3,rest
31.68,0.1,0.1,0.3,rest
31.7,0.1,0.1,0.3,rest
31.720000000000002,0.1,0.1,0.3,rest
31.740000000000002,0.1,0.1,0.3,rest
31.76,0.1,0.1,0.3,rest
31.78,0.1,0.1,0.3,rest
31.8,0.1,0.1,0.3,rest
31.82,0.1,0.1,0.3,rest
31.84,0.1,0.1,0.3,rest
31.86,0.1,0.1,0.3,rest
31.88,0.1,0.1,0.3,rest
31.900000000000002,0.1,0.1,0.3,rest
31.92,0.1,0.1,0.3,rest
31.94,0.1,0.1,0.3,rest
31.96,0.1,0.1,0.3,rest
31.98,0.1,0.1,0.3,rest
32.0,0.1,0.1,0.3,rest
32.02,0.1,0.1,0.3,rest
32.04,0.1,0.1,0.3,rest
32.06,0.1,0.1,0.3,rest
32.08,0.1,0.1,0.3,rest
32.1,0.1,0.1,0.3,rest
32.12,0.1,0.1,0.3,rest
32.14,0.1,0.1,0.3,rest
32.160000000000004,0.1,0.1,0.3,rest
32.18,0.1,0.1,0.3,rest
32.2,0.1,0.1,0.3,rest
32.22,0.1,0.1,0.3,rest
32.24,0.1,0.1,0.3,rest
32.26,0.1,0.1,0.3,rest
32.28,0.1,0.1,0.3,rest
32.3,0.1,0.1,0.3,rest
32.32,0.1,0.1,0.3,rest
32.34,0.1,0.1,0.3,rest
32.36,0.1,0.1,0.3,rest
32.38,0.1,0.1,0.3,rest
32.4,0.1,0.1,0.3,rest
32.42,0.1,0.1,0.3,rest
32.44,0.1,0.1,0.3,rest
32.46,0.1,0.1,0.3,rest
32.480000000000004,0.1,0.1,0.3,rest
32.5,0.1,0.1,0.3,rest
32.52,0.1,0.1,0.3,rest
32.54,0.1,0.1,0.3,rest
32.56,0.1,0.1,0.3,rest
32.58,0.1,0.1,0.3,rest
32.6,0.1,0.1,0.3,rest
32.62,0.1,0.1,0.3,rest
32.64,0.1,0.1,0.3,rest
32.660000000000004,0.1,0.1,0.3,rest
32.68,0.1,0.1,0.3,rest
32.7,0.1,0.1,0.3,rest
32.72,0.1,0.1,0.3,rest
32.74,0.1,0.1,0.3,rest
32.76,0.1,0.1,0.3,rest
32.78,0.1,0.1,0.3,rest
32.8,0.1,0.1,0.3,rest
32.82,0.1,0.1,0.3,rest
32.84,0.1,0.1,0.3,rest
32.86,0.1,0.1,0.3,rest
32.88,0.1,0.1,0.3,rest
32.9,0.1,0.1,0.3,rest
32.92,0.1,0.1,0.3,rest
32.94,0.1,0.1,0.3,rest
32.96,0.1,0.1,0.3,rest
32.980000000000004,0.1,0.1,0.3,rest
33.0,0.1,0.1,0.3,rest
33.02,0.1,0.1,0.3,rest
33.04,0.1,0.1,0.3,rest
33.06,0.1,0.1,0.3,rest
33.08,0.1,0.1,0.3,rest
33.1,0.1,0.1,0.3,rest
33.12,0.1,0.1,0.3,rest
33.14,0.1,0.1,0.3,rest
33.160000000000004,0.1,0.1,0.3,rest
33.18,0.1,0.1,0.3,rest
33.2,0.1,0.1,0.3,rest
33.22,0.1,0.1,0.3,rest
33.24,0.1,0.1,0.3,rest
33.26,0.1,0.1,0.3,rest
33.28,0.1,0.1,0.3,rest
33.3,0.1,0.1,0.3,rest
33.32,0.1,0.1,0.3,rest
33.34,0.1,0.1,0.3,rest
33.36,0.1,0.1,0.3,rest
33.38,0.1,0.1,0.3,rest
33.4,0.1,0.1,0.3,rest
33.42,0.1,0.1,0.3,rest
33.44,0.1,0.1,0.3,rest
33.46,0.1,0.1,0.3,rest
33.480000000000004,0.1,0.1,0.3,rest
33.5,0.1,0.1,0.3,rest
33.52,0.1,0.1,0.3,rest
33.54,0.1,0.1,0.3,rest
33.56,0.1,0.1,0.3,rest
33.58,0.1,0.1,0.3,rest
33.6,0.1,0.1,0.3,rest
33.62,0.1,0.1,0.3,rest
33.64,0.1,0.1,0.3,rest
33.660000000000004,0.1,0.1,0.3,rest
33.68,0.1,0.1,0.3,rest
33.7,0.1,0.1,0.3,rest
33.72,0.1,0.1,0.3,rest
33.74,0.1,0.1,0.3,rest
33.76,0.1,0.1,0.3,rest
33.78,0.1,0.1,0.3,rest
33.8,0.1,0.1,0.3,rest
33.82,0.1,0.1,0.3,rest
33.84,0.1,0.1,0.3,rest
33.86,0.1,0.1,0.3,rest
33.88,0.1,0.1,0.3,rest
33.9,0.1,0.1,0.3,rest
33.92,0.1,0.1,0.3,rest
33.94,0.1,0.1,0.3,rest
33.96,0.1,0.1,0.3,rest
33.980000000000004,0.1,0.1,0.3,rest
34.0,0.1,0.1,0.3,rest
34.02,0.1,0.1,0.3,rest
34.04,0.1,0.1,0.3,rest
34.06,0.1,0.1,0.3,rest
34.08,0.1,0.1,0.3,rest
34.1,0.1,0.1,0.3,rest
34.12,0.1,0.1,0.3,rest
34.14,0.1,0.1,0.3,rest
34.160000000000004,0.1,0.1,0.3,rest
34.18,0.1,0.1,0.3,rest
34.2,0.1,0.1,0.3,rest
34.22,0.1,0.1,0.3,rest
34.24,0.1,0.1,0.3,rest
34.26,0.1,0.1,0.3,rest
34.28,0.1,0.1,0.3,rest
34.300000000000004,0.1,0.1,0.3,rest
34.32,0.1,0.1,0.3,rest
34.34,0.1,0.1,0.3,rest
34.36,0.1,0.1,0.3,rest
34.38,0.1,0.1,0.3,rest
34.4,0.1,0.1,0.3,rest
34.42,0.1,0.1,0.3,rest
34.44,0.1,0.1,0.3,rest
34.46,0.1,0.1,0.3,rest
34.480000000000004,0.1,0.1,0.3,rest
34.5,0.1,0.1,0.3,rest
34.52,0.1,0.1,0.3,rest
34.54,0.1,0.1,0.3,rest
34.56,0.1,0.1,0.3,rest
34.58,0.1,0.1,0.3,rest
34.6,0.1,0.1,0.3,rest
34.62,0.1,0.1,0.3,rest
34.64,0.1,0.1,0.3,rest
34.660000000000004,0.1,0.1,0.3,rest
34.68,0.1,0.1,0.3,rest
34.7,0.1,0.1,0.3,rest
34.72,0.1,0.1,0.3,rest
34.74,0.1,0.1,0.3,rest
34.76,0.1,0.1,0.3,rest
34.78,0.1,0.1,0.3,rest
34.800000000000004,0.1,0.1,0.3,rest
34.82,0.1,0.1,0.3,rest
34.84,0.1,0.1,0.3,rest
34.86,0.1,0.1,0.3,rest
34.88,0.1,0.1,0.3,rest
34.9,0.1,0.1,0.3,rest
34.92,0.1,0.1,0.3,rest
34.94,0.1,0.1,0.3,rest
34.96,0.1,0.1,0.3,rest
34.980000000000004,0.1,0.1,0.3,rest
35.0,0.1,0.1,0.3,rest
35.02,0.1,0.1,0.3,rest
35.04,0.1,0.1,0.3,rest
35.06,0.1,0.1,0.3,rest
35.08,0.1,0.1,0.3,rest
35.1,0.1,0.1,0.3,rest
35.12,0.1,0.1,0.3,rest
35.14,0.1,0.1,0.3,rest
35.160000000000004,0.1,0.1,0.3,rest
35.18,0.1,0.1,0.3,rest
35.2,0.1,0.1,0.3,rest
35.22,0.1,0.1,0.3,rest
35.24,0.1,0.1,0.3,rest
35.26,0.1,0.1,0.3,rest
35.28,0.1,0.1,0.3,rest
35.300000000000004,0.1,0.1,0.3,rest
35.32,0.1,0.1,0.3,rest
35.34,0.1,0.1,0.3,rest
35.36,0.1,0.1,0.3,rest
35.38,0.1,0.1,0.3,rest
35.4,0.1,0.1,0.3,rest
35.42,0.1,0.1,0.3,rest
35.44,0.1,0.1,0.3,rest
35.46,0.1,0.1,0.3,rest
35.480000000000004,0.1,0.1,0.3,rest
35.5,0.1,0.1,0.3,rest
35.52,0.1,0.1,0.3,rest
35.54,0.1,0.1,0.3,rest
35.56,0.1,0.1,0.3,rest
35.58,0.1,0.1,0.3,rest
35.6,0.1,0.1,0.3,rest
35.62,0.1,0.1,0.3,rest
35.64,0.1,0.1,0.3,rest
35.660000000000004,0.1,0.1,0.3,rest
35.68,0.1,0.1,0.3,rest
35.7,0.1,0.1,0.3,rest
35.72,0.1,0.1,0.3,rest
35.74,0.1,0.1,0.3,rest
35.76,0.1,0.1,0.3,rest
35.78,0.1,0.1,0.3,rest
35.800000000000004,0.1,0.1,0.3,rest
35.82,0.1,0.1,0.3,rest
35.84,0.1,0.1,0.3,rest
35.86,0.1,0.1,0.3,rest
35.88,0.1,0.1,0.3,rest
35.9,0.1,0.1,0.3,rest
35.92,0.1,0.1,0.3,rest
35.94,0.1,0.1,0.3,rest
35.96,0.1,0.1,0.3,rest
35.980000000000004,0.1,0.1,0.3,rest
36.0,0.1,0.1,0.3,rest
36.02,0.1,0.1,0.3,rest
36.04,0.1,0.1,0.3,rest
36.06,0.1,0.1,0.3,rest
36.08,0.1,0.1,0.3,rest
36.1,0.1,0.1,0.3,rest
36.12,0.1,0.1,0.3,rest
36.14,0.1,0.1,0.3,rest
36.160000000000004,0.1,0.1,0.3,rest
36.18,0.1,0.1,0.3,rest
36.2,0.1,0.1,0.3,rest
36.22,0.1,0.1,0.3,rest
36.24,0.1,0.1,0.3,rest
36.26,0.1,0.1,0.3,rest
36.28,0.1,0.1,0.3,rest
36.300000000000004,0.1,0.1,0.3,rest
36.32,0.1,0.1,0.3,rest
36.34,0.1,0.1,0.3,rest
36.36,0.1,0.1,0.3,rest
36.38,0.1,0.1,0.3,rest
36.4,0.1,0.1,0.3,rest
36.42,0.1,0.1,0.3,rest
36.44,0.1,0.1,0.3,rest
36.46,0.1,0.1,0.3,rest
36.480000000000004,0.1,0.1,0.3,rest
36.5,0.1,0.1,0.3,rest
36.52,0.1,0.1,0.3,rest
36.54,0.1,0.1,0.3,rest
36.56,0.1,0.1,0.3,rest
36.58,0.1,0.1,0.3,rest
36.6,0.1,0.1,0.3,rest
36.62,0.1,0.1,0.3,rest
36.64,0.1,0.1,0.3,rest
36.660000000000004,0.1,0.1,0.3,rest
36.68,0.1,0.1,0.3,rest
36.7,0.1,0.1,0.3,rest
36.72,0.1,0.1,0.3,rest
36.74,0.1,0.1,0.3,rest
36.76,0.1,0.1,0.3,rest
36.78,0.1,0.1,0.3,rest
36.800000000000004,0.1,0.1,0.3,rest
36.82,0.1,0.1,0.3,rest
36.84,0.1,0.1,0.3,rest
36.86,0.1,0.1,0.3,rest
36.88,0.1,0.1,0.3,rest
36.9,0.1,0.1,0.3,rest
36.92,0.1,0.1,0.3,rest
36.94,0.1,0.1,0.3,rest
36.96,0.1,0.1,0.3,rest
36.980000000000004,0.1,0.1,0.3,rest
37.0,0.1,0.1,0.3,rest
37.02,0.1,0.1,0.3,rest
37.04,0.1,0.1,0.3,rest
37.06,0.1,0.1,0.3,rest
37.08,0.1,0.1,0.3,rest
37.1,0.1,0.1,0.3,rest
37.12,0.1,0.1,0.3,rest
37.14,0.1,0.1,0.3,rest
37.160000000000004,0.1,0.1,0.3,rest
37.18,0.1,0.1,0.3,rest
37.2,0.1,0.1,0.3,rest
37.22,0.1,0.1,0.3,rest
37.24,0.1,0.1,0.3,rest
37.26,0.1,0.1,0.3,rest
37.28,0.1,0.1,0.3,rest
37.300000000000004,0.1,0.1,0.3,rest
37.32,0.1,0.1,0.3,rest
37.34,0.1,0.1,0.3,rest
37.36,0.1,0.1,0.3,rest
37.38,0.1,0.1,0.3,rest
37.4,0.1,0.1,0.3,rest
37.42,0.1,0.1,0.3,rest
37.44,0.1,0.1,0.3,rest
37.46,0.1,0.1,0.3,rest
37.480000000000004,0.1,0.1,0.3,rest
37.5,0.1,0.1,0.3,rest
37.52,0.1,0.1,0.3,rest
37.54,0.1,0.1,0.3,rest
37.56,0.1,0.1,0.3,rest
37.58,0.1,0.1,0.3,rest
37.6,0.1,0.1,0.3,rest
37.62,0.1,0.1,0.3,rest
37.64,0.1,0.1,0.3,rest
37.660000000000004,0.1,0.1,0.3,rest
37.68,0.1,0.1,0.3,rest
37.7,0.1,0.1,0.3,rest
37.72,0.1,0.1,0.3,rest
37.74,0.1,0.1,0.3,rest
37.76,0.1,0.1,0.3,rest
37.78,0.1,0.1,0.3,rest
37.800000000000004,0.1,0.1,0.3,rest
37.82,0.1,0.1,0.3,rest
37.84,0.1,0.1,0.3,rest
37.86,0.1,0.1,0.3,rest
37.88,0.1,0.1,0.3,rest
37.9,0.1,0.1,0.3,rest
37.92,0.1,0.1,0.3,rest
37.94,0.1,0.1,0.3,rest
37.96,0.1,0.1,0.3,rest
37.980000000000004,0.1,0.1,0.3,rest
38.0,0.1,0.1,0.3,rest
38.02,0.1,0.1,0.3,rest
38.04,0.1,0.1,0.3,rest
38.06,0.1,0.1,0.3,rest
38.08,0.1,0.1,0.3,rest
38.1,0.1,0.1,0.3,rest
38.12,0.1,0.1,0.3,rest
38.14,0.1,0.1,0.3,rest
38.160000000000004,0.1,0.1,0.3,rest
38.18,0.1,0.1,0.3,rest
38.2,0.1,0.1,0.3,rest
38.22,0.1,0.1,0.3,rest
38.24,0.1,0.1,0.3,rest
38.26,0.1,0.1,0.3,rest
38.28,0.1,0.1,0.3,rest
38.300000000000004,0.1,0.1,0.3,rest
38.32,0.1,0.1,0.3,rest
38.34,0.1,0.1,0.3,rest
38.36,0.1,0.1,0.3,rest
38.38,0.1,0.1,0.3,rest
38.4,0.1,0.1,0.3,rest
38.42,0.1,0.1,0.3,rest
38.44,0.1,0.1,0.3,rest
38.46,0.1,0.1,0.3,rest
38.480000000000004,0.1,0.1,0.3,rest
38.5,0.1,0.1,0.3,rest
38.52,0.1,0.1,0.3,rest
38.54,0.1,0.1,0.3,rest
38.56,0.1,0.1,0.3,rest
38.58,0.1,0.1,0.3,rest
38.6,0.1,0.1,0.3,rest
38.62,0.1,0.1,0.3,rest
38.64,0.1,0.1,0.3,rest
38.660000000000004,0.1,0.1,0.3,rest
38.68,0.1,0.1,0.3,rest
38.7,0.1,0.1,0.3,rest
38.72,0.1,0.1,0.3,rest
38.74,0.1,0.1,0.3,rest
38.76,0.1,0.1,0.3,rest
38.78,0.1,0.1,0.3,rest
38.800000000000004,0.1,0.1,0.3,A_f3:settle
38.82,0.10408163265306122,0.10306122448979592,0.3,A_f3:settle
38.84,0.10816326530612246,0.10612244897959185,0.3,A_f3:settle
38.86,0.11224489795918367,0.10918367346938776,0.3,A_f3:settle
38.88,0.1163265306122449,0.11224489795918367,0.3,A_f3:settle
38.9,0.12040816326530612,0.1153061224489796,0.3,A_f3:settle
38.92,0.12448979591836735,0.11836734693877551,0.3,A_f3:settle
38.94,0.12857142857142856,0.12142857142857143,0.3,A_f3:settle
38.96,0.1326530612244898,0.12448979591836735,0.3,A_f3:settle
38.980000000000004,0.13673469387755102,0.12755102040816327,0.3,A_f3:settle
39.0,0.14081632653061224,0.1306122448979592,0.3,A_f3:settle
39.02,0.14489795918367346,0.1336734693877551,0.3,A_f3:settle
39.04,0.1489795918367347,0.13673469387755102,0.3,A_f3:settle
39.06,0.15306122448979592,0.13979591836734695,0.3,A_f3:settle
39.08,0.15714285714285714,0.14285714285714285,0.3,A_f3:settle
39.1,0.16122448979591836,0.14591836734693878,0.3,A_f3:settle
39.12,0.16530612244897958,0.1489795918367347,0.3,A_f3:settle
39.14,0.16938775510204082,0.1520408163265306,0.3,A_f3:settle
39.160000000000004,0.17346938775510204,0.15510204081632653,0.3,A_f3:settle
39.18,0.17755102040816326,0.15816326530612246,0.3,A_f3:settle
39.2,0.18163265306122447,0.16122448979591836,0.3,A_f3:settle
39.22,0.18571428571428572,0.16428571428571428,0.3,A_f3:settle
39.24,0.18979591836734694,0.1673469387755102,0.3,A_f3:settle
39.26,0.19387755102040816,0.1704081632653061,0.3,A_f3:settle
39.28,0.19795918367346937,0.17346938775510204,0.3,A_f3:settle
39.300000000000004,0.2020408163265306,0.17653061224489797,0.3,A_f3:settle
39.32,0.2061224489795918,0.17959183673469387,0.3,A_f3:settle
39.34,0.21020408163265303,0.1826530612244898,0.3,A_f3:settle
39.36,0.21428571428571427,0.18571428571428572,0.3,A_f3:settle
39.38,0.21836734693877552,0.18877551020408162,0.3,A_f3:settle
39.4,0.2224489795918367,0.19183673469387752,0.3,A_f3:settle
39.42,0.22653061224489793,0.19489795918367347,0.3,A_f3:settle
39.44,0.23061224489795917,0.19795918367346937,0.3,A_f3:settle
39.46,0.2346938775510204,0.2010204081632653,0.3,A_f3:settle
39.480000000000004,0.23877551020408164,0.20408163265306123,0.3,A_f3:settle
39.5,0.24285714285714283,0.20714285714285713,0.3,A_f3:settle
39.52,0.24693877551020407,0.21020408163265306,0.3,A_f3:settle
39.54,0.2510204081632653,0.21326530612244898,0.3,A_f3:settle
39.56,0.2551020408163265,0.21632653061224488,0.3,A_f3:settle
39.58,0.25918367346938775,0.21938775510204078,0.3,A_f3:settle
39.6,0.2632653061224489,0.22244897959183674,0.3,A_f3:settle
39.62,0.2673469387755102,0.22551020408163264,0.3,A_f3:settle
39.64,0.2714285714285714,0.22857142857142856,0.3,A_f3:settle
39.660000000000004,0.2755102040816326,0.2316326530612245,0.3,A_f3:settle
39.68,0.27959183673469384,0.2346938775510204,0.3,A_f3:settle
39.7,0.28367346938775506,0.23775510204081632,0.3,A_f3:settle
39.72,0.28775510204081634,0.24081632653061225,0.3,A_f3:settle
39.74,0.2918367346938775,0.24387755102040815,0.3,A_f3:settle
39.76,0.29591836734693877,0.24693877551020407,0.3,A_f3:settle
39.78,0.3,0.25,0.3,A_f3:settle
39.800000000000004,0.3,0.25,0.3,A_f3
39.82,0.30021770790385444,0.25,0.3,A_f3
39.84,0.3016129729595117,0.25,0.3,A_f3
39.86,0.30476551014656544,0.25,0.3,A_f3
39.88,0.30925869295831904,0.25,0.3,A_f3
39.9,0.3136226724001005,0.25,0.3,A_f3
39.92,0.3156624946334626,0.25,0.3,A_f3
39.94,0.31310042438097824,0.25,0.3,A_f3
39.96,0.30436322465393917,0.25,0.3,A_f3
39.980000000000004,0.2892897837608696,0.25,0.3,A_f3
40.0,0.26953877847816504,0.25,0.3,A_f3
40.02,0.2485412513339993,0.25,0.3,A_f3
40.04,0.23095433070536897,0.25,0.3,A_f3
40.06,0.2217025816853277,0.25,0.3,A_f3
40.08,0.22480955984069845,0.25,0.3,A_f3
40.1,0.242293433677964,0.25,0.3,A_f3
40.12,0.27340673316440217,0.25,0.3,A_f3
40.14,0.31443676038070645,0.25,0.3,A_f3
40.160000000000004,0.359162626734279,0.25,0.3,A_f3
40.18,0.3999144917829057,0.25,0.3,A_f3
40.2,0.4290358050441725,0.25,0.3,A_f3
40.22,0.44044531630592165,0.25,0.3,A_f3
40.24,0.4309585477233375,0.25,0.3,A_f3
40.26,0.4010690929297915,0.25,0.3,A_f3
40.28,0.3550009749988472,0.25,0.3,A_f3
40.300000000000004,0.30000000000000004,0.25,0.3,A_f3
40.32,0.2447813170972984,0.25,0.3,A_f3
40.34,0.19731793411069662,0.25,0.3,A_f3
40.36,0.16427594213009705,0.25,0.3,A_f3
40.38,0.15029599073575928,0.25,0.3,A_f3
40.4,0.15734152255572692,0.25,0.3,A_f3
40.42,0.18442301358363153,0.25,0.3,A_f3
40.44,0.22773694888474277,0.25,0.3,A_f3
40.46,0.2812000149653544,0.25,0.3,A_f3
40.480000000000004,0.3373034830747282,0.25,0.3,A_f3
40.5,0.3881677878438711,0.25,0.3,A_f3
40.52,0.4266491888253022,0.25,0.3,A_f3
40.54,0.44734308760930325,0.25,0.3,A_f3
40.56,0.4473430876093033,0.25,0.3,A_f3
40.58,0.42664918882530223,0.25,0.3,A_f3
40.6,0.388167787843871,0.25,0.3,A_f3
40.62,0.33730348307472807,0.25,0.3,A_f3
40.64,0.28120001496535457,0.25,0.3,A_f3
40.660000000000004,0.2277369488847427,0.25,0.3,A_f3
40.68,0.1844230135836318,0.25,0.3,A_f3
40.7,0.15734152255572698,0.25,0.3,A_f3
40.72,0.15029599073575925,0.25,0.3,A_f3
40.74,0.16427594213009722,0.25,0.3,A_f3
40.76,0.1973179341106967,0.25,0.3,A_f3
40.78,0.244781317097298,0.25,0.3,A_f3
40.800000000000004,0.2999999999999999,0.25,0.3,A_f3
40.82,0.35521868290270175,0.25,0.3,A_f3
40.84,0.4026820658893031,0.25,0.3,A_f3
40.86,0.43572405786990287,0.25,0.3,A_f3
40.88,0.4497040092642407,0.25,0.3,A_f3
40.9,0.44265847744427306,0.25,0.3,A_f3
40.92,0.4155769864163683,0.25,0.3,A_f3
40.94,0.37226305111525704,0.25,0.3,A_f3
40.96,0.3187999850346462,0.25,0.3,A_f3
40.980000000000004,0.2626965169252721,0.25,0.3,A_f3
41.0,0.21183221215612913,0.25,0.3,A_f3
41.02,0.17335081117469797,0.25,0.3,A_f3
41.04,0.15265691239069673,0.25,0.3,A_f3
41.06,0.15265691239069668,0.25,0.3,A_f3
41.08,0.17335081117469783,0.25,0.3,A_f3
41.1,0.2118322121561289,0.25,0.3,A_f3
41.12,0.26269651692527185,0.25,0.3,A_f3
41.14,0.3187999850346459,0.25,0.3,A_f3
41.160000000000004,0.37226305111525726,0.25,0.3,A_f3
41.18,0.4155769864163685,0.25,0.3,A_f3
41.2,0.4426584774442731,0.25,0.3,A_f3
41.22,0.44970400926424076,0.25,0.3,A_f3
41.24,0.435724057869903,0.25,0.3,A_f3
41.26,0.40268206588930333,0.25,0.3,A_f3
41.28,0.35521868290270203,0.25,0.3,A_f3
41.300000000000004,0.30000000000000016,0.25,0.3,A_f3
41.32,0.24478131709729825,0.25,0.3,A_f3
41.34,0.1973179341106969,0.25,0.3,A_f3
41.36,0.16427594213009708,0.25,0.3,A_f3
41.38,0.15029599073575925,0.25,0.3,A_f3
41.4,0.1573415225557269,0.25,0.3,A_f3
41.42,0.1844230135836316,0.25,0.3,A_f3
41.44,0.2277369488847429,0.25,0.3,A_f3
41.46,0.2812000149653548,0.25,0.3,A_f3
41.480000000000004,0.3373034830747278,0.25,0.3,A_f3
41.5,0.3881677878438704,0.25,0.3,A_f3
41.52,0.42664918882530223,0.25,0.3,A_f3
41.54,0.4473430876093032,0.25,0.3,A_f3
41.56,0.4473430876093034,0.25,0.3,A_f3
41.58,0.4266491888253022,0.25,0.3,A_f3
41.6,0.3881677878438711,0.25,0.3,A_f3
41.62,0.3373034830747287,0.25,0.3,A_f3
41.64,0.28120001496535413,0.25,0.3,A_f3
41.660000000000004,0.22773694888474277,0.25,0.3,A_f3
41.68,0.18442301358363122,0.25,0.3,A_f3
41.7,0.15734152255572686,0.25,0.3,A_f3
41.72,0.15029599073575925,0.25,0.3,A_f3
41.74,0.1642759421300969,0.25,0.3,A_f3
41.76,0.1973179341106962,0.25,0.3,A_f3
41.78,0.2447813170972984,0.25,0.3,A_f3
41.800000000000004,0.29999999999999977,0.25,0.3,A_f3
41.82,0.3552186829027012,0.25,0.3,A_f3
41.84,0.40268206588930344,0.25,0.3,A_f3
41.86,0.43572405786990287,0.25,0.3,A_f3
41.88,0.4497040092642407,0.25,0.3,A_f3
41.9,0.4426584774442729,0.25,0.3,A_f3
41.92,0.4155769864163684,0.25,0.3,A_f3
41.94,0.3722630511152576,0.25,0.3,A_f3
41.96,0.31879998503464524,0.25,0.3,A_f3
41.980000000000004,0.2626965169252717,0.25,0.3,A_f3
42.0,0.21183221215612924,0.25,0.3,A_f3
42.02,0.17335081117469747,0.25,0.3,A_f3
42.04,0.15265691239069665,0.25,0.3,A_f3
42.06,0.15265691239069687,0.25,0.3,A_f3
42.08,0.17335081117469806,0.25,0.3,A_f3
42.1,0.21183221215612924,0.25,0.3,A_f3
42.12,0.2626965169252707,0.25,0.3,A_f3
42.14,0.31879998503464524,0.25,0.3,A_f3
42.160000000000004,0.3722630511152567,0.25,0.3,A_f3
42.18,0.41557698641636776,0.25,0.3,A_f3
42.2,0.4426584774442729,0.25,0.3,A_f3
42.22,0.44970400926424076,0.25,0.3,A_f3
42.24,0.4357240578699033,0.25,0.3,A_f3
42.26,0.4026820658893034,0.25,0.3,A_f3
42.28,0.35521868290270214,0.25,0.3,A_f3
42.300000000000004,0.3000000000000008,0.25,0.3,A_f3
42.32,0.24478131709729836,0.25,0.3,A_f3
42.34,0.19731793411069698,0.25,0.3,A_f3
42.36,0.1642759421300969,0.25,0.3,A_f3
42.38,0.15029599073575925,0.25,0.3,A_f3
42.4,0.15734152255572686,0.25,0.3,A_f3
42.42,0.1844230135836319,0.25,0.3,A_f3
42.44,0.22773694888474283,0.25,0.3,A_f3
42.46,0.2812000149653542,0.25,0.3,A_f3
42.480000000000004,0.33730348307472874,0.25,0.3,A_f3
42.5,0.3881677878438711,0.25,0.3,A_f3
42.52,0.42664918882530223,0.25,0.3,A_f3
42.54,0.4473430876093034,0.25,0.3,A_f3
42.56,0.4473430876093032,0.25,0.3,A_f3
42.58,0.42664918882530223,0.25,0.3,A_f3
42.6,0.38816778784387035,0.25,0.3,A_f3
42.62,0.3373034830747288,0.25,0.3,A_f3
42.64,0.2812000149653553,0.25,0.3,A_f3
42.660000000000004,0.22773694888474288,0.25,0.3,A_f3
42.68,0.18442301358363195,0.25,0.3,A_f3
42.7,0.15734152255572723,0.25,0.3,A_f3
42.72,0.15029599073575925,0.25,0.3,A_f3
42.74,0.16427594213009689,0.25,0.3,A_f3
42.76,0.19731793411069615,0.25,0.3,A_f3
42.78,0.24478131709729828,0.25,0.3,A_f3
42.800000000000004,0.29999999999999966,0.25,0.3,A_f3
42.82,0.3552186829027011,0.25,0.3,A_f3
42.84,0.40268206588930333,0.25,0.3,A_f3
42.86,0.4357240578699028,0.25,0.3,A_f3
42.88,0.4497040092642407,0.25,0.3,A_f3
42.9,0.442658477444273,0.25,0.3,A_f3
42.92,0.4155769864163684,0.25,0.3,A_f3
42.94,0.3722630511152577,0.25,0.3,A_f3
42.96,0.31879998503464535,0.25,0.3,A_f3
42.980000000000004,0.2626965169252718,0.25,0.3,A_f3
43.0,0.2118322121561293,0.25,0.3,A_f3
43.02,0.17335081117469753,0.25,0.3,A_f3
43.04,0.15265691239069668,0.25,0.3,A_f3
43.06,0.15265691239069684,0.25,0.3,A_f3
43.08,0.173350811174698,0.25,0.3,A_f3
43.1,0.21183221215612916,0.25,0.3,A_f3
43.12,0.2626965169252726,0.25,0.3,A_f3
43.14,0.31879998503464513,0.25,0.3,A_f3
43.160000000000004,0.3722630511152566,0.25,0.3,A_f3
43.18,0.41557698641636764,0.25,0.3,A_f3
43.2,0.44265847744427256,0.25,0.3,A_f3
43.22,0.44970400926424076,0.25,0.3,A_f3
43.24,0.43572405786990287,0.25,0.3,A_f3
43.26,0.4026820658893043,0.25,0.3,A_f3
43.28,0.35521868290270225,0.25,0.3,A_f3
43.300000000000004,0.2999999999999998,0.25,0.3,A_f3
43.32,0.24478131709729944,0.25,0.3,A_f3
43.34,0.19731793411069704,0.25,0.3,A_f3
43.36,0.16427594213009697,0.25,0.3,A_f3
43.38,0.15029599073575933,0.25,0.3,A_f3
43.4,0.15734152255572684,0.25,0.3,A_f3
43.42,0.18442301358363183,0.25,0.3,A_f3
43.44,0.22773694888474177,0.25,0.3,A_f3
43.46,0.2812000149653541,0.25,0.3,A_f3
43.480000000000004,0.3373034830747286,0.25,0.3,A_f3
43.5,0.3881677878438702,0.25,0.3,A_f3
43.52,0.4266491888253021,0.25,0.3,A_f3
43.54,0.4473430876093034,0.25,0.3,A_f3
43.56,0.4473430876093031,0.25,0.3,A_f3
43.58,0.4266491888253023,0.25,0.3,A_f3
43.6,0.3881677878438704,0.25,0.3,A_f3
43.62,0.33730348307472685,0.25,0.3,A_f3
43.64,0.28120001496535435,0.25,0.3,A_f3
43.660000000000004,0.2277369488847439,0.25,0.3,A_f3
43.68,0.18442301358363203,0.25,0.3,A_f3
43.7,0.15734152255572692,0.25,0.3,A_f3
43.72,0.15029599073575917,0.25,0.3,A_f3
43.74,0.16427594213009683,0.25,0.3,A_f3
43.76,0.19731793411069687,0.25,0.3,A_f3
43.78,0.2447813170972972,0.25,0.3,A_f3
43.800000000000004,0.29999999999999954,0.25,0.3,A_f3
43.82,0.355218682902702,0.25,0.3,A_f3
43.84,0.4026820658893025,0.25,0.3,A_f3
43.86,0.43572405786990365,0.25,0.3,A_f3
43.88,0.44970400926424076,0.25,0.3,A_f3
43.9,0.44265847744427333,0.25,0.3,A_f3
43.92,0.41557698641636853,0.25,0.3,A_f3
43.94,0.3722630511152587,0.25,0.3,A_f3
43.96,0.3187999850346465,0.25,0.3,A_f3
43.980000000000004,0.26269651692527396,0.25,0.3,A_f3
44.0,0.21183221215612852,0.25,0.3,A_f3
44.02,0.17335081117469814,0.25,0.3,A_f3
44.04,0.1526569123906967,0.25,0.3,A_f3
44.06,0.15265691239069643,0.25,0.3,A_f3
44.08,0.17335081117469736,0.25,0.3,A_f3
44.1,0.21183221215612907,0.25,0.3,A_f3
44.12,0.26269651692527257,0.25,0.3,A_f3
44.14,0.318799985034645,0.25,0.3,A_f3
44.160000000000004,0.3722630511152574,0.25,0.3,A_f3
44.18,0.4155769864163676,0.25,0.3,A_f3
44.2,0.4426584774442729,0.25,0.3,A_f3
44.22,0.4497040092642407,0.25,0.3,A_f3
44.24,0.4357240578699025,0.25,0.3,A_f3
44.26,0.40268206588930355,0.25,0.3,A_f3
44.28,0.35521868290270137,0.25,0.3,A_f3
44.300000000000004,0.30000000000000104,0.25,0.3,A_f3
44.32,0.24478131709729659,0.25,0.3,A_f3
44.34,0.19731793411069637,0.25,0.3,A_f3
44.36,0.16427594213009655,0.25,0.3,A_f3
44.38,0.15029599073575928,0.25,0.3,A_f3
44.4,0.15734152255572714,0.25,0.3,A_f3
44.42,0.18442301358363106,0.25,0.3,A_f3
44.44,0.22773694888474078,0.25,0.3,A_f3
44.46,0.281200014965355,0.25,0.3,A_f3
44.480000000000004,0.3373034830747275,0.25,0.3,A_f3
44.5,0.38816778784387096,0.25,0.3,A_f3
44.52,0.4266491888253015,0.25,0.3,A_f3
44.54,0.4473430876093032,0.25,0.3,A_f3
44.56,0.44734308760930364,0.25,0.3,A_f3
44.58,0.4266491888253018,0.25,0.3,A_f3
44.6,0.3881677878438714,0.25,0.3,A_f3
44.62,0.337303483074728,0.25,0.3,A_f3
44.64,0.2812000149653555,0.25,0.3,A_f3
44.660000000000004,0.22773694888474308,0.25,0.3,A_f3
44.68,0.18442301358363278,0.25,0.3,A_f3
44.7,0.15734152255572664,0.25,0.3,A_f3
44.72,0.15029599073575925,0.25,0.3,A_f3
44.74,0.16427594213009725,0.25,0.3,A_f3
44.76,0.19731793411069598,0.25,0.3,A_f3
44.78,0.24478131709729808,0.25,0.3,A_f3
44.800000000000004,0.2999999999999984,0.25,0.3,A_f3
44.82,0.35521868290270286,0.25,0.3,A_f3
44.84,0.4026820658893032,0.25,0.3,A_f3
44.86,0.4357240578699032,0.25,0.3,A_f3
44.88,0.4497040092642407,0.25,0.3,A_f3
44.9,0.442658477444273,0.25,0.3,A_f3
44.92,0.4155769864163679,0.25,0.3,A_f3
44.94,0.37226305111525787,0.25,0.3,A_f3
44.96,0.31879998503464557,0.25,0.3,A_f3
44.980000000000004,0.26269651692527307,0.25,0.3,A_f3
45.0,0.2118322121561295,0.25,0.3,A_f3
45.02,0.17335081117469878,0.25,0.3,A_f3
45.04,0.1526569123906965,0.25,0.3,A_f3
45.06,0.1526569123906966,0.25,0.3,A_f3
45.08,0.1733508111746979,0.25,0.3,A_f3
45.1,0.21183221215612813,0.25,0.3,A_f3
45.12,0.2626965169252714,0.25,0.3,A_f3
45.14,0.3187999850346439,0.25,0.3,A_f3
45.160000000000004,0.37226305111525826,0.25,0.3,A_f3
45.18,0.4155769864163682,0.25,0.3,A_f3
45.2,0.44265847744427317,0.25,0.3,A_f3
45.22,0.44970400926424076,0.25,0.3,A_f3
45.24,0.435724057869903,0.25,0.3,A_f3
45.26,0.40268206588930444,0.25,0.3,A_f3
45.28,0.3552186829027005,0.25,0.3,A_f3
45.300000000000004,0.30000000000000004,0.25,0.3,A_f3
45.32,0.24564871532901938,0.25,0.3,A_f3
45.34,0.2009232818621977,0.25,0.3,A_f3
45.36,0.17267002178802063,0.25,0.3,A_f3
45.38,0.16459145155746202,0.25,0.3,A_f3
45.4,0.17667398403157386,0.25,0.3,A_f3
45.42,0.20537573488949,0.25,0.3,A_f3
45.44,0.24450823490512463,0.25,0.3,A_f3
45.46,0.2865976853279341,0.25,0.3,A_f3
45.480000000000004,0.3244154466470975,0.25,0.3,A_f3
45.5,0.35234439191708483,0.25,0.3,A_f3
45.52,0.3673007785948044,0.25,0.3,A_f3
45.54,0.369045669294631,0.25,0.3,A_f3
45.56,0.3598668730789763,0.25,0.3,A_f3
45.58,0.34375621857724115,0.25,0.3,A_f3
45.6,0.3253138847984244,0.25,0.3,A_f3
45.62,0.3086576386486214,0.25,0.3,A_f3
45.64,0.296591788216677,0.25,0.3,A_f3
45.660000000000004,0.2902072230347575,0.25,0.3,A_f3
45.68,0.28896337987655807,0.25,0.3,A_f3
45.7,0.2911770496525151,0.25,0.3,A_f3
45.72,0.2947436291964236,0.25,0.3,A_f3
45.74,0.29786798957146643,0.25,0.3,A_f3
45.76,0.2995951606204082,0.25,0.3,A_f3
45.78,0.3,0.25,0.3,A_f3
45.800000000000004,0.3,0.25,0.3,A_f3:tail
45.82,0.3,0.25,0.3,A_f3:tail
45.84,0.3,0.25,0.3,A_f3:tail
45.86,0.3,0.25,0.3,A_f3:tail
45.88,0.3,0.25,0.3,A_f3:tail
45.9,0.3,0.25,0.3,A_f3:tail
45.92,0.3,0.25,0.3,A_f3:tail
45.94,0.3,0.25,0.3,A_f3:tail
45.96,0.3,0.25,0.3,A_f3:tail
45.980000000000004,0.3,0.25,0.3,A_f3:tail
46.0,0.3,0.25,0.3,A_f3:tail
46.02,0.3,0.25,0.3,A_f3:tail
46.04,0.3,0.25,0.3,A_f3:tail
46.06,0.3,0.25,0.3,A_f3:tail
46.08,0.3,0.25,0.3,A_f3:tail
46.1,0.3,0.25,0.3,A_f3:tail
46.12,0.3,0.25,0.3,A_f3:tail
46.14,0.3,0.25,0.3,A_f3:tail
46.160000000000004,0.3,0.25,0.3,A_f3:tail
46.18,0.3,0.25,0.3,A_f3:tail
46.2,0.3,0.25,0.3,A_f3:tail
46.22,0.3,0.25,0.3,A_f3:tail
46.24,0.3,0.25,0.3,A_f3:tail
46.26,0.3,0.25,0.3,A_f3:tail
46.28,0.3,0.25,0.3,A_f3:tail
46.300000000000004,0.29,0.2425,0.3,rest:down
46.32,0.27999999999999997,0.235,0.3,rest:down
46.34,0.27,0.2275,0.3,rest:down
46.36,0.26,0.22,0.3,rest:down
46.38,0.25,0.2125,0.3,rest:down
46.4,0.24,0.20500000000000002,0.3,rest:down
46.42,0.22999999999999998,0.1975,0.3,rest:down
46.44,0.22,0.19,0.3,rest:down
46.46,0.21000000000000002,0.1825,0.3,rest:down
46.480000000000004,0.2,0.175,0.3,rest:down
46.5,0.19,0.1675,0.3,rest:down
46.52,0.18,0.16,0.3,rest:down
46.54,0.17,0.1525,0.3,rest:down
46.56,0.16,0.14500000000000002,0.3,rest:down
46.58,0.15000000000000002,0.1375,0.3,rest:down
46.6,0.14,0.13,0.3,rest:down
46.62,0.13,0.1225,0.3,rest:down
46.64,0.12000000000000002,0.11499999999999999,0.3,rest:down
46.660000000000004,0.11000000000000001,0.10750000000000001,0.3,rest:down
46.68,0.1,0.1,0.3,rest:down
46.7,0.1,0.1,0.3,rest
46.72,0.1,0.1,0.3,rest
46.74,0.1,0.1,0.3,rest
46.76,0.1,0.1,0.3,rest
46.78,0.1,0.1,0.3,rest
46.800000000000004,0.1,0.1,0.3,rest
46.82,0.1,0.1,0.3,rest
46.84,0.1,0.1,0.3,rest
46.86,0.1,0.1,0.3,rest
46.88,0.1,0.1,0.3,rest
46.9,0.1,0.1,0.3,rest
46.92,0.1,0.1,0.3,rest
46.94,0.1,0.1,0.3,rest
46.96,0.1,0.1,0.3,rest
46.980000000000004,0.1,0.1,0.3,rest
47.0,0.1,0.1,0.3,rest
47.02,0.1,0.1,0.3,rest
47.04,0.1,0.1,0.3,rest
47.06,0.1,0.1,0.3,rest
47.08,0.1,0.1,0.3,rest
47.1,0.1,0.1,0.3,rest
47.12,0.1,0.1,0.3,rest
47.14,0.1,0.1,0.3,rest
47.160000000000004,0.1,0.1,0.3,rest
47.18,0.1,0.1,0.3,rest
47.2,0.1,0.1,0.3,rest
47.22,0.1,0.1,0.3,rest
47.24,0.1,0.1,0.3,rest
47.26,0.1,0.1,0.3,rest
47.28,0.1,0.1,0.3,rest
47.300000000000004,0.1,0.1,0.3,rest
47.32,0.1,0.1,0.3,rest
47.34,0.1,0.1,0.3,rest
47.36,0.1,0.1,0.3,rest
47.38,0.1,0.1,0.3,rest
47.4,0.1,0.1,0.3,rest
47.42,0.1,0.1,0.3,rest
47.44,0.1,0.1,0.3,rest
47.46,0.1,0.1,0.3,rest
47.480000000000004,0.1,0.1,0.3,rest
47.5,0.1,0.1,0.3,rest
47.52,0.1,0.1,0.3,rest
47.54,0.1,0.1,0.3,rest
47.56,0.1,0.1,0.3,rest
47.58,0.1,0.1,0.3,rest
47.6,0.1,0.1,0.3,rest
47.62,0.1,0.1,0.3,rest
47.64,0.1,0.1,0.3,rest
47.660000000000004,0.1,0.1,0.3,rest
47.68,0.1,0.1,0.3,rest
47.7,0.1,0.1,0.3,rest
47.72,0.1,0.1,0.3,rest
47.74,0.1,0.1,0.3,rest
47.76,0.1,0.1,0.3,rest
47.78,0.1,0.1,0.3,rest
47.800000000000004,0.1,0.1,0.3,rest
47.82,0.1,0.1,0.3,rest
47.84,0.1,0.1,0.3,rest
47.86,0.1,0.1,0.3,rest
47.88,0.1,0.1,0.3,rest
47.9,0.1,0.1,0.3,rest
47.92,0.1,0.1,0.3,rest
47.94,0.1,0.1,0.3,rest
47.96,0.1,0.1,0.3,rest
47.980000000000004,0.1,0.1,0.3,rest
48.0,0.1,0.1,0.3,rest
48.02,0.1,0.1,0.3,rest
48.04,0.1,0.1,0.3,rest
48.06,0.1,0.1,0.3,rest
48.08,0.1,0.1,0.3,rest
48.1,0.1,0.1,0.3,rest
48.120000000000005,0.1,0.1,0.3,rest
48.14,0.1,0.1,0.3,rest
48.160000000000004,0.1,0.1,0.3,rest
48.18,0.1,0.1,0.3,rest
48.2,0.1,0.1,0.3,rest
48.22,0.1,0.1,0.3,rest
48.24,0.1,0.1,0.3,rest
48.26,0.1,0.1,0.3,rest
48.28,0.1,0.1,0.3,rest
48.300000000000004,0.1,0.1,0.3,rest
48.32,0.1,0.1,0.3,rest
48.34,0.1,0.1,0.3,rest
48.36,0.1,0.1,0.3,rest
48.38,0.1,0.1,0.3,rest
48.4,0.1,0.1,0.3,rest
48.42,0.1,0.1,0.3,rest
48.44,0.1,0.1,0.3,rest
48.46,0.1,0.1,0.3,rest
48.480000000000004,0.1,0.1,0.3,rest
48.5,0.1,0.1,0.3,rest
48.52,0.1,0.1,0.3,rest
48.54,0.1,0.1,0.3,rest
48.56,0.1,0.1,0.3,rest
48.58,0.1,0.1,0.3,rest
48.6,0.1,0.1,0.3,rest
48.620000000000005,0.1,0.1,0.3,rest
48.64,0.1,0.1,0.3,rest
48.660000000000004,0.1,0.1,0.3,rest
48.68,0.1,0.1,0.3,rest
48.7,0.1,0.1,0.3,rest
48.72,0.1,0.1,0.3,rest
48.74,0.1,0.1,0.3,rest
48.76,0.1,0.1,0.3,rest
48.78,0.1,0.1,0.3,rest
48.800000000000004,0.1,0.1,0.3,rest
48.82,0.1,0.1,0.3,rest
48.84,0.1,0.1,0.3,rest
48.86,0.1,0.1,0.3,rest
48.88,0.1,0.1,0.3,rest
48.9,0.1,0.1,0.3,rest
48.92,0.1,0.1,0.3,rest
48.94,0.1,0.1,0.3,rest
48.96,0.1,0.1,0.3,rest
48.980000000000004,0.1,0.1,0.3,rest
49.0,0.1,0.1,0.3,rest
49.02,0.1,0.1,0.3,rest
49.04,0.1,0.1,0.3,rest
49.06,0.1,0.1,0.3,rest
49.08,0.1,0.1,0.3,rest
49.1,0.1,0.1,0.3,rest
49.120000000000005,0.1,0.1,0.3,rest
49.14,0.1,0.1,0.3,rest
49.160000000000004,0.1,0.1,0.3,rest
49.18,0.1,0.1,0.3,rest
49.2,0.1,0.1,0.3,rest
49.22,0.1,0.1,0.3,rest
49.24,0.1,0.1,0.3,rest
49.26,0.1,0.1,0.3,rest
49.28,0.1,0.1,0.3,rest
49.300000000000004,0.1,0.1,0.3,rest
49.32,0.1,0.1,0.3,rest
49.34,0.1,0.1,0.3,rest
49.36,0.1,0.1,0.3,rest
49.38,0.1,0.1,0.3,rest
49.4,0.1,0.1,0.3,rest
49.42,0.1,0.1,0.3,rest
49.44,0.1,0.1,0.3,rest
49.46,0.1,0.1,0.3,rest
49.480000000000004,0.1,0.1,0.3,rest
49.5,0.1,0.1,0.3,rest
49.52,0.1,0.1,0.3,rest
49.54,0.1,0.1,0.3,rest
49.56,0.1,0.1,0.3,rest
49.58,0.1,0.1,0.3,rest
49.6,0.1,0.1,0.3,rest
49.620000000000005,0.1,0.1,0.3,rest
49.64,0.1,0.1,0.3,rest
49.660000000000004,0.1,0.1,0.3,rest
49.68,0.1,0.1,0.3,rest
49.7,0.1,0.1,0.3,rest
49.72,0.1,0.1,0.3,rest
49.74,0.1,0.1,0.3,rest
49.76,0.1,0.1,0.3,rest
49.78,0.1,0.1,0.3,rest
49.800000000000004,0.1,0.1,0.3,rest
49.82,0.1,0.1,0.3,rest
49.84,0.1,0.1,0.3,rest
49.86,0.1,0.1,0.3,rest
49.88,0.1,0.1,0.3,rest
49.9,0.1,0.1,0.3,rest
49.92,0.1,0.1,0.3,rest
49.94,0.1,0.1,0.3,rest
49.96,0.1,0.1,0.3,rest
49.980000000000004,0.1,0.1,0.3,rest
50.0,0.1,0.1,0.3,rest
50.02,0.1,0.1,0.3,rest
50.04,0.1,0.1,0.3,rest
50.06,0.1,0.1,0.3,rest
50.08,0.1,0.1,0.3,rest
50.1,0.1,0.1,0.3,rest
50.120000000000005,0.1,0.1,0.3,rest
50.14,0.1,0.1,0.3,rest
50.160000000000004,0.1,0.1,0.3,rest
50.18,0.1,0.1,0.3,rest
50.2,0.1,0.1,0.3,rest
50.22,0.1,0.1,0.3,rest
50.24,0.1,0.1,0.3,rest
50.26,0.1,0.1,0.3,rest
50.28,0.1,0.1,0.3,rest
50.300000000000004,0.1,0.1,0.3,rest
50.32,0.1,0.1,0.3,rest
50.34,0.1,0.1,0.3,rest
50.36,0.1,0.1,0.3,rest
50.38,0.1,0.1,0.3,rest
50.4,0.1,0.1,0.3,rest
50.42,0.1,0.1,0.3,rest
50.44,0.1,0.1,0.3,rest
50.46,0.1,0.1,0.3,rest
50.480000000000004,0.1,0.1,0.3,rest
50.5,0.1,0.1,0.3,rest
50.52,0.1,0.1,0.3,rest
50.54,0.1,0.1,0.3,rest
50.56,0.1,0.1,0.3,rest
50.58,0.1,0.1,0.3,rest
50.6,0.1,0.1,0.3,rest
50.620000000000005,0.1,0.1,0.3,rest
50.64,0.1,0.1,0.3,rest
50.660000000000004,0.1,0.1,0.3,rest
50.68,0.1,0.1,0.3,rest
50.7,0.1,0.1,0.3,rest
50.72,0.1,0.1,0.3,rest
50.74,0.1,0.1,0.3,rest
50.76,0.1,0.1,0.3,rest
50.78,0.1,0.1,0.3,rest
50.800000000000004,0.1,0.1,0.3,rest
50.82,0.1,0.1,0.3,rest
50.84,0.1,0.1,0.3,rest
50.86,0.1,0.1,0.3,rest
50.88,0.1,0.1,0.3,rest
50.9,0.1,0.1,0.3,rest
50.92,0.1,0.1,0.3,rest
50.94,0.1,0.1,0.3,rest
50.96,0.1,0.1,0.3,rest
50.980000000000004,0.1,0.1,0.3,rest
51.0,0.1,0.1,0.3,rest
51.02,0.1,0.1,0.3,rest
51.04,0.1,0.1,0.3,rest
51.06,0.1,0.1,0.3,rest
51.08,0.1,0.1,0.3,rest
51.1,0.1,0.1,0.3,rest
51.120000000000005,0.1,0.1,0.3,rest
51.14,0.1,0.1,0.3,rest
51.160000000000004,0.1,0.1,0.3,rest
51.18,0.1,0.1,0.3,rest
51.2,0.1,0.1,0.3,rest
51.22,0.1,0.1,0.3,rest
51.24,0.1,0.1,0.3,rest
51.26,0.1,0.1,0.3,rest
51.28,0.1,0.1,0.3,rest
51.300000000000004,0.1,0.1,0.3,rest
51.32,0.1,0.1,0.3,rest
51.34,0.1,0.1,0.3,rest
51.36,0.1,0.1,0.3,rest
51.38,0.1,0.1,0.3,rest
51.4,0.1,0.1,0.3,rest
51.42,0.1,0.1,0.3,rest
51.44,0.1,0.1,0.3,rest
51.46,0.1,0.1,0.3,rest
51.480000000000004,0.1,0.1,0.3,rest
51.5,0.1,0.1,0.3,rest
51.52,0.1,0.1,0.3,rest
51.54,0.1,0.1,0.3,rest
51.56,0.1,0.1,0.3,rest
51.58,0.1,0.1,0.3,rest
51.6,0.1,0.1,0.3,rest
51.620000000000005,0.1,0.1,0.3,rest
51.64,0.1,0.1,0.3,rest
51.660000000000004,0.1,0.1,0.3,rest
51.68,0.1,0.1,0.3,rest
51.7,0.1,0.1,0.3,rest
51.72,0.1,0.1,0.3,rest
51.74,0.1,0.1,0.3,rest
51.76,0.1,0.1,0.3,rest
51.78,0.1,0.1,0.3,rest
51.800000000000004,0.1,0.1,0.3,rest
51.82,0.1,0.1,0.3,rest
51.84,0.1,0.1,0.3,rest
51.86,0.1,0.1,0.3,rest
51.88,0.1,0.1,0.3,rest
51.9,0.1,0.1,0.3,rest
51.92,0.1,0.1,0.3,rest
51.94,0.1,0.1,0.3,rest
51.96,0.1,0.1,0.3,rest
51.980000000000004,0.1,0.1,0.3,rest
52.0,0.1,0.1,0.3,rest
52.02,0.1,0.1,0.3,rest
52.04,0.1,0.1,0.3,rest
52.06,0.1,0.1,0.3,rest
52.08,0.1,0.1,0.3,rest
52.1,0.1,0.1,0.3,rest
52.120000000000005,0.1,0.1,0.3,rest
52.14,0.1,0.1,0.3,rest
52.160000000000004,0.1,0.1,0.3,rest
52.18,0.1,0.1,0.3,rest
52.2,0.1,0.1,0.3,rest
52.22,0.1,0.1,0.3,rest
52.24,0.1,0.1,0.3,rest
52.26,0.1,0.1,0.3,rest
52.28,0.1,0.1,0.3,rest
52.300000000000004,0.1,0.1,0.3,rest
52.32,0.1,0.1,0.3,rest
52.34,0.1,0.1,0.3,rest
52.36,0.1,0.1,0.3,rest
52.38,0.1,0.1,0.3,rest
52.4,0.1,0.1,0.3,rest
52.42,0.1,0.1,0.3,rest
52.44,0.1,0.1,0.3,rest
52.46,0.1,0.1,0.3,rest
52.480000000000004,0.1,0.1,0.3,rest
52.5,0.1,0.1,0.3,rest
52.52,0.1,0.1,0.3,rest
52.54,0.1,0.1,0.3,rest
52.56,0.1,0.1,0.3,rest
52.58,0.1,0.1,0.3,rest
52.6,0.1,0.1,0.3,rest
52.620000000000005,0.1,0.1,0.3,rest
52.64,0.1,0.1,0.3,rest
52.660000000000004,0.1,0.1,0.3,rest
52.68,0.1,0.1,0.3,rest
52.7,0.1,0.1,0.3,rest
52.72,0.1,0.1,0.3,rest
52.74,0.1,0.1,0.3,rest
52.76,0.1,0.1,0.3,rest
52.78,0.1,0.1,0.3,rest
52.800000000000004,0.1,0.1,0.3,rest
52.82,0.1,0.1,0.3,rest
52.84,0.1,0.1,0.3,rest
52.86,0.1,0.1,0.3,rest
52.88,0.1,0.1,0.3,rest
52.9,0.1,0.1,0.3,rest
52.92,0.1,0.1,0.3,rest
52.94,0.1,0.1,0.3,rest
52.96,0.1,0.1,0.3,rest
52.980000000000004,0.1,0.1,0.3,rest
53.0,0.1,0.1,0.3,rest
53.02,0.1,0.1,0.3,rest
53.04,0.1,0.1,0.3,rest
53.06,0.1,0.1,0.3,rest
53.08,0.1,0.1,0.3,rest
53.1,0.1,0.1,0.3,rest
53.120000000000005,0.1,0.1,0.3,rest
53.14,0.1,0.1,0.3,rest
53.160000000000004,0.1,0.1,0.3,rest
53.18,0.1,0.1,0.3,rest
53.2,0.1,0.1,0.3,rest
53.22,0.1,0.1,0.3,rest
53.24,0.1,0.1,0.3,rest
53.26,0.1,0.1,0.3,rest
53.28,0.1,0.1,0.3,rest
53.300000000000004,0.1,0.1,0.3,rest
53.32,0.1,0.1,0.3,rest
53.34,0.1,0.1,0.3,rest
53.36,0.1,0.1,0.3,rest
53.38,0.1,0.1,0.3,rest
53.4,0.1,0.1,0.3,rest
53.42,0.1,0.1,0.3,rest
53.44,0.1,0.1,0.3,rest
53.46,0.1,0.1,0.3,rest
53.480000000000004,0.1,0.1,0.3,rest
53.5,0.1,0.1,0.3,rest
53.52,0.1,0.1,0.3,rest
53.54,0.1,0.1,0.3,rest
53.56,0.1,0.1,0.3,rest
53.58,0.1,0.1,0.3,rest
53.6,0.1,0.1,0.3,rest
53.620000000000005,0.1,0.1,0.3,rest
53.64,0.1,0.1,0.3,rest
53.660000000000004,0.1,0.1,0.3,rest
53.68,0.1,0.1,0.3,rest
53.7,0.1,0.1,0.3,rest
53.72,0.1,0.1,0.3,rest
53.74,0.1,0.1,0.3,rest
53.76,0.1,0.1,0.3,rest
53.78,0.1,0.1,0.3,rest
53.800000000000004,0.1,0.1,0.3,rest
53.82,0.1,0.1,0.3,rest
53.84,0.1,0.1,0.3,rest
53.86,0.1,0.1,0.3,rest
53.88,0.1,0.1,0.3,rest
53.9,0.1,0.1,0.3,rest
53.92,0.1,0.1,0.3,rest
53.94,0.1,0.1,0.3,rest
53.96,0.1,0.1,0.3,rest
53.980000000000004,0.1,0.1,0.3,rest
54.0,0.1,0.1,0.3,rest
54.02,0.1,0.1,0.3,rest
54.04,0.1,0.1,0.3,rest
54.06,0.1,0.1,0.3,rest
54.08,0.1,0.1,0.3,rest
54.1,0.1,0.1,0.3,rest
54.120000000000005,0.1,0.1,0.3,rest
54.14,0.1,0.1,0.3,rest
54.160000000000004,0.1,0.1,0.3,rest
54.18,0.1,0.1,0.3,rest
54.2,0.1,0.1,0.3,rest
54.22,0.1,0.1,0.3,rest
54.24,0.1,0.1,0.3,rest
54.26,0.1,0.1,0.3,rest
54.28,0.1,0.1,0.3,rest
54.300000000000004,0.1,0.1,0.3,rest
54.32,0.1,0.1,0.3,rest
54.34,0.1,0.1,0.3,rest
54.36,0.1,0.1,0.3,rest
54.38,0.1,0.1,0.3,rest
54.4,0.1,0.1,0.3,rest
54.42,0.1,0.1,0.3,rest
54.44,0.1,0.1,0.3,rest
54.46,0.1,0.1,0.3,rest
54.480000000000004,0.1,0.1,0.3,rest
54.5,0.1,0.1,0.3,rest
54.52,0.1,0.1,0.3,rest
54.54,0.1,0.1,0.3,rest
54.56,0.1,0.1,0.3,rest
54.58,0.1,0.1,0.3,rest
54.6,0.1,0.1,0.3,rest
54.620000000000005,0.1,0.1,0.3,rest
54.64,0.1,0.1,0.3,rest
54.660000000000004,0.1,0.1,0.3,rest
54.68,0.1,0.1,0.3,rest
54.7,0.1,0.1,0.3,rest
54.72,0.1,0.1,0.3,rest
54.74,0.1,0.1,0.3,rest
54.76,0.1,0.1,0.3,rest
54.78,0.1,0.1,0.3,rest
54.800000000000004,0.1,0.1,0.3,rest
54.82,0.1,0.1,0.3,rest
54.84,0.1,0.1,0.3,rest
54.86,0.1,0.1,0.3,rest
54.88,0.1,0.1,0.3,rest
54.9,0.1,0.1,0.3,rest
54.92,0.1,0.1,0.3,rest
54.94,0.1,0.1,0.3,rest
54.96,0.1,0.1,0.3,rest
54.980000000000004,0.1,0.1,0.3,rest
55.0,0.1,0.1,0.3,rest
55.02,0.1,0.1,0.3,rest
55.04,0.1,0.1,0.3,rest
55.06,0.1,0.1,0.3,rest
55.08,0.1,0.1,0.3,rest
55.1,0.1,0.1,0.3,rest
55.120000000000005,0.1,0.1,0.3,rest
55.14,0.1,0.1,0.3,rest
55.160000000000004,0.1,0.1,0.3,rest
55.18,0.1,0.1,0.3,rest
55.2,0.1,0.1,0.3,rest
55.22,0.1,0.1,0.3,rest
55.24,0.1,0.1,0.3,rest
55.26,0.1,0.1,0.3,rest
55.28,0.1,0.1,0.3,rest
55.300000000000004,0.1,0.1,0.3,rest
55.32,0.1,0.1,0.3,rest
55.34,0.1,0.1,0.3,rest
55.36,0.1,0.1,0.3,rest
55.38,0.1,0.1,0.3,rest
55.4,0.1,0.1,0.3,rest
55.42,0.1,0.1,0.3,rest
55.44,0.1,0.1,0.3,rest
55.46,0.1,0.1,0.3,rest
55.480000000000004,0.1,0.1,0.3,rest
55.5,0.1,0.1,0.3,rest
55.52,0.1,0.1,0.3,rest
55.54,0.1,0.1,0.3,rest
55.56,0.1,0.1,0.3,rest
55.58,0.1,0.1,0.3,rest
55.6,0.1,0.1,0.3,rest
55.620000000000005,0.1,0.1,0.3,rest
55.64,0.1,0.1,0.3,rest
55.660000000000004,0.1,0.1,0.3,rest
55.68,0.1,0.1,0.3,rest
55.7,0.1,0.1,0.3,rest
55.72,0.1,0.1,0.3,rest
55.74,0.1,0.1,0.3,rest
55.76,0.1,0.1,0.3,rest
55.78,0.1,0.1,0.3,rest
55.800000000000004,0.1,0.1,0.3,rest
55.82,0.1,0.1,0.3,rest
55.84,0.1,0.1,0.3,rest
55.86,0.1,0.1,0.3,rest
55.88,0.1,0.1,0.3,rest
55.9,0.1,0.1,0.3,rest
55.92,0.1,0.1,0.3,rest
55.94,0.1,0.1,0.3,rest
55.96,0.1,0.1,0.3,rest
55.980000000000004,0.1,0.1,0.3,rest
56.0,0.1,0.1,0.3,rest
56.02,0.1,0.1,0.3,rest
56.04,0.1,0.1,0.3,rest
56.06,0.1,0.1,0.3,rest
56.08,0.1,0.1,0.3,rest
56.1,0.1,0.1,0.3,rest
56.120000000000005,0.1,0.1,0.3,rest
56.14,0.1,0.1,0.3,rest
56.160000000000004,0.1,0.1,0.3,rest
56.18,0.1,0.1,0.3,rest
56.2,0.1,0.1,0.3,rest
56.22,0.1,0.1,0.3,rest
56.24,0.1,0.1,0.3,rest
56.26,0.1,0.1,0.3,rest
56.28,0.1,0.1,0.3,rest
56.300000000000004,0.1,0.1,0.3,rest
56.32,0.1,0.1,0.3,rest
56.34,0.1,0.1,0.3,rest
56.36,0.1,0.1,0.3,rest
56.38,0.1,0.1,0.3,rest
56.4,0.1,0.1,0.3,rest
56.42,0.1,0.1,0.3,rest
56.44,0.1,0.1,0.3,rest
56.46,0.1,0.1,0.3,rest
56.480000000000004,0.1,0.1,0.3,rest
56.5,0.1,0.1,0.3,rest
56.52,0.1,0.1,0.3,rest
56.54,0.1,0.1,0.3,rest
56.56,0.1,0.1,0.3,rest
56.58,0.1,0.1,0.3,rest
56.6,0.1,0.1,0.3,rest
56.620000000000005,0.1,0.1,0.3,rest
56.64,0.1,0.1,0.3,rest
56.660000000000004,0.1,0.1,0.3,rest
56.68,0.1,0.1,0.3,rest
56.7,0.1,0.1,0.3,A_f5:settle
56.72,0.10408163265306122,0.10306122448979592,0.3,A_f5:settle
56.74,0.10816326530612246,0.10612244897959185,0.3,A_f5:settle
56.76,0.11224489795918367,0.10918367346938776,0.3,A_f5:settle
56.78,0.1163265306122449,0.11224489795918367,0.3,A_f5:settle
56.800000000000004,0.12040816326530612,0.1153061224489796,0.3,A_f5:settle
56.82,0.12448979591836735,0.11836734693877551,0.3,A_f5:settle
56.84,0.12857142857142856,0.12142857142857143,0.3,A_f5:settle
56.86,0.1326530612244898,0.12448979591836735,0.3,A_f5:settle
56.88,0.13673469387755102,0.12755102040816327,0.3,A_f5:settle
56.9,0.14081632653061224,0.1306122448979592,0.3,A_f5:settle
56.92,0.14489795918367346,0.1336734693877551,0.3,A_f5:settle
56.94,0.1489795918367347,0.13673469387755102,0.3,A_f5:settle
56.96,0.15306122448979592,0.13979591836734695,0.3,A_f5:settle
56.980000000000004,0.15714285714285714,0.14285714285714285,0.3,A_f5:settle
57.0,0.16122448979591836,0.14591836734693878,0.3,A_f5:settle
57.02,0.16530612244897958,0.1489795918367347,0.3,A_f5:settle
57.04,0.16938775510204082,0.1520408163265306,0.3,A_f5:settle
57.06,0.17346938775510204,0.15510204081632653,0.3,A_f5:settle
57.08,0.17755102040816326,0.15816326530612246,0.3,A_f5:settle
57.1,0.18163265306122447,0.16122448979591836,0.3,A_f5:settle
57.120000000000005,0.18571428571428572,0.16428571428571428,0.3,A_f5:settle
57.14,0.18979591836734694,0.1673469387755102,0.3,A_f5:settle
57.160000000000004,0.19387755102040816,0.1704081632653061,0.3,A_f5:settle
57.18,0.19795918367346937,0.17346938775510204,0.3,A_f5:settle
57.2,0.2020408163265306,0.17653061224489797,0.3,A_f5:settle
57.22,0.2061224489795918,0.17959183673469387,0.3,A_f5:settle
57.24,0.21020408163265303,0.1826530612244898,0.3,A_f5:settle
57.26,0.21428571428571427,0.18571428571428572,0.3,A_f5:settle
57.28,0.21836734693877552,0.18877551020408162,0.3,A_f5:settle
57.300000000000004,0.2224489795918367,0.19183673469387752,0.3,A_f5:settle
57.32,0.22653061224489793,0.19489795918367347,0.3,A_f5:settle
57.34,0.23061224489795917,0.19795918367346937,0.3,A_f5:settle
57.36,0.2346938775510204,0.2010204081632653,0.3,A_f5:settle
57.38,0.23877551020408164,0.20408163265306123,0.3,A_f5:settle
57.4,0.24285714285714283,0.20714285714285713,0.3,A_f5:settle
57.42,0.24693877551020407,0.21020408163265306,0.3,A_f5:settle
57.44,0.2510204081632653,0.21326530612244898,0.3,A_f5:settle
57.46,0.2551020408163265,0.21632653061224488,0.3,A_f5:settle
57.480000000000004,0.25918367346938775,0.21938775510204078,0.3,A_f5:settle
57.5,0.2632653061224489,0.22244897959183674,0.3,A_f5:settle
57.52,0.2673469387755102,0.22551020408163264,0.3,A_f5:settle
57.54,0.2714285714285714,0.22857142857142856,0.3,A_f5:settle
57.56,0.2755102040816326,0.2316326530612245,0.3,A_f5:settle
57.58,0.27959183673469384,0.2346938775510204,0.3,A_f5:settle
57.6,0.28367346938775506,0.23775510204081632,0.3,A_f5:settle
57.620000000000005,0.28775510204081634,0.24081632653061225,0.3,A_f5:settle
57.64,0.2918367346938775,0.24387755102040815,0.3,A_f5:settle
57.660000000000004,0.29591836734693877,0.24693877551020407,0.3,A_f5:settle
57.68,0.3,0.25,0.3,A_f5:settle
57.7,0.3,0.25,0.3,A_f5
57.72,0.30034761467079535,0.25,0.3,A_f5
57.74,0.30224093919975076,0.25,0.3,A_f5
57.76,0.3050089898019842,0.25,0.3,A_f5
57.78,0.30545288319579833,0.25,0.3,A_f5
57.800000000000004,0.3,0.25,0.3,A_f5
57.82,0.2880518817217289,0.25,0.3,A_f5
57.84,0.27413772920986446,0.25,0.3,A_f5
57.86,0.2668908786506376,0.25,0.3,A_f5
57.88,0.274686115201576,0.25,0.3,A_f5
57.9,0.3,0.25,0.3,A_f5
57.92,0.33582339592678556,0.25,0.3,A_f5
57.94,0.3668504387651431,0.25,0.3,A_f5
57.96,0.3758080386791299,0.25,0.3,A_f5
57.980000000000004,0.3523443919170854,0.25,0.3,A_f5
58.0,0.30000000000000004,0.25,0.3,A_f5
58.02,0.23714609695455302,0.25,0.3,A_f5
58.04,0.1904506439050893,0.25,0.3,A_f5
58.06,0.18320379334586245,0.25,0.3,A_f5
58.08,0.22378033043440004,0.25,0.3,A_f5
58.1,0.29999999999999993,0.25,0.3,A_f5
58.120000000000005,0.38271490464807256,0.25,0.3,A_f5
58.14,0.4376494876422887,0.25,0.3,A_f5
58.160000000000004,0.44041753824452223,0.25,0.3,A_f5
58.18,0.3878201731730757,0.25,0.3,A_f5
58.2,0.3000000000000001,0.25,0.3,A_f5
58.22,0.2118322121561291,0.25,0.3,A_f5
58.24,0.15734152255572698,0.25,0.3,A_f5
58.26,0.15734152255572692,0.25,0.3,A_f5
58.28,0.21183221215612894,0.25,0.3,A_f5
58.300000000000004,0.2999999999999999,0.25,0.3,A_f5
58.32,0.38816778784387085,0.25,0.3,A_f5
58.34,0.442658477444273,0.25,0.3,A_f5
58.36,0.44265847744427306,0.25,0.3,A_f5
58.38,0.38816778784387107,0.25,0.3,A_f5
58.4,0.2999999999999996,0.25,0.3,A_f5
58.42,0.21183221215612913,0.25,0.3,A_f5
58.44,0.157341522555727,0.25,0.3,A_f5
58.46,0.15734152255572692,0.25,0.3,A_f5
58.480000000000004,0.2118322121561289,0.25,0.3,A_f5
58.5,0.2999999999999998,0.25,0.3,A_f5
58.52,0.38816778784387124,0.25,0.3,A_f5
58.54,0.442658477444273,0.25,0.3,A_f5
58.56,0.44265847744427306,0.25,0.3,A_f5
58.58,0.38816778784387107,0.25,0.3,A_f5
58.6,0.30000000000000016,0.25,0.3,A_f5
58.620000000000005,0.21183221215612916,0.25,0.3,A_f5
58.64,0.15734152255572684,0.25,0.3,A_f5
58.660000000000004,0.1573415225557269,0.25,0.3,A_f5
58.68,0.21183221215612885,0.25,0.3,A_f5
58.7,0.2999999999999998,0.25,0.3,A_f5
58.72,0.38816778784387124,0.25,0.3,A_f5
58.74,0.442658477444273,0.25,0.3,A_f5
58.76,0.4426584774442729,0.25,0.3,A_f5
58.78,0.3881677878438711,0.25,0.3,A_f5
58.800000000000004,0.29999999999999966,0.25,0.3,A_f5
58.82,0.21183221215612918,0.25,0.3,A_f5
58.84,0.15734152255572686,0.25,0.3,A_f5
58.86,0.1573415225557269,0.25,0.3,A_f5
58.88,0.2118322121561284,0.25,0.3,A_f5
58.9,0.29999999999999977,0.25,0.3,A_f5
58.92,0.38816778784387035,0.25,0.3,A_f5
58.94,0.44265847744427295,0.25,0.3,A_f5
58.96,0.4426584774442729,0.25,0.3,A_f5
58.980000000000004,0.3881677878438711,0.25,0.3,A_f5
59.0,0.2999999999999997,0.25,0.3,A_f5
59.02,0.21183221215612924,0.25,0.3,A_f5
59.04,0.15734152255572686,0.25,0.3,A_f5
59.06,0.1573415225557269,0.25,0.3,A_f5
59.08,0.21183221215612924,0.25,0.3,A_f5
59.1,0.3000000000000008,0.25,0.3,A_f5
59.120000000000005,0.3881677878438703,0.25,0.3,A_f5
59.14,0.4426584774442729,0.25,0.3,A_f5
59.160000000000004,0.4426584774442732,0.25,0.3,A_f5
59.18,0.3881677878438712,0.25,0.3,A_f5
59.2,0.3000000000000008,0.25,0.3,A_f5
59.22,0.21183221215612924,0.25,0.3,A_f5
59.24,0.1573415225557269,0.25,0.3,A_f5
59.26,0.15734152255572686,0.25,0.3,A_f5
59.28,0.21183221215612924,0.25,0.3,A_f5
59.300000000000004,0.2999999999999997,0.25,0.3,A_f5
59.32,0.3881677878438711,0.25,0.3,A_f5
59.34,0.4426584774442732,0.25,0.3,A_f5
59.36,0.44265847744427295,0.25,0.3,A_f5
59.38,0.3881677878438712,0.25,0.3,A_f5
59.4,0.3000000000000008,0.25,0.3,A_f5
59.42,0.2118322121561293,0.25,0.3,A_f5
59.44,0.15734152255572723,0.25,0.3,A_f5
59.46,0.15734152255572686,0.25,0.3,A_f5
59.480000000000004,0.21183221215612918,0.25,0.3,A_f5
59.5,0.29999999999999966,0.25,0.3,A_f5
59.52,0.3881677878438711,0.25,0.3,A_f5
59.54,0.4426584774442729,0.25,0.3,A_f5
59.56,0.442658477444273,0.25,0.3,A_f5
59.58,0.3881677878438704,0.25,0.3,A_f5
59.6,0.2999999999999998,0.25,0.3,A_f5
59.620000000000005,0.2118322121561293,0.25,0.3,A_f5
59.64,0.15734152255572723,0.25,0.3,A_f5
59.660000000000004,0.15734152255572684,0.25,0.3,A_f5
59.68,0.2118322121561283,0.25,0.3,A_f5
59.7,0.2999999999999996,0.25,0.3,A_f5
59.72,0.38816778784387107,0.25,0.3,A_f5
59.74,0.4426584774442732,0.25,0.3,A_f5
59.76,0.44265847744427333,0.25,0.3,A_f5
59.78,0.38816778784387124,0.25,0.3,A_f5
59.800000000000004,0.2999999999999998,0.25,0.3,A_f5
59.82,0.21183221215612846,0.25,0.3,A_f5
59.84,0.1573415225557266,0.25,0.3,A_f5
59.86,0.15734152255572684,0.25,0.3,A_f5
59.88,0.21183221215612913,0.25,0.3,A_f5
59.9,0.30000000000000066,0.25,0.3,A_f5
59.92,0.3881677878438719,0.25,0.3,A_f5
59.94,0.4426584774442729,0.25,0.3,A_f5
59.96,0.442658477444273,0.25,0.3,A_f5
59.980000000000004,0.3881677878438704,0.25,0.3,A_f5
60.0,0.2999999999999988,0.25,0.3,A_f5
60.02,0.21183221215612935,0.25,0.3,A_f5
60.04,0.1573415225557276,0.25,0.3,A_f5
60.06,0.1573415225557265,0.25,0.3,A_f5
60.08,0.21183221215612824,0.25,0.3,A_f5
60.1,0.29999999999999954,0.25,0.3,A_f5
60.120000000000005,0.388167787843871,0.25,0.3,A_f5
60.14,0.44265847744427256,0.25,0.3,A_f5
60.160000000000004,0.44265847744427333,0.25,0.3,A_f5
60.18,0.3881677878438713,0.25,0.3,A_f5
60.2,0.29999999999999993,0.25,0.3,A_f5
60.22,0.21183221215612852,0.25,0.3,A_f5
60.24,0.15734152255572725,0.25,0.3,A_f5
60.26,0.1573415225557268,0.25,0.3,A_f5
60.28,0.21183221215612907,0.25,0.3,A_f5
60.300000000000004,0.3000000000000006,0.25,0.3,A_f5
60.32,0.3881677878438701,0.25,0.3,A_f5
60.34,0.4426584774442729,0.25,0.3,A_f5
60.36,0.442658477444273,0.25,0.3,A_f5
60.38,0.3881677878438705,0.25,0.3,A_f5
60.4,0.2999999999999989,0.25,0.3,A_f5
60.42,0.2118322121561294,0.25,0.3,A_f5
60.44,0.15734152255572695,0.25,0.3,A_f5
60.46,0.15734152255572714,0.25,0.3,A_f5
60.480000000000004,0.2118322121561299,0.25,0.3,A_f5
60.5,0.3000000000000016,0.25,0.3,A_f5
60.52,0.38816778784386924,0.25,0.3,A_f5
60.54,0.44265847744427256,0.25,0.3,A_f5
60.56,0.44265847744427333,0.25,0.3,A_f5
60.58,0.3881677878438714,0.25,0.3,A_f5
60.6,0.3,0.25,0.3,A_f5
60.620000000000005,0.21183221215613032,0.25,0.3,A_f5
60.64,0.1573415225557273,0.25,0.3,A_f5
60.660000000000004,0.1573415225557268,0.25,0.3,A_f5
60.68,0.21183221215612902,0.25,0.3,A_f5
60.7,0.2999999999999984,0.25,0.3,A_f5
60.72,0.38816778784387007,0.25,0.3,A_f5
60.74,0.44265847744427284,0.25,0.3,A_f5
60.76,0.442658477444273,0.25,0.3,A_f5
60.78,0.38816778784387057,0.25,0.3,A_f5
60.800000000000004,0.3000000000000011,0.25,0.3,A_f5
60.82,0.2118322121561295,0.25,0.3,A_f5
60.84,0.15734152255572698,0.25,0.3,A_f5
60.86,0.15734152255572711,0.25,0.3,A_f5
60.88,0.21183221215612985,0.25,0.3,A_f5
60.9,0.2999999999999994,0.25,0.3,A_f5
60.92,0.3881677878438709,0.25,0.3,A_f5
60.94,0.44265847744427317,0.25,0.3,A_f5
60.96,0.4426584774442727,0.25,0.3,A_f5
60.980000000000004,0.38816778784386974,0.25,0.3,A_f5
61.0,0.30000000000000004,0.25,0.3,A_f5
61.02,0.21183221215612866,0.25,0.3,A_f5
61.04,0.1573415225557273,0.25,0.3,A_f5
61.06,0.15734152255572675,0.25,0.3,A_f5
61.08,0.21183221215612896,0.25,0.3,A_f5
61.1,0.2999999999999983,0.25,0.3,A_f5
61.120000000000005,0.38816778784387,0.25,0.3,A_f5
61.14,0.44265847744427284,0.25,0.3,A_f5
61.160000000000004,0.44265847744427306,0.25,0.3,A_f5
61.18,0.38816778784387235,0.25,0.3,A_f5
61.2,0.30000000000000115,0.25,0.3,A_f5
61.22,0.21183221215612957,0.25,0.3,A_f5
61.24,0.157341522555727,0.25,0.3,A_f5
61.26,0.1573415225557271,0.25,0.3,A_f5
61.28,0.21183221215612807,0.25,0.3,A_f5
61.300000000000004,0.2999999999999993,0.25,0.3,A_f5
61.32,0.38816778784387085,0.25,0.3,A_f5
61.34,0.4426584774442731,0.25,0.3,A_f5
61.36,0.4426584774442727,0.25,0.3,A_f5
61.38,0.3881677878438715,0.25,0.3,A_f5
61.4,0.30000000000000016,0.25,0.3,A_f5
61.42,0.21183221215612874,0.25,0.3,A_f5
61.44,0.15734152255572667,0.25,0.3,A_f5
61.46,0.1573415225557274,0.25,0.3,A_f5
61.480000000000004,0.2118322121561289,0.25,0.3,A_f5
61.5,0.3000000000000004,0.25,0.3,A_f5
61.52,0.3881677878438717,0.25,0.3,A_f5
61.54,0.4426584774442728,0.25,0.3,A_f5
61.56,0.4426584774442737,0.25,0.3,A_f5
61.58,0.3881677878438724,0.25,0.3,A_f5
61.6,0.30000000000000127,0.25,0.3,A_f5
61.620000000000005,0.2118322121561296,0.25,0.3,A_f5
61.64,0.157341522555727,0.25,0.3,A_f5
61.660000000000004,0.1573415225557264,0.25,0.3,A_f5
61.68,0.21183221215612802,0.25,0.3,A_f5
61.7,0.29999999999999927,0.25,0.3,A_f5
61.72,0.3881677878438725,0.25,0.3,A_f5
61.74,0.4426584774442731,0.25,0.3,A_f5
61.76,0.4426584774442728,0.25,0.3,A_f5
61.78,0.38816778784386985,0.25,0.3,A_f5
61.800000000000004,0.3000000000000023,0.25,0.3,A_f5
61.82,0.21183221215613052,0.25,0.3,A_f5
61.84,0.15734152255572736,0.25,0.3,A_f5
61.86,0.15734152255572673,0.25,0.3,A_f5
61.88,0.21183221215612885,0.25,0.3,A_f5
61.9,0.30000000000000027,0.25,0.3,A_f5
61.92,0.3881677878438682,0.25,0.3,A_f5
61.940000000000005,0.44265847744427345,0.25,0.3,A_f5
61.96,0.4426584774442738,0.25,0.3,A_f5
61.980000000000004,0.388167787843869,0.25,0.3,A_f5
62.0,0.3000000000000013,0.25,0.3,A_f5
62.02,0.21183221215612968,0.25,0.3,A_f5
62.04,0.15734152255572706,0.25,0.3,A_f5
62.06,0.15734152255572706,0.25,0.3,A_f5
62.08,0.21183221215612968,0.25,0.3,A_f5
62.1,0.3000000000000013,0.25,0.3,A_f5
62.120000000000005,0.388167787843869,0.25,0.3,A_f5
62.14,0.4426584774442738,0.25,0.3,A_f5
62.160000000000004,0.44265847744427345,0.25,0.3,A_f5
62.18,0.3881677878438716,0.25,0.3,A_f5
62.2,0.30000000000000027,0.25,0.3,A_f5
62.22,0.21183221215612885,0.25,0.3,A_f5
62.24,0.15734152255572673,0.25,0.3,A_f5
62.26,0.15734152255572736,0.25,0.3,A_f5
62.28,0.21183221215612708,0.25,0.3,A_f5
62.300000000000004,0.3000000000000023,0.25,0.3,A_f5
62.32,0.38816778784386985,0.25,0.3,A_f5
62.34,0.4426584774442728,0.25,0.3,A_f5
62.36,0.4426584774442731,0.25,0.3,A_f5
62.38,0.38816778784387423,0.25,0.3,A_f5
62.4,0.29999999999999927,0.25,0.3,A_f5
62.42,0.21183221215613146,0.25,0.3,A_f5
62.440000000000005,0.1573415225557264,0.25,0.3,A_f5
62.46,0.15734152255572637,0.25,0.3,A_f5
62.480000000000004,0.2118322121561279,0.25,0.3,A_f5
62.5,0.2999999999999991,0.25,0.3,A_f5
62.52,0.3881677878438707,0.25,0.3,A_f5
62.54,0.4426584774442731,0.25,0.3,A_f5
62.56,0.4426584774442728,0.25,0.3,A_f5
62.58,0.3881677878438734,0.25,0.3,A_f5
62.6,0.2999999999999982,0.25,0.3,A_f5
62.620000000000005,0.21183221215613063,0.25,0.3,A_f5
62.64,0.1573415225557261,0.25,0.3,A_f5
62.660000000000004,0.15734152255572667,0.25,0.3,A_f5
62.68,0.21183221215612874,0.25,0.3,A_f5
62.7,0.30000000000000016,0.25,0.3,A_f5
62.72,0.3881677878438715,0.25,0.3,A_f5
62.74,0.4426584774442734,0.25,0.3,A_f5
62.76,0.44265847744427245,0.25,0.3,A_f5
62.78,0.38816778784387257,0.25,0.3,A_f5
62.800000000000004,0.2999999999999972,0.25,0.3,A_f5
62.82,0.2118322121561298,0.25,0.3,A_f5
62.84,0.1573415225557271,0.25,0.3,A_f5
62.86,0.157341522555727,0.25,0.3,A_f5
62.88,0.21183221215612608,0.25,0.3,A_f5
62.9,0.30000000000000115,0.25,0.3,A_f5
62.92,0.3881677878438689,0.25,0.3,A_f5
62.940000000000005,0.4426584774442724,0.25,0.3,A_f5
62.96,0.44265847744427345,0.25,0.3,A_f5
62.980000000000004,0.38816778784387174,0.25,0.3,A_f5
63.0,0.30000000000000043,0.25,0.3,A_f5
63.02,0.21183221215612896,0.25,0.3,A_f5
63.04,0.15734152255572809,0.25,0.3,A_f5
63.06,0.1573415225557273,0.25,0.3,A_f5
63.08,0.2118322121561269,0.25,0.3,A_f5
63.1,0.3000000000000022,0.25,0.3,A_f5
63.120000000000005,0.38816778784386974,0.25,0.3,A_f5
63.14,0.4426584774442727,0.25,0.3,A_f5
63.160000000000004,0.44265847744427317,0.25,0.3,A_f5
63.18,0.3881677878438709,0.25,0.3,A_f5
63.2,0.2999999999999994,0.25,0.3,A_f5
63.22,0.2132171887482961,0.25,0.3,A_f5
63.24,0.16235051235771197,0.25,0.3,A_f5
63.26,0.16616447290321248,0.25,0.3,A_f5
63.28,0.2202514867169951,0.25,0.3,A_f5
63.300000000000004,0.30000000000000276,0.25,0.3,A_f5
63.32,0.3721840254693133,0.25,0.3,A_f5
63.34,0.40954935609490967,0.25,0.3,A_f5
63.36,0.40169975145312364,0.25,0.3,A_f5
63.38,0.3577065663220376,0.25,0.3,A_f5
63.4,0.29999999999999905,0.25,0.3,A_f5
63.42,0.25314805547583197,0.25,0.3,A_f5
63.440000000000005,0.23314956123485708,0.25,0.3,A_f5
63.46,0.24203652779801627,0.25,0.3,A_f5
63.480000000000004,0.2695387784781649,0.25,0.3,A_f5
63.5,0.3,0.25,0.3,A_f5
63.52,0.3204625623315508,0.25,0.3,A_f5
63.54,0.32586227079013536,0.25,0.3,A_f5
63.56,0.3193324614758464,0.25,0.3,A_f5
63.58,0.3084192745608674,0.25,0.3,A_f5
63.6,0.2999999999999998,0.25,0.3,A_f5
63.620000000000005,0.2969042740530722,0.25,0.3,A_f5
63.64,0.2977590608002492,0.25,0.3,A_f5
63.660000000000004,0.29943754764766506,0.25,0.3,A_f5
63.68,0.3,0.25,0.3,A_f5
63.7,0.3,0.25,0.3,A_f5:tail
63.72,0.3,0.25,0.3,A_f5:tail
63.74,0.3,0.25,0.3,A_f5:tail
63.76,0.3,0.25,0.3,A_f5:tail
63.78,0.3,0.25,0.3,A_f5:tail
63.800000000000004,0.3,0.25,0.3,A_f5:tail
63.82,0.3,0.25,0.3,A_f5:tail
63.84,0.3,0.25,0.3,A_f5:tail
63.86,0.3,0.25,0.3,A_f5:tail
63.88,0.3,0.25,0.3,A_f5:tail
63.9,0.3,0.25,0.3,A_f5:tail
63.92,0.3,0.25,0.3,A_f5:tail
63.940000000000005,0.3,0.25,0.3,A_f5:tail
63.96,0.3,0.25,0.3,A_f5:tail
63.980000000000004,0.3,0.25,0.3,A_f5:tail
64.0,0.3,0.25,0.3,A_f5:tail
64.02,0.3,0.25,0.3,A_f5:tail
64.04,0.3,0.25,0.3,A_f5:tail
64.06,0.3,0.25,0.3,A_f5:tail
64.08,0.3,0.25,0.3,A_f5:tail
64.1,0.3,0.25,0.3,A_f5:tail
64.12,0.3,0.25,0.3,A_f5:tail
64.14,0.3,0.25,0.3,A_f5:tail
64.16,0.3,0.25,0.3,A_f5:tail
64.18,0.3,0.25,0.3,A_f5:tail
64.2,0.29,0.2425,0.3,rest:down
64.22,0.27999999999999997,0.235,0.3,rest:down
64.24,0.27,0.2275,0.3,rest:down
64.26,0.26,0.22,0.3,rest:down
64.28,0.25,0.2125,0.3,rest:down
64.3,0.24,0.20500000000000002,0.3,rest:down
64.32000000000001,0.22999999999999998,0.1975,0.3,rest:down
64.34,0.22,0.19,0.3,rest:down
64.36,0.21000000000000002,0.1825,0.3,rest:down
64.38,0.2,0.175,0.3,rest:down
64.4,0.19,0.1675,0.3,rest:down
64.42,0.18,0.16,0.3,rest:down
64.44,0.17,0.1525,0.3,rest:down
64.46000000000001,0.16,0.14500000000000002,0.3,rest:down
64.48,0.15000000000000002,0.1375,0.3,rest:down
64.5,0.14,0.13,0.3,rest:down
64.52,0.13,0.1225,0.3,rest:down
64.54,0.12000000000000002,0.11499999999999999,0.3,rest:down
64.56,0.11000000000000001,0.10750000000000001,0.3,rest:down
64.58,0.1,0.1,0.3,rest:down
64.6,0.1,0.1,0.3,rest
64.62,0.1,0.1,0.3,rest
64.64,0.1,0.1,0.3,rest
64.66,0.1,0.1,0.3,rest
64.68,0.1,0.1,0.3,rest
64.7,0.1,0.1,0.3,rest
64.72,0.1,0.1,0.3,rest
64.74,0.1,0.1,0.3,rest
64.76,0.1,0.1,0.3,rest
64.78,0.1,0.1,0.3,rest
64.8,0.1,0.1,0.3,rest
64.82000000000001,0.1,0.1,0.3,rest
64.84,0.1,0.1,0.3,rest
64.86,0.1,0.1,0.3,rest
64.88,0.1,0.1,0.3,rest
64.9,0.1,0.1,0.3,rest
64.92,0.1,0.1,0.3,rest
64.94,0.1,0.1,0.3,rest
64.96000000000001,0.1,0.1,0.3,rest
64.98,0.1,0.1,0.3,rest
65.0,0.1,0.1,0.3,rest
65.02,0.1,0.1,0.3,rest
65.04,0.1,0.1,0.3,rest
65.06,0.1,0.1,0.3,rest
65.08,0.1,0.1,0.3,rest
65.1,0.1,0.1,0.3,rest
65.12,0.1,0.1,0.3,rest
65.14,0.1,0.1,0.3,rest
65.16,0.1,0.1,0.3,rest
65.18,0.1,0.1,0.3,rest
65.2,0.1,0.1,0.3,rest
65.22,0.1,0.1,0.3,rest
65.24,0.1,0.1,0.3,rest
65.26,0.1,0.1,0.3,rest
65.28,0.1,0.1,0.3,rest
65.3,0.1,0.1,0.3,rest
65.32000000000001,0.1,0.1,0.3,rest
65.34,0.1,0.1,0.3,rest
65.36,0.1,0.1,0.3,rest
65.38,0.1,0.1,0.3,rest
65.4,0.1,0.1,0.3,rest
65.42,0.1,0.1,0.3,rest
65.44,0.1,0.1,0.3,rest
65.46000000000001,0.1,0.1,0.3,rest
65.48,0.1,0.1,0.3,rest
65.5,0.1,0.1,0.3,rest
65.52,0.1,0.1,0.3,rest
65.54,0.1,0.1,0.3,rest
65.56,0.1,0.1,0.3,rest
65.58,0.1,0.1,0.3,rest
65.6,0.1,0.1,0.3,rest
65.62,0.1,0.1,0.3,rest
65.64,0.1,0.1,0.3,rest
65.66,0.1,0.1,0.3,rest
65.68,0.1,0.1,0.3,rest
65.7,0.1,0.1,0.3,rest
65.72,0.1,0.1,0.3,rest
65.74,0.1,0.1,0.3,rest
65.76,0.1,0.1,0.3,rest
65.78,0.1,0.1,0.3,rest
65.8,0.1,0.1,0.3,rest
65.82000000000001,0.1,0.1,0.3,rest
65.84,0.1,0.1,0.3,rest
65.86,0.1,0.1,0.3,rest
65.88,0.1,0.1,0.3,rest
65.9,0.1,0.1,0.3,rest
65.92,0.1,0.1,0.3,rest
65.94,0.1,0.1,0.3,rest
65.96000000000001,0.1,0.1,0.3,rest
65.98,0.1,0.1,0.3,rest
66.0,0.1,0.1,0.3,rest
66.02,0.1,0.1,0.3,rest
66.04,0.1,0.1,0.3,rest
66.06,0.1,0.1,0.3,rest
66.08,0.1,0.1,0.3,rest
66.1,0.1,0.1,0.3,rest
66.12,0.1,0.1,0.3,rest
66.14,0.1,0.1,0.3,rest
66.16,0.1,0.1,0.3,rest
66.18,0.1,0.1,0.3,rest
66.2,0.1,0.1,0.3,rest
66.22,0.1,0.1,0.3,rest
66.24,0.1,0.1,0.3,rest
66.26,0.1,0.1,0.3,rest
66.28,0.1,0.1,0.3,rest
66.3,0.1,0.1,0.3,rest
66.32000000000001,0.1,0.1,0.3,rest
66.34,0.1,0.1,0.3,rest
66.36,0.1,0.1,0.3,rest
66.38,0.1,0.1,0.3,rest
66.4,0.1,0.1,0.3,rest
66.42,0.1,0.1,0.3,rest
66.44,0.1,0.1,0.3,rest
66.46000000000001,0.1,0.1,0.3,rest
66.48,0.1,0.1,0.3,rest
66.5,0.1,0.1,0.3,rest
66.52,0.1,0.1,0.3,rest
66.54,0.1,0.1,0.3,rest
66.56,0.1,0.1,0.3,rest
66.58,0.1,0.1,0.3,rest
66.6,0.1,0.1,0.3,rest
66.62,0.1,0.1,0.3,rest
66.64,0.1,0.1,0.3,rest
66.66,0.1,0.1,0.3,rest
66.68,0.1,0.1,0.3,rest
66.7,0.1,0.1,0.3,rest
66.72,0.1,0.1,0.3,rest
66.74,0.1,0.1,0.3,rest
66.76,0.1,0.1,0.3,rest
66.78,0.1,0.1,0.3,rest
66.8,0.1,0.1,0.3,rest
66.82000000000001,0.1,0.1,0.3,rest
66.84,0.1,0.1,0.3,rest
66.86,0.1,0.1,0.3,rest
66.88,0.1,0.1,0.3,rest
66.9,0.1,0.1,0.3,rest
66.92,0.1,0.1,0.3,rest
66.94,0.1,0.1,0.3,rest
66.96000000000001,0.1,0.1,0.3,rest
66.98,0.1,0.1,0.3,rest
67.0,0.1,0.1,0.3,rest
67.02,0.1,0.1,0.3,rest
67.04,0.1,0.1,0.3,rest
67.06,0.1,0.1,0.3,rest
67.08,0.1,0.1,0.3,rest
67.1,0.1,0.1,0.3,rest
67.12,0.1,0.1,0.3,rest
67.14,0.1,0.1,0.3,rest
67.16,0.1,0.1,0.3,rest
67.18,0.1,0.1,0.3,rest
67.2,0.1,0.1,0.3,rest
67.22,0.1,0.1,0.3,rest
67.24,0.1,0.1,0.3,rest
67.26,0.1,0.1,0.3,rest
67.28,0.1,0.1,0.3,rest
67.3,0.1,0.1,0.3,rest
67.32000000000001,0.1,0.1,0.3,rest
67.34,0.1,0.1,0.3,rest
67.36,0.1,0.1,0.3,rest
67.38,0.1,0.1,0.3,rest
67.4,0.1,0.1,0.3,rest
67.42,0.1,0.1,0.3,rest
67.44,0.1,0.1,0.3,rest
67.46000000000001,0.1,0.1,0.3,rest
67.48,0.1,0.1,0.3,rest
67.5,0.1,0.1,0.3,rest
67.52,0.1,0.1,0.3,rest
67.54,0.1,0.1,0.3,rest
67.56,0.1,0.1,0.3,rest
67.58,0.1,0.1,0.3,rest
67.6,0.1,0.1,0.3,rest
67.62,0.1,0.1,0.3,rest
67.64,0.1,0.1,0.3,rest
67.66,0.1,0.1,0.3,rest
67.68,0.1,0.1,0.3,rest
67.7,0.1,0.1,0.3,rest
67.72,0.1,0.1,0.3,rest
67.74,0.1,0.1,0.3,rest
67.76,0.1,0.1,0.3,rest
67.78,0.1,0.1,0.3,rest
67.8,0.1,0.1,0.3,rest
67.82000000000001,0.1,0.1,0.3,rest
67.84,0.1,0.1,0.3,rest
67.86,0.1,0.1,0.3,rest
67.88,0.1,0.1,0.3,rest
67.9,0.1,0.1,0.3,rest
67.92,0.1,0.1,0.3,rest
67.94,0.1,0.1,0.3,rest
67.96000000000001,0.1,0.1,0.3,rest
67.98,0.1,0.1,0.3,rest
68.0,0.1,0.1,0.3,rest
68.02,0.1,0.1,0.3,rest
68.04,0.1,0.1,0.3,rest
68.06,0.1,0.1,0.3,rest
68.08,0.1,0.1,0.3,rest
68.1,0.1,0.1,0.3,rest
68.12,0.1,0.1,0.3,rest
68.14,0.1,0.1,0.3,rest
68.16,0.1,0.1,0.3,rest
68.18,0.1,0.1,0.3,rest
68.2,0.1,0.1,0.3,rest
68.22,0.1,0.1,0.3,rest
68.24,0.1,0.1,0.3,rest
68.26,0.1,0.1,0.3,rest
68.28,0.1,0.1,0.3,rest
68.3,0.1,0.1,0.3,rest
68.32000000000001,0.1,0.1,0.3,rest
68.34,0.1,0.1,0.3,rest
68.36,0.1,0.1,0.3,rest
68.38,0.1,0.1,0.3,rest
68.4,0.1,0.1,0.3,rest
68.42,0.1,0.1,0.3,rest
68.44,0.1,0.1,0.3,rest
68.46000000000001,0.1,0.1,0.3,rest
68.48,0.1,0.1,0.3,rest
68.5,0.1,0.1,0.3,rest
68.52,0.1,0.1,0.3,rest
68.54,0.1,0.1,0.3,rest
68.56,0.1,0.1,0.3,rest
68.58,0.1,0.1,0.3,rest
68.60000000000001,0.1,0.1,0.3,rest
68.62,0.1,0.1,0.3,rest
68.64,0.1,0.1,0.3,rest
68.66,0.1,0.1,0.3,rest
68.68,0.1,0.1,0.3,rest
68.7,0.1,0.1,0.3,rest
68.72,0.1,0.1,0.3,rest
68.74,0.1,0.1,0.3,rest
68.76,0.1,0.1,0.3,rest
68.78,0.1,0.1,0.3,rest
68.8,0.1,0.1,0.3,rest
68.82000000000001,0.1,0.1,0.3,rest
68.84,0.1,0.1,0.3,rest
68.86,0.1,0.1,0.3,rest
68.88,0.1,0.1,0.3,rest
68.9,0.1,0.1,0.3,rest
68.92,0.1,0.1,0.3,rest
68.94,0.1,0.1,0.3,rest
68.96000000000001,0.1,0.1,0.3,rest
68.98,0.1,0.1,0.3,rest
69.0,0.1,0.1,0.3,rest
69.02,0.1,0.1,0.3,rest
69.04,0.1,0.1,0.3,rest
69.06,0.1,0.1,0.3,rest
69.08,0.1,0.1,0.3,rest
69.10000000000001,0.1,0.1,0.3,rest
69.12,0.1,0.1,0.3,rest
69.14,0.1,0.1,0.3,rest
69.16,0.1,0.1,0.3,rest
69.18,0.1,0.1,0.3,rest
69.2,0.1,0.1,0.3,rest
69.22,0.1,0.1,0.3,rest
69.24,0.1,0.1,0.3,rest
69.26,0.1,0.1,0.3,rest
69.28,0.1,0.1,0.3,rest
69.3,0.1,0.1,0.3,rest
69.32000000000001,0.1,0.1,0.3,rest
69.34,0.1,0.1,0.3,rest
69.36,0.1,0.1,0.3,rest
69.38,0.1,0.1,0.3,rest
69.4,0.1,0.1,0.3,rest
69.42,0.1,0.1,0.3,rest
69.44,0.1,0.1,0.3,rest
69.46000000000001,0.1,0.1,0.3,rest
69.48,0.1,0.1,0.3,rest
69.5,0.1,0.1,0.3,rest
69.52,0.1,0.1,0.3,rest
69.54,0.1,0.1,0.3,rest
69.56,0.1,0.1,0.3,rest
69.58,0.1,0.1,0.3,rest
69.60000000000001,0.1,0.1,0.3,rest
69.62,0.1,0.1,0.3,rest
69.64,0.1,0.1,0.3,rest
69.66,0.1,0.1,0.3,rest
69.68,0.1,0.1,0.3,rest
69.7,0.1,0.1,0.3,rest
69.72,0.1,0.1,0.3,rest
69.74,0.1,0.1,0.3,rest
69.76,0.1,0.1,0.3,rest
69.78,0.1,0.1,0.3,rest
69.8,0.1,0.1,0.3,rest
69.82000000000001,0.1,0.1,0.3,rest
69.84,0.1,0.1,0.3,rest
69.86,0.1,0.1,0.3,rest
69.88,0.1,0.1,0.3,rest
69.9,0.1,0.1,0.3,rest
69.92,0.1,0.1,0.3,rest
69.94,0.1,0.1,0.3,rest
69.96000000000001,0.1,0.1,0.3,rest
69.98,0.1,0.1,0.3,rest
70.0,0.1,0.1,0.3,rest
70.02,0.1,0.1,0.3,rest
70.04,0.1,0.1,0.3,rest
70.06,0.1,0.1,0.3,rest
70.08,0.1,0.1,0.3,rest
70.10000000000001,0.1,0.1,0.3,rest
70.12,0.1,0.1,0.3,rest
70.14,0.1,0.1,0.3,rest
70.16,0.1,0.1,0.3,rest
70.18,0.1,0.1,0.3,rest
70.2,0.1,0.1,0.3,rest
70.22,0.1,0.1,0.3,rest
70.24,0.1,0.1,0.3,rest
70.26,0.1,0.1,0.3,rest
70.28,0.1,0.1,0.3,rest
70.3,0.1,0.1,0.3,rest
70.32000000000001,0.1,0.1,0.3,rest
70.34,0.1,0.1,0.3,rest
70.36,0.1,0.1,0.3,rest
70.38,0.1,0.1,0.3,rest
70.4,0.1,0.1,0.3,rest
70.42,0.1,0.1,0.3,rest
70.44,0.1,0.1,0.3,rest
70.46000000000001,0.1,0.1,0.3,rest
70.48,0.1,0.1,0.3,rest
70.5,0.1,0.1,0.3,rest
70.52,0.1,0.1,0.3,rest
70.54,0.1,0.1,0.3,rest
70.56,0.1,0.1,0.3,rest
70.58,0.1,0.1,0.3,rest
70.60000000000001,0.1,0.1,0.3,rest
70.62,0.1,0.1,0.3,rest
70.64,0.1,0.1,0.3,rest
70.66,0.1,0.1,0.3,rest
70.68,0.1,0.1,0.3,rest
70.7,0.1,0.1,0.3,rest
70.72,0.1,0.1,0.3,rest
70.74,0.1,0.1,0.3,rest
70.76,0.1,0.1,0.3,rest
70.78,0.1,0.1,0.3,rest
70.8,0.1,0.1,0.3,rest
70.82000000000001,0.1,0.1,0.3,rest
70.84,0.1,0.1,0.3,rest
70.86,0.1,0.1,0.3,rest
70.88,0.1,0.1,0.3,rest
70.9,0.1,0.1,0.3,rest
70.92,0.1,0.1,0.3,rest
70.94,0.1,0.1,0.3,rest
70.96000000000001,0.1,0.1,0.3,rest
70.98,0.1,0.1,0.3,rest
71.0,0.1,0.1,0.3,rest
71.02,0.1,0.1,0.3,rest
71.04,0.1,0.1,0.3,rest
71.06,0.1,0.1,0.3,rest
71.08,0.1,0.1,0.3,rest
71.10000000000001,0.1,0.1,0.3,rest
71.12,0.1,0.1,0.3,rest
71.14,0.1,0.1,0.3,rest
71.16,0.1,0.1,0.3,rest
71.18,0.1,0.1,0.3,rest
71.2,0.1,0.1,0.3,rest
71.22,0.1,0.1,0.3,rest
71.24,0.1,0.1,0.3,rest
71.26,0.1,0.1,0.3,rest
71.28,0.1,0.1,0.3,rest
71.3,0.1,0.1,0.3,rest
71.32000000000001,0.1,0.1,0.3,rest
71.34,0.1,0.1,0.3,rest
71.36,0.1,0.1,0.3,rest
71.38,0.1,0.1,0.3,rest
71.4,0.1,0.1,0.3,rest
71.42,0.1,0.1,0.3,rest
71.44,0.1,0.1,0.3,rest
71.46000000000001,0.1,0.1,0.3,rest
71.48,0.1,0.1,0.3,rest
71.5,0.1,0.1,0.3,rest
71.52,0.1,0.1,0.3,rest
71.54,0.1,0.1,0.3,rest
71.56,0.1,0.1,0.3,rest
71.58,0.1,0.1,0.3,rest
71.60000000000001,0.1,0.1,0.3,rest
71.62,0.1,0.1,0.3,rest
71.64,0.1,0.1,0.3,rest
71.66,0.1,0.1,0.3,rest
71.68,0.1,0.1,0.3,rest
71.7,0.1,0.1,0.3,rest
71.72,0.1,0.1,0.3,rest
71.74,0.1,0.1,0.3,rest
71.76,0.1,0.1,0.3,rest
71.78,0.1,0.1,0.3,rest
71.8,0.1,0.1,0.3,rest
71.82000000000001,0.1,0.1,0.3,rest
71.84,0.1,0.1,0.3,rest
71.86,0.1,0.1,0.3,rest
71.88,0.1,0.1,0.3,rest
71.9,0.1,0.1,0.3,rest
71.92,0.1,0.1,0.3,rest
71.94,0.1,0.1,0.3,rest
71.96000000000001,0.1,0.1,0.3,rest
71.98,0.1,0.1,0.3,rest
72.0,0.1,0.1,0.3,rest
72.02,0.1,0.1,0.3,rest
72.04,0.1,0.1,0.3,rest
72.06,0.1,0.1,0.3,rest
72.08,0.1,0.1,0.3,rest
72.10000000000001,0.1,0.1,0.3,rest
72.12,0.1,0.1,0.3,rest
72.14,0.1,0.1,0.3,rest
72.16,0.1,0.1,0.3,rest
72.18,0.1,0.1,0.3,rest
72.2,0.1,0.1,0.3,rest
72.22,0.1,0.1,0.3,rest
72.24,0.1,0.1,0.3,rest
72.26,0.1,0.1,0.3,rest
72.28,0.1,0.1,0.3,rest
72.3,0.1,0.1,0.3,rest
72.32000000000001,0.1,0.1,0.3,rest
72.34,0.1,0.1,0.3,rest
72.36,0.1,0.1,0.3,rest
72.38,0.1,0.1,0.3,rest
72.4,0.1,0.1,0.3,rest
72.42,0.1,0.1,0.3,rest
72.44,0.1,0.1,0.3,rest
72.46000000000001,0.1,0.1,0.3,rest
72.48,0.1,0.1,0.3,rest
72.5,0.1,0.1,0.3,rest
72.52,0.1,0.1,0.3,rest
72.54,0.1,0.1,0.3,rest
72.56,0.1,0.1,0.3,rest
72.58,0.1,0.1,0.3,rest
72.60000000000001,0.1,0.1,0.3,rest
72.62,0.1,0.1,0.3,rest
72.64,0.1,0.1,0.3,rest
72.66,0.1,0.1,0.3,rest
72.68,0.1,0.1,0.3,rest
72.7,0.1,0.1,0.3,rest
72.72,0.1,0.1,0.3,rest
72.74,0.1,0.1,0.3,rest
72.76,0.1,0.1,0.3,rest
72.78,0.1,0.1,0.3,rest
72.8,0.1,0.1,0.3,rest
72.82000000000001,0.1,0.1,0.3,rest
72.84,0.1,0.1,0.3,rest
72.86,0.1,0.1,0.3,rest
72.88,0.1,0.1,0.3,rest
72.9,0.1,0.1,0.3,rest
72.92,0.1,0.1,0.3,rest
72.94,0.1,0.1,0.3,rest
72.96000000000001,0.1,0.1,0.3,rest
72.98,0.1,0.1,0.3,rest
73.0,0.1,0.1,0.3,rest
73.02,0.1,0.1,0.3,rest
73.04,0.1,0.1,0.3,rest
73.06,0.1,0.1,0.3,rest
73.08,0.1,0.1,0.3,rest
73.10000000000001,0.1,0.1,0.3,rest
73.12,0.1,0.1,0.3,rest
73.14,0.1,0.1,0.3,rest
73.16,0.1,0.1,0.3,rest
73.18,0.1,0.1,0.3,rest
73.2,0.1,0.1,0.3,rest
73.22,0.1,0.1,0.3,rest
73.24,0.1,0.1,0.3,rest
73.26,0.1,0.1,0.3,rest
73.28,0.1,0.1,0.3,rest
73.3,0.1,0.1,0.3,rest
73.32000000000001,0.1,0.1,0.3,rest
73.34,0.1,0.1,0.3,rest
73.36,0.1,0.1,0.3,rest
73.38,0.1,0.1,0.3,rest
73.4,0.1,0.1,0.3,rest
73.42,0.1,0.1,0.3,rest
73.44,0.1,0.1,0.3,rest
73.46000000000001,0.1,0.1,0.3,rest
73.48,0.1,0.1,0.3,rest
73.5,0.1,0.1,0.3,rest
73.52,0.1,0.1,0.3,rest
73.54,0.1,0.1,0.3,rest
73.56,0.1,0.1,0.3,rest
73.58,0.1,0.1,0.3,rest
73.60000000000001,0.1,0.1,0.3,rest
73.62,0.1,0.1,0.3,rest
73.64,0.1,0.1,0.3,rest
73.66,0.1,0.1,0.3,rest
73.68,0.1,0.1,0.3,rest
73.7,0.1,0.1,0.3,rest
73.72,0.1,0.1,0.3,rest
73.74,0.1,0.1,0.3,rest
73.76,0.1,0.1,0.3,rest
73.78,0.1,0.1,0.3,rest
73.8,0.1,0.1,0.3,rest
73.82000000000001,0.1,0.1,0.3,rest
73.84,0.1,0.1,0.3,rest
73.86,0.1,0.1,0.3,rest
73.88,0.1,0.1,0.3,rest
73.9,0.1,0.1,0.3,rest
73.92,0.1,0.1,0.3,rest
73.94,0.1,0.1,0.3,rest
73.96000000000001,0.1,0.1,0.3,rest
73.98,0.1,0.1,0.3,rest
74.0,0.1,0.1,0.3,rest
74.02,0.1,0.1,0.3,rest
74.04,0.1,0.1,0.3,rest
74.06,0.1,0.1,0.3,rest
74.08,0.1,0.1,0.3,rest
74.10000000000001,0.1,0.1,0.3,rest
74.12,0.1,0.1,0.3,rest
74.14,0.1,0.1,0.3,rest
74.16,0.1,0.1,0.3,rest
74.18,0.1,0.1,0.3,rest
74.2,0.1,0.1,0.3,rest
74.22,0.1,0.1,0.3,rest
74.24,0.1,0.1,0.3,rest
74.26,0.1,0.1,0.3,rest
74.28,0.1,0.1,0.3,rest
74.3,0.1,0.1,0.3,rest
74.32000000000001,0.1,0.1,0.3,rest
74.34,0.1,0.1,0.3,rest
74.36,0.1,0.1,0.3,rest
74.38,0.1,0.1,0.3,rest
74.4,0.1,0.1,0.3,rest
74.42,0.1,0.1,0.3,rest
74.44,0.1,0.1,0.3,rest
74.46000000000001,0.1,0.1,0.3,rest
74.48,0.1,0.1,0.3,rest
74.5,0.1,0.1,0.3,rest
74.52,0.1,0.1,0.3,rest
74.54,0.1,0.1,0.3,rest
74.56,0.1,0.1,0.3,rest
74.58,0.1,0.1,0.3,rest
74.60000000000001,0.1,0.1,0.3,A_f8:settle
74.62,0.10408163265306122,0.10306122448979592,0.3,A_f8:settle
74.64,0.10816326530612246,0.10612244897959185,0.3,A_f8:settle
74.66,0.11224489795918367,0.10918367346938776,0.3,A_f8:settle
74.68,0.1163265306122449,0.11224489795918367,0.3,A_f8:settle
74.7,0.12040816326530612,0.1153061224489796,0.3,A_f8:settle
74.72,0.12448979591836735,0.11836734693877551,0.3,A_f8:settle
74.74,0.12857142857142856,0.12142857142857143,0.3,A_f8:settle
74.76,0.1326530612244898,0.12448979591836735,0.3,A_f8:settle
74.78,0.13673469387755102,0.12755102040816327,0.3,A_f8:settle
74.8,0.14081632653061224,0.1306122448979592,0.3,A_f8:settle
74.82000000000001,0.14489795918367346,0.1336734693877551,0.3,A_f8:settle
74.84,0.1489795918367347,0.13673469387755102,0.3,A_f8:settle
74.86,0.15306122448979592,0.13979591836734695,0.3,A_f8:settle
74.88,0.15714285714285714,0.14285714285714285,0.3,A_f8:settle
74.9,0.16122448979591836,0.14591836734693878,0.3,A_f8:settle
74.92,0.16530612244897958,0.1489795918367347,0.3,A_f8:settle
74.94,0.16938775510204082,0.1520408163265306,0.3,A_f8:settle
74.96000000000001,0.17346938775510204,0.15510204081632653,0.3,A_f8:settle
74.98,0.17755102040816326,0.15816326530612246,0.3,A_f8:settle
75.0,0.18163265306122447,0.16122448979591836,0.3,A_f8:settle
75.02,0.18571428571428572,0.16428571428571428,0.3,A_f8:settle
75.04,0.18979591836734694,0.1673469387755102,0.3,A_f8:settle
75.06,0.19387755102040816,0.1704081632653061,0.3,A_f8:settle
75.08,0.19795918367346937,0.17346938775510204,0.3,A_f8:settle
75.10000000000001,0.2020408163265306,0.17653061224489797,0.3,A_f8:settle
75.12,0.2061224489795918,0.17959183673469387,0.3,A_f8:settle
75.14,0.21020408163265303,0.1826530612244898,0.3,A_f8:settle
75.16,0.21428571428571427,0.18571428571428572,0.3,A_f8:settle
75.18,0.21836734693877552,0.18877551020408162,0.3,A_f8:settle
75.2,0.2224489795918367,0.19183673469387752,0.3,A_f8:settle
75.22,0.22653061224489793,0.19489795918367347,0.3,A_f8:settle
75.24,0.23061224489795917,0.19795918367346937,0.3,A_f8:settle
75.26,0.2346938775510204,0.2010204081632653,0.3,A_f8:settle
75.28,0.23877551020408164,0.20408163265306123,0.3,A_f8:settle
75.3,0.24285714285714283,0.20714285714285713,0.3,A_f8:settle
75.32000000000001,0.24693877551020407,0.21020408163265306,0.3,A_f8:settle
75.34,0.2510204081632653,0.21326530612244898,0.3,A_f8:settle
75.36,0.2551020408163265,0.21632653061224488,0.3,A_f8:settle
75.38,0.25918367346938775,0.21938775510204078,0.3,A_f8:settle
75.4,0.2632653061224489,0.22244897959183674,0.3,A_f8:settle
75.42,0.2673469387755102,0.22551020408163264,0.3,A_f8:settle
75.44,0.2714285714285714,0.22857142857142856,0.3,A_f8:settle
75.46000000000001,0.2755102040816326,0.2316326530612245,0.3,A_f8:settle
75.48,0.27959183673469384,0.2346938775510204,0.3,A_f8:settle
75.5,0.28367346938775506,0.23775510204081632,0.3,A_f8:settle
75.52,0.28775510204081634,0.24081632653061225,0.3,A_f8:settle
75.54,0.2918367346938775,0.24387755102040815,0.3,A_f8:settle
75.56,0.29591836734693877,0.24693877551020407,0.3,A_f8:settle
75.58,0.3,0.25,0.3,A_f8:settle
75.60000000000001,0.3,0.25,0.3,A_f8
75.62,0.3004993333410833,0.25,0.3,A_f8
75.64,0.30213201042853355,0.25,0.3,A_f8
75.66,0.30066010050719055,0.25,0.3,A_f8
75.68,0.29285194941981707,0.25,0.3,A_f8
75.7,0.2863773275998995,0.25,0.3,A_f8
75.72,0.29494479289014713,0.25,0.3,A_f8
75.74,0.31861502688725285,0.25,0.3,A_f8
75.76,0.33419635660665037,0.25,0.3,A_f8
75.78,0.3158538556076165,0.25,0.3,A_f8
75.8,0.26953877847816504,0.25,0.3,A_f8
75.82000000000001,0.2391738623952231,0.25,0.3,A_f8
75.84,0.26613719170352146,0.25,0.3,A_f8
75.86,0.3384002428187788,0.25,0.3,A_f8
75.88,0.38887787165946386,0.25,0.3,A_f8
75.9,0.357706566322036,0.25,0.3,A_f8
75.92,0.2606351727049147,0.25,0.3,A_f8
75.94,0.18685326899734703,0.25,0.3,A_f8
75.96000000000001,0.21593296099794956,0.25,0.3,A_f8
75.98,0.33224827596487505,0.25,0.3,A_f8
76.0,0.4290358050441725,0.25,0.3,A_f8
76.02,0.40842893583618567,0.25,0.3,A_f8
76.04,0.28186011547254514,0.25,0.3,A_f8
76.06,0.16640795255863064,0.25,0.3,A_f8
76.08,0.17385014451578087,0.25,0.3,A_f8
76.10000000000001,0.2999999999999998,0.25,0.3,A_f8
76.12,0.4266491888253023,0.25,0.3,A_f8
76.14,0.4357240578699028,0.25,0.3,A_f8
76.16,0.31879998503464513,0.25,0.3,A_f8
76.18,0.18442301358363186,0.25,0.3,A_f8
76.2,0.1573415225557269,0.25,0.3,A_f8
76.22,0.2626965169252718,0.25,0.3,A_f8
76.24,0.40268206588930344,0.25,0.3,A_f8
76.26,0.4473430876093032,0.25,0.3,A_f8
76.28,0.3552186829027011,0.25,0.3,A_f8
76.3,0.21183221215612918,0.25,0.3,A_f8
76.32000000000001,0.15029599073575925,0.25,0.3,A_f8
76.34,0.22773694888474288,0.25,0.3,A_f8
76.36,0.3722630511152567,0.25,0.3,A_f8
76.38,0.4497040092642407,0.25,0.3,A_f8
76.4,0.3881677878438711,0.25,0.3,A_f8
76.42,0.24478131709729833,0.25,0.3,A_f8
76.44,0.15265691239069684,0.25,0.3,A_f8
76.46000000000001,0.1973179341106962,0.25,0.3,A_f8
76.48,0.33730348307472774,0.25,0.3,A_f8
76.5,0.4426584774442729,0.25,0.3,A_f8
76.52,0.4155769864163684,0.25,0.3,A_f8
76.54,0.2812000149653542,0.25,0.3,A_f8
76.56,0.16427594213009739,0.25,0.3,A_f8
76.58,0.17335081117469747,0.25,0.3,A_f8
76.60000000000001,0.2999999999999997,0.25,0.3,A_f8
76.62,0.42664918882530223,0.25,0.3,A_f8
76.64,0.43572405786990287,0.25,0.3,A_f8
76.66,0.3187999850346453,0.25,0.3,A_f8
76.68,0.18442301358363128,0.25,0.3,A_f8
76.7,0.15734152255572717,0.25,0.3,A_f8
76.72,0.2626965169252727,0.25,0.3,A_f8
76.74,0.40268206588930333,0.25,0.3,A_f8
76.76,0.4473430876093034,0.25,0.3,A_f8
76.78,0.3552186829027022,0.25,0.3,A_f8
76.8,0.2118322121561293,0.25,0.3,A_f8
76.82000000000001,0.15029599073575925,0.25,0.3,A_f8
76.84,0.22773694888474275,0.25,0.3,A_f8
76.86,0.3722630511152566,0.25,0.3,A_f8
76.88,0.44970400926424076,0.25,0.3,A_f8
76.9,0.38816778784387124,0.25,0.3,A_f8
76.92,0.24478131709729747,0.25,0.3,A_f8
76.94,0.15265691239069668,0.25,0.3,A_f8
76.96000000000001,0.19731793411069765,0.25,0.3,A_f8
76.98,0.3373034830747286,0.25,0.3,A_f8
77.0,0.4426584774442729,0.25,0.3,A_f8
77.02,0.4155769864163692,0.25,0.3,A_f8
77.04,0.28120001496535435,0.25,0.3,A_f8
77.06,0.1642759421300974,0.25,0.3,A_f8
77.08,0.17335081117469794,0.25,0.3,A_f8
77.10000000000001,0.29999999999999954,0.25,0.3,A_f8
77.12,0.42664918882530156,0.25,0.3,A_f8
77.14,0.4357240578699029,0.25,0.3,A_f8
77.16,0.3187999850346465,0.25,0.3,A_f8
77.18,0.18442301358363136,0.25,0.3,A_f8
77.2,0.1573415225557268,0.25,0.3,A_f8
77.22,0.26269651692527257,0.25,0.3,A_f8
77.24,0.4026820658893032,0.25,0.3,A_f8
77.26,0.4473430876093031,0.25,0.3,A_f8
77.28,0.3552186829027033,0.25,0.3,A_f8
77.3,0.2118322121561294,0.25,0.3,A_f8
77.32000000000001,0.15029599073575917,0.25,0.3,A_f8
77.34,0.2277369488847426,0.25,0.3,A_f8
77.36,0.3722630511152565,0.25,0.3,A_f8
77.38,0.4497040092642407,0.25,0.3,A_f8
77.4,0.3881677878438714,0.25,0.3,A_f8
77.42,0.2447813170972976,0.25,0.3,A_f8
77.44,0.15265691239069673,0.25,0.3,A_f8
77.46000000000001,0.19731793411069753,0.25,0.3,A_f8
77.48,0.3373034830747285,0.25,0.3,A_f8
77.5,0.44265847744427284,0.25,0.3,A_f8
77.52,0.41557698641636925,0.25,0.3,A_f8
77.54,0.2812000149653545,0.25,0.3,A_f8
77.56,0.1642759421300975,0.25,0.3,A_f8
77.58,0.1733508111746979,0.25,0.3,A_f8
77.60000000000001,0.2999999999999994,0.25,0.3,A_f8
77.62,0.42664918882530145,0.25,0.3,A_f8
77.64,0.435724057869903,0.25,0.3,A_f8
77.66,0.3187999850346466,0.25,0.3,A_f8
77.68,0.18442301358363145,0.25,0.3,A_f8
77.7,0.15734152255572675,0.25,0.3,A_f8
77.72,0.2626965169252724,0.25,0.3,A_f8
77.74,0.4026820658893031,0.25,0.3,A_f8
77.76,0.4473430876093031,0.25,0.3,A_f8
77.78,0.3552186829027015,0.25,0.3,A_f8
77.8,0.21183221215612782,0.25,0.3,A_f8
77.82000000000001,0.1502959907357593,0.25,0.3,A_f8
77.84,0.22773694888474438,0.25,0.3,A_f8
77.86,0.3722630511152582,0.25,0.3,A_f8
77.88,0.4497040092642407,0.25,0.3,A_f8
77.9,0.3881677878438698,0.25,0.3,A_f8
77.92,0.24478131709729972,0.25,0.3,A_f8
77.94,0.15265691239069715,0.25,0.3,A_f8
77.96000000000001,0.19731793411069587,0.25,0.3,A_f8
77.98,0.3373034830747263,0.25,0.3,A_f8
78.0,0.4426584774442728,0.25,0.3,A_f8
78.02,0.41557698641636936,0.25,0.3,A_f8
78.04,0.2812000149653546,0.25,0.3,A_f8
78.06,0.16427594213009755,0.25,0.3,A_f8
78.08,0.1733508111746978,0.25,0.3,A_f8
78.10000000000001,0.29999999999999927,0.25,0.3,A_f8
78.12,0.4266491888253014,0.25,0.3,A_f8
78.14,0.4357240578699031,0.25,0.3,A_f8
78.16,0.3187999850346447,0.25,0.3,A_f8
78.18,0.18442301358363156,0.25,0.3,A_f8
78.2,0.15734152255572673,0.25,0.3,A_f8
78.22,0.2626965169252702,0.25,0.3,A_f8
78.24,0.40268206588930455,0.25,0.3,A_f8
78.26,0.4473430876093031,0.25,0.3,A_f8
78.28,0.35521868290270164,0.25,0.3,A_f8
78.3,0.21183221215612968,0.25,0.3,A_f8
78.32000000000001,0.15029599073575942,0.25,0.3,A_f8
78.34,0.22773694888474422,0.25,0.3,A_f8
78.36,0.37226305111525804,0.25,0.3,A_f8
78.38,0.4497040092642407,0.25,0.3,A_f8
78.4,0.3881677878438716,0.25,0.3,A_f8
78.42,0.24478131709729986,0.25,0.3,A_f8
78.44,0.15265691239069717,0.25,0.3,A_f8
78.46000000000001,0.1973179341106942,0.25,0.3,A_f8
78.48,0.33730348307472824,0.25,0.3,A_f8
78.5,0.4426584774442728,0.25,0.3,A_f8
78.52,0.4155769864163694,0.25,0.3,A_f8
78.54,0.2812000149653569,0.25,0.3,A_f8
78.56,0.16427594213009672,0.25,0.3,A_f8
78.58,0.17335081117469772,0.25,0.3,A_f8
78.60000000000001,0.2999999999999991,0.25,0.3,A_f8
78.62,0.42664918882530134,0.25,0.3,A_f8
78.64,0.435724057869904,0.25,0.3,A_f8
78.66,0.3187999850346448,0.25,0.3,A_f8
78.68,0.18442301358363164,0.25,0.3,A_f8
78.7,0.15734152255572667,0.25,0.3,A_f8
78.72,0.2626965169252701,0.25,0.3,A_f8
78.74,0.4026820658893045,0.25,0.3,A_f8
78.76,0.44734308760930314,0.25,0.3,A_f8
78.78,0.35521868290270175,0.25,0.3,A_f8
78.8,0.2118322121561298,0.25,0.3,A_f8
78.82000000000001,0.15029599073575942,0.25,0.3,A_f8
78.84,0.2277369488847441,0.25,0.3,A_f8
78.86,0.3722630511152579,0.25,0.3,A_f8
78.88,0.4497040092642407,0.25,0.3,A_f8
78.9,0.38816778784387174,0.25,0.3,A_f8
78.92,0.24478131709729603,0.25,0.3,A_f8
78.94,0.1526569123906972,0.25,0.3,A_f8
78.96000000000001,0.19731793411069412,0.25,0.3,A_f8
78.98,0.33730348307472807,0.25,0.3,A_f8
79.0,0.4426584774442727,0.25,0.3,A_f8
79.02,0.41557698641636953,0.25,0.3,A_f8
79.04,0.28120001496535707,0.25,0.3,A_f8
79.06,0.16427594213009677,0.25,0.3,A_f8
79.08,0.17335081117469764,0.25,0.3,A_f8
79.10000000000001,0.29999999999999893,0.25,0.3,A_f8
79.12,0.42664918882530123,0.25,0.3,A_f8
79.14,0.4357240578699041,0.25,0.3,A_f8
79.16,0.31879998503464496,0.25,0.3,A_f8
79.18,0.18442301358363172,0.25,0.3,A_f8
79.2,0.15734152255572664,0.25,0.3,A_f8
79.22,0.2626965169252699,0.25,0.3,A_f8
79.24,0.40268206588930433,0.25,0.3,A_f8
79.26,0.4473430876093032,0.25,0.3,A_f8
79.28,0.35521868290270187,0.25,0.3,A_f8
79.3,0.2118322121561299,0.25,0.3,A_f8
79.32000000000001,0.15029599073575942,0.25,0.3,A_f8
79.34,0.227736948884744,0.25,0.3,A_f8
79.36,0.3722630511152578,0.25,0.3,A_f8
79.38,0.4497040092642407,0.25,0.3,A_f8
79.4,0.38816778784387185,0.25,0.3,A_f8
79.42,0.24478131709729617,0.25,0.3,A_f8
79.44,0.15265691239069723,0.25,0.3,A_f8
79.46000000000001,0.19731793411069398,0.25,0.3,A_f8
79.48,0.3373034830747279,0.25,0.3,A_f8
79.5,0.44265847744427267,0.25,0.3,A_f8
79.52,0.41557698641636964,0.25,0.3,A_f8
79.54,0.2812000149653572,0.25,0.3,A_f8
79.56,0.16427594213009683,0.25,0.3,A_f8
79.58,0.17335081117469756,0.25,0.3,A_f8
79.60000000000001,0.2999999999999988,0.25,0.3,A_f8
79.62,0.42664918882530345,0.25,0.3,A_f8
79.64,0.43572405786990415,0.25,0.3,A_f8
79.66,0.31879998503464513,0.25,0.3,A_f8
79.68,0.18442301358363183,0.25,0.3,A_f8
79.7,0.15734152255572526,0.25,0.3,A_f8
79.72,0.2626965169252698,0.25,0.3,A_f8
79.74,0.40268206588930117,0.25,0.3,A_f8
79.76,0.4473430876093032,0.25,0.3,A_f8
79.78,0.355218682902706,0.25,0.3,A_f8
79.8,0.21183221215613002,0.25,0.3,A_f8
79.82000000000001,0.15029599073575914,0.25,0.3,A_f8
79.84,0.22773694888474386,0.25,0.3,A_f8
79.86,0.37226305111525393,0.25,0.3,A_f8
79.88,0.4497040092642407,0.25,0.3,A_f8
79.9,0.38816778784387196,0.25,0.3,A_f8
79.92,0.2447813170972963,0.25,0.3,A_f8
79.94,0.15265691239069726,0.25,0.3,A_f8
79.96000000000001,0.19731793411069698,0.25,0.3,A_f8
79.98,0.3373034830747278,0.25,0.3,A_f8
80.0,0.4426584774442739,0.25,0.3,A_f8
80.02,0.41557698641636975,0.25,0.3,A_f8
80.04,0.28120001496535313,0.25,0.3,A_f8
80.06,0.16427594213009689,0.25,0.3,A_f8
80.08,0.17335081117469978,0.25,0.3,A_f8
80.10000000000001,0.29999999999999866,0.25,0.3,A_f8
80.12,0.42664918882530334,0.25,0.3,A_f8
80.14,0.4357240578699042,0.25,0.3,A_f8
80.16,0.31879998503464524,0.25,0.3,A_f8
80.18,0.18442301358363192,0.25,0.3,A_f8
80.2,0.15734152255572786,0.25,0.3,A_f8
80.22,0.26269651692526963,0.25,0.3,A_f8
80.24,0.40268206588930106,0.25,0.3,A_f8
80.26,0.4473430876093032,0.25,0.3,A_f8
80.28,0.35521868290270614,0.25,0.3,A_f8
80.3,0.21183221215613013,0.25,0.3,A_f8
80.32000000000001,0.15029599073575914,0.25,0.3,A_f8
80.34,0.22773694888474372,0.25,0.3,A_f8
80.36,0.3722630511152538,0.25,0.3,A_f8
80.38,0.4497040092642407,0.25,0.3,A_f8
80.4,0.38816778784387207,0.25,0.3,A_f8
80.42,0.24478131709729645,0.25,0.3,A_f8
80.44,0.15265691239069729,0.25,0.3,A_f8
80.46000000000001,0.1973179341106969,0.25,0.3,A_f8
80.48,0.33730348307472763,0.25,0.3,A_f8
80.5,0.4426584774442739,0.25,0.3,A_f8
80.52,0.41557698641636986,0.25,0.3,A_f8
80.54,0.28120001496535324,0.25,0.3,A_f8
80.56,0.16427594213009697,0.25,0.3,A_f8
80.58,0.1733508111746997,0.25,0.3,A_f8
80.60000000000001,0.29999999999999855,0.25,0.3,A_f8
80.62,0.4266491888253033,0.25,0.3,A_f8
80.64,0.43572405786990426,0.25,0.3,A_f8
80.66,0.3187999850346454,0.25,0.3,A_f8
80.68,0.18442301358363203,0.25,0.3,A_f8
80.7,0.1573415225557278,0.25,0.3,A_f8
80.72,0.2626965169252736,0.25,0.3,A_f8
80.74,0.40268206588929784,0.25,0.3,A_f8
80.76,0.44734308760930325,0.25,0.3,A_f8
80.78,0.3552186829027023,0.25,0.3,A_f8
80.8,0.21183221215613024,0.25,0.3,A_f8
80.82000000000001,0.1502959907357591,0.25,0.3,A_f8
80.84,0.22773694888473986,0.25,0.3,A_f8
80.86,0.3722630511152537,0.25,0.3,A_f8
80.88,0.4497040092642409,0.25,0.3,A_f8
80.9,0.3881677878438757,0.25,0.3,A_f8
80.92,0.24478131709729659,0.25,0.3,A_f8
80.94,0.1526569123906965,0.25,0.3,A_f8
80.96000000000001,0.19731793411069679,0.25,0.3,A_f8
80.98,0.3373034830747275,0.25,0.3,A_f8
81.0,0.44265847744427256,0.25,0.3,A_f8
81.02,0.4155769864163699,0.25,0.3,A_f8
81.04,0.2812000149653492,0.25,0.3,A_f8
81.06,0.16427594213009883,0.25,0.3,A_f8
81.08,0.1733508111746996,0.25,0.3,A_f8
81.10000000000001,0.2999999999999941,0.25,0.3,A_f8
81.12,0.42465973024604614,0.25,0.3,A_f8
81.14,0.4309585477233371,0.25,0.3,A_f8
81.16,0.31763726875261505,0.25,0.3,A_f8
81.18,0.195459633707074,0.25,0.3,A_f8
81.2,0.176673984031573,0.25,0.3,A_f8
81.22,0.2694591909561259,0.25,0.3,A_f8
81.24,0.3788509340782935,0.25,0.3,A_f8
81.26,0.405039361534302,0.25,0.3,A_f8
81.28,0.336141097163322,0.25,0.3,A_f8
81.3,0.24765560808291334,0.25,0.3,A_f8
81.32000000000001,0.22044799910921797,0.25,0.3,A_f8
81.34,0.2661371917035219,0.25,0.3,A_f8
81.36,0.3293611528006525,0.25,0.3,A_f8
81.38,0.35172146313776287,0.25,0.3,A_f8
81.4,0.3253138847984244,0.25,0.3,A_f8
81.42,0.2871844834900078,0.25,0.3,A_f8
81.44,0.27328846557825487,0.25,0.3,A_f8
81.46000000000001,0.2860849693714089,0.25,0.3,A_f8
81.48,0.30356216565894695,0.25,0.3,A_f8
81.5,0.3088229503474849,0.25,0.3,A_f8
81.52,0.30405811106830155,0.25,0.3,A_f8
81.54,0.2997046819496912,0.25,0.3,A_f8
81.56,0.29946488763244233,0.25,0.3,A_f8
81.58,0.3,0.25,0.3,A_f8
81.60000000000001,0.3,0.25,0.3,A_f8:tail
81.62,0.3,0.25,0.3,A_f8:tail
81.64,0.3,0.25,0.3,A_f8:tail
81.66,0.3,0.25,0.3,A_f8:tail
81.68,0.3,0.25,0.3,A_f8:tail
81.7,0.3,0.25,0.3,A_f8:tail
81.72,0.3,0.25,0.3,A_f8:tail
81.74,0.3,0.25,0.3,A_f8:tail
81.76,0.3,0.25,0.3,A_f8:tail
81.78,0.3,0.25,0.3,A_f8:tail
81.8,0.3,0.25,0.3,A_f8:tail
81.82000000000001,0.3,0.25,0.3,A_f8:tail
81.84,0.3,0.25,0.3,A_f8:tail
81.86,0.3,0.25,0.3,A_f8:tail
81.88,0.3,0.25,0.3,A_f8:tail
81.9,0.3,0.25,0.3,A_f8:tail
81.92,0.3,0.25,0.3,A_f8:tail
81.94,0.3,0.25,0.3,A_f8:tail
81.96000000000001,0.3,0.25,0.3,A_f8:tail
81.98,0.3,0.25,0.3,A_f8:tail
82.0,0.3,0.25,0.3,A_f8:tail
82.02,0.3,0.25,0.3,A_f8:tail
82.04,0.3,0.25,0.3,A_f8:tail
82.06,0.3,0.25,0.3,A_f8:tail
82.08,0.3,0.25,0.3,A_f8:tail
82.10000000000001,0.29,0.2425,0.3,rest:down
82.12,0.27999999999999997,0.235,0.3,rest:down
82.14,0.27,0.2275,0.3,rest:down
82.16,0.26,0.22,0.3,rest:down
82.18,0.25,0.2125,0.3,rest:down
82.2,0.24,0.20500000000000002,0.3,rest:down
82.22,0.22999999999999998,0.1975,0.3,rest:down
82.24,0.22,0.19,0.3,rest:down
82.26,0.21000000000000002,0.1825,0.3,rest:down
82.28,0.2,0.175,0.3,rest:down
82.3,0.19,0.1675,0.3,rest:down
82.32000000000001,0.18,0.16,0.3,rest:down
82.34,0.17,0.1525,0.3,rest:down
82.36,0.16,0.14500000000000002,0.3,rest:down
82.38,0.15000000000000002,0.1375,0.3,rest:down
82.4,0.14,0.13,0.3,rest:down
82.42,0.13,0.1225,0.3,rest:down
82.44,0.12000000000000002,0.11499999999999999,0.3,rest:down
82.46000000000001,0.11000000000000001,0.10750000000000001,0.3,rest:down
82.48,0.1,0.1,0.3,rest:down
82.5,0.1,0.1,0.3,rest
82.52,0.1,0.1,0.3,rest
82.54,0.1,0.1,0.3,rest
82.56,0.1,0.1,0.3,rest
82.58,0.1,0.1,0.3,rest
82.60000000000001,0.1,0.1,0.3,rest
82.62,0.1,0.1,0.3,rest
82.64,0.1,0.1,0.3,rest
82.66,0.1,0.1,0.3,rest
82.68,0.1,0.1,0.3,rest
82.7,0.1,0.1,0.3,rest
82.72,0.1,0.1,0.3,rest
82.74,0.1,0.1,0.3,rest
82.76,0.1,0.1,0.3,rest
82.78,0.1,0.1,0.3,rest
82.8,0.1,0.1,0.3,rest
82.82000000000001,0.1,0.1,0.3,rest
82.84,0.1,0.1,0.3,rest
82.86,0.1,0.1,0.3,rest
82.88,0.1,0.1,0.3,rest
82.9,0.1,0.1,0.3,rest
82.92,0.1,0.1,0.3,rest
82.94,0.1,0.1,0.3,rest
82.96000000000001,0.1,0.1,0.3,rest
82.98,0.1,0.1,0.3,rest
83.0,0.1,0.1,0.3,rest
83.02,0.1,0.1,0.3,rest
83.04,0.1,0.1,0.3,rest
83.06,0.1,0.1,0.3,rest
83.08,0.1,0.1,0.3,rest
83.10000000000001,0.1,0.1,0.3,rest
83.12,0.1,0.1,0.3,rest
83.14,0.1,0.1,0.3,rest
83.16,0.1,0.1,0.3,rest
83.18,0.1,0.1,0.3,rest
83.2,0.1,0.1,0.3,rest
83.22,0.1,0.1,0.3,rest
83.24,0.1,0.1,0.3,rest
83.26,0.1,0.1,0.3,rest
83.28,0.1,0.1,0.3,rest
83.3,0.1,0.1,0.3,rest
83.32000000000001,0.1,0.1,0.3,rest
83.34,0.1,0.1,0.3,rest
83.36,0.1,0.1,0.3,rest
83.38,0.1,0.1,0.3,rest
83.4,0.1,0.1,0.3,rest
83.42,0.1,0.1,0.3,rest
83.44,0.1,0.1,0.3,rest
83.46000000000001,0.1,0.1,0.3,rest
83.48,0.1,0.1,0.3,rest
83.5,0.1,0.1,0.3,rest
83.52,0.1,0.1,0.3,rest
83.54,0.1,0.1,0.3,rest
83.56,0.1,0.1,0.3,rest
83.58,0.1,0.1,0.3,rest
83.60000000000001,0.1,0.1,0.3,rest
83.62,0.1,0.1,0.3,rest
83.64,0.1,0.1,0.3,rest
83.66,0.1,0.1,0.3,rest
83.68,0.1,0.1,0.3,rest
83.7,0.1,0.1,0.3,rest
83.72,0.1,0.1,0.3,rest
83.74,0.1,0.1,0.3,rest
83.76,0.1,0.1,0.3,rest
83.78,0.1,0.1,0.3,rest
83.8,0.1,0.1,0.3,rest
83.82000000000001,0.1,0.1,0.3,rest
83.84,0.1,0.1,0.3,rest
83.86,0.1,0.1,0.3,rest
83.88,0.1,0.1,0.3,rest
83.9,0.1,0.1,0.3,rest
83.92,0.1,0.1,0.3,rest
83.94,0.1,0.1,0.3,rest
83.96000000000001,0.1,0.1,0.3,rest
83.98,0.1,0.1,0.3,rest
84.0,0.1,0.1,0.3,rest
84.02,0.1,0.1,0.3,rest
84.04,0.1,0.1,0.3,rest
84.06,0.1,0.1,0.3,rest
84.08,0.1,0.1,0.3,rest
84.10000000000001,0.1,0.1,0.3,rest
84.12,0.1,0.1,0.3,rest
84.14,0.1,0.1,0.3,rest
84.16,0.1,0.1,0.3,rest
84.18,0.1,0.1,0.3,rest
84.2,0.1,0.1,0.3,rest
84.22,0.1,0.1,0.3,rest
84.24,0.1,0.1,0.3,rest
84.26,0.1,0.1,0.3,rest
84.28,0.1,0.1,0.3,rest
84.3,0.1,0.1,0.3,rest
84.32000000000001,0.1,0.1,0.3,rest
84.34,0.1,0.1,0.3,rest
84.36,0.1,0.1,0.3,rest
84.38,0.1,0.1,0.3,rest
84.4,0.1,0.1,0.3,rest
84.42,0.1,0.1,0.3,rest
84.44,0.1,0.1,0.3,rest
84.46000000000001,0.1,0.1,0.3,rest
84.48,0.1,0.1,0.3,rest
84.5,0.1,0.1,0.3,rest
84.52,0.1,0.1,0.3,rest
84.54,0.1,0.1,0.3,rest
84.56,0.1,0.1,0.3,rest
84.58,0.1,0.1,0.3,rest
84.60000000000001,0.1,0.1,0.3,rest
84.62,0.1,0.1,0.3,rest
84.64,0.1,0.1,0.3,rest
84.66,0.1,0.1,0.3,rest
84.68,0.1,0.1,0.3,rest
84.7,0.1,0.1,0.3,rest
84.72,0.1,0.1,0.3,rest
84.74,0.1,0.1,0.3,rest
84.76,0.1,0.1,0.3,rest
84.78,0.1,0.1,0.3,rest
84.8,0.1,0.1,0.3,rest
84.82000000000001,0.1,0.1,0.3,rest
84.84,0.1,0.1,0.3,rest
84.86,0.1,0.1,0.3,rest
84.88,0.1,0.1,0.3,rest
84.9,0.1,0.1,0.3,rest
84.92,0.1,0.1,0.3,rest
84.94,0.1,0.1,0.3,rest
84.96000000000001,0.1,0.1,0.3,rest
84.98,0.1,0.1,0.3,rest
85.0,0.1,0.1,0.3,rest
85.02,0.1,0.1,0.3,rest
85.04,0.1,0.1,0.3,rest
85.06,0.1,0.1,0.3,rest
85.08,0.1,0.1,0.3,rest
85.10000000000001,0.1,0.1,0.3,rest
85.12,0.1,0.1,0.3,rest
85.14,0.1,0.1,0.3,rest
85.16,0.1,0.1,0.3,rest
85.18,0.1,0.1,0.3,rest
85.2,0.1,0.1,0.3,rest
85.22,0.1,0.1,0.3,rest
85.24,0.1,0.1,0.3,rest
85.26,0.1,0.1,0.3,rest
85.28,0.1,0.1,0.3,rest
85.3,0.1,0.1,0.3,rest
85.32000000000001,0.1,0.1,0.3,rest
85.34,0.1,0.1,0.3,rest
85.36,0.1,0.1,0.3,rest
85.38,0.1,0.1,0.3,rest
85.4,0.1,0.1,0.3,rest
85.42,0.1,0.1,0.3,rest
85.44,0.1,0.1,0.3,rest
85.46000000000001,0.1,0.1,0.3,rest
85.48,0.1,0.1,0.3,rest
85.5,0.1,0.1,0.3,rest
85.52,0.1,0.1,0.3,rest
85.54,0.1,0.1,0.3,rest
85.56,0.1,0.1,0.3,rest
85.58,0.1,0.1,0.3,rest
85.60000000000001,0.1,0.1,0.3,rest
85.62,0.1,0.1,0.3,rest
85.64,0.1,0.1,0.3,rest
85.66,0.1,0.1,0.3,rest
85.68,0.1,0.1,0.3,rest
85.7,0.1,0.1,0.3,rest
85.72,0.1,0.1,0.3,rest
85.74,0.1,0.1,0.3,rest
85.76,0.1,0.1,0.3,rest
85.78,0.1,0.1,0.3,rest
85.8,0.1,0.1,0.3,rest
85.82000000000001,0.1,0.1,0.3,rest
85.84,0.1,0.1,0.3,rest
85.86,0.1,0.1,0.3,rest
85.88,0.1,0.1,0.3,rest
85.9,0.1,0.1,0.3,rest
85.92,0.1,0.1,0.3,rest
85.94,0.1,0.1,0.3,rest
85.96000000000001,0.1,0.1,0.3,rest
85.98,0.1,0.1,0.3,rest
86.0,0.1,0.1,0.3,rest
86.02,0.1,0.1,0.3,rest
86.04,0.1,0.1,0.3,rest
86.06,0.1,0.1,0.3,rest
86.08,0.1,0.1,0.3,rest
86.10000000000001,0.1,0.1,0.3,rest
86.12,0.1,0.1,0.3,rest
86.14,0.1,0.1,0.3,rest
86.16,0.1,0.1,0.3,rest
86.18,0.1,0.1,0.3,rest
86.2,0.1,0.1,0.3,rest
86.22,0.1,0.1,0.3,rest
86.24,0.1,0.1,0.3,rest
86.26,0.1,0.1,0.3,rest
86.28,0.1,0.1,0.3,rest
86.3,0.1,0.1,0.3,rest
86.32000000000001,0.1,0.1,0.3,rest
86.34,0.1,0.1,0.3,rest
86.36,0.1,0.1,0.3,rest
86.38,0.1,0.1,0.3,rest
86.4,0.1,0.1,0.3,rest
86.42,0.1,0.1,0.3,rest
86.44,0.1,0.1,0.3,rest
86.46000000000001,0.1,0.1,0.3,rest
86.48,0.1,0.1,0.3,rest
86.5,0.1,0.1,0.3,rest
86.52,0.1,0.1,0.3,rest
86.54,0.1,0.1,0.3,rest
86.56,0.1,0.1,0.3,rest
86.58,0.1,0.1,0.3,rest
86.60000000000001,0.1,0.1,0.3,rest
86.62,0.1,0.1,0.3,rest
86.64,0.1,0.1,0.3,rest
86.66,0.1,0.1,0.3,rest
86.68,0.1,0.1,0.3,rest
86.7,0.1,0.1,0.3,rest
86.72,0.1,0.1,0.3,rest
86.74,0.1,0.1,0.3,rest
86.76,0.1,0.1,0.3,rest
86.78,0.1,0.1,0.3,rest
86.8,0.1,0.1,0.3,rest
86.82000000000001,0.1,0.1,0.3,rest
86.84,0.1,0.1,0.3,rest
86.86,0.1,0.1,0.3,rest
86.88,0.1,0.1,0.3,rest
86.9,0.1,0.1,0.3,rest
86.92,0.1,0.1,0.3,rest
86.94,0.1,0.1,0.3,rest
86.96000000000001,0.1,0.1,0.3,rest
86.98,0.1,0.1,0.3,rest
87.0,0.1,0.1,0.3,rest
87.02,0.1,0.1,0.3,rest
87.04,0.1,0.1,0.3,rest
87.06,0.1,0.1,0.3,rest
87.08,0.1,0.1,0.3,rest
87.10000000000001,0.1,0.1,0.3,rest
87.12,0.1,0.1,0.3,rest
87.14,0.1,0.1,0.3,rest
87.16,0.1,0.1,0.3,rest
87.18,0.1,0.1,0.3,rest
87.2,0.1,0.1,0.3,rest
87.22,0.1,0.1,0.3,rest
87.24,0.1,0.1,0.3,rest
87.26,0.1,0.1,0.3,rest
87.28,0.1,0.1,0.3,rest
87.3,0.1,0.1,0.3,rest
87.32000000000001,0.1,0.1,0.3,rest
87.34,0.1,0.1,0.3,rest
87.36,0.1,0.1,0.3,rest
87.38,0.1,0.1,0.3,rest
87.4,0.1,0.1,0.3,rest
87.42,0.1,0.1,0.3,rest
87.44,0.1,0.1,0.3,rest
87.46000000000001,0.1,0.1,0.3,rest
87.48,0.1,0.1,0.3,rest
87.5,0.1,0.1,0.3,rest
87.52,0.1,0.1,0.3,rest
87.54,0.1,0.1,0.3,rest
87.56,0.1,0.1,0.3,rest
87.58,0.1,0.1,0.3,rest
87.60000000000001,0.1,0.1,0.3,rest
87.62,0.1,0.1,0.3,rest
87.64,0.1,0.1,0.3,rest
87.66,0.1,0.1,0.3,rest
87.68,0.1,0.1,0.3,rest
87.7,0.1,0.1,0.3,rest
87.72,0.1,0.1,0.3,rest
87.74,0.1,0.1,0.3,rest
87.76,0.1,0.1,0.3,rest
87.78,0.1,0.1,0.3,rest
87.8,0.1,0.1,0.3,rest
87.82000000000001,0.1,0.1,0.3,rest
87.84,0.1,0.1,0.3,rest
87.86,0.1,0.1,0.3,rest
87.88,0.1,0.1,0.3,rest
87.9,0.1,0.1,0.3,rest
87.92,0.1,0.1,0.3,rest
87.94,0.1,0.1,0.3,rest
87.96000000000001,0.1,0.1,0.3,rest
87.98,0.1,0.1,0.3,rest
88.0,0.1,0.1,0.3,rest
88.02,0.1,0.1,0.3,rest
88.04,0.1,0.1,0.3,rest
88.06,0.1,0.1,0.3,rest
88.08,0.1,0.1,0.3,rest
88.10000000000001,0.1,0.1,0.3,rest
88.12,0.1,0.1,0.3,rest
88.14,0.1,0.1,0.3,rest
88.16,0.1,0.1,0.3,rest
88.18,0.1,0.1,0.3,rest
88.2,0.1,0.1,0.3,rest
88.22,0.1,0.1,0.3,rest
88.24,0.1,0.1,0.3,rest
88.26,0.1,0.1,0.3,rest
88.28,0.1,0.1,0.3,rest
88.3,0.1,0.1,0.3,rest
88.32000000000001,0.1,0.1,0.3,rest
88.34,0.1,0.1,0.3,rest
88.36,0.1,0.1,0.3,rest
88.38,0.1,0.1,0.3,rest
88.4,0.1,0.1,0.3,rest
88.42,0.1,0.1,0.3,rest
88.44,0.1,0.1,0.3,rest
88.46000000000001,0.1,0.1,0.3,rest
88.48,0.1,0.1,0.3,rest
88.5,0.1,0.1,0.3,rest
88.52,0.1,0.1,0.3,rest
88.54,0.1,0.1,0.3,rest
88.56,0.1,0.1,0.3,rest
88.58,0.1,0.1,0.3,rest
88.60000000000001,0.1,0.1,0.3,rest
88.62,0.1,0.1,0.3,rest
88.64,0.1,0.1,0.3,rest
88.66,0.1,0.1,0.3,rest
88.68,0.1,0.1,0.3,rest
88.7,0.1,0.1,0.3,rest
88.72,0.1,0.1,0.3,rest
88.74,0.1,0.1,0.3,rest
88.76,0.1,0.1,0.3,rest
88.78,0.1,0.1,0.3,rest
88.8,0.1,0.1,0.3,rest
88.82000000000001,0.1,0.1,0.3,rest
88.84,0.1,0.1,0.3,rest
88.86,0.1,0.1,0.3,rest
88.88,0.1,0.1,0.3,rest
88.9,0.1,0.1,0.3,rest
88.92,0.1,0.1,0.3,rest
88.94,0.1,0.1,0.3,rest
88.96000000000001,0.1,0.1,0.3,rest
88.98,0.1,0.1,0.3,rest
89.0,0.1,0.1,0.3,rest
89.02,0.1,0.1,0.3,rest
89.04,0.1,0.1,0.3,rest
89.06,0.1,0.1,0.3,rest
89.08,0.1,0.1,0.3,rest
89.10000000000001,0.1,0.1,0.3,rest
89.12,0.1,0.1,0.3,rest
89.14,0.1,0.1,0.3,rest
89.16,0.1,0.1,0.3,rest
89.18,0.1,0.1,0.3,rest
89.2,0.1,0.1,0.3,rest
89.22,0.1,0.1,0.3,rest
89.24,0.1,0.1,0.3,rest
89.26,0.1,0.1,0.3,rest
89.28,0.1,0.1,0.3,rest
89.3,0.1,0.1,0.3,rest
89.32000000000001,0.1,0.1,0.3,rest
89.34,0.1,0.1,0.3,rest
89.36,0.1,0.1,0.3,rest
89.38,0.1,0.1,0.3,rest
89.4,0.1,0.1,0.3,rest
89.42,0.1,0.1,0.3,rest
89.44,0.1,0.1,0.3,rest
89.46000000000001,0.1,0.1,0.3,rest
89.48,0.1,0.1,0.3,rest
89.5,0.1,0.1,0.3,rest
89.52,0.1,0.1,0.3,rest
89.54,0.1,0.1,0.3,rest
89.56,0.1,0.1,0.3,rest
89.58,0.1,0.1,0.3,rest
89.60000000000001,0.1,0.1,0.3,rest
89.62,0.1,0.1,0.3,rest
89.64,0.1,0.1,0.3,rest
89.66,0.1,0.1,0.3,rest
89.68,0.1,0.1,0.3,rest
89.7,0.1,0.1,0.3,rest
89.72,0.1,0.1,0.3,rest
89.74,0.1,0.1,0.3,rest
89.76,0.1,0.1,0.3,rest
89.78,0.1,0.1,0.3,rest
89.8,0.1,0.1,0.3,rest
89.82000000000001,0.1,0.1,0.3,rest
89.84,0.1,0.1,0.3,rest
89.86,0.1,0.1,0.3,rest
89.88,0.1,0.1,0.3,rest
89.9,0.1,0.1,0.3,rest
89.92,0.1,0.1,0.3,rest
89.94,0.1,0.1,0.3,rest
89.96000000000001,0.1,0.1,0.3,rest
89.98,0.1,0.1,0.3,rest
90.0,0.1,0.1,0.3,rest
90.02,0.1,0.1,0.3,rest
90.04,0.1,0.1,0.3,rest
90.06,0.1,0.1,0.3,rest
90.08,0.1,0.1,0.3,rest
90.10000000000001,0.1,0.1,0.3,rest
90.12,0.1,0.1,0.3,rest
90.14,0.1,0.1,0.3,rest
90.16,0.1,0.1,0.3,rest
90.18,0.1,0.1,0.3,rest
90.2,0.1,0.1,0.3,rest
90.22,0.1,0.1,0.3,rest
90.24,0.1,0.1,0.3,rest
90.26,0.1,0.1,0.3,rest
90.28,0.1,0.1,0.3,rest
90.3,0.1,0.1,0.3,rest
90.32000000000001,0.1,0.1,0.3,rest
90.34,0.1,0.1,0.3,rest
90.36,0.1,0.1,0.3,rest
90.38,0.1,0.1,0.3,rest
90.4,0.1,0.1,0.3,rest
90.42,0.1,0.1,0.3,rest
90.44,0.1,0.1,0.3,rest
90.46000000000001,0.1,0.1,0.3,rest
90.48,0.1,0.1,0.3,rest
90.5,0.1,0.1,0.3,rest
90.52,0.1,0.1,0.3,rest
90.54,0.1,0.1,0.3,rest
90.56,0.1,0.1,0.3,rest
90.58,0.1,0.1,0.3,rest
90.60000000000001,0.1,0.1,0.3,rest
90.62,0.1,0.1,0.3,rest
90.64,0.1,0.1,0.3,rest
90.66,0.1,0.1,0.3,rest
90.68,0.1,0.1,0.3,rest
90.7,0.1,0.1,0.3,rest
90.72,0.1,0.1,0.3,rest
90.74,0.1,0.1,0.3,rest
90.76,0.1,0.1,0.3,rest
90.78,0.1,0.1,0.3,rest
90.8,0.1,0.1,0.3,rest
90.82000000000001,0.1,0.1,0.3,rest
90.84,0.1,0.1,0.3,rest
90.86,0.1,0.1,0.3,rest
90.88,0.1,0.1,0.3,rest
90.9,0.1,0.1,0.3,rest
90.92,0.1,0.1,0.3,rest
90.94,0.1,0.1,0.3,rest
90.96000000000001,0.1,0.1,0.3,rest
90.98,0.1,0.1,0.3,rest
91.0,0.1,0.1,0.3,rest
91.02,0.1,0.1,0.3,rest
91.04,0.1,0.1,0.3,rest
91.06,0.1,0.1,0.3,rest
91.08,0.1,0.1,0.3,rest
91.10000000000001,0.1,0.1,0.3,rest
91.12,0.1,0.1,0.3,rest
91.14,0.1,0.1,0.3,rest
91.16,0.1,0.1,0.3,rest
91.18,0.1,0.1,0.3,rest
91.2,0.1,0.1,0.3,rest
91.22,0.1,0.1,0.3,rest
91.24,0.1,0.1,0.3,rest
91.26,0.1,0.1,0.3,rest
91.28,0.1,0.1,0.3,rest
91.3,0.1,0.1,0.3,rest
91.32000000000001,0.1,0.1,0.3,rest
91.34,0.1,0.1,0.3,rest
91.36,0.1,0.1,0.3,rest
91.38,0.1,0.1,0.3,rest
91.4,0.1,0.1,0.3,rest
91.42,0.1,0.1,0.3,rest
91.44,0.1,0.1,0.3,rest
91.46000000000001,0.1,0.1,0.3,rest
91.48,0.1,0.1,0.3,rest
91.5,0.1,0.1,0.3,rest
91.52,0.1,0.1,0.3,rest
91.54,0.1,0.1,0.3,rest
91.56,0.1,0.1,0.3,rest
91.58,0.1,0.1,0.3,rest
91.60000000000001,0.1,0.1,0.3,rest
91.62,0.1,0.1,0.3,rest
91.64,0.1,0.1,0.3,rest
91.66,0.1,0.1,0.3,rest
91.68,0.1,0.1,0.3,rest
91.7,0.1,0.1,0.3,rest
91.72,0.1,0.1,0.3,rest
91.74,0.1,0.1,0.3,rest
91.76,0.1,0.1,0.3,rest
91.78,0.1,0.1,0.3,rest
91.8,0.1,0.1,0.3,rest
91.82000000000001,0.1,0.1,0.3,rest
91.84,0.1,0.1,0.3,rest
91.86,0.1,0.1,0.3,rest
91.88,0.1,0.1,0.3,rest
91.9,0.1,0.1,0.3,rest
91.92,0.1,0.1,0.3,rest
91.94,0.1,0.1,0.3,rest
91.96000000000001,0.1,0.1,0.3,rest
91.98,0.1,0.1,0.3,rest
92.0,0.1,0.1,0.3,rest
92.02,0.1,0.1,0.3,rest
92.04,0.1,0.1,0.3,rest
92.06,0.1,0.1,0.3,rest
92.08,0.1,0.1,0.3,rest
92.10000000000001,0.1,0.1,0.3,rest
92.12,0.1,0.1,0.3,rest
92.14,0.1,0.1,0.3,rest
92.16,0.1,0.1,0.3,rest
92.18,0.1,0.1,0.3,rest
92.2,0.1,0.1,0.3,rest
92.22,0.1,0.1,0.3,rest
92.24,0.1,0.1,0.3,rest
92.26,0.1,0.1,0.3,rest
92.28,0.1,0.1,0.3,rest
92.3,0.1,0.1,0.3,rest
92.32000000000001,0.1,0.1,0.3,rest
92.34,0.1,0.1,0.3,rest
92.36,0.1,0.1,0.3,rest
92.38,0.1,0.1,0.3,rest
92.4,0.1,0.1,0.3,rest
92.42,0.1,0.1,0.3,rest
92.44,0.1,0.1,0.3,rest
92.46000000000001,0.1,0.1,0.3,rest
92.48,0.1,0.1,0.3,rest
92.5,0.1,0.1,0.3,B_hold0.15:settle
92.52,0.10408163265306122,0.10102040816326531,0.3,B_hold0.15:settle
92.54,0.10816326530612246,0.10204081632653061,0.3,B_hold0.15:settle
92.56,0.11224489795918367,0.10306122448979592,0.3,B_hold0.15:settle
92.58,0.1163265306122449,0.10408163265306122,0.3,B_hold0.15:settle
92.60000000000001,0.12040816326530612,0.10510204081632653,0.3,B_hold0.15:settle
92.62,0.12448979591836735,0.10612244897959185,0.3,B_hold0.15:settle
92.64,0.12857142857142856,0.10714285714285715,0.3,B_hold0.15:settle
92.66,0.1326530612244898,0.10816326530612246,0.3,B_hold0.15:settle
92.68,0.13673469387755102,0.10918367346938776,0.3,B_hold0.15:settle
92.7,0.14081632653061224,0.11020408163265306,0.3,B_hold0.15:settle
92.72,0.14489795918367346,0.11122448979591837,0.3,B_hold0.15:settle
92.74,0.1489795918367347,0.11224489795918367,0.3,B_hold0.15:settle
92.76,0.15306122448979592,0.11326530612244898,0.3,B_hold0.15:settle
92.78,0.15714285714285714,0.11428571428571428,0.3,B_hold0.15:settle
92.8,0.16122448979591836,0.11530612244897959,0.3,B_hold0.15:settle
92.82000000000001,0.16530612244897958,0.1163265306122449,0.3,B_hold0.15:settle
92.84,0.16938775510204082,0.11734693877551021,0.3,B_hold0.15:settle
92.86,0.17346938775510204,0.11836734693877551,0.3,B_hold0.15:settle
92.88,0.17755102040816326,0.11938775510204082,0.3,B_hold0.15:settle
92.9,0.18163265306122447,0.12040816326530612,0.3,B_hold0.15:settle
92.92,0.18571428571428572,0.12142857142857143,0.3,B_hold0.15:settle
92.94,0.18979591836734694,0.12244897959183673,0.3,B_hold0.15:settle
92.96000000000001,0.19387755102040816,0.12346938775510204,0.3,B_hold0.15:settle
92.98,0.19795918367346937,0.12448979591836734,0.3,B_hold0.15:settle
93.0,0.2020408163265306,0.12551020408163266,0.3,B_hold0.15:settle
93.02,0.2061224489795918,0.12653061224489795,0.3,B_hold0.15:settle
93.04,0.21020408163265303,0.12755102040816327,0.3,B_hold0.15:settle
93.06,0.21428571428571427,0.12857142857142856,0.3,B_hold0.15:settle
93.08,0.21836734693877552,0.12959183673469388,0.3,B_hold0.15:settle
93.10000000000001,0.2224489795918367,0.13061224489795917,0.3,B_hold0.15:settle
93.12,0.22653061224489793,0.13163265306122449,0.3,B_hold0.15:settle
93.14,0.23061224489795917,0.13265306122448978,0.3,B_hold0.15:settle
93.16,0.2346938775510204,0.1336734693877551,0.3,B_hold0.15:settle
93.18,0.23877551020408164,0.1346938775510204,0.3,B_hold0.15:settle
93.2,0.24285714285714283,0.1357142857142857,0.3,B_hold0.15:settle
93.22,0.24693877551020407,0.13673469387755102,0.3,B_hold0.15:settle
93.24,0.2510204081632653,0.1377551020408163,0.3,B_hold0.15:settle
93.26,0.2551020408163265,0.13877551020408163,0.3,B_hold0.15:settle
93.28,0.25918367346938775,0.13979591836734692,0.3,B_hold0.15:settle
93.3,0.2632653061224489,0.14081632653061224,0.3,B_hold0.15:settle
93.32000000000001,0.2673469387755102,0.14183673469387753,0.3,B_hold0.15:settle
93.34,0.2714285714285714,0.14285714285714285,0.3,B_hold0.15:settle
93.36,0.2755102040816326,0.14387755102040817,0.3,B_hold0.15:settle
93.38,0.27959183673469384,0.14489795918367346,0.3,B_hold0.15:settle
93.4,0.28367346938775506,0.14591836734693878,0.3,B_hold0.15:settle
93.42,0.28775510204081634,0.14693877551020407,0.3,B_hold0.15:settle
93.44,0.2918367346938775,0.14795918367346939,0.3,B_hold0.15:settle
93.46000000000001,0.29591836734693877,0.1489795918367347,0.3,B_hold0.15:settle
93.48,0.3,0.15,0.3,B_hold0.15:settle
93.5,0.3,0.15,0.3,B_hold0.15
93.52,0.30021770790385444,0.15,0.3,B_hold0.15
93.54,0.3016129729595117,0.15,0.3,B_hold0.15
93.56,0.30476551014656544,0.15,0.3,B_hold0.15
93.58,0.30925869295831904,0.15,0.3,B_hold0.15
93.60000000000001,0.3136226724001005,0.15,0.3,B_hold0.15
93.62,0.3156624946334626,0.15,0.3,B_hold0.15
93.64,0.31310042438097824,0.15,0.3,B_hold0.15
93.66,0.30436322465393917,0.15,0.3,B_hold0.15
93.68,0.2892897837608696,0.15,0.3,B_hold0.15
93.7,0.26953877847816504,0.15,0.3,B_hold0.15
93.72,0.2485412513339993,0.15,0.3,B_hold0.15
93.74,0.23095433070536897,0.15,0.3,B_hold0.15
93.76,0.2217025816853277,0.15,0.3,B_hold0.15
93.78,0.22480955984069845,0.15,0.3,B_hold0.15
93.8,0.242293433677964,0.15,0.3,B_hold0.15
93.82000000000001,0.27340673316440217,0.15,0.3,B_hold0.15
93.84,0.31443676038070645,0.15,0.3,B_hold0.15
93.86,0.359162626734279,0.15,0.3,B_hold0.15
93.88,0.3999144917829057,0.15,0.3,B_hold0.15
93.9,0.4290358050441725,0.15,0.3,B_hold0.15
93.92,0.44044531630592165,0.15,0.3,B_hold0.15
93.94,0.4309585477233375,0.15,0.3,B_hold0.15
93.96000000000001,0.4010690929297915,0.15,0.3,B_hold0.15
93.98,0.3550009749988472,0.15,0.3,B_hold0.15
94.0,0.30000000000000004,0.15,0.3,B_hold0.15
94.02,0.2447813170972984,0.15,0.3,B_hold0.15
94.04,0.19731793411069662,0.15,0.3,B_hold0.15
94.06,0.16427594213009705,0.15,0.3,B_hold0.15
94.08,0.15029599073575928,0.15,0.3,B_hold0.15
94.10000000000001,0.15734152255572692,0.15,0.3,B_hold0.15
94.12,0.18442301358363153,0.15,0.3,B_hold0.15
94.14,0.22773694888474277,0.15,0.3,B_hold0.15
94.16,0.2812000149653544,0.15,0.3,B_hold0.15
94.18,0.3373034830747282,0.15,0.3,B_hold0.15
94.2,0.3881677878438711,0.15,0.3,B_hold0.15
94.22,0.4266491888253022,0.15,0.3,B_hold0.15
94.24,0.44734308760930325,0.15,0.3,B_hold0.15
94.26,0.4473430876093033,0.15,0.3,B_hold0.15
94.28,0.42664918882530223,0.15,0.3,B_hold0.15
94.3,0.388167787843871,0.15,0.3,B_hold0.15
94.32000000000001,0.33730348307472807,0.15,0.3,B_hold0.15
94.34,0.28120001496535457,0.15,0.3,B_hold0.15
94.36,0.2277369488847427,0.15,0.3,B_hold0.15
94.38,0.1844230135836318,0.15,0.3,B_hold0.15
94.4,0.15734152255572698,0.15,0.3,B_hold0.15
94.42,0.15029599073575925,0.15,0.3,B_hold0.15
94.44,0.16427594213009722,0.15,0.3,B_hold0.15
94.46000000000001,0.1973179341106967,0.15,0.3,B_hold0.15
94.48,0.244781317097298,0.15,0.3,B_hold0.15
94.5,0.2999999999999999,0.15,0.3,B_hold0.15
94.52,0.35521868290270175,0.15,0.3,B_hold0.15
94.54,0.4026820658893031,0.15,0.3,B_hold0.15
94.56,0.43572405786990287,0.15,0.3,B_hold0.15
94.58,0.4497040092642407,0.15,0.3,B_hold0.15
94.60000000000001,0.44265847744427306,0.15,0.3,B_hold0.15
94.62,0.4155769864163683,0.15,0.3,B_hold0.15
94.64,0.37226305111525704,0.15,0.3,B_hold0.15
94.66,0.3187999850346462,0.15,0.3,B_hold0.15
94.68,0.2626965169252721,0.15,0.3,B_hold0.15
94.7,0.21183221215612913,0.15,0.3,B_hold0.15
94.72,0.17335081117469797,0.15,0.3,B_hold0.15
94.74,0.15265691239069673,0.15,0.3,B_hold0.15
94.76,0.15265691239069668,0.15,0.3,B_hold0.15
94.78,0.17335081117469783,0.15,0.3,B_hold0.15
94.8,0.2118322121561289,0.15,0.3,B_hold0.15
94.82000000000001,0.26269651692527185,0.15,0.3,B_hold0.15
94.84,0.3187999850346459,0.15,0.3,B_hold0.15
94.86,0.37226305111525726,0.15,0.3,B_hold0.15
94.88,0.4155769864163685,0.15,0.3,B_hold0.15
94.9,0.4426584774442731,0.15,0.3,B_hold0.15
94.92,0.44970400926424076,0.15,0.3,B_hold0.15
94.94,0.435724057869903,0.15,0.3,B_hold0.15
94.96000000000001,0.40268206588930333,0.15,0.3,B_hold0.15
94.98,0.35521868290270203,0.15,0.3,B_hold0.15
95.0,0.30000000000000016,0.15,0.3,B_hold0.15
95.02,0.24478131709729825,0.15,0.3,B_hold0.15
95.04,0.1973179341106969,0.15,0.3,B_hold0.15
95.06,0.16427594213009708,0.15,0.3,B_hold0.15
95.08,0.15029599073575925,0.15,0.3,B_hold0.15
95.10000000000001,0.1573415225557269,0.15,0.3,B_hold0.15
95.12,0.1844230135836316,0.15,0.3,B_hold0.15
95.14,0.2277369488847429,0.15,0.3,B_hold0.15
95.16,0.2812000149653548,0.15,0.3,B_hold0.15
95.18,0.3373034830747278,0.15,0.3,B_hold0.15
95.2,0.3881677878438704,0.15,0.3,B_hold0.15
95.22,0.42664918882530223,0.15,0.3,B_hold0.15
95.24,0.4473430876093032,0.15,0.3,B_hold0.15
95.26,0.4473430876093034,0.15,0.3,B_hold0.15
95.28,0.4266491888253022,0.15,0.3,B_hold0.15
95.3,0.3881677878438711,0.15,0.3,B_hold0.15
95.32000000000001,0.3373034830747287,0.15,0.3,B_hold0.15
95.34,0.28120001496535413,0.15,0.3,B_hold0.15
95.36,0.22773694888474277,0.15,0.3,B_hold0.15
95.38,0.18442301358363122,0.15,0.3,B_hold0.15
95.4,0.15734152255572686,0.15,0.3,B_hold0.15
95.42,0.15029599073575925,0.15,0.3,B_hold0.15
95.44,0.1642759421300969,0.15,0.3,B_hold0.15
95.46000000000001,0.1973179341106962,0.15,0.3,B_hold0.15
95.48,0.2447813170972984,0.15,0.3,B_hold0.15
95.5,0.29999999999999977,0.15,0.3,B_hold0.15
95.52,0.3552186829027012,0.15,0.3,B_hold0.15
95.54,0.40268206588930344,0.15,0.3,B_hold0.15
95.56,0.43572405786990287,0.15,0.3,B_hold0.15
95.58,0.4497040092642407,0.15,0.3,B_hold0.15
95.60000000000001,0.4426584774442729,0.15,0.3,B_hold0.15
95.62,0.4155769864163684,0.15,0.3,B_hold0.15
95.64,0.3722630511152576,0.15,0.3,B_hold0.15
95.66,0.31879998503464524,0.15,0.3,B_hold0.15
95.68,0.2626965169252717,0.15,0.3,B_hold0.15
95.7,0.21183221215612924,0.15,0.3,B_hold0.15
95.72,0.17335081117469747,0.15,0.3,B_hold0.15
95.74000000000001,0.15265691239069665,0.15,0.3,B_hold0.15
95.76,0.15265691239069687,0.15,0.3,B_hold0.15
95.78,0.17335081117469806,0.15,0.3,B_hold0.15
95.8,0.21183221215612924,0.15,0.3,B_hold0.15
95.82000000000001,0.2626965169252707,0.15,0.3,B_hold0.15
95.84,0.31879998503464524,0.15,0.3,B_hold0.15
95.86,0.3722630511152567,0.15,0.3,B_hold0.15
95.88,0.41557698641636776,0.15,0.3,B_hold0.15
95.9,0.4426584774442729,0.15,0.3,B_hold0.15
95.92,0.44970400926424076,0.15,0.3,B_hold0.15
95.94,0.4357240578699033,0.15,0.3,B_hold0.15
95.96000000000001,0.4026820658893034,0.15,0.3,B_hold0.15
95.98,0.35521868290270214,0.15,0.3,B_hold0.15
96.0,0.3000000000000008,0.15,0.3,B_hold0.15
96.02,0.24478131709729836,0.15,0.3,B_hold0.15
96.04,0.19731793411069698,0.15,0.3,B_hold0.15
96.06,0.1642759421300969,0.15,0.3,B_hold0.15
96.08,0.15029599073575925,0.15,0.3,B_hold0.15
96.10000000000001,0.15734152255572686,0.15,0.3,B_hold0.15
96.12,0.1844230135836319,0.15,0.3,B_hold0.15
96.14,0.22773694888474283,0.15,0.3,B_hold0.15
96.16,0.2812000149653542,0.15,0.3,B_hold0.15
96.18,0.33730348307472874,0.15,0.3,B_hold0.15
96.2,0.3881677878438711,0.15,0.3,B_hold0.15
96.22,0.42664918882530223,0.15,0.3,B_hold0.15
96.24000000000001,0.4473430876093034,0.15,0.3,B_hold0.15
96.26,0.4473430876093032,0.15,0.3,B_hold0.15
96.28,0.42664918882530223,0.15,0.3,B_hold0.15
96.3,0.38816778784387035,0.15,0.3,B_hold0.15
96.32000000000001,0.3373034830747288,0.15,0.3,B_hold0.15
96.34,0.2812000149653553,0.15,0.3,B_hold0.15
96.36,0.22773694888474288,0.15,0.3,B_hold0.15
96.38,0.18442301358363195,0.15,0.3,B_hold0.15
96.4,0.15734152255572723,0.15,0.3,B_hold0.15
96.42,0.15029599073575925,0.15,0.3,B_hold0.15
96.44,0.16427594213009689,0.15,0.3,B_hold0.15
96.46000000000001,0.19731793411069615,0.15,0.3,B_hold0.15
96.48,0.24478131709729828,0.15,0.3,B_hold0.15
96.5,0.29999999999999966,0.15,0.3,B_hold0.15
96.52,0.3552186829027011,0.15,0.3,B_hold0.15
96.54,0.40268206588930333,0.15,0.3,B_hold0.15
96.56,0.4357240578699028,0.15,0.3,B_hold0.15
96.58,0.4497040092642407,0.15,0.3,B_hold0.15
96.60000000000001,0.442658477444273,0.15,0.3,B_hold0.15
96.62,0.4155769864163684,0.15,0.3,B_hold0.15
96.64,0.3722630511152577,0.15,0.3,B_hold0.15
96.66,0.31879998503464535,0.15,0.3,B_hold0.15
96.68,0.2626965169252718,0.15,0.3,B_hold0.15
96.7,0.2118322121561293,0.15,0.3,B_hold0.15
96.72,0.17335081117469753,0.15,0.3,B_hold0.15
96.74000000000001,0.15265691239069668,0.15,0.3,B_hold0.15
96.76,0.15265691239069684,0.15,0.3,B_hold0.15
96.78,0.173350811174698,0.15,0.3,B_hold0.15
96.8,0.21183221215612916,0.15,0.3,B_hold0.15
96.82000000000001,0.2626965169252726,0.15,0.3,B_hold0.15
96.84,0.31879998503464513,0.15,0.3,B_hold0.15
96.86,0.3722630511152566,0.15,0.3,B_hold0.15
96.88,0.41557698641636764,0.15,0.3,B_hold0.15
96.9,0.44265847744427256,0.15,0.3,B_hold0.15
96.92,0.44970400926424076,0.15,0.3,B_hold0.15
96.94,0.43572405786990287,0.15,0.3,B_hold0.15
96.96000000000001,0.4026820658893043,0.15,0.3,B_hold0.15
96.98,0.35521868290270225,0.15,0.3,B_hold0.15
97.0,0.2999999999999998,0.15,0.3,B_hold0.15
97.02,0.24478131709729944,0.15,0.3,B_hold0.15
97.04,0.19731793411069704,0.15,0.3,B_hold0.15
97.06,0.16427594213009697,0.15,0.3,B_hold0.15
97.08,0.15029599073575933,0.15,0.3,B_hold0.15
97.10000000000001,0.15734152255572684,0.15,0.3,B_hold0.15
97.12,0.18442301358363183,0.15,0.3,B_hold0.15
97.14,0.22773694888474177,0.15,0.3,B_hold0.15
97.16,0.2812000149653541,0.15,0.3,B_hold0.15
97.18,0.3373034830747286,0.15,0.3,B_hold0.15
97.2,0.3881677878438702,0.15,0.3,B_hold0.15
97.22,0.4266491888253021,0.15,0.3,B_hold0.15
97.24000000000001,0.4473430876093034,0.15,0.3,B_hold0.15
97.26,0.4473430876093031,0.15,0.3,B_hold0.15
97.28,0.4266491888253023,0.15,0.3,B_hold0.15
97.3,0.3881677878438704,0.15,0.3,B_hold0.15
97.32000000000001,0.33730348307472685,0.15,0.3,B_hold0.15
97.34,0.28120001496535435,0.15,0.3,B_hold0.15
97.36,0.2277369488847439,0.15,0.3,B_hold0.15
97.38,0.18442301358363203,0.15,0.3,B_hold0.15
97.4,0.15734152255572692,0.15,0.3,B_hold0.15
97.42,0.15029599073575917,0.15,0.3,B_hold0.15
97.44,0.16427594213009683,0.15,0.3,B_hold0.15
97.46000000000001,0.19731793411069687,0.15,0.3,B_hold0.15
97.48,0.2447813170972972,0.15,0.3,B_hold0.15
97.5,0.29999999999999954,0.15,0.3,B_hold0.15
97.52,0.355218682902702,0.15,0.3,B_hold0.15
97.54,0.4026820658893025,0.15,0.3,B_hold0.15
97.56,0.43572405786990365,0.15,0.3,B_hold0.15
97.58,0.44970400926424076,0.15,0.3,B_hold0.15
97.60000000000001,0.44265847744427333,0.15,0.3,B_hold0.15
97.62,0.41557698641636853,0.15,0.3,B_hold0.15
97.64,0.3722630511152587,0.15,0.3,B_hold0.15
97.66,0.3187999850346465,0.15,0.3,B_hold0.15
97.68,0.26269651692527396,0.15,0.3,B_hold0.15
97.7,0.21183221215612852,0.15,0.3,B_hold0.15
97.72,0.17335081117469814,0.15,0.3,B_hold0.15
97.74000000000001,0.1526569123906967,0.15,0.3,B_hold0.15
97.76,0.15265691239069643,0.15,0.3,B_hold0.15
97.78,0.17335081117469736,0.15,0.3,B_hold0.15
97.8,0.21183221215612907,0.15,0.3,B_hold0.15
97.82000000000001,0.26269651692527257,0.15,0.3,B_hold0.15
97.84,0.318799985034645,0.15,0.3,B_hold0.15
97.86,0.3722630511152574,0.15,0.3,B_hold0.15
97.88,0.4155769864163676,0.15,0.3,B_hold0.15
97.9,0.4426584774442729,0.15,0.3,B_hold0.15
97.92,0.4497040092642407,0.15,0.3,B_hold0.15
97.94,0.4357240578699025,0.15,0.3,B_hold0.15
97.96000000000001,0.40268206588930355,0.15,0.3,B_hold0.15
97.98,0.35521868290270137,0.15,0.3,B_hold0.15
98.0,0.30000000000000104,0.15,0.3,B_hold0.15
98.02,0.24478131709729659,0.15,0.3,B_hold0.15
98.04,0.19731793411069637,0.15,0.3,B_hold0.15
98.06,0.16427594213009655,0.15,0.3,B_hold0.15
98.08,0.15029599073575928,0.15,0.3,B_hold0.15
98.10000000000001,0.15734152255572714,0.15,0.3,B_hold0.15
98.12,0.18442301358363106,0.15,0.3,B_hold0.15
98.14,0.22773694888474078,0.15,0.3,B_hold0.15
98.16,0.281200014965355,0.15,0.3,B_hold0.15
98.18,0.3373034830747275,0.15,0.3,B_hold0.15
98.2,0.38816778784387096,0.15,0.3,B_hold0.15
98.22,0.4266491888253015,0.15,0.3,B_hold0.15
98.24000000000001,0.4473430876093032,0.15,0.3,B_hold0.15
98.26,0.44734308760930364,0.15,0.3,B_hold0.15
98.28,0.4266491888253018,0.15,0.3,B_hold0.15
98.3,0.3881677878438714,0.15,0.3,B_hold0.15
98.32000000000001,0.337303483074728,0.15,0.3,B_hold0.15
98.34,0.2812000149653555,0.15,0.3,B_hold0.15
98.36,0.22773694888474308,0.15,0.3,B_hold0.15
98.38,0.18442301358363278,0.15,0.3,B_hold0.15
98.4,0.15734152255572664,0.15,0.3,B_hold0.15
98.42,0.15029599073575925,0.15,0.3,B_hold0.15
98.44,0.16427594213009725,0.15,0.3,B_hold0.15
98.46000000000001,0.19731793411069598,0.15,0.3,B_hold0.15
98.48,0.24478131709729808,0.15,0.3,B_hold0.15
98.5,0.2999999999999984,0.15,0.3,B_hold0.15
98.52,0.35521868290270286,0.15,0.3,B_hold0.15
98.54,0.4026820658893032,0.15,0.3,B_hold0.15
98.56,0.4357240578699032,0.15,0.3,B_hold0.15
98.58,0.4497040092642407,0.15,0.3,B_hold0.15
98.60000000000001,0.442658477444273,0.15,0.3,B_hold0.15
98.62,0.4155769864163679,0.15,0.3,B_hold0.15
98.64,0.37226305111525787,0.15,0.3,B_hold0.15
98.66,0.31879998503464557,0.15,0.3,B_hold0.15
98.68,0.26269651692527307,0.15,0.3,B_hold0.15
98.7,0.2118322121561295,0.15,0.3,B_hold0.15
98.72,0.17335081117469878,0.15,0.3,B_hold0.15
98.74000000000001,0.1526569123906965,0.15,0.3,B_hold0.15
98.76,0.1526569123906966,0.15,0.3,B_hold0.15
98.78,0.1733508111746979,0.15,0.3,B_hold0.15
98.8,0.21183221215612813,0.15,0.3,B_hold0.15
98.82000000000001,0.2626965169252714,0.15,0.3,B_hold0.15
98.84,0.3187999850346439,0.15,0.3,B_hold0.15
98.86,0.37226305111525826,0.15,0.3,B_hold0.15
98.88,0.4155769864163682,0.15,0.3,B_hold0.15
98.9,0.44265847744427317,0.15,0.3,B_hold0.15
98.92,0.44970400926424076,0.15,0.3,B_hold0.15
98.94,0.435724057869903,0.15,0.3,B_hold0.15
98.96000000000001,0.40268206588930444,0.15,0.3,B_hold0.15
98.98,0.3552186829027005,0.15,0.3,B_hold0.15
99.0,0.30000000000000004,0.15,0.3,B_hold0.15
99.02,0.24564871532901938,0.15,0.3,B_hold0.15
99.04,0.2009232818621977,0.15,0.3,B_hold0.15
99.06,0.17267002178802063,0.15,0.3,B_hold0.15
99.08,0.16459145155746202,0.15,0.3,B_hold0.15
99.10000000000001,0.17667398403157386,0.15,0.3,B_hold0.15
99.12,0.20537573488949,0.15,0.3,B_hold0.15
99.14,0.24450823490512463,0.15,0.3,B_hold0.15
99.16,0.2865976853279341,0.15,0.3,B_hold0.15
99.18,0.3244154466470975,0.15,0.3,B_hold0.15
99.2,0.35234439191708483,0.15,0.3,B_hold0.15
99.22,0.3673007785948044,0.15,0.3,B_hold0.15
99.24000000000001,0.369045669294631,0.15,0.3,B_hold0.15
99.26,0.3598668730789763,0.15,0.3,B_hold0.15
99.28,0.34375621857724115,0.15,0.3,B_hold0.15
99.3,0.3253138847984244,0.15,0.3,B_hold0.15
99.32000000000001,0.3086576386486214,0.15,0.3,B_hold0.15
99.34,0.296591788216677,0.15,0.3,B_hold0.15
99.36,0.2902072230347575,0.15,0.3,B_hold0.15
99.38,0.28896337987655807,0.15,0.3,B_hold0.15
99.4,0.2911770496525151,0.15,0.3,B_hold0.15
99.42,0.2947436291964236,0.15,0.3,B_hold0.15
99.44,0.29786798957146643,0.15,0.3,B_hold0.15
99.46000000000001,0.2995951606204082,0.15,0.3,B_hold0.15
99.48,0.3,0.15,0.3,B_hold0.15
99.5,0.3,0.15,0.3,B_hold0.15:tail
99.52,0.3,0.15,0.3,B_hold0.15:tail
99.54,0.3,0.15,0.3,B_hold0.15:tail
99.56,0.3,0.15,0.3,B_hold0.15:tail
99.58,0.3,0.15,0.3,B_hold0.15:tail
99.60000000000001,0.3,0.15,0.3,B_hold0.15:tail
99.62,0.3,0.15,0.3,B_hold0.15:tail
99.64,0.3,0.15,0.3,B_hold0.15:tail
99.66,0.3,0.15,0.3,B_hold0.15:tail
99.68,0.3,0.15,0.3,B_hold0.15:tail
99.7,0.3,0.15,0.3,B_hold0.15:tail
99.72,0.3,0.15,0.3,B_hold0.15:tail
99.74000000000001,0.3,0.15,0.3,B_hold0.15:tail
99.76,0.3,0.15,0.3,B_hold0.15:tail
99.78,0.3,0.15,0.3,B_hold0.15:tail
99.8,0.3,0.15,0.3,B_hold0.15:tail
99.82000000000001,0.3,0.15,0.3,B_hold0.15:tail
99.84,0.3,0.15,0.3,B_hold0.15:tail
99.86,0.3,0.15,0.3,B_hold0.15:tail
99.88,0.3,0.15,0.3,B_hold0.15:tail
99.9,0.3,0.15,0.3,B_hold0.15:tail
99.92,0.3,0.15,0.3,B_hold0.15:tail
99.94,0.3,0.15,0.3,B_hold0.15:tail
99.96000000000001,0.3,0.15,0.3,B_hold0.15:tail
99.98,0.3,0.15,0.3,B_hold0.15:tail
100.0,0.29,0.1475,0.3,rest:down
100.02,0.27999999999999997,0.145,0.3,rest:down
100.04,0.27,0.1425,0.3,rest:down
100.06,0.26,0.13999999999999999,0.3,rest:down
100.08,0.25,0.1375,0.3,rest:down
100.10000000000001,0.24,0.135,0.3,rest:down
100.12,0.22999999999999998,0.1325,0.3,rest:down
100.14,0.22,0.13,0.3,rest:down
100.16,0.21000000000000002,0.1275,0.3,rest:down
100.18,0.2,0.125,0.3,rest:down
100.2,0.19,0.1225,0.3,rest:down
100.22,0.18,0.12,0.3,rest:down
100.24000000000001,0.17,0.1175,0.3,rest:down
100.26,0.16,0.11499999999999999,0.3,rest:down
100.28,0.15000000000000002,0.1125,0.3,rest:down
100.3,0.14,0.11,0.3,rest:down
100.32000000000001,0.13,0.1075,0.3,rest:down
100.34,0.12000000000000002,0.10500000000000001,0.3,rest:down
100.36,0.11000000000000001,0.10250000000000001,0.3,rest:down
100.38,0.1,0.1,0.3,rest:down
100.4,0.1,0.1,0.3,rest
100.42,0.1,0.1,0.3,rest
100.44,0.1,0.1,0.3,rest
100.46000000000001,0.1,0.1,0.3,rest
100.48,0.1,0.1,0.3,rest
100.5,0.1,0.1,0.3,rest
100.52,0.1,0.1,0.3,rest
100.54,0.1,0.1,0.3,rest
100.56,0.1,0.1,0.3,rest
100.58,0.1,0.1,0.3,rest
100.60000000000001,0.1,0.1,0.3,rest
100.62,0.1,0.1,0.3,rest
100.64,0.1,0.1,0.3,rest
100.66,0.1,0.1,0.3,rest
100.68,0.1,0.1,0.3,rest
100.7,0.1,0.1,0.3,rest
100.72,0.1,0.1,0.3,rest
100.74000000000001,0.1,0.1,0.3,rest
100.76,0.1,0.1,0.3,rest
100.78,0.1,0.1,0.3,rest
100.8,0.1,0.1,0.3,rest
100.82000000000001,0.1,0.1,0.3,rest
100.84,0.1,0.1,0.3,rest
100.86,0.1,0.1,0.3,rest
100.88,0.1,0.1,0.3,rest
100.9,0.1,0.1,0.3,rest
100.92,0.1,0.1,0.3,rest
100.94,0.1,0.1,0.3,rest
100.96000000000001,0.1,0.1,0.3,rest
100.98,0.1,0.1,0.3,rest
101.0,0.1,0.1,0.3,rest
101.02,0.1,0.1,0.3,rest
101.04,0.1,0.1,0.3,rest
101.06,0.1,0.1,0.3,rest
101.08,0.1,0.1,0.3,rest
101.10000000000001,0.1,0.1,0.3,rest
101.12,0.1,0.1,0.3,rest
101.14,0.1,0.1,0.3,rest
101.16,0.1,0.1,0.3,rest
101.18,0.1,0.1,0.3,rest
101.2,0.1,0.1,0.3,rest
101.22,0.1,0.1,0.3,rest
101.24000000000001,0.1,0.1,0.3,rest
101.26,0.1,0.1,0.3,rest
101.28,0.1,0.1,0.3,rest
101.3,0.1,0.1,0.3,rest
101.32000000000001,0.1,0.1,0.3,rest
101.34,0.1,0.1,0.3,rest
101.36,0.1,0.1,0.3,rest
101.38,0.1,0.1,0.3,rest
101.4,0.1,0.1,0.3,rest
101.42,0.1,0.1,0.3,rest
101.44,0.1,0.1,0.3,rest
101.46000000000001,0.1,0.1,0.3,rest
101.48,0.1,0.1,0.3,rest
101.5,0.1,0.1,0.3,rest
101.52,0.1,0.1,0.3,rest
101.54,0.1,0.1,0.3,rest
101.56,0.1,0.1,0.3,rest
101.58,0.1,0.1,0.3,rest
101.60000000000001,0.1,0.1,0.3,rest
101.62,0.1,0.1,0.3,rest
101.64,0.1,0.1,0.3,rest
101.66,0.1,0.1,0.3,rest
101.68,0.1,0.1,0.3,rest
101.7,0.1,0.1,0.3,rest
101.72,0.1,0.1,0.3,rest
101.74000000000001,0.1,0.1,0.3,rest
101.76,0.1,0.1,0.3,rest
101.78,0.1,0.1,0.3,rest
101.8,0.1,0.1,0.3,rest
101.82000000000001,0.1,0.1,0.3,rest
101.84,0.1,0.1,0.3,rest
101.86,0.1,0.1,0.3,rest
101.88,0.1,0.1,0.3,rest
101.9,0.1,0.1,0.3,rest
101.92,0.1,0.1,0.3,rest
101.94,0.1,0.1,0.3,rest
101.96000000000001,0.1,0.1,0.3,rest
101.98,0.1,0.1,0.3,rest
102.0,0.1,0.1,0.3,rest
102.02,0.1,0.1,0.3,rest
102.04,0.1,0.1,0.3,rest
102.06,0.1,0.1,0.3,rest
102.08,0.1,0.1,0.3,rest
102.10000000000001,0.1,0.1,0.3,rest
102.12,0.1,0.1,0.3,rest
102.14,0.1,0.1,0.3,rest
102.16,0.1,0.1,0.3,rest
102.18,0.1,0.1,0.3,rest
102.2,0.1,0.1,0.3,rest
102.22,0.1,0.1,0.3,rest
102.24000000000001,0.1,0.1,0.3,rest
102.26,0.1,0.1,0.3,rest
102.28,0.1,0.1,0.3,rest
102.3,0.1,0.1,0.3,rest
102.32000000000001,0.1,0.1,0.3,rest
102.34,0.1,0.1,0.3,rest
102.36,0.1,0.1,0.3,rest
102.38,0.1,0.1,0.3,rest
102.4,0.1,0.1,0.3,rest
102.42,0.1,0.1,0.3,rest
102.44,0.1,0.1,0.3,rest
102.46000000000001,0.1,0.1,0.3,rest
102.48,0.1,0.1,0.3,rest
102.5,0.1,0.1,0.3,rest
102.52,0.1,0.1,0.3,rest
102.54,0.1,0.1,0.3,rest
102.56,0.1,0.1,0.3,rest
102.58,0.1,0.1,0.3,rest
102.60000000000001,0.1,0.1,0.3,rest
102.62,0.1,0.1,0.3,rest
102.64,0.1,0.1,0.3,rest
102.66,0.1,0.1,0.3,rest
102.68,0.1,0.1,0.3,rest
102.7,0.1,0.1,0.3,rest
102.72,0.1,0.1,0.3,rest
102.74000000000001,0.1,0.1,0.3,rest
102.76,0.1,0.1,0.3,rest
102.78,0.1,0.1,0.3,rest
102.8,0.1,0.1,0.3,rest
102.82000000000001,0.1,0.1,0.3,rest
102.84,0.1,0.1,0.3,rest
102.86,0.1,0.1,0.3,rest
102.88,0.1,0.1,0.3,rest
102.9,0.1,0.1,0.3,rest
102.92,0.1,0.1,0.3,rest
102.94,0.1,0.1,0.3,rest
102.96000000000001,0.1,0.1,0.3,rest
102.98,0.1,0.1,0.3,rest
103.0,0.1,0.1,0.3,rest
103.02,0.1,0.1,0.3,rest
103.04,0.1,0.1,0.3,rest
103.06,0.1,0.1,0.3,rest
103.08,0.1,0.1,0.3,rest
103.10000000000001,0.1,0.1,0.3,rest
103.12,0.1,0.1,0.3,rest
103.14,0.1,0.1,0.3,rest
103.16,0.1,0.1,0.3,rest
103.18,0.1,0.1,0.3,rest
103.2,0.1,0.1,0.3,rest
103.22,0.1,0.1,0.3,rest
103.24000000000001,0.1,0.1,0.3,rest
103.26,0.1,0.1,0.3,rest
103.28,0.1,0.1,0.3,rest
103.3,0.1,0.1,0.3,rest
103.32000000000001,0.1,0.1,0.3,rest
103.34,0.1,0.1,0.3,rest
103.36,0.1,0.1,0.3,rest
103.38,0.1,0.1,0.3,rest
103.4,0.1,0.1,0.3,rest
103.42,0.1,0.1,0.3,rest
103.44,0.1,0.1,0.3,rest
103.46000000000001,0.1,0.1,0.3,rest
103.48,0.1,0.1,0.3,rest
103.5,0.1,0.1,0.3,rest
103.52,0.1,0.1,0.3,rest
103.54,0.1,0.1,0.3,rest
103.56,0.1,0.1,0.3,rest
103.58,0.1,0.1,0.3,rest
103.60000000000001,0.1,0.1,0.3,rest
103.62,0.1,0.1,0.3,rest
103.64,0.1,0.1,0.3,rest
103.66,0.1,0.1,0.3,rest
103.68,0.1,0.1,0.3,rest
103.7,0.1,0.1,0.3,rest
103.72,0.1,0.1,0.3,rest
103.74000000000001,0.1,0.1,0.3,rest
103.76,0.1,0.1,0.3,rest
103.78,0.1,0.1,0.3,rest
103.8,0.1,0.1,0.3,rest
103.82000000000001,0.1,0.1,0.3,rest
103.84,0.1,0.1,0.3,rest
103.86,0.1,0.1,0.3,rest
103.88,0.1,0.1,0.3,rest
103.9,0.1,0.1,0.3,rest
103.92,0.1,0.1,0.3,rest
103.94,0.1,0.1,0.3,rest
103.96000000000001,0.1,0.1,0.3,rest
103.98,0.1,0.1,0.3,rest
104.0,0.1,0.1,0.3,rest
104.02,0.1,0.1,0.3,rest
104.04,0.1,0.1,0.3,rest
104.06,0.1,0.1,0.3,rest
104.08,0.1,0.1,0.3,rest
104.10000000000001,0.1,0.1,0.3,rest
104.12,0.1,0.1,0.3,rest
104.14,0.1,0.1,0.3,rest
104.16,0.1,0.1,0.3,rest
104.18,0.1,0.1,0.3,rest
104.2,0.1,0.1,0.3,rest
104.22,0.1,0.1,0.3,rest
104.24000000000001,0.1,0.1,0.3,rest
104.26,0.1,0.1,0.3,rest
104.28,0.1,0.1,0.3,rest
104.3,0.1,0.1,0.3,rest
104.32000000000001,0.1,0.1,0.3,rest
104.34,0.1,0.1,0.3,rest
104.36,0.1,0.1,0.3,rest
104.38,0.1,0.1,0.3,rest
104.4,0.1,0.1,0.3,rest
104.42,0.1,0.1,0.3,rest
104.44,0.1,0.1,0.3,rest
104.46000000000001,0.1,0.1,0.3,rest
104.48,0.1,0.1,0.3,rest
104.5,0.1,0.1,0.3,rest
104.52,0.1,0.1,0.3,rest
104.54,0.1,0.1,0.3,rest
104.56,0.1,0.1,0.3,rest
104.58,0.1,0.1,0.3,rest
104.60000000000001,0.1,0.1,0.3,rest
104.62,0.1,0.1,0.3,rest
104.64,0.1,0.1,0.3,rest
104.66,0.1,0.1,0.3,rest
104.68,0.1,0.1,0.3,rest
104.7,0.1,0.1,0.3,rest
104.72,0.1,0.1,0.3,rest
104.74000000000001,0.1,0.1,0.3,rest
104.76,0.1,0.1,0.3,rest
104.78,0.1,0.1,0.3,rest
104.8,0.1,0.1,0.3,rest
104.82000000000001,0.1,0.1,0.3,rest
104.84,0.1,0.1,0.3,rest
104.86,0.1,0.1,0.3,rest
104.88,0.1,0.1,0.3,rest
104.9,0.1,0.1,0.3,rest
104.92,0.1,0.1,0.3,rest
104.94,0.1,0.1,0.3,rest
104.96000000000001,0.1,0.1,0.3,rest
104.98,0.1,0.1,0.3,rest
105.0,0.1,0.1,0.3,rest
105.02,0.1,0.1,0.3,rest
105.04,0.1,0.1,0.3,rest
105.06,0.1,0.1,0.3,rest
105.08,0.1,0.1,0.3,rest
105.10000000000001,0.1,0.1,0.3,rest
105.12,0.1,0.1,0.3,rest
105.14,0.1,0.1,0.3,rest
105.16,0.1,0.1,0.3,rest
105.18,0.1,0.1,0.3,rest
105.2,0.1,0.1,0.3,rest
105.22,0.1,0.1,0.3,rest
105.24000000000001,0.1,0.1,0.3,rest
105.26,0.1,0.1,0.3,rest
105.28,0.1,0.1,0.3,rest
105.3,0.1,0.1,0.3,rest
105.32000000000001,0.1,0.1,0.3,rest
105.34,0.1,0.1,0.3,rest
105.36,0.1,0.1,0.3,rest
105.38,0.1,0.1,0.3,rest
105.4,0.1,0.1,0.3,rest
105.42,0.1,0.1,0.3,rest
105.44,0.1,0.1,0.3,rest
105.46000000000001,0.1,0.1,0.3,rest
105.48,0.1,0.1,0.3,rest
105.5,0.1,0.1,0.3,rest
105.52,0.1,0.1,0.3,rest
105.54,0.1,0.1,0.3,rest
105.56,0.1,0.1,0.3,rest
105.58,0.1,0.1,0.3,rest
105.60000000000001,0.1,0.1,0.3,rest
105.62,0.1,0.1,0.3,rest
105.64,0.1,0.1,0.3,rest
105.66,0.1,0.1,0.3,rest
105.68,0.1,0.1,0.3,rest
105.7,0.1,0.1,0.3,rest
105.72,0.1,0.1,0.3,rest
105.74000000000001,0.1,0.1,0.3,rest
105.76,0.1,0.1,0.3,rest
105.78,0.1,0.1,0.3,rest
105.8,0.1,0.1,0.3,rest
105.82000000000001,0.1,0.1,0.3,rest
105.84,0.1,0.1,0.3,rest
105.86,0.1,0.1,0.3,rest
105.88,0.1,0.1,0.3,rest
105.9,0.1,0.1,0.3,rest
105.92,0.1,0.1,0.3,rest
105.94,0.1,0.1,0.3,rest
105.96000000000001,0.1,0.1,0.3,rest
105.98,0.1,0.1,0.3,rest
106.0,0.1,0.1,0.3,rest
106.02,0.1,0.1,0.3,rest
106.04,0.1,0.1,0.3,rest
106.06,0.1,0.1,0.3,rest
106.08,0.1,0.1,0.3,rest
106.10000000000001,0.1,0.1,0.3,rest
106.12,0.1,0.1,0.3,rest
106.14,0.1,0.1,0.3,rest
106.16,0.1,0.1,0.3,rest
106.18,0.1,0.1,0.3,rest
106.2,0.1,0.1,0.3,rest
106.22,0.1,0.1,0.3,rest
106.24000000000001,0.1,0.1,0.3,rest
106.26,0.1,0.1,0.3,rest
106.28,0.1,0.1,0.3,rest
106.3,0.1,0.1,0.3,rest
106.32000000000001,0.1,0.1,0.3,rest
106.34,0.1,0.1,0.3,rest
106.36,0.1,0.1,0.3,rest
106.38,0.1,0.1,0.3,rest
106.4,0.1,0.1,0.3,rest
106.42,0.1,0.1,0.3,rest
106.44,0.1,0.1,0.3,rest
106.46000000000001,0.1,0.1,0.3,rest
106.48,0.1,0.1,0.3,rest
106.5,0.1,0.1,0.3,rest
106.52,0.1,0.1,0.3,rest
106.54,0.1,0.1,0.3,rest
106.56,0.1,0.1,0.3,rest
106.58,0.1,0.1,0.3,rest
106.60000000000001,0.1,0.1,0.3,rest
106.62,0.1,0.1,0.3,rest
106.64,0.1,0.1,0.3,rest
106.66,0.1,0.1,0.3,rest
106.68,0.1,0.1,0.3,rest
106.7,0.1,0.1,0.3,rest
106.72,0.1,0.1,0.3,rest
106.74000000000001,0.1,0.1,0.3,rest
106.76,0.1,0.1,0.3,rest
106.78,0.1,0.1,0.3,rest
106.8,0.1,0.1,0.3,rest
106.82000000000001,0.1,0.1,0.3,rest
106.84,0.1,0.1,0.3,rest
106.86,0.1,0.1,0.3,rest
106.88,0.1,0.1,0.3,rest
106.9,0.1,0.1,0.3,rest
106.92,0.1,0.1,0.3,rest
106.94,0.1,0.1,0.3,rest
106.96000000000001,0.1,0.1,0.3,rest
106.98,0.1,0.1,0.3,rest
107.0,0.1,0.1,0.3,rest
107.02,0.1,0.1,0.3,rest
107.04,0.1,0.1,0.3,rest
107.06,0.1,0.1,0.3,rest
107.08,0.1,0.1,0.3,rest
107.10000000000001,0.1,0.1,0.3,rest
107.12,0.1,0.1,0.3,rest
107.14,0.1,0.1,0.3,rest
107.16,0.1,0.1,0.3,rest
107.18,0.1,0.1,0.3,rest
107.2,0.1,0.1,0.3,rest
107.22,0.1,0.1,0.3,rest
107.24000000000001,0.1,0.1,0.3,rest
107.26,0.1,0.1,0.3,rest
107.28,0.1,0.1,0.3,rest
107.3,0.1,0.1,0.3,rest
107.32000000000001,0.1,0.1,0.3,rest
107.34,0.1,0.1,0.3,rest
107.36,0.1,0.1,0.3,rest
107.38,0.1,0.1,0.3,rest
107.4,0.1,0.1,0.3,rest
107.42,0.1,0.1,0.3,rest
107.44,0.1,0.1,0.3,rest
107.46000000000001,0.1,0.1,0.3,rest
107.48,0.1,0.1,0.3,rest
107.5,0.1,0.1,0.3,rest
107.52,0.1,0.1,0.3,rest
107.54,0.1,0.1,0.3,rest
107.56,0.1,0.1,0.3,rest
107.58,0.1,0.1,0.3,rest
107.60000000000001,0.1,0.1,0.3,rest
107.62,0.1,0.1,0.3,rest
107.64,0.1,0.1,0.3,rest
107.66,0.1,0.1,0.3,rest
107.68,0.1,0.1,0.3,rest
107.7,0.1,0.1,0.3,rest
107.72,0.1,0.1,0.3,rest
107.74000000000001,0.1,0.1,0.3,rest
107.76,0.1,0.1,0.3,rest
107.78,0.1,0.1,0.3,rest
107.8,0.1,0.1,0.3,rest
107.82000000000001,0.1,0.1,0.3,rest
107.84,0.1,0.1,0.3,rest
107.86,0.1,0.1,0.3,rest
107.88,0.1,0.1,0.3,rest
107.9,0.1,0.1,0.3,rest
107.92,0.1,0.1,0.3,rest
107.94,0.1,0.1,0.3,rest
107.96000000000001,0.1,0.1,0.3,rest
107.98,0.1,0.1,0.3,rest
108.0,0.1,0.1,0.3,rest
108.02,0.1,0.1,0.3,rest
108.04,0.1,0.1,0.3,rest
108.06,0.1,0.1,0.3,rest
108.08,0.1,0.1,0.3,rest
108.10000000000001,0.1,0.1,0.3,rest
108.12,0.1,0.1,0.3,rest
108.14,0.1,0.1,0.3,rest
108.16,0.1,0.1,0.3,rest
108.18,0.1,0.1,0.3,rest
108.2,0.1,0.1,0.3,rest
108.22,0.1,0.1,0.3,rest
108.24000000000001,0.1,0.1,0.3,rest
108.26,0.1,0.1,0.3,rest
108.28,0.1,0.1,0.3,rest
108.3,0.1,0.1,0.3,rest
108.32000000000001,0.1,0.1,0.3,rest
108.34,0.1,0.1,0.3,rest
108.36,0.1,0.1,0.3,rest
108.38,0.1,0.1,0.3,rest
108.4,0.1,0.1,0.3,rest
108.42,0.1,0.1,0.3,rest
108.44,0.1,0.1,0.3,rest
108.46000000000001,0.1,0.1,0.3,rest
108.48,0.1,0.1,0.3,rest
108.5,0.1,0.1,0.3,rest
108.52,0.1,0.1,0.3,rest
108.54,0.1,0.1,0.3,rest
108.56,0.1,0.1,0.3,rest
108.58,0.1,0.1,0.3,rest
108.60000000000001,0.1,0.1,0.3,rest
108.62,0.1,0.1,0.3,rest
108.64,0.1,0.1,0.3,rest
108.66,0.1,0.1,0.3,rest
108.68,0.1,0.1,0.3,rest
108.7,0.1,0.1,0.3,rest
108.72,0.1,0.1,0.3,rest
108.74000000000001,0.1,0.1,0.3,rest
108.76,0.1,0.1,0.3,rest
108.78,0.1,0.1,0.3,rest
108.8,0.1,0.1,0.3,rest
108.82000000000001,0.1,0.1,0.3,rest
108.84,0.1,0.1,0.3,rest
108.86,0.1,0.1,0.3,rest
108.88,0.1,0.1,0.3,rest
108.9,0.1,0.1,0.3,rest
108.92,0.1,0.1,0.3,rest
108.94,0.1,0.1,0.3,rest
108.96000000000001,0.1,0.1,0.3,rest
108.98,0.1,0.1,0.3,rest
109.0,0.1,0.1,0.3,rest
109.02,0.1,0.1,0.3,rest
109.04,0.1,0.1,0.3,rest
109.06,0.1,0.1,0.3,rest
109.08,0.1,0.1,0.3,rest
109.10000000000001,0.1,0.1,0.3,rest
109.12,0.1,0.1,0.3,rest
109.14,0.1,0.1,0.3,rest
109.16,0.1,0.1,0.3,rest
109.18,0.1,0.1,0.3,rest
109.2,0.1,0.1,0.3,rest
109.22,0.1,0.1,0.3,rest
109.24000000000001,0.1,0.1,0.3,rest
109.26,0.1,0.1,0.3,rest
109.28,0.1,0.1,0.3,rest
109.3,0.1,0.1,0.3,rest
109.32000000000001,0.1,0.1,0.3,rest
109.34,0.1,0.1,0.3,rest
109.36,0.1,0.1,0.3,rest
109.38,0.1,0.1,0.3,rest
109.4,0.1,0.1,0.3,rest
109.42,0.1,0.1,0.3,rest
109.44,0.1,0.1,0.3,rest
109.46000000000001,0.1,0.1,0.3,rest
109.48,0.1,0.1,0.3,rest
109.5,0.1,0.1,0.3,rest
109.52,0.1,0.1,0.3,rest
109.54,0.1,0.1,0.3,rest
109.56,0.1,0.1,0.3,rest
109.58,0.1,0.1,0.3,rest
109.60000000000001,0.1,0.1,0.3,rest
109.62,0.1,0.1,0.3,rest
109.64,0.1,0.1,0.3,rest
109.66,0.1,0.1,0.3,rest
109.68,0.1,0.1,0.3,rest
109.7,0.1,0.1,0.3,rest
109.72,0.1,0.1,0.3,rest
109.74000000000001,0.1,0.1,0.3,rest
109.76,0.1,0.1,0.3,rest
109.78,0.1,0.1,0.3,rest
109.8,0.1,0.1,0.3,rest
109.82000000000001,0.1,0.1,0.3,rest
109.84,0.1,0.1,0.3,rest
109.86,0.1,0.1,0.3,rest
109.88,0.1,0.1,0.3,rest
109.9,0.1,0.1,0.3,rest
109.92,0.1,0.1,0.3,rest
109.94,0.1,0.1,0.3,rest
109.96000000000001,0.1,0.1,0.3,rest
109.98,0.1,0.1,0.3,rest
110.0,0.1,0.1,0.3,rest
110.02,0.1,0.1,0.3,rest
110.04,0.1,0.1,0.3,rest
110.06,0.1,0.1,0.3,rest
110.08,0.1,0.1,0.3,rest
110.10000000000001,0.1,0.1,0.3,rest
110.12,0.1,0.1,0.3,rest
110.14,0.1,0.1,0.3,rest
110.16,0.1,0.1,0.3,rest
110.18,0.1,0.1,0.3,rest
110.2,0.1,0.1,0.3,rest
110.22,0.1,0.1,0.3,rest
110.24000000000001,0.1,0.1,0.3,rest
110.26,0.1,0.1,0.3,rest
110.28,0.1,0.1,0.3,rest
110.3,0.1,0.1,0.3,rest
110.32000000000001,0.1,0.1,0.3,rest
110.34,0.1,0.1,0.3,rest
110.36,0.1,0.1,0.3,rest
110.38,0.1,0.1,0.3,rest
110.4,0.1,0.1,0.3,B_hold0.35:settle
110.42,0.10408163265306122,0.10510204081632654,0.3,B_hold0.35:settle
110.44,0.10816326530612246,0.11020408163265306,0.3,B_hold0.35:settle
110.46000000000001,0.11224489795918367,0.1153061224489796,0.3,B_hold0.35:settle
110.48,0.1163265306122449,0.12040816326530612,0.3,B_hold0.35:settle
110.5,0.12040816326530612,0.12551020408163266,0.3,B_hold0.35:settle
110.52,0.12448979591836735,0.1306122448979592,0.3,B_hold0.35:settle
110.54,0.12857142857142856,0.1357142857142857,0.3,B_hold0.35:settle
110.56,0.1326530612244898,0.14081632653061224,0.3,B_hold0.35:settle
110.58,0.13673469387755102,0.14591836734693878,0.3,B_hold0.35:settle
110.60000000000001,0.14081632653061224,0.15102040816326529,0.3,B_hold0.35:settle
110.62,0.14489795918367346,0.15612244897959182,0.3,B_hold0.35:settle
110.64,0.1489795918367347,0.16122448979591836,0.3,B_hold0.35:settle
110.66,0.15306122448979592,0.1663265306122449,0.3,B_hold0.35:settle
110.68,0.15714285714285714,0.17142857142857143,0.3,B_hold0.35:settle
110.7,0.16122448979591836,0.17653061224489794,0.3,B_hold0.35:settle
110.72,0.16530612244897958,0.18163265306122447,0.3,B_hold0.35:settle
110.74000000000001,0.16938775510204082,0.186734693877551,0.3,B_hold0.35:settle
110.76,0.17346938775510204,0.19183673469387752,0.3,B_hold0.35:settle
110.78,0.17755102040816326,0.19693877551020406,0.3,B_hold0.35:settle
110.8,0.18163265306122447,0.2020408163265306,0.3,B_hold0.35:settle
110.82000000000001,0.18571428571428572,0.20714285714285713,0.3,B_hold0.35:settle
110.84,0.18979591836734694,0.21224489795918366,0.3,B_hold0.35:settle
110.86,0.19387755102040816,0.2173469387755102,0.3,B_hold0.35:settle
110.88,0.19795918367346937,0.22244897959183674,0.3,B_hold0.35:settle
110.9,0.2020408163265306,0.22755102040816325,0.3,B_hold0.35:settle
110.92,0.2061224489795918,0.23265306122448975,0.3,B_hold0.35:settle
110.94,0.21020408163265303,0.2377551020408163,0.3,B_hold0.35:settle
110.96000000000001,0.21428571428571427,0.24285714285714283,0.3,B_hold0.35:settle
110.98,0.21836734693877552,0.24795918367346936,0.3,B_hold0.35:settle
111.0,0.2224489795918367,0.25306122448979584,0.3,B_hold0.35:settle
111.02,0.22653061224489793,0.25816326530612244,0.3,B_hold0.35:settle
111.04,0.23061224489795917,0.2632653061224489,0.3,B_hold0.35:settle
111.06,0.2346938775510204,0.2683673469387755,0.3,B_hold0.35:settle
111.08,0.23877551020408164,0.273469387755102,0.3,B_hold0.35:settle
111.10000000000001,0.24285714285714283,0.2785714285714285,0.3,B_hold0.35:settle
111.12,0.24693877551020407,0.28367346938775506,0.3,B_hold0.35:settle
111.14,0.2510204081632653,0.2887755102040816,0.3,B_hold0.35:settle
111.16,0.2551020408163265,0.29387755102040813,0.3,B_hold0.35:settle
111.18,0.25918367346938775,0.2989795918367346,0.3,B_hold0.35:settle
111.2,0.2632653061224489,0.3040816326530612,0.3,B_hold0.35:settle
111.22,0.2673469387755102,0.3091836734693877,0.3,B_hold0.35:settle
111.24000000000001,0.2714285714285714,0.3142857142857143,0.3,B_hold0.35:settle
111.26,0.2755102040816326,0.31938775510204076,0.3,B_hold0.35:settle
111.28,0.27959183673469384,0.3244897959183673,0.3,B_hold0.35:settle
111.3,0.28367346938775506,0.32959183673469383,0.3,B_hold0.35:settle
111.32000000000001,0.28775510204081634,0.33469387755102037,0.3,B_hold0.35:settle
111.34,0.2918367346938775,0.3397959183673469,0.3,B_hold0.35:settle
111.36,0.29591836734693877,0.34489795918367344,0.3,B_hold0.35:settle
111.38,0.3,0.35,0.3,B_hold0.35:settle
111.4,0.3,0.35,0.3,B_hold0.35
111.42,0.30021770790385444,0.35,0.3,B_hold0.35
111.44,0.3016129729595117,0.35,0.3,B_hold0.35
111.46000000000001,0.30476551014656544,0.35,0.3,B_hold0.35
111.48,0.30925869295831904,0.35,0.3,B_hold0.35
111.5,0.3136226724001005,0.35,0.3,B_hold0.35
111.52,0.3156624946334626,0.35,0.3,B_hold0.35
111.54,0.31310042438097824,0.35,0.3,B_hold0.35
111.56,0.30436322465393917,0.35,0.3,B_hold0.35
111.58,0.2892897837608696,0.35,0.3,B_hold0.35
111.60000000000001,0.26953877847816504,0.35,0.3,B_hold0.35
111.62,0.2485412513339993,0.35,0.3,B_hold0.35
111.64,0.23095433070536897,0.35,0.3,B_hold0.35
111.66,0.2217025816853277,0.35,0.3,B_hold0.35
111.68,0.22480955984069845,0.35,0.3,B_hold0.35
111.7,0.242293433677964,0.35,0.3,B_hold0.35
111.72,0.27340673316440217,0.35,0.3,B_hold0.35
111.74000000000001,0.31443676038070645,0.35,0.3,B_hold0.35
111.76,0.359162626734279,0.35,0.3,B_hold0.35
111.78,0.3999144917829057,0.35,0.3,B_hold0.35
111.8,0.4290358050441725,0.35,0.3,B_hold0.35
111.82000000000001,0.44044531630592165,0.35,0.3,B_hold0.35
111.84,0.4309585477233375,0.35,0.3,B_hold0.35
111.86,0.4010690929297915,0.35,0.3,B_hold0.35
111.88,0.3550009749988472,0.35,0.3,B_hold0.35
111.9,0.30000000000000004,0.35,0.3,B_hold0.35
111.92,0.2447813170972984,0.35,0.3,B_hold0.35
111.94,0.19731793411069662,0.35,0.3,B_hold0.35
111.96000000000001,0.16427594213009705,0.35,0.3,B_hold0.35
111.98,0.15029599073575928,0.35,0.3,B_hold0.35
112.0,0.15734152255572692,0.35,0.3,B_hold0.35
112.02,0.18442301358363153,0.35,0.3,B_hold0.35
112.04,0.22773694888474277,0.35,0.3,B_hold0.35
112.06,0.2812000149653544,0.35,0.3,B_hold0.35
112.08,0.3373034830747282,0.35,0.3,B_hold0.35
112.10000000000001,0.3881677878438711,0.35,0.3,B_hold0.35
112.12,0.4266491888253022,0.35,0.3,B_hold0.35
112.14,0.44734308760930325,0.35,0.3,B_hold0.35
112.16,0.4473430876093033,0.35,0.3,B_hold0.35
112.18,0.42664918882530223,0.35,0.3,B_hold0.35
112.2,0.388167787843871,0.35,0.3,B_hold0.35
112.22,0.33730348307472807,0.35,0.3,B_hold0.35
112.24000000000001,0.28120001496535457,0.35,0.3,B_hold0.35
112.26,0.2277369488847427,0.35,0.3,B_hold0.35
112.28,0.1844230135836318,0.35,0.3,B_hold0.35
112.3,0.15734152255572698,0.35,0.3,B_hold0.35
112.32000000000001,0.15029599073575925,0.35,0.3,B_hold0.35
112.34,0.16427594213009722,0.35,0.3,B_hold0.35
112.36,0.1973179341106967,0.35,0.3,B_hold0.35
112.38,0.244781317097298,0.35,0.3,B_hold0.35
112.4,0.2999999999999999,0.35,0.3,B_hold0.35
112.42,0.35521868290270175,0.35,0.3,B_hold0.35
112.44,0.4026820658893031,0.35,0.3,B_hold0.35
112.46000000000001,0.43572405786990287,0.35,0.3,B_hold0.35
112.48,0.4497040092642407,0.35,0.3,B_hold0.35
112.5,0.44265847744427306,0.35,0.3,B_hold0.35
112.52,0.4155769864163683,0.35,0.3,B_hold0.35
112.54,0.37226305111525704,0.35,0.3,B_hold0.35
112.56,0.3187999850346462,0.35,0.3,B_hold0.35
112.58,0.2626965169252721,0.35,0.3,B_hold0.35
112.60000000000001,0.21183221215612913,0.35,0.3,B_hold0.35
112.62,0.17335081117469797,0.35,0.3,B_hold0.35
112.64,0.15265691239069673,0.35,0.3,B_hold0.35
112.66,0.15265691239069668,0.35,0.3,B_hold0.35
112.68,0.17335081117469783,0.35,0.3,B_hold0.35
112.7,0.2118322121561289,0.35,0.3,B_hold0.35
112.72,0.26269651692527185,0.35,0.3,B_hold0.35
112.74000000000001,0.3187999850346459,0.35,0.3,B_hold0.35
112.76,0.37226305111525726,0.35,0.3,B_hold0.35
112.78,0.4155769864163685,0.35,0.3,B_hold0.35
112.8,0.4426584774442731,0.35,0.3,B_hold0.35
112.82000000000001,0.44970400926424076,0.35,0.3,B_hold0.35
112.84,0.435724057869903,0.35,0.3,B_hold0.35
112.86,0.40268206588930333,0.35,0.3,B_hold0.35
112.88,0.35521868290270203,0.35,0.3,B_hold0.35
112.9,0.30000000000000016,0.35,0.3,B_hold0.35
112.92,0.24478131709729825,0.35,0.3,B_hold0.35
112.94,0.1973179341106969,0.35,0.3,B_hold0.35
112.96000000000001,0.16427594213009708,0.35,0.3,B_hold0.35
112.98,0.15029599073575925,0.35,0.3,B_hold0.35
113.0,0.1573415225557269,0.35,0.3,B_hold0.35
113.02,0.1844230135836316,0.35,0.3,B_hold0.35
113.04,0.2277369488847429,0.35,0.3,B_hold0.35
113.06,0.2812000149653548,0.35,0.3,B_hold0.35
113.08,0.3373034830747278,0.35,0.3,B_hold0.35
113.10000000000001,0.3881677878438704,0.35,0.3,B_hold0.35
113.12,0.42664918882530223,0.35,0.3,B_hold0.35
113.14,0.4473430876093032,0.35,0.3,B_hold0.35
113.16,0.4473430876093034,0.35,0.3,B_hold0.35
113.18,0.4266491888253022,0.35,0.3,B_hold0.35
113.2,0.3881677878438711,0.35,0.3,B_hold0.35
113.22,0.3373034830747287,0.35,0.3,B_hold0.35
113.24000000000001,0.28120001496535413,0.35,0.3,B_hold0.35
113.26,0.22773694888474277,0.35,0.3,B_hold0.35
113.28,0.18442301358363122,0.35,0.3,B_hold0.35
113.3,0.15734152255572686,0.35,0.3,B_hold0.35
113.32000000000001,0.15029599073575925,0.35,0.3,B_hold0.35
113.34,0.1642759421300969,0.35,0.3,B_hold0.35
113.36,0.1973179341106962,0.35,0.3,B_hold0.35
113.38,0.2447813170972984,0.35,0.3,B_hold0.35
113.4,0.29999999999999977,0.35,0.3,B_hold0.35
113.42,0.3552186829027012,0.35,0.3,B_hold0.35
113.44,0.40268206588930344,0.35,0.3,B_hold0.35
113.46000000000001,0.43572405786990287,0.35,0.3,B_hold0.35
113.48,0.4497040092642407,0.35,0.3,B_hold0.35
113.5,0.4426584774442729,0.35,0.3,B_hold0.35
113.52,0.4155769864163684,0.35,0.3,B_hold0.35
113.54,0.3722630511152576,0.35,0.3,B_hold0.35
113.56,0.31879998503464524,0.35,0.3,B_hold0.35
113.58,0.2626965169252717,0.35,0.3,B_hold0.35
113.60000000000001,0.21183221215612924,0.35,0.3,B_hold0.35
113.62,0.17335081117469747,0.35,0.3,B_hold0.35
113.64,0.15265691239069665,0.35,0.3,B_hold0.35
113.66,0.15265691239069687,0.35,0.3,B_hold0.35
113.68,0.17335081117469806,0.35,0.3,B_hold0.35
113.7,0.21183221215612924,0.35,0.3,B_hold0.35
113.72,0.2626965169252707,0.35,0.3,B_hold0.35
113.74000000000001,0.31879998503464524,0.35,0.3,B_hold0.35
113.76,0.3722630511152567,0.35,0.3,B_hold0.35
113.78,0.41557698641636776,0.35,0.3,B_hold0.35
113.8,0.4426584774442729,0.35,0.3,B_hold0.35
113.82000000000001,0.44970400926424076,0.35,0.3,B_hold0.35
113.84,0.4357240578699033,0.35,0.3,B_hold0.35
113.86,0.4026820658893034,0.35,0.3,B_hold0.35
113.88,0.35521868290270214,0.35,0.3,B_hold0.35
113.9,0.3000000000000008,0.35,0.3,B_hold0.35
113.92,0.24478131709729836,0.35,0.3,B_hold0.35
113.94,0.19731793411069698,0.35,0.3,B_hold0.35
113.96000000000001,0.1642759421300969,0.35,0.3,B_hold0.35
113.98,0.15029599073575925,0.35,0.3,B_hold0.35
114.0,0.15734152255572686,0.35,0.3,B_hold0.35
114.02,0.1844230135836319,0.35,0.3,B_hold0.35
114.04,0.22773694888474283,0.35,0.3,B_hold0.35
114.06,0.2812000149653542,0.35,0.3,B_hold0.35
114.08,0.33730348307472874,0.35,0.3,B_hold0.35
114.10000000000001,0.3881677878438711,0.35,0.3,B_hold0.35
114.12,0.42664918882530223,0.35,0.3,B_hold0.35
114.14,0.4473430876093034,0.35,0.3,B_hold0.35
114.16,0.4473430876093032,0.35,0.3,B_hold0.35
114.18,0.42664918882530223,0.35,0.3,B_hold0.35
114.2,0.38816778784387035,0.35,0.3,B_hold0.35
114.22,0.3373034830747288,0.35,0.3,B_hold0.35
114.24000000000001,0.2812000149653553,0.35,0.3,B_hold0.35
114.26,0.22773694888474288,0.35,0.3,B_hold0.35
114.28,0.18442301358363195,0.35,0.3,B_hold0.35
114.3,0.15734152255572723,0.35,0.3,B_hold0.35
114.32000000000001,0.15029599073575925,0.35,0.3,B_hold0.35
114.34,0.16427594213009689,0.35,0.3,B_hold0.35
114.36,0.19731793411069615,0.35,0.3,B_hold0.35
114.38,0.24478131709729828,0.35,0.3,B_hold0.35
114.4,0.29999999999999966,0.35,0.3,B_hold0.35
114.42,0.3552186829027011,0.35,0.3,B_hold0.35
114.44,0.40268206588930333,0.35,0.3,B_hold0.35
114.46000000000001,0.4357240578699028,0.35,0.3,B_hold0.35
114.48,0.4497040092642407,0.35,0.3,B_hold0.35
114.5,0.442658477444273,0.35,0.3,B_hold0.35
114.52,0.4155769864163684,0.35,0.3,B_hold0.35
114.54,0.3722630511152577,0.35,0.3,B_hold0.35
114.56,0.31879998503464535,0.35,0.3,B_hold0.35
114.58,0.2626965169252718,0.35,0.3,B_hold0.35
114.60000000000001,0.2118322121561293,0.35,0.3,B_hold0.35
114.62,0.17335081117469753,0.35,0.3,B_hold0.35
114.64,0.15265691239069668,0.35,0.3,B_hold0.35
114.66,0.15265691239069684,0.35,0.3,B_hold0.35
114.68,0.173350811174698,0.35,0.3,B_hold0.35
114.7,0.21183221215612916,0.35,0.3,B_hold0.35
114.72,0.2626965169252726,0.35,0.3,B_hold0.35
114.74000000000001,0.31879998503464513,0.35,0.3,B_hold0.35
114.76,0.3722630511152566,0.35,0.3,B_hold0.35
114.78,0.41557698641636764,0.35,0.3,B_hold0.35
114.8,0.44265847744427256,0.35,0.3,B_hold0.35
114.82000000000001,0.44970400926424076,0.35,0.3,B_hold0.35
114.84,0.43572405786990287,0.35,0.3,B_hold0.35
114.86,0.4026820658893043,0.35,0.3,B_hold0.35
114.88,0.35521868290270225,0.35,0.3,B_hold0.35
114.9,0.2999999999999998,0.35,0.3,B_hold0.35
114.92,0.24478131709729944,0.35,0.3,B_hold0.35
114.94,0.19731793411069704,0.35,0.3,B_hold0.35
114.96000000000001,0.16427594213009697,0.35,0.3,B_hold0.35
114.98,0.15029599073575933,0.35,0.3,B_hold0.35
115.0,0.15734152255572684,0.35,0.3,B_hold0.35
115.02,0.18442301358363183,0.35,0.3,B_hold0.35
115.04,0.22773694888474177,0.35,0.3,B_hold0.35
115.06,0.2812000149653541,0.35,0.3,B_hold0.35
115.08,0.3373034830747286,0.35,0.3,B_hold0.35
115.10000000000001,0.3881677878438702,0.35,0.3,B_hold0.35
115.12,0.4266491888253021,0.35,0.3,B_hold0.35
115.14,0.4473430876093034,0.35,0.3,B_hold0.35
115.16,0.4473430876093031,0.35,0.3,B_hold0.35
115.18,0.4266491888253023,0.35,0.3,B_hold0.35
115.2,0.3881677878438704,0.35,0.3,B_hold0.35
115.22,0.33730348307472685,0.35,0.3,B_hold0.35
115.24000000000001,0.28120001496535435,0.35,0.3,B_hold0.35
115.26,0.2277369488847439,0.35,0.3,B_hold0.35
115.28,0.18442301358363203,0.35,0.3,B_hold0.35
115.3,0.15734152255572692,0.35,0.3,B_hold0.35
115.32000000000001,0.15029599073575917,0.35,0.3,B_hold0.35
115.34,0.16427594213009683,0.35,0.3,B_hold0.35
115.36,0.19731793411069687,0.35,0.3,B_hold0.35
115.38,0.2447813170972972,0.35,0.3,B_hold0.35
115.4,0.29999999999999954,0.35,0.3,B_hold0.35
115.42,0.355218682902702,0.35,0.3,B_hold0.35
115.44,0.4026820658893025,0.35,0.3,B_hold0.35
115.46000000000001,0.43572405786990365,0.35,0.3,B_hold0.35
115.48,0.44970400926424076,0.35,0.3,B_hold0.35
115.5,0.44265847744427333,0.35,0.3,B_hold0.35
115.52,0.41557698641636853,0.35,0.3,B_hold0.35
115.54,0.3722630511152587,0.35,0.3,B_hold0.35
115.56,0.3187999850346465,0.35,0.3,B_hold0.35
115.58,0.26269651692527396,0.35,0.3,B_hold0.35
115.60000000000001,0.21183221215612852,0.35,0.3,B_hold0.35
115.62,0.17335081117469814,0.35,0.3,B_hold0.35
115.64,0.1526569123906967,0.35,0.3,B_hold0.35
115.66,0.15265691239069643,0.35,0.3,B_hold0.35
115.68,0.17335081117469736,0.35,0.3,B_hold0.35
115.7,0.21183221215612907,0.35,0.3,B_hold0.35
115.72,0.26269651692527257,0.35,0.3,B_hold0.35
115.74000000000001,0.318799985034645,0.35,0.3,B_hold0.35
115.76,0.3722630511152574,0.35,0.3,B_hold0.35
115.78,0.4155769864163676,0.35,0.3,B_hold0.35
115.8,0.4426584774442729,0.35,0.3,B_hold0.35
115.82000000000001,0.4497040092642407,0.35,0.3,B_hold0.35
115.84,0.4357240578699025,0.35,0.3,B_hold0.35
115.86,0.40268206588930355,0.35,0.3,B_hold0.35
115.88,0.35521868290270137,0.35,0.3,B_hold0.35
115.9,0.30000000000000104,0.35,0.3,B_hold0.35
115.92,0.24478131709729659,0.35,0.3,B_hold0.35
115.94,0.19731793411069637,0.35,0.3,B_hold0.35
115.96000000000001,0.16427594213009655,0.35,0.3,B_hold0.35
115.98,0.15029599073575928,0.35,0.3,B_hold0.35
116.0,0.15734152255572714,0.35,0.3,B_hold0.35
116.02,0.18442301358363106,0.35,0.3,B_hold0.35
116.04,0.22773694888474078,0.35,0.3,B_hold0.35
116.06,0.281200014965355,0.35,0.3,B_hold0.35
116.08,0.3373034830747275,0.35,0.3,B_hold0.35
116.10000000000001,0.38816778784387096,0.35,0.3,B_hold0.35
116.12,0.4266491888253015,0.35,0.3,B_hold0.35
116.14,0.4473430876093032,0.35,0.3,B_hold0.35
116.16,0.44734308760930364,0.35,0.3,B_hold0.35
116.18,0.4266491888253018,0.35,0.3,B_hold0.35
116.2,0.3881677878438714,0.35,0.3,B_hold0.35
116.22,0.337303483074728,0.35,0.3,B_hold0.35
116.24000000000001,0.2812000149653555,0.35,0.3,B_hold0.35
116.26,0.22773694888474308,0.35,0.3,B_hold0.35
116.28,0.18442301358363278,0.35,0.3,B_hold0.35
116.3,0.15734152255572664,0.35,0.3,B_hold0.35
116.32000000000001,0.15029599073575925,0.35,0.3,B_hold0.35
116.34,0.16427594213009725,0.35,0.3,B_hold0.35
116.36,0.19731793411069598,0.35,0.3,B_hold0.35
116.38,0.24478131709729808,0.35,0.3,B_hold0.35
116.4,0.2999999999999984,0.35,0.3,B_hold0.35
116.42,0.35521868290270286,0.35,0.3,B_hold0.35
116.44,0.4026820658893032,0.35,0.3,B_hold0.35
116.46000000000001,0.4357240578699032,0.35,0.3,B_hold0.35
116.48,0.4497040092642407,0.35,0.3,B_hold0.35
116.5,0.442658477444273,0.35,0.3,B_hold0.35
116.52,0.4155769864163679,0.35,0.3,B_hold0.35
116.54,0.37226305111525787,0.35,0.3,B_hold0.35
116.56,0.31879998503464557,0.35,0.3,B_hold0.35
116.58,0.26269651692527307,0.35,0.3,B_hold0.35
116.60000000000001,0.2118322121561295,0.35,0.3,B_hold0.35
116.62,0.17335081117469878,0.35,0.3,B_hold0.35
116.64,0.1526569123906965,0.35,0.3,B_hold0.35
116.66,0.1526569123906966,0.35,0.3,B_hold0.35
116.68,0.1733508111746979,0.35,0.3,B_hold0.35
116.7,0.21183221215612813,0.35,0.3,B_hold0.35
116.72,0.2626965169252714,0.35,0.3,B_hold0.35
116.74000000000001,0.3187999850346439,0.35,0.3,B_hold0.35
116.76,0.37226305111525826,0.35,0.3,B_hold0.35
116.78,0.4155769864163682,0.35,0.3,B_hold0.35
116.8,0.44265847744427317,0.35,0.3,B_hold0.35
116.82000000000001,0.44970400926424076,0.35,0.3,B_hold0.35
116.84,0.435724057869903,0.35,0.3,B_hold0.35
116.86,0.40268206588930444,0.35,0.3,B_hold0.35
116.88,0.3552186829027005,0.35,0.3,B_hold0.35
116.9,0.30000000000000004,0.35,0.3,B_hold0.35
116.92,0.24564871532901938,0.35,0.3,B_hold0.35
116.94,0.2009232818621977,0.35,0.3,B_hold0.35
116.96000000000001,0.17267002178802063,0.35,0.3,B_hold0.35
116.98,0.16459145155746202,0.35,0.3,B_hold0.35
117.0,0.17667398403157386,0.35,0.3,B_hold0.35
117.02,0.20537573488949,0.35,0.3,B_hold0.35
117.04,0.24450823490512463,0.35,0.3,B_hold0.35
117.06,0.2865976853279341,0.35,0.3,B_hold0.35
117.08,0.3244154466470975,0.35,0.3,B_hold0.35
117.10000000000001,0.35234439191708483,0.35,0.3,B_hold0.35
117.12,0.3673007785948044,0.35,0.3,B_hold0.35
117.14,0.369045669294631,0.35,0.3,B_hold0.35
117.16,0.3598668730789763,0.35,0.3,B_hold0.35
117.18,0.34375621857724115,0.35,0.3,B_hold0.35
117.2,0.3253138847984244,0.35,0.3,B_hold0.35
117.22,0.3086576386486214,0.35,0.3,B_hold0.35
117.24000000000001,0.296591788216677,0.35,0.3,B_hold0.35
117.26,0.2902072230347575,0.35,0.3,B_hold0.35
117.28,0.28896337987655807,0.35,0.3,B_hold0.35
117.3,0.2911770496525151,0.35,0.3,B_hold0.35
117.32000000000001,0.2947436291964236,0.35,0.3,B_hold0.35
117.34,0.29786798957146643,0.35,0.3,B_hold0.35
117.36,0.2995951606204082,0.35,0.3,B_hold0.35
117.38,0.3,0.35,0.3,B_hold0.35
117.4,0.3,0.35,0.3,B_hold0.35:tail
117.42,0.3,0.35,0.3,B_hold0.35:tail
117.44,0.3,0.35,0.3,B_hold0.35:tail
117.46000000000001,0.3,0.35,0.3,B_hold0.35:tail
117.48,0.3,0.35,0.3,B_hold0.35:tail
117.5,0.3,0.35,0.3,B_hold0.35:tail
117.52,0.3,0.35,0.3,B_hold0.35:tail
117.54,0.3,0.35,0.3,B_hold0.35:tail
117.56,0.3,0.35,0.3,B_hold0.35:tail
117.58,0.3,0.35,0.3,B_hold0.35:tail
117.60000000000001,0.3,0.35,0.3,B_hold0.35:tail
117.62,0.3,0.35,0.3,B_hold0.35:tail
117.64,0.3,0.35,0.3,B_hold0.35:tail
117.66,0.3,0.35,0.3,B_hold0.35:tail
117.68,0.3,0.35,0.3,B_hold0.35:tail
117.7,0.3,0.35,0.3,B_hold0.35:tail
117.72,0.3,0.35,0.3,B_hold0.35:tail
117.74000000000001,0.3,0.35,0.3,B_hold0.35:tail
117.76,0.3,0.35,0.3,B_hold0.35:tail
117.78,0.3,0.35,0.3,B_hold0.35:tail
117.8,0.3,0.35,0.3,B_hold0.35:tail
117.82000000000001,0.3,0.35,0.3,B_hold0.35:tail
117.84,0.3,0.35,0.3,B_hold0.35:tail
117.86,0.3,0.35,0.3,B_hold0.35:tail
117.88,0.3,0.35,0.3,B_hold0.35:tail
117.9,0.29,0.33749999999999997,0.3,rest:down
117.92,0.27999999999999997,0.32499999999999996,0.3,rest:down
117.94,0.27,0.3125,0.3,rest:down
117.96000000000001,0.26,0.3,0.3,rest:down
117.98,0.25,0.2875,0.3,rest:down
118.0,0.24,0.27499999999999997,0.3,rest:down
118.02,0.22999999999999998,0.26249999999999996,0.3,rest:down
118.04,0.22,0.25,0.3,rest:down
118.06,0.21000000000000002,0.2375,0.3,rest:down
118.08,0.2,0.22499999999999998,0.3,rest:down
118.10000000000001,0.19,0.2125,0.3,rest:down
118.12,0.18,0.19999999999999998,0.3,rest:down
118.14,0.17,0.1875,0.3,rest:down
118.16,0.16,0.175,0.3,rest:down
118.18,0.15000000000000002,0.1625,0.3,rest:down
118.2,0.14,0.15,0.3,rest:down
118.22,0.13,0.13749999999999998,0.3,rest:down
118.24000000000001,0.12000000000000002,0.125,0.3,rest:down
118.26,0.11000000000000001,0.11249999999999999,0.3,rest:down
118.28,0.1,0.1,0.3,rest:down
118.3,0.1,0.1,0.3,rest
118.32000000000001,0.1,0.1,0.3,rest
118.34,0.1,0.1,0.3,rest
118.36,0.1,0.1,0.3,rest
118.38,0.1,0.1,0.3,rest
118.4,0.1,0.1,0.3,rest
118.42,0.1,0.1,0.3,rest
118.44,0.1,0.1,0.3,rest
118.46000000000001,0.1,0.1,0.3,rest
118.48,0.1,0.1,0.3,rest
118.5,0.1,0.1,0.3,rest
118.52,0.1,0.1,0.3,rest
118.54,0.1,0.1,0.3,rest
118.56,0.1,0.1,0.3,rest
118.58,0.1,0.1,0.3,rest
118.60000000000001,0.1,0.1,0.3,rest
118.62,0.1,0.1,0.3,rest
118.64,0.1,0.1,0.3,rest
118.66,0.1,0.1,0.3,rest
118.68,0.1,0.1,0.3,rest
118.7,0.1,0.1,0.3,rest
118.72,0.1,0.1,0.3,rest
118.74000000000001,0.1,0.1,0.3,rest
118.76,0.1,0.1,0.3,rest
118.78,0.1,0.1,0.3,rest
118.8,0.1,0.1,0.3,rest
118.82000000000001,0.1,0.1,0.3,rest
118.84,0.1,0.1,0.3,rest
118.86,0.1,0.1,0.3,rest
118.88,0.1,0.1,0.3,rest
118.9,0.1,0.1,0.3,rest
118.92,0.1,0.1,0.3,rest
118.94,0.1,0.1,0.3,rest
118.96000000000001,0.1,0.1,0.3,rest
118.98,0.1,0.1,0.3,rest
119.0,0.1,0.1,0.3,rest
119.02,0.1,0.1,0.3,rest
119.04,0.1,0.1,0.3,rest
119.06,0.1,0.1,0.3,rest
119.08,0.1,0.1,0.3,rest
119.10000000000001,0.1,0.1,0.3,rest
119.12,0.1,0.1,0.3,rest
119.14,0.1,0.1,0.3,rest
119.16,0.1,0.1,0.3,rest
119.18,0.1,0.1,0.3,rest
119.2,0.1,0.1,0.3,rest
119.22,0.1,0.1,0.3,rest
119.24000000000001,0.1,0.1,0.3,rest
119.26,0.1,0.1,0.3,rest
119.28,0.1,0.1,0.3,rest
119.3,0.1,0.1,0.3,rest
119.32000000000001,0.1,0.1,0.3,rest
119.34,0.1,0.1,0.3,rest
119.36,0.1,0.1,0.3,rest
119.38,0.1,0.1,0.3,rest
119.4,0.1,0.1,0.3,rest
119.42,0.1,0.1,0.3,rest
119.44,0.1,0.1,0.3,rest
119.46000000000001,0.1,0.1,0.3,rest
119.48,0.1,0.1,0.3,rest
119.5,0.1,0.1,0.3,rest
119.52,0.1,0.1,0.3,rest
119.54,0.1,0.1,0.3,rest
119.56,0.1,0.1,0.3,rest
119.58,0.1,0.1,0.3,rest
119.60000000000001,0.1,0.1,0.3,rest
119.62,0.1,0.1,0.3,rest
119.64,0.1,0.1,0.3,rest
119.66,0.1,0.1,0.3,rest
119.68,0.1,0.1,0.3,rest
119.7,0.1,0.1,0.3,rest
119.72,0.1,0.1,0.3,rest
119.74000000000001,0.1,0.1,0.3,rest
119.76,0.1,0.1,0.3,rest
119.78,0.1,0.1,0.3,rest
119.8,0.1,0.1,0.3,rest
119.82000000000001,0.1,0.1,0.3,rest
119.84,0.1,0.1,0.3,rest
119.86,0.1,0.1,0.3,rest
119.88,0.1,0.1,0.3,rest
119.9,0.1,0.1,0.3,rest
119.92,0.1,0.1,0.3,rest
119.94,0.1,0.1,0.3,rest
119.96000000000001,0.1,0.1,0.3,rest
119.98,0.1,0.1,0.3,rest
120.0,0.1,0.1,0.3,rest
120.02,0.1,0.1,0.3,rest
120.04,0.1,0.1,0.3,rest
120.06,0.1,0.1,0.3,rest
120.08,0.1,0.1,0.3,rest
120.10000000000001,0.1,0.1,0.3,rest
120.12,0.1,0.1,0.3,rest
120.14,0.1,0.1,0.3,rest
120.16,0.1,0.1,0.3,rest
120.18,0.1,0.1,0.3,rest
120.2,0.1,0.1,0.3,rest
120.22,0.1,0.1,0.3,rest
120.24000000000001,0.1,0.1,0.3,rest
120.26,0.1,0.1,0.3,rest
120.28,0.1,0.1,0.3,rest
120.3,0.1,0.1,0.3,rest
120.32000000000001,0.1,0.1,0.3,rest
120.34,0.1,0.1,0.3,rest
120.36,0.1,0.1,0.3,rest
120.38,0.1,0.1,0.3,rest
120.4,0.1,0.1,0.3,rest
120.42,0.1,0.1,0.3,rest
120.44,0.1,0.1,0.3,rest
120.46000000000001,0.1,0.1,0.3,rest
120.48,0.1,0.1,0.3,rest
120.5,0.1,0.1,0.3,rest
120.52,0.1,0.1,0.3,rest
120.54,0.1,0.1,0.3,rest
120.56,0.1,0.1,0.3,rest
120.58,0.1,0.1,0.3,rest
120.60000000000001,0.1,0.1,0.3,rest
120.62,0.1,0.1,0.3,rest
120.64,0.1,0.1,0.3,rest
120.66,0.1,0.1,0.3,rest
120.68,0.1,0.1,0.3,rest
120.7,0.1,0.1,0.3,rest
120.72,0.1,0.1,0.3,rest
120.74000000000001,0.1,0.1,0.3,rest
120.76,0.1,0.1,0.3,rest
120.78,0.1,0.1,0.3,rest
120.8,0.1,0.1,0.3,rest
120.82000000000001,0.1,0.1,0.3,rest
120.84,0.1,0.1,0.3,rest
120.86,0.1,0.1,0.3,rest
120.88,0.1,0.1,0.3,rest
120.9,0.1,0.1,0.3,rest
120.92,0.1,0.1,0.3,rest
120.94,0.1,0.1,0.3,rest
120.96000000000001,0.1,0.1,0.3,rest
120.98,0.1,0.1,0.3,rest
121.0,0.1,0.1,0.3,rest
121.02,0.1,0.1,0.3,rest
121.04,0.1,0.1,0.3,rest
121.06,0.1,0.1,0.3,rest
121.08,0.1,0.1,0.3,rest
121.10000000000001,0.1,0.1,0.3,rest
121.12,0.1,0.1,0.3,rest
121.14,0.1,0.1,0.3,rest
121.16,0.1,0.1,0.3,rest
121.18,0.1,0.1,0.3,rest
121.2,0.1,0.1,0.3,rest
121.22,0.1,0.1,0.3,rest
121.24000000000001,0.1,0.1,0.3,rest
121.26,0.1,0.1,0.3,rest
121.28,0.1,0.1,0.3,rest
121.3,0.1,0.1,0.3,rest
121.32000000000001,0.1,0.1,0.3,rest
121.34,0.1,0.1,0.3,rest
121.36,0.1,0.1,0.3,rest
121.38,0.1,0.1,0.3,rest
121.4,0.1,0.1,0.3,rest
121.42,0.1,0.1,0.3,rest
121.44,0.1,0.1,0.3,rest
121.46000000000001,0.1,0.1,0.3,rest
121.48,0.1,0.1,0.3,rest
121.5,0.1,0.1,0.3,rest
121.52,0.1,0.1,0.3,rest
121.54,0.1,0.1,0.3,rest
121.56,0.1,0.1,0.3,rest
121.58,0.1,0.1,0.3,rest
121.60000000000001,0.1,0.1,0.3,rest
121.62,0.1,0.1,0.3,rest
121.64,0.1,0.1,0.3,rest
121.66,0.1,0.1,0.3,rest
121.68,0.1,0.1,0.3,rest
121.7,0.1,0.1,0.3,rest
121.72,0.1,0.1,0.3,rest
121.74000000000001,0.1,0.1,0.3,rest
121.76,0.1,0.1,0.3,rest
121.78,0.1,0.1,0.3,rest
121.8,0.1,0.1,0.3,rest
121.82000000000001,0.1,0.1,0.3,rest
121.84,0.1,0.1,0.3,rest
121.86,0.1,0.1,0.3,rest
121.88,0.1,0.1,0.3,rest
121.9,0.1,0.1,0.3,rest
121.92,0.1,0.1,0.3,rest
121.94,0.1,0.1,0.3,rest
121.96000000000001,0.1,0.1,0.3,rest
121.98,0.1,0.1,0.3,rest
122.0,0.1,0.1,0.3,rest
122.02,0.1,0.1,0.3,rest
122.04,0.1,0.1,0.3,rest
122.06,0.1,0.1,0.3,rest
122.08,0.1,0.1,0.3,rest
122.10000000000001,0.1,0.1,0.3,rest
122.12,0.1,0.1,0.3,rest
122.14,0.1,0.1,0.3,rest
122.16,0.1,0.1,0.3,rest
122.18,0.1,0.1,0.3,rest
122.2,0.1,0.1,0.3,rest
122.22,0.1,0.1,0.3,rest
122.24000000000001,0.1,0.1,0.3,rest
122.26,0.1,0.1,0.3,rest
122.28,0.1,0.1,0.3,rest
122.3,0.1,0.1,0.3,rest
122.32000000000001,0.1,0.1,0.3,rest
122.34,0.1,0.1,0.3,rest
122.36,0.1,0.1,0.3,rest
122.38,0.1,0.1,0.3,rest
122.4,0.1,0.1,0.3,rest
122.42,0.1,0.1,0.3,rest
122.44,0.1,0.1,0.3,rest
122.46000000000001,0.1,0.1,0.3,rest
122.48,0.1,0.1,0.3,rest
122.5,0.1,0.1,0.3,rest
122.52,0.1,0.1,0.3,rest
122.54,0.1,0.1,0.3,rest
122.56,0.1,0.1,0.3,rest
122.58,0.1,0.1,0.3,rest
122.60000000000001,0.1,0.1,0.3,rest
122.62,0.1,0.1,0.3,rest
122.64,0.1,0.1,0.3,rest
122.66,0.1,0.1,0.3,rest
122.68,0.1,0.1,0.3,rest
122.7,0.1,0.1,0.3,rest
122.72,0.1,0.1,0.3,rest
122.74000000000001,0.1,0.1,0.3,rest
122.76,0.1,0.1,0.3,rest
122.78,0.1,0.1,0.3,rest
122.8,0.1,0.1,0.3,rest
122.82000000000001,0.1,0.1,0.3,rest
122.84,0.1,0.1,0.3,rest
122.86,0.1,0.1,0.3,rest
122.88,0.1,0.1,0.3,rest
122.9,0.1,0.1,0.3,rest
122.92,0.1,0.1,0.3,rest
122.94,0.1,0.1,0.3,rest
122.96000000000001,0.1,0.1,0.3,rest
122.98,0.1,0.1,0.3,rest
123.0,0.1,0.1,0.3,rest
123.02,0.1,0.1,0.3,rest
123.04,0.1,0.1,0.3,rest
123.06,0.1,0.1,0.3,rest
123.08,0.1,0.1,0.3,rest
123.10000000000001,0.1,0.1,0.3,rest
123.12,0.1,0.1,0.3,rest
123.14,0.1,0.1,0.3,rest
123.16,0.1,0.1,0.3,rest
123.18,0.1,0.1,0.3,rest
123.2,0.1,0.1,0.3,rest
123.22,0.1,0.1,0.3,rest
123.24000000000001,0.1,0.1,0.3,rest
123.26,0.1,0.1,0.3,rest
123.28,0.1,0.1,0.3,rest
123.3,0.1,0.1,0.3,rest
123.32000000000001,0.1,0.1,0.3,rest
123.34,0.1,0.1,0.3,rest
123.36,0.1,0.1,0.3,rest
123.38000000000001,0.1,0.1,0.3,rest
123.4,0.1,0.1,0.3,rest
123.42,0.1,0.1,0.3,rest
123.44,0.1,0.1,0.3,rest
123.46000000000001,0.1,0.1,0.3,rest
123.48,0.1,0.1,0.3,rest
123.5,0.1,0.1,0.3,rest
123.52,0.1,0.1,0.3,rest
123.54,0.1,0.1,0.3,rest
123.56,0.1,0.1,0.3,rest
123.58,0.1,0.1,0.3,rest
123.60000000000001,0.1,0.1,0.3,rest
123.62,0.1,0.1,0.3,rest
123.64,0.1,0.1,0.3,rest
123.66,0.1,0.1,0.3,rest
123.68,0.1,0.1,0.3,rest
123.7,0.1,0.1,0.3,rest
123.72,0.1,0.1,0.3,rest
123.74000000000001,0.1,0.1,0.3,rest
123.76,0.1,0.1,0.3,rest
123.78,0.1,0.1,0.3,rest
123.8,0.1,0.1,0.3,rest
123.82000000000001,0.1,0.1,0.3,rest
123.84,0.1,0.1,0.3,rest
123.86,0.1,0.1,0.3,rest
123.88000000000001,0.1,0.1,0.3,rest
123.9,0.1,0.1,0.3,rest
123.92,0.1,0.1,0.3,rest
123.94,0.1,0.1,0.3,rest
123.96000000000001,0.1,0.1,0.3,rest
123.98,0.1,0.1,0.3,rest
124.0,0.1,0.1,0.3,rest
124.02,0.1,0.1,0.3,rest
124.04,0.1,0.1,0.3,rest
124.06,0.1,0.1,0.3,rest
124.08,0.1,0.1,0.3,rest
124.10000000000001,0.1,0.1,0.3,rest
124.12,0.1,0.1,0.3,rest
124.14,0.1,0.1,0.3,rest
124.16,0.1,0.1,0.3,rest
124.18,0.1,0.1,0.3,rest
124.2,0.1,0.1,0.3,rest
124.22,0.1,0.1,0.3,rest
124.24000000000001,0.1,0.1,0.3,rest
124.26,0.1,0.1,0.3,rest
124.28,0.1,0.1,0.3,rest
124.3,0.1,0.1,0.3,rest
124.32000000000001,0.1,0.1,0.3,rest
124.34,0.1,0.1,0.3,rest
124.36,0.1,0.1,0.3,rest
124.38000000000001,0.1,0.1,0.3,rest
124.4,0.1,0.1,0.3,rest
124.42,0.1,0.1,0.3,rest
124.44,0.1,0.1,0.3,rest
124.46000000000001,0.1,0.1,0.3,rest
124.48,0.1,0.1,0.3,rest
124.5,0.1,0.1,0.3,rest
124.52,0.1,0.1,0.3,rest
124.54,0.1,0.1,0.3,rest
124.56,0.1,0.1,0.3,rest
124.58,0.1,0.1,0.3,rest
124.60000000000001,0.1,0.1,0.3,rest
124.62,0.1,0.1,0.3,rest
124.64,0.1,0.1,0.3,rest
124.66,0.1,0.1,0.3,rest
124.68,0.1,0.1,0.3,rest
124.7,0.1,0.1,0.3,rest
124.72,0.1,0.1,0.3,rest
124.74000000000001,0.1,0.1,0.3,rest
124.76,0.1,0.1,0.3,rest
124.78,0.1,0.1,0.3,rest
124.8,0.1,0.1,0.3,rest
124.82000000000001,0.1,0.1,0.3,rest
124.84,0.1,0.1,0.3,rest
124.86,0.1,0.1,0.3,rest
124.88000000000001,0.1,0.1,0.3,rest
124.9,0.1,0.1,0.3,rest
124.92,0.1,0.1,0.3,rest
124.94,0.1,0.1,0.3,rest
124.96000000000001,0.1,0.1,0.3,rest
124.98,0.1,0.1,0.3,rest
125.0,0.1,0.1,0.3,rest
125.02,0.1,0.1,0.3,rest
125.04,0.1,0.1,0.3,rest
125.06,0.1,0.1,0.3,rest
125.08,0.1,0.1,0.3,rest
125.10000000000001,0.1,0.1,0.3,rest
125.12,0.1,0.1,0.3,rest
125.14,0.1,0.1,0.3,rest
125.16,0.1,0.1,0.3,rest
125.18,0.1,0.1,0.3,rest
125.2,0.1,0.1,0.3,rest
125.22,0.1,0.1,0.3,rest
125.24000000000001,0.1,0.1,0.3,rest
125.26,0.1,0.1,0.3,rest
125.28,0.1,0.1,0.3,rest
125.3,0.1,0.1,0.3,rest
125.32000000000001,0.1,0.1,0.3,rest
125.34,0.1,0.1,0.3,rest
125.36,0.1,0.1,0.3,rest
125.38000000000001,0.1,0.1,0.3,rest
125.4,0.1,0.1,0.3,rest
125.42,0.1,0.1,0.3,rest
125.44,0.1,0.1,0.3,rest
125.46000000000001,0.1,0.1,0.3,rest
125.48,0.1,0.1,0.3,rest
125.5,0.1,0.1,0.3,rest
125.52,0.1,0.1,0.3,rest
125.54,0.1,0.1,0.3,rest
125.56,0.1,0.1,0.3,rest
125.58,0.1,0.1,0.3,rest
125.60000000000001,0.1,0.1,0.3,rest
125.62,0.1,0.1,0.3,rest
125.64,0.1,0.1,0.3,rest
125.66,0.1,0.1,0.3,rest
125.68,0.1,0.1,0.3,rest
125.7,0.1,0.1,0.3,rest
125.72,0.1,0.1,0.3,rest
125.74000000000001,0.1,0.1,0.3,rest
125.76,0.1,0.1,0.3,rest
125.78,0.1,0.1,0.3,rest
125.8,0.1,0.1,0.3,rest
125.82000000000001,0.1,0.1,0.3,rest
125.84,0.1,0.1,0.3,rest
125.86,0.1,0.1,0.3,rest
125.88000000000001,0.1,0.1,0.3,rest
125.9,0.1,0.1,0.3,rest
125.92,0.1,0.1,0.3,rest
125.94,0.1,0.1,0.3,rest
125.96000000000001,0.1,0.1,0.3,rest
125.98,0.1,0.1,0.3,rest
126.0,0.1,0.1,0.3,rest
126.02,0.1,0.1,0.3,rest
126.04,0.1,0.1,0.3,rest
126.06,0.1,0.1,0.3,rest
126.08,0.1,0.1,0.3,rest
126.10000000000001,0.1,0.1,0.3,rest
126.12,0.1,0.1,0.3,rest
126.14,0.1,0.1,0.3,rest
126.16,0.1,0.1,0.3,rest
126.18,0.1,0.1,0.3,rest
126.2,0.1,0.1,0.3,rest
126.22,0.1,0.1,0.3,rest
126.24000000000001,0.1,0.1,0.3,rest
126.26,0.1,0.1,0.3,rest
126.28,0.1,0.1,0.3,rest
126.3,0.1,0.1,0.3,rest
126.32000000000001,0.1,0.1,0.3,rest
126.34,0.1,0.1,0.3,rest
126.36,0.1,0.1,0.3,rest
126.38000000000001,0.1,0.1,0.3,rest
126.4,0.1,0.1,0.3,rest
126.42,0.1,0.1,0.3,rest
126.44,0.1,0.1,0.3,rest
126.46000000000001,0.1,0.1,0.3,rest
126.48,0.1,0.1,0.3,rest
126.5,0.1,0.1,0.3,rest
126.52,0.1,0.1,0.3,rest
126.54,0.1,0.1,0.3,rest
126.56,0.1,0.1,0.3,rest
126.58,0.1,0.1,0.3,rest
126.60000000000001,0.1,0.1,0.3,rest
126.62,0.1,0.1,0.3,rest
126.64,0.1,0.1,0.3,rest
126.66,0.1,0.1,0.3,rest
126.68,0.1,0.1,0.3,rest
126.7,0.1,0.1,0.3,rest
126.72,0.1,0.1,0.3,rest
126.74000000000001,0.1,0.1,0.3,rest
126.76,0.1,0.1,0.3,rest
126.78,0.1,0.1,0.3,rest
126.8,0.1,0.1,0.3,rest
126.82000000000001,0.1,0.1,0.3,rest
126.84,0.1,0.1,0.3,rest
126.86,0.1,0.1,0.3,rest
126.88000000000001,0.1,0.1,0.3,rest
126.9,0.1,0.1,0.3,rest
126.92,0.1,0.1,0.3,rest
126.94,0.1,0.1,0.3,rest
126.96000000000001,0.1,0.1,0.3,rest
126.98,0.1,0.1,0.3,rest
127.0,0.1,0.1,0.3,rest
127.02,0.1,0.1,0.3,rest
127.04,0.1,0.1,0.3,rest
127.06,0.1,0.1,0.3,rest
127.08,0.1,0.1,0.3,rest
127.10000000000001,0.1,0.1,0.3,rest
127.12,0.1,0.1,0.3,rest
127.14,0.1,0.1,0.3,rest
127.16,0.1,0.1,0.3,rest
127.18,0.1,0.1,0.3,rest
127.2,0.1,0.1,0.3,rest
127.22,0.1,0.1,0.3,rest
127.24000000000001,0.1,0.1,0.3,rest
127.26,0.1,0.1,0.3,rest
127.28,0.1,0.1,0.3,rest
127.3,0.1,0.1,0.3,rest
127.32000000000001,0.1,0.1,0.3,rest
127.34,0.1,0.1,0.3,rest
127.36,0.1,0.1,0.3,rest
127.38000000000001,0.1,0.1,0.3,rest
127.4,0.1,0.1,0.3,rest
127.42,0.1,0.1,0.3,rest
127.44,0.1,0.1,0.3,rest
127.46000000000001,0.1,0.1,0.3,rest
127.48,0.1,0.1,0.3,rest
127.5,0.1,0.1,0.3,rest
127.52,0.1,0.1,0.3,rest
127.54,0.1,0.1,0.3,rest
127.56,0.1,0.1,0.3,rest
127.58,0.1,0.1,0.3,rest
127.60000000000001,0.1,0.1,0.3,rest
127.62,0.1,0.1,0.3,rest
127.64,0.1,0.1,0.3,rest
127.66,0.1,0.1,0.3,rest
127.68,0.1,0.1,0.3,rest
127.7,0.1,0.1,0.3,rest
127.72,0.1,0.1,0.3,rest
127.74000000000001,0.1,0.1,0.3,rest
127.76,0.1,0.1,0.3,rest
127.78,0.1,0.1,0.3,rest
127.8,0.1,0.1,0.3,rest
127.82000000000001,0.1,0.1,0.3,rest
127.84,0.1,0.1,0.3,rest
127.86,0.1,0.1,0.3,rest
127.88000000000001,0.1,0.1,0.3,rest
127.9,0.1,0.1,0.3,rest
127.92,0.1,0.1,0.3,rest
127.94,0.1,0.1,0.3,rest
127.96000000000001,0.1,0.1,0.3,rest
127.98,0.1,0.1,0.3,rest
128.0,0.1,0.1,0.3,rest
128.02,0.1,0.1,0.3,rest
128.04,0.1,0.1,0.3,rest
128.06,0.1,0.1,0.3,rest
128.08,0.1,0.1,0.3,rest
128.1,0.1,0.1,0.3,rest
128.12,0.1,0.1,0.3,rest
128.14000000000001,0.1,0.1,0.3,rest
128.16,0.1,0.1,0.3,rest
128.18,0.1,0.1,0.3,rest
128.2,0.1,0.1,0.3,rest
128.22,0.1,0.1,0.3,rest
128.24,0.1,0.1,0.3,rest
128.26,0.1,0.1,0.3,rest
128.28,0.1,0.1,0.3,rest
128.3,0.1,0.1,0.3,C_center0.2:settle
128.32,0.10204081632653061,0.10306122448979592,0.3,C_center0.2:settle
128.34,0.10408163265306122,0.10612244897959185,0.3,C_center0.2:settle
128.36,0.10612244897959185,0.10918367346938776,0.3,C_center0.2:settle
128.38,0.10816326530612246,0.11224489795918367,0.3,C_center0.2:settle
128.4,0.11020408163265306,0.1153061224489796,0.3,C_center0.2:settle
128.42000000000002,0.11224489795918369,0.11836734693877551,0.3,C_center0.2:settle
128.44,0.1142857142857143,0.12142857142857143,0.3,C_center0.2:settle
128.46,0.1163265306122449,0.12448979591836735,0.3,C_center0.2:settle
128.48,0.11836734693877551,0.12755102040816327,0.3,C_center0.2:settle
128.5,0.12040816326530612,0.1306122448979592,0.3,C_center0.2:settle
128.52,0.12244897959183673,0.1336734693877551,0.3,C_center0.2:settle
128.54,0.12448979591836735,0.13673469387755102,0.3,C_center0.2:settle
128.56,0.12653061224489798,0.13979591836734695,0.3,C_center0.2:settle
128.58,0.1285714285714286,0.14285714285714285,0.3,C_center0.2:settle
128.6,0.1306122448979592,0.14591836734693878,0.3,C_center0.2:settle
128.62,0.1326530612244898,0.1489795918367347,0.3,C_center0.2:settle
128.64000000000001,0.1346938775510204,0.1520408163265306,0.3,C_center0.2:settle
128.66,0.13673469387755102,0.15510204081632653,0.3,C_center0.2:settle
128.68,0.13877551020408163,0.15816326530612246,0.3,C_center0.2:settle
128.7,0.14081632653061224,0.16122448979591836,0.3,C_center0.2:settle
128.72,0.14285714285714285,0.16428571428571428,0.3,C_center0.2:settle
128.74,0.14489795918367349,0.1673469387755102,0.3,C_center0.2:settle
128.76,0.1469387755102041,0.1704081632653061,0.3,C_center0.2:settle
128.78,0.1489795918367347,0.17346938775510204,0.3,C_center0.2:settle
128.8,0.1510204081632653,0.17653061224489797,0.3,C_center0.2:settle
128.82,0.15306122448979592,0.17959183673469387,0.3,C_center0.2:settle
128.84,0.15510204081632653,0.1826530612244898,0.3,C_center0.2:settle
128.86,0.15714285714285714,0.18571428571428572,0.3,C_center0.2:settle
128.88,0.15918367346938778,0.18877551020408162,0.3,C_center0.2:settle
128.9,0.16122448979591836,0.19183673469387752,0.3,C_center0.2:settle
128.92000000000002,0.163265306122449,0.19489795918367347,0.3,C_center0.2:settle
128.94,0.16530612244897958,0.19795918367346937,0.3,C_center0.2:settle
128.96,0.1673469387755102,0.2010204081632653,0.3,C_center0.2:settle
128.98,0.16938775510204082,0.20408163265306123,0.3,C_center0.2:settle
129.0,0.17142857142857143,0.20714285714285713,0.3,C_center0.2:settle
129.02,0.17346938775510204,0.21020408163265306,0.3,C_center0.2:settle
129.04,0.17551020408163265,0.21326530612244898,0.3,C_center0.2:settle
129.06,0.17755102040816328,0.21632653061224488,0.3,C_center0.2:settle
129.08,0.17959183673469387,0.21938775510204078,0.3,C_center0.2:settle
129.1,0.1816326530612245,0.22244897959183674,0.3,C_center0.2:settle
129.12,0.1836734693877551,0.22551020408163264,0.3,C_center0.2:settle
129.14000000000001,0.18571428571428572,0.22857142857142856,0.3,C_center0.2:settle
129.16,0.18775510204081633,0.2316326530612245,0.3,C_center0.2:settle
129.18,0.18979591836734694,0.2346938775510204,0.3,C_center0.2:settle
129.2,0.19183673469387755,0.23775510204081632,0.3,C_center0.2:settle
129.22,0.19387755102040816,0.24081632653061225,0.3,C_center0.2:settle
129.24,0.1959183673469388,0.24387755102040815,0.3,C_center0.2:settle
129.26,0.1979591836734694,0.24693877551020407,0.3,C_center0.2:settle
129.28,0.2,0.25,0.3,C_center0.2:settle
129.3,0.2,0.25,0.3,C_center0.2
129.32,0.20014513860256966,0.25,0.3,C_center0.2
129.34,0.20107531530634118,0.25,0.3,C_center0.2
129.36,0.20317700676437697,0.25,0.3,C_center0.2
129.38,0.20617246197221273,0.25,0.3,C_center0.2
129.4,0.20908178160006702,0.25,0.3,C_center0.2
129.42000000000002,0.21044166308897508,0.25,0.3,C_center0.2
129.44,0.2087336162539855,0.25,0.3,C_center0.2
129.46,0.20290881643595945,0.25,0.3,C_center0.2
129.48,0.19285985584057977,0.25,0.3,C_center0.2
129.5,0.17969251898544336,0.25,0.3,C_center0.2
129.52,0.16569416755599953,0.25,0.3,C_center0.2
129.54,0.15396955380357935,0.25,0.3,C_center0.2
129.56,0.1478017211235518,0.25,0.3,C_center0.2
129.58,0.149873039893799,0.25,0.3,C_center0.2
129.6,0.16152895578530935,0.25,0.3,C_center0.2
129.62,0.18227115544293482,0.25,0.3,C_center0.2
129.64000000000001,0.20962450692047097,0.25,0.3,C_center0.2
129.66,0.23944175115618602,0.25,0.3,C_center0.2
129.68,0.26660966118860385,0.25,0.3,C_center0.2
129.7,0.28602387002944835,0.25,0.3,C_center0.2
129.72,0.29363021087061447,0.25,0.3,C_center0.2
129.74,0.28730569848222504,0.25,0.3,C_center0.2
129.76,0.26737939528652765,0.25,0.3,C_center0.2
129.78,0.23666731666589816,0.25,0.3,C_center0.2
129.8,0.20000000000000004,0.25,0.3,C_center0.2
129.82,0.1631875447315323,0.25,0.3,C_center0.2
129.84,0.1315452894071311,0.25,0.3,C_center0.2
129.86,0.10951729475339804,0.25,0.3,C_center0.2
129.88,0.10019732715717286,0.25,0.3,C_center0.2
129.9,0.10489434837048463,0.25,0.3,C_center0.2
129.92000000000002,0.12294867572242102,0.25,0.3,C_center0.2
129.94,0.15182463258982853,0.25,0.3,C_center0.2
129.96,0.1874666766435696,0.25,0.3,C_center0.2
129.98,0.22486898871648547,0.25,0.3,C_center0.2
130.0,0.25877852522924744,0.25,0.3,C_center0.2
130.02,0.2844327925502015,0.25,0.3,C_center0.2
130.04,0.29822872507286885,0.25,0.3,C_center0.2
130.06,0.2982287250728689,0.25,0.3,C_center0.2
130.08,0.28443279255020154,0.25,0.3,C_center0.2
130.1,0.2587785252292474,0.25,0.3,C_center0.2
130.12,0.22486898871648542,0.25,0.3,C_center0.2
130.14000000000001,0.18746667664356972,0.25,0.3,C_center0.2
130.16,0.15182463258982848,0.25,0.3,C_center0.2
130.18,0.12294867572242121,0.25,0.3,C_center0.2
130.2,0.10489434837048467,0.25,0.3,C_center0.2
130.22,0.10019732715717285,0.25,0.3,C_center0.2
130.24,0.10951729475339815,0.25,0.3,C_center0.2
130.26,0.13154528940713114,0.25,0.3,C_center0.2
130.28,0.16318754473153202,0.25,0.3,C_center0.2
130.3,0.19999999999999993,0.25,0.3,C_center0.2
130.32,0.23681245526846786,0.25,0.3,C_center0.2
130.34,0.2684547105928688,0.25,0.3,C_center0.2
130.36,0.29048270524660197,0.25,0.3,C_center0.2
130.38,0.2998026728428272,0.25,0.3,C_center0.2
130.4,0.2951056516295154,0.25,0.3,C_center0.2
130.42000000000002,0.2770513242775789,0.25,0.3,C_center0.2
130.44,0.24817536741017138,0.25,0.3,C_center0.2
130.46,0.2125333233564308,0.25,0.3,C_center0.2
130.48,0.17513101128351474,0.25,0.3,C_center0.2
130.5,0.14122147477075275,0.25,0.3,C_center0.2
130.52,0.11556720744979866,0.25,0.3,C_center0.2
130.54,0.10177127492713117,0.25,0.3,C_center0.2
130.56,0.10177127492713113,0.25,0.3,C_center0.2
130.58,0.11556720744979856,0.25,0.3,C_center0.2
130.6,0.14122147477075261,0.25,0.3,C_center0.2
130.62,0.17513101128351458,0.25,0.3,C_center0.2
130.64000000000001,0.21253332335643063,0.25,0.3,C_center0.2
130.66,0.24817536741017152,0.25,0.3,C_center0.2
130.68,0.277051324277579,0.25,0.3,C_center0.2
130.7,0.29510565162951546,0.25,0.3,C_center0.2
130.72,0.2998026728428272,0.25,0.3,C_center0.2
130.74,0.290482705246602,0.25,0.3,C_center0.2
130.76,0.2684547105928689,0.25,0.3,C_center0.2
130.78,0.23681245526846806,0.25,0.3,C_center0.2
130.8,0.20000000000000012,0.25,0.3,C_center0.2
130.82,0.16318754473153219,0.25,0.3,C_center0.2
130.84,0.13154528940713128,0.25,0.3,C_center0.2
130.86,0.10951729475339807,0.25,0.3,C_center0.2
130.88,0.10019732715717283,0.25,0.3,C_center0.2
130.9,0.10489434837048461,0.25,0.3,C_center0.2
130.92000000000002,0.12294867572242109,0.25,0.3,C_center0.2
130.94,0.15182463258982862,0.25,0.3,C_center0.2
130.96,0.1874666766435699,0.25,0.3,C_center0.2
130.98,0.22486898871648522,0.25,0.3,C_center0.2
131.0,0.25877852522924694,0.25,0.3,C_center0.2
131.02,0.28443279255020154,0.25,0.3,C_center0.2
131.04,0.29822872507286885,0.25,0.3,C_center0.2
131.06,0.29822872507286896,0.25,0.3,C_center0.2
131.08,0.2844327925502015,0.25,0.3,C_center0.2
131.1,0.25877852522924744,0.25,0.3,C_center0.2
131.12,0.22486898871648583,0.25,0.3,C_center0.2
131.14000000000001,0.18746667664356945,0.25,0.3,C_center0.2
131.16,0.15182463258982853,0.25,0.3,C_center0.2
131.18,0.12294867572242081,0.25,0.3,C_center0.2
131.2,0.10489434837048459,0.25,0.3,C_center0.2
131.22,0.10019732715717285,0.25,0.3,C_center0.2
131.24,0.10951729475339796,0.25,0.3,C_center0.2
131.26,0.13154528940713084,0.25,0.3,C_center0.2
131.28,0.16318754473153227,0.25,0.3,C_center0.2
131.3,0.19999999999999987,0.25,0.3,C_center0.2
131.32,0.23681245526846748,0.25,0.3,C_center0.2
131.34,0.26845471059286896,0.25,0.3,C_center0.2
131.36,0.2904827052466019,0.25,0.3,C_center0.2
131.38,0.29980267284282713,0.25,0.3,C_center0.2
131.4,0.2951056516295153,0.25,0.3,C_center0.2
131.42000000000002,0.27705132427757895,0.25,0.3,C_center0.2
131.44,0.24817536741017174,0.25,0.3,C_center0.2
131.46,0.21253332335643016,0.25,0.3,C_center0.2
131.48,0.1751310112835145,0.25,0.3,C_center0.2
131.5,0.14122147477075284,0.25,0.3,C_center0.2
131.52,0.11556720744979831,0.25,0.3,C_center0.2
131.54,0.10177127492713112,0.25,0.3,C_center0.2
131.56,0.10177127492713126,0.25,0.3,C_center0.2
131.58,0.1155672074497987,0.25,0.3,C_center0.2
131.6,0.14122147477075286,0.25,0.3,C_center0.2
131.62,0.17513101128351383,0.25,0.3,C_center0.2
131.64000000000001,0.2125333233564302,0.25,0.3,C_center0.2
131.66,0.24817536741017115,0.25,0.3,C_center0.2
131.68,0.2770513242775785,0.25,0.3,C_center0.2
131.7,0.2951056516295153,0.25,0.3,C_center0.2
131.72,0.2998026728428272,0.25,0.3,C_center0.2
131.74,0.29048270524660225,0.25,0.3,C_center0.2
131.76,0.26845471059286896,0.25,0.3,C_center0.2
131.78,0.23681245526846811,0.25,0.3,C_center0.2
131.8,0.20000000000000054,0.25,0.3,C_center0.2
131.82,0.16318754473153224,0.25,0.3,C_center0.2
131.84,0.13154528940713134,0.25,0.3,C_center0.2
131.86,0.10951729475339794,0.25,0.3,C_center0.2
131.88,0.10019732715717285,0.25,0.3,C_center0.2
131.9,0.10489434837048459,0.25,0.3,C_center0.2
131.92000000000002,0.12294867572242128,0.25,0.3,C_center0.2
131.94,0.15182463258982856,0.25,0.3,C_center0.2
131.96,0.18746667664356947,0.25,0.3,C_center0.2
131.98,0.22486898871648586,0.25,0.3,C_center0.2
132.0,0.25877852522924744,0.25,0.3,C_center0.2
132.02,0.2844327925502015,0.25,0.3,C_center0.2
132.04,0.29822872507286896,0.25,0.3,C_center0.2
132.06,0.29822872507286885,0.25,0.3,C_center0.2
132.08,0.28443279255020154,0.25,0.3,C_center0.2
132.1,0.25877852522924694,0.25,0.3,C_center0.2
132.12,0.2248689887164859,0.25,0.3,C_center0.2
132.14000000000001,0.18746667664357022,0.25,0.3,C_center0.2
132.16,0.1518246325898286,0.25,0.3,C_center0.2
132.18,0.1229486757224213,0.25,0.3,C_center0.2
132.2,0.10489434837048482,0.25,0.3,C_center0.2
132.22,0.10019732715717285,0.25,0.3,C_center0.2
132.24,0.10951729475339793,0.25,0.3,C_center0.2
132.26,0.13154528940713078,0.25,0.3,C_center0.2
132.28,0.1631875447315322,0.25,0.3,C_center0.2
132.3,0.1999999999999998,0.25,0.3,C_center0.2
132.32,0.2368124552684674,0.25,0.3,C_center0.2
132.34,0.2684547105928689,0.25,0.3,C_center0.2
132.36,0.2904827052466019,0.25,0.3,C_center0.2
132.38,0.29980267284282713,0.25,0.3,C_center0.2
132.4,0.29510565162951535,0.25,0.3,C_center0.2
132.42000000000002,0.277051324277579,0.25,0.3,C_center0.2
132.44,0.24817536741017182,0.25,0.3,C_center0.2
132.46,0.21253332335643024,0.25,0.3,C_center0.2
132.48,0.17513101128351455,0.25,0.3,C_center0.2
132.5,0.1412214747707529,0.25,0.3,C_center0.2
132.52,0.11556720744979836,0.25,0.3,C_center0.2
132.54,0.10177127492713113,0.25,0.3,C_center0.2
132.56,0.10177127492713124,0.25,0.3,C_center0.2
132.58,0.11556720744979868,0.25,0.3,C_center0.2
132.6,0.14122147477075278,0.25,0.3,C_center0.2
132.62,0.17513101128351513,0.25,0.3,C_center0.2
132.64000000000001,0.21253332335643013,0.25,0.3,C_center0.2
132.66,0.24817536741017107,0.25,0.3,C_center0.2
132.68,0.27705132427757845,0.25,0.3,C_center0.2
132.7,0.2951056516295151,0.25,0.3,C_center0.2
132.72,0.2998026728428272,0.25,0.3,C_center0.2
132.74,0.29048270524660197,0.25,0.3,C_center0.2
132.76,0.2684547105928695,0.25,0.3,C_center0.2
132.78,0.23681245526846817,0.25,0.3,C_center0.2
132.8,0.1999999999999999,0.25,0.3,C_center0.2
132.82,0.163187544731533,0.25,0.3,C_center0.2
132.84,0.1315452894071314,0.25,0.3,C_center0.2
132.86,0.10951729475339798,0.25,0.3,C_center0.2
132.88,0.10019732715717289,0.25,0.3,C_center0.2
132.9,0.10489434837048456,0.25,0.3,C_center0.2
132.92000000000002,0.12294867572242124,0.25,0.3,C_center0.2
132.94,0.15182463258982787,0.25,0.3,C_center0.2
132.96,0.1874666766435694,0.25,0.3,C_center0.2
132.98,0.22486898871648578,0.25,0.3,C_center0.2
133.0,0.2587785252292468,0.25,0.3,C_center0.2
133.02,0.2844327925502015,0.25,0.3,C_center0.2
133.04,0.29822872507286896,0.25,0.3,C_center0.2
133.06,0.29822872507286874,0.25,0.3,C_center0.2
133.08,0.28443279255020154,0.25,0.3,C_center0.2
133.1,0.258778525229247,0.25,0.3,C_center0.2
133.12,0.22486898871648459,0.25,0.3,C_center0.2
133.14000000000001,0.18746667664356959,0.25,0.3,C_center0.2
133.16,0.15182463258982928,0.25,0.3,C_center0.2
133.18,0.12294867572242135,0.25,0.3,C_center0.2
133.2,0.10489434837048463,0.25,0.3,C_center0.2
133.22,0.10019732715717279,0.25,0.3,C_center0.2
133.24,0.1095172947533979,0.25,0.3,C_center0.2
133.26,0.13154528940713123,0.25,0.3,C_center0.2
133.28,0.16318754473153146,0.25,0.3,C_center0.2
133.3,0.1999999999999997,0.25,0.3,C_center0.2
133.32,0.236812455268468,0.25,0.3,C_center0.2
133.34,0.26845471059286835,0.25,0.3,C_center0.2
133.36,0.29048270524660247,0.25,0.3,C_center0.2
133.38,0.2998026728428272,0.25,0.3,C_center0.2
133.4,0.2951056516295156,0.25,0.3,C_center0.2
133.42000000000002,0.27705132427757906,0.25,0.3,C_center0.2
133.44,0.2481753674101725,0.25,0.3,C_center0.2
133.46,0.21253332335643102,0.25,0.3,C_center0.2
133.48,0.175131011283516,0.25,0.3,C_center0.2
133.5,0.14122147477075236,0.25,0.3,C_center0.2
133.52,0.11556720744979877,0.25,0.3,C_center0.2
133.54,0.10177127492713114,0.25,0.3,C_center0.2
133.56,0.10177127492713095,0.25,0.3,C_center0.2
133.58,0.11556720744979826,0.25,0.3,C_center0.2
133.6,0.14122147477075273,0.25,0.3,C_center0.2
133.62,0.17513101128351505,0.25,0.3,C_center0.2
133.64000000000001,0.21253332335643005,0.25,0.3,C_center0.2
133.66,0.24817536741017163,0.25,0.3,C_center0.2
133.68,0.2770513242775784,0.25,0.3,C_center0.2
133.7,0.2951056516295153,0.25,0.3,C_center0.2
133.72,0.29980267284282713,0.25,0.3,C_center0.2
133.74,0.2904827052466017,0.25,0.3,C_center0.2
133.76,0.2684547105928691,0.25,0.3,C_center0.2
133.78,0.2368124552684676,0.25,0.3,C_center0.2
133.8,0.2000000000000007,0.25,0.3,C_center0.2
133.82,0.16318754473153108,0.25,0.3,C_center0.2
133.84,0.1315452894071309,0.25,0.3,C_center0.2
133.86,0.10951729475339772,0.25,0.3,C_center0.2
133.88,0.10019732715717286,0.25,0.3,C_center0.2
133.9,0.10489434837048477,0.25,0.3,C_center0.2
133.92000000000002,0.12294867572242073,0.25,0.3,C_center0.2
133.94,0.1518246325898272,0.25,0.3,C_center0.2
133.96,0.18746667664357003,0.25,0.3,C_center0.2
133.98,0.22486898871648503,0.25,0.3,C_center0.2
134.0,0.2587785252292473,0.25,0.3,C_center0.2
134.02,0.28443279255020104,0.25,0.3,C_center0.2
134.04,0.2982287250728688,0.25,0.3,C_center0.2
134.06,0.2982287250728691,0.25,0.3,C_center0.2
134.08,0.2844327925502012,0.25,0.3,C_center0.2
134.1,0.2587785252292476,0.25,0.3,C_center0.2
134.12,0.22486898871648536,0.25,0.3,C_center0.2
134.14000000000001,0.18746667664357036,0.25,0.3,C_center0.2
134.16,0.15182463258982873,0.25,0.3,C_center0.2
134.18,0.12294867572242185,0.25,0.3,C_center0.2
134.2,0.10489434837048443,0.25,0.3,C_center0.2
134.22,0.10019732715717283,0.25,0.3,C_center0.2
134.24,0.10951729475339816,0.25,0.3,C_center0.2
134.26,0.13154528940713067,0.25,0.3,C_center0.2
134.28,0.16318754473153207,0.25,0.3,C_center0.2
134.3,0.19999999999999893,0.25,0.3,C_center0.2
134.32,0.23681245526846859,0.25,0.3,C_center0.2
134.34,0.26845471059286885,0.25,0.3,C_center0.2
134.36,0.29048270524660214,0.25,0.3,C_center0.2
134.38,0.29980267284282713,0.25,0.3,C_center0.2
134.4,0.2951056516295154,0.25,0.3,C_center0.2
134.42000000000002,0.2770513242775786,0.25,0.3,C_center0.2
134.44,0.24817536741017193,0.25,0.3,C_center0.2
134.46,0.21253332335643038,0.25,0.3,C_center0.2
134.48,0.17513101128351538,0.25,0.3,C_center0.2
134.5,0.141221474770753,0.25,0.3,C_center0.2
134.52,0.1155672074497992,0.25,0.3,C_center0.2
134.54,0.10177127492713102,0.25,0.3,C_center0.2
134.56,0.10177127492713108,0.25,0.3,C_center0.2
134.58,0.11556720744979859,0.25,0.3,C_center0.2
134.6,0.1412214747707521,0.25,0.3,C_center0.2
134.62,0.1751310112835143,0.25,0.3,C_center0.2
134.64000000000001,0.21253332335642927,0.25,0.3,C_center0.2
134.66,0.24817536741017218,0.25,0.3,C_center0.2
134.68,0.27705132427757884,0.25,0.3,C_center0.2
134.7,0.29510565162951546,0.25,0.3,C_center0.2
134.72,0.2998026728428272,0.25,0.3,C_center0.2
134.74,0.290482705246602,0.25,0.3,C_center0.2
134.76,0.2684547105928696,0.25,0.3,C_center0.2
134.78,0.236812455268467,0.25,0.3,C_center0.2
134.8,0.20000000000000007,0.25,0.3,C_center0.2
134.82,0.16376581021934628,0.25,0.3,C_center0.2
134.84,0.1339488545747985,0.25,0.3,C_center0.2
134.86,0.11511334785868041,0.25,0.3,C_center0.2
134.88,0.10972763437164136,0.25,0.3,C_center0.2
134.9,0.11778265602104925,0.25,0.3,C_center0.2
134.92000000000002,0.13691715659299336,0.25,0.3,C_center0.2
134.94,0.16300548993674976,0.25,0.3,C_center0.2
134.96,0.1910651235519561,0.25,0.3,C_center0.2
134.98,0.21627696443139835,0.25,0.3,C_center0.2
135.0,0.23489626127805657,0.25,0.3,C_center0.2
135.02,0.24486718572986965,0.25,0.3,C_center0.2
135.04,0.2460304461964207,0.25,0.3,C_center0.2
135.06,0.23991124871931754,0.25,0.3,C_center0.2
135.08,0.22917081238482745,0.25,0.3,C_center0.2
135.1,0.2168759231989496,0.25,0.3,C_center0.2
135.12,0.20577175909908096,0.25,0.3,C_center0.2
135.14000000000001,0.19772785881111798,0.25,0.3,C_center0.2
135.16,0.1934714820231717,0.25,0.3,C_center0.2
135.18,0.19264225325103873,0.25,0.3,C_center0.2
135.2,0.19411803310167677,0.25,0.3,C_center0.2
135.22,0.19649575279761577,0.25,0.3,C_center0.2
135.24,0.198578659714311,0.25,0.3,C_center0.2
135.26,0.19973010708027214,0.25,0.3,C_center0.2
135.28,0.2,0.25,0.3,C_center0.2
135.3,0.2,0.25,0.3,C_center0.2:tail
135.32,0.2,0.25,0.3,C_center0.2:tail
135.34,0.2,0.25,0.3,C_center0.2:tail
135.36,0.2,0.25,0.3,C_center0.2:tail
135.38,0.2,0.25,0.3,C_center0.2:tail
135.4,0.2,0.25,0.3,C_center0.2:tail
135.42000000000002,0.2,0.25,0.3,C_center0.2:tail
135.44,0.2,0.25,0.3,C_center0.2:tail
135.46,0.2,0.25,0.3,C_center0.2:tail
135.48,0.2,0.25,0.3,C_center0.2:tail
135.5,0.2,0.25,0.3,C_center0.2:tail
135.52,0.2,0.25,0.3,C_center0.2:tail
135.54,0.2,0.25,0.3,C_center0.2:tail
135.56,0.2,0.25,0.3,C_center0.2:tail
135.58,0.2,0.25,0.3,C_center0.2:tail
135.6,0.2,0.25,0.3,C_center0.2:tail
135.62,0.2,0.25,0.3,C_center0.2:tail
135.64000000000001,0.2,0.25,0.3,C_center0.2:tail
135.66,0.2,0.25,0.3,C_center0.2:tail
135.68,0.2,0.25,0.3,C_center0.2:tail
135.7,0.2,0.25,0.3,C_center0.2:tail
135.72,0.2,0.25,0.3,C_center0.2:tail
135.74,0.2,0.25,0.3,C_center0.2:tail
135.76,0.2,0.25,0.3,C_center0.2:tail
135.78,0.2,0.25,0.3,C_center0.2:tail
135.8,0.195,0.2425,0.3,rest:down
135.82,0.19,0.235,0.3,rest:down
135.84,0.185,0.2275,0.3,rest:down
135.86,0.18000000000000002,0.22,0.3,rest:down
135.88,0.17500000000000002,0.2125,0.3,rest:down
135.9,0.17,0.20500000000000002,0.3,rest:down
135.92000000000002,0.165,0.1975,0.3,rest:down
135.94,0.16,0.19,0.3,rest:down
135.96,0.15500000000000003,0.1825,0.3,rest:down
135.98,0.15000000000000002,0.175,0.3,rest:down
136.0,0.14500000000000002,0.1675,0.3,rest:down
136.02,0.14,0.16,0.3,rest:down
136.04,0.135,0.1525,0.3,rest:down
136.06,0.13,0.14500000000000002,0.3,rest:down
136.08,0.125,0.1375,0.3,rest:down
136.1,0.12000000000000001,0.13,0.3,rest:down
136.12,0.115,0.1225,0.3,rest:down
136.14000000000001,0.11000000000000001,0.11499999999999999,0.3,rest:down
136.16,0.10500000000000001,0.10750000000000001,0.3,rest:down
136.18,0.1,0.1,0.3,rest:down
136.2,0.1,0.1,0.3,rest
136.22,0.1,0.1,0.3,rest
136.24,0.1,0.1,0.3,rest
136.26,0.1,0.1,0.3,rest
136.28,0.1,0.1,0.3,rest
136.3,0.1,0.1,0.3,rest
136.32,0.1,0.1,0.3,rest
136.34,0.1,0.1,0.3,rest
136.36,0.1,0.1,0.3,rest
136.38,0.1,0.1,0.3,rest
136.4,0.1,0.1,0.3,rest
136.42000000000002,0.1,0.1,0.3,rest
136.44,0.1,0.1,0.3,rest
136.46,0.1,0.1,0.3,rest
136.48,0.1,0.1,0.3,rest
136.5,0.1,0.1,0.3,rest
136.52,0.1,0.1,0.3,rest
136.54,0.1,0.1,0.3,rest
136.56,0.1,0.1,0.3,rest
136.58,0.1,0.1,0.3,rest
136.6,0.1,0.1,0.3,rest
136.62,0.1,0.1,0.3,rest
136.64000000000001,0.1,0.1,0.3,rest
136.66,0.1,0.1,0.3,rest
136.68,0.1,0.1,0.3,rest
136.70000000000002,0.1,0.1,0.3,rest
136.72,0.1,0.1,0.3,rest
136.74,0.1,0.1,0.3,rest
136.76,0.1,0.1,0.3,rest
136.78,0.1,0.1,0.3,rest
136.8,0.1,0.1,0.3,rest
136.82,0.1,0.1,0.3,rest
136.84,0.1,0.1,0.3,rest
136.86,0.1,0.1,0.3,rest
136.88,0.1,0.1,0.3,rest
136.9,0.1,0.1,0.3,rest
136.92000000000002,0.1,0.1,0.3,rest
136.94,0.1,0.1,0.3,rest
136.96,0.1,0.1,0.3,rest
136.98,0.1,0.1,0.3,rest
137.0,0.1,0.1,0.3,rest
137.02,0.1,0.1,0.3,rest
137.04,0.1,0.1,0.3,rest
137.06,0.1,0.1,0.3,rest
137.08,0.1,0.1,0.3,rest
137.1,0.1,0.1,0.3,rest
137.12,0.1,0.1,0.3,rest
137.14000000000001,0.1,0.1,0.3,rest
137.16,0.1,0.1,0.3,rest
137.18,0.1,0.1,0.3,rest
137.20000000000002,0.1,0.1,0.3,rest
137.22,0.1,0.1,0.3,rest
137.24,0.1,0.1,0.3,rest
137.26,0.1,0.1,0.3,rest
137.28,0.1,0.1,0.3,rest
137.3,0.1,0.1,0.3,rest
137.32,0.1,0.1,0.3,rest
137.34,0.1,0.1,0.3,rest
137.36,0.1,0.1,0.3,rest
137.38,0.1,0.1,0.3,rest
137.4,0.1,0.1,0.3,rest
137.42000000000002,0.1,0.1,0.3,rest
137.44,0.1,0.1,0.3,rest
137.46,0.1,0.1,0.3,rest
137.48,0.1,0.1,0.3,rest
137.5,0.1,0.1,0.3,rest
137.52,0.1,0.1,0.3,rest
137.54,0.1,0.1,0.3,rest
137.56,0.1,0.1,0.3,rest
137.58,0.1,0.1,0.3,rest
137.6,0.1,0.1,0.3,rest
137.62,0.1,0.1,0.3,rest
137.64000000000001,0.1,0.1,0.3,rest
137.66,0.1,0.1,0.3,rest
137.68,0.1,0.1,0.3,rest
137.70000000000002,0.1,0.1,0.3,rest
137.72,0.1,0.1,0.3,rest
137.74,0.1,0.1,0.3,rest
137.76,0.1,0.1,0.3,rest
137.78,0.1,0.1,0.3,rest
137.8,0.1,0.1,0.3,rest
137.82,0.1,0.1,0.3,rest
137.84,0.1,0.1,0.3,rest
137.86,0.1,0.1,0.3,rest
137.88,0.1,0.1,0.3,rest
137.9,0.1,0.1,0.3,rest
137.92000000000002,0.1,0.1,0.3,rest
137.94,0.1,0.1,0.3,rest
137.96,0.1,0.1,0.3,rest
137.98,0.1,0.1,0.3,rest
138.0,0.1,0.1,0.3,rest
138.02,0.1,0.1,0.3,rest
138.04,0.1,0.1,0.3,rest
138.06,0.1,0.1,0.3,rest
138.08,0.1,0.1,0.3,rest
138.1,0.1,0.1,0.3,rest
138.12,0.1,0.1,0.3,rest
138.14000000000001,0.1,0.1,0.3,rest
138.16,0.1,0.1,0.3,rest
138.18,0.1,0.1,0.3,rest
138.20000000000002,0.1,0.1,0.3,rest
138.22,0.1,0.1,0.3,rest
138.24,0.1,0.1,0.3,rest
138.26,0.1,0.1,0.3,rest
138.28,0.1,0.1,0.3,rest
138.3,0.1,0.1,0.3,rest
138.32,0.1,0.1,0.3,rest
138.34,0.1,0.1,0.3,rest
138.36,0.1,0.1,0.3,rest
138.38,0.1,0.1,0.3,rest
138.4,0.1,0.1,0.3,rest
138.42000000000002,0.1,0.1,0.3,rest
138.44,0.1,0.1,0.3,rest
138.46,0.1,0.1,0.3,rest
138.48,0.1,0.1,0.3,rest
138.5,0.1,0.1,0.3,rest
138.52,0.1,0.1,0.3,rest
138.54,0.1,0.1,0.3,rest
138.56,0.1,0.1,0.3,rest
138.58,0.1,0.1,0.3,rest
138.6,0.1,0.1,0.3,rest
138.62,0.1,0.1,0.3,rest
138.64000000000001,0.1,0.1,0.3,rest
138.66,0.1,0.1,0.3,rest
138.68,0.1,0.1,0.3,rest
138.70000000000002,0.1,0.1,0.3,rest
138.72,0.1,0.1,0.3,rest
138.74,0.1,0.1,0.3,rest
138.76,0.1,0.1,0.3,rest
138.78,0.1,0.1,0.3,rest
138.8,0.1,0.1,0.3,rest
138.82,0.1,0.1,0.3,rest
138.84,0.1,0.1,0.3,rest
138.86,0.1,0.1,0.3,rest
138.88,0.1,0.1,0.3,rest
138.9,0.1,0.1,0.3,rest
138.92000000000002,0.1,0.1,0.3,rest
138.94,0.1,0.1,0.3,rest
138.96,0.1,0.1,0.3,rest
138.98,0.1,0.1,0.3,rest
139.0,0.1,0.1,0.3,rest
139.02,0.1,0.1,0.3,rest
139.04,0.1,0.1,0.3,rest
139.06,0.1,0.1,0.3,rest
139.08,0.1,0.1,0.3,rest
139.1,0.1,0.1,0.3,rest
139.12,0.1,0.1,0.3,rest
139.14000000000001,0.1,0.1,0.3,rest
139.16,0.1,0.1,0.3,rest
139.18,0.1,0.1,0.3,rest
139.20000000000002,0.1,0.1,0.3,rest
139.22,0.1,0.1,0.3,rest
139.24,0.1,0.1,0.3,rest
139.26,0.1,0.1,0.3,rest
139.28,0.1,0.1,0.3,rest
139.3,0.1,0.1,0.3,rest
139.32,0.1,0.1,0.3,rest
139.34,0.1,0.1,0.3,rest
139.36,0.1,0.1,0.3,rest
139.38,0.1,0.1,0.3,rest
139.4,0.1,0.1,0.3,rest
139.42000000000002,0.1,0.1,0.3,rest
139.44,0.1,0.1,0.3,rest
139.46,0.1,0.1,0.3,rest
139.48,0.1,0.1,0.3,rest
139.5,0.1,0.1,0.3,rest
139.52,0.1,0.1,0.3,rest
139.54,0.1,0.1,0.3,rest
139.56,0.1,0.1,0.3,rest
139.58,0.1,0.1,0.3,rest
139.6,0.1,0.1,0.3,rest
139.62,0.1,0.1,0.3,rest
139.64000000000001,0.1,0.1,0.3,rest
139.66,0.1,0.1,0.3,rest
139.68,0.1,0.1,0.3,rest
139.70000000000002,0.1,0.1,0.3,rest
139.72,0.1,0.1,0.3,rest
139.74,0.1,0.1,0.3,rest
139.76,0.1,0.1,0.3,rest
139.78,0.1,0.1,0.3,rest
139.8,0.1,0.1,0.3,rest
139.82,0.1,0.1,0.3,rest
139.84,0.1,0.1,0.3,rest
139.86,0.1,0.1,0.3,rest
139.88,0.1,0.1,0.3,rest
139.9,0.1,0.1,0.3,rest
139.92000000000002,0.1,0.1,0.3,rest
139.94,0.1,0.1,0.3,rest
139.96,0.1,0.1,0.3,rest
139.98,0.1,0.1,0.3,rest
140.0,0.1,0.1,0.3,rest
140.02,0.1,0.1,0.3,rest
140.04,0.1,0.1,0.3,rest
140.06,0.1,0.1,0.3,rest
140.08,0.1,0.1,0.3,rest
140.1,0.1,0.1,0.3,rest
140.12,0.1,0.1,0.3,rest
140.14000000000001,0.1,0.1,0.3,rest
140.16,0.1,0.1,0.3,rest
140.18,0.1,0.1,0.3,rest
140.20000000000002,0.1,0.1,0.3,rest
140.22,0.1,0.1,0.3,rest
140.24,0.1,0.1,0.3,rest
140.26,0.1,0.1,0.3,rest
140.28,0.1,0.1,0.3,rest
140.3,0.1,0.1,0.3,rest
140.32,0.1,0.1,0.3,rest
140.34,0.1,0.1,0.3,rest
140.36,0.1,0.1,0.3,rest
140.38,0.1,0.1,0.3,rest
140.4,0.1,0.1,0.3,rest
140.42000000000002,0.1,0.1,0.3,rest
140.44,0.1,0.1,0.3,rest
140.46,0.1,0.1,0.3,rest
140.48,0.1,0.1,0.3,rest
140.5,0.1,0.1,0.3,rest
140.52,0.1,0.1,0.3,rest
140.54,0.1,0.1,0.3,rest
140.56,0.1,0.1,0.3,rest
140.58,0.1,0.1,0.3,rest
140.6,0.1,0.1,0.3,rest
140.62,0.1,0.1,0.3,rest
140.64000000000001,0.1,0.1,0.3,rest
140.66,0.1,0.1,0.3,rest
140.68,0.1,0.1,0.3,rest
140.70000000000002,0.1,0.1,0.3,rest
140.72,0.1,0.1,0.3,rest
140.74,0.1,0.1,0.3,rest
140.76,0.1,0.1,0.3,rest
140.78,0.1,0.1,0.3,rest
140.8,0.1,0.1,0.3,rest
140.82,0.1,0.1,0.3,rest
140.84,0.1,0.1,0.3,rest
140.86,0.1,0.1,0.3,rest
140.88,0.1,0.1,0.3,rest
140.9,0.1,0.1,0.3,rest
140.92000000000002,0.1,0.1,0.3,rest
140.94,0.1,0.1,0.3,rest
140.96,0.1,0.1,0.3,rest
140.98,0.1,0.1,0.3,rest
141.0,0.1,0.1,0.3,rest
141.02,0.1,0.1,0.3,rest
141.04,0.1,0.1,0.3,rest
141.06,0.1,0.1,0.3,rest
141.08,0.1,0.1,0.3,rest
141.1,0.1,0.1,0.3,rest
141.12,0.1,0.1,0.3,rest
141.14000000000001,0.1,0.1,0.3,rest
141.16,0.1,0.1,0.3,rest
141.18,0.1,0.1,0.3,rest
141.20000000000002,0.1,0.1,0.3,rest
141.22,0.1,0.1,0.3,rest
141.24,0.1,0.1,0.3,rest
141.26,0.1,0.1,0.3,rest
141.28,0.1,0.1,0.3,rest
141.3,0.1,0.1,0.3,rest
141.32,0.1,0.1,0.3,rest
141.34,0.1,0.1,0.3,rest
141.36,0.1,0.1,0.3,rest
141.38,0.1,0.1,0.3,rest
141.4,0.1,0.1,0.3,rest
141.42000000000002,0.1,0.1,0.3,rest
141.44,0.1,0.1,0.3,rest
141.46,0.1,0.1,0.3,rest
141.48,0.1,0.1,0.3,rest
141.5,0.1,0.1,0.3,rest
141.52,0.1,0.1,0.3,rest
141.54,0.1,0.1,0.3,rest
141.56,0.1,0.1,0.3,rest
141.58,0.1,0.1,0.3,rest
141.6,0.1,0.1,0.3,rest
141.62,0.1,0.1,0.3,rest
141.64000000000001,0.1,0.1,0.3,rest
141.66,0.1,0.1,0.3,rest
141.68,0.1,0.1,0.3,rest
141.70000000000002,0.1,0.1,0.3,rest
141.72,0.1,0.1,0.3,rest
141.74,0.1,0.1,0.3,rest
141.76,0.1,0.1,0.3,rest
141.78,0.1,0.1,0.3,rest
141.8,0.1,0.1,0.3,rest
141.82,0.1,0.1,0.3,rest
141.84,0.1,0.1,0.3,rest
141.86,0.1,0.1,0.3,rest
141.88,0.1,0.1,0.3,rest
141.9,0.1,0.1,0.3,rest
141.92000000000002,0.1,0.1,0.3,rest
141.94,0.1,0.1,0.3,rest
141.96,0.1,0.1,0.3,rest
141.98,0.1,0.1,0.3,rest
142.0,0.1,0.1,0.3,rest
142.02,0.1,0.1,0.3,rest
142.04,0.1,0.1,0.3,rest
142.06,0.1,0.1,0.3,rest
142.08,0.1,0.1,0.3,rest
142.1,0.1,0.1,0.3,rest
142.12,0.1,0.1,0.3,rest
142.14000000000001,0.1,0.1,0.3,rest
142.16,0.1,0.1,0.3,rest
142.18,0.1,0.1,0.3,rest
142.20000000000002,0.1,0.1,0.3,rest
142.22,0.1,0.1,0.3,rest
142.24,0.1,0.1,0.3,rest
142.26,0.1,0.1,0.3,rest
142.28,0.1,0.1,0.3,rest
142.3,0.1,0.1,0.3,rest
142.32,0.1,0.1,0.3,rest
142.34,0.1,0.1,0.3,rest
142.36,0.1,0.1,0.3,rest
142.38,0.1,0.1,0.3,rest
142.4,0.1,0.1,0.3,rest
142.42000000000002,0.1,0.1,0.3,rest
142.44,0.1,0.1,0.3,rest
142.46,0.1,0.1,0.3,rest
142.48,0.1,0.1,0.3,rest
142.5,0.1,0.1,0.3,rest
142.52,0.1,0.1,0.3,rest
142.54,0.1,0.1,0.3,rest
142.56,0.1,0.1,0.3,rest
142.58,0.1,0.1,0.3,rest
142.6,0.1,0.1,0.3,rest
142.62,0.1,0.1,0.3,rest
142.64000000000001,0.1,0.1,0.3,rest
142.66,0.1,0.1,0.3,rest
142.68,0.1,0.1,0.3,rest
142.70000000000002,0.1,0.1,0.3,rest
142.72,0.1,0.1,0.3,rest
142.74,0.1,0.1,0.3,rest
142.76,0.1,0.1,0.3,rest
142.78,0.1,0.1,0.3,rest
142.8,0.1,0.1,0.3,rest
142.82,0.1,0.1,0.3,rest
142.84,0.1,0.1,0.3,rest
142.86,0.1,0.1,0.3,rest
142.88,0.1,0.1,0.3,rest
142.9,0.1,0.1,0.3,rest
142.92000000000002,0.1,0.1,0.3,rest
142.94,0.1,0.1,0.3,rest
142.96,0.1,0.1,0.3,rest
142.98,0.1,0.1,0.3,rest
143.0,0.1,0.1,0.3,rest
143.02,0.1,0.1,0.3,rest
143.04,0.1,0.1,0.3,rest
143.06,0.1,0.1,0.3,rest
143.08,0.1,0.1,0.3,rest
143.1,0.1,0.1,0.3,rest
143.12,0.1,0.1,0.3,rest
143.14000000000001,0.1,0.1,0.3,rest
143.16,0.1,0.1,0.3,rest
143.18,0.1,0.1,0.3,rest
143.20000000000002,0.1,0.1,0.3,rest
143.22,0.1,0.1,0.3,rest
143.24,0.1,0.1,0.3,rest
143.26,0.1,0.1,0.3,rest
143.28,0.1,0.1,0.3,rest
143.3,0.1,0.1,0.3,rest
143.32,0.1,0.1,0.3,rest
143.34,0.1,0.1,0.3,rest
143.36,0.1,0.1,0.3,rest
143.38,0.1,0.1,0.3,rest
143.4,0.1,0.1,0.3,rest
143.42000000000002,0.1,0.1,0.3,rest
143.44,0.1,0.1,0.3,rest
143.46,0.1,0.1,0.3,rest
143.48,0.1,0.1,0.3,rest
143.5,0.1,0.1,0.3,rest
143.52,0.1,0.1,0.3,rest
143.54,0.1,0.1,0.3,rest
143.56,0.1,0.1,0.3,rest
143.58,0.1,0.1,0.3,rest
143.6,0.1,0.1,0.3,rest
143.62,0.1,0.1,0.3,rest
143.64000000000001,0.1,0.1,0.3,rest
143.66,0.1,0.1,0.3,rest
143.68,0.1,0.1,0.3,rest
143.70000000000002,0.1,0.1,0.3,rest
143.72,0.1,0.1,0.3,rest
143.74,0.1,0.1,0.3,rest
143.76,0.1,0.1,0.3,rest
143.78,0.1,0.1,0.3,rest
143.8,0.1,0.1,0.3,rest
143.82,0.1,0.1,0.3,rest
143.84,0.1,0.1,0.3,rest
143.86,0.1,0.1,0.3,rest
143.88,0.1,0.1,0.3,rest
143.9,0.1,0.1,0.3,rest
143.92000000000002,0.1,0.1,0.3,rest
143.94,0.1,0.1,0.3,rest
143.96,0.1,0.1,0.3,rest
143.98,0.1,0.1,0.3,rest
144.0,0.1,0.1,0.3,rest
144.02,0.1,0.1,0.3,rest
144.04,0.1,0.1,0.3,rest
144.06,0.1,0.1,0.3,rest
144.08,0.1,0.1,0.3,rest
144.1,0.1,0.1,0.3,rest
144.12,0.1,0.1,0.3,rest
144.14000000000001,0.1,0.1,0.3,rest
144.16,0.1,0.1,0.3,rest
144.18,0.1,0.1,0.3,rest
144.20000000000002,0.1,0.1,0.3,rest
144.22,0.1,0.1,0.3,rest
144.24,0.1,0.1,0.3,rest
144.26,0.1,0.1,0.3,rest
144.28,0.1,0.1,0.3,rest
144.3,0.1,0.1,0.3,rest
144.32,0.1,0.1,0.3,rest
144.34,0.1,0.1,0.3,rest
144.36,0.1,0.1,0.3,rest
144.38,0.1,0.1,0.3,rest
144.4,0.1,0.1,0.3,rest
144.42000000000002,0.1,0.1,0.3,rest
144.44,0.1,0.1,0.3,rest
144.46,0.1,0.1,0.3,rest
144.48,0.1,0.1,0.3,rest
144.5,0.1,0.1,0.3,rest
144.52,0.1,0.1,0.3,rest
144.54,0.1,0.1,0.3,rest
144.56,0.1,0.1,0.3,rest
144.58,0.1,0.1,0.3,rest
144.6,0.1,0.1,0.3,rest
144.62,0.1,0.1,0.3,rest
144.64000000000001,0.1,0.1,0.3,rest
144.66,0.1,0.1,0.3,rest
144.68,0.1,0.1,0.3,rest
144.70000000000002,0.1,0.1,0.3,rest
144.72,0.1,0.1,0.3,rest
144.74,0.1,0.1,0.3,rest
144.76,0.1,0.1,0.3,rest
144.78,0.1,0.1,0.3,rest
144.8,0.1,0.1,0.3,rest
144.82,0.1,0.1,0.3,rest
144.84,0.1,0.1,0.3,rest
144.86,0.1,0.1,0.3,rest
144.88,0.1,0.1,0.3,rest
144.9,0.1,0.1,0.3,rest
144.92000000000002,0.1,0.1,0.3,rest
144.94,0.1,0.1,0.3,rest
144.96,0.1,0.1,0.3,rest
144.98,0.1,0.1,0.3,rest
145.0,0.1,0.1,0.3,rest
145.02,0.1,0.1,0.3,rest
145.04,0.1,0.1,0.3,rest
145.06,0.1,0.1,0.3,rest
145.08,0.1,0.1,0.3,rest
145.1,0.1,0.1,0.3,rest
145.12,0.1,0.1,0.3,rest
145.14000000000001,0.1,0.1,0.3,rest
145.16,0.1,0.1,0.3,rest
145.18,0.1,0.1,0.3,rest
145.20000000000002,0.1,0.1,0.3,rest
145.22,0.1,0.1,0.3,rest
145.24,0.1,0.1,0.3,rest
145.26,0.1,0.1,0.3,rest
145.28,0.1,0.1,0.3,rest
145.3,0.1,0.1,0.3,rest
145.32,0.1,0.1,0.3,rest
145.34,0.1,0.1,0.3,rest
145.36,0.1,0.1,0.3,rest
145.38,0.1,0.1,0.3,rest
145.4,0.1,0.1,0.3,rest
145.42000000000002,0.1,0.1,0.3,rest
145.44,0.1,0.1,0.3,rest
145.46,0.1,0.1,0.3,rest
145.48,0.1,0.1,0.3,rest
145.5,0.1,0.1,0.3,rest
145.52,0.1,0.1,0.3,rest
145.54,0.1,0.1,0.3,rest
145.56,0.1,0.1,0.3,rest
145.58,0.1,0.1,0.3,rest
145.6,0.1,0.1,0.3,rest
145.62,0.1,0.1,0.3,rest
145.64000000000001,0.1,0.1,0.3,rest
145.66,0.1,0.1,0.3,rest
145.68,0.1,0.1,0.3,rest
145.70000000000002,0.1,0.1,0.3,rest
145.72,0.1,0.1,0.3,rest
145.74,0.1,0.1,0.3,rest
145.76,0.1,0.1,0.3,rest
145.78,0.1,0.1,0.3,rest
145.8,0.1,0.1,0.3,rest
145.82,0.1,0.1,0.3,rest
145.84,0.1,0.1,0.3,rest
145.86,0.1,0.1,0.3,rest
145.88,0.1,0.1,0.3,rest
145.9,0.1,0.1,0.3,rest
145.92000000000002,0.1,0.1,0.3,rest
145.94,0.1,0.1,0.3,rest
145.96,0.1,0.1,0.3,rest
145.98,0.1,0.1,0.3,rest
146.0,0.1,0.1,0.3,rest
146.02,0.1,0.1,0.3,rest
146.04,0.1,0.1,0.3,rest
146.06,0.1,0.1,0.3,rest
146.08,0.1,0.1,0.3,rest
146.1,0.1,0.1,0.3,rest
146.12,0.1,0.1,0.3,rest
146.14000000000001,0.1,0.1,0.3,rest
146.16,0.1,0.1,0.3,rest
146.18,0.1,0.1,0.3,rest
146.20000000000002,0.1,0.1,0.3,C_center0.28:settle
146.22,0.10367346938775511,0.10306122448979592,0.3,C_center0.28:settle
146.24,0.10734693877551021,0.10612244897959185,0.3,C_center0.28:settle
146.26,0.1110204081632653,0.10918367346938776,0.3,C_center0.28:settle
146.28,0.11469387755102041,0.11224489795918367,0.3,C_center0.28:settle
146.3,0.11836734693877551,0.1153061224489796,0.3,C_center0.28:settle
146.32,0.12204081632653062,0.11836734693877551,0.3,C_center0.28:settle
146.34,0.12571428571428572,0.12142857142857143,0.3,C_center0.28:settle
146.36,0.1293877551020408,0.12448979591836735,0.3,C_center0.28:settle
146.38,0.13306122448979593,0.12755102040816327,0.3,C_center0.28:settle
146.4,0.13673469387755102,0.1306122448979592,0.3,C_center0.28:settle
146.42000000000002,0.14040816326530614,0.1336734693877551,0.3,C_center0.28:settle
146.44,0.14408163265306123,0.13673469387755102,0.3,C_center0.28:settle
146.46,0.14775510204081632,0.13979591836734695,0.3,C_center0.28:settle
146.48,0.15142857142857144,0.14285714285714285,0.3,C_center0.28:settle
146.5,0.15510204081632653,0.14591836734693878,0.3,C_center0.28:settle
146.52,0.15877551020408165,0.1489795918367347,0.3,C_center0.28:settle
146.54,0.16244897959183674,0.1520408163265306,0.3,C_center0.28:settle
146.56,0.16612244897959183,0.15510204081632653,0.3,C_center0.28:settle
146.58,0.16979591836734695,0.15816326530612246,0.3,C_center0.28:settle
146.6,0.17346938775510207,0.16122448979591836,0.3,C_center0.28:settle
146.62,0.17714285714285716,0.16428571428571428,0.3,C_center0.28:settle
146.64000000000001,0.18081632653061225,0.1673469387755102,0.3,C_center0.28:settle
146.66,0.18448979591836734,0.1704081632653061,0.3,C_center0.28:settle
146.68,0.18816326530612246,0.17346938775510204,0.3,C_center0.28:settle
146.70000000000002,0.19183673469387758,0.17653061224489797,0.3,C_center0.28:settle
146.72,0.19551020408163267,0.17959183673469387,0.3,C_center0.28:settle
146.74,0.19918367346938776,0.1826530612244898,0.3,C_center0.28:settle
146.76,0.20285714285714287,0.18571428571428572,0.3,C_center0.28:settle
146.78,0.206530612244898,0.18877551020408162,0.3,C_center0.28:settle
146.8,0.21020408163265306,0.19183673469387752,0.3,C_center0.28:settle
146.82,0.21387755102040817,0.19489795918367347,0.3,C_center0.28:settle
146.84,0.21755102040816326,0.19795918367346937,0.3,C_center0.28:settle
146.86,0.22122448979591838,0.2010204081632653,0.3,C_center0.28:settle
146.88,0.2248979591836735,0.20408163265306123,0.3,C_center0.28:settle
146.9,0.22857142857142856,0.20714285714285713,0.3,C_center0.28:settle
146.92000000000002,0.23224489795918368,0.21020408163265306,0.3,C_center0.28:settle
146.94,0.2359183673469388,0.21326530612244898,0.3,C_center0.28:settle
146.96,0.2395918367346939,0.21632653061224488,0.3,C_center0.28:settle
146.98,0.24326530612244898,0.21938775510204078,0.3,C_center0.28:settle
147.0,0.2469387755102041,0.22244897959183674,0.3,C_center0.28:settle
147.02,0.2506122448979592,0.22551020408163264,0.3,C_center0.28:settle
147.04,0.25428571428571434,0.22857142857142856,0.3,C_center0.28:settle
147.06,0.25795918367346937,0.2316326530612245,0.3,C_center0.28:settle
147.08,0.2616326530612245,0.2346938775510204,0.3,C_center0.28:settle
147.1,0.2653061224489796,0.23775510204081632,0.3,C_center0.28:settle
147.12,0.2689795918367347,0.24081632653061225,0.3,C_center0.28:settle
147.14000000000001,0.27265306122448985,0.24387755102040815,0.3,C_center0.28:settle
147.16,0.2763265306122449,0.24693877551020407,0.3,C_center0.28:settle
147.18,0.28,0.25,0.3,C_center0.28:settle
147.20000000000002,0.28,0.25,0.3,C_center0.28
147.22,0.2801451386025697,0.25,0.3,C_center0.28
147.24,0.2810753153063412,0.25,0.3,C_center0.28
147.26,0.283177006764377,0.25,0.3,C_center0.28
147.28,0.28617246197221274,0.25,0.3,C_center0.28
147.3,0.28908178160006703,0.25,0.3,C_center0.28
147.32,0.29044166308897507,0.25,0.3,C_center0.28
147.34,0.2887336162539855,0.25,0.3,C_center0.28
147.36,0.2829088164359595,0.25,0.3,C_center0.28
147.38,0.27285985584057976,0.25,0.3,C_center0.28
147.4,0.2596925189854434,0.25,0.3,C_center0.28
147.42000000000002,0.24569416755599954,0.25,0.3,C_center0.28
147.44,0.23396955380357937,0.25,0.3,C_center0.28
147.46,0.22780172112355182,0.25,0.3,C_center0.28
147.48,0.229873039893799,0.25,0.3,C_center0.28
147.5,0.24152895578530936,0.25,0.3,C_center0.28
147.52,0.26227115544293483,0.25,0.3,C_center0.28
147.54,0.289624506920471,0.25,0.3,C_center0.28
147.56,0.319441751156186,0.25,0.3,C_center0.28
147.58,0.34660966118860387,0.25,0.3,C_center0.28
147.6,0.36602387002944836,0.25,0.3,C_center0.28
147.62,0.37363021087061443,0.25,0.3,C_center0.28
147.64000000000001,0.36730569848222505,0.25,0.3,C_center0.28
147.66,0.3473793952865277,0.25,0.3,C_center0.28
147.68,0.3166673166658982,0.25,0.3,C_center0.28
147.70000000000002,0.2800000000000001,0.25,0.3,C_center0.28
147.72,0.2431875447315323,0.25,0.3,C_center0.28
147.74,0.2115452894071311,0.25,0.3,C_center0.28
147.76,0.18951729475339807,0.25,0.3,C_center0.28
147.78,0.18019732715717288,0.25,0.3,C_center0.28
147.8,0.18489434837048463,0.25,0.3,C_center0.28
147.82,0.20294867572242103,0.25,0.3,C_center0.28
147.84,0.23182463258982855,0.25,0.3,C_center0.28
147.86,0.2674666766435696,0.25,0.3,C_center0.28
147.88,0.3048689887164855,0.25,0.3,C_center0.28
147.9,0.33877852522924745,0.25,0.3,C_center0.28
147.92000000000002,0.3644327925502015,0.25,0.3,C_center0.28
147.94,0.37822872507286887,0.25,0.3,C_center0.28
147.96,0.37822872507286887,0.25,0.3,C_center0.28
147.98,0.36443279255020156,0.25,0.3,C_center0.28
148.0,0.3387785252292474,0.25,0.3,C_center0.28
148.02,0.30486898871648543,0.25,0.3,C_center0.28
148.04,0.2674666766435697,0.25,0.3,C_center0.28
148.06,0.2318246325898285,0.25,0.3,C_center0.28
148.08,0.20294867572242123,0.25,0.3,C_center0.28
148.1,0.18489434837048468,0.25,0.3,C_center0.28
148.12,0.18019732715717285,0.25,0.3,C_center0.28
148.14000000000001,0.18951729475339818,0.25,0.3,C_center0.28
148.16,0.21154528940713116,0.25,0.3,C_center0.28
148.18,0.24318754473153203,0.25,0.3,C_center0.28
148.20000000000002,0.27999999999999997,0.25,0.3,C_center0.28
148.22,0.3168124552684679,0.25,0.3,C_center0.28
148.24,0.3484547105928688,0.25,0.3,C_center0.28
148.26,0.370482705246602,0.25,0.3,C_center0.28
148.28,0.3798026728428272,0.25,0.3,C_center0.28
148.3,0.3751056516295154,0.25,0.3,C_center0.28
148.32,0.3570513242775789,0.25,0.3,C_center0.28
148.34,0.3281753674101714,0.25,0.3,C_center0.28
148.36,0.29253332335643084,0.25,0.3,C_center0.28
148.38,0.2551310112835148,0.25,0.3,C_center0.28
148.4,0.22122147477075277,0.25,0.3,C_center0.28
148.42000000000002,0.19556720744979866,0.25,0.3,C_center0.28
148.44,0.1817712749271312,0.25,0.3,C_center0.28
148.46,0.18177127492713113,0.25,0.3,C_center0.28
148.48,0.19556720744979858,0.25,0.3,C_center0.28
148.5,0.22122147477075263,0.25,0.3,C_center0.28
148.52,0.25513101128351456,0.25,0.3,C_center0.28
148.54,0.2925333233564306,0.25,0.3,C_center0.28
148.56,0.3281753674101715,0.25,0.3,C_center0.28
148.58,0.357051324277579,0.25,0.3,C_center0.28
148.6,0.3751056516295155,0.25,0.3,C_center0.28
148.62,0.3798026728428272,0.25,0.3,C_center0.28
148.64000000000001,0.37048270524660204,0.25,0.3,C_center0.28
148.66,0.3484547105928689,0.25,0.3,C_center0.28
148.68,0.3168124552684681,0.25,0.3,C_center0.28
148.70000000000002,0.28000000000000014,0.25,0.3,C_center0.28
148.72,0.2431875447315322,0.25,0.3,C_center0.28
148.74,0.2115452894071313,0.25,0.3,C_center0.28
148.76,0.18951729475339807,0.25,0.3,C_center0.28
148.78,0.18019732715717285,0.25,0.3,C_center0.28
148.8,0.18489434837048463,0.25,0.3,C_center0.28
148.82,0.2029486757224211,0.25,0.3,C_center0.28
148.84,0.23182463258982863,0.25,0.3,C_center0.28
148.86,0.2674666766435699,0.25,0.3,C_center0.28
148.88,0.30486898871648527,0.25,0.3,C_center0.28
148.9,0.33877852522924695,0.25,0.3,C_center0.28
148.92000000000002,0.36443279255020156,0.25,0.3,C_center0.28
148.94,0.37822872507286887,0.25,0.3,C_center0.28
148.96,0.378228725072869,0.25,0.3,C_center0.28
148.98,0.3644327925502015,0.25,0.3,C_center0.28
149.0,0.33877852522924745,0.25,0.3,C_center0.28
149.02,0.3048689887164858,0.25,0.3,C_center0.28
149.04,0.26746667664356943,0.25,0.3,C_center0.28
149.06,0.23182463258982855,0.25,0.3,C_center0.28
149.08,0.2029486757224208,0.25,0.3,C_center0.28
149.1,0.1848943483704846,0.25,0.3,C_center0.28
149.12,0.18019732715717285,0.25,0.3,C_center0.28
149.14000000000001,0.18951729475339796,0.25,0.3,C_center0.28
149.16,0.21154528940713085,0.25,0.3,C_center0.28
149.18,0.24318754473153228,0.25,0.3,C_center0.28
149.20000000000002,0.27999999999999986,0.25,0.3,C_center0.28
149.22,0.31681245526846746,0.25,0.3,C_center0.28
149.24,0.348454710592869,0.25,0.3,C_center0.28
149.26,0.370482705246602,0.25,0.3,C_center0.28
149.28,0.37980267284282715,0.25,0.3,C_center0.28
149.3,0.3751056516295153,0.25,0.3,C_center0.28
149.32,0.35705132427757896,0.25,0.3,C_center0.28
149.34,0.3281753674101717,0.25,0.3,C_center0.28
149.36,0.2925333233564302,0.25,0.3,C_center0.28
149.38,0.2551310112835145,0.25,0.3,C_center0.28
149.4,0.22122147477075285,0.25,0.3,C_center0.28
149.42000000000002,0.19556720744979833,0.25,0.3,C_center0.28
149.44,0.18177127492713113,0.25,0.3,C_center0.28
149.46,0.18177127492713127,0.25,0.3,C_center0.28
149.48,0.19556720744979872,0.25,0.3,C_center0.28
149.5,0.22122147477075288,0.25,0.3,C_center0.28
149.52,0.25513101128351384,0.25,0.3,C_center0.28
149.54,0.29253332335643023,0.25,0.3,C_center0.28
149.56,0.32817536741017117,0.25,0.3,C_center0.28
149.58,0.3570513242775785,0.25,0.3,C_center0.28
149.6,0.3751056516295153,0.25,0.3,C_center0.28
149.62,0.3798026728428272,0.25,0.3,C_center0.28
149.64000000000001,0.37048270524660226,0.25,0.3,C_center0.28
149.66,0.348454710592869,0.25,0.3,C_center0.28
149.68,0.31681245526846813,0.25,0.3,C_center0.28
149.70000000000002,0.2800000000000006,0.25,0.3,C_center0.28
149.72,0.24318754473153226,0.25,0.3,C_center0.28
149.74,0.21154528940713135,0.25,0.3,C_center0.28
149.76,0.18951729475339796,0.25,0.3,C_center0.28
149.78,0.18019732715717285,0.25,0.3,C_center0.28
149.8,0.1848943483704846,0.25,0.3,C_center0.28
149.82,0.2029486757224213,0.25,0.3,C_center0.28
149.84,0.23182463258982858,0.25,0.3,C_center0.28
149.86,0.2674666766435695,0.25,0.3,C_center0.28
149.88,0.3048689887164859,0.25,0.3,C_center0.28
149.9,0.33877852522924745,0.25,0.3,C_center0.28
149.92000000000002,0.3644327925502015,0.25,0.3,C_center0.28
149.94,0.378228725072869,0.25,0.3,C_center0.28
149.96,0.37822872507286887,0.25,0.3,C_center0.28
149.98,0.36443279255020156,0.25,0.3,C_center0.28
150.0,0.33877852522924695,0.25,0.3,C_center0.28
150.02,0.30486898871648593,0.25,0.3,C_center0.28
150.04,0.2674666766435702,0.25,0.3,C_center0.28
150.06,0.2318246325898286,0.25,0.3,C_center0.28
150.08,0.2029486757224213,0.25,0.3,C_center0.28
150.1,0.18489434837048485,0.25,0.3,C_center0.28
150.12,0.18019732715717285,0.25,0.3,C_center0.28
150.14000000000001,0.18951729475339796,0.25,0.3,C_center0.28
150.16,0.2115452894071308,0.25,0.3,C_center0.28
150.18,0.24318754473153223,0.25,0.3,C_center0.28
150.20000000000002,0.2799999999999998,0.25,0.3,C_center0.28
150.22,0.3168124552684674,0.25,0.3,C_center0.28
150.24,0.3484547105928689,0.25,0.3,C_center0.28
150.26,0.37048270524660193,0.25,0.3,C_center0.28
150.28,0.37980267284282715,0.25,0.3,C_center0.28
150.3,0.37510565162951537,0.25,0.3,C_center0.28
150.32,0.357051324277579,0.25,0.3,C_center0.28
150.34,0.32817536741017184,0.25,0.3,C_center0.28
150.36,0.29253332335643023,0.25,0.3,C_center0.28
150.38,0.25513101128351456,0.25,0.3,C_center0.28
150.4,0.2212214747707529,0.25,0.3,C_center0.28
150.42000000000002,0.19556720744979839,0.25,0.3,C_center0.28
150.44,0.18177127492713113,0.25,0.3,C_center0.28
150.46,0.18177127492713124,0.25,0.3,C_center0.28
150.48,0.1955672074497987,0.25,0.3,C_center0.28
150.5,0.2212214747707528,0.25,0.3,C_center0.28
150.52,0.2551310112835151,0.25,0.3,C_center0.28
150.54,0.2925333233564301,0.25,0.3,C_center0.28
150.56,0.32817536741017106,0.25,0.3,C_center0.28
150.58,0.35705132427757846,0.25,0.3,C_center0.28
150.6,0.3751056516295151,0.25,0.3,C_center0.28
150.62,0.3798026728428272,0.25,0.3,C_center0.28
150.64000000000001,0.370482705246602,0.25,0.3,C_center0.28
150.66,0.34845471059286953,0.25,0.3,C_center0.28
150.68,0.3168124552684682,0.25,0.3,C_center0.28
150.70000000000002,0.2799999999999999,0.25,0.3,C_center0.28
150.72,0.243187544731533,0.25,0.3,C_center0.28
150.74,0.2115452894071314,0.25,0.3,C_center0.28
150.76,0.189517294753398,0.25,0.3,C_center0.28
150.78,0.1801973271571729,0.25,0.3,C_center0.28
150.8,0.18489434837048457,0.25,0.3,C_center0.28
150.82,0.20294867572242126,0.25,0.3,C_center0.28
150.84,0.23182463258982788,0.25,0.3,C_center0.28
150.86,0.2674666766435694,0.25,0.3,C_center0.28
150.88,0.3048689887164858,0.25,0.3,C_center0.28
150.9,0.33877852522924684,0.25,0.3,C_center0.28
150.92000000000002,0.36443279255020145,0.25,0.3,C_center0.28
150.94,0.378228725072869,0.25,0.3,C_center0.28
150.96,0.37822872507286875,0.25,0.3,C_center0.28
150.98,0.36443279255020156,0.25,0.3,C_center0.28
151.0,0.338778525229247,0.25,0.3,C_center0.28
151.02,0.3048689887164846,0.25,0.3,C_center0.28
151.04,0.2674666766435696,0.25,0.3,C_center0.28
151.06,0.2318246325898293,0.25,0.3,C_center0.28
151.08,0.20294867572242137,0.25,0.3,C_center0.28
151.1,0.18489434837048463,0.25,0.3,C_center0.28
151.12,0.1801973271571728,0.25,0.3,C_center0.28
151.14000000000001,0.1895172947533979,0.25,0.3,C_center0.28
151.16,0.21154528940713124,0.25,0.3,C_center0.28
151.18,0.24318754473153148,0.25,0.3,C_center0.28
151.20000000000002,0.27999999999999975,0.25,0.3,C_center0.28
151.22,0.316812455268468,0.25,0.3,C_center0.28
151.24,0.34845471059286837,0.25,0.3,C_center0.28
151.26,0.3704827052466025,0.25,0.3,C_center0.28
151.28,0.3798026728428272,0.25,0.3,C_center0.28
151.3,0.3751056516295156,0.25,0.3,C_center0.28
151.32,0.3570513242775791,0.25,0.3,C_center0.28
151.34,0.3281753674101725,0.25,0.3,C_center0.28
151.36,0.292533323356431,0.25,0.3,C_center0.28
151.38,0.255131011283516,0.25,0.3,C_center0.28
151.4,0.22122147477075238,0.25,0.3,C_center0.28
151.42000000000002,0.19556720744979877,0.25,0.3,C_center0.28
151.44,0.18177127492713116,0.25,0.3,C_center0.28
151.46,0.18177127492713097,0.25,0.3,C_center0.28
151.48,0.19556720744979827,0.25,0.3,C_center0.28
151.5,0.22122147477075274,0.25,0.3,C_center0.28
151.52,0.25513101128351506,0.25,0.3,C_center0.28
151.54,0.29253332335643006,0.25,0.3,C_center0.28
151.56,0.32817536741017167,0.25,0.3,C_center0.28
151.58,0.35705132427757846,0.25,0.3,C_center0.28
151.6,0.37510565162951526,0.25,0.3,C_center0.28
151.62,0.3798026728428272,0.25,0.3,C_center0.28
151.64000000000001,0.3704827052466017,0.25,0.3,C_center0.28
151.66,0.3484547105928691,0.25,0.3,C_center0.28
151.68,0.3168124552684676,0.25,0.3,C_center0.28
151.70000000000002,0.2800000000000007,0.25,0.3,C_center0.28
151.72,0.2431875447315311,0.25,0.3,C_center0.28
151.74,0.2115452894071309,0.25,0.3,C_center0.28
151.76,0.18951729475339774,0.25,0.3,C_center0.28
151.78,0.18019732715717288,0.25,0.3,C_center0.28
151.8,0.1848943483704848,0.25,0.3,C_center0.28
151.82,0.20294867572242076,0.25,0.3,C_center0.28
151.84,0.23182463258982722,0.25,0.3,C_center0.28
151.86,0.26746667664357004,0.25,0.3,C_center0.28
151.88,0.30486898871648505,0.25,0.3,C_center0.28
151.9,0.33877852522924734,0.25,0.3,C_center0.28
151.92000000000002,0.36443279255020106,0.25,0.3,C_center0.28
151.94,0.3782287250728688,0.25,0.3,C_center0.28
151.96,0.37822872507286914,0.25,0.3,C_center0.28
151.98,0.3644327925502012,0.25,0.3,C_center0.28
152.0,0.3387785252292476,0.25,0.3,C_center0.28
152.02,0.3048689887164854,0.25,0.3,C_center0.28
152.04,0.2674666766435704,0.25,0.3,C_center0.28
152.06,0.23182463258982874,0.25,0.3,C_center0.28
152.08,0.20294867572242187,0.25,0.3,C_center0.28
152.1,0.18489434837048446,0.25,0.3,C_center0.28
152.12,0.18019732715717285,0.25,0.3,C_center0.28
152.14000000000001,0.18951729475339818,0.25,0.3,C_center0.28
152.16,0.2115452894071307,0.25,0.3,C_center0.28
152.18,0.2431875447315321,0.25,0.3,C_center0.28
152.20000000000002,0.27999999999999897,0.25,0.3,C_center0.28
152.22,0.3168124552684686,0.25,0.3,C_center0.28
152.24,0.3484547105928688,0.25,0.3,C_center0.28
152.26,0.37048270524660215,0.25,0.3,C_center0.28
152.28,0.37980267284282715,0.25,0.3,C_center0.28
152.3,0.37510565162951537,0.25,0.3,C_center0.28
152.32,0.35705132427757863,0.25,0.3,C_center0.28
152.34,0.32817536741017195,0.25,0.3,C_center0.28
152.36,0.2925333233564304,0.25,0.3,C_center0.28
152.38,0.2551310112835154,0.25,0.3,C_center0.28
152.4,0.22122147477075302,0.25,0.3,C_center0.28
152.42000000000002,0.19556720744979922,0.25,0.3,C_center0.28
152.44,0.18177127492713102,0.25,0.3,C_center0.28
152.46,0.18177127492713108,0.25,0.3,C_center0.28
152.48,0.1955672074497986,0.25,0.3,C_center0.28
152.5,0.2212214747707521,0.25,0.3,C_center0.28
152.52,0.2551310112835143,0.25,0.3,C_center0.28
152.54,0.2925333233564293,0.25,0.3,C_center0.28
152.56,0.3281753674101722,0.25,0.3,C_center0.28
152.58,0.35705132427757885,0.25,0.3,C_center0.28
152.6,0.3751056516295155,0.25,0.3,C_center0.28
152.62,0.3798026728428272,0.25,0.3,C_center0.28
152.64000000000001,0.37048270524660204,0.25,0.3,C_center0.28
152.66,0.34845471059286964,0.25,0.3,C_center0.28
152.68,0.316812455268467,0.25,0.3,C_center0.28
152.70000000000002,0.2800000000000001,0.25,0.3,C_center0.28
152.72,0.2437658102193463,0.25,0.3,C_center0.28
152.74,0.2139488545747985,0.25,0.3,C_center0.28
152.76,0.19511334785868042,0.25,0.3,C_center0.28
152.78,0.18972763437164136,0.25,0.3,C_center0.28
152.8,0.19778265602104927,0.25,0.3,C_center0.28
152.82,0.21691715659299338,0.25,0.3,C_center0.28
152.84,0.24300548993674978,0.25,0.3,C_center0.28
152.86,0.2710651235519561,0.25,0.3,C_center0.28
152.88,0.2962769644313984,0.25,0.3,C_center0.28
152.9,0.3148962612780566,0.25,0.3,C_center0.28
152.92000000000002,0.32486718572986967,0.25,0.3,C_center0.28
152.94,0.3260304461964207,0.25,0.3,C_center0.28
152.96,0.3199112487193176,0.25,0.3,C_center0.28
152.98,0.30917081238482746,0.25,0.3,C_center0.28
153.0,0.2968759231989496,0.25,0.3,C_center0.28
153.02,0.285771759099081,0.25,0.3,C_center0.28
153.04,0.277727858811118,0.25,0.3,C_center0.28
153.06,0.2734714820231717,0.25,0.3,C_center0.28
153.08,0.27264225325103875,0.25,0.3,C_center0.28
153.1,0.27411803310167676,0.25,0.3,C_center0.28
153.12,0.2764957527976158,0.25,0.3,C_center0.28
153.14000000000001,0.278578659714311,0.25,0.3,C_center0.28
153.16,0.27973010708027213,0.25,0.3,C_center0.28
153.18,0.28,0.25,0.3,C_center0.28
153.20000000000002,0.28,0.25,0.3,C_center0.28:tail
153.22,0.28,0.25,0.3,C_center0.28:tail
153.24,0.28,0.25,0.3,C_center0.28:tail
153.26,0.28,0.25,0.3,C_center0.28:tail
153.28,0.28,0.25,0.3,C_center0.28:tail
153.3,0.28,0.25,0.3,C_center0.28:tail
153.32,0.28,0.25,0.3,C_center0.28:tail
153.34,0.28,0.25,0.3,C_center0.28:tail
153.36,0.28,0.25,0.3,C_center0.28:tail
153.38,0.28,0.25,0.3,C_center0.28:tail
153.4,0.28,0.25,0.3,C_center0.28:tail
153.42000000000002,0.28,0.25,0.3,C_center0.28:tail
153.44,0.28,0.25,0.3,C_center0.28:tail
153.46,0.28,0.25,0.3,C_center0.28:tail
153.48,0.28,0.25,0.3,C_center0.28:tail
153.5,0.28,0.25,0.3,C_center0.28:tail
153.52,0.28,0.25,0.3,C_center0.28:tail
153.54,0.28,0.25,0.3,C_center0.28:tail
153.56,0.28,0.25,0.3,C_center0.28:tail
153.58,0.28,0.25,0.3,C_center0.28:tail
153.6,0.28,0.25,0.3,C_center0.28:tail
153.62,0.28,0.25,0.3,C_center0.28:tail
153.64000000000001,0.28,0.25,0.3,C_center0.28:tail
153.66,0.28,0.25,0.3,C_center0.28:tail
153.68,0.28,0.25,0.3,C_center0.28:tail
153.70000000000002,0.271,0.2425,0.3,rest:down
153.72,0.262,0.235,0.3,rest:down
153.74,0.253,0.2275,0.3,rest:down
153.76,0.24400000000000002,0.22,0.3,rest:down
153.78,0.23500000000000001,0.2125,0.3,rest:down
153.8,0.22600000000000003,0.20500000000000002,0.3,rest:down
153.82,0.21700000000000003,0.1975,0.3,rest:down
153.84,0.20800000000000002,0.19,0.3,rest:down
153.86,0.199,0.1825,0.3,rest:down
153.88,0.19,0.175,0.3,rest:down
153.9,0.18100000000000002,0.1675,0.3,rest:down
153.92000000000002,0.17200000000000001,0.16,0.3,rest:down
153.94,0.163,0.1525,0.3,rest:down
153.96,0.15400000000000003,0.14500000000000002,0.3,rest:down
153.98,0.14500000000000002,0.1375,0.3,rest:down
154.0,0.136,0.13,0.3,rest:down
154.02,0.127,0.1225,0.3,rest:down
154.04,0.118,0.11499999999999999,0.3,rest:down
154.06,0.10900000000000001,0.10750000000000001,0.3,rest:down
154.08,0.1,0.1,0.3,rest:down
154.1,0.1,0.1,0.3,rest
154.12,0.1,0.1,0.3,rest
154.14000000000001,0.1,0.1,0.3,rest
154.16,0.1,0.1,0.3,rest
154.18,0.1,0.1,0.3,rest
154.20000000000002,0.1,0.1,0.3,rest
154.22,0.1,0.1,0.3,rest
154.24,0.1,0.1,0.3,rest
154.26,0.1,0.1,0.3,rest
154.28,0.1,0.1,0.3,rest
154.3,0.1,0.1,0.3,rest
154.32,0.1,0.1,0.3,rest
154.34,0.1,0.1,0.3,rest
154.36,0.1,0.1,0.3,rest
154.38,0.1,0.1,0.3,rest
154.4,0.1,0.1,0.3,rest
154.42000000000002,0.1,0.1,0.3,rest
154.44,0.1,0.1,0.3,rest
154.46,0.1,0.1,0.3,rest
154.48,0.1,0.1,0.3,rest
154.5,0.1,0.1,0.3,rest
154.52,0.1,0.1,0.3,rest
154.54,0.1,0.1,0.3,rest
154.56,0.1,0.1,0.3,rest
154.58,0.1,0.1,0.3,rest
154.6,0.1,0.1,0.3,rest
154.62,0.1,0.1,0.3,rest
154.64000000000001,0.1,0.1,0.3,rest
154.66,0.1,0.1,0.3,rest
154.68,0.1,0.1,0.3,rest
154.70000000000002,0.1,0.1,0.3,rest
154.72,0.1,0.1,0.3,rest
154.74,0.1,0.1,0.3,rest
154.76,0.1,0.1,0.3,rest
154.78,0.1,0.1,0.3,rest
154.8,0.1,0.1,0.3,rest
154.82,0.1,0.1,0.3,rest
154.84,0.1,0.1,0.3,rest
154.86,0.1,0.1,0.3,rest
154.88,0.1,0.1,0.3,rest
154.9,0.1,0.1,0.3,rest
154.92000000000002,0.1,0.1,0.3,rest
154.94,0.1,0.1,0.3,rest
154.96,0.1,0.1,0.3,rest
154.98,0.1,0.1,0.3,rest
155.0,0.1,0.1,0.3,rest
155.02,0.1,0.1,0.3,rest
155.04,0.1,0.1,0.3,rest
155.06,0.1,0.1,0.3,rest
155.08,0.1,0.1,0.3,rest
155.1,0.1,0.1,0.3,rest
155.12,0.1,0.1,0.3,rest
155.14000000000001,0.1,0.1,0.3,rest
155.16,0.1,0.1,0.3,rest
155.18,0.1,0.1,0.3,rest
155.20000000000002,0.1,0.1,0.3,rest
155.22,0.1,0.1,0.3,rest
155.24,0.1,0.1,0.3,rest
155.26,0.1,0.1,0.3,rest
155.28,0.1,0.1,0.3,rest
155.3,0.1,0.1,0.3,rest
155.32,0.1,0.1,0.3,rest
155.34,0.1,0.1,0.3,rest
155.36,0.1,0.1,0.3,rest
155.38,0.1,0.1,0.3,rest
155.4,0.1,0.1,0.3,rest
155.42000000000002,0.1,0.1,0.3,rest
155.44,0.1,0.1,0.3,rest
155.46,0.1,0.1,0.3,rest
155.48,0.1,0.1,0.3,rest
155.5,0.1,0.1,0.3,rest
155.52,0.1,0.1,0.3,rest
155.54,0.1,0.1,0.3,rest
155.56,0.1,0.1,0.3,rest
155.58,0.1,0.1,0.3,rest
155.6,0.1,0.1,0.3,rest
155.62,0.1,0.1,0.3,rest
155.64000000000001,0.1,0.1,0.3,rest
155.66,0.1,0.1,0.3,rest
155.68,0.1,0.1,0.3,rest
155.70000000000002,0.1,0.1,0.3,rest
155.72,0.1,0.1,0.3,rest
155.74,0.1,0.1,0.3,rest
155.76,0.1,0.1,0.3,rest
155.78,0.1,0.1,0.3,rest
155.8,0.1,0.1,0.3,rest
155.82,0.1,0.1,0.3,rest
155.84,0.1,0.1,0.3,rest
155.86,0.1,0.1,0.3,rest
155.88,0.1,0.1,0.3,rest
155.9,0.1,0.1,0.3,rest
155.92000000000002,0.1,0.1,0.3,rest
155.94,0.1,0.1,0.3,rest
155.96,0.1,0.1,0.3,rest
155.98,0.1,0.1,0.3,rest
156.0,0.1,0.1,0.3,rest
156.02,0.1,0.1,0.3,rest
156.04,0.1,0.1,0.3,rest
156.06,0.1,0.1,0.3,rest
156.08,0.1,0.1,0.3,rest
156.1,0.1,0.1,0.3,rest
156.12,0.1,0.1,0.3,rest
156.14000000000001,0.1,0.1,0.3,rest
156.16,0.1,0.1,0.3,rest
156.18,0.1,0.1,0.3,rest
156.20000000000002,0.1,0.1,0.3,rest
156.22,0.1,0.1,0.3,rest
156.24,0.1,0.1,0.3,rest
156.26,0.1,0.1,0.3,rest
156.28,0.1,0.1,0.3,rest
156.3,0.1,0.1,0.3,rest
156.32,0.1,0.1,0.3,rest
156.34,0.1,0.1,0.3,rest
156.36,0.1,0.1,0.3,rest
156.38,0.1,0.1,0.3,rest
156.4,0.1,0.1,0.3,rest
156.42000000000002,0.1,0.1,0.3,rest
156.44,0.1,0.1,0.3,rest
156.46,0.1,0.1,0.3,rest
156.48,0.1,0.1,0.3,rest
156.5,0.1,0.1,0.3,rest
156.52,0.1,0.1,0.3,rest
156.54,0.1,0.1,0.3,rest
156.56,0.1,0.1,0.3,rest
156.58,0.1,0.1,0.3,rest
156.6,0.1,0.1,0.3,rest
156.62,0.1,0.1,0.3,rest
156.64000000000001,0.1,0.1,0.3,rest
156.66,0.1,0.1,0.3,rest
156.68,0.1,0.1,0.3,rest
156.70000000000002,0.1,0.1,0.3,rest
156.72,0.1,0.1,0.3,rest
156.74,0.1,0.1,0.3,rest
156.76,0.1,0.1,0.3,rest
156.78,0.1,0.1,0.3,rest
156.8,0.1,0.1,0.3,rest
156.82,0.1,0.1,0.3,rest
156.84,0.1,0.1,0.3,rest
156.86,0.1,0.1,0.3,rest
156.88,0.1,0.1,0.3,rest
156.9,0.1,0.1,0.3,rest
156.92000000000002,0.1,0.1,0.3,rest
156.94,0.1,0.1,0.3,rest
156.96,0.1,0.1,0.3,rest
156.98,0.1,0.1,0.3,rest
157.0,0.1,0.1,0.3,rest
157.02,0.1,0.1,0.3,rest
157.04,0.1,0.1,0.3,rest
157.06,0.1,0.1,0.3,rest
157.08,0.1,0.1,0.3,rest
157.1,0.1,0.1,0.3,rest
157.12,0.1,0.1,0.3,rest
157.14000000000001,0.1,0.1,0.3,rest
157.16,0.1,0.1,0.3,rest
157.18,0.1,0.1,0.3,rest
157.20000000000002,0.1,0.1,0.3,rest
157.22,0.1,0.1,0.3,rest
157.24,0.1,0.1,0.3,rest
157.26,0.1,0.1,0.3,rest
157.28,0.1,0.1,0.3,rest
157.3,0.1,0.1,0.3,rest
157.32,0.1,0.1,0.3,rest
157.34,0.1,0.1,0.3,rest
157.36,0.1,0.1,0.3,rest
157.38,0.1,0.1,0.3,rest
157.4,0.1,0.1,0.3,rest
157.42000000000002,0.1,0.1,0.3,rest
157.44,0.1,0.1,0.3,rest
157.46,0.1,0.1,0.3,rest
157.48,0.1,0.1,0.3,rest
157.5,0.1,0.1,0.3,rest
157.52,0.1,0.1,0.3,rest
157.54,0.1,0.1,0.3,rest
157.56,0.1,0.1,0.3,rest
157.58,0.1,0.1,0.3,rest
157.6,0.1,0.1,0.3,rest
157.62,0.1,0.1,0.3,rest
157.64000000000001,0.1,0.1,0.3,rest
157.66,0.1,0.1,0.3,rest
157.68,0.1,0.1,0.3,rest
157.70000000000002,0.1,0.1,0.3,rest
157.72,0.1,0.1,0.3,rest
157.74,0.1,0.1,0.3,rest
157.76,0.1,0.1,0.3,rest
157.78,0.1,0.1,0.3,rest
157.8,0.1,0.1,0.3,rest
157.82,0.1,0.1,0.3,rest
157.84,0.1,0.1,0.3,rest
157.86,0.1,0.1,0.3,rest
157.88,0.1,0.1,0.3,rest
157.9,0.1,0.1,0.3,rest
157.92000000000002,0.1,0.1,0.3,rest
157.94,0.1,0.1,0.3,rest
157.96,0.1,0.1,0.3,rest
157.98,0.1,0.1,0.3,rest
158.0,0.1,0.1,0.3,rest
158.02,0.1,0.1,0.3,rest
158.04,0.1,0.1,0.3,rest
158.06,0.1,0.1,0.3,rest
158.08,0.1,0.1,0.3,rest
158.1,0.1,0.1,0.3,rest
158.12,0.1,0.1,0.3,rest
158.14000000000001,0.1,0.1,0.3,rest
158.16,0.1,0.1,0.3,rest
158.18,0.1,0.1,0.3,rest
158.20000000000002,0.1,0.1,0.3,rest
158.22,0.1,0.1,0.3,rest
158.24,0.1,0.1,0.3,rest
158.26,0.1,0.1,0.3,rest
158.28,0.1,0.1,0.3,rest
158.3,0.1,0.1,0.3,rest
158.32,0.1,0.1,0.3,rest
158.34,0.1,0.1,0.3,rest
158.36,0.1,0.1,0.3,rest
158.38,0.1,0.1,0.3,rest
158.4,0.1,0.1,0.3,rest
158.42000000000002,0.1,0.1,0.3,rest
158.44,0.1,0.1,0.3,rest
158.46,0.1,0.1,0.3,rest
158.48,0.1,0.1,0.3,rest
158.5,0.1,0.1,0.3,rest
158.52,0.1,0.1,0.3,rest
158.54,0.1,0.1,0.3,rest
158.56,0.1,0.1,0.3,rest
158.58,0.1,0.1,0.3,rest
158.6,0.1,0.1,0.3,rest
158.62,0.1,0.1,0.3,rest
158.64000000000001,0.1,0.1,0.3,rest
158.66,0.1,0.1,0.3,rest
158.68,0.1,0.1,0.3,rest
158.70000000000002,0.1,0.1,0.3,rest
158.72,0.1,0.1,0.3,rest
158.74,0.1,0.1,0.3,rest
158.76,0.1,0.1,0.3,rest
158.78,0.1,0.1,0.3,rest
158.8,0.1,0.1,0.3,rest
158.82,0.1,0.1,0.3,rest
158.84,0.1,0.1,0.3,rest
158.86,0.1,0.1,0.3,rest
158.88,0.1,0.1,0.3,rest
158.9,0.1,0.1,0.3,rest
158.92000000000002,0.1,0.1,0.3,rest
158.94,0.1,0.1,0.3,rest
158.96,0.1,0.1,0.3,rest
158.98,0.1,0.1,0.3,rest
159.0,0.1,0.1,0.3,rest
159.02,0.1,0.1,0.3,rest
159.04,0.1,0.1,0.3,rest
159.06,0.1,0.1,0.3,rest
159.08,0.1,0.1,0.3,rest
159.1,0.1,0.1,0.3,rest
159.12,0.1,0.1,0.3,rest
159.14000000000001,0.1,0.1,0.3,rest
159.16,0.1,0.1,0.3,rest
159.18,0.1,0.1,0.3,rest
159.20000000000002,0.1,0.1,0.3,rest
159.22,0.1,0.1,0.3,rest
159.24,0.1,0.1,0.3,rest
159.26,0.1,0.1,0.3,rest
159.28,0.1,0.1,0.3,rest
159.3,0.1,0.1,0.3,rest
159.32,0.1,0.1,0.3,rest
159.34,0.1,0.1,0.3,rest
159.36,0.1,0.1,0.3,rest
159.38,0.1,0.1,0.3,rest
159.4,0.1,0.1,0.3,rest
159.42000000000002,0.1,0.1,0.3,rest
159.44,0.1,0.1,0.3,rest
159.46,0.1,0.1,0.3,rest
159.48,0.1,0.1,0.3,rest
159.5,0.1,0.1,0.3,rest
159.52,0.1,0.1,0.3,rest
159.54,0.1,0.1,0.3,rest
159.56,0.1,0.1,0.3,rest
159.58,0.1,0.1,0.3,rest
159.6,0.1,0.1,0.3,rest
159.62,0.1,0.1,0.3,rest
159.64000000000001,0.1,0.1,0.3,rest
159.66,0.1,0.1,0.3,rest
159.68,0.1,0.1,0.3,rest
159.70000000000002,0.1,0.1,0.3,rest
159.72,0.1,0.1,0.3,rest
159.74,0.1,0.1,0.3,rest
159.76,0.1,0.1,0.3,rest
159.78,0.1,0.1,0.3,rest
159.8,0.1,0.1,0.3,rest
159.82,0.1,0.1,0.3,rest
159.84,0.1,0.1,0.3,rest
159.86,0.1,0.1,0.3,rest
159.88,0.1,0.1,0.3,rest
159.9,0.1,0.1,0.3,rest
159.92000000000002,0.1,0.1,0.3,rest
159.94,0.1,0.1,0.3,rest
159.96,0.1,0.1,0.3,rest
159.98,0.1,0.1,0.3,rest
160.0,0.1,0.1,0.3,rest
160.02,0.1,0.1,0.3,rest
160.04,0.1,0.1,0.3,rest
160.06,0.1,0.1,0.3,rest
160.08,0.1,0.1,0.3,rest
160.1,0.1,0.1,0.3,rest
160.12,0.1,0.1,0.3,rest
160.14000000000001,0.1,0.1,0.3,rest
160.16,0.1,0.1,0.3,rest
160.18,0.1,0.1,0.3,rest
160.20000000000002,0.1,0.1,0.3,rest
160.22,0.1,0.1,0.3,rest
160.24,0.1,0.1,0.3,rest
160.26,0.1,0.1,0.3,rest
160.28,0.1,0.1,0.3,rest
160.3,0.1,0.1,0.3,rest
160.32,0.1,0.1,0.3,rest
160.34,0.1,0.1,0.3,rest
160.36,0.1,0.1,0.3,rest
160.38,0.1,0.1,0.3,rest
160.4,0.1,0.1,0.3,rest
160.42000000000002,0.1,0.1,0.3,rest
160.44,0.1,0.1,0.3,rest
160.46,0.1,0.1,0.3,rest
160.48,0.1,0.1,0.3,rest
160.5,0.1,0.1,0.3,rest
160.52,0.1,0.1,0.3,rest
160.54,0.1,0.1,0.3,rest
160.56,0.1,0.1,0.3,rest
160.58,0.1,0.1,0.3,rest
160.6,0.1,0.1,0.3,rest
160.62,0.1,0.1,0.3,rest
160.64000000000001,0.1,0.1,0.3,rest
160.66,0.1,0.1,0.3,rest
160.68,0.1,0.1,0.3,rest
160.70000000000002,0.1,0.1,0.3,rest
160.72,0.1,0.1,0.3,rest
160.74,0.1,0.1,0.3,rest
160.76,0.1,0.1,0.3,rest
160.78,0.1,0.1,0.3,rest
160.8,0.1,0.1,0.3,rest
160.82,0.1,0.1,0.3,rest
160.84,0.1,0.1,0.3,rest
160.86,0.1,0.1,0.3,rest
160.88,0.1,0.1,0.3,rest
160.9,0.1,0.1,0.3,rest
160.92000000000002,0.1,0.1,0.3,rest
160.94,0.1,0.1,0.3,rest
160.96,0.1,0.1,0.3,rest
160.98,0.1,0.1,0.3,rest
161.0,0.1,0.1,0.3,rest
161.02,0.1,0.1,0.3,rest
161.04,0.1,0.1,0.3,rest
161.06,0.1,0.1,0.3,rest
161.08,0.1,0.1,0.3,rest
161.1,0.1,0.1,0.3,rest
161.12,0.1,0.1,0.3,rest
161.14000000000001,0.1,0.1,0.3,rest
161.16,0.1,0.1,0.3,rest
161.18,0.1,0.1,0.3,rest
161.20000000000002,0.1,0.1,0.3,rest
161.22,0.1,0.1,0.3,rest
161.24,0.1,0.1,0.3,rest
161.26,0.1,0.1,0.3,rest
161.28,0.1,0.1,0.3,rest
161.3,0.1,0.1,0.3,rest
161.32,0.1,0.1,0.3,rest
161.34,0.1,0.1,0.3,rest
161.36,0.1,0.1,0.3,rest
161.38,0.1,0.1,0.3,rest
161.4,0.1,0.1,0.3,rest
161.42000000000002,0.1,0.1,0.3,rest
161.44,0.1,0.1,0.3,rest
161.46,0.1,0.1,0.3,rest
161.48,0.1,0.1,0.3,rest
161.5,0.1,0.1,0.3,rest
161.52,0.1,0.1,0.3,rest
161.54,0.1,0.1,0.3,rest
161.56,0.1,0.1,0.3,rest
161.58,0.1,0.1,0.3,rest
161.6,0.1,0.1,0.3,rest
161.62,0.1,0.1,0.3,rest
161.64000000000001,0.1,0.1,0.3,rest
161.66,0.1,0.1,0.3,rest
161.68,0.1,0.1,0.3,rest
161.70000000000002,0.1,0.1,0.3,rest
161.72,0.1,0.1,0.3,rest
161.74,0.1,0.1,0.3,rest
161.76,0.1,0.1,0.3,rest
161.78,0.1,0.1,0.3,rest
161.8,0.1,0.1,0.3,rest
161.82,0.1,0.1,0.3,rest
161.84,0.1,0.1,0.3,rest
161.86,0.1,0.1,0.3,rest
161.88,0.1,0.1,0.3,rest
161.9,0.1,0.1,0.3,rest
161.92000000000002,0.1,0.1,0.3,rest
161.94,0.1,0.1,0.3,rest
161.96,0.1,0.1,0.3,rest
161.98,0.1,0.1,0.3,rest
162.0,0.1,0.1,0.3,rest
162.02,0.1,0.1,0.3,rest
162.04,0.1,0.1,0.3,rest
162.06,0.1,0.1,0.3,rest
162.08,0.1,0.1,0.3,rest
162.1,0.1,0.1,0.3,rest
162.12,0.1,0.1,0.3,rest
162.14000000000001,0.1,0.1,0.3,rest
162.16,0.1,0.1,0.3,rest
162.18,0.1,0.1,0.3,rest
162.20000000000002,0.1,0.1,0.3,rest
162.22,0.1,0.1,0.3,rest
162.24,0.1,0.1,0.3,rest
162.26,0.1,0.1,0.3,rest
162.28,0.1,0.1,0.3,rest
162.3,0.1,0.1,0.3,rest
162.32,0.1,0.1,0.3,rest
162.34,0.1,0.1,0.3,rest
162.36,0.1,0.1,0.3,rest
162.38,0.1,0.1,0.3,rest
162.4,0.1,0.1,0.3,rest
162.42000000000002,0.1,0.1,0.3,rest
162.44,0.1,0.1,0.3,rest
162.46,0.1,0.1,0.3,rest
162.48,0.1,0.1,0.3,rest
162.5,0.1,0.1,0.3,rest
162.52,0.1,0.1,0.3,rest
162.54,0.1,0.1,0.3,rest
162.56,0.1,0.1,0.3,rest
162.58,0.1,0.1,0.3,rest
162.6,0.1,0.1,0.3,rest
162.62,0.1,0.1,0.3,rest
162.64000000000001,0.1,0.1,0.3,rest
162.66,0.1,0.1,0.3,rest
162.68,0.1,0.1,0.3,rest
162.70000000000002,0.1,0.1,0.3,rest
162.72,0.1,0.1,0.3,rest
162.74,0.1,0.1,0.3,rest
162.76,0.1,0.1,0.3,rest
162.78,0.1,0.1,0.3,rest
162.8,0.1,0.1,0.3,rest
162.82,0.1,0.1,0.3,rest
162.84,0.1,0.1,0.3,rest
162.86,0.1,0.1,0.3,rest
162.88,0.1,0.1,0.3,rest
162.9,0.1,0.1,0.3,rest
162.92000000000002,0.1,0.1,0.3,rest
162.94,0.1,0.1,0.3,rest
162.96,0.1,0.1,0.3,rest
162.98,0.1,0.1,0.3,rest
163.0,0.1,0.1,0.3,rest
163.02,0.1,0.1,0.3,rest
163.04,0.1,0.1,0.3,rest
163.06,0.1,0.1,0.3,rest
163.08,0.1,0.1,0.3,rest
163.1,0.1,0.1,0.3,rest
163.12,0.1,0.1,0.3,rest
163.14000000000001,0.1,0.1,0.3,rest
163.16,0.1,0.1,0.3,rest
163.18,0.1,0.1,0.3,rest
163.20000000000002,0.1,0.1,0.3,rest
163.22,0.1,0.1,0.3,rest
163.24,0.1,0.1,0.3,rest
163.26,0.1,0.1,0.3,rest
163.28,0.1,0.1,0.3,rest
163.3,0.1,0.1,0.3,rest
163.32,0.1,0.1,0.3,rest
163.34,0.1,0.1,0.3,rest
163.36,0.1,0.1,0.3,rest
163.38,0.1,0.1,0.3,rest
163.4,0.1,0.1,0.3,rest
163.42000000000002,0.1,0.1,0.3,rest
163.44,0.1,0.1,0.3,rest
163.46,0.1,0.1,0.3,rest
163.48,0.1,0.1,0.3,rest
163.5,0.1,0.1,0.3,rest
163.52,0.1,0.1,0.3,rest
163.54,0.1,0.1,0.3,rest
163.56,0.1,0.1,0.3,rest
163.58,0.1,0.1,0.3,rest
163.6,0.1,0.1,0.3,rest
163.62,0.1,0.1,0.3,rest
163.64000000000001,0.1,0.1,0.3,rest
163.66,0.1,0.1,0.3,rest
163.68,0.1,0.1,0.3,rest
163.70000000000002,0.1,0.1,0.3,rest
163.72,0.1,0.1,0.3,rest
163.74,0.1,0.1,0.3,rest
163.76,0.1,0.1,0.3,rest
163.78,0.1,0.1,0.3,rest
163.8,0.1,0.1,0.3,rest
163.82,0.1,0.1,0.3,rest
163.84,0.1,0.1,0.3,rest
163.86,0.1,0.1,0.3,rest
163.88,0.1,0.1,0.3,rest
163.9,0.1,0.1,0.3,rest
163.92000000000002,0.1,0.1,0.3,rest
163.94,0.1,0.1,0.3,rest
163.96,0.1,0.1,0.3,rest
163.98,0.1,0.1,0.3,rest
164.0,0.1,0.1,0.3,rest
164.02,0.1,0.1,0.3,rest
164.04,0.1,0.1,0.3,rest
164.06,0.1,0.1,0.3,rest
164.08,0.1,0.1,0.3,rest
164.1,0.1,0.1,0.3,C_center0.35:settle
164.12,0.10510204081632654,0.10306122448979592,0.3,C_center0.35:settle
164.14000000000001,0.11020408163265306,0.10612244897959185,0.3,C_center0.35:settle
164.16,0.1153061224489796,0.10918367346938776,0.3,C_center0.35:settle
164.18,0.12040816326530612,0.11224489795918367,0.3,C_center0.35:settle
164.20000000000002,0.12551020408163266,0.1153061224489796,0.3,C_center0.35:settle
164.22,0.1306122448979592,0.11836734693877551,0.3,C_center0.35:settle
164.24,0.1357142857142857,0.12142857142857143,0.3,C_center0.35:settle
164.26,0.14081632653061224,0.12448979591836735,0.3,C_center0.35:settle
164.28,0.14591836734693878,0.12755102040816327,0.3,C_center0.35:settle
164.3,0.15102040816326529,0.1306122448979592,0.3,C_center0.35:settle
164.32,0.15612244897959182,0.1336734693877551,0.3,C_center0.35:settle
164.34,0.16122448979591836,0.13673469387755102,0.3,C_center0.35:settle
164.36,0.1663265306122449,0.13979591836734695,0.3,C_center0.35:settle
164.38,0.17142857142857143,0.14285714285714285,0.3,C_center0.35:settle
164.4,0.17653061224489794,0.14591836734693878,0.3,C_center0.35:settle
164.42000000000002,0.18163265306122447,0.1489795918367347,0.3,C_center0.35:settle
164.44,0.186734693877551,0.1520408163265306,0.3,C_center0.35:settle
164.46,0.19183673469387752,0.15510204081632653,0.3,C_center0.35:settle
164.48,0.19693877551020406,0.15816326530612246,0.3,C_center0.35:settle
164.5,0.2020408163265306,0.16122448979591836,0.3,C_center0.35:settle
164.52,0.20714285714285713,0.16428571428571428,0.3,C_center0.35:settle
164.54,0.21224489795918366,0.1673469387755102,0.3,C_center0.35:settle
164.56,0.2173469387755102,0.1704081632653061,0.3,C_center0.35:settle
164.58,0.22244897959183674,0.17346938775510204,0.3,C_center0.35:settle
164.6,0.22755102040816325,0.17653061224489797,0.3,C_center0.35:settle
164.62,0.23265306122448975,0.17959183673469387,0.3,C_center0.35:settle
164.64000000000001,0.2377551020408163,0.1826530612244898,0.3,C_center0.35:settle
164.66,0.24285714285714283,0.18571428571428572,0.3,C_center0.35:settle
164.68,0.24795918367346936,0.18877551020408162,0.3,C_center0.35:settle
164.70000000000002,0.25306122448979584,0.19183673469387752,0.3,C_center0.35:settle
164.72,0.25816326530612244,0.19489795918367347,0.3,C_center0.35:settle
164.74,0.2632653061224489,0.19795918367346937,0.3,C_center0.35:settle
164.76,0.2683673469387755,0.2010204081632653,0.3,C_center0.35:settle
164.78,0.273469387755102,0.20408163265306123,0.3,C_center0.35:settle
164.8,0.2785714285714285,0.20714285714285713,0.3,C_center0.35:settle
164.82,0.28367346938775506,0.21020408163265306,0.3,C_center0.35:settle
164.84,0.2887755102040816,0.21326530612244898,0.3,C_center0.35:settle
164.86,0.29387755102040813,0.21632653061224488,0.3,C_center0.35:settle
164.88,0.2989795918367346,0.21938775510204078,0.3,C_center0.35:settle
164.9,0.3040816326530612,0.22244897959183674,0.3,C_center0.35:settle
164.92000000000002,0.3091836734693877,0.22551020408163264,0.3,C_center0.35:settle
164.94,0.3142857142857143,0.22857142857142856,0.3,C_center0.35:settle
164.96,0.31938775510204076,0.2316326530612245,0.3,C_center0.35:settle
164.98,0.3244897959183673,0.2346938775510204,0.3,C_center0.35:settle
165.0,0.32959183673469383,0.23775510204081632,0.3,C_center0.35:settle
165.02,0.33469387755102037,0.24081632653061225,0.3,C_center0.35:settle
165.04,0.3397959183673469,0.24387755102040815,0.3,C_center0.35:settle
165.06,0.34489795918367344,0.24693877551020407,0.3,C_center0.35:settle
165.08,0.35,0.25,0.3,C_center0.35:settle
165.1,0.35,0.25,0.3,C_center0.35
165.12,0.3501451386025696,0.25,0.3,C_center0.35
165.14000000000001,0.3510753153063412,0.25,0.3,C_center0.35
165.16,0.35317700676437697,0.25,0.3,C_center0.35
165.18,0.3561724619722127,0.25,0.3,C_center0.35
165.20000000000002,0.359081781600067,0.25,0.3,C_center0.35
165.22,0.360441663088975,0.25,0.3,C_center0.35
165.24,0.3587336162539855,0.25,0.3,C_center0.35
165.26,0.35290881643595945,0.25,0.3,C_center0.35
165.28,0.3428598558405797,0.25,0.3,C_center0.35
165.3,0.32969251898544333,0.25,0.3,C_center0.35
165.32,0.3156941675559995,0.25,0.3,C_center0.35
165.34,0.3039695538035793,0.25,0.3,C_center0.35
165.36,0.29780172112355174,0.25,0.3,C_center0.35
165.38,0.299873039893799,0.25,0.3,C_center0.35
165.4,0.3115289557853093,0.25,0.3,C_center0.35
165.42000000000002,0.3322711554429348,0.25,0.3,C_center0.35
165.44,0.35962450692047093,0.25,0.3,C_center0.35
165.46,0.38944175115618596,0.25,0.3,C_center0.35
165.48,0.4166096611886038,0.25,0.3,C_center0.35
165.5,0.4360238700294483,0.25,0.3,C_center0.35
165.52,0.4436302108706144,0.25,0.3,C_center0.35
165.54,0.437305698482225,0.25,0.3,C_center0.35
165.56,0.4173793952865277,0.25,0.3,C_center0.35
165.58,0.38666731666589815,0.25,0.3,C_center0.35
165.6,0.35000000000000003,0.25,0.3,C_center0.35
165.62,0.31318754473153226,0.25,0.3,C_center0.35
165.64000000000001,0.2815452894071311,0.25,0.3,C_center0.35
165.66,0.259517294753398,0.25,0.3,C_center0.35
165.68,0.2501973271571728,0.25,0.3,C_center0.35
165.70000000000002,0.2548943483704846,0.25,0.3,C_center0.35
165.72,0.272948675722421,0.25,0.3,C_center0.35
165.74,0.3018246325898285,0.25,0.3,C_center0.35
165.76,0.33746667664356955,0.25,0.3,C_center0.35
165.78,0.37486898871648544,0.25,0.3,C_center0.35
165.8,0.4087785252292474,0.25,0.3,C_center0.35
165.82,0.43443279255020145,0.25,0.3,C_center0.35
165.84,0.4482287250728688,0.25,0.3,C_center0.35
165.86,0.4482287250728688,0.25,0.3,C_center0.35
165.88,0.4344327925502015,0.25,0.3,C_center0.35
165.9,0.40877852522924735,0.25,0.3,C_center0.35
165.92000000000002,0.3748689887164854,0.25,0.3,C_center0.35
165.94,0.33746667664356966,0.25,0.3,C_center0.35
165.96,0.30182463258982845,0.25,0.3,C_center0.35
165.98,0.2729486757224212,0.25,0.3,C_center0.35
166.0,0.25489434837048464,0.25,0.3,C_center0.35
166.02,0.2501973271571728,0.25,0.3,C_center0.35
166.04,0.25951729475339813,0.25,0.3,C_center0.35
166.06,0.2815452894071311,0.25,0.3,C_center0.35
166.08,0.313187544731532,0.25,0.3,C_center0.35
166.1,0.3499999999999999,0.25,0.3,C_center0.35
166.12,0.38681245526846786,0.25,0.3,C_center0.35
166.14000000000001,0.41845471059286876,0.25,0.3,C_center0.35
166.16,0.44048270524660194,0.25,0.3,C_center0.35
166.18,0.44980267284282716,0.25,0.3,C_center0.35
166.20000000000002,0.4451056516295154,0.25,0.3,C_center0.35
166.22,0.42705132427757886,0.25,0.3,C_center0.35
166.24,0.39817536741017134,0.25,0.3,C_center0.35
166.26,0.3625333233564308,0.25,0.3,C_center0.35
166.28,0.32513101128351474,0.25,0.3,C_center0.35
166.3,0.2912214747707527,0.25,0.3,C_center0.35
166.32,0.2655672074497986,0.25,0.3,C_center0.35
166.34,0.25177127492713114,0.25,0.3,C_center0.35
166.36,0.2517712749271311,0.25,0.3,C_center0.35
166.38,0.26556720744979856,0.25,0.3,C_center0.35
166.4,0.29122147477075255,0.25,0.3,C_center0.35
166.42000000000002,0.3251310112835145,0.25,0.3,C_center0.35
166.44,0.36253332335643057,0.25,0.3,C_center0.35
166.46,0.39817536741017145,0.25,0.3,C_center0.35
166.48,0.42705132427757897,0.25,0.3,C_center0.35
166.5,0.44510565162951543,0.25,0.3,C_center0.35
166.52,0.44980267284282716,0.25,0.3,C_center0.35
166.54,0.440482705246602,0.25,0.3,C_center0.35
166.56,0.4184547105928689,0.25,0.3,C_center0.35
166.58,0.386812455268468,0.25,0.3,C_center0.35
166.6,0.3500000000000001,0.25,0.3,C_center0.35
166.62,0.31318754473153215,0.25,0.3,C_center0.35
166.64000000000001,0.28154528940713125,0.25,0.3,C_center0.35
166.66,0.259517294753398,0.25,0.3,C_center0.35
166.68,0.2501973271571728,0.25,0.3,C_center0.35
166.70000000000002,0.2548943483704846,0.25,0.3,C_center0.35
166.72,0.27294867572242104,0.25,0.3,C_center0.35
166.74,0.3018246325898286,0.25,0.3,C_center0.35
166.76,0.33746667664356983,0.25,0.3,C_center0.35
166.78,0.3748689887164852,0.25,0.3,C_center0.35
166.8,0.4087785252292469,0.25,0.3,C_center0.35
166.82,0.4344327925502015,0.25,0.3,C_center0.35
166.84,0.4482287250728688,0.25,0.3,C_center0.35
166.86,0.4482287250728689,0.25,0.3,C_center0.35
166.88,0.43443279255020145,0.25,0.3,C_center0.35
166.9,0.4087785252292474,0.25,0.3,C_center0.35
166.92000000000002,0.3748689887164858,0.25,0.3,C_center0.35
166.94,0.3374666766435694,0.25,0.3,C_center0.35
166.96,0.3018246325898285,0.25,0.3,C_center0.35
166.98,0.27294867572242076,0.25,0.3,C_center0.35
167.0,0.2548943483704845,0.25,0.3,C_center0.35
167.02,0.2501973271571728,0.25,0.3,C_center0.35
167.04,0.2595172947533979,0.25,0.3,C_center0.35
167.06,0.2815452894071308,0.25,0.3,C_center0.35
167.08,0.31318754473153226,0.25,0.3,C_center0.35
167.1,0.3499999999999998,0.25,0.3,C_center0.35
167.12,0.3868124552684674,0.25,0.3,C_center0.35
167.14000000000001,0.41845471059286893,0.25,0.3,C_center0.35
167.16,0.44048270524660194,0.25,0.3,C_center0.35
167.18,0.4498026728428271,0.25,0.3,C_center0.35
167.20000000000002,0.44510565162951526,0.25,0.3,C_center0.35
167.22,0.4270513242775789,0.25,0.3,C_center0.35
167.24,0.3981753674101717,0.25,0.3,C_center0.35
167.26,0.3625333233564301,0.25,0.3,C_center0.35
167.28,0.32513101128351446,0.25,0.3,C_center0.35
167.3,0.2912214747707528,0.25,0.3,C_center0.35
167.32,0.2655672074497983,0.25,0.3,C_center0.35
167.34,0.2517712749271311,0.25,0.3,C_center0.35
167.36,0.25177127492713125,0.25,0.3,C_center0.35
167.38,0.26556720744979867,0.25,0.3,C_center0.35
167.4,0.29122147477075283,0.25,0.3,C_center0.35
167.42000000000002,0.3251310112835138,0.25,0.3,C_center0.35
167.44,0.3625333233564302,0.25,0.3,C_center0.35
167.46,0.3981753674101711,0.25,0.3,C_center0.35
167.48,0.42705132427757847,0.25,0.3,C_center0.35
167.5,0.44510565162951526,0.25,0.3,C_center0.35
167.52,0.44980267284282716,0.25,0.3,C_center0.35
167.54,0.4404827052466022,0.25,0.3,C_center0.35
167.56,0.41845471059286893,0.25,0.3,C_center0.35
167.58,0.3868124552684681,0.25,0.3,C_center0.35
167.6,0.35000000000000053,0.25,0.3,C_center0.35
167.62,0.3131875447315322,0.25,0.3,C_center0.35
167.64000000000001,0.2815452894071313,0.25,0.3,C_center0.35
167.66,0.2595172947533979,0.25,0.3,C_center0.35
167.68,0.2501973271571728,0.25,0.3,C_center0.35
167.70000000000002,0.2548943483704845,0.25,0.3,C_center0.35
167.72,0.27294867572242126,0.25,0.3,C_center0.35
167.74,0.3018246325898285,0.25,0.3,C_center0.35
167.76,0.33746667664356944,0.25,0.3,C_center0.35
167.78,0.37486898871648583,0.25,0.3,C_center0.35
167.8,0.4087785252292474,0.25,0.3,C_center0.35
167.82,0.43443279255020145,0.25,0.3,C_center0.35
167.84,0.4482287250728689,0.25,0.3,C_center0.35
167.86,0.4482287250728688,0.25,0.3,C_center0.35
167.88,0.4344327925502015,0.25,0.3,C_center0.35
167.9,0.4087785252292469,0.25,0.3,C_center0.35
167.92000000000002,0.3748689887164859,0.25,0.3,C_center0.35
167.94,0.33746667664357016,0.25,0.3,C_center0.35
167.96,0.30182463258982856,0.25,0.3,C_center0.35
167.98,0.27294867572242126,0.25,0.3,C_center0.35
168.0,0.2548943483704848,0.25,0.3,C_center0.35
168.02,0.2501973271571728,0.25,0.3,C_center0.35
168.04,0.2595172947533979,0.25,0.3,C_center0.35
168.06,0.28154528940713075,0.25,0.3,C_center0.35
168.08,0.31318754473153215,0.25,0.3,C_center0.35
168.1,0.34999999999999976,0.25,0.3,C_center0.35
168.12,0.38681245526846736,0.25,0.3,C_center0.35
168.14000000000001,0.4184547105928689,0.25,0.3,C_center0.35
168.16,0.4404827052466019,0.25,0.3,C_center0.35
168.18,0.4498026728428271,0.25,0.3,C_center0.35
168.20000000000002,0.4451056516295153,0.25,0.3,C_center0.35
168.22,0.42705132427757897,0.25,0.3,C_center0.35
168.24,0.3981753674101718,0.25,0.3,C_center0.35
168.26,0.3625333233564302,0.25,0.3,C_center0.35
168.28,0.3251310112835145,0.25,0.3,C_center0.35
168.3,0.29122147477075283,0.25,0.3,C_center0.35
168.32,0.26556720744979834,0.25,0.3,C_center0.35
168.34,0.2517712749271311,0.25,0.3,C_center0.35
168.36,0.2517712749271312,0.25,0.3,C_center0.35
168.38,0.26556720744979867,0.25,0.3,C_center0.35
168.4,0.2912214747707528,0.25,0.3,C_center0.35
168.42000000000002,0.32513101128351507,0.25,0.3,C_center0.35
168.44,0.36253332335643007,0.25,0.3,C_center0.35
168.46,0.398175367410171,0.25,0.3,C_center0.35
168.48,0.4270513242775784,0.25,0.3,C_center0.35
168.5,0.44510565162951504,0.25,0.3,C_center0.35
168.52,0.44980267284282716,0.25,0.3,C_center0.35
168.54,0.44048270524660194,0.25,0.3,C_center0.35
168.56,0.4184547105928695,0.25,0.3,C_center0.35
168.58,0.38681245526846814,0.25,0.3,C_center0.35
168.6,0.34999999999999987,0.25,0.3,C_center0.35
168.62,0.31318754473153293,0.25,0.3,C_center0.35
168.64000000000001,0.28154528940713136,0.25,0.3,C_center0.35
168.66,0.25951729475339796,0.25,0.3,C_center0.35
168.68,0.25019732715717286,0.25,0.3,C_center0.35
168.70000000000002,0.2548943483704845,0.25,0.3,C_center0.35
168.72,0.2729486757224212,0.25,0.3,C_center0.35
168.74,0.30182463258982783,0.25,0.3,C_center0.35
168.76,0.33746667664356933,0.25,0.3,C_center0.35
168.78,0.3748689887164858,0.25,0.3,C_center0.35
168.8,0.4087785252292468,0.25,0.3,C_center0.35
168.82,0.4344327925502014,0.25,0.3,C_center0.35
168.84,0.4482287250728689,0.25,0.3,C_center0.35
168.86,0.4482287250728687,0.25,0.3,C_center0.35
168.88,0.4344327925502015,0.25,0.3,C_center0.35
168.9,0.40877852522924696,0.25,0.3,C_center0.35
168.92000000000002,0.37486898871648455,0.25,0.3,C_center0.35
168.94,0.33746667664356955,0.25,0.3,C_center0.35
168.96,0.3018246325898293,0.25,0.3,C_center0.35
168.98,0.2729486757224213,0.25,0.3,C_center0.35
169.0,0.2548943483704846,0.25,0.3,C_center0.35
169.02,0.25019732715717274,0.25,0.3,C_center0.35
169.04,0.25951729475339785,0.25,0.3,C_center0.35
169.06,0.2815452894071312,0.25,0.3,C_center0.35
169.08,0.31318754473153143,0.25,0.3,C_center0.35
169.1,0.3499999999999997,0.25,0.3,C_center0.35
169.12,0.38681245526846797,0.25,0.3,C_center0.35
169.14000000000001,0.4184547105928683,0.25,0.3,C_center0.35
169.16,0.44048270524660244,0.25,0.3,C_center0.35
169.18,0.44980267284282716,0.25,0.3,C_center0.35
169.20000000000002,0.44510565162951554,0.25,0.3,C_center0.35
169.22,0.427051324277579,0.25,0.3,C_center0.35
169.24,0.39817536741017245,0.25,0.3,C_center0.35
169.26,0.36253332335643096,0.25,0.3,C_center0.35
169.28,0.32513101128351596,0.25,0.3,C_center0.35
169.3,0.29122147477075233,0.25,0.3,C_center0.35
169.32,0.2655672074497987,0.25,0.3,C_center0.35
169.34,0.25177127492713114,0.25,0.3,C_center0.35
169.36,0.2517712749271309,0.25,0.3,C_center0.35
169.38,0.2655672074497982,0.25,0.3,C_center0.35
169.4,0.29122147477075266,0.25,0.3,C_center0.35
169.42000000000002,0.325131011283515,0.25,0.3,C_center0.35
169.44,0.36253332335643,0.25,0.3,C_center0.35
169.46,0.3981753674101716,0.25,0.3,C_center0.35
169.48,0.4270513242775784,0.25,0.3,C_center0.35
169.5,0.4451056516295152,0.25,0.3,C_center0.35
169.52,0.44980267284282716,0.25,0.3,C_center0.35
169.54,0.44048270524660166,0.25,0.3,C_center0.35
169.56,0.41845471059286904,0.25,0.3,C_center0.35
169.58,0.3868124552684675,0.25,0.3,C_center0.35
169.6,0.35000000000000064,0.25,0.3,C_center0.35
169.62,0.31318754473153104,0.25,0.3,C_center0.35
169.64000000000001,0.28154528940713086,0.25,0.3,C_center0.35
169.66,0.2595172947533977,0.25,0.3,C_center0.35
169.68,0.2501973271571728,0.25,0.3,C_center0.35
169.70000000000002,0.25489434837048475,0.25,0.3,C_center0.35
169.72,0.2729486757224207,0.25,0.3,C_center0.35
169.74,0.30182463258982717,0.25,0.3,C_center0.35
169.76,0.33746667664357,0.25,0.3,C_center0.35
169.78,0.374868988716485,0.25,0.3,C_center0.35
169.8,0.4087785252292473,0.25,0.3,C_center0.35
169.82,0.434432792550201,0.25,0.3,C_center0.35
169.84,0.44822872507286876,0.25,0.3,C_center0.35
169.86,0.4482287250728691,0.25,0.3,C_center0.35
169.88,0.4344327925502012,0.25,0.3,C_center0.35
169.9,0.40877852522924757,0.25,0.3,C_center0.35
169.92000000000002,0.37486898871648533,0.25,0.3,C_center0.35
169.94,0.33746667664357033,0.25,0.3,C_center0.35
169.96,0.3018246325898287,0.25,0.3,C_center0.35
169.98,0.2729486757224218,0.25,0.3,C_center0.35
170.0,0.2548943483704844,0.25,0.3,C_center0.35
170.02,0.2501973271571728,0.25,0.3,C_center0.35
170.04,0.25951729475339813,0.25,0.3,C_center0.35
170.06,0.28154528940713064,0.25,0.3,C_center0.35
170.08,0.31318754473153204,0.25,0.3,C_center0.35
170.1,0.3499999999999989,0.25,0.3,C_center0.35
170.12,0.3868124552684685,0.25,0.3,C_center0.35
170.14000000000001,0.41845471059286876,0.25,0.3,C_center0.35
170.16,0.4404827052466021,0.25,0.3,C_center0.35
170.18,0.4498026728428271,0.25,0.3,C_center0.35
170.20000000000002,0.4451056516295153,0.25,0.3,C_center0.35
170.22,0.4270513242775786,0.25,0.3,C_center0.35
170.24,0.3981753674101719,0.25,0.3,C_center0.35
170.26,0.36253332335643035,0.25,0.3,C_center0.35
170.28,0.32513101128351535,0.25,0.3,C_center0.35
170.3,0.291221474770753,0.25,0.3,C_center0.35
170.32,0.26556720744979917,0.25,0.3,C_center0.35
170.34,0.251771274927131,0.25,0.3,C_center0.35
170.36,0.25177127492713103,0.25,0.3,C_center0.35
170.38,0.26556720744979856,0.25,0.3,C_center0.35
170.4,0.29122147477075205,0.25,0.3,C_center0.35
170.42000000000002,0.32513101128351424,0.25,0.3,C_center0.35
170.44,0.36253332335642924,0.25,0.3,C_center0.35
170.46,0.3981753674101722,0.25,0.3,C_center0.35
170.48,0.4270513242775788,0.25,0.3,C_center0.35
170.5,0.44510565162951543,0.25,0.3,C_center0.35
170.52,0.44980267284282716,0.25,0.3,C_center0.35
170.54,0.440482705246602,0.25,0.3,C_center0.35
170.56,0.4184547105928696,0.25,0.3,C_center0.35
170.58,0.38681245526846697,0.25,0.3,C_center0.35
170.6,0.35000000000000003,0.25,0.3,C_center0.35
170.62,0.31376581021934624,0.25,0.3,C_center0.35
170.64000000000001,0.28394885457479846,0.25,0.3,C_center0.35
170.66,0.26511334785868035,0.25,0.3,C_center0.35
170.68,0.2597276343716413,0.25,0.3,C_center0.35
170.70000000000002,0.2677826560210492,0.25,0.3,C_center0.35
170.72,0.2869171565929933,0.25,0.3,C_center0.35
170.74,0.3130054899367497,0.25,0.3,C_center0.35
170.76,0.34106512355195606,0.25,0.3,C_center0.35
170.78,0.36627696443139834,0.25,0.3,C_center0.35
170.8,0.38489626127805654,0.25,0.3,C_center0.35
170.82,0.3948671857298696,0.25,0.3,C_center0.35
170.84,0.39603044619642064,0.25,0.3,C_center0.35
170.86,0.38991124871931754,0.25,0.3,C_center0.35
170.88,0.3791708123848274,0.25,0.3,C_center0.35
170.9,0.36687592319894957,0.25,0.3,C_center0.35
170.92000000000002,0.35577175909908093,0.25,0.3,C_center0.35
170.94,0.34772785881111795,0.25,0.3,C_center0.35
170.96,0.3434714820231716,0.25,0.3,C_center0.35
170.98,0.3426422532510387,0.25,0.3,C_center0.35
171.0,0.3441180331016767,0.25,0.3,C_center0.35
171.02,0.34649575279761574,0.25,0.3,C_center0.35
171.04,0.34857865971431096,0.25,0.3,C_center0.35
171.06,0.3497301070802721,0.25,0.3,C_center0.35
171.08,0.35,0.25,0.3,C_center0.35
171.1,0.35,0.25,0.3,C_center0.35:tail
171.12,0.35,0.25,0.3,C_center0.35:tail
171.14000000000001,0.35,0.25,0.3,C_center0.35:tail
171.16,0.35,0.25,0.3,C_center0.35:tail
171.18,0.35,0.25,0.3,C_center0.35:tail
171.20000000000002,0.35,0.25,0.3,C_center0.35:tail
171.22,0.35,0.25,0.3,C_center0.35:tail
171.24,0.35,0.25,0.3,C_center0.35:tail
171.26,0.35,0.25,0.3,C_center0.35:tail
171.28,0.35,0.25,0.3,C_center0.35:tail
171.3,0.35,0.25,0.3,C_center0.35:tail
171.32,0.35,0.25,0.3,C_center0.35:tail
171.34,0.35,0.25,0.3,C_center0.35:tail
171.36,0.35,0.25,0.3,C_center0.35:tail
171.38,0.35,0.25,0.3,C_center0.35:tail
171.4,0.35,0.25,0.3,C_center0.35:tail
171.42000000000002,0.35,0.25,0.3,C_center0.35:tail
171.44,0.35,0.25,0.3,C_center0.35:tail
171.46,0.35,0.25,0.3,C_center0.35:tail
171.48,0.35,0.25,0.3,C_center0.35:tail
171.5,0.35,0.25,0.3,C_center0.35:tail
171.52,0.35,0.25,0.3,C_center0.35:tail
171.54,0.35,0.25,0.3,C_center0.35:tail
171.56,0.35,0.25,0.3,C_center0.35:tail
171.58,0.35,0.25,0.3,C_center0.35:tail
171.6,0.33749999999999997,0.2425,0.3,rest:down
171.62,0.32499999999999996,0.235,0.3,rest:down
171.64000000000001,0.3125,0.2275,0.3,rest:down
171.66,0.3,0.22,0.3,rest:down
171.68,0.2875,0.2125,0.3,rest:down
171.70000000000002,0.27499999999999997,0.20500000000000002,0.3,rest:down
171.72,0.26249999999999996,0.1975,0.3,rest:down
171.74,0.25,0.19,0.3,rest:down
171.76,0.2375,0.1825,0.3,rest:down
171.78,0.22499999999999998,0.175,0.3,rest:down
171.8,0.2125,0.1675,0.3,rest:down
171.82,0.19999999999999998,0.16,0.3,rest:down
171.84,0.1875,0.1525,0.3,rest:down
171.86,0.175,0.14500000000000002,0.3,rest:down
171.88,0.1625,0.1375,0.3,rest:down
171.9,0.15,0.13,0.3,rest:down
171.92000000000002,0.13749999999999998,0.1225,0.3,rest:down
171.94,0.125,0.11499999999999999,0.3,rest:down
171.96,0.11249999999999999,0.10750000000000001,0.3,rest:down
171.98,0.1,0.1,0.3,rest:down
172.0,0.1,0.1,0.3,rest
172.02,0.1,0.1,0.3,rest
172.04,0.1,0.1,0.3,rest
172.06,0.1,0.1,0.3,rest
172.08,0.1,0.1,0.3,rest
172.1,0.1,0.1,0.3,rest
172.12,0.1,0.1,0.3,rest
172.14000000000001,0.1,0.1,0.3,rest
172.16,0.1,0.1,0.3,rest
172.18,0.1,0.1,0.3,rest
172.20000000000002,0.1,0.1,0.3,rest
172.22,0.1,0.1,0.3,rest
172.24,0.1,0.1,0.3,rest
172.26,0.1,0.1,0.3,rest
172.28,0.1,0.1,0.3,rest
172.3,0.1,0.1,0.3,rest
172.32,0.1,0.1,0.3,rest
172.34,0.1,0.1,0.3,rest
172.36,0.1,0.1,0.3,rest
172.38,0.1,0.1,0.3,rest
172.4,0.1,0.1,0.3,rest
172.42000000000002,0.1,0.1,0.3,rest
172.44,0.1,0.1,0.3,rest
172.46,0.1,0.1,0.3,rest
172.48,0.1,0.1,0.3,rest
172.5,0.1,0.1,0.3,rest
172.52,0.1,0.1,0.3,rest
172.54,0.1,0.1,0.3,rest
172.56,0.1,0.1,0.3,rest
172.58,0.1,0.1,0.3,rest
172.6,0.1,0.1,0.3,rest
172.62,0.1,0.1,0.3,rest
172.64000000000001,0.1,0.1,0.3,rest
172.66,0.1,0.1,0.3,rest
172.68,0.1,0.1,0.3,rest
172.70000000000002,0.1,0.1,0.3,rest
172.72,0.1,0.1,0.3,rest
172.74,0.1,0.1,0.3,rest
172.76,0.1,0.1,0.3,rest
172.78,0.1,0.1,0.3,rest
172.8,0.1,0.1,0.3,rest
172.82,0.1,0.1,0.3,rest
172.84,0.1,0.1,0.3,rest
172.86,0.1,0.1,0.3,rest
172.88,0.1,0.1,0.3,rest
172.9,0.1,0.1,0.3,rest
172.92000000000002,0.1,0.1,0.3,rest
172.94,0.1,0.1,0.3,rest
172.96,0.1,0.1,0.3,rest
172.98,0.1,0.1,0.3,rest
173.0,0.1,0.1,0.3,rest
173.02,0.1,0.1,0.3,rest
173.04,0.1,0.1,0.3,rest
173.06,0.1,0.1,0.3,rest
173.08,0.1,0.1,0.3,rest
173.1,0.1,0.1,0.3,rest
173.12,0.1,0.1,0.3,rest
173.14000000000001,0.1,0.1,0.3,rest
173.16,0.1,0.1,0.3,rest
173.18,0.1,0.1,0.3,rest
173.20000000000002,0.1,0.1,0.3,rest
173.22,0.1,0.1,0.3,rest
173.24,0.1,0.1,0.3,rest
173.26,0.1,0.1,0.3,rest
173.28,0.1,0.1,0.3,rest
173.3,0.1,0.1,0.3,rest
173.32,0.1,0.1,0.3,rest
173.34,0.1,0.1,0.3,rest
173.36,0.1,0.1,0.3,rest
173.38,0.1,0.1,0.3,rest
173.4,0.1,0.1,0.3,rest
173.42000000000002,0.1,0.1,0.3,rest
173.44,0.1,0.1,0.3,rest
173.46,0.1,0.1,0.3,rest
173.48,0.1,0.1,0.3,rest
173.5,0.1,0.1,0.3,rest
173.52,0.1,0.1,0.3,rest
173.54,0.1,0.1,0.3,rest
173.56,0.1,0.1,0.3,rest
173.58,0.1,0.1,0.3,rest
173.6,0.1,0.1,0.3,rest
173.62,0.1,0.1,0.3,rest
173.64000000000001,0.1,0.1,0.3,rest
173.66,0.1,0.1,0.3,rest
173.68,0.1,0.1,0.3,rest
173.70000000000002,0.1,0.1,0.3,rest
173.72,0.1,0.1,0.3,rest
173.74,0.1,0.1,0.3,rest
173.76,0.1,0.1,0.3,rest
173.78,0.1,0.1,0.3,rest
173.8,0.1,0.1,0.3,rest
173.82,0.1,0.1,0.3,rest
173.84,0.1,0.1,0.3,rest
173.86,0.1,0.1,0.3,rest
173.88,0.1,0.1,0.3,rest
173.9,0.1,0.1,0.3,rest
173.92000000000002,0.1,0.1,0.3,rest
173.94,0.1,0.1,0.3,rest
173.96,0.1,0.1,0.3,rest
173.98,0.1,0.1,0.3,rest
174.0,0.1,0.1,0.3,rest
174.02,0.1,0.1,0.3,rest
174.04,0.1,0.1,0.3,rest
174.06,0.1,0.1,0.3,rest
174.08,0.1,0.1,0.3,rest
174.1,0.1,0.1,0.3,rest
174.12,0.1,0.1,0.3,rest
174.14000000000001,0.1,0.1,0.3,rest
174.16,0.1,0.1,0.3,rest
174.18,0.1,0.1,0.3,rest
174.20000000000002,0.1,0.1,0.3,rest
174.22,0.1,0.1,0.3,rest
174.24,0.1,0.1,0.3,rest
174.26,0.1,0.1,0.3,rest
174.28,0.1,0.1,0.3,rest
174.3,0.1,0.1,0.3,rest
174.32,0.1,0.1,0.3,rest
174.34,0.1,0.1,0.3,rest
174.36,0.1,0.1,0.3,rest
174.38,0.1,0.1,0.3,rest
174.4,0.1,0.1,0.3,rest
174.42000000000002,0.1,0.1,0.3,rest
174.44,0.1,0.1,0.3,rest
174.46,0.1,0.1,0.3,rest
174.48,0.1,0.1,0.3,rest
174.5,0.1,0.1,0.3,rest
174.52,0.1,0.1,0.3,rest
174.54,0.1,0.1,0.3,rest
174.56,0.1,0.1,0.3,rest
174.58,0.1,0.1,0.3,rest
174.6,0.1,0.1,0.3,rest
174.62,0.1,0.1,0.3,rest
174.64000000000001,0.1,0.1,0.3,rest
174.66,0.1,0.1,0.3,rest
174.68,0.1,0.1,0.3,rest
174.70000000000002,0.1,0.1,0.3,rest
174.72,0.1,0.1,0.3,rest
174.74,0.1,0.1,0.3,rest
174.76,0.1,0.1,0.3,rest
174.78,0.1,0.1,0.3,rest
174.8,0.1,0.1,0.3,rest
174.82,0.1,0.1,0.3,rest
174.84,0.1,0.1,0.3,rest
174.86,0.1,0.1,0.3,rest
174.88,0.1,0.1,0.3,rest
174.9,0.1,0.1,0.3,rest
174.92000000000002,0.1,0.1,0.3,rest
174.94,0.1,0.1,0.3,rest
174.96,0.1,0.1,0.3,rest
174.98,0.1,0.1,0.3,rest
175.0,0.1,0.1,0.3,rest
175.02,0.1,0.1,0.3,rest
175.04,0.1,0.1,0.3,rest
175.06,0.1,0.1,0.3,rest
175.08,0.1,0.1,0.3,rest
175.1,0.1,0.1,0.3,rest
175.12,0.1,0.1,0.3,rest
175.14000000000001,0.1,0.1,0.3,rest
175.16,0.1,0.1,0.3,rest
175.18,0.1,0.1,0.3,rest
175.20000000000002,0.1,0.1,0.3,rest
175.22,0.1,0.1,0.3,rest
175.24,0.1,0.1,0.3,rest
175.26,0.1,0.1,0.3,rest
175.28,0.1,0.1,0.3,rest
175.3,0.1,0.1,0.3,rest
175.32,0.1,0.1,0.3,rest
175.34,0.1,0.1,0.3,rest
175.36,0.1,0.1,0.3,rest
175.38,0.1,0.1,0.3,rest
175.4,0.1,0.1,0.3,rest
175.42000000000002,0.1,0.1,0.3,rest
175.44,0.1,0.1,0.3,rest
175.46,0.1,0.1,0.3,rest
175.48,0.1,0.1,0.3,rest
175.5,0.1,0.1,0.3,rest
175.52,0.1,0.1,0.3,rest
175.54,0.1,0.1,0.3,rest
175.56,0.1,0.1,0.3,rest
175.58,0.1,0.1,0.3,rest
175.6,0.1,0.1,0.3,rest
175.62,0.1,0.1,0.3,rest
175.64000000000001,0.1,0.1,0.3,rest
175.66,0.1,0.1,0.3,rest
175.68,0.1,0.1,0.3,rest
175.70000000000002,0.1,0.1,0.3,rest
175.72,0.1,0.1,0.3,rest
175.74,0.1,0.1,0.3,rest
175.76,0.1,0.1,0.3,rest
175.78,0.1,0.1,0.3,rest
175.8,0.1,0.1,0.3,rest
175.82,0.1,0.1,0.3,rest
175.84,0.1,0.1,0.3,rest
175.86,0.1,0.1,0.3,rest
175.88,0.1,0.1,0.3,rest
175.9,0.1,0.1,0.3,rest
175.92000000000002,0.1,0.1,0.3,rest
175.94,0.1,0.1,0.3,rest
175.96,0.1,0.1,0.3,rest
175.98,0.1,0.1,0.3,rest
176.0,0.1,0.1,0.3,rest
176.02,0.1,0.1,0.3,rest
176.04,0.1,0.1,0.3,rest
176.06,0.1,0.1,0.3,rest
176.08,0.1,0.1,0.3,rest
176.1,0.1,0.1,0.3,rest
176.12,0.1,0.1,0.3,rest
176.14000000000001,0.1,0.1,0.3,rest
176.16,0.1,0.1,0.3,rest
176.18,0.1,0.1,0.3,rest
176.20000000000002,0.1,0.1,0.3,rest
176.22,0.1,0.1,0.3,rest
176.24,0.1,0.1,0.3,rest
176.26,0.1,0.1,0.3,rest
176.28,0.1,0.1,0.3,rest
176.3,0.1,0.1,0.3,rest
176.32,0.1,0.1,0.3,rest
176.34,0.1,0.1,0.3,rest
176.36,0.1,0.1,0.3,rest
176.38,0.1,0.1,0.3,rest
176.4,0.1,0.1,0.3,rest
176.42000000000002,0.1,0.1,0.3,rest
176.44,0.1,0.1,0.3,rest
176.46,0.1,0.1,0.3,rest
176.48,0.1,0.1,0.3,rest
176.5,0.1,0.1,0.3,rest
176.52,0.1,0.1,0.3,rest
176.54,0.1,0.1,0.3,rest
176.56,0.1,0.1,0.3,rest
176.58,0.1,0.1,0.3,rest
176.6,0.1,0.1,0.3,rest
176.62,0.1,0.1,0.3,rest
176.64000000000001,0.1,0.1,0.3,rest
176.66,0.1,0.1,0.3,rest
176.68,0.1,0.1,0.3,rest
176.70000000000002,0.1,0.1,0.3,rest
176.72,0.1,0.1,0.3,rest
176.74,0.1,0.1,0.3,rest
176.76,0.1,0.1,0.3,rest
176.78,0.1,0.1,0.3,rest
176.8,0.1,0.1,0.3,rest
176.82,0.1,0.1,0.3,rest
176.84,0.1,0.1,0.3,rest
176.86,0.1,0.1,0.3,rest
176.88,0.1,0.1,0.3,rest
176.9,0.1,0.1,0.3,rest
176.92000000000002,0.1,0.1,0.3,rest
176.94,0.1,0.1,0.3,rest
176.96,0.1,0.1,0.3,rest
176.98,0.1,0.1,0.3,rest
177.0,0.1,0.1,0.3,rest
177.02,0.1,0.1,0.3,rest
177.04,0.1,0.1,0.3,rest
177.06,0.1,0.1,0.3,rest
177.08,0.1,0.1,0.3,rest
177.1,0.1,0.1,0.3,rest
177.12,0.1,0.1,0.3,rest
177.14000000000001,0.1,0.1,0.3,rest
177.16,0.1,0.1,0.3,rest
177.18,0.1,0.1,0.3,rest
177.20000000000002,0.1,0.1,0.3,rest
177.22,0.1,0.1,0.3,rest
177.24,0.1,0.1,0.3,rest
177.26,0.1,0.1,0.3,rest
177.28,0.1,0.1,0.3,rest
177.3,0.1,0.1,0.3,rest
177.32,0.1,0.1,0.3,rest
177.34,0.1,0.1,0.3,rest
177.36,0.1,0.1,0.3,rest
177.38,0.1,0.1,0.3,rest
177.4,0.1,0.1,0.3,rest
177.42000000000002,0.1,0.1,0.3,rest
177.44,0.1,0.1,0.3,rest
177.46,0.1,0.1,0.3,rest
177.48,0.1,0.1,0.3,rest
177.5,0.1,0.1,0.3,rest
177.52,0.1,0.1,0.3,rest
177.54,0.1,0.1,0.3,rest
177.56,0.1,0.1,0.3,rest
177.58,0.1,0.1,0.3,rest
177.6,0.1,0.1,0.3,rest
177.62,0.1,0.1,0.3,rest
177.64000000000001,0.1,0.1,0.3,rest
177.66,0.1,0.1,0.3,rest
177.68,0.1,0.1,0.3,rest
177.70000000000002,0.1,0.1,0.3,rest
177.72,0.1,0.1,0.3,rest
177.74,0.1,0.1,0.3,rest
177.76,0.1,0.1,0.3,rest
177.78,0.1,0.1,0.3,rest
177.8,0.1,0.1,0.3,rest
177.82,0.1,0.1,0.3,rest
177.84,0.1,0.1,0.3,rest
177.86,0.1,0.1,0.3,rest
177.88,0.1,0.1,0.3,rest
177.9,0.1,0.1,0.3,rest
177.92000000000002,0.1,0.1,0.3,rest
177.94,0.1,0.1,0.3,rest
177.96,0.1,0.1,0.3,rest
177.98,0.1,0.1,0.3,rest
178.0,0.1,0.1,0.3,rest
178.02,0.1,0.1,0.3,rest
178.04,0.1,0.1,0.3,rest
178.06,0.1,0.1,0.3,rest
178.08,0.1,0.1,0.3,rest
178.1,0.1,0.1,0.3,rest
178.12,0.1,0.1,0.3,rest
178.14000000000001,0.1,0.1,0.3,rest
178.16,0.1,0.1,0.3,rest
178.18,0.1,0.1,0.3,rest
178.20000000000002,0.1,0.1,0.3,rest
178.22,0.1,0.1,0.3,rest
178.24,0.1,0.1,0.3,rest
178.26,0.1,0.1,0.3,rest
178.28,0.1,0.1,0.3,rest
178.3,0.1,0.1,0.3,rest
178.32,0.1,0.1,0.3,rest
178.34,0.1,0.1,0.3,rest
178.36,0.1,0.1,0.3,rest
178.38,0.1,0.1,0.3,rest
178.4,0.1,0.1,0.3,rest
178.42000000000002,0.1,0.1,0.3,rest
178.44,0.1,0.1,0.3,rest
178.46,0.1,0.1,0.3,rest
178.48,0.1,0.1,0.3,rest
178.5,0.1,0.1,0.3,rest
178.52,0.1,0.1,0.3,rest
178.54,0.1,0.1,0.3,rest
178.56,0.1,0.1,0.3,rest
178.58,0.1,0.1,0.3,rest
178.6,0.1,0.1,0.3,rest
178.62,0.1,0.1,0.3,rest
178.64000000000001,0.1,0.1,0.3,rest
178.66,0.1,0.1,0.3,rest
178.68,0.1,0.1,0.3,rest
178.70000000000002,0.1,0.1,0.3,rest
178.72,0.1,0.1,0.3,rest
178.74,0.1,0.1,0.3,rest
178.76,0.1,0.1,0.3,rest
178.78,0.1,0.1,0.3,rest
178.8,0.1,0.1,0.3,rest
178.82,0.1,0.1,0.3,rest
178.84,0.1,0.1,0.3,rest
178.86,0.1,0.1,0.3,rest
178.88,0.1,0.1,0.3,rest
178.9,0.1,0.1,0.3,rest
178.92000000000002,0.1,0.1,0.3,rest
178.94,0.1,0.1,0.3,rest
178.96,0.1,0.1,0.3,rest
178.98,0.1,0.1,0.3,rest
179.0,0.1,0.1,0.3,rest
179.02,0.1,0.1,0.3,rest
179.04,0.1,0.1,0.3,rest
179.06,0.1,0.1,0.3,rest
179.08,0.1,0.1,0.3,rest
179.1,0.1,0.1,0.3,rest
179.12,0.1,0.1,0.3,rest
179.14000000000001,0.1,0.1,0.3,rest
179.16,0.1,0.1,0.3,rest
179.18,0.1,0.1,0.3,rest
179.20000000000002,0.1,0.1,0.3,rest
179.22,0.1,0.1,0.3,rest
179.24,0.1,0.1,0.3,rest
179.26,0.1,0.1,0.3,rest
179.28,0.1,0.1,0.3,rest
179.3,0.1,0.1,0.3,rest
179.32,0.1,0.1,0.3,rest
179.34,0.1,0.1,0.3,rest
179.36,0.1,0.1,0.3,rest
179.38,0.1,0.1,0.3,rest
179.4,0.1,0.1,0.3,rest
179.42000000000002,0.1,0.1,0.3,rest
179.44,0.1,0.1,0.3,rest
179.46,0.1,0.1,0.3,rest
179.48,0.1,0.1,0.3,rest
179.5,0.1,0.1,0.3,rest
179.52,0.1,0.1,0.3,rest
179.54,0.1,0.1,0.3,rest
179.56,0.1,0.1,0.3,rest
179.58,0.1,0.1,0.3,rest
179.6,0.1,0.1,0.3,rest
179.62,0.1,0.1,0.3,rest
179.64000000000001,0.1,0.1,0.3,rest
179.66,0.1,0.1,0.3,rest
179.68,0.1,0.1,0.3,rest
179.70000000000002,0.1,0.1,0.3,rest
179.72,0.1,0.1,0.3,rest
179.74,0.1,0.1,0.3,rest
179.76,0.1,0.1,0.3,rest
179.78,0.1,0.1,0.3,rest
179.8,0.1,0.1,0.3,rest
179.82,0.1,0.1,0.3,rest
179.84,0.1,0.1,0.3,rest
179.86,0.1,0.1,0.3,rest
179.88,0.1,0.1,0.3,rest
179.9,0.1,0.1,0.3,rest
179.92000000000002,0.1,0.1,0.3,rest
179.94,0.1,0.1,0.3,rest
179.96,0.1,0.1,0.3,rest
179.98,0.1,0.1,0.3,rest
180.0,0.1,0.1,0.3,rest
180.02,0.1,0.1,0.3,rest
180.04,0.1,0.1,0.3,rest
180.06,0.1,0.1,0.3,rest
180.08,0.1,0.1,0.3,rest
180.1,0.1,0.1,0.3,rest
180.12,0.1,0.1,0.3,rest
180.14000000000001,0.1,0.1,0.3,rest
180.16,0.1,0.1,0.3,rest
180.18,0.1,0.1,0.3,rest
180.20000000000002,0.1,0.1,0.3,rest
180.22,0.1,0.1,0.3,rest
180.24,0.1,0.1,0.3,rest
180.26,0.1,0.1,0.3,rest
180.28,0.1,0.1,0.3,rest
180.3,0.1,0.1,0.3,rest
180.32,0.1,0.1,0.3,rest
180.34,0.1,0.1,0.3,rest
180.36,0.1,0.1,0.3,rest
180.38,0.1,0.1,0.3,rest
180.4,0.1,0.1,0.3,rest
180.42000000000002,0.1,0.1,0.3,rest
180.44,0.1,0.1,0.3,rest
180.46,0.1,0.1,0.3,rest
180.48,0.1,0.1,0.3,rest
180.5,0.1,0.1,0.3,rest
180.52,0.1,0.1,0.3,rest
180.54,0.1,0.1,0.3,rest
180.56,0.1,0.1,0.3,rest
180.58,0.1,0.1,0.3,rest
180.6,0.1,0.1,0.3,rest
180.62,0.1,0.1,0.3,rest
180.64000000000001,0.1,0.1,0.3,rest
180.66,0.1,0.1,0.3,rest
180.68,0.1,0.1,0.3,rest
180.70000000000002,0.1,0.1,0.3,rest
180.72,0.1,0.1,0.3,rest
180.74,0.1,0.1,0.3,rest
180.76,0.1,0.1,0.3,rest
180.78,0.1,0.1,0.3,rest
180.8,0.1,0.1,0.3,rest
180.82,0.1,0.1,0.3,rest
180.84,0.1,0.1,0.3,rest
180.86,0.1,0.1,0.3,rest
180.88,0.1,0.1,0.3,rest
180.9,0.1,0.1,0.3,rest
180.92000000000002,0.1,0.1,0.3,rest
180.94,0.1,0.1,0.3,rest
180.96,0.1,0.1,0.3,rest
180.98,0.1,0.1,0.3,rest
181.0,0.1,0.1,0.3,rest
181.02,0.1,0.1,0.3,rest
181.04,0.1,0.1,0.3,rest
181.06,0.1,0.1,0.3,rest
181.08,0.1,0.1,0.3,rest
181.1,0.1,0.1,0.3,rest
181.12,0.1,0.1,0.3,rest
181.14000000000001,0.1,0.1,0.3,rest
181.16,0.1,0.1,0.3,rest
181.18,0.1,0.1,0.3,rest
181.20000000000002,0.1,0.1,0.3,rest
181.22,0.1,0.1,0.3,rest
181.24,0.1,0.1,0.3,rest
181.26,0.1,0.1,0.3,rest
181.28,0.1,0.1,0.3,rest
181.3,0.1,0.1,0.3,rest
181.32,0.1,0.1,0.3,rest
181.34,0.1,0.1,0.3,rest
181.36,0.1,0.1,0.3,rest
181.38,0.1,0.1,0.3,rest
181.4,0.1,0.1,0.3,rest
181.42000000000002,0.1,0.1,0.3,rest
181.44,0.1,0.1,0.3,rest
181.46,0.1,0.1,0.3,rest
181.48,0.1,0.1,0.3,rest
181.5,0.1,0.1,0.3,rest
181.52,0.1,0.1,0.3,rest
181.54,0.1,0.1,0.3,rest
181.56,0.1,0.1,0.3,rest
181.58,0.1,0.1,0.3,rest
181.6,0.1,0.1,0.3,rest
181.62,0.1,0.1,0.3,rest
181.64000000000001,0.1,0.1,0.3,rest
181.66,0.1,0.1,0.3,rest
181.68,0.1,0.1,0.3,rest
181.70000000000002,0.1,0.1,0.3,rest
181.72,0.1,0.1,0.3,rest
181.74,0.1,0.1,0.3,rest
181.76,0.1,0.1,0.3,rest
181.78,0.1,0.1,0.3,rest
181.8,0.1,0.1,0.3,rest
181.82,0.1,0.1,0.3,rest
181.84,0.1,0.1,0.3,rest
181.86,0.1,0.1,0.3,rest
181.88,0.1,0.1,0.3,rest
181.9,0.1,0.1,0.3,rest
181.92000000000002,0.1,0.1,0.3,rest
181.94,0.1,0.1,0.3,rest
181.96,0.1,0.1,0.3,rest
181.98,0.1,0.1,0.3,rest
182.0,0.1,0.1,0.3,D_swap_f3:settle
182.02,0.10306122448979592,0.10408163265306122,0.3,D_swap_f3:settle
182.04,0.10612244897959185,0.10816326530612246,0.3,D_swap_f3:settle
182.06,0.10918367346938776,0.11224489795918367,0.3,D_swap_f3:settle
182.08,0.11224489795918367,0.1163265306122449,0.3,D_swap_f3:settle
182.1,0.1153061224489796,0.12040816326530612,0.3,D_swap_f3:settle
182.12,0.11836734693877551,0.12448979591836735,0.3,D_swap_f3:settle
182.14000000000001,0.12142857142857143,0.12857142857142856,0.3,D_swap_f3:settle
182.16,0.12448979591836735,0.1326530612244898,0.3,D_swap_f3:settle
182.18,0.12755102040816327,0.13673469387755102,0.3,D_swap_f3:settle
182.20000000000002,0.1306122448979592,0.14081632653061224,0.3,D_swap_f3:settle
182.22,0.1336734693877551,0.14489795918367346,0.3,D_swap_f3:settle
182.24,0.13673469387755102,0.1489795918367347,0.3,D_swap_f3:settle
182.26,0.13979591836734695,0.15306122448979592,0.3,D_swap_f3:settle
182.28,0.14285714285714285,0.15714285714285714,0.3,D_swap_f3:settle
182.3,0.14591836734693878,0.16122448979591836,0.3,D_swap_f3:settle
182.32,0.1489795918367347,0.16530612244897958,0.3,D_swap_f3:settle
182.34,0.1520408163265306,0.16938775510204082,0.3,D_swap_f3:settle
182.36,0.15510204081632653,0.17346938775510204,0.3,D_swap_f3:settle
182.38,0.15816326530612246,0.17755102040816326,0.3,D_swap_f3:settle
182.4,0.16122448979591836,0.18163265306122447,0.3,D_swap_f3:settle
182.42000000000002,0.16428571428571428,0.18571428571428572,0.3,D_swap_f3:settle
182.44,0.1673469387755102,0.18979591836734694,0.3,D_swap_f3:settle
182.46,0.1704081632653061,0.19387755102040816,0.3,D_swap_f3:settle
182.48,0.17346938775510204,0.19795918367346937,0.3,D_swap_f3:settle
182.5,0.17653061224489797,0.2020408163265306,0.3,D_swap_f3:settle
182.52,0.17959183673469387,0.2061224489795918,0.3,D_swap_f3:settle
182.54,0.1826530612244898,0.21020408163265303,0.3,D_swap_f3:settle
182.56,0.18571428571428572,0.21428571428571427,0.3,D_swap_f3:settle
182.58,0.18877551020408162,0.21836734693877552,0.3,D_swap_f3:settle
182.6,0.19183673469387752,0.2224489795918367,0.3,D_swap_f3:settle
182.62,0.19489795918367347,0.22653061224489793,0.3,D_swap_f3:settle
182.64000000000001,0.19795918367346937,0.23061224489795917,0.3,D_swap_f3:settle
182.66,0.2010204081632653,0.2346938775510204,0.3,D_swap_f3:settle
182.68,0.20408163265306123,0.23877551020408164,0.3,D_swap_f3:settle
182.70000000000002,0.20714285714285713,0.24285714285714283,0.3,D_swap_f3:settle
182.72,0.21020408163265306,0.24693877551020407,0.3,D_swap_f3:settle
182.74,0.21326530612244898,0.2510204081632653,0.3,D_swap_f3:settle
182.76,0.21632653061224488,0.2551020408163265,0.3,D_swap_f3:settle
182.78,0.21938775510204078,0.25918367346938775,0.3,D_swap_f3:settle
182.8,0.22244897959183674,0.2632653061224489,0.3,D_swap_f3:settle
182.82,0.22551020408163264,0.2673469387755102,0.3,D_swap_f3:settle
182.84,0.22857142857142856,0.2714285714285714,0.3,D_swap_f3:settle
182.86,0.2316326530612245,0.2755102040816326,0.3,D_swap_f3:settle
182.88,0.2346938775510204,0.27959183673469384,0.3,D_swap_f3:settle
182.9,0.23775510204081632,0.28367346938775506,0.3,D_swap_f3:settle
182.92000000000002,0.24081632653061225,0.28775510204081634,0.3,D_swap_f3:settle
182.94,0.24387755102040815,0.2918367346938775,0.3,D_swap_f3:settle
182.96,0.24693877551020407,0.29591836734693877,0.3,D_swap_f3:settle
182.98,0.25,0.3,0.3,D_swap_f3:settle
183.0,0.25,0.3,0.3,D_swap_f3
183.02,0.25,0.30021770790385444,0.3,D_swap_f3
183.04,0.25,0.3016129729595117,0.3,D_swap_f3
183.06,0.25,0.30476551014656544,0.3,D_swap_f3
183.08,0.25,0.30925869295831904,0.3,D_swap_f3
183.1,0.25,0.3136226724001005,0.3,D_swap_f3
183.12,0.25,0.3156624946334626,0.3,D_swap_f3
183.14000000000001,0.25,0.31310042438097824,0.3,D_swap_f3
183.16,0.25,0.30436322465393917,0.3,D_swap_f3
183.18,0.25,0.2892897837608696,0.3,D_swap_f3
183.20000000000002,0.25,0.26953877847816504,0.3,D_swap_f3
183.22,0.25,0.2485412513339993,0.3,D_swap_f3
183.24,0.25,0.23095433070536897,0.3,D_swap_f3
183.26,0.25,0.2217025816853277,0.3,D_swap_f3
183.28,0.25,0.22480955984069845,0.3,D_swap_f3
183.3,0.25,0.242293433677964,0.3,D_swap_f3
183.32,0.25,0.27340673316440217,0.3,D_swap_f3
183.34,0.25,0.31443676038070645,0.3,D_swap_f3
183.36,0.25,0.359162626734279,0.3,D_swap_f3
183.38,0.25,0.3999144917829057,0.3,D_swap_f3
183.4,0.25,0.4290358050441725,0.3,D_swap_f3
183.42000000000002,0.25,0.44044531630592165,0.3,D_swap_f3
183.44,0.25,0.4309585477233375,0.3,D_swap_f3
183.46,0.25,0.4010690929297915,0.3,D_swap_f3
183.48,0.25,0.3550009749988472,0.3,D_swap_f3
183.5,0.25,0.30000000000000004,0.3,D_swap_f3
183.52,0.25,0.2447813170972984,0.3,D_swap_f3
183.54,0.25,0.19731793411069662,0.3,D_swap_f3
183.56,0.25,0.16427594213009705,0.3,D_swap_f3
183.58,0.25,0.15029599073575928,0.3,D_swap_f3
183.6,0.25,0.15734152255572692,0.3,D_swap_f3
183.62,0.25,0.18442301358363153,0.3,D_swap_f3
183.64000000000001,0.25,0.22773694888474277,0.3,D_swap_f3
183.66,0.25,0.2812000149653544,0.3,D_swap_f3
183.68,0.25,0.3373034830747282,0.3,D_swap_f3
183.70000000000002,0.25,0.3881677878438711,0.3,D_swap_f3
183.72,0.25,0.4266491888253022,0.3,D_swap_f3
183.74,0.25,0.44734308760930325,0.3,D_swap_f3
183.76,0.25,0.4473430876093033,0.3,D_swap_f3
183.78,0.25,0.42664918882530223,0.3,D_swap_f3
183.8,0.25,0.388167787843871,0.3,D_swap_f3
183.82,0.25,0.33730348307472807,0.3,D_swap_f3
183.84,0.25,0.28120001496535457,0.3,D_swap_f3
183.86,0.25,0.2277369488847427,0.3,D_swap_f3
183.88,0.25,0.1844230135836318,0.3,D_swap_f3
183.9,0.25,0.15734152255572698,0.3,D_swap_f3
183.92000000000002,0.25,0.15029599073575925,0.3,D_swap_f3
183.94,0.25,0.16427594213009722,0.3,D_swap_f3
183.96,0.25,0.1973179341106967,0.3,D_swap_f3
183.98,0.25,0.244781317097298,0.3,D_swap_f3
184.0,0.25,0.2999999999999999,0.3,D_swap_f3
184.02,0.25,0.35521868290270175,0.3,D_swap_f3
184.04,0.25,0.4026820658893031,0.3,D_swap_f3
184.06,0.25,0.43572405786990287,0.3,D_swap_f3
184.08,0.25,0.4497040092642407,0.3,D_swap_f3
184.1,0.25,0.44265847744427306,0.3,D_swap_f3
184.12,0.25,0.4155769864163683,0.3,D_swap_f3
184.14000000000001,0.25,0.37226305111525704,0.3,D_swap_f3
184.16,0.25,0.3187999850346462,0.3,D_swap_f3
184.18,0.25,0.2626965169252721,0.3,D_swap_f3
184.20000000000002,0.25,0.21183221215612913,0.3,D_swap_f3
184.22,0.25,0.17335081117469797,0.3,D_swap_f3
184.24,0.25,0.15265691239069673,0.3,D_swap_f3
184.26,0.25,0.15265691239069668,0.3,D_swap_f3
184.28,0.25,0.17335081117469783,0.3,D_swap_f3
184.3,0.25,0.2118322121561289,0.3,D_swap_f3
184.32,0.25,0.26269651692527185,0.3,D_swap_f3
184.34,0.25,0.3187999850346459,0.3,D_swap_f3
184.36,0.25,0.37226305111525726,0.3,D_swap_f3
184.38,0.25,0.4155769864163685,0.3,D_swap_f3
184.4,0.25,0.4426584774442731,0.3,D_swap_f3
184.42000000000002,0.25,0.44970400926424076,0.3,D_swap_f3
184.44,0.25,0.435724057869903,0.3,D_swap_f3
184.46,0.25,0.40268206588930333,0.3,D_swap_f3
184.48,0.25,0.35521868290270203,0.3,D_swap_f3
184.5,0.25,0.30000000000000016,0.3,D_swap_f3
184.52,0.25,0.24478131709729825,0.3,D_swap_f3
184.54,0.25,0.1973179341106969,0.3,D_swap_f3
184.56,0.25,0.16427594213009708,0.3,D_swap_f3
184.58,0.25,0.15029599073575925,0.3,D_swap_f3
184.6,0.25,0.1573415225557269,0.3,D_swap_f3
184.62,0.25,0.1844230135836316,0.3,D_swap_f3
184.64000000000001,0.25,0.2277369488847429,0.3,D_swap_f3
184.66,0.25,0.2812000149653548,0.3,D_swap_f3
184.68,0.25,0.3373034830747278,0.3,D_swap_f3
184.70000000000002,0.25,0.3881677878438704,0.3,D_swap_f3
184.72,0.25,0.42664918882530223,0.3,D_swap_f3
184.74,0.25,0.4473430876093032,0.3,D_swap_f3
184.76,0.25,0.4473430876093034,0.3,D_swap_f3
184.78,0.25,0.4266491888253022,0.3,D_swap_f3
184.8,0.25,0.3881677878438711,0.3,D_swap_f3
184.82,0.25,0.3373034830747287,0.3,D_swap_f3
184.84,0.25,0.28120001496535413,0.3,D_swap_f3
184.86,0.25,0.22773694888474277,0.3,D_swap_f3
184.88,0.25,0.18442301358363122,0.3,D_swap_f3
184.9,0.25,0.15734152255572686,0.3,D_swap_f3
184.92000000000002,0.25,0.15029599073575925,0.3,D_swap_f3
184.94,0.25,0.1642759421300969,0.3,D_swap_f3
184.96,0.25,0.1973179341106962,0.3,D_swap_f3
184.98,0.25,0.2447813170972984,0.3,D_swap_f3
185.0,0.25,0.29999999999999977,0.3,D_swap_f3
185.02,0.25,0.3552186829027012,0.3,D_swap_f3
185.04,0.25,0.40268206588930344,0.3,D_swap_f3
185.06,0.25,0.43572405786990287,0.3,D_swap_f3
185.08,0.25,0.4497040092642407,0.3,D_swap_f3
185.1,0.25,0.4426584774442729,0.3,D_swap_f3
185.12,0.25,0.4155769864163684,0.3,D_swap_f3
185.14000000000001,0.25,0.3722630511152576,0.3,D_swap_f3
185.16,0.25,0.31879998503464524,0.3,D_swap_f3
185.18,0.25,0.2626965169252717,0.3,D_swap_f3
185.20000000000002,0.25,0.21183221215612924,0.3,D_swap_f3
185.22,0.25,0.17335081117469747,0.3,D_swap_f3
185.24,0.25,0.15265691239069665,0.3,D_swap_f3
185.26,0.25,0.15265691239069687,0.3,D_swap_f3
185.28,0.25,0.17335081117469806,0.3,D_swap_f3
185.3,0.25,0.21183221215612924,0.3,D_swap_f3
185.32,0.25,0.2626965169252707,0.3,D_swap_f3
185.34,0.25,0.31879998503464524,0.3,D_swap_f3
185.36,0.25,0.3722630511152567,0.3,D_swap_f3
185.38,0.25,0.41557698641636776,0.3,D_swap_f3
185.4,0.25,0.4426584774442729,0.3,D_swap_f3
185.42000000000002,0.25,0.44970400926424076,0.3,D_swap_f3
185.44,0.25,0.4357240578699033,0.3,D_swap_f3
185.46,0.25,0.4026820658893034,0.3,D_swap_f3
185.48,0.25,0.35521868290270214,0.3,D_swap_f3
185.5,0.25,0.3000000000000008,0.3,D_swap_f3
185.52,0.25,0.24478131709729836,0.3,D_swap_f3
185.54,0.25,0.19731793411069698,0.3,D_swap_f3
185.56,0.25,0.1642759421300969,0.3,D_swap_f3
185.58,0.25,0.15029599073575925,0.3,D_swap_f3
185.6,0.25,0.15734152255572686,0.3,D_swap_f3
185.62,0.25,0.1844230135836319,0.3,D_swap_f3
185.64000000000001,0.25,0.22773694888474283,0.3,D_swap_f3
185.66,0.25,0.2812000149653542,0.3,D_swap_f3
185.68,0.25,0.33730348307472874,0.3,D_swap_f3
185.70000000000002,0.25,0.3881677878438711,0.3,D_swap_f3
185.72,0.25,0.42664918882530223,0.3,D_swap_f3
185.74,0.25,0.4473430876093034,0.3,D_swap_f3
185.76,0.25,0.4473430876093032,0.3,D_swap_f3
185.78,0.25,0.42664918882530223,0.3,D_swap_f3
185.8,0.25,0.38816778784387035,0.3,D_swap_f3
185.82,0.25,0.3373034830747288,0.3,D_swap_f3
185.84,0.25,0.2812000149653553,0.3,D_swap_f3
185.86,0.25,0.22773694888474288,0.3,D_swap_f3
185.88,0.25,0.18442301358363195,0.3,D_swap_f3
185.9,0.25,0.15734152255572723,0.3,D_swap_f3
185.92000000000002,0.25,0.15029599073575925,0.3,D_swap_f3
185.94,0.25,0.16427594213009689,0.3,D_swap_f3
185.96,0.25,0.19731793411069615,0.3,D_swap_f3
185.98,0.25,0.24478131709729828,0.3,D_swap_f3
186.0,0.25,0.29999999999999966,0.3,D_swap_f3
186.02,0.25,0.3552186829027011,0.3,D_swap_f3
186.04,0.25,0.40268206588930333,0.3,D_swap_f3
186.06,0.25,0.4357240578699028,0.3,D_swap_f3
186.08,0.25,0.4497040092642407,0.3,D_swap_f3
186.1,0.25,0.442658477444273,0.3,D_swap_f3
186.12,0.25,0.4155769864163684,0.3,D_swap_f3
186.14000000000001,0.25,0.3722630511152577,0.3,D_swap_f3
186.16,0.25,0.31879998503464535,0.3,D_swap_f3
186.18,0.25,0.2626965169252718,0.3,D_swap_f3
186.20000000000002,0.25,0.2118322121561293,0.3,D_swap_f3
186.22,0.25,0.17335081117469753,0.3,D_swap_f3
186.24,0.25,0.15265691239069668,0.3,D_swap_f3
186.26,0.25,0.15265691239069684,0.3,D_swap_f3
186.28,0.25,0.173350811174698,0.3,D_swap_f3
186.3,0.25,0.21183221215612916,0.3,D_swap_f3
186.32,0.25,0.2626965169252726,0.3,D_swap_f3
186.34,0.25,0.31879998503464513,0.3,D_swap_f3
186.36,0.25,0.3722630511152566,0.3,D_swap_f3
186.38,0.25,0.41557698641636764,0.3,D_swap_f3
186.4,0.25,0.44265847744427256,0.3,D_swap_f3
186.42000000000002,0.25,0.44970400926424076,0.3,D_swap_f3
186.44,0.25,0.43572405786990287,0.3,D_swap_f3
186.46,0.25,0.4026820658893043,0.3,D_swap_f3
186.48,0.25,0.35521868290270225,0.3,D_swap_f3
186.5,0.25,0.2999999999999998,0.3,D_swap_f3
186.52,0.25,0.24478131709729944,0.3,D_swap_f3
186.54,0.25,0.19731793411069704,0.3,D_swap_f3
186.56,0.25,0.16427594213009697,0.3,D_swap_f3
186.58,0.25,0.15029599073575933,0.3,D_swap_f3
186.6,0.25,0.15734152255572684,0.3,D_swap_f3
186.62,0.25,0.18442301358363183,0.3,D_swap_f3
186.64000000000001,0.25,0.22773694888474177,0.3,D_swap_f3
186.66,0.25,0.2812000149653541,0.3,D_swap_f3
186.68,0.25,0.3373034830747286,0.3,D_swap_f3
186.70000000000002,0.25,0.3881677878438702,0.3,D_swap_f3
186.72,0.25,0.4266491888253021,0.3,D_swap_f3
186.74,0.25,0.4473430876093034,0.3,D_swap_f3
186.76,0.25,0.4473430876093031,0.3,D_swap_f3
186.78,0.25,0.4266491888253023,0.3,D_swap_f3
186.8,0.25,0.3881677878438704,0.3,D_swap_f3
186.82,0.25,0.33730348307472685,0.3,D_swap_f3
186.84,0.25,0.28120001496535435,0.3,D_swap_f3
186.86,0.25,0.2277369488847439,0.3,D_swap_f3
186.88,0.25,0.18442301358363203,0.3,D_swap_f3
186.9,0.25,0.15734152255572692,0.3,D_swap_f3
186.92000000000002,0.25,0.15029599073575917,0.3,D_swap_f3
186.94,0.25,0.16427594213009683,0.3,D_swap_f3
186.96,0.25,0.19731793411069687,0.3,D_swap_f3
186.98,0.25,0.2447813170972972,0.3,D_swap_f3
187.0,0.25,0.29999999999999954,0.3,D_swap_f3
187.02,0.25,0.355218682902702,0.3,D_swap_f3
187.04,0.25,0.4026820658893025,0.3,D_swap_f3
187.06,0.25,0.43572405786990365,0.3,D_swap_f3
187.08,0.25,0.44970400926424076,0.3,D_swap_f3
187.1,0.25,0.44265847744427333,0.3,D_swap_f3
187.12,0.25,0.41557698641636853,0.3,D_swap_f3
187.14000000000001,0.25,0.3722630511152587,0.3,D_swap_f3
187.16,0.25,0.3187999850346465,0.3,D_swap_f3
187.18,0.25,0.26269651692527396,0.3,D_swap_f3
187.20000000000002,0.25,0.21183221215612852,0.3,D_swap_f3
187.22,0.25,0.17335081117469814,0.3,D_swap_f3
187.24,0.25,0.1526569123906967,0.3,D_swap_f3
187.26,0.25,0.15265691239069643,0.3,D_swap_f3
187.28,0.25,0.17335081117469736,0.3,D_swap_f3
187.3,0.25,0.21183221215612907,0.3,D_swap_f3
187.32,0.25,0.26269651692527257,0.3,D_swap_f3
187.34,0.25,0.318799985034645,0.3,D_swap_f3
187.36,0.25,0.3722630511152574,0.3,D_swap_f3
187.38,0.25,0.4155769864163676,0.3,D_swap_f3
187.4,0.25,0.4426584774442729,0.3,D_swap_f3
187.42000000000002,0.25,0.4497040092642407,0.3,D_swap_f3
187.44,0.25,0.4357240578699025,0.3,D_swap_f3
187.46,0.25,0.40268206588930355,0.3,D_swap_f3
187.48,0.25,0.35521868290270137,0.3,D_swap_f3
187.5,0.25,0.30000000000000104,0.3,D_swap_f3
187.52,0.25,0.24478131709729659,0.3,D_swap_f3
187.54,0.25,0.19731793411069637,0.3,D_swap_f3
187.56,0.25,0.16427594213009655,0.3,D_swap_f3
187.58,0.25,0.15029599073575928,0.3,D_swap_f3
187.6,0.25,0.15734152255572714,0.3,D_swap_f3
187.62,0.25,0.18442301358363106,0.3,D_swap_f3
187.64000000000001,0.25,0.22773694888474078,0.3,D_swap_f3
187.66,0.25,0.281200014965355,0.3,D_swap_f3
187.68,0.25,0.3373034830747275,0.3,D_swap_f3
187.70000000000002,0.25,0.38816778784387096,0.3,D_swap_f3
187.72,0.25,0.4266491888253015,0.3,D_swap_f3
187.74,0.25,0.4473430876093032,0.3,D_swap_f3
187.76,0.25,0.44734308760930364,0.3,D_swap_f3
187.78,0.25,0.4266491888253018,0.3,D_swap_f3
187.8,0.25,0.3881677878438714,0.3,D_swap_f3
187.82,0.25,0.337303483074728,0.3,D_swap_f3
187.84,0.25,0.2812000149653555,0.3,D_swap_f3
187.86,0.25,0.22773694888474308,0.3,D_swap_f3
187.88,0.25,0.18442301358363278,0.3,D_swap_f3
187.9,0.25,0.15734152255572664,0.3,D_swap_f3
187.92000000000002,0.25,0.15029599073575925,0.3,D_swap_f3
187.94,0.25,0.16427594213009725,0.3,D_swap_f3
187.96,0.25,0.19731793411069598,0.3,D_swap_f3
187.98,0.25,0.24478131709729808,0.3,D_swap_f3
188.0,0.25,0.2999999999999984,0.3,D_swap_f3
188.02,0.25,0.35521868290270286,0.3,D_swap_f3
188.04,0.25,0.4026820658893032,0.3,D_swap_f3
188.06,0.25,0.4357240578699032,0.3,D_swap_f3
188.08,0.25,0.4497040092642407,0.3,D_swap_f3
188.1,0.25,0.442658477444273,0.3,D_swap_f3
188.12,0.25,0.4155769864163679,0.3,D_swap_f3
188.14000000000001,0.25,0.37226305111525787,0.3,D_swap_f3
188.16,0.25,0.31879998503464557,0.3,D_swap_f3
188.18,0.25,0.26269651692527307,0.3,D_swap_f3
188.20000000000002,0.25,0.2118322121561295,0.3,D_swap_f3
188.22,0.25,0.17335081117469878,0.3,D_swap_f3
188.24,0.25,0.1526569123906965,0.3,D_swap_f3
188.26,0.25,0.1526569123906966,0.3,D_swap_f3
188.28,0.25,0.1733508111746979,0.3,D_swap_f3
188.3,0.25,0.21183221215612813,0.3,D_swap_f3
188.32,0.25,0.2626965169252714,0.3,D_swap_f3
188.34,0.25,0.3187999850346439,0.3,D_swap_f3
188.36,0.25,0.37226305111525826,0.3,D_swap_f3
188.38,0.25,0.4155769864163682,0.3,D_swap_f3
188.4,0.25,0.44265847744427317,0.3,D_swap_f3
188.42000000000002,0.25,0.44970400926424076,0.3,D_swap_f3
188.44,0.25,0.435724057869903,0.3,D_swap_f3
188.46,0.25,0.40268206588930444,0.3,D_swap_f3
188.48,0.25,0.3552186829027005,0.3,D_swap_f3
188.5,0.25,0.30000000000000004,0.3,D_swap_f3
188.52,0.25,0.24564871532901938,0.3,D_swap_f3
188.54,0.25,0.2009232818621977,0.3,D_swap_f3
188.56,0.25,0.17267002178802063,0.3,D_swap_f3
188.58,0.25,0.16459145155746202,0.3,D_swap_f3
188.6,0.25,0.17667398403157386,0.3,D_swap_f3
188.62,0.25,0.20537573488949,0.3,D_swap_f3
188.64000000000001,0.25,0.24450823490512463,0.3,D_swap_f3
188.66,0.25,0.2865976853279341,0.3,D_swap_f3
188.68,0.25,0.3244154466470975,0.3,D_swap_f3
188.70000000000002,0.25,0.35234439191708483,0.3,D_swap_f3
188.72,0.25,0.3673007785948044,0.3,D_swap_f3
188.74,0.25,0.369045669294631,0.3,D_swap_f3
188.76,0.25,0.3598668730789763,0.3,D_swap_f3
188.78,0.25,0.34375621857724115,0.3,D_swap_f3
188.8,0.25,0.3253138847984244,0.3,D_swap_f3
188.82,0.25,0.3086576386486214,0.3,D_swap_f3
188.84,0.25,0.296591788216677,0.3,D_swap_f3
188.86,0.25,0.2902072230347575,0.3,D_swap_f3
188.88,0.25,0.28896337987655807,0.3,D_swap_f3
188.9,0.25,0.2911770496525151,0.3,D_swap_f3
188.92000000000002,0.25,0.2947436291964236,0.3,D_swap_f3
188.94,0.25,0.29786798957146643,0.3,D_swap_f3
188.96,0.25,0.2995951606204082,0.3,D_swap_f3
188.98,0.25,0.3,0.3,D_swap_f3
189.0,0.25,0.3,0.3,D_swap_f3:tail
189.02,0.25,0.3,0.3,D_swap_f3:tail
189.04,0.25,0.3,0.3,D_swap_f3:tail
189.06,0.25,0.3,0.3,D_swap_f3:tail
189.08,0.25,0.3,0.3,D_swap_f3:tail
189.1,0.25,0.3,0.3,D_swap_f3:tail
189.12,0.25,0.3,0.3,D_swap_f3:tail
189.14000000000001,0.25,0.3,0.3,D_swap_f3:tail
189.16,0.25,0.3,0.3,D_swap_f3:tail
189.18,0.25,0.3,0.3,D_swap_f3:tail
189.20000000000002,0.25,0.3,0.3,D_swap_f3:tail
189.22,0.25,0.3,0.3,D_swap_f3:tail
189.24,0.25,0.3,0.3,D_swap_f3:tail
189.26,0.25,0.3,0.3,D_swap_f3:tail
189.28,0.25,0.3,0.3,D_swap_f3:tail
189.3,0.25,0.3,0.3,D_swap_f3:tail
189.32,0.25,0.3,0.3,D_swap_f3:tail
189.34,0.25,0.3,0.3,D_swap_f3:tail
189.36,0.25,0.3,0.3,D_swap_f3:tail
189.38,0.25,0.3,0.3,D_swap_f3:tail
189.4,0.25,0.3,0.3,D_swap_f3:tail
189.42000000000002,0.25,0.3,0.3,D_swap_f3:tail
189.44,0.25,0.3,0.3,D_swap_f3:tail
189.46,0.25,0.3,0.3,D_swap_f3:tail
189.48,0.25,0.3,0.3,D_swap_f3:tail
189.5,0.2425,0.29,0.3,rest:down
189.52,0.235,0.27999999999999997,0.3,rest:down
189.54,0.2275,0.27,0.3,rest:down
189.56,0.22,0.26,0.3,rest:down
189.58,0.2125,0.25,0.3,rest:down
189.6,0.20500000000000002,0.24,0.3,rest:down
189.62,0.1975,0.22999999999999998,0.3,rest:down
189.64000000000001,0.19,0.22,0.3,rest:down
189.66,0.1825,0.21000000000000002,0.3,rest:down
189.68,0.175,0.2,0.3,rest:down
189.70000000000002,0.1675,0.19,0.3,rest:down
189.72,0.16,0.18,0.3,rest:down
189.74,0.1525,0.17,0.3,rest:down
189.76,0.14500000000000002,0.16,0.3,rest:down
189.78,0.1375,0.15000000000000002,0.3,rest:down
189.8,0.13,0.14,0.3,rest:down
189.82,0.1225,0.13,0.3,rest:down
189.84,0.11499999999999999,0.12000000000000002,0.3,rest:down
189.86,0.10750000000000001,0.11000000000000001,0.3,rest:down
189.88,0.1,0.1,0.3,rest:down
189.9,0.1,0.1,0.3,rest
189.92000000000002,0.1,0.1,0.3,rest
189.94,0.1,0.1,0.3,rest
189.96,0.1,0.1,0.3,rest
189.98,0.1,0.1,0.3,rest
190.0,0.1,0.1,0.3,rest
190.02,0.1,0.1,0.3,rest
190.04,0.1,0.1,0.3,rest
190.06,0.1,0.1,0.3,rest
190.08,0.1,0.1,0.3,rest
190.1,0.1,0.1,0.3,rest
190.12,0.1,0.1,0.3,rest
190.14000000000001,0.1,0.1,0.3,rest
190.16,0.1,0.1,0.3,rest
190.18,0.1,0.1,0.3,rest
190.20000000000002,0.1,0.1,0.3,rest
190.22,0.1,0.1,0.3,rest
190.24,0.1,0.1,0.3,rest
190.26,0.1,0.1,0.3,rest
190.28,0.1,0.1,0.3,rest
190.3,0.1,0.1,0.3,rest
190.32,0.1,0.1,0.3,rest
190.34,0.1,0.1,0.3,rest
190.36,0.1,0.1,0.3,rest
190.38,0.1,0.1,0.3,rest
190.4,0.1,0.1,0.3,rest
190.42000000000002,0.1,0.1,0.3,rest
190.44,0.1,0.1,0.3,rest
190.46,0.1,0.1,0.3,rest
190.48,0.1,0.1,0.3,rest
190.5,0.1,0.1,0.3,rest
190.52,0.1,0.1,0.3,rest
190.54,0.1,0.1,0.3,rest
190.56,0.1,0.1,0.3,rest
190.58,0.1,0.1,0.3,rest
190.6,0.1,0.1,0.3,rest
190.62,0.1,0.1,0.3,rest
190.64000000000001,0.1,0.1,0.3,rest
190.66,0.1,0.1,0.3,rest
190.68,0.1,0.1,0.3,rest
190.70000000000002,0.1,0.1,0.3,rest
190.72,0.1,0.1,0.3,rest
190.74,0.1,0.1,0.3,rest
190.76,0.1,0.1,0.3,rest
190.78,0.1,0.1,0.3,rest
190.8,0.1,0.1,0.3,rest
190.82,0.1,0.1,0.3,rest
190.84,0.1,0.1,0.3,rest
190.86,0.1,0.1,0.3,rest
190.88,0.1,0.1,0.3,rest
190.9,0.1,0.1,0.3,rest
190.92000000000002,0.1,0.1,0.3,rest
190.94,0.1,0.1,0.3,rest
190.96,0.1,0.1,0.3,rest
190.98,0.1,0.1,0.3,rest
191.0,0.1,0.1,0.3,rest
191.02,0.1,0.1,0.3,rest
191.04,0.1,0.1,0.3,rest
191.06,0.1,0.1,0.3,rest
191.08,0.1,0.1,0.3,rest
191.1,0.1,0.1,0.3,rest
191.12,0.1,0.1,0.3,rest
191.14000000000001,0.1,0.1,0.3,rest
191.16,0.1,0.1,0.3,rest
191.18,0.1,0.1,0.3,rest
191.20000000000002,0.1,0.1,0.3,rest
191.22,0.1,0.1,0.3,rest
191.24,0.1,0.1,0.3,rest
191.26,0.1,0.1,0.3,rest
191.28,0.1,0.1,0.3,rest
191.3,0.1,0.1,0.3,rest
191.32,0.1,0.1,0.3,rest
191.34,0.1,0.1,0.3,rest
191.36,0.1,0.1,0.3,rest
191.38,0.1,0.1,0.3,rest
191.4,0.1,0.1,0.3,rest
191.42000000000002,0.1,0.1,0.3,rest
191.44,0.1,0.1,0.3,rest
191.46,0.1,0.1,0.3,rest
191.48000000000002,0.1,0.1,0.3,rest
191.5,0.1,0.1,0.3,rest
191.52,0.1,0.1,0.3,rest
191.54,0.1,0.1,0.3,rest
191.56,0.1,0.1,0.3,rest
191.58,0.1,0.1,0.3,rest
191.6,0.1,0.1,0.3,rest
191.62,0.1,0.1,0.3,rest
191.64000000000001,0.1,0.1,0.3,rest
191.66,0.1,0.1,0.3,rest
191.68,0.1,0.1,0.3,rest
191.70000000000002,0.1,0.1,0.3,rest
191.72,0.1,0.1,0.3,rest
191.74,0.1,0.1,0.3,rest
191.76,0.1,0.1,0.3,rest
191.78,0.1,0.1,0.3,rest
191.8,0.1,0.1,0.3,rest
191.82,0.1,0.1,0.3,rest
191.84,0.1,0.1,0.3,rest
191.86,0.1,0.1,0.3,rest
191.88,0.1,0.1,0.3,rest
191.9,0.1,0.1,0.3,rest
191.92000000000002,0.1,0.1,0.3,rest
191.94,0.1,0.1,0.3,rest
191.96,0.1,0.1,0.3,rest
191.98000000000002,0.1,0.1,0.3,rest
192.0,0.1,0.1,0.3,rest
192.02,0.1,0.1,0.3,rest
192.04,0.1,0.1,0.3,rest
192.06,0.1,0.1,0.3,rest
192.08,0.1,0.1,0.3,rest
192.1,0.1,0.1,0.3,rest
192.12,0.1,0.1,0.3,rest
192.14000000000001,0.1,0.1,0.3,rest
192.16,0.1,0.1,0.3,rest
192.18,0.1,0.1,0.3,rest
192.20000000000002,0.1,0.1,0.3,rest
192.22,0.1,0.1,0.3,rest
192.24,0.1,0.1,0.3,rest
192.26,0.1,0.1,0.3,rest
192.28,0.1,0.1,0.3,rest
192.3,0.1,0.1,0.3,rest
192.32,0.1,0.1,0.3,rest
192.34,0.1,0.1,0.3,rest
192.36,0.1,0.1,0.3,rest
192.38,0.1,0.1,0.3,rest
192.4,0.1,0.1,0.3,rest
192.42000000000002,0.1,0.1,0.3,rest
192.44,0.1,0.1,0.3,rest
192.46,0.1,0.1,0.3,rest
192.48000000000002,0.1,0.1,0.3,rest
192.5,0.1,0.1,0.3,rest
192.52,0.1,0.1,0.3,rest
192.54,0.1,0.1,0.3,rest
192.56,0.1,0.1,0.3,rest
192.58,0.1,0.1,0.3,rest
192.6,0.1,0.1,0.3,rest
192.62,0.1,0.1,0.3,rest
192.64000000000001,0.1,0.1,0.3,rest
192.66,0.1,0.1,0.3,rest
192.68,0.1,0.1,0.3,rest
192.70000000000002,0.1,0.1,0.3,rest
192.72,0.1,0.1,0.3,rest
192.74,0.1,0.1,0.3,rest
192.76,0.1,0.1,0.3,rest
192.78,0.1,0.1,0.3,rest
192.8,0.1,0.1,0.3,rest
192.82,0.1,0.1,0.3,rest
192.84,0.1,0.1,0.3,rest
192.86,0.1,0.1,0.3,rest
192.88,0.1,0.1,0.3,rest
192.9,0.1,0.1,0.3,rest
192.92000000000002,0.1,0.1,0.3,rest
192.94,0.1,0.1,0.3,rest
192.96,0.1,0.1,0.3,rest
192.98000000000002,0.1,0.1,0.3,rest
193.0,0.1,0.1,0.3,rest
193.02,0.1,0.1,0.3,rest
193.04,0.1,0.1,0.3,rest
193.06,0.1,0.1,0.3,rest
193.08,0.1,0.1,0.3,rest
193.1,0.1,0.1,0.3,rest
193.12,0.1,0.1,0.3,rest
193.14000000000001,0.1,0.1,0.3,rest
193.16,0.1,0.1,0.3,rest
193.18,0.1,0.1,0.3,rest
193.20000000000002,0.1,0.1,0.3,rest
193.22,0.1,0.1,0.3,rest
193.24,0.1,0.1,0.3,rest
193.26,0.1,0.1,0.3,rest
193.28,0.1,0.1,0.3,rest
193.3,0.1,0.1,0.3,rest
193.32,0.1,0.1,0.3,rest
193.34,0.1,0.1,0.3,rest
193.36,0.1,0.1,0.3,rest
193.38,0.1,0.1,0.3,rest
193.4,0.1,0.1,0.3,rest
193.42000000000002,0.1,0.1,0.3,rest
193.44,0.1,0.1,0.3,rest
193.46,0.1,0.1,0.3,rest
193.48000000000002,0.1,0.1,0.3,rest
193.5,0.1,0.1,0.3,rest
193.52,0.1,0.1,0.3,rest
193.54,0.1,0.1,0.3,rest
193.56,0.1,0.1,0.3,rest
193.58,0.1,0.1,0.3,rest
193.6,0.1,0.1,0.3,rest
193.62,0.1,0.1,0.3,rest
193.64000000000001,0.1,0.1,0.3,rest
193.66,0.1,0.1,0.3,rest
193.68,0.1,0.1,0.3,rest
193.70000000000002,0.1,0.1,0.3,rest
193.72,0.1,0.1,0.3,rest
193.74,0.1,0.1,0.3,rest
193.76,0.1,0.1,0.3,rest
193.78,0.1,0.1,0.3,rest
193.8,0.1,0.1,0.3,rest
193.82,0.1,0.1,0.3,rest
193.84,0.1,0.1,0.3,rest
193.86,0.1,0.1,0.3,rest
193.88,0.1,0.1,0.3,rest
193.9,0.1,0.1,0.3,rest
193.92000000000002,0.1,0.1,0.3,rest
193.94,0.1,0.1,0.3,rest
193.96,0.1,0.1,0.3,rest
193.98000000000002,0.1,0.1,0.3,rest
194.0,0.1,0.1,0.3,rest
194.02,0.1,0.1,0.3,rest
194.04,0.1,0.1,0.3,rest
194.06,0.1,0.1,0.3,rest
194.08,0.1,0.1,0.3,rest
194.1,0.1,0.1,0.3,rest
194.12,0.1,0.1,0.3,rest
194.14000000000001,0.1,0.1,0.3,rest
194.16,0.1,0.1,0.3,rest
194.18,0.1,0.1,0.3,rest
194.20000000000002,0.1,0.1,0.3,rest
194.22,0.1,0.1,0.3,rest
194.24,0.1,0.1,0.3,rest
194.26,0.1,0.1,0.3,rest
194.28,0.1,0.1,0.3,rest
194.3,0.1,0.1,0.3,rest
194.32,0.1,0.1,0.3,rest
194.34,0.1,0.1,0.3,rest
194.36,0.1,0.1,0.3,rest
194.38,0.1,0.1,0.3,rest
194.4,0.1,0.1,0.3,rest
194.42000000000002,0.1,0.1,0.3,rest
194.44,0.1,0.1,0.3,rest
194.46,0.1,0.1,0.3,rest
194.48000000000002,0.1,0.1,0.3,rest
194.5,0.1,0.1,0.3,rest
194.52,0.1,0.1,0.3,rest
194.54,0.1,0.1,0.3,rest
194.56,0.1,0.1,0.3,rest
194.58,0.1,0.1,0.3,rest
194.6,0.1,0.1,0.3,rest
194.62,0.1,0.1,0.3,rest
194.64000000000001,0.1,0.1,0.3,rest
194.66,0.1,0.1,0.3,rest
194.68,0.1,0.1,0.3,rest
194.70000000000002,0.1,0.1,0.3,rest
194.72,0.1,0.1,0.3,rest
194.74,0.1,0.1,0.3,rest
194.76,0.1,0.1,0.3,rest
194.78,0.1,0.1,0.3,rest
194.8,0.1,0.1,0.3,rest
194.82,0.1,0.1,0.3,rest
194.84,0.1,0.1,0.3,rest
194.86,0.1,0.1,0.3,rest
194.88,0.1,0.1,0.3,rest
194.9,0.1,0.1,0.3,A_f1:settle
194.92000000000002,0.10408163265306122,0.10306122448979592,0.3,A_f1:settle
194.94,0.10816326530612246,0.10612244897959185,0.3,A_f1:settle
194.96,0.11224489795918367,0.10918367346938776,0.3,A_f1:settle
194.98000000000002,0.1163265306122449,0.11224489795918367,0.3,A_f1:settle
195.0,0.12040816326530612,0.1153061224489796,0.3,A_f1:settle
195.02,0.12448979591836735,0.11836734693877551,0.3,A_f1:settle
195.04,0.12857142857142856,0.12142857142857143,0.3,A_f1:settle
195.06,0.1326530612244898,0.12448979591836735,0.3,A_f1:settle
195.08,0.13673469387755102,0.12755102040816327,0.3,A_f1:settle
195.1,0.14081632653061224,0.1306122448979592,0.3,A_f1:settle
195.12,0.14489795918367346,0.1336734693877551,0.3,A_f1:settle
195.14000000000001,0.1489795918367347,0.13673469387755102,0.3,A_f1:settle
195.16,0.15306122448979592,0.13979591836734695,0.3,A_f1:settle
195.18,0.15714285714285714,0.14285714285714285,0.3,A_f1:settle
195.20000000000002,0.16122448979591836,0.14591836734693878,0.3,A_f1:settle
195.22,0.16530612244897958,0.1489795918367347,0.3,A_f1:settle
195.24,0.16938775510204082,0.1520408163265306,0.3,A_f1:settle
195.26,0.17346938775510204,0.15510204081632653,0.3,A_f1:settle
195.28,0.17755102040816326,0.15816326530612246,0.3,A_f1:settle
195.3,0.18163265306122447,0.16122448979591836,0.3,A_f1:settle
195.32,0.18571428571428572,0.16428571428571428,0.3,A_f1:settle
195.34,0.18979591836734694,0.1673469387755102,0.3,A_f1:settle
195.36,0.19387755102040816,0.1704081632653061,0.3,A_f1:settle
195.38,0.19795918367346937,0.17346938775510204,0.3,A_f1:settle
195.4,0.2020408163265306,0.17653061224489797,0.3,A_f1:settle
195.42000000000002,0.2061224489795918,0.17959183673469387,0.3,A_f1:settle
195.44,0.21020408163265303,0.1826530612244898,0.3,A_f1:settle
195.46,0.21428571428571427,0.18571428571428572,0.3,A_f1:settle
195.48000000000002,0.21836734693877552,0.18877551020408162,0.3,A_f1:settle
195.5,0.2224489795918367,0.19183673469387752,0.3,A_f1:settle
195.52,0.22653061224489793,0.19489795918367347,0.3,A_f1:settle
195.54,0.23061224489795917,0.19795918367346937,0.3,A_f1:settle
195.56,0.2346938775510204,0.2010204081632653,0.3,A_f1:settle
195.58,0.23877551020408164,0.20408163265306123,0.3,A_f1:settle
195.6,0.24285714285714283,0.20714285714285713,0.3,A_f1:settle
195.62,0.24693877551020407,0.21020408163265306,0.3,A_f1:settle
195.64000000000001,0.2510204081632653,0.21326530612244898,0.3,A_f1:settle
195.66,0.2551020408163265,0.21632653061224488,0.3,A_f1:settle
195.68,0.25918367346938775,0.21938775510204078,0.3,A_f1:settle
195.70000000000002,0.2632653061224489,0.22244897959183674,0.3,A_f1:settle
195.72,0.2673469387755102,0.22551020408163264,0.3,A_f1:settle
195.74,0.2714285714285714,0.22857142857142856,0.3,A_f1:settle
195.76,0.2755102040816326,0.2316326530612245,0.3,A_f1:settle
195.78,0.27959183673469384,0.2346938775510204,0.3,A_f1:settle
195.8,0.28367346938775506,0.23775510204081632,0.3,A_f1:settle
195.82,0.28775510204081634,0.24081632653061225,0.3,A_f1:settle
195.84,0.2918367346938775,0.24387755102040815,0.3,A_f1:settle
195.86,0.29591836734693877,0.24693877551020407,0.3,A_f1:settle
195.88,0.3,0.25,0.3,A_f1:settle
195.9,0.3,0.25,0.3,A_f1
195.92000000000002,0.30007412174864073,0.25,0.3,A_f1
195.94,0.30058597875854975,0.25,0.3,A_f1
195.96,0.301938824979025,0.25,0.3,A_f1
195.98000000000002,0.3044692283513031,0.25,0.3,A_f1
196.0,0.3084192745608672,0.25,0.3,A_f1
196.02,0.31391503062859144,0.25,0.3,A_f1
196.04,0.32095272130585834,0.25,0.3,A_f1
196.06,0.3293935799451754,0.25,0.3,A_f1
196.08,0.33896778233085934,0.25,0.3,A_f1
196.1,0.34928729176116874,0.25,0.3,A_f1
196.12,0.3598668730789762,0.25,0.3,A_f1
196.14000000000001,0.37015200837345896,0.25,0.3,A_f1
196.16,0.3795520008907818,0.25,0.3,A_f1
196.18,0.38747621453032705,0.25,0.3,A_f1
196.20000000000002,0.39337118568310425,0.25,0.3,A_f1
196.22,0.3967562755390435,0.25,0.3,A_f1
196.24,0.39725560888012684,0.25,0.3,A_f1
196.26,0.39462426511051,0.25,0.3,A_f1
196.28,0.3887670352607118,0.25,0.3,A_f1
196.3,0.37974851328300374,0.25,0.3,A_f1
196.32,0.3677938227639542,0.25,0.3,A_f1
196.34,0.35327985792367667,0.25,0.3,A_f1
196.36,0.3367175043161784,0.25,0.3,A_f1
196.38,0.3187258632860049,0.25,0.3,A_f1
196.4,0.3,0.25,0.3,A_f1
196.42000000000002,0.28120001496535435,0.25,0.3,A_f1
196.44,0.26269651692527174,0.25,0.3,A_f1
196.46,0.24478131709729825,0.25,0.3,A_f1
196.48000000000002,0.22773694888474275,0.25,0.3,A_f1
196.5,0.21183221215612902,0.25,0.3,A_f1
196.52,0.1973179341106967,0.25,0.3,A_f1
196.54,0.18442301358363158,0.25,0.3,A_f1
196.56,0.1733508111746977,0.25,0.3,A_f1
196.58,0.16427594213009702,0.25,0.3,A_f1
196.6,0.15734152255572698,0.25,0.3,A_f1
196.62,0.15265691239069668,0.25,0.3,A_f1
196.64000000000001,0.15029599073575925,0.25,0.3,A_f1
196.66,0.15029599073575925,0.25,0.3,A_f1
196.68,0.15265691239069668,0.25,0.3,A_f1
196.70000000000002,0.15734152255572695,0.25,0.3,A_f1
196.72,0.16427594213009705,0.25,0.3,A_f1
196.74,0.17335081117469767,0.25,0.3,A_f1
196.76,0.18442301358363156,0.25,0.3,A_f1
196.78,0.19731793411069665,0.25,0.3,A_f1
196.8,0.211832212156129,0.25,0.3,A_f1
196.82,0.2277369488847427,0.25,0.3,A_f1
196.84,0.2447813170972983,0.25,0.3,A_f1
196.86,0.2626965169252717,0.25,0.3,A_f1
196.88,0.2812000149653543,0.25,0.3,A_f1
196.9,0.29999999999999993,0.25,0.3,A_f1
196.92000000000002,0.3187999850346456,0.25,0.3,A_f1
196.94,0.33730348307472824,0.25,0.3,A_f1
196.96,0.3552186829027017,0.25,0.3,A_f1
196.98000000000002,0.3722630511152573,0.25,0.3,A_f1
197.0,0.388167787843871,0.25,0.3,A_f1
197.02,0.4026820658893034,0.25,0.3,A_f1
197.04,0.41557698641636837,0.25,0.3,A_f1
197.06,0.42664918882530223,0.25,0.3,A_f1
197.08,0.43572405786990287,0.25,0.3,A_f1
197.1,0.442658477444273,0.25,0.3,A_f1
197.12,0.4473430876093033,0.25,0.3,A_f1
197.14000000000001,0.4497040092642407,0.25,0.3,A_f1
197.16,0.4497040092642407,0.25,0.3,A_f1
197.18,0.4473430876093033,0.25,0.3,A_f1
197.20000000000002,0.442658477444273,0.25,0.3,A_f1
197.22,0.43572405786990287,0.25,0.3,A_f1
197.24,0.42664918882530223,0.25,0.3,A_f1
197.26,0.41557698641636825,0.25,0.3,A_f1
197.28,0.4026820658893032,0.25,0.3,A_f1
197.3,0.38816778784387096,0.25,0.3,A_f1
197.32,0.3722630511152574,0.25,0.3,A_f1
197.34,0.3552186829027017,0.25,0.3,A_f1
197.36,0.3373034830747283,0.25,0.3,A_f1
197.38,0.31879998503464557,0.25,0.3,A_f1
197.4,0.30000000000000004,0.25,0.3,A_f1
197.42000000000002,0.2812000149653545,0.25,0.3,A_f1
197.44,0.2626965169252718,0.25,0.3,A_f1
197.46,0.2447813170972984,0.25,0.3,A_f1
197.48000000000002,0.22773694888474266,0.25,0.3,A_f1
197.5,0.21183221215612907,0.25,0.3,A_f1
197.52,0.19731793411069662,0.25,0.3,A_f1
197.54,0.1844230135836316,0.25,0.3,A_f1
197.56,0.17335081117469764,0.25,0.3,A_f1
197.58,0.16427594213009716,0.25,0.3,A_f1
197.6,0.15734152255572698,0.25,0.3,A_f1
197.62,0.15265691239069673,0.25,0.3,A_f1
197.64000000000001,0.15029599073575925,0.25,0.3,A_f1
197.66,0.15029599073575925,0.25,0.3,A_f1
197.68,0.1526569123906967,0.25,0.3,A_f1
197.70000000000002,0.15734152255572692,0.25,0.3,A_f1
197.72,0.1642759421300971,0.25,0.3,A_f1
197.74,0.17335081117469772,0.25,0.3,A_f1
197.76,0.18442301358363172,0.25,0.3,A_f1
197.78,0.1973179341106967,0.25,0.3,A_f1
197.8,0.21183221215612896,0.25,0.3,A_f1
197.82,0.22773694888474255,0.25,0.3,A_f1
197.84,0.24478131709729828,0.25,0.3,A_f1
197.86,0.26269651692527163,0.25,0.3,A_f1
197.88,0.2812000149653544,0.25,0.3,A_f1
197.9,0.29999999999999993,0.25,0.3,A_f1
197.92000000000002,0.31879998503464546,0.25,0.3,A_f1
197.94,0.3373034830747282,0.25,0.3,A_f1
197.96,0.35521868290270153,0.25,0.3,A_f1
197.98000000000002,0.3722630511152573,0.25,0.3,A_f1
198.0,0.3881677878438709,0.25,0.3,A_f1
198.02,0.40268206588930333,0.25,0.3,A_f1
198.04,0.41557698641636837,0.25,0.3,A_f1
198.06,0.42664918882530234,0.25,0.3,A_f1
198.08,0.4357240578699029,0.25,0.3,A_f1
198.1,0.4426584774442731,0.25,0.3,A_f1
198.12,0.4473430876093033,0.25,0.3,A_f1
198.14000000000001,0.4497040092642407,0.25,0.3,A_f1
198.16,0.4497040092642407,0.25,0.3,A_f1
198.18,0.4473430876093033,0.25,0.3,A_f1
198.20000000000002,0.442658477444273,0.25,0.3,A_f1
198.22,0.435724057869903,0.25,0.3,A_f1
198.24,0.42664918882530245,0.25,0.3,A_f1
198.26,0.4155769864163684,0.25,0.3,A_f1
198.28,0.40268206588930344,0.25,0.3,A_f1
198.3,0.388167787843871,0.25,0.3,A_f1
198.32,0.3722630511152575,0.25,0.3,A_f1
198.34,0.3552186829027017,0.25,0.3,A_f1
198.36,0.33730348307472835,0.25,0.3,A_f1
198.38,0.3187999850346456,0.25,0.3,A_f1
198.4,0.3000000000000001,0.25,0.3,A_f1
198.42000000000002,0.28120001496535457,0.25,0.3,A_f1
198.44,0.2626965169252718,0.25,0.3,A_f1
198.46,0.2447813170972982,0.25,0.3,A_f1
198.48000000000002,0.2277369488847427,0.25,0.3,A_f1
198.5,0.2118322121561291,0.25,0.3,A_f1
198.52,0.19731793411069687,0.25,0.3,A_f1
198.54,0.18442301358363147,0.25,0.3,A_f1
198.56,0.17335081117469767,0.25,0.3,A_f1
198.58,0.16427594213009705,0.25,0.3,A_f1
198.6,0.15734152255572698,0.25,0.3,A_f1
198.62,0.15265691239069665,0.25,0.3,A_f1
198.64000000000001,0.15029599073575925,0.25,0.3,A_f1
198.66,0.15029599073575925,0.25,0.3,A_f1
198.68,0.15265691239069668,0.25,0.3,A_f1
198.70000000000002,0.15734152255572692,0.25,0.3,A_f1
198.72,0.16427594213009697,0.25,0.3,A_f1
198.74,0.17335081117469756,0.25,0.3,A_f1
198.76,0.18442301358363133,0.25,0.3,A_f1
198.78,0.1973179341106967,0.25,0.3,A_f1
198.8,0.21183221215612894,0.25,0.3,A_f1
198.82,0.2277369488847425,0.25,0.3,A_f1
198.84,0.244781317097298,0.25,0.3,A_f1
198.86,0.26269651692527185,0.25,0.3,A_f1
198.88,0.28120001496535435,0.25,0.3,A_f1
198.9,0.2999999999999999,0.25,0.3,A_f1
198.92000000000002,0.3187999850346454,0.25,0.3,A_f1
198.94,0.3373034830747279,0.25,0.3,A_f1
198.96,0.35521868290270175,0.25,0.3,A_f1
198.98000000000002,0.37226305111525726,0.25,0.3,A_f1
199.0,0.38816778784387085,0.25,0.3,A_f1
199.02,0.4026820658893031,0.25,0.3,A_f1
199.04,0.41557698641636853,0.25,0.3,A_f1
199.06,0.4266491888253023,0.25,0.3,A_f1
199.08,0.43572405786990287,0.25,0.3,A_f1
199.1,0.442658477444273,0.25,0.3,A_f1
199.12,0.4473430876093033,0.25,0.3,A_f1
199.14000000000001,0.4497040092642407,0.25,0.3,A_f1
199.16,0.4497040092642407,0.25,0.3,A_f1
199.18,0.4473430876093033,0.25,0.3,A_f1
199.20000000000002,0.44265847744427306,0.25,0.3,A_f1
199.22,0.43572405786990276,0.25,0.3,A_f1
199.24,0.42664918882530245,0.25,0.3,A_f1
199.26,0.41557698641636864,0.25,0.3,A_f1
199.28,0.4026820658893033,0.25,0.3,A_f1
199.3,0.38816778784387107,0.25,0.3,A_f1
199.32,0.3722630511152575,0.25,0.3,A_f1
199.34,0.355218682902702,0.25,0.3,A_f1
199.36,0.3373034830747281,0.25,0.3,A_f1
199.38,0.3187999850346456,0.25,0.3,A_f1
199.4,0.3000000000000001,0.25,0.3,A_f1
199.42000000000002,0.28120001496535457,0.25,0.3,A_f1
199.44,0.2626965169252721,0.25,0.3,A_f1
199.46,0.24478131709729822,0.25,0.3,A_f1
199.48000000000002,0.22773694888474272,0.25,0.3,A_f1
199.5,0.21183221215612913,0.25,0.3,A_f1
199.52,0.19731793411069687,0.25,0.3,A_f1
199.54,0.1844230135836315,0.25,0.3,A_f1
199.56,0.1733508111746977,0.25,0.3,A_f1
199.58,0.16427594213009708,0.25,0.3,A_f1
199.6,0.157341522555727,0.25,0.3,A_f1
199.62,0.15265691239069665,0.25,0.3,A_f1
199.64000000000001,0.15029599073575925,0.25,0.3,A_f1
199.66,0.15029599073575925,0.25,0.3,A_f1
199.68,0.15265691239069668,0.25,0.3,A_f1
199.70000000000002,0.15734152255572692,0.25,0.3,A_f1
199.72,0.1642759421300972,0.25,0.3,A_f1
199.74,0.17335081117469756,0.25,0.3,A_f1
199.76,0.1844230135836313,0.25,0.3,A_f1
199.78,0.19731793411069665,0.25,0.3,A_f1
199.8,0.2118322121561289,0.25,0.3,A_f1
199.82,0.2277369488847425,0.25,0.3,A_f1
199.84,0.24478131709729795,0.25,0.3,A_f1
199.86,0.26269651692527185,0.25,0.3,A_f1
199.88,0.2812000149653543,0.25,0.3,A_f1
199.9,0.2999999999999998,0.25,0.3,A_f1
199.92000000000002,0.3187999850346459,0.25,0.3,A_f1
199.94,0.33730348307472785,0.25,0.3,A_f1
199.96,0.35521868290270175,0.25,0.3,A_f1
199.98000000000002,0.37226305111525726,0.25,0.3,A_f1
200.0,0.3881677878438704,0.25,0.3,A_f1
200.02,0.4026820658893031,0.25,0.3,A_f1
200.04,0.41557698641636814,0.25,0.3,A_f1
200.06,0.4266491888253023,0.25,0.3,A_f1
200.08,0.43572405786990265,0.25,0.3,A_f1
200.1,0.442658477444273,0.25,0.3,A_f1
200.12,0.44734308760930325,0.25,0.3,A_f1
200.14000000000001,0.4497040092642407,0.25,0.3,A_f1
200.16,0.44970400926424076,0.25,0.3,A_f1
200.18,0.4473430876093033,0.25,0.3,A_f1
200.20000000000002,0.44265847744427306,0.25,0.3,A_f1
200.22,0.4357240578699028,0.25,0.3,A_f1
200.24,0.42664918882530245,0.25,0.3,A_f1
200.26,0.4155769864163683,0.25,0.3,A_f1
200.28,0.40268206588930333,0.25,0.3,A_f1
200.3,0.3881677878438706,0.25,0.3,A_f1
200.32,0.3722630511152575,0.25,0.3,A_f1
200.34,0.35521868290270153,0.25,0.3,A_f1
200.36,0.3373034830747281,0.25,0.3,A_f1
200.38,0.31879998503464513,0.25,0.3,A_f1
200.4,0.30000000000000016,0.25,0.3,A_f1
200.42000000000002,0.2812000149653541,0.25,0.3,A_f1
200.44,0.2626965169252721,0.25,0.3,A_f1
200.46,0.24478131709729825,0.25,0.3,A_f1
200.48000000000002,0.22773694888474275,0.25,0.3,A_f1
200.5,0.21183221215612874,0.25,0.3,A_f1
200.52,0.1973179341106969,0.25,0.3,A_f1
200.54,0.18442301358363186,0.25,0.3,A_f1
200.56,0.17335081117469772,0.25,0.3,A_f1
200.58,0.16427594213009733,0.25,0.3,A_f1
200.6,0.157341522555727,0.25,0.3,A_f1
200.62,0.15265691239069676,0.25,0.3,A_f1
200.64000000000001,0.15029599073575925,0.25,0.3,A_f1
200.66,0.15029599073575922,0.25,0.3,A_f1
200.68,0.15265691239069668,0.25,0.3,A_f1
200.70000000000002,0.1573415225557269,0.25,0.3,A_f1
200.72,0.16427594213009716,0.25,0.3,A_f1
200.74,0.17335081117469753,0.25,0.3,A_f1
200.76,0.1844230135836316,0.25,0.3,A_f1
200.78,0.19731793411069665,0.25,0.3,A_f1
200.8,0.2118322121561293,0.25,0.3,A_f1
200.82,0.22773694888474244,0.25,0.3,A_f1
200.84,0.24478131709729842,0.25,0.3,A_f1
200.86,0.2626965169252718,0.25,0.3,A_f1
200.88,0.2812000149653548,0.25,0.3,A_f1
200.9,0.2999999999999998,0.25,0.3,A_f1
200.92000000000002,0.31879998503464585,0.25,0.3,A_f1
200.94,0.3373034830747278,0.25,0.3,A_f1
200.96,0.3552186829027017,0.25,0.3,A_f1
200.98000000000002,0.3722630511152572,0.25,0.3,A_f1
201.0,0.38816778784387124,0.25,0.3,A_f1
201.02,0.40268206588930344,0.25,0.3,A_f1
201.04,0.41557698641636776,0.25,0.3,A_f1
201.06,0.42664918882530223,0.25,0.3,A_f1
201.08,0.43572405786990287,0.25,0.3,A_f1
201.1,0.442658477444273,0.25,0.3,A_f1
201.12,0.4473430876093032,0.25,0.3,A_f1
201.14000000000001,0.4497040092642407,0.25,0.3,A_f1
201.16,0.44970400926424076,0.25,0.3,A_f1
201.18,0.4473430876093032,0.25,0.3,A_f1
201.20000000000002,0.4426584774442732,0.25,0.3,A_f1
201.22,0.4357240578699028,0.25,0.3,A_f1
201.24,0.4266491888253022,0.25,0.3,A_f1
201.26,0.41557698641636837,0.25,0.3,A_f1
201.28,0.40268206588930333,0.25,0.3,A_f1
201.3,0.3881677878438711,0.25,0.3,A_f1
201.32,0.37226305111525754,0.25,0.3,A_f1
201.34,0.3552186829027011,0.25,0.3,A_f1
201.36,0.3373034830747287,0.25,0.3,A_f1
201.38,0.3187999850346452,0.25,0.3,A_f1
201.4,0.3000000000000007,0.25,0.3,A_f1
201.42000000000002,0.28149533301566293,0.25,0.3,A_f1
201.44,0.26400630776032946,0.25,0.3,A_f1
201.46,0.24819640820321845,0.25,0.3,A_f1
201.48000000000002,0.23463745623355708,0.25,0.3,A_f1
201.5,0.22378033043440027,0.25,0.3,A_f1
201.52,0.21593296099794973,0.25,0.3,A_f1
201.54,0.21124688368940914,0.25,0.3,A_f1
201.56,0.2097131046396849,0.25,0.3,A_f1
201.58,0.21116745085138433,0.25,0.3,A_f1
201.6,0.2153049947577105,0.25,0.3,A_f1
201.62,0.22170258168532778,0.25,0.3,A_f1
201.64000000000001,0.22984799162654104,0.25,0.3,A_f1
201.66,0.2391738623952231,0.25,0.3,A_f1
201.68,0.24909421523282405,0.25,0.3,A_f1
201.70000000000002,0.2590412740088507,0.25,0.3,A_f1
201.72,0.26850026453003545,0.25,0.3,A_f1
201.74,0.2770400212070785,0.25,0.3,A_f1
201.76,0.28433750536653746,0.25,0.3,A_f1
201.78,0.29019473521633554,0.25,0.3,A_f1
201.8,0.29454711680420165,0.25,0.3,A_f1
201.82,0.29746271730512486,0.25,0.3,A_f1
201.84,0.2991326017682783,0.25,0.3,A_f1
201.86,0.29985292544697273,0.25,0.3,A_f1
201.88,0.3,0.25,0.3,A_f1
201.9,0.3,0.25,0.3,A_f1:tail
201.92000000000002,0.3,0.25,0.3,A_f1:tail
201.94,0.3,0.25,0.3,A_f1:tail
201.96,0.3,0.25,0.3,A_f1:tail
201.98000000000002,0.3,0.25,0.3,A_f1:tail
202.0,0.3,0.25,0.3,A_f1:tail
202.02,0.3,0.25,0.3,A_f1:tail
202.04,0.3,0.25,0.3,A_f1:tail
202.06,0.3,0.25,0.3,A_f1:tail
202.08,0.3,0.25,0.3,A_f1:tail
202.1,0.3,0.25,0.3,A_f1:tail
202.12,0.3,0.25,0.3,A_f1:tail
202.14000000000001,0.3,0.25,0.3,A_f1:tail
202.16,0.3,0.25,0.3,A_f1:tail
202.18,0.3,0.25,0.3,A_f1:tail
202.20000000000002,0.3,0.25,0.3,A_f1:tail
202.22,0.3,0.25,0.3,A_f1:tail
202.24,0.3,0.25,0.3,A_f1:tail
202.26,0.3,0.25,0.3,A_f1:tail
202.28,0.3,0.25,0.3,A_f1:tail
202.3,0.3,0.25,0.3,A_f1:tail
202.32,0.3,0.25,0.3,A_f1:tail
202.34,0.3,0.25,0.3,A_f1:tail
202.36,0.3,0.25,0.3,A_f1:tail
202.38,0.3,0.25,0.3,A_f1:tail
202.4,0.29,0.2425,0.3,rest:down
202.42000000000002,0.27999999999999997,0.235,0.3,rest:down
202.44,0.27,0.2275,0.3,rest:down
202.46,0.26,0.22,0.3,rest:down
202.48000000000002,0.25,0.2125,0.3,rest:down
202.5,0.24,0.20500000000000002,0.3,rest:down
202.52,0.22999999999999998,0.1975,0.3,rest:down
202.54,0.22,0.19,0.3,rest:down
202.56,0.21000000000000002,0.1825,0.3,rest:down
202.58,0.2,0.175,0.3,rest:down
202.6,0.19,0.1675,0.3,rest:down
202.62,0.18,0.16,0.3,rest:down
202.64000000000001,0.17,0.1525,0.3,rest:down
202.66,0.16,0.14500000000000002,0.3,rest:down
202.68,0.15000000000000002,0.1375,0.3,rest:down
202.70000000000002,0.14,0.13,0.3,rest:down
202.72,0.13,0.1225,0.3,rest:down
202.74,0.12000000000000002,0.11499999999999999,0.3,rest:down
202.76,0.11000000000000001,0.10750000000000001,0.3,rest:down
202.78,0.1,0.1,0.3,rest:down
202.8,0.1,0.1,0.3,rest
202.82,0.1,0.1,0.3,rest
202.84,0.1,0.1,0.3,rest
202.86,0.1,0.1,0.3,rest
202.88,0.1,0.1,0.3,rest
202.9,0.1,0.1,0.3,rest
202.92000000000002,0.1,0.1,0.3,rest
202.94,0.1,0.1,0.3,rest
202.96,0.1,0.1,0.3,rest
202.98000000000002,0.1,0.1,0.3,rest
203.0,0.1,0.1,0.3,rest
203.02,0.1,0.1,0.3,rest
203.04,0.1,0.1,0.3,rest
203.06,0.1,0.1,0.3,rest
203.08,0.1,0.1,0.3,rest
203.1,0.1,0.1,0.3,rest
203.12,0.1,0.1,0.3,rest
203.14000000000001,0.1,0.1,0.3,rest
203.16,0.1,0.1,0.3,rest
203.18,0.1,0.1,0.3,rest
203.20000000000002,0.1,0.1,0.3,rest
203.22,0.1,0.1,0.3,rest
203.24,0.1,0.1,0.3,rest
203.26,0.1,0.1,0.3,rest
203.28,0.1,0.1,0.3,rest
203.3,0.1,0.1,0.3,rest
203.32,0.1,0.1,0.3,rest
203.34,0.1,0.1,0.3,rest
203.36,0.1,0.1,0.3,rest
203.38,0.1,0.1,0.3,rest
203.4,0.1,0.1,0.3,rest
203.42000000000002,0.1,0.1,0.3,rest
203.44,0.1,0.1,0.3,rest
203.46,0.1,0.1,0.3,rest
203.48000000000002,0.1,0.1,0.3,rest
203.5,0.1,0.1,0.3,rest
203.52,0.1,0.1,0.3,rest
203.54,0.1,0.1,0.3,rest
203.56,0.1,0.1,0.3,rest
203.58,0.1,0.1,0.3,rest
203.6,0.1,0.1,0.3,rest
203.62,0.1,0.1,0.3,rest
203.64000000000001,0.1,0.1,0.3,rest
203.66,0.1,0.1,0.3,rest
203.68,0.1,0.1,0.3,rest
203.70000000000002,0.1,0.1,0.3,rest
203.72,0.1,0.1,0.3,rest
203.74,0.1,0.1,0.3,rest
203.76,0.1,0.1,0.3,rest
203.78,0.1,0.1,0.3,rest
203.8,0.1,0.1,0.3,rest
203.82,0.1,0.1,0.3,rest
203.84,0.1,0.1,0.3,rest
203.86,0.1,0.1,0.3,rest
203.88,0.1,0.1,0.3,rest
203.9,0.1,0.1,0.3,rest
203.92000000000002,0.1,0.1,0.3,rest
203.94,0.1,0.1,0.3,rest
203.96,0.1,0.1,0.3,rest
203.98000000000002,0.1,0.1,0.3,rest
204.0,0.1,0.1,0.3,rest
204.02,0.1,0.1,0.3,rest
204.04,0.1,0.1,0.3,rest
204.06,0.1,0.1,0.3,rest
204.08,0.1,0.1,0.3,rest
204.1,0.1,0.1,0.3,rest
204.12,0.1,0.1,0.3,rest
204.14000000000001,0.1,0.1,0.3,rest
204.16,0.1,0.1,0.3,rest
204.18,0.1,0.1,0.3,rest
204.20000000000002,0.1,0.1,0.3,rest
204.22,0.1,0.1,0.3,rest
204.24,0.1,0.1,0.3,rest
204.26,0.1,0.1,0.3,rest
204.28,0.1,0.1,0.3,rest
204.3,0.1,0.1,0.3,rest
204.32,0.1,0.1,0.3,rest
204.34,0.1,0.1,0.3,rest
204.36,0.1,0.1,0.3,rest
204.38,0.1,0.1,0.3,rest
204.4,0.1,0.1,0.3,rest
204.42000000000002,0.1,0.1,0.3,rest
204.44,0.1,0.1,0.3,rest
204.46,0.1,0.1,0.3,rest
204.48000000000002,0.1,0.1,0.3,rest
204.5,0.1,0.1,0.3,rest
204.52,0.1,0.1,0.3,rest
204.54,0.1,0.1,0.3,rest
204.56,0.1,0.1,0.3,rest
204.58,0.1,0.1,0.3,rest
204.6,0.1,0.1,0.3,rest
204.62,0.1,0.1,0.3,rest
204.64000000000001,0.1,0.1,0.3,rest
204.66,0.1,0.1,0.3,rest
204.68,0.1,0.1,0.3,rest
204.70000000000002,0.1,0.1,0.3,rest
204.72,0.1,0.1,0.3,rest
204.74,0.1,0.1,0.3,rest
204.76,0.1,0.1,0.3,rest
204.78,0.1,0.1,0.3,rest
204.8,0.1,0.1,0.3,rest
204.82,0.1,0.1,0.3,rest
204.84,0.1,0.1,0.3,rest
204.86,0.1,0.1,0.3,rest
204.88,0.1,0.1,0.3,rest
204.9,0.1,0.1,0.3,rest
204.92000000000002,0.1,0.1,0.3,rest
204.94,0.1,0.1,0.3,rest
204.96,0.1,0.1,0.3,rest
204.98000000000002,0.1,0.1,0.3,rest
205.0,0.1,0.1,0.3,rest
205.02,0.1,0.1,0.3,rest
205.04,0.1,0.1,0.3,rest
205.06,0.1,0.1,0.3,rest
205.08,0.1,0.1,0.3,rest
205.1,0.1,0.1,0.3,rest
205.12,0.1,0.1,0.3,rest
205.14000000000001,0.1,0.1,0.3,rest
205.16,0.1,0.1,0.3,rest
205.18,0.1,0.1,0.3,rest
205.20000000000002,0.1,0.1,0.3,rest
205.22,0.1,0.1,0.3,rest
205.24,0.1,0.1,0.3,rest
205.26,0.1,0.1,0.3,rest
205.28,0.1,0.1,0.3,rest
205.3,0.1,0.1,0.3,rest
205.32,0.1,0.1,0.3,rest
205.34,0.1,0.1,0.3,rest
205.36,0.1,0.1,0.3,rest
205.38,0.1,0.1,0.3,rest
205.4,0.1,0.1,0.3,rest
205.42000000000002,0.1,0.1,0.3,rest
205.44,0.1,0.1,0.3,rest
205.46,0.1,0.1,0.3,rest
205.48000000000002,0.1,0.1,0.3,rest
205.5,0.1,0.1,0.3,rest
205.52,0.1,0.1,0.3,rest
205.54,0.1,0.1,0.3,rest
205.56,0.1,0.1,0.3,rest
205.58,0.1,0.1,0.3,rest
205.6,0.1,0.1,0.3,rest
205.62,0.1,0.1,0.3,rest
205.64000000000001,0.1,0.1,0.3,rest
205.66,0.1,0.1,0.3,rest
205.68,0.1,0.1,0.3,rest
205.70000000000002,0.1,0.1,0.3,rest
205.72,0.1,0.1,0.3,rest
205.74,0.1,0.1,0.3,rest
205.76,0.1,0.1,0.3,rest
205.78,0.1,0.1,0.3,rest
205.8,0.1,0.1,0.3,rest
205.82,0.1,0.1,0.3,rest
205.84,0.1,0.1,0.3,rest
205.86,0.1,0.1,0.3,rest
205.88,0.1,0.1,0.3,rest
205.9,0.1,0.1,0.3,rest
205.92000000000002,0.1,0.1,0.3,rest
205.94,0.1,0.1,0.3,rest
205.96,0.1,0.1,0.3,rest
205.98000000000002,0.1,0.1,0.3,rest
206.0,0.1,0.1,0.3,rest
206.02,0.1,0.1,0.3,rest
206.04,0.1,0.1,0.3,rest
206.06,0.1,0.1,0.3,rest
206.08,0.1,0.1,0.3,rest
206.1,0.1,0.1,0.3,rest
206.12,0.1,0.1,0.3,rest
206.14000000000001,0.1,0.1,0.3,rest
206.16,0.1,0.1,0.3,rest
206.18,0.1,0.1,0.3,rest
206.20000000000002,0.1,0.1,0.3,rest
206.22,0.1,0.1,0.3,rest
206.24,0.1,0.1,0.3,rest
206.26,0.1,0.1,0.3,rest
206.28,0.1,0.1,0.3,rest
206.3,0.1,0.1,0.3,rest
206.32,0.1,0.1,0.3,rest
206.34,0.1,0.1,0.3,rest
206.36,0.1,0.1,0.3,rest
206.38,0.1,0.1,0.3,rest
206.4,0.1,0.1,0.3,rest
206.42000000000002,0.1,0.1,0.3,rest
206.44,0.1,0.1,0.3,rest
206.46,0.1,0.1,0.3,rest
206.48000000000002,0.1,0.1,0.3,rest
206.5,0.1,0.1,0.3,rest
206.52,0.1,0.1,0.3,rest
206.54,0.1,0.1,0.3,rest
206.56,0.1,0.1,0.3,rest
206.58,0.1,0.1,0.3,rest
206.6,0.1,0.1,0.3,rest
206.62,0.1,0.1,0.3,rest
206.64000000000001,0.1,0.1,0.3,rest
206.66,0.1,0.1,0.3,rest
206.68,0.1,0.1,0.3,rest
206.70000000000002,0.1,0.1,0.3,rest
206.72,0.1,0.1,0.3,rest
206.74,0.1,0.1,0.3,rest
206.76,0.1,0.1,0.3,rest
206.78,0.1,0.1,0.3,rest
206.8,0.1,0.1,0.3,rest
206.82,0.1,0.1,0.3,rest
206.84,0.1,0.1,0.3,rest
206.86,0.1,0.1,0.3,rest
206.88,0.1,0.1,0.3,rest
206.9,0.1,0.1,0.3,rest
206.92000000000002,0.1,0.1,0.3,rest
206.94,0.1,0.1,0.3,rest
206.96,0.1,0.1,0.3,rest
206.98000000000002,0.1,0.1,0.3,rest
207.0,0.1,0.1,0.3,rest
207.02,0.1,0.1,0.3,rest
207.04,0.1,0.1,0.3,rest
207.06,0.1,0.1,0.3,rest
207.08,0.1,0.1,0.3,rest
207.1,0.1,0.1,0.3,rest
207.12,0.1,0.1,0.3,rest
207.14000000000001,0.1,0.1,0.3,rest
207.16,0.1,0.1,0.3,rest
207.18,0.1,0.1,0.3,rest
207.20000000000002,0.1,0.1,0.3,rest
207.22,0.1,0.1,0.3,rest
207.24,0.1,0.1,0.3,rest
207.26,0.1,0.1,0.3,rest
207.28,0.1,0.1,0.3,rest
207.3,0.1,0.1,0.3,rest
207.32,0.1,0.1,0.3,rest
207.34,0.1,0.1,0.3,rest
207.36,0.1,0.1,0.3,rest
207.38,0.1,0.1,0.3,rest
207.4,0.1,0.1,0.3,rest
207.42000000000002,0.1,0.1,0.3,rest
207.44,0.1,0.1,0.3,rest
207.46,0.1,0.1,0.3,rest
207.48000000000002,0.1,0.1,0.3,rest
207.5,0.1,0.1,0.3,rest
207.52,0.1,0.1,0.3,rest
207.54,0.1,0.1,0.3,rest
207.56,0.1,0.1,0.3,rest
207.58,0.1,0.1,0.3,rest
207.6,0.1,0.1,0.3,rest
207.62,0.1,0.1,0.3,rest
207.64000000000001,0.1,0.1,0.3,rest
207.66,0.1,0.1,0.3,rest
207.68,0.1,0.1,0.3,rest
207.70000000000002,0.1,0.1,0.3,rest
207.72,0.1,0.1,0.3,rest
207.74,0.1,0.1,0.3,rest
207.76,0.1,0.1,0.3,rest
207.78,0.1,0.1,0.3,rest
207.8,0.1,0.1,0.3,rest
207.82,0.1,0.1,0.3,rest
207.84,0.1,0.1,0.3,rest
207.86,0.1,0.1,0.3,rest
207.88,0.1,0.1,0.3,rest
207.9,0.1,0.1,0.3,rest
207.92000000000002,0.1,0.1,0.3,rest
207.94,0.1,0.1,0.3,rest
207.96,0.1,0.1,0.3,rest
207.98000000000002,0.1,0.1,0.3,rest
208.0,0.1,0.1,0.3,rest
208.02,0.1,0.1,0.3,rest
208.04,0.1,0.1,0.3,rest
208.06,0.1,0.1,0.3,rest
208.08,0.1,0.1,0.3,rest
208.1,0.1,0.1,0.3,rest
208.12,0.1,0.1,0.3,rest
208.14000000000001,0.1,0.1,0.3,rest
208.16,0.1,0.1,0.3,rest
208.18,0.1,0.1,0.3,rest
208.20000000000002,0.1,0.1,0.3,rest
208.22,0.1,0.1,0.3,rest
208.24,0.1,0.1,0.3,rest
208.26,0.1,0.1,0.3,rest
208.28,0.1,0.1,0.3,rest
208.3,0.1,0.1,0.3,rest
208.32,0.1,0.1,0.3,rest
208.34,0.1,0.1,0.3,rest
208.36,0.1,0.1,0.3,rest
208.38,0.1,0.1,0.3,rest
208.4,0.1,0.1,0.3,rest
208.42000000000002,0.1,0.1,0.3,rest
208.44,0.1,0.1,0.3,rest
208.46,0.1,0.1,0.3,rest
208.48000000000002,0.1,0.1,0.3,rest
208.5,0.1,0.1,0.3,rest
208.52,0.1,0.1,0.3,rest
208.54,0.1,0.1,0.3,rest
208.56,0.1,0.1,0.3,rest
208.58,0.1,0.1,0.3,rest
208.6,0.1,0.1,0.3,rest
208.62,0.1,0.1,0.3,rest
208.64000000000001,0.1,0.1,0.3,rest
208.66,0.1,0.1,0.3,rest
208.68,0.1,0.1,0.3,rest
208.70000000000002,0.1,0.1,0.3,rest
208.72,0.1,0.1,0.3,rest
208.74,0.1,0.1,0.3,rest
208.76,0.1,0.1,0.3,rest
208.78,0.1,0.1,0.3,rest
208.8,0.1,0.1,0.3,rest
208.82,0.1,0.1,0.3,rest
208.84,0.1,0.1,0.3,rest
208.86,0.1,0.1,0.3,rest
208.88,0.1,0.1,0.3,rest
208.9,0.1,0.1,0.3,rest
208.92000000000002,0.1,0.1,0.3,rest
208.94,0.1,0.1,0.3,rest
208.96,0.1,0.1,0.3,rest
208.98000000000002,0.1,0.1,0.3,rest
209.0,0.1,0.1,0.3,rest
209.02,0.1,0.1,0.3,rest
209.04,0.1,0.1,0.3,rest
209.06,0.1,0.1,0.3,rest
209.08,0.1,0.1,0.3,rest
209.1,0.1,0.1,0.3,rest
209.12,0.1,0.1,0.3,rest
209.14000000000001,0.1,0.1,0.3,rest
209.16,0.1,0.1,0.3,rest
209.18,0.1,0.1,0.3,rest
209.20000000000002,0.1,0.1,0.3,rest
209.22,0.1,0.1,0.3,rest
209.24,0.1,0.1,0.3,rest
209.26,0.1,0.1,0.3,rest
209.28,0.1,0.1,0.3,rest
209.3,0.1,0.1,0.3,rest
209.32,0.1,0.1,0.3,rest
209.34,0.1,0.1,0.3,rest
209.36,0.1,0.1,0.3,rest
209.38,0.1,0.1,0.3,rest
209.4,0.1,0.1,0.3,rest
209.42000000000002,0.1,0.1,0.3,rest
209.44,0.1,0.1,0.3,rest
209.46,0.1,0.1,0.3,rest
209.48000000000002,0.1,0.1,0.3,rest
209.5,0.1,0.1,0.3,rest
209.52,0.1,0.1,0.3,rest
209.54,0.1,0.1,0.3,rest
209.56,0.1,0.1,0.3,rest
209.58,0.1,0.1,0.3,rest
209.6,0.1,0.1,0.3,rest
209.62,0.1,0.1,0.3,rest
209.64000000000001,0.1,0.1,0.3,rest
209.66,0.1,0.1,0.3,rest
209.68,0.1,0.1,0.3,rest
209.70000000000002,0.1,0.1,0.3,rest
209.72,0.1,0.1,0.3,rest
209.74,0.1,0.1,0.3,rest
209.76,0.1,0.1,0.3,rest
209.78,0.1,0.1,0.3,rest
209.8,0.1,0.1,0.3,rest
209.82,0.1,0.1,0.3,rest
209.84,0.1,0.1,0.3,rest
209.86,0.1,0.1,0.3,rest
209.88,0.1,0.1,0.3,rest
209.9,0.1,0.1,0.3,rest
209.92000000000002,0.1,0.1,0.3,rest
209.94,0.1,0.1,0.3,rest
209.96,0.1,0.1,0.3,rest
209.98000000000002,0.1,0.1,0.3,rest
210.0,0.1,0.1,0.3,rest
210.02,0.1,0.1,0.3,rest
210.04,0.1,0.1,0.3,rest
210.06,0.1,0.1,0.3,rest
210.08,0.1,0.1,0.3,rest
210.1,0.1,0.1,0.3,rest
210.12,0.1,0.1,0.3,rest
210.14000000000001,0.1,0.1,0.3,rest
210.16,0.1,0.1,0.3,rest
210.18,0.1,0.1,0.3,rest
210.20000000000002,0.1,0.1,0.3,rest
210.22,0.1,0.1,0.3,rest
210.24,0.1,0.1,0.3,rest
210.26,0.1,0.1,0.3,rest
210.28,0.1,0.1,0.3,rest
210.3,0.1,0.1,0.3,rest
210.32,0.1,0.1,0.3,rest
210.34,0.1,0.1,0.3,rest
210.36,0.1,0.1,0.3,rest
210.38,0.1,0.1,0.3,rest
210.4,0.1,0.1,0.3,rest
210.42000000000002,0.1,0.1,0.3,rest
210.44,0.1,0.1,0.3,rest
210.46,0.1,0.1,0.3,rest
210.48000000000002,0.1,0.1,0.3,rest
210.5,0.1,0.1,0.3,rest
210.52,0.1,0.1,0.3,rest
210.54,0.1,0.1,0.3,rest
210.56,0.1,0.1,0.3,rest
210.58,0.1,0.1,0.3,rest
210.6,0.1,0.1,0.3,rest
210.62,0.1,0.1,0.3,rest
210.64000000000001,0.1,0.1,0.3,rest
210.66,0.1,0.1,0.3,rest
210.68,0.1,0.1,0.3,rest
210.70000000000002,0.1,0.1,0.3,rest
210.72,0.1,0.1,0.3,rest
210.74,0.1,0.1,0.3,rest
210.76,0.1,0.1,0.3,rest
210.78,0.1,0.1,0.3,rest
210.8,0.1,0.1,0.3,rest
210.82,0.1,0.1,0.3,rest
210.84,0.1,0.1,0.3,rest
210.86,0.1,0.1,0.3,rest
210.88,0.1,0.1,0.3,rest
210.9,0.1,0.1,0.3,rest
210.92000000000002,0.1,0.1,0.3,rest
210.94,0.1,0.1,0.3,rest
210.96,0.1,0.1,0.3,rest
210.98000000000002,0.1,0.1,0.3,rest
211.0,0.1,0.1,0.3,rest
211.02,0.1,0.1,0.3,rest
211.04,0.1,0.1,0.3,rest
211.06,0.1,0.1,0.3,rest
211.08,0.1,0.1,0.3,rest
211.1,0.1,0.1,0.3,rest
211.12,0.1,0.1,0.3,rest
211.14000000000001,0.1,0.1,0.3,rest
211.16,0.1,0.1,0.3,rest
211.18,0.1,0.1,0.3,rest
211.20000000000002,0.1,0.1,0.3,rest
211.22,0.1,0.1,0.3,rest
211.24,0.1,0.1,0.3,rest
211.26,0.1,0.1,0.3,rest
211.28,0.1,0.1,0.3,rest
211.3,0.1,0.1,0.3,rest
211.32,0.1,0.1,0.3,rest
211.34,0.1,0.1,0.3,rest
211.36,0.1,0.1,0.3,rest
211.38,0.1,0.1,0.3,rest
211.4,0.1,0.1,0.3,rest
211.42000000000002,0.1,0.1,0.3,rest
211.44,0.1,0.1,0.3,rest
211.46,0.1,0.1,0.3,rest
211.48000000000002,0.1,0.1,0.3,rest
211.5,0.1,0.1,0.3,rest
211.52,0.1,0.1,0.3,rest
211.54,0.1,0.1,0.3,rest
211.56,0.1,0.1,0.3,rest
211.58,0.1,0.1,0.3,rest
211.6,0.1,0.1,0.3,rest
211.62,0.1,0.1,0.3,rest
211.64000000000001,0.1,0.1,0.3,rest
211.66,0.1,0.1,0.3,rest
211.68,0.1,0.1,0.3,rest
211.70000000000002,0.1,0.1,0.3,rest
211.72,0.1,0.1,0.3,rest
211.74,0.1,0.1,0.3,rest
211.76,0.1,0.1,0.3,rest
211.78,0.1,0.1,0.3,rest
211.8,0.1,0.1,0.3,rest
211.82,0.1,0.1,0.3,rest
211.84,0.1,0.1,0.3,rest
211.86,0.1,0.1,0.3,rest
211.88,0.1,0.1,0.3,rest
211.9,0.1,0.1,0.3,rest
211.92000000000002,0.1,0.1,0.3,rest
211.94,0.1,0.1,0.3,rest
211.96,0.1,0.1,0.3,rest
211.98000000000002,0.1,0.1,0.3,rest
212.0,0.1,0.1,0.3,rest
212.02,0.1,0.1,0.3,rest
212.04,0.1,0.1,0.3,rest
212.06,0.1,0.1,0.3,rest
212.08,0.1,0.1,0.3,rest
212.1,0.1,0.1,0.3,rest
212.12,0.1,0.1,0.3,rest
212.14000000000001,0.1,0.1,0.3,rest
212.16,0.1,0.1,0.3,rest
212.18,0.1,0.1,0.3,rest
212.20000000000002,0.1,0.1,0.3,rest
212.22,0.1,0.1,0.3,rest
212.24,0.1,0.1,0.3,rest
212.26,0.1,0.1,0.3,rest
212.28,0.1,0.1,0.3,rest
212.3,0.1,0.1,0.3,rest
212.32,0.1,0.1,0.3,rest
212.34,0.1,0.1,0.3,rest
212.36,0.1,0.1,0.3,rest
212.38,0.1,0.1,0.3,rest
212.4,0.1,0.1,0.3,rest
212.42000000000002,0.1,0.1,0.3,rest
212.44,0.1,0.1,0.3,rest
212.46,0.1,0.1,0.3,rest
212.48000000000002,0.1,0.1,0.3,rest
212.5,0.1,0.1,0.3,rest
212.52,0.1,0.1,0.3,rest
212.54,0.1,0.1,0.3,rest
212.56,0.1,0.1,0.3,rest
212.58,0.1,0.1,0.3,rest
212.6,0.1,0.1,0.3,rest
212.62,0.1,0.1,0.3,rest
212.64000000000001,0.1,0.1,0.3,rest
212.66,0.1,0.1,0.3,rest
212.68,0.1,0.1,0.3,rest
212.70000000000002,0.1,0.1,0.3,rest
212.72,0.1,0.1,0.3,rest
212.74,0.1,0.1,0.3,rest
212.76,0.1,0.1,0.3,rest
212.78,0.1,0.1,0.3,rest
212.8,0.1,0.1,0.3,A_f2:settle
212.82,0.10408163265306122,0.10306122448979592,0.3,A_f2:settle
212.84,0.10816326530612246,0.10612244897959185,0.3,A_f2:settle
212.86,0.11224489795918367,0.10918367346938776,0.3,A_f2:settle
212.88,0.1163265306122449,0.11224489795918367,0.3,A_f2:settle
212.9,0.12040816326530612,0.1153061224489796,0.3,A_f2:settle
212.92000000000002,0.12448979591836735,0.11836734693877551,0.3,A_f2:settle
212.94,0.12857142857142856,0.12142857142857143,0.3,A_f2:settle
212.96,0.1326530612244898,0.12448979591836735,0.3,A_f2:settle
212.98000000000002,0.13673469387755102,0.12755102040816327,0.3,A_f2:settle
213.0,0.14081632653061224,0.1306122448979592,0.3,A_f2:settle
213.02,0.14489795918367346,0.1336734693877551,0.3,A_f2:settle
213.04,0.1489795918367347,0.13673469387755102,0.3,A_f2:settle
213.06,0.15306122448979592,0.13979591836734695,0.3,A_f2:settle
213.08,0.15714285714285714,0.14285714285714285,0.3,A_f2:settle
213.1,0.16122448979591836,0.14591836734693878,0.3,A_f2:settle
213.12,0.16530612244897958,0.1489795918367347,0.3,A_f2:settle
213.14000000000001,0.16938775510204082,0.1520408163265306,0.3,A_f2:settle
213.16,0.17346938775510204,0.15510204081632653,0.3,A_f2:settle
213.18,0.17755102040816326,0.15816326530612246,0.3,A_f2:settle
213.20000000000002,0.18163265306122447,0.16122448979591836,0.3,A_f2:settle
213.22,0.18571428571428572,0.16428571428571428,0.3,A_f2:settle
213.24,0.18979591836734694,0.1673469387755102,0.3,A_f2:settle
213.26,0.19387755102040816,0.1704081632653061,0.3,A_f2:settle
213.28,0.19795918367346937,0.17346938775510204,0.3,A_f2:settle
213.3,0.2020408163265306,0.17653061224489797,0.3,A_f2:settle
213.32,0.2061224489795918,0.17959183673469387,0.3,A_f2:settle
213.34,0.21020408163265303,0.1826530612244898,0.3,A_f2:settle
213.36,0.21428571428571427,0.18571428571428572,0.3,A_f2:settle
213.38,0.21836734693877552,0.18877551020408162,0.3,A_f2:settle
213.4,0.2224489795918367,0.19183673469387752,0.3,A_f2:settle
213.42000000000002,0.22653061224489793,0.19489795918367347,0.3,A_f2:settle
213.44,0.23061224489795917,0.19795918367346937,0.3,A_f2:settle
213.46,0.2346938775510204,0.2010204081632653,0.3,A_f2:settle
213.48000000000002,0.23877551020408164,0.20408163265306123,0.3,A_f2:settle
213.5,0.24285714285714283,0.20714285714285713,0.3,A_f2:settle
213.52,0.24693877551020407,0.21020408163265306,0.3,A_f2:settle
213.54,0.2510204081632653,0.21326530612244898,0.3,A_f2:settle
213.56,0.2551020408163265,0.21632653061224488,0.3,A_f2:settle
213.58,0.25918367346938775,0.21938775510204078,0.3,A_f2:settle
213.6,0.2632653061224489,0.22244897959183674,0.3,A_f2:settle
213.62,0.2673469387755102,0.22551020408163264,0.3,A_f2:settle
213.64000000000001,0.2714285714285714,0.22857142857142856,0.3,A_f2:settle
213.66,0.2755102040816326,0.2316326530612245,0.3,A_f2:settle
213.68,0.27959183673469384,0.2346938775510204,0.3,A_f2:settle
213.70000000000002,0.28367346938775506,0.23775510204081632,0.3,A_f2:settle
213.72,0.28775510204081634,0.24081632653061225,0.3,A_f2:settle
213.74,0.2918367346938775,0.24387755102040815,0.3,A_f2:settle
213.76,0.29591836734693877,0.24693877551020407,0.3,A_f2:settle
213.78,0.3,0.25,0.3,A_f2:settle
213.8,0.3,0.25,0.3,A_f2
213.82,0.30014707455302725,0.25,0.3,A_f2
213.84,0.30113513831662075,0.25,0.3,A_f2
213.86,0.3036053477515005,0.25,0.3,A_f2
213.88,0.3078328293177766,0.25,0.3,A_f2
213.9,0.3136226724001005,0.25,0.3,A_f2
213.92000000000002,0.32028724155570243,0.25,0.3,A_f2
213.94,0.3267115344217452,0.25,0.3,A_f2
213.96,0.3314997354699645,0.25,0.3,A_f2
213.98000000000002,0.3331833495093905,0.25,0.3,A_f2
214.0,0.330461221521835,0.25,0.3,A_f2
214.02,0.3224358667553506,0.25,0.3,A_f2
214.04,0.30880976210358846,0.25,0.3,A_f2
214.06,0.2900097770689428,0.25,0.3,A_f2
214.08,0.26721718385264887,0.25,0.3,A_f2
214.1,0.24229343367796402,0.25,0.3,A_f2
214.12,0.21760636309302211,0.25,0.3,A_f2
214.14000000000001,0.1957756776000615,0.25,0.3,A_f2
214.16,0.1793684468124419,0.25,0.3,A_f2
214.18,0.17058323229146174,0.25,0.3,A_f2
214.20000000000002,0.17096419495582746,0.25,0.3,A_f2
214.22,0.18118364049247432,0.25,0.3,A_f2
214.24,0.20092328186219716,0.25,0.3,A_f2
214.26,0.22887208720136348,0.25,0.3,A_f2
214.28,0.26284359147829894,0.25,0.3,A_f2
214.3,0.29999999999999993,0.25,0.3,A_f2
214.32,0.33730348307472824,0.25,0.3,A_f2
214.34,0.3722630511152573,0.25,0.3,A_f2
214.36,0.4026820658893034,0.25,0.3,A_f2
214.38,0.42664918882530223,0.25,0.3,A_f2
214.4,0.442658477444273,0.25,0.3,A_f2
214.42000000000002,0.4497040092642407,0.25,0.3,A_f2
214.44,0.4473430876093033,0.25,0.3,A_f2
214.46,0.43572405786990287,0.25,0.3,A_f2
214.48000000000002,0.41557698641636825,0.25,0.3,A_f2
214.5,0.38816778784387096,0.25,0.3,A_f2
214.52,0.3552186829027017,0.25,0.3,A_f2
214.54,0.31879998503464557,0.25,0.3,A_f2
214.56,0.2812000149653545,0.25,0.3,A_f2
214.58,0.2447813170972984,0.25,0.3,A_f2
214.6,0.21183221215612907,0.25,0.3,A_f2
214.62,0.1844230135836316,0.25,0.3,A_f2
214.64000000000001,0.16427594213009716,0.25,0.3,A_f2
214.66,0.15265691239069673,0.25,0.3,A_f2
214.68,0.15029599073575925,0.25,0.3,A_f2
214.70000000000002,0.15734152255572692,0.25,0.3,A_f2
214.72,0.17335081117469772,0.25,0.3,A_f2
214.74,0.1973179341106967,0.25,0.3,A_f2
214.76,0.22773694888474255,0.25,0.3,A_f2
214.78,0.26269651692527163,0.25,0.3,A_f2
214.8,0.29999999999999993,0.25,0.3,A_f2
214.82,0.3373034830747282,0.25,0.3,A_f2
214.84,0.3722630511152573,0.25,0.3,A_f2
214.86,0.40268206588930333,0.25,0.3,A_f2
214.88,0.42664918882530234,0.25,0.3,A_f2
214.9,0.4426584774442731,0.25,0.3,A_f2
214.92000000000002,0.4497040092642407,0.25,0.3,A_f2
214.94,0.4473430876093033,0.25,0.3,A_f2
214.96,0.435724057869903,0.25,0.3,A_f2
214.98000000000002,0.4155769864163684,0.25,0.3,A_f2
215.0,0.388167787843871,0.25,0.3,A_f2
215.02,0.3552186829027017,0.25,0.3,A_f2
215.04,0.3187999850346456,0.25,0.3,A_f2
215.06,0.28120001496535457,0.25,0.3,A_f2
215.08,0.2447813170972982,0.25,0.3,A_f2
215.1,0.2118322121561291,0.25,0.3,A_f2
215.12,0.18442301358363147,0.25,0.3,A_f2
215.14000000000001,0.16427594213009705,0.25,0.3,A_f2
215.16,0.15265691239069665,0.25,0.3,A_f2
215.18,0.15029599073575925,0.25,0.3,A_f2
215.20000000000002,0.15734152255572692,0.25,0.3,A_f2
215.22,0.17335081117469756,0.25,0.3,A_f2
215.24,0.1973179341106967,0.25,0.3,A_f2
215.26,0.2277369488847425,0.25,0.3,A_f2
215.28,0.26269651692527185,0.25,0.3,A_f2
215.3,0.2999999999999999,0.25,0.3,A_f2
215.32,0.3373034830747279,0.25,0.3,A_f2
215.34,0.37226305111525726,0.25,0.3,A_f2
215.36,0.4026820658893031,0.25,0.3,A_f2
215.38,0.4266491888253023,0.25,0.3,A_f2
215.4,0.442658477444273,0.25,0.3,A_f2
215.42000000000002,0.4497040092642407,0.25,0.3,A_f2
215.44,0.4473430876093033,0.25,0.3,A_f2
215.46,0.43572405786990276,0.25,0.3,A_f2
215.48000000000002,0.41557698641636864,0.25,0.3,A_f2
215.5,0.38816778784387107,0.25,0.3,A_f2
215.52,0.355218682902702,0.25,0.3,A_f2
215.54,0.3187999850346456,0.25,0.3,A_f2
215.56,0.28120001496535457,0.25,0.3,A_f2
215.58,0.24478131709729822,0.25,0.3,A_f2
215.6,0.21183221215612913,0.25,0.3,A_f2
215.62,0.1844230135836315,0.25,0.3,A_f2
215.64000000000001,0.16427594213009708,0.25,0.3,A_f2
215.66,0.15265691239069665,0.25,0.3,A_f2
215.68,0.15029599073575925,0.25,0.3,A_f2
215.70000000000002,0.15734152255572692,0.25,0.3,A_f2
215.72,0.17335081117469756,0.25,0.3,A_f2
215.74,0.19731793411069665,0.25,0.3,A_f2
215.76,0.2277369488847425,0.25,0.3,A_f2
215.78,0.26269651692527185,0.25,0.3,A_f2
215.8,0.2999999999999998,0.25,0.3,A_f2
215.82,0.33730348307472785,0.25,0.3,A_f2
215.84,0.37226305111525726,0.25,0.3,A_f2
215.86,0.4026820658893031,0.25,0.3,A_f2
215.88,0.4266491888253023,0.25,0.3,A_f2
215.9,0.442658477444273,0.25,0.3,A_f2
215.92000000000002,0.4497040092642407,0.25,0.3,A_f2
215.94,0.4473430876093033,0.25,0.3,A_f2
215.96,0.4357240578699028,0.25,0.3,A_f2
215.98000000000002,0.4155769864163683,0.25,0.3,A_f2
216.0,0.3881677878438706,0.25,0.3,A_f2
216.02,0.35521868290270153,0.25,0.3,A_f2
216.04,0.31879998503464513,0.25,0.3,A_f2
216.06,0.2812000149653541,0.25,0.3,A_f2
216.08,0.24478131709729825,0.25,0.3,A_f2
216.1,0.21183221215612874,0.25,0.3,A_f2
216.12,0.18442301358363186,0.25,0.3,A_f2
216.14000000000001,0.16427594213009733,0.25,0.3,A_f2
216.16,0.15265691239069676,0.25,0.3,A_f2
216.18,0.15029599073575922,0.25,0.3,A_f2
216.20000000000002,0.1573415225557269,0.25,0.3,A_f2
216.22,0.17335081117469753,0.25,0.3,A_f2
216.24,0.19731793411069665,0.25,0.3,A_f2
216.26,0.22773694888474244,0.25,0.3,A_f2
216.28,0.2626965169252718,0.25,0.3,A_f2
216.3,0.2999999999999998,0.25,0.3,A_f2
216.32,0.3373034830747278,0.25,0.3,A_f2
216.34,0.3722630511152572,0.25,0.3,A_f2
216.36,0.40268206588930344,0.25,0.3,A_f2
216.38,0.42664918882530223,0.25,0.3,A_f2
216.4,0.442658477444273,0.25,0.3,A_f2
216.42000000000002,0.4497040092642407,0.25,0.3,A_f2
216.44,0.4473430876093032,0.25,0.3,A_f2
216.46,0.4357240578699028,0.25,0.3,A_f2
216.48000000000002,0.41557698641636837,0.25,0.3,A_f2
216.5,0.3881677878438711,0.25,0.3,A_f2
216.52,0.3552186829027011,0.25,0.3,A_f2
216.54,0.3187999850346452,0.25,0.3,A_f2
216.56,0.28120001496535413,0.25,0.3,A_f2
216.58,0.24478131709729828,0.25,0.3,A_f2
216.6,0.21183221215612918,0.25,0.3,A_f2
216.62,0.1844230135836319,0.25,0.3,A_f2
216.64000000000001,0.16427594213009733,0.25,0.3,A_f2
216.66,0.15265691239069684,0.25,0.3,A_f2
216.68,0.15029599073575925,0.25,0.3,A_f2
216.70000000000002,0.1573415225557269,0.25,0.3,A_f2
216.72,0.1733508111746975,0.25,0.3,A_f2
216.74,0.1973179341106962,0.25,0.3,A_f2
216.76,0.22773694888474288,0.25,0.3,A_f2
216.78,0.26269651692527174,0.25,0.3,A_f2
216.8,0.29999999999999977,0.25,0.3,A_f2
216.82,0.3373034830747278,0.25,0.3,A_f2
216.84,0.3722630511152567,0.25,0.3,A_f2
216.86,0.40268206588930344,0.25,0.3,A_f2
216.88,0.42664918882530223,0.25,0.3,A_f2
216.9,0.44265847744427295,0.25,0.3,A_f2
216.92000000000002,0.4497040092642407,0.25,0.3,A_f2
216.94,0.4473430876093032,0.25,0.3,A_f2
216.96,0.43572405786990287,0.25,0.3,A_f2
216.98000000000002,0.4155769864163684,0.25,0.3,A_f2
217.0,0.3881677878438711,0.25,0.3,A_f2
217.02,0.3552186829027011,0.25,0.3,A_f2
217.04,0.31879998503464524,0.25,0.3,A_f2
217.06,0.2812000149653542,0.25,0.3,A_f2
217.08,0.24478131709729833,0.25,0.3,A_f2
217.1,0.21183221215612924,0.25,0.3,A_f2
217.12,0.18442301358363122,0.25,0.3,A_f2
217.14000000000001,0.16427594213009736,0.25,0.3,A_f2
217.16,0.15265691239069684,0.25,0.3,A_f2
217.18,0.15029599073575925,0.25,0.3,A_f2
217.20000000000002,0.1573415225557269,0.25,0.3,A_f2
217.22,0.17335081117469747,0.25,0.3,A_f2
217.24,0.1973179341106962,0.25,0.3,A_f2
217.26,0.22773694888474286,0.25,0.3,A_f2
217.28,0.26269651692527174,0.25,0.3,A_f2
217.3,0.2999999999999997,0.25,0.3,A_f2
217.32,0.33730348307472774,0.25,0.3,A_f2
217.34,0.3722630511152567,0.25,0.3,A_f2
217.36,0.4026820658893034,0.25,0.3,A_f2
217.38,0.42664918882530223,0.25,0.3,A_f2
217.4,0.4426584774442729,0.25,0.3,A_f2
217.42000000000002,0.4497040092642407,0.25,0.3,A_f2
217.44,0.4473430876093032,0.25,0.3,A_f2
217.46,0.43572405786990287,0.25,0.3,A_f2
217.48000000000002,0.4155769864163684,0.25,0.3,A_f2
217.5,0.3881677878438712,0.25,0.3,A_f2
217.52,0.35521868290270114,0.25,0.3,A_f2
217.54,0.31879998503464524,0.25,0.3,A_f2
217.56,0.2812000149653542,0.25,0.3,A_f2
217.58,0.24478131709729836,0.25,0.3,A_f2
217.6,0.21183221215612924,0.25,0.3,A_f2
217.62,0.18442301358363122,0.25,0.3,A_f2
217.64000000000001,0.16427594213009739,0.25,0.3,A_f2
217.66,0.15265691239069687,0.25,0.3,A_f2
217.68,0.15029599073575925,0.25,0.3,A_f2
217.70000000000002,0.15734152255572686,0.25,0.3,A_f2
217.72,0.17335081117469747,0.25,0.3,A_f2
217.74,0.19731793411069615,0.25,0.3,A_f2
217.76,0.22773694888474283,0.25,0.3,A_f2
217.78,0.2626965169252717,0.25,0.3,A_f2
217.8,0.2999999999999997,0.25,0.3,A_f2
217.82,0.33730348307472874,0.25,0.3,A_f2
217.84,0.37226305111525665,0.25,0.3,A_f2
217.86,0.4026820658893034,0.25,0.3,A_f2
217.88,0.42664918882530223,0.25,0.3,A_f2
217.9,0.44265847744427256,0.25,0.3,A_f2
217.92000000000002,0.4497040092642407,0.25,0.3,A_f2
217.94,0.4473430876093034,0.25,0.3,A_f2
217.96,0.43572405786990287,0.25,0.3,A_f2
217.98000000000002,0.4155769864163691,0.25,0.3,A_f2
218.0,0.3881677878438712,0.25,0.3,A_f2
218.02,0.35521868290270214,0.25,0.3,A_f2
218.04,0.3187999850346453,0.25,0.3,A_f2
218.06,0.2812000149653553,0.25,0.3,A_f2
218.08,0.2447813170972984,0.25,0.3,A_f2
218.1,0.2118322121561293,0.25,0.3,A_f2
218.12,0.18442301358363128,0.25,0.3,A_f2
218.14000000000001,0.16427594213009739,0.25,0.3,A_f2
218.16,0.15265691239069668,0.25,0.3,A_f2
218.18,0.15029599073575925,0.25,0.3,A_f2
218.20000000000002,0.15734152255572717,0.25,0.3,A_f2
218.22,0.17335081117469744,0.25,0.3,A_f2
218.24,0.19731793411069692,0.25,0.3,A_f2
218.26,0.22773694888474277,0.25,0.3,A_f2
218.28,0.2626965169252727,0.25,0.3,A_f2
218.3,0.29999999999999966,0.25,0.3,A_f2
218.32,0.3373034830747287,0.25,0.3,A_f2
218.34,0.3722630511152566,0.25,0.3,A_f2
218.36,0.40268206588930333,0.25,0.3,A_f2
218.38,0.4266491888253022,0.25,0.3,A_f2
218.4,0.4426584774442732,0.25,0.3,A_f2
218.42000000000002,0.4497040092642407,0.25,0.3,A_f2
218.44,0.4473430876093034,0.25,0.3,A_f2
218.46,0.43572405786990287,0.25,0.3,A_f2
218.48000000000002,0.41557698641636914,0.25,0.3,A_f2
218.5,0.38816778784387124,0.25,0.3,A_f2
218.52,0.3552186829027022,0.25,0.3,A_f2
218.54,0.31879998503464535,0.25,0.3,A_f2
218.56,0.28120001496535535,0.25,0.3,A_f2
218.58,0.24478131709729842,0.25,0.3,A_f2
218.6,0.2118322121561293,0.25,0.3,A_f2
218.62,0.18442301358363128,0.25,0.3,A_f2
218.64000000000001,0.16427594213009739,0.25,0.3,A_f2
218.66,0.15265691239069668,0.25,0.3,A_f2
218.68,0.15029599073575925,0.25,0.3,A_f2
218.70000000000002,0.15734152255572717,0.25,0.3,A_f2
218.72,0.17335081117469742,0.25,0.3,A_f2
218.74,0.1973179341106969,0.25,0.3,A_f2
218.76,0.22773694888474275,0.25,0.3,A_f2
218.78,0.2626965169252726,0.25,0.3,A_f2
218.8,0.2999999999999996,0.25,0.3,A_f2
218.82,0.3373034830747287,0.25,0.3,A_f2
218.84,0.3722630511152566,0.25,0.3,A_f2
218.86,0.40268206588930333,0.25,0.3,A_f2
218.88,0.4266491888253022,0.25,0.3,A_f2
218.9,0.4426584774442732,0.25,0.3,A_f2
218.92000000000002,0.44970400926424076,0.25,0.3,A_f2
218.94,0.44734308760930364,0.25,0.3,A_f2
218.96,0.43572405786990287,0.25,0.3,A_f2
218.98000000000002,0.4155769864163685,0.25,0.3,A_f2
219.0,0.38816778784387124,0.25,0.3,A_f2
219.02,0.35521868290270225,0.25,0.3,A_f2
219.04,0.3187999850346464,0.25,0.3,A_f2
219.06,0.28120001496535535,0.25,0.3,A_f2
219.08,0.24478131709729747,0.25,0.3,A_f2
219.1,0.21183221215613018,0.25,0.3,A_f2
219.12,0.1844230135836313,0.25,0.3,A_f2
219.14000000000001,0.16427594213009697,0.25,0.3,A_f2
219.16,0.15265691239069668,0.25,0.3,A_f2
219.18,0.15029599073575925,0.25,0.3,A_f2
219.20000000000002,0.15734152255572684,0.25,0.3,A_f2
219.22,0.1733508111746974,0.25,0.3,A_f2
219.24,0.19731793411069765,0.25,0.3,A_f2
219.26,0.22773694888474177,0.25,0.3,A_f2
219.28,0.2626965169252726,0.25,0.3,A_f2
219.3,0.29999999999999855,0.25,0.3,A_f2
219.32,0.33671750431617886,0.25,0.3,A_f2
219.34,0.36972576842038235,0.25,0.3,A_f2
219.36,0.39633152307440195,0.25,0.3,A_f2
219.38,0.41455526745438664,0.25,0.3,A_f2
219.4,0.42332601596842645,0.25,0.3,A_f2
219.42000000000002,0.4225644680654139,0.25,0.3,A_f2
219.44,0.41314673100265303,0.25,0.3,A_f2
219.46,0.39675627553904386,0.25,0.3,A_f2
219.48000000000002,0.3756461196888348,0.25,0.3,A_f2
219.5,0.35234439191708505,0.25,0.3,A_f2
219.52,0.3293429463449442,0.25,0.3,A_f2
219.54,0.30880976210358835,0.25,0.3,A_f2
219.56,0.2923613904376691,0.25,0.3,A_f2
219.58,0.2809224142606173,0.25,0.3,A_f2
219.6,0.2746861152015761,0.25,0.3,A_f2
219.62,0.27317612989422274,0.25,0.3,A_f2
219.64000000000001,0.27539485630120636,0.25,0.3,A_f2
219.66,0.2800327003626416,0.25,0.3,A_f2
219.68,0.2857045391782973,0.25,0.3,A_f2
219.70000000000002,0.2911770496525151,0.25,0.3,A_f2
219.72,0.2955531244506424,0.25,0.3,A_f2
219.74,0.29838702704048825,0.25,0.3,A_f2
219.76,0.29971509212901454,0.25,0.3,A_f2
219.78,0.3,0.25,0.3,A_f2
219.8,0.3,0.25,0.3,A_f2:tail
219.82,0.3,0.25,0.3,A_f2:tail
219.84,0.3,0.25,0.3,A_f2:tail
219.86,0.3,0.25,0.3,A_f2:tail
219.88,0.3,0.25,0.3,A_f2:tail
219.9,0.3,0.25,0.3,A_f2:tail
219.92000000000002,0.3,0.25,0.3,A_f2:tail
219.94,0.3,0.25,0.3,A_f2:tail
219.96,0.3,0.25,0.3,A_f2:tail
219.98000000000002,0.3,0.25,0.3,A_f2:tail
220.0,0.3,0.25,0.3,A_f2:tail
220.02,0.3,0.25,0.3,A_f2:tail
220.04,0.3,0.25,0.3,A_f2:tail
220.06,0.3,0.25,0.3,A_f2:tail
220.08,0.3,0.25,0.3,A_f2:tail
220.1,0.3,0.25,0.3,A_f2:tail
220.12,0.3,0.25,0.3,A_f2:tail
220.14000000000001,0.3,0.25,0.3,A_f2:tail
220.16,0.3,0.25,0.3,A_f2:tail
220.18,0.3,0.25,0.3,A_f2:tail
220.20000000000002,0.3,0.25,0.3,A_f2:tail
220.22,0.3,0.25,0.3,A_f2:tail
220.24,0.3,0.25,0.3,A_f2:tail
220.26,0.3,0.25,0.3,A_f2:tail
220.28,0.3,0.25,0.3,A_f2:tail
220.3,0.29,0.2425,0.3,rest:down
220.32,0.27999999999999997,0.235,0.3,rest:down
220.34,0.27,0.2275,0.3,rest:down
220.36,0.26,0.22,0.3,rest:down
220.38,0.25,0.2125,0.3,rest:down
220.4,0.24,0.20500000000000002,0.3,rest:down
220.42000000000002,0.22999999999999998,0.1975,0.3,rest:down
220.44,0.22,0.19,0.3,rest:down
220.46,0.21000000000000002,0.1825,0.3,rest:down
220.48000000000002,0.2,0.175,0.3,rest:down
220.5,0.19,0.1675,0.3,rest:down
220.52,0.18,0.16,0.3,rest:down
220.54,0.17,0.1525,0.3,rest:down
220.56,0.16,0.14500000000000002,0.3,rest:down
220.58,0.15000000000000002,0.1375,0.3,rest:down
220.6,0.14,0.13,0.3,rest:down
220.62,0.13,0.1225,0.3,rest:down
220.64000000000001,0.12000000000000002,0.11499999999999999,0.3,rest:down
220.66,0.11000000000000001,0.10750000000000001,0.3,rest:down
220.68,0.1,0.1,0.3,rest:down
220.70000000000002,0.1,0.1,0.3,rest
220.72,0.1,0.1,0.3,rest
220.74,0.1,0.1,0.3,rest
220.76,0.1,0.1,0.3,rest
220.78,0.1,0.1,0.3,rest
220.8,0.1,0.1,0.3,rest
220.82,0.1,0.1,0.3,rest
220.84,0.1,0.1,0.3,rest
220.86,0.1,0.1,0.3,rest
220.88,0.1,0.1,0.3,rest
220.9,0.1,0.1,0.3,rest
220.92000000000002,0.1,0.1,0.3,rest
220.94,0.1,0.1,0.3,rest
220.96,0.1,0.1,0.3,rest
220.98000000000002,0.1,0.1,0.3,rest
221.0,0.1,0.1,0.3,rest
221.02,0.1,0.1,0.3,rest
221.04,0.1,0.1,0.3,rest
221.06,0.1,0.1,0.3,rest
221.08,0.1,0.1,0.3,rest
221.1,0.1,0.1,0.3,rest
221.12,0.1,0.1,0.3,rest
221.14000000000001,0.1,0.1,0.3,rest
221.16,0.1,0.1,0.3,rest
221.18,0.1,0.1,0.3,rest
221.20000000000002,0.1,0.1,0.3,rest
221.22,0.1,0.1,0.3,rest
221.24,0.1,0.1,0.3,rest
221.26,0.1,0.1,0.3,rest
221.28,0.1,0.1,0.3,rest
221.3,0.1,0.1,0.3,rest
221.32,0.1,0.1,0.3,rest
221.34,0.1,0.1,0.3,rest
221.36,0.1,0.1,0.3,rest
221.38,0.1,0.1,0.3,rest
221.4,0.1,0.1,0.3,rest
221.42000000000002,0.1,0.1,0.3,rest
221.44,0.1,0.1,0.3,rest
221.46,0.1,0.1,0.3,rest
221.48000000000002,0.1,0.1,0.3,rest
221.5,0.1,0.1,0.3,rest
221.52,0.1,0.1,0.3,rest
221.54,0.1,0.1,0.3,rest
221.56,0.1,0.1,0.3,rest
221.58,0.1,0.1,0.3,rest
221.6,0.1,0.1,0.3,rest
221.62,0.1,0.1,0.3,rest
221.64000000000001,0.1,0.1,0.3,rest
221.66,0.1,0.1,0.3,rest
221.68,0.1,0.1,0.3,rest
221.70000000000002,0.1,0.1,0.3,rest
221.72,0.1,0.1,0.3,rest
221.74,0.1,0.1,0.3,rest
221.76,0.1,0.1,0.3,rest
221.78,0.1,0.1,0.3,rest
221.8,0.1,0.1,0.3,rest
221.82,0.1,0.1,0.3,rest
221.84,0.1,0.1,0.3,rest
221.86,0.1,0.1,0.3,rest
221.88,0.1,0.1,0.3,rest
221.9,0.1,0.1,0.3,rest
221.92000000000002,0.1,0.1,0.3,rest
221.94,0.1,0.1,0.3,rest
221.96,0.1,0.1,0.3,rest
221.98000000000002,0.1,0.1,0.3,rest
222.0,0.1,0.1,0.3,rest
222.02,0.1,0.1,0.3,rest
222.04,0.1,0.1,0.3,rest
222.06,0.1,0.1,0.3,rest
222.08,0.1,0.1,0.3,rest
222.1,0.1,0.1,0.3,rest
222.12,0.1,0.1,0.3,rest
222.14000000000001,0.1,0.1,0.3,rest
222.16,0.1,0.1,0.3,rest
222.18,0.1,0.1,0.3,rest
222.20000000000002,0.1,0.1,0.3,rest
222.22,0.1,0.1,0.3,rest
222.24,0.1,0.1,0.3,rest
222.26,0.1,0.1,0.3,rest
222.28,0.1,0.1,0.3,rest
222.3,0.1,0.1,0.3,rest
222.32,0.1,0.1,0.3,rest
222.34,0.1,0.1,0.3,rest
222.36,0.1,0.1,0.3,rest
222.38,0.1,0.1,0.3,rest
222.4,0.1,0.1,0.3,rest
222.42000000000002,0.1,0.1,0.3,rest
222.44,0.1,0.1,0.3,rest
222.46,0.1,0.1,0.3,rest
222.48000000000002,0.1,0.1,0.3,rest
222.5,0.1,0.1,0.3,rest
222.52,0.1,0.1,0.3,rest
222.54,0.1,0.1,0.3,rest
222.56,0.1,0.1,0.3,rest
222.58,0.1,0.1,0.3,rest
222.6,0.1,0.1,0.3,rest
222.62,0.1,0.1,0.3,rest
222.64000000000001,0.1,0.1,0.3,rest
222.66,0.1,0.1,0.3,rest
222.68,0.1,0.1,0.3,rest
222.70000000000002,0.1,0.1,0.3,rest
222.72,0.1,0.1,0.3,rest
222.74,0.1,0.1,0.3,rest
222.76,0.1,0.1,0.3,rest
222.78,0.1,0.1,0.3,rest
222.8,0.1,0.1,0.3,rest
222.82,0.1,0.1,0.3,rest
222.84,0.1,0.1,0.3,rest
222.86,0.1,0.1,0.3,rest
222.88,0.1,0.1,0.3,rest
222.9,0.1,0.1,0.3,rest
222.92000000000002,0.1,0.1,0.3,rest
222.94,0.1,0.1,0.3,rest
222.96,0.1,0.1,0.3,rest
222.98000000000002,0.1,0.1,0.3,rest
223.0,0.1,0.1,0.3,rest
223.02,0.1,0.1,0.3,rest
223.04,0.1,0.1,0.3,rest
223.06,0.1,0.1,0.3,rest
223.08,0.1,0.1,0.3,rest
223.1,0.1,0.1,0.3,rest
223.12,0.1,0.1,0.3,rest
223.14000000000001,0.1,0.1,0.3,rest
223.16,0.1,0.1,0.3,rest
223.18,0.1,0.1,0.3,rest
223.20000000000002,0.1,0.1,0.3,rest
223.22,0.1,0.1,0.3,rest
223.24,0.1,0.1,0.3,rest
223.26,0.1,0.1,0.3,rest
223.28,0.1,0.1,0.3,rest
223.3,0.1,0.1,0.3,rest
223.32,0.1,0.1,0.3,rest
223.34,0.1,0.1,0.3,rest
223.36,0.1,0.1,0.3,rest
223.38,0.1,0.1,0.3,rest
223.4,0.1,0.1,0.3,rest
223.42000000000002,0.1,0.1,0.3,rest
223.44,0.1,0.1,0.3,rest
223.46,0.1,0.1,0.3,rest
223.48000000000002,0.1,0.1,0.3,rest
223.5,0.1,0.1,0.3,rest
223.52,0.1,0.1,0.3,rest
223.54,0.1,0.1,0.3,rest
223.56,0.1,0.1,0.3,rest
223.58,0.1,0.1,0.3,rest
223.6,0.1,0.1,0.3,rest
223.62,0.1,0.1,0.3,rest
223.64000000000001,0.1,0.1,0.3,rest
223.66,0.1,0.1,0.3,rest
223.68,0.1,0.1,0.3,rest
223.70000000000002,0.1,0.1,0.3,rest
223.72,0.1,0.1,0.3,rest
223.74,0.1,0.1,0.3,rest
223.76,0.1,0.1,0.3,rest
223.78,0.1,0.1,0.3,rest
223.8,0.1,0.1,0.3,rest
223.82,0.1,0.1,0.3,rest
223.84,0.1,0.1,0.3,rest
223.86,0.1,0.1,0.3,rest
223.88,0.1,0.1,0.3,rest
223.9,0.1,0.1,0.3,rest
223.92000000000002,0.1,0.1,0.3,rest
223.94,0.1,0.1,0.3,rest
223.96,0.1,0.1,0.3,rest
223.98000000000002,0.1,0.1,0.3,rest
224.0,0.1,0.1,0.3,rest
224.02,0.1,0.1,0.3,rest
224.04,0.1,0.1,0.3,rest
224.06,0.1,0.1,0.3,rest
224.08,0.1,0.1,0.3,rest
224.1,0.1,0.1,0.3,rest
224.12,0.1,0.1,0.3,rest
224.14000000000001,0.1,0.1,0.3,rest
224.16,0.1,0.1,0.3,rest
224.18,0.1,0.1,0.3,rest
224.20000000000002,0.1,0.1,0.3,rest
224.22,0.1,0.1,0.3,rest
224.24,0.1,0.1,0.3,rest
224.26,0.1,0.1,0.3,rest
224.28,0.1,0.1,0.3,rest
224.3,0.1,0.1,0.3,rest
224.32,0.1,0.1,0.3,rest
224.34,0.1,0.1,0.3,rest
224.36,0.1,0.1,0.3,rest
224.38,0.1,0.1,0.3,rest
224.4,0.1,0.1,0.3,rest
224.42000000000002,0.1,0.1,0.3,rest
224.44,0.1,0.1,0.3,rest
224.46,0.1,0.1,0.3,rest
224.48000000000002,0.1,0.1,0.3,rest
224.5,0.1,0.1,0.3,rest
224.52,0.1,0.1,0.3,rest
224.54,0.1,0.1,0.3,rest
224.56,0.1,0.1,0.3,rest
224.58,0.1,0.1,0.3,rest
224.6,0.1,0.1,0.3,rest
224.62,0.1,0.1,0.3,rest
224.64000000000001,0.1,0.1,0.3,rest
224.66,0.1,0.1,0.3,rest
224.68,0.1,0.1,0.3,rest
224.70000000000002,0.1,0.1,0.3,rest
224.72,0.1,0.1,0.3,rest
224.74,0.1,0.1,0.3,rest
224.76,0.1,0.1,0.3,rest
224.78,0.1,0.1,0.3,rest
224.8,0.1,0.1,0.3,rest
224.82,0.1,0.1,0.3,rest
224.84,0.1,0.1,0.3,rest
224.86,0.1,0.1,0.3,rest
224.88,0.1,0.1,0.3,rest
224.9,0.1,0.1,0.3,rest
224.92000000000002,0.1,0.1,0.3,rest
224.94,0.1,0.1,0.3,rest
224.96,0.1,0.1,0.3,rest
224.98000000000002,0.1,0.1,0.3,rest
225.0,0.1,0.1,0.3,rest
225.02,0.1,0.1,0.3,rest
225.04,0.1,0.1,0.3,rest
225.06,0.1,0.1,0.3,rest
225.08,0.1,0.1,0.3,rest
225.1,0.1,0.1,0.3,rest
225.12,0.1,0.1,0.3,rest
225.14000000000001,0.1,0.1,0.3,rest
225.16,0.1,0.1,0.3,rest
225.18,0.1,0.1,0.3,rest
225.20000000000002,0.1,0.1,0.3,rest
225.22,0.1,0.1,0.3,rest
225.24,0.1,0.1,0.3,rest
225.26,0.1,0.1,0.3,rest
225.28,0.1,0.1,0.3,rest
225.3,0.1,0.1,0.3,rest
225.32,0.1,0.1,0.3,rest
225.34,0.1,0.1,0.3,rest
225.36,0.1,0.1,0.3,rest
225.38,0.1,0.1,0.3,rest
225.4,0.1,0.1,0.3,rest
225.42000000000002,0.1,0.1,0.3,rest
225.44,0.1,0.1,0.3,rest
225.46,0.1,0.1,0.3,rest
225.48000000000002,0.1,0.1,0.3,rest
225.5,0.1,0.1,0.3,rest
225.52,0.1,0.1,0.3,rest
225.54,0.1,0.1,0.3,rest
225.56,0.1,0.1,0.3,rest
225.58,0.1,0.1,0.3,rest
225.6,0.1,0.1,0.3,rest
225.62,0.1,0.1,0.3,rest
225.64000000000001,0.1,0.1,0.3,rest
225.66,0.1,0.1,0.3,rest
225.68,0.1,0.1,0.3,rest
225.70000000000002,0.1,0.1,0.3,rest
225.72,0.1,0.1,0.3,rest
225.74,0.1,0.1,0.3,rest
225.76,0.1,0.1,0.3,rest
225.78,0.1,0.1,0.3,rest
225.8,0.1,0.1,0.3,rest
225.82,0.1,0.1,0.3,rest
225.84,0.1,0.1,0.3,rest
225.86,0.1,0.1,0.3,rest
225.88,0.1,0.1,0.3,rest
225.9,0.1,0.1,0.3,rest
225.92000000000002,0.1,0.1,0.3,rest
225.94,0.1,0.1,0.3,rest
225.96,0.1,0.1,0.3,rest
225.98000000000002,0.1,0.1,0.3,rest
226.0,0.1,0.1,0.3,rest
226.02,0.1,0.1,0.3,rest
226.04,0.1,0.1,0.3,rest
226.06,0.1,0.1,0.3,rest
226.08,0.1,0.1,0.3,rest
226.1,0.1,0.1,0.3,rest
226.12,0.1,0.1,0.3,rest
226.14000000000001,0.1,0.1,0.3,rest
226.16,0.1,0.1,0.3,rest
226.18,0.1,0.1,0.3,rest
226.20000000000002,0.1,0.1,0.3,rest
226.22,0.1,0.1,0.3,rest
226.24,0.1,0.1,0.3,rest
226.26,0.1,0.1,0.3,rest
226.28,0.1,0.1,0.3,rest
226.3,0.1,0.1,0.3,rest
226.32,0.1,0.1,0.3,rest
226.34,0.1,0.1,0.3,rest
226.36,0.1,0.1,0.3,rest
226.38,0.1,0.1,0.3,rest
226.4,0.1,0.1,0.3,rest
226.42000000000002,0.1,0.1,0.3,rest
226.44,0.1,0.1,0.3,rest
226.46,0.1,0.1,0.3,rest
226.48000000000002,0.1,0.1,0.3,rest
226.5,0.1,0.1,0.3,rest
226.52,0.1,0.1,0.3,rest
226.54,0.1,0.1,0.3,rest
226.56,0.1,0.1,0.3,rest
226.58,0.1,0.1,0.3,rest
226.6,0.1,0.1,0.3,rest
226.62,0.1,0.1,0.3,rest
226.64000000000001,0.1,0.1,0.3,rest
226.66,0.1,0.1,0.3,rest
226.68,0.1,0.1,0.3,rest
226.70000000000002,0.1,0.1,0.3,rest
226.72,0.1,0.1,0.3,rest
226.74,0.1,0.1,0.3,rest
226.76,0.1,0.1,0.3,rest
226.78,0.1,0.1,0.3,rest
226.8,0.1,0.1,0.3,rest
226.82,0.1,0.1,0.3,rest
226.84,0.1,0.1,0.3,rest
226.86,0.1,0.1,0.3,rest
226.88,0.1,0.1,0.3,rest
226.9,0.1,0.1,0.3,rest
226.92000000000002,0.1,0.1,0.3,rest
226.94,0.1,0.1,0.3,rest
226.96,0.1,0.1,0.3,rest
226.98000000000002,0.1,0.1,0.3,rest
227.0,0.1,0.1,0.3,rest
227.02,0.1,0.1,0.3,rest
227.04,0.1,0.1,0.3,rest
227.06,0.1,0.1,0.3,rest
227.08,0.1,0.1,0.3,rest
227.1,0.1,0.1,0.3,rest
227.12,0.1,0.1,0.3,rest
227.14000000000001,0.1,0.1,0.3,rest
227.16,0.1,0.1,0.3,rest
227.18,0.1,0.1,0.3,rest
227.20000000000002,0.1,0.1,0.3,rest
227.22,0.1,0.1,0.3,rest
227.24,0.1,0.1,0.3,rest
227.26,0.1,0.1,0.3,rest
227.28,0.1,0.1,0.3,rest
227.3,0.1,0.1,0.3,rest
227.32,0.1,0.1,0.3,rest
227.34,0.1,0.1,0.3,rest
227.36,0.1,0.1,0.3,rest
227.38,0.1,0.1,0.3,rest
227.4,0.1,0.1,0.3,rest
227.42000000000002,0.1,0.1,0.3,rest
227.44,0.1,0.1,0.3,rest
227.46,0.1,0.1,0.3,rest
227.48000000000002,0.1,0.1,0.3,rest
227.5,0.1,0.1,0.3,rest
227.52,0.1,0.1,0.3,rest
227.54,0.1,0.1,0.3,rest
227.56,0.1,0.1,0.3,rest
227.58,0.1,0.1,0.3,rest
227.6,0.1,0.1,0.3,rest
227.62,0.1,0.1,0.3,rest
227.64000000000001,0.1,0.1,0.3,rest
227.66,0.1,0.1,0.3,rest
227.68,0.1,0.1,0.3,rest
227.70000000000002,0.1,0.1,0.3,rest
227.72,0.1,0.1,0.3,rest
227.74,0.1,0.1,0.3,rest
227.76,0.1,0.1,0.3,rest
227.78,0.1,0.1,0.3,rest
227.8,0.1,0.1,0.3,rest
227.82,0.1,0.1,0.3,rest
227.84,0.1,0.1,0.3,rest
227.86,0.1,0.1,0.3,rest
227.88,0.1,0.1,0.3,rest
227.9,0.1,0.1,0.3,rest
227.92000000000002,0.1,0.1,0.3,rest
227.94,0.1,0.1,0.3,rest
227.96,0.1,0.1,0.3,rest
227.98000000000002,0.1,0.1,0.3,rest
228.0,0.1,0.1,0.3,rest
228.02,0.1,0.1,0.3,rest
228.04,0.1,0.1,0.3,rest
228.06,0.1,0.1,0.3,rest
228.08,0.1,0.1,0.3,rest
228.1,0.1,0.1,0.3,rest
228.12,0.1,0.1,0.3,rest
228.14000000000001,0.1,0.1,0.3,rest
228.16,0.1,0.1,0.3,rest
228.18,0.1,0.1,0.3,rest
228.20000000000002,0.1,0.1,0.3,rest
228.22,0.1,0.1,0.3,rest
228.24,0.1,0.1,0.3,rest
228.26,0.1,0.1,0.3,rest
228.28,0.1,0.1,0.3,rest
228.3,0.1,0.1,0.3,rest
228.32,0.1,0.1,0.3,rest
228.34,0.1,0.1,0.3,rest
228.36,0.1,0.1,0.3,rest
228.38,0.1,0.1,0.3,rest
228.4,0.1,0.1,0.3,rest
228.42000000000002,0.1,0.1,0.3,rest
228.44,0.1,0.1,0.3,rest
228.46,0.1,0.1,0.3,rest
228.48000000000002,0.1,0.1,0.3,rest
228.5,0.1,0.1,0.3,rest
228.52,0.1,0.1,0.3,rest
228.54,0.1,0.1,0.3,rest
228.56,0.1,0.1,0.3,rest
228.58,0.1,0.1,0.3,rest
228.6,0.1,0.1,0.3,rest
228.62,0.1,0.1,0.3,rest
228.64000000000001,0.1,0.1,0.3,rest
228.66,0.1,0.1,0.3,rest
228.68,0.1,0.1,0.3,rest
228.70000000000002,0.1,0.1,0.3,rest
228.72,0.1,0.1,0.3,rest
228.74,0.1,0.1,0.3,rest
228.76,0.1,0.1,0.3,rest
228.78,0.1,0.1,0.3,rest
228.8,0.1,0.1,0.3,rest
228.82,0.1,0.1,0.3,rest
228.84,0.1,0.1,0.3,rest
228.86,0.1,0.1,0.3,rest
228.88,0.1,0.1,0.3,rest
228.9,0.1,0.1,0.3,rest
228.92000000000002,0.1,0.1,0.3,rest
228.94,0.1,0.1,0.3,rest
228.96,0.1,0.1,0.3,rest
228.98000000000002,0.1,0.1,0.3,rest
229.0,0.1,0.1,0.3,rest
229.02,0.1,0.1,0.3,rest
229.04,0.1,0.1,0.3,rest
229.06,0.1,0.1,0.3,rest
229.08,0.1,0.1,0.3,rest
229.1,0.1,0.1,0.3,rest
229.12,0.1,0.1,0.3,rest
229.14000000000001,0.1,0.1,0.3,rest
229.16,0.1,0.1,0.3,rest
229.18,0.1,0.1,0.3,rest
229.20000000000002,0.1,0.1,0.3,rest
229.22,0.1,0.1,0.3,rest
229.24,0.1,0.1,0.3,rest
229.26,0.1,0.1,0.3,rest
229.28,0.1,0.1,0.3,rest
229.3,0.1,0.1,0.3,rest
229.32,0.1,0.1,0.3,rest
229.34,0.1,0.1,0.3,rest
229.36,0.1,0.1,0.3,rest
229.38,0.1,0.1,0.3,rest
229.4,0.1,0.1,0.3,rest
229.42000000000002,0.1,0.1,0.3,rest
229.44,0.1,0.1,0.3,rest
229.46,0.1,0.1,0.3,rest
229.48000000000002,0.1,0.1,0.3,rest
229.5,0.1,0.1,0.3,rest
229.52,0.1,0.1,0.3,rest
229.54,0.1,0.1,0.3,rest
229.56,0.1,0.1,0.3,rest
229.58,0.1,0.1,0.3,rest
229.6,0.1,0.1,0.3,rest
229.62,0.1,0.1,0.3,rest
229.64000000000001,0.1,0.1,0.3,rest
229.66,0.1,0.1,0.3,rest
229.68,0.1,0.1,0.3,rest
229.70000000000002,0.1,0.1,0.3,rest
229.72,0.1,0.1,0.3,rest
229.74,0.1,0.1,0.3,rest
229.76,0.1,0.1,0.3,rest
229.78,0.1,0.1,0.3,rest
229.8,0.1,0.1,0.3,rest
229.82,0.1,0.1,0.3,rest
229.84,0.1,0.1,0.3,rest
229.86,0.1,0.1,0.3,rest
229.88,0.1,0.1,0.3,rest
229.9,0.1,0.1,0.3,rest
229.92000000000002,0.1,0.1,0.3,rest
229.94,0.1,0.1,0.3,rest
229.96,0.1,0.1,0.3,rest
229.98000000000002,0.1,0.1,0.3,rest
230.0,0.1,0.1,0.3,rest
230.02,0.1,0.1,0.3,rest
230.04,0.1,0.1,0.3,rest
230.06,0.1,0.1,0.3,rest
230.08,0.1,0.1,0.3,rest
230.1,0.1,0.1,0.3,rest
230.12,0.1,0.1,0.3,rest
230.14000000000001,0.1,0.1,0.3,rest
230.16,0.1,0.1,0.3,rest
230.18,0.1,0.1,0.3,rest
230.20000000000002,0.1,0.1,0.3,rest
230.22,0.1,0.1,0.3,rest
230.24,0.1,0.1,0.3,rest
230.26,0.1,0.1,0.3,rest
230.28,0.1,0.1,0.3,rest
230.3,0.1,0.1,0.3,rest
230.32,0.1,0.1,0.3,rest
230.34,0.1,0.1,0.3,rest
230.36,0.1,0.1,0.3,rest
230.38,0.1,0.1,0.3,rest
230.4,0.1,0.1,0.3,rest
230.42000000000002,0.1,0.1,0.3,rest
230.44,0.1,0.1,0.3,rest
230.46,0.1,0.1,0.3,rest
230.48000000000002,0.1,0.1,0.3,rest
230.5,0.1,0.1,0.3,rest
230.52,0.1,0.1,0.3,rest
230.54,0.1,0.1,0.3,rest
230.56,0.1,0.1,0.3,rest
230.58,0.1,0.1,0.3,rest
230.6,0.1,0.1,0.3,rest
230.62,0.1,0.1,0.3,rest
230.64000000000001,0.1,0.1,0.3,rest
230.66,0.1,0.1,0.3,rest
230.68,0.1,0.1,0.3,rest
230.70000000000002,0.1,0.1,0.3,A_f3:settle
230.72,0.10408163265306122,0.10306122448979592,0.3,A_f3:settle
230.74,0.10816326530612246,0.10612244897959185,0.3,A_f3:settle
230.76,0.11224489795918367,0.10918367346938776,0.3,A_f3:settle
230.78,0.1163265306122449,0.11224489795918367,0.3,A_f3:settle
230.8,0.12040816326530612,0.1153061224489796,0.3,A_f3:settle
230.82,0.12448979591836735,0.11836734693877551,0.3,A_f3:settle
230.84,0.12857142857142856,0.12142857142857143,0.3,A_f3:settle
230.86,0.1326530612244898,0.12448979591836735,0.3,A_f3:settle
230.88,0.13673469387755102,0.12755102040816327,0.3,A_f3:settle
230.9,0.14081632653061224,0.1306122448979592,0.3,A_f3:settle
230.92000000000002,0.14489795918367346,0.1336734693877551,0.3,A_f3:settle
230.94,0.1489795918367347,0.13673469387755102,0.3,A_f3:settle
230.96,0.15306122448979592,0.13979591836734695,0.3,A_f3:settle
230.98000000000002,0.15714285714285714,0.14285714285714285,0.3,A_f3:settle
231.0,0.16122448979591836,0.14591836734693878,0.3,A_f3:settle
231.02,0.16530612244897958,0.1489795918367347,0.3,A_f3:settle
231.04,0.16938775510204082,0.1520408163265306,0.3,A_f3:settle
231.06,0.17346938775510204,0.15510204081632653,0.3,A_f3:settle
231.08,0.17755102040816326,0.15816326530612246,0.3,A_f3:settle
231.1,0.18163265306122447,0.16122448979591836,0.3,A_f3:settle
231.12,0.18571428571428572,0.16428571428571428,0.3,A_f3:settle
231.14000000000001,0.18979591836734694,0.1673469387755102,0.3,A_f3:settle
231.16,0.19387755102040816,0.1704081632653061,0.3,A_f3:settle
231.18,0.19795918367346937,0.17346938775510204,0.3,A_f3:settle
231.20000000000002,0.2020408163265306,0.17653061224489797,0.3,A_f3:settle
231.22,0.2061224489795918,0.17959183673469387,0.3,A_f3:settle
231.24,0.21020408163265303,0.1826530612244898,0.3,A_f3:settle
231.26,0.21428571428571427,0.18571428571428572,0.3,A_f3:settle
231.28,0.21836734693877552,0.18877551020408162,0.3,A_f3:settle
231.3,0.2224489795918367,0.19183673469387752,0.3,A_f3:settle
231.32,0.22653061224489793,0.19489795918367347,0.3,A_f3:settle
231.34,0.23061224489795917,0.19795918367346937,0.3,A_f3:settle
231.36,0.2346938775510204,0.2010204081632653,0.3,A_f3:settle
231.38,0.23877551020408164,0.20408163265306123,0.3,A_f3:settle
231.4,0.24285714285714283,0.20714285714285713,0.3,A_f3:settle
231.42000000000002,0.24693877551020407,0.21020408163265306,0.3,A_f3:settle
231.44,0.2510204081632653,0.21326530612244898,0.3,A_f3:settle
231.46,0.2551020408163265,0.21632653061224488,0.3,A_f3:settle
231.48000000000002,0.25918367346938775,0.21938775510204078,0.3,A_f3:settle
231.5,0.2632653061224489,0.22244897959183674,0.3,A_f3:settle
231.52,0.2673469387755102,0.22551020408163264,0.3,A_f3:settle
231.54,0.2714285714285714,0.22857142857142856,0.3,A_f3:settle
231.56,0.2755102040816326,0.2316326530612245,0.3,A_f3:settle
231.58,0.27959183673469384,0.2346938775510204,0.3,A_f3:settle
231.6,0.28367346938775506,0.23775510204081632,0.3,A_f3:settle
231.62,0.28775510204081634,0.24081632653061225,0.3,A_f3:settle
231.64000000000001,0.2918367346938775,0.24387755102040815,0.3,A_f3:settle
231.66,0.29591836734693877,0.24693877551020407,0.3,A_f3:settle
231.68,0.3,0.25,0.3,A_f3:settle
231.70000000000002,0.3,0.25,0.3,A_f3
231.72,0.30021770790385444,0.25,0.3,A_f3
231.74,0.3016129729595117,0.25,0.3,A_f3
231.76,0.30476551014656544,0.25,0.3,A_f3
231.78,0.30925869295831904,0.25,0.3,A_f3
231.8,0.3136226724001005,0.25,0.3,A_f3
231.82,0.3156624946334626,0.25,0.3,A_f3
231.84,0.31310042438097824,0.25,0.3,A_f3
231.86,0.30436322465393917,0.25,0.3,A_f3
231.88,0.2892897837608696,0.25,0.3,A_f3
231.9,0.26953877847816504,0.25,0.3,A_f3
231.92000000000002,0.2485412513339993,0.25,0.3,A_f3
231.94,0.23095433070536897,0.25,0.3,A_f3
231.96,0.2217025816853277,0.25,0.3,A_f3
231.98000000000002,0.22480955984069845,0.25,0.3,A_f3
232.0,0.242293433677964,0.25,0.3,A_f3
232.02,0.27340673316440217,0.25,0.3,A_f3
232.04,0.31443676038070645,0.25,0.3,A_f3
232.06,0.359162626734279,0.25,0.3,A_f3
232.08,0.3999144917829057,0.25,0.3,A_f3
232.1,0.4290358050441725,0.25,0.3,A_f3
232.12,0.44044531630592165,0.25,0.3,A_f3
232.14000000000001,0.4309585477233375,0.25,0.3,A_f3
232.16,0.4010690929297915,0.25,0.3,A_f3
232.18,0.3550009749988472,0.25,0.3,A_f3
232.20000000000002,0.30000000000000004,0.25,0.3,A_f3
232.22,0.2447813170972984,0.25,0.3,A_f3
232.24,0.19731793411069662,0.25,0.3,A_f3
232.26,0.16427594213009705,0.25,0.3,A_f3
232.28,0.15029599073575928,0.25,0.3,A_f3
232.3,0.15734152255572692,0.25,0.3,A_f3
232.32,0.18442301358363153,0.25,0.3,A_f3
232.34,0.22773694888474277,0.25,0.3,A_f3
232.36,0.2812000149653544,0.25,0.3,A_f3
232.38,0.3373034830747282,0.25,0.3,A_f3
232.4,0.3881677878438711,0.25,0.3,A_f3
232.42000000000002,0.4266491888253022,0.25,0.3,A_f3
232.44,0.44734308760930325,0.25,0.3,A_f3
232.46,0.4473430876093033,0.25,0.3,A_f3
232.48000000000002,0.42664918882530223,0.25,0.3,A_f3
232.5,0.388167787843871,0.25,0.3,A_f3
232.52,0.33730348307472807,0.25,0.3,A_f3
232.54,0.28120001496535457,0.25,0.3,A_f3
232.56,0.2277369488847427,0.25,0.3,A_f3
232.58,0.1844230135836318,0.25,0.3,A_f3
232.6,0.15734152255572698,0.25,0.3,A_f3
232.62,0.15029599073575925,0.25,0.3,A_f3
232.64000000000001,0.16427594213009722,0.25,0.3,A_f3
232.66,0.1973179341106967,0.25,0.3,A_f3
232.68,0.244781317097298,0.25,0.3,A_f3
232.70000000000002,0.2999999999999999,0.25,0.3,A_f3
232.72,0.35521868290270175,0.25,0.3,A_f3
232.74,0.4026820658893031,0.25,0.3,A_f3
232.76,0.43572405786990287,0.25,0.3,A_f3
232.78,0.4497040092642407,0.25,0.3,A_f3
232.8,0.44265847744427306,0.25,0.3,A_f3
232.82,0.4155769864163683,0.25,0.3,A_f3
232.84,0.37226305111525704,0.25,0.3,A_f3
232.86,0.3187999850346462,0.25,0.3,A_f3
232.88,0.2626965169252721,0.25,0.3,A_f3
232.9,0.21183221215612913,0.25,0.3,A_f3
232.92000000000002,0.17335081117469797,0.25,0.3,A_f3
232.94,0.15265691239069673,0.25,0.3,A_f3
232.96,0.15265691239069668,0.25,0.3,A_f3
232.98000000000002,0.17335081117469783,0.25,0.3,A_f3
233.0,0.2118322121561289,0.25,0.3,A_f3
233.02,0.26269651692527185,0.25,0.3,A_f3
233.04,0.3187999850346459,0.25,0.3,A_f3
233.06,0.37226305111525726,0.25,0.3,A_f3
233.08,0.4155769864163685,0.25,0.3,A_f3
233.1,0.4426584774442731,0.25,0.3,A_f3
233.12,0.44970400926424076,0.25,0.3,A_f3
233.14000000000001,0.435724057869903,0.25,0.3,A_f3
233.16,0.40268206588930333,0.25,0.3,A_f3
233.18,0.35521868290270203,0.25,0.3,A_f3
233.20000000000002,0.30000000000000016,0.25,0.3,A_f3
233.22,0.24478131709729825,0.25,0.3,A_f3
233.24,0.1973179341106969,0.25,0.3,A_f3
233.26,0.16427594213009708,0.25,0.3,A_f3
233.28,0.15029599073575925,0.25,0.3,A_f3
233.3,0.1573415225557269,0.25,0.3,A_f3
233.32,0.1844230135836316,0.25,0.3,A_f3
233.34,0.2277369488847429,0.25,0.3,A_f3
233.36,0.2812000149653548,0.25,0.3,A_f3
233.38,0.3373034830747278,0.25,0.3,A_f3
233.4,0.3881677878438704,0.25,0.3,A_f3
233.42000000000002,0.42664918882530223,0.25,0.3,A_f3
233.44,0.4473430876093032,0.25,0.3,A_f3
233.46,0.4473430876093034,0.25,0.3,A_f3
233.48000000000002,0.4266491888253022,0.25,0.3,A_f3
233.5,0.3881677878438711,0.25,0.3,A_f3
233.52,0.3373034830747287,0.25,0.3,A_f3
233.54,0.28120001496535413,0.25,0.3,A_f3
233.56,0.22773694888474277,0.25,0.3,A_f3
233.58,0.18442301358363122,0.25,0.3,A_f3
233.6,0.15734152255572686,0.25,0.3,A_f3
233.62,0.15029599073575925,0.25,0.3,A_f3
233.64000000000001,0.1642759421300969,0.25,0.3,A_f3
233.66,0.1973179341106962,0.25,0.3,A_f3
233.68,0.2447813170972984,0.25,0.3,A_f3
233.70000000000002,0.29999999999999977,0.25,0.3,A_f3
233.72,0.3552186829027012,0.25,0.3,A_f3
233.74,0.40268206588930344,0.25,0.3,A_f3
233.76,0.43572405786990287,0.25,0.3,A_f3
233.78,0.4497040092642407,0.25,0.3,A_f3
233.8,0.4426584774442729,0.25,0.3,A_f3
233.82,0.4155769864163684,0.25,0.3,A_f3
233.84,0.3722630511152576,0.25,0.3,A_f3
233.86,0.31879998503464524,0.25,0.3,A_f3
233.88,0.2626965169252717,0.25,0.3,A_f3
233.9,0.21183221215612924,0.25,0.3,A_f3
233.92000000000002,0.17335081117469747,0.25,0.3,A_f3
233.94,0.15265691239069665,0.25,0.3,A_f3
233.96,0.15265691239069687,0.25,0.3,A_f3
233.98000000000002,0.17335081117469806,0.25,0.3,A_f3
234.0,0.21183221215612924,0.25,0.3,A_f3
234.02,0.2626965169252707,0.25,0.3,A_f3
234.04,0.31879998503464524,0.25,0.3,A_f3
234.06,0.3722630511152567,0.25,0.3,A_f3
234.08,0.41557698641636776,0.25,0.3,A_f3
234.1,0.4426584774442729,0.25,0.3,A_f3
234.12,0.44970400926424076,0.25,0.3,A_f3
234.14000000000001,0.4357240578699033,0.25,0.3,A_f3
234.16,0.4026820658893034,0.25,0.3,A_f3
234.18,0.35521868290270214,0.25,0.3,A_f3
234.20000000000002,0.3000000000000008,0.25,0.3,A_f3
234.22,0.24478131709729836,0.25,0.3,A_f3
234.24,0.19731793411069698,0.25,0.3,A_f3
234.26,0.1642759421300969,0.25,0.3,A_f3
234.28,0.15029599073575925,0.25,0.3,A_f3
234.3,0.15734152255572686,0.25,0.3,A_f3
234.32,0.1844230135836319,0.25,0.3,A_f3
234.34,0.22773694888474283,0.25,0.3,A_f3
234.36,0.2812000149653542,0.25,0.3,A_f3
234.38,0.33730348307472874,0.25,0.3,A_f3
234.4,0.3881677878438711,0.25,0.3,A_f3
234.42000000000002,0.42664918882530223,0.25,0.3,A_f3
234.44,0.4473430876093034,0.25,0.3,A_f3
234.46,0.4473430876093032,0.25,0.3,A_f3
234.48000000000002,0.42664918882530223,0.25,0.3,A_f3
234.5,0.38816778784387035,0.25,0.3,A_f3
234.52,0.3373034830747288,0.25,0.3,A_f3
234.54,0.2812000149653553,0.25,0.3,A_f3
234.56,0.22773694888474288,0.25,0.3,A_f3
234.58,0.18442301358363195,0.25,0.3,A_f3
234.6,0.15734152255572723,0.25,0.3,A_f3
234.62,0.15029599073575925,0.25,0.3,A_f3
234.64000000000001,0.16427594213009689,0.25,0.3,A_f3
234.66,0.19731793411069615,0.25,0.3,A_f3
234.68,0.24478131709729828,0.25,0.3,A_f3
234.70000000000002,0.29999999999999966,0.25,0.3,A_f3
234.72,0.3552186829027011,0.25,0.3,A_f3
234.74,0.40268206588930333,0.25,0.3,A_f3
234.76,0.4357240578699028,0.25,0.3,A_f3
234.78,0.4497040092642407,0.25,0.3,A_f3
234.8,0.442658477444273,0.25,0.3,A_f3
234.82,0.4155769864163684,0.25,0.3,A_f3
234.84,0.3722630511152577,0.25,0.3,A_f3
234.86,0.31879998503464535,0.25,0.3,A_f3
234.88,0.2626965169252718,0.25,0.3,A_f3
234.9,0.2118322121561293,0.25,0.3,A_f3
234.92000000000002,0.17335081117469753,0.25,0.3,A_f3
234.94,0.15265691239069668,0.25,0.3,A_f3
234.96,0.15265691239069684,0.25,0.3,A_f3
234.98000000000002,0.173350811174698,0.25,0.3,A_f3
235.0,0.21183221215612916,0.25,0.3,A_f3
235.02,0.2626965169252726,0.25,0.3,A_f3
235.04,0.31879998503464513,0.25,0.3,A_f3
235.06,0.3722630511152566,0.25,0.3,A_f3
235.08,0.41557698641636764,0.25,0.3,A_f3
235.1,0.44265847744427256,0.25,0.3,A_f3
235.12,0.44970400926424076,0.25,0.3,A_f3
235.14000000000001,0.43572405786990287,0.25,0.3,A_f3
235.16,0.4026820658893043,0.25,0.3,A_f3
235.18,0.35521868290270225,0.25,0.3,A_f3
235.20000000000002,0.2999999999999998,0.25,0.3,A_f3
235.22,0.24478131709729944,0.25,0.3,A_f3
235.24,0.19731793411069704,0.25,0.3,A_f3
235.26,0.16427594213009697,0.25,0.3,A_f3
235.28,0.15029599073575933,0.25,0.3,A_f3
235.3,0.15734152255572684,0.25,0.3,A_f3
235.32,0.18442301358363183,0.25,0.3,A_f3
235.34,0.22773694888474177,0.25,0.3,A_f3
235.36,0.2812000149653541,0.25,0.3,A_f3
235.38,0.3373034830747286,0.25,0.3,A_f3
235.4,0.3881677878438702,0.25,0.3,A_f3
235.42000000000002,0.4266491888253021,0.25,0.3,A_f3
235.44,0.4473430876093034,0.25,0.3,A_f3
235.46,0.4473430876093031,0.25,0.3,A_f3
235.48000000000002,0.4266491888253023,0.25,0.3,A_f3
235.5,0.3881677878438704,0.25,0.3,A_f3
235.52,0.33730348307472685,0.25,0.3,A_f3
235.54,0.28120001496535435,0.25,0.3,A_f3
235.56,0.2277369488847439,0.25,0.3,A_f3
235.58,0.18442301358363203,0.25,0.3,A_f3
235.6,0.15734152255572692,0.25,0.3,A_f3
235.62,0.15029599073575917,0.25,0.3,A_f3
235.64000000000001,0.16427594213009683,0.25,0.3,A_f3
235.66,0.19731793411069687,0.25,0.3,A_f3
235.68,0.2447813170972972,0.25,0.3,A_f3
235.70000000000002,0.29999999999999954,0.25,0.3,A_f3
235.72,0.355218682902702,0.25,0.3,A_f3
235.74,0.4026820658893025,0.25,0.3,A_f3
235.76,0.43572405786990365,0.25,0.3,A_f3
235.78,0.44970400926424076,0.25,0.3,A_f3
235.8,0.44265847744427333,0.25,0.3,A_f3
235.82,0.41557698641636853,0.25,0.3,A_f3
235.84,0.3722630511152587,0.25,0.3,A_f3
235.86,0.3187999850346465,0.25,0.3,A_f3
235.88,0.26269651692527396,0.25,0.3,A_f3
235.9,0.21183221215612852,0.25,0.3,A_f3
235.92000000000002,0.17335081117469814,0.25,0.3,A_f3
235.94,0.1526569123906967,0.25,0.3,A_f3
235.96,0.15265691239069643,0.25,0.3,A_f3
235.98000000000002,0.17335081117469736,0.25,0.3,A_f3
236.0,0.21183221215612907,0.25,0.3,A_f3
236.02,0.26269651692527257,0.25,0.3,A_f3
236.04,0.318799985034645,0.25,0.3,A_f3
236.06,0.3722630511152574,0.25,0.3,A_f3
236.08,0.4155769864163676,0.25,0.3,A_f3
236.1,0.4426584774442729,0.25,0.3,A_f3
236.12,0.4497040092642407,0.25,0.3,A_f3
236.14000000000001,0.4357240578699025,0.25,0.3,A_f3
236.16,0.40268206588930355,0.25,0.3,A_f3
236.18,0.35521868290270137,0.25,0.3,A_f3
236.20000000000002,0.30000000000000104,0.25,0.3,A_f3
236.22,0.24478131709729659,0.25,0.3,A_f3
236.24,0.19731793411069637,0.25,0.3,A_f3
236.26,0.16427594213009655,0.25,0.3,A_f3
236.28,0.15029599073575928,0.25,0.3,A_f3
236.3,0.15734152255572714,0.25,0.3,A_f3
236.32,0.18442301358363106,0.25,0.3,A_f3
236.34,0.22773694888474078,0.25,0.3,A_f3
236.36,0.281200014965355,0.25,0.3,A_f3
236.38,0.3373034830747275,0.25,0.3,A_f3
236.4,0.38816778784387096,0.25,0.3,A_f3
236.42000000000002,0.4266491888253015,0.25,0.3,A_f3
236.44,0.4473430876093032,0.25,0.3,A_f3
236.46,0.44734308760930364,0.25,0.3,A_f3
236.48000000000002,0.4266491888253018,0.25,0.3,A_f3
236.5,0.3881677878438714,0.25,0.3,A_f3
236.52,0.337303483074728,0.25,0.3,A_f3
236.54,0.2812000149653555,0.25,0.3,A_f3
236.56,0.22773694888474308,0.25,0.3,A_f3
236.58,0.18442301358363278,0.25,0.3,A_f3
236.6,0.15734152255572664,0.25,0.3,A_f3
236.62,0.15029599073575925,0.25,0.3,A_f3
236.64000000000001,0.16427594213009725,0.25,0.3,A_f3
236.66,0.19731793411069598,0.25,0.3,A_f3
236.68,0.24478131709729808,0.25,0.3,A_f3
236.70000000000002,0.2999999999999984,0.25,0.3,A_f3
236.72,0.35521868290270286,0.25,0.3,A_f3
236.74,0.4026820658893032,0.25,0.3,A_f3
236.76,0.4357240578699032,0.25,0.3,A_f3
236.78,0.4497040092642407,0.25,0.3,A_f3
236.8,0.442658477444273,0.25,0.3,A_f3
236.82,0.4155769864163679,0.25,0.3,A_f3
236.84,0.37226305111525787,0.25,0.3,A_f3
236.86,0.31879998503464557,0.25,0.3,A_f3
236.88,0.26269651692527307,0.25,0.3,A_f3
236.9,0.2118322121561295,0.25,0.3,A_f3
236.92000000000002,0.17335081117469878,0.25,0.3,A_f3
236.94,0.1526569123906965,0.25,0.3,A_f3
236.96,0.1526569123906966,0.25,0.3,A_f3
236.98000000000002,0.1733508111746979,0.25,0.3,A_f3
237.0,0.21183221215612813,0.25,0.3,A_f3
237.02,0.2626965169252714,0.25,0.3,A_f3
237.04,0.3187999850346439,0.25,0.3,A_f3
237.06,0.37226305111525826,0.25,0.3,A_f3
237.08,0.4155769864163682,0.25,0.3,A_f3
237.1,0.44265847744427317,0.25,0.3,A_f3
237.12,0.44970400926424076,0.25,0.3,A_f3
237.14000000000001,0.435724057869903,0.25,0.3,A_f3
237.16,0.40268206588930444,0.25,0.3,A_f3
237.18,0.3552186829027005,0.25,0.3,A_f3
237.20000000000002,0.30000000000000004,0.25,0.3,A_f3
237.22,0.24564871532901938,0.25,0.3,A_f3
237.24,0.2009232818621977,0.25,0.3,A_f3
237.26,0.17267002178802063,0.25,0.3,A_f3
237.28,0.16459145155746202,0.25,0.3,A_f3
237.3,0.17667398403157386,0.25,0.3,A_f3
237.32,0.20537573488949,0.25,0.3,A_f3
237.34,0.24450823490512463,0.25,0.3,A_f3
237.36,0.2865976853279341,0.25,0.3,A_f3
237.38,0.3244154466470975,0.25,0.3,A_f3
237.4,0.35234439191708483,0.25,0.3,A_f3
237.42000000000002,0.3673007785948044,0.25,0.3,A_f3
237.44,0.369045669294631,0.25,0.3,A_f3
237.46,0.3598668730789763,0.25,0.3,A_f3
237.48000000000002,0.34375621857724115,0.25,0.3,A_f3
237.5,0.3253138847984244,0.25,0.3,A_f3
237.52,0.3086576386486214,0.25,0.3,A_f3
237.54,0.296591788216677,0.25,0.3,A_f3
237.56,0.2902072230347575,0.25,0.3,A_f3
237.58,0.28896337987655807,0.25,0.3,A_f3
237.6,0.2911770496525151,0.25,0.3,A_f3
237.62,0.2947436291964236,0.25,0.3,A_f3
237.64000000000001,0.29786798957146643,0.25,0.3,A_f3
237.66,0.2995951606204082,0.25,0.3,A_f3
237.68,0.3,0.25,0.3,A_f3
237.70000000000002,0.3,0.25,0.3,A_f3:tail
237.72,0.3,0.25,0.3,A_f3:tail
237.74,0.3,0.25,0.3,A_f3:tail
237.76,0.3,0.25,0.3,A_f3:tail
237.78,0.3,0.25,0.3,A_f3:tail
237.8,0.3,0.25,0.3,A_f3:tail
237.82,0.3,0.25,0.3,A_f3:tail
237.84,0.3,0.25,0.3,A_f3:tail
237.86,0.3,0.25,0.3,A_f3:tail
237.88,0.3,0.25,0.3,A_f3:tail
237.9,0.3,0.25,0.3,A_f3:tail
237.92000000000002,0.3,0.25,0.3,A_f3:tail
237.94,0.3,0.25,0.3,A_f3:tail
237.96,0.3,0.25,0.3,A_f3:tail
237.98000000000002,0.3,0.25,0.3,A_f3:tail
238.0,0.3,0.25,0.3,A_f3:tail
238.02,0.3,0.25,0.3,A_f3:tail
238.04,0.3,0.25,0.3,A_f3:tail
238.06,0.3,0.25,0.3,A_f3:tail
238.08,0.3,0.25,0.3,A_f3:tail
238.1,0.3,0.25,0.3,A_f3:tail
238.12,0.3,0.25,0.3,A_f3:tail
238.14000000000001,0.3,0.25,0.3,A_f3:tail
238.16,0.3,0.25,0.3,A_f3:tail
238.18,0.3,0.25,0.3,A_f3:tail
238.20000000000002,0.29,0.2425,0.3,rest:down
238.22,0.27999999999999997,0.235,0.3,rest:down
238.24,0.27,0.2275,0.3,rest:down
238.26,0.26,0.22,0.3,rest:down
238.28,0.25,0.2125,0.3,rest:down
238.3,0.24,0.20500000000000002,0.3,rest:down
238.32,0.22999999999999998,0.1975,0.3,rest:down
238.34,0.22,0.19,0.3,rest:down
238.36,0.21000000000000002,0.1825,0.3,rest:down
238.38,0.2,0.175,0.3,rest:down
238.4,0.19,0.1675,0.3,rest:down
238.42000000000002,0.18,0.16,0.3,rest:down
238.44,0.17,0.1525,0.3,rest:down
238.46,0.16,0.14500000000000002,0.3,rest:down
238.48000000000002,0.15000000000000002,0.1375,0.3,rest:down
238.5,0.14,0.13,0.3,rest:down
238.52,0.13,0.1225,0.3,rest:down
238.54,0.12000000000000002,0.11499999999999999,0.3,rest:down
238.56,0.11000000000000001,0.10750000000000001,0.3,rest:down
238.58,0.1,0.1,0.3,rest:down
238.6,0.1,0.1,0.3,rest
238.62,0.1,0.1,0.3,rest
238.64000000000001,0.1,0.1,0.3,rest
238.66,0.1,0.1,0.3,rest
238.68,0.1,0.1,0.3,rest
238.70000000000002,0.1,0.1,0.3,rest
238.72,0.1,0.1,0.3,rest
238.74,0.1,0.1,0.3,rest
238.76,0.1,0.1,0.3,rest
238.78,0.1,0.1,0.3,rest
238.8,0.1,0.1,0.3,rest
238.82,0.1,0.1,0.3,rest
238.84,0.1,0.1,0.3,rest
238.86,0.1,0.1,0.3,rest
238.88,0.1,0.1,0.3,rest
238.9,0.1,0.1,0.3,rest
238.92000000000002,0.1,0.1,0.3,rest
238.94,0.1,0.1,0.3,rest
238.96,0.1,0.1,0.3,rest
238.98000000000002,0.1,0.1,0.3,rest
239.0,0.1,0.1,0.3,rest
239.02,0.1,0.1,0.3,rest
239.04,0.1,0.1,0.3,rest
239.06,0.1,0.1,0.3,rest
239.08,0.1,0.1,0.3,rest
239.1,0.1,0.1,0.3,rest
239.12,0.1,0.1,0.3,rest
239.14000000000001,0.1,0.1,0.3,rest
239.16,0.1,0.1,0.3,rest
239.18,0.1,0.1,0.3,rest
239.20000000000002,0.1,0.1,0.3,rest
239.22,0.1,0.1,0.3,rest
239.24,0.1,0.1,0.3,rest
239.26,0.1,0.1,0.3,rest
239.28,0.1,0.1,0.3,rest
239.3,0.1,0.1,0.3,rest
239.32,0.1,0.1,0.3,rest
239.34,0.1,0.1,0.3,rest
239.36,0.1,0.1,0.3,rest
239.38,0.1,0.1,0.3,rest
239.4,0.1,0.1,0.3,rest
239.42000000000002,0.1,0.1,0.3,rest
239.44,0.1,0.1,0.3,rest
239.46,0.1,0.1,0.3,rest
239.48000000000002,0.1,0.1,0.3,rest
239.5,0.1,0.1,0.3,rest
239.52,0.1,0.1,0.3,rest
239.54,0.1,0.1,0.3,rest
239.56,0.1,0.1,0.3,rest
239.58,0.1,0.1,0.3,rest
239.6,0.1,0.1,0.3,rest
239.62,0.1,0.1,0.3,rest
239.64000000000001,0.1,0.1,0.3,rest
239.66,0.1,0.1,0.3,rest
239.68,0.1,0.1,0.3,rest
239.70000000000002,0.1,0.1,0.3,rest
239.72,0.1,0.1,0.3,rest
239.74,0.1,0.1,0.3,rest
239.76,0.1,0.1,0.3,rest
239.78,0.1,0.1,0.3,rest
239.8,0.1,0.1,0.3,rest
239.82,0.1,0.1,0.3,rest
239.84,0.1,0.1,0.3,rest
239.86,0.1,0.1,0.3,rest
239.88,0.1,0.1,0.3,rest
239.9,0.1,0.1,0.3,rest
239.92000000000002,0.1,0.1,0.3,rest
239.94,0.1,0.1,0.3,rest
239.96,0.1,0.1,0.3,rest
239.98000000000002,0.1,0.1,0.3,rest
240.0,0.1,0.1,0.3,rest
240.02,0.1,0.1,0.3,rest
240.04,0.1,0.1,0.3,rest
240.06,0.1,0.1,0.3,rest
240.08,0.1,0.1,0.3,rest
240.1,0.1,0.1,0.3,rest
240.12,0.1,0.1,0.3,rest
240.14000000000001,0.1,0.1,0.3,rest
240.16,0.1,0.1,0.3,rest
240.18,0.1,0.1,0.3,rest
240.20000000000002,0.1,0.1,0.3,rest
240.22,0.1,0.1,0.3,rest
240.24,0.1,0.1,0.3,rest
240.26,0.1,0.1,0.3,rest
240.28,0.1,0.1,0.3,rest
240.3,0.1,0.1,0.3,rest
240.32,0.1,0.1,0.3,rest
240.34,0.1,0.1,0.3,rest
240.36,0.1,0.1,0.3,rest
240.38,0.1,0.1,0.3,rest
240.4,0.1,0.1,0.3,rest
240.42000000000002,0.1,0.1,0.3,rest
240.44,0.1,0.1,0.3,rest
240.46,0.1,0.1,0.3,rest
240.48000000000002,0.1,0.1,0.3,rest
240.5,0.1,0.1,0.3,rest
240.52,0.1,0.1,0.3,rest
240.54,0.1,0.1,0.3,rest
240.56,0.1,0.1,0.3,rest
240.58,0.1,0.1,0.3,rest
240.6,0.1,0.1,0.3,rest
240.62,0.1,0.1,0.3,rest
240.64000000000001,0.1,0.1,0.3,rest
240.66,0.1,0.1,0.3,rest
240.68,0.1,0.1,0.3,rest
240.70000000000002,0.1,0.1,0.3,rest
240.72,0.1,0.1,0.3,rest
240.74,0.1,0.1,0.3,rest
240.76,0.1,0.1,0.3,rest
240.78,0.1,0.1,0.3,rest
240.8,0.1,0.1,0.3,rest
240.82,0.1,0.1,0.3,rest
240.84,0.1,0.1,0.3,rest
240.86,0.1,0.1,0.3,rest
240.88,0.1,0.1,0.3,rest
240.9,0.1,0.1,0.3,rest
240.92000000000002,0.1,0.1,0.3,rest
240.94,0.1,0.1,0.3,rest
240.96,0.1,0.1,0.3,rest
240.98000000000002,0.1,0.1,0.3,rest
241.0,0.1,0.1,0.3,rest
241.02,0.1,0.1,0.3,rest
241.04,0.1,0.1,0.3,rest
241.06,0.1,0.1,0.3,rest
241.08,0.1,0.1,0.3,rest
241.1,0.1,0.1,0.3,rest
241.12,0.1,0.1,0.3,rest
241.14000000000001,0.1,0.1,0.3,rest
241.16,0.1,0.1,0.3,rest
241.18,0.1,0.1,0.3,rest
241.20000000000002,0.1,0.1,0.3,rest
241.22,0.1,0.1,0.3,rest
241.24,0.1,0.1,0.3,rest
241.26,0.1,0.1,0.3,rest
241.28,0.1,0.1,0.3,rest
241.3,0.1,0.1,0.3,rest
241.32,0.1,0.1,0.3,rest
241.34,0.1,0.1,0.3,rest
241.36,0.1,0.1,0.3,rest
241.38,0.1,0.1,0.3,rest
241.4,0.1,0.1,0.3,rest
241.42000000000002,0.1,0.1,0.3,rest
241.44,0.1,0.1,0.3,rest
241.46,0.1,0.1,0.3,rest
241.48000000000002,0.1,0.1,0.3,rest
241.5,0.1,0.1,0.3,rest
241.52,0.1,0.1,0.3,rest
241.54,0.1,0.1,0.3,rest
241.56,0.1,0.1,0.3,rest
241.58,0.1,0.1,0.3,rest
241.6,0.1,0.1,0.3,rest
241.62,0.1,0.1,0.3,rest
241.64000000000001,0.1,0.1,0.3,rest
241.66,0.1,0.1,0.3,rest
241.68,0.1,0.1,0.3,rest
241.70000000000002,0.1,0.1,0.3,rest
241.72,0.1,0.1,0.3,rest
241.74,0.1,0.1,0.3,rest
241.76,0.1,0.1,0.3,rest
241.78,0.1,0.1,0.3,rest
241.8,0.1,0.1,0.3,rest
241.82,0.1,0.1,0.3,rest
241.84,0.1,0.1,0.3,rest
241.86,0.1,0.1,0.3,rest
241.88,0.1,0.1,0.3,rest
241.9,0.1,0.1,0.3,rest
241.92000000000002,0.1,0.1,0.3,rest
241.94,0.1,0.1,0.3,rest
241.96,0.1,0.1,0.3,rest
241.98000000000002,0.1,0.1,0.3,rest
242.0,0.1,0.1,0.3,rest
242.02,0.1,0.1,0.3,rest
242.04,0.1,0.1,0.3,rest
242.06,0.1,0.1,0.3,rest
242.08,0.1,0.1,0.3,rest
242.1,0.1,0.1,0.3,rest
242.12,0.1,0.1,0.3,rest
242.14000000000001,0.1,0.1,0.3,rest
242.16,0.1,0.1,0.3,rest
242.18,0.1,0.1,0.3,rest
242.20000000000002,0.1,0.1,0.3,rest
242.22,0.1,0.1,0.3,rest
242.24,0.1,0.1,0.3,rest
242.26,0.1,0.1,0.3,rest
242.28,0.1,0.1,0.3,rest
242.3,0.1,0.1,0.3,rest
242.32,0.1,0.1,0.3,rest
242.34,0.1,0.1,0.3,rest
242.36,0.1,0.1,0.3,rest
242.38,0.1,0.1,0.3,rest
242.4,0.1,0.1,0.3,rest
242.42000000000002,0.1,0.1,0.3,rest
242.44,0.1,0.1,0.3,rest
242.46,0.1,0.1,0.3,rest
242.48000000000002,0.1,0.1,0.3,rest
242.5,0.1,0.1,0.3,rest
242.52,0.1,0.1,0.3,rest
242.54,0.1,0.1,0.3,rest
242.56,0.1,0.1,0.3,rest
242.58,0.1,0.1,0.3,rest
242.6,0.1,0.1,0.3,rest
242.62,0.1,0.1,0.3,rest
242.64000000000001,0.1,0.1,0.3,rest
242.66,0.1,0.1,0.3,rest
242.68,0.1,0.1,0.3,rest
242.70000000000002,0.1,0.1,0.3,rest
242.72,0.1,0.1,0.3,rest
242.74,0.1,0.1,0.3,rest
242.76,0.1,0.1,0.3,rest
242.78,0.1,0.1,0.3,rest
242.8,0.1,0.1,0.3,rest
242.82,0.1,0.1,0.3,rest
242.84,0.1,0.1,0.3,rest
242.86,0.1,0.1,0.3,rest
242.88,0.1,0.1,0.3,rest
242.9,0.1,0.1,0.3,rest
242.92000000000002,0.1,0.1,0.3,rest
242.94,0.1,0.1,0.3,rest
242.96,0.1,0.1,0.3,rest
242.98000000000002,0.1,0.1,0.3,rest
243.0,0.1,0.1,0.3,rest
243.02,0.1,0.1,0.3,rest
243.04,0.1,0.1,0.3,rest
243.06,0.1,0.1,0.3,rest
243.08,0.1,0.1,0.3,rest
243.1,0.1,0.1,0.3,rest
243.12,0.1,0.1,0.3,rest
243.14000000000001,0.1,0.1,0.3,rest
243.16,0.1,0.1,0.3,rest
243.18,0.1,0.1,0.3,rest
243.20000000000002,0.1,0.1,0.3,rest
243.22,0.1,0.1,0.3,rest
243.24,0.1,0.1,0.3,rest
243.26,0.1,0.1,0.3,rest
243.28,0.1,0.1,0.3,rest
243.3,0.1,0.1,0.3,rest
243.32,0.1,0.1,0.3,rest
243.34,0.1,0.1,0.3,rest
243.36,0.1,0.1,0.3,rest
243.38,0.1,0.1,0.3,rest
243.4,0.1,0.1,0.3,rest
243.42000000000002,0.1,0.1,0.3,rest
243.44,0.1,0.1,0.3,rest
243.46,0.1,0.1,0.3,rest
243.48000000000002,0.1,0.1,0.3,rest
243.5,0.1,0.1,0.3,rest
243.52,0.1,0.1,0.3,rest
243.54,0.1,0.1,0.3,rest
243.56,0.1,0.1,0.3,rest
243.58,0.1,0.1,0.3,rest
243.6,0.1,0.1,0.3,rest
243.62,0.1,0.1,0.3,rest
243.64000000000001,0.1,0.1,0.3,rest
243.66,0.1,0.1,0.3,rest
243.68,0.1,0.1,0.3,rest
243.70000000000002,0.1,0.1,0.3,rest
243.72,0.1,0.1,0.3,rest
243.74,0.1,0.1,0.3,rest
243.76,0.1,0.1,0.3,rest
243.78,0.1,0.1,0.3,rest
243.8,0.1,0.1,0.3,rest
243.82,0.1,0.1,0.3,rest
243.84,0.1,0.1,0.3,rest
243.86,0.1,0.1,0.3,rest
243.88,0.1,0.1,0.3,rest
243.9,0.1,0.1,0.3,rest
243.92000000000002,0.1,0.1,0.3,rest
243.94,0.1,0.1,0.3,rest
243.96,0.1,0.1,0.3,rest
243.98000000000002,0.1,0.1,0.3,rest
244.0,0.1,0.1,0.3,rest
244.02,0.1,0.1,0.3,rest
244.04,0.1,0.1,0.3,rest
244.06,0.1,0.1,0.3,rest
244.08,0.1,0.1,0.3,rest
244.1,0.1,0.1,0.3,rest
244.12,0.1,0.1,0.3,rest
244.14000000000001,0.1,0.1,0.3,rest
244.16,0.1,0.1,0.3,rest
244.18,0.1,0.1,0.3,rest
244.20000000000002,0.1,0.1,0.3,rest
244.22,0.1,0.1,0.3,rest
244.24,0.1,0.1,0.3,rest
244.26,0.1,0.1,0.3,rest
244.28,0.1,0.1,0.3,rest
244.3,0.1,0.1,0.3,rest
244.32,0.1,0.1,0.3,rest
244.34,0.1,0.1,0.3,rest
244.36,0.1,0.1,0.3,rest
244.38,0.1,0.1,0.3,rest
244.4,0.1,0.1,0.3,rest
244.42000000000002,0.1,0.1,0.3,rest
244.44,0.1,0.1,0.3,rest
244.46,0.1,0.1,0.3,rest
244.48000000000002,0.1,0.1,0.3,rest
244.5,0.1,0.1,0.3,rest
244.52,0.1,0.1,0.3,rest
244.54,0.1,0.1,0.3,rest
244.56,0.1,0.1,0.3,rest
244.58,0.1,0.1,0.3,rest
244.6,0.1,0.1,0.3,rest
244.62,0.1,0.1,0.3,rest
244.64000000000001,0.1,0.1,0.3,rest
244.66,0.1,0.1,0.3,rest
244.68,0.1,0.1,0.3,rest
244.70000000000002,0.1,0.1,0.3,rest
244.72,0.1,0.1,0.3,rest
244.74,0.1,0.1,0.3,rest
244.76,0.1,0.1,0.3,rest
244.78,0.1,0.1,0.3,rest
244.8,0.1,0.1,0.3,rest
244.82,0.1,0.1,0.3,rest
244.84,0.1,0.1,0.3,rest
244.86,0.1,0.1,0.3,rest
244.88,0.1,0.1,0.3,rest
244.9,0.1,0.1,0.3,rest
244.92000000000002,0.1,0.1,0.3,rest
244.94,0.1,0.1,0.3,rest
244.96,0.1,0.1,0.3,rest
244.98000000000002,0.1,0.1,0.3,rest
245.0,0.1,0.1,0.3,rest
245.02,0.1,0.1,0.3,rest
245.04,0.1,0.1,0.3,rest
245.06,0.1,0.1,0.3,rest
245.08,0.1,0.1,0.3,rest
245.1,0.1,0.1,0.3,rest
245.12,0.1,0.1,0.3,rest
245.14000000000001,0.1,0.1,0.3,rest
245.16,0.1,0.1,0.3,rest
245.18,0.1,0.1,0.3,rest
245.20000000000002,0.1,0.1,0.3,rest
245.22,0.1,0.1,0.3,rest
245.24,0.1,0.1,0.3,rest
245.26,0.1,0.1,0.3,rest
245.28,0.1,0.1,0.3,rest
245.3,0.1,0.1,0.3,rest
245.32,0.1,0.1,0.3,rest
245.34,0.1,0.1,0.3,rest
245.36,0.1,0.1,0.3,rest
245.38,0.1,0.1,0.3,rest
245.4,0.1,0.1,0.3,rest
245.42000000000002,0.1,0.1,0.3,rest
245.44,0.1,0.1,0.3,rest
245.46,0.1,0.1,0.3,rest
245.48000000000002,0.1,0.1,0.3,rest
245.5,0.1,0.1,0.3,rest
245.52,0.1,0.1,0.3,rest
245.54,0.1,0.1,0.3,rest
245.56,0.1,0.1,0.3,rest
245.58,0.1,0.1,0.3,rest
245.6,0.1,0.1,0.3,rest
245.62,0.1,0.1,0.3,rest
245.64000000000001,0.1,0.1,0.3,rest
245.66,0.1,0.1,0.3,rest
245.68,0.1,0.1,0.3,rest
245.70000000000002,0.1,0.1,0.3,rest
245.72,0.1,0.1,0.3,rest
245.74,0.1,0.1,0.3,rest
245.76,0.1,0.1,0.3,rest
245.78,0.1,0.1,0.3,rest
245.8,0.1,0.1,0.3,rest
245.82,0.1,0.1,0.3,rest
245.84,0.1,0.1,0.3,rest
245.86,0.1,0.1,0.3,rest
245.88,0.1,0.1,0.3,rest
245.9,0.1,0.1,0.3,rest
245.92000000000002,0.1,0.1,0.3,rest
245.94,0.1,0.1,0.3,rest
245.96,0.1,0.1,0.3,rest
245.98000000000002,0.1,0.1,0.3,rest
246.0,0.1,0.1,0.3,rest
246.02,0.1,0.1,0.3,rest
246.04,0.1,0.1,0.3,rest
246.06,0.1,0.1,0.3,rest
246.08,0.1,0.1,0.3,rest
246.1,0.1,0.1,0.3,rest
246.12,0.1,0.1,0.3,rest
246.14000000000001,0.1,0.1,0.3,rest
246.16,0.1,0.1,0.3,rest
246.18,0.1,0.1,0.3,rest
246.20000000000002,0.1,0.1,0.3,rest
246.22,0.1,0.1,0.3,rest
246.24,0.1,0.1,0.3,rest
246.26000000000002,0.1,0.1,0.3,rest
246.28,0.1,0.1,0.3,rest
246.3,0.1,0.1,0.3,rest
246.32,0.1,0.1,0.3,rest
246.34,0.1,0.1,0.3,rest
246.36,0.1,0.1,0.3,rest
246.38,0.1,0.1,0.3,rest
246.4,0.1,0.1,0.3,rest
246.42000000000002,0.1,0.1,0.3,rest
246.44,0.1,0.1,0.3,rest
246.46,0.1,0.1,0.3,rest
246.48000000000002,0.1,0.1,0.3,rest
246.5,0.1,0.1,0.3,rest
246.52,0.1,0.1,0.3,rest
246.54,0.1,0.1,0.3,rest
246.56,0.1,0.1,0.3,rest
246.58,0.1,0.1,0.3,rest
246.6,0.1,0.1,0.3,rest
246.62,0.1,0.1,0.3,rest
246.64000000000001,0.1,0.1,0.3,rest
246.66,0.1,0.1,0.3,rest
246.68,0.1,0.1,0.3,rest
246.70000000000002,0.1,0.1,0.3,rest
246.72,0.1,0.1,0.3,rest
246.74,0.1,0.1,0.3,rest
246.76000000000002,0.1,0.1,0.3,rest
246.78,0.1,0.1,0.3,rest
246.8,0.1,0.1,0.3,rest
246.82,0.1,0.1,0.3,rest
246.84,0.1,0.1,0.3,rest
246.86,0.1,0.1,0.3,rest
246.88,0.1,0.1,0.3,rest
246.9,0.1,0.1,0.3,rest
246.92000000000002,0.1,0.1,0.3,rest
246.94,0.1,0.1,0.3,rest
246.96,0.1,0.1,0.3,rest
246.98000000000002,0.1,0.1,0.3,rest
247.0,0.1,0.1,0.3,rest
247.02,0.1,0.1,0.3,rest
247.04,0.1,0.1,0.3,rest
247.06,0.1,0.1,0.3,rest
247.08,0.1,0.1,0.3,rest
247.1,0.1,0.1,0.3,rest
247.12,0.1,0.1,0.3,rest
247.14000000000001,0.1,0.1,0.3,rest
247.16,0.1,0.1,0.3,rest
247.18,0.1,0.1,0.3,rest
247.20000000000002,0.1,0.1,0.3,rest
247.22,0.1,0.1,0.3,rest
247.24,0.1,0.1,0.3,rest
247.26000000000002,0.1,0.1,0.3,rest
247.28,0.1,0.1,0.3,rest
247.3,0.1,0.1,0.3,rest
247.32,0.1,0.1,0.3,rest
247.34,0.1,0.1,0.3,rest
247.36,0.1,0.1,0.3,rest
247.38,0.1,0.1,0.3,rest
247.4,0.1,0.1,0.3,rest
247.42000000000002,0.1,0.1,0.3,rest
247.44,0.1,0.1,0.3,rest
247.46,0.1,0.1,0.3,rest
247.48000000000002,0.1,0.1,0.3,rest
247.5,0.1,0.1,0.3,rest
247.52,0.1,0.1,0.3,rest
247.54,0.1,0.1,0.3,rest
247.56,0.1,0.1,0.3,rest
247.58,0.1,0.1,0.3,rest
247.6,0.1,0.1,0.3,rest
247.62,0.1,0.1,0.3,rest
247.64000000000001,0.1,0.1,0.3,rest
247.66,0.1,0.1,0.3,rest
247.68,0.1,0.1,0.3,rest
247.70000000000002,0.1,0.1,0.3,rest
247.72,0.1,0.1,0.3,rest
247.74,0.1,0.1,0.3,rest
247.76000000000002,0.1,0.1,0.3,rest
247.78,0.1,0.1,0.3,rest
247.8,0.1,0.1,0.3,rest
247.82,0.1,0.1,0.3,rest
247.84,0.1,0.1,0.3,rest
247.86,0.1,0.1,0.3,rest
247.88,0.1,0.1,0.3,rest
247.9,0.1,0.1,0.3,rest
247.92000000000002,0.1,0.1,0.3,rest
247.94,0.1,0.1,0.3,rest
247.96,0.1,0.1,0.3,rest
247.98000000000002,0.1,0.1,0.3,rest
248.0,0.1,0.1,0.3,rest
248.02,0.1,0.1,0.3,rest
248.04,0.1,0.1,0.3,rest
248.06,0.1,0.1,0.3,rest
248.08,0.1,0.1,0.3,rest
248.1,0.1,0.1,0.3,rest
248.12,0.1,0.1,0.3,rest
248.14000000000001,0.1,0.1,0.3,rest
248.16,0.1,0.1,0.3,rest
248.18,0.1,0.1,0.3,rest
248.20000000000002,0.1,0.1,0.3,rest
248.22,0.1,0.1,0.3,rest
248.24,0.1,0.1,0.3,rest
248.26000000000002,0.1,0.1,0.3,rest
248.28,0.1,0.1,0.3,rest
248.3,0.1,0.1,0.3,rest
248.32,0.1,0.1,0.3,rest
248.34,0.1,0.1,0.3,rest
248.36,0.1,0.1,0.3,rest
248.38,0.1,0.1,0.3,rest
248.4,0.1,0.1,0.3,rest
248.42000000000002,0.1,0.1,0.3,rest
248.44,0.1,0.1,0.3,rest
248.46,0.1,0.1,0.3,rest
248.48000000000002,0.1,0.1,0.3,rest
248.5,0.1,0.1,0.3,rest
248.52,0.1,0.1,0.3,rest
248.54,0.1,0.1,0.3,rest
248.56,0.1,0.1,0.3,rest
248.58,0.1,0.1,0.3,rest
248.6,0.1,0.1,0.3,A_f5:settle
248.62,0.10408163265306122,0.10306122448979592,0.3,A_f5:settle
248.64000000000001,0.10816326530612246,0.10612244897959185,0.3,A_f5:settle
248.66,0.11224489795918367,0.10918367346938776,0.3,A_f5:settle
248.68,0.1163265306122449,0.11224489795918367,0.3,A_f5:settle
248.70000000000002,0.12040816326530612,0.1153061224489796,0.3,A_f5:settle
248.72,0.12448979591836735,0.11836734693877551,0.3,A_f5:settle
248.74,0.12857142857142856,0.12142857142857143,0.3,A_f5:settle
248.76000000000002,0.1326530612244898,0.12448979591836735,0.3,A_f5:settle
248.78,0.13673469387755102,0.12755102040816327,0.3,A_f5:settle
248.8,0.14081632653061224,0.1306122448979592,0.3,A_f5:settle
248.82,0.14489795918367346,0.1336734693877551,0.3,A_f5:settle
248.84,0.1489795918367347,0.13673469387755102,0.3,A_f5:settle
248.86,0.15306122448979592,0.13979591836734695,0.3,A_f5:settle
248.88,0.15714285714285714,0.14285714285714285,0.3,A_f5:settle
248.9,0.16122448979591836,0.14591836734693878,0.3,A_f5:settle
248.92000000000002,0.16530612244897958,0.1489795918367347,0.3,A_f5:settle
248.94,0.16938775510204082,0.1520408163265306,0.3,A_f5:settle
248.96,0.17346938775510204,0.15510204081632653,0.3,A_f5:settle
248.98000000000002,0.17755102040816326,0.15816326530612246,0.3,A_f5:settle
249.0,0.18163265306122447,0.16122448979591836,0.3,A_f5:settle
249.02,0.18571428571428572,0.16428571428571428,0.3,A_f5:settle
249.04,0.18979591836734694,0.1673469387755102,0.3,A_f5:settle
249.06,0.19387755102040816,0.1704081632653061,0.3,A_f5:settle
249.08,0.19795918367346937,0.17346938775510204,0.3,A_f5:settle
249.1,0.2020408163265306,0.17653061224489797,0.3,A_f5:settle
249.12,0.2061224489795918,0.17959183673469387,0.3,A_f5:settle
249.14000000000001,0.21020408163265303,0.1826530612244898,0.3,A_f5:settle
249.16,0.21428571428571427,0.18571428571428572,0.3,A_f5:settle
249.18,0.21836734693877552,0.18877551020408162,0.3,A_f5:settle
249.20000000000002,0.2224489795918367,0.19183673469387752,0.3,A_f5:settle
249.22,0.22653061224489793,0.19489795918367347,0.3,A_f5:settle
249.24,0.23061224489795917,0.19795918367346937,0.3,A_f5:settle
249.26000000000002,0.2346938775510204,0.2010204081632653,0.3,A_f5:settle
249.28,0.23877551020408164,0.20408163265306123,0.3,A_f5:settle
249.3,0.24285714285714283,0.20714285714285713,0.3,A_f5:settle
249.32,0.24693877551020407,0.21020408163265306,0.3,A_f5:settle
249.34,0.2510204081632653,0.21326530612244898,0.3,A_f5:settle
249.36,0.2551020408163265,0.21632653061224488,0.3,A_f5:settle
249.38,0.25918367346938775,0.21938775510204078,0.3,A_f5:settle
249.4,0.2632653061224489,0.22244897959183674,0.3,A_f5:settle
249.42000000000002,0.2673469387755102,0.22551020408163264,0.3,A_f5:settle
249.44,0.2714285714285714,0.22857142857142856,0.3,A_f5:settle
249.46,0.2755102040816326,0.2316326530612245,0.3,A_f5:settle
249.48000000000002,0.27959183673469384,0.2346938775510204,0.3,A_f5:settle
249.5,0.28367346938775506,0.23775510204081632,0.3,A_f5:settle
249.52,0.28775510204081634,0.24081632653061225,0.3,A_f5:settle
249.54,0.2918367346938775,0.24387755102040815,0.3,A_f5:settle
249.56,0.29591836734693877,0.24693877551020407,0.3,A_f5:settle
249.58,0.3,0.25,0.3,A_f5:settle
249.6,0.3,0.25,0.3,A_f5
249.62,0.30034761467079535,0.25,0.3,A_f5
249.64000000000001,0.30224093919975076,0.25,0.3,A_f5
249.66,0.3050089898019842,0.25,0.3,A_f5
249.68,0.30545288319579833,0.25,0.3,A_f5
249.70000000000002,0.3,0.25,0.3,A_f5
249.72,0.2880518817217289,0.25,0.3,A_f5
249.74,0.27413772920986446,0.25,0.3,A_f5
249.76000000000002,0.2668908786506376,0.25,0.3,A_f5
249.78,0.274686115201576,0.25,0.3,A_f5
249.8,0.3,0.25,0.3,A_f5
249.82,0.33582339592678556,0.25,0.3,A_f5
249.84,0.3668504387651431,0.25,0.3,A_f5
249.86,0.3758080386791299,0.25,0.3,A_f5
249.88,0.3523443919170854,0.25,0.3,A_f5
249.9,0.30000000000000004,0.25,0.3,A_f5
249.92000000000002,0.23714609695455302,0.25,0.3,A_f5
249.94,0.1904506439050893,0.25,0.3,A_f5
249.96,0.18320379334586245,0.25,0.3,A_f5
249.98000000000002,0.22378033043440004,0.25,0.3,A_f5
250.0,0.29999999999999993,0.25,0.3,A_f5
250.02,0.38271490464807256,0.25,0.3,A_f5
250.04,0.4376494876422887,0.25,0.3,A_f5
250.06,0.44041753824452223,0.25,0.3,A_f5
250.08,0.3878201731730757,0.25,0.3,A_f5
250.1,0.3000000000000001,0.25,0.3,A_f5
250.12,0.2118322121561291,0.25,0.3,A_f5
250.14000000000001,0.15734152255572698,0.25,0.3,A_f5
250.16,0.15734152255572692,0.25,0.3,A_f5
250.18,0.21183221215612894,0.25,0.3,A_f5
250.20000000000002,0.2999999999999999,0.25,0.3,A_f5
250.22,0.38816778784387085,0.25,0.3,A_f5
250.24,0.442658477444273,0.25,0.3,A_f5
250.26000000000002,0.44265847744427306,0.25,0.3,A_f5
250.28,0.38816778784387107,0.25,0.3,A_f5
250.3,0.2999999999999996,0.25,0.3,A_f5
250.32,0.21183221215612913,0.25,0.3,A_f5
250.34,0.157341522555727,0.25,0.3,A_f5
250.36,0.15734152255572692,0.25,0.3,A_f5
250.38,0.2118322121561289,0.25,0.3,A_f5
250.4,0.2999999999999998,0.25,0.3,A_f5
250.42000000000002,0.38816778784387124,0.25,0.3,A_f5
250.44,0.442658477444273,0.25,0.3,A_f5
250.46,0.44265847744427306,0.25,0.3,A_f5
250.48000000000002,0.38816778784387107,0.25,0.3,A_f5
250.5,0.30000000000000016,0.25,0.3,A_f5
250.52,0.21183221215612916,0.25,0.3,A_f5
250.54,0.15734152255572684,0.25,0.3,A_f5
250.56,0.1573415225557269,0.25,0.3,A_f5
250.58,0.21183221215612885,0.25,0.3,A_f5
250.6,0.2999999999999998,0.25,0.3,A_f5
250.62,0.38816778784387124,0.25,0.3,A_f5
250.64000000000001,0.442658477444273,0.25,0.3,A_f5
250.66,0.4426584774442729,0.25,0.3,A_f5
250.68,0.3881677878438711,0.25,0.3,A_f5
250.70000000000002,0.29999999999999966,0.25,0.3,A_f5
250.72,0.21183221215612918,0.25,0.3,A_f5
250.74,0.15734152255572686,0.25,0.3,A_f5
250.76000000000002,0.1573415225557269,0.25,0.3,A_f5
250.78,0.2118322121561284,0.25,0.3,A_f5
250.8,0.29999999999999977,0.25,0.3,A_f5
250.82,0.38816778784387035,0.25,0.3,A_f5
250.84,0.44265847744427295,0.25,0.3,A_f5
250.86,0.4426584774442729,0.25,0.3,A_f5
250.88,0.3881677878438711,0.25,0.3,A_f5
250.9,0.2999999999999997,0.25,0.3,A_f5
250.92000000000002,0.21183221215612924,0.25,0.3,A_f5
250.94,0.15734152255572686,0.25,0.3,A_f5
250.96,0.1573415225557269,0.25,0.3,A_f5
250.98000000000002,0.21183221215612924,0.25,0.3,A_f5
251.0,0.3000000000000008,0.25,0.3,A_f5
251.02,0.3881677878438703,0.25,0.3,A_f5
251.04,0.4426584774442729,0.25,0.3,A_f5
251.06,0.4426584774442732,0.25,0.3,A_f5
251.08,0.3881677878438712,0.25,0.3,A_f5
251.1,0.3000000000000008,0.25,0.3,A_f5
251.12,0.21183221215612924,0.25,0.3,A_f5
251.14000000000001,0.1573415225557269,0.25,0.3,A_f5
251.16,0.15734152255572686,0.25,0.3,A_f5
251.18,0.21183221215612924,0.25,0.3,A_f5
251.20000000000002,0.2999999999999997,0.25,0.3,A_f5
251.22,0.3881677878438711,0.25,0.3,A_f5
251.24,0.4426584774442732,0.25,0.3,A_f5
251.26000000000002,0.44265847744427295,0.25,0.3,A_f5
251.28,0.3881677878438712,0.25,0.3,A_f5
251.3,0.3000000000000008,0.25,0.3,A_f5
251.32,0.2118322121561293,0.25,0.3,A_f5
251.34,0.15734152255572723,0.25,0.3,A_f5
251.36,0.15734152255572686,0.25,0.3,A_f5
251.38,0.21183221215612918,0.25,0.3,A_f5
251.4,0.29999999999999966,0.25,0.3,A_f5
251.42000000000002,0.3881677878438711,0.25,0.3,A_f5
251.44,0.4426584774442729,0.25,0.3,A_f5
251.46,0.442658477444273,0.25,0.3,A_f5
251.48000000000002,0.3881677878438704,0.25,0.3,A_f5
251.5,0.2999999999999998,0.25,0.3,A_f5
251.52,0.2118322121561293,0.25,0.3,A_f5
251.54,0.15734152255572723,0.25,0.3,A_f5
251.56,0.15734152255572684,0.25,0.3,A_f5
251.58,0.2118322121561283,0.25,0.3,A_f5
251.6,0.2999999999999996,0.25,0.3,A_f5
251.62,0.38816778784387107,0.25,0.3,A_f5
251.64000000000001,0.4426584774442732,0.25,0.3,A_f5
251.66,0.44265847744427333,0.25,0.3,A_f5
251.68,0.38816778784387124,0.25,0.3,A_f5
251.70000000000002,0.2999999999999998,0.25,0.3,A_f5
251.72,0.21183221215612846,0.25,0.3,A_f5
251.74,0.1573415225557266,0.25,0.3,A_f5
251.76000000000002,0.15734152255572684,0.25,0.3,A_f5
251.78,0.21183221215612913,0.25,0.3,A_f5
251.8,0.30000000000000066,0.25,0.3,A_f5
251.82,0.3881677878438719,0.25,0.3,A_f5
251.84,0.4426584774442729,0.25,0.3,A_f5
251.86,0.442658477444273,0.25,0.3,A_f5
251.88,0.3881677878438704,0.25,0.3,A_f5
251.9,0.2999999999999988,0.25,0.3,A_f5
251.92000000000002,0.21183221215612935,0.25,0.3,A_f5
251.94,0.1573415225557276,0.25,0.3,A_f5
251.96,0.1573415225557265,0.25,0.3,A_f5
251.98000000000002,0.21183221215612824,0.25,0.3,A_f5
252.0,0.29999999999999954,0.25,0.3,A_f5
252.02,0.388167787843871,0.25,0.3,A_f5
252.04,0.44265847744427256,0.25,0.3,A_f5
252.06,0.44265847744427333,0.25,0.3,A_f5
252.08,0.3881677878438713,0.25,0.3,A_f5
252.1,0.29999999999999993,0.25,0.3,A_f5
252.12,0.21183221215612852,0.25,0.3,A_f5
252.14000000000001,0.15734152255572725,0.25,0.3,A_f5
252.16,0.1573415225557268,0.25,0.3,A_f5
252.18,0.21183221215612907,0.25,0.3,A_f5
252.20000000000002,0.3000000000000006,0.25,0.3,A_f5
252.22,0.3881677878438701,0.25,0.3,A_f5
252.24,0.4426584774442729,0.25,0.3,A_f5
252.26000000000002,0.442658477444273,0.25,0.3,A_f5
252.28,0.3881677878438705,0.25,0.3,A_f5
252.3,0.2999999999999989,0.25,0.3,A_f5
252.32,0.2118322121561294,0.25,0.3,A_f5
252.34,0.15734152255572695,0.25,0.3,A_f5
252.36,0.15734152255572714,0.25,0.3,A_f5
252.38,0.2118322121561299,0.25,0.3,A_f5
252.4,0.3000000000000016,0.25,0.3,A_f5
252.42000000000002,0.38816778784386924,0.25,0.3,A_f5
252.44,0.44265847744427256,0.25,0.3,A_f5
252.46,0.44265847744427333,0.25,0.3,A_f5
252.48000000000002,0.3881677878438714,0.25,0.3,A_f5
252.5,0.3,0.25,0.3,A_f5
252.52,0.21183221215613032,0.25,0.3,A_f5
252.54,0.1573415225557273,0.25,0.3,A_f5
252.56,0.1573415225557268,0.25,0.3,A_f5
252.58,0.21183221215612902,0.25,0.3,A_f5
252.6,0.2999999999999984,0.25,0.3,A_f5
252.62,0.38816778784387007,0.25,0.3,A_f5
252.64000000000001,0.44265847744427284,0.25,0.3,A_f5
252.66,0.442658477444273,0.25,0.3,A_f5
252.68,0.38816778784387057,0.25,0.3,A_f5
252.70000000000002,0.3000000000000011,0.25,0.3,A_f5
252.72,0.2118322121561295,0.25,0.3,A_f5
252.74,0.15734152255572698,0.25,0.3,A_f5
252.76000000000002,0.15734152255572711,0.25,0.3,A_f5
252.78,0.21183221215612985,0.25,0.3,A_f5
252.8,0.2999999999999994,0.25,0.3,A_f5
252.82,0.3881677878438709,0.25,0.3,A_f5
252.84,0.44265847744427317,0.25,0.3,A_f5
252.86,0.4426584774442727,0.25,0.3,A_f5
252.88,0.38816778784386974,0.25,0.3,A_f5
252.9,0.30000000000000004,0.25,0.3,A_f5
252.92000000000002,0.21183221215612866,0.25,0.3,A_f5
252.94,0.1573415225557273,0.25,0.3,A_f5
252.96,0.15734152255572675,0.25,0.3,A_f5
252.98000000000002,0.21183221215612896,0.25,0.3,A_f5
253.0,0.2999999999999983,0.25,0.3,A_f5
253.02,0.38816778784387,0.25,0.3,A_f5
253.04,0.44265847744427284,0.25,0.3,A_f5
253.06,0.44265847744427306,0.25,0.3,A_f5
253.08,0.38816778784387235,0.25,0.3,A_f5
253.1,0.30000000000000115,0.25,0.3,A_f5
253.12,0.21183221215612957,0.25,0.3,A_f5
253.14000000000001,0.157341522555727,0.25,0.3,A_f5
253.16,0.1573415225557271,0.25,0.3,A_f5
253.18,0.21183221215612807,0.25,0.3,A_f5
253.20000000000002,0.2999999999999993,0.25,0.3,A_f5
253.22,0.38816778784387085,0.25,0.3,A_f5
253.24,0.4426584774442731,0.25,0.3,A_f5
253.26000000000002,0.4426584774442727,0.25,0.3,A_f5
253.28,0.3881677878438715,0.25,0.3,A_f5
253.3,0.30000000000000016,0.25,0.3,A_f5
253.32,0.21183221215612874,0.25,0.3,A_f5
253.34,0.15734152255572667,0.25,0.3,A_f5
253.36,0.1573415225557274,0.25,0.3,A_f5
253.38,0.2118322121561289,0.25,0.3,A_f5
253.4,0.3000000000000004,0.25,0.3,A_f5
253.42000000000002,0.3881677878438717,0.25,0.3,A_f5
253.44,0.4426584774442728,0.25,0.3,A_f5
253.46,0.4426584774442737,0.25,0.3,A_f5
253.48000000000002,0.3881677878438724,0.25,0.3,A_f5
253.5,0.30000000000000127,0.25,0.3,A_f5
253.52,0.2118322121561296,0.25,0.3,A_f5
253.54,0.157341522555727,0.25,0.3,A_f5
253.56,0.1573415225557264,0.25,0.3,A_f5
253.58,0.21183221215612802,0.25,0.3,A_f5
253.6,0.29999999999999927,0.25,0.3,A_f5
253.62,0.3881677878438725,0.25,0.3,A_f5
253.64000000000001,0.4426584774442731,0.25,0.3,A_f5
253.66,0.4426584774442728,0.25,0.3,A_f5
253.68,0.38816778784386985,0.25,0.3,A_f5
253.70000000000002,0.3000000000000023,0.25,0.3,A_f5
253.72,0.21183221215613052,0.25,0.3,A_f5
253.74,0.15734152255572736,0.25,0.3,A_f5
253.76000000000002,0.15734152255572673,0.25,0.3,A_f5
253.78,0.21183221215612885,0.25,0.3,A_f5
253.8,0.30000000000000027,0.25,0.3,A_f5
253.82,0.3881677878438682,0.25,0.3,A_f5
253.84,0.44265847744427345,0.25,0.3,A_f5
253.86,0.4426584774442738,0.25,0.3,A_f5
253.88,0.388167787843869,0.25,0.3,A_f5
253.9,0.3000000000000013,0.25,0.3,A_f5
253.92000000000002,0.21183221215612968,0.25,0.3,A_f5
253.94,0.15734152255572706,0.25,0.3,A_f5
253.96,0.15734152255572706,0.25,0.3,A_f5
253.98000000000002,0.21183221215612968,0.25,0.3,A_f5
254.0,0.3000000000000013,0.25,0.3,A_f5
254.02,0.388167787843869,0.25,0.3,A_f5
254.04,0.4426584774442738,0.25,0.3,A_f5
254.06,0.44265847744427345,0.25,0.3,A_f5
254.08,0.3881677878438716,0.25,0.3,A_f5
254.1,0.30000000000000027,0.25,0.3,A_f5
254.12,0.21183221215612885,0.25,0.3,A_f5
254.14000000000001,0.15734152255572673,0.25,0.3,A_f5
254.16,0.15734152255572736,0.25,0.3,A_f5
254.18,0.21183221215612708,0.25,0.3,A_f5
254.20000000000002,0.3000000000000023,0.25,0.3,A_f5
254.22,0.38816778784386985,0.25,0.3,A_f5
254.24,0.4426584774442728,0.25,0.3,A_f5
254.26000000000002,0.4426584774442731,0.25,0.3,A_f5
254.28,0.38816778784387423,0.25,0.3,A_f5
254.3,0.29999999999999927,0.25,0.3,A_f5
254.32,0.21183221215613146,0.25,0.3,A_f5
254.34,0.1573415225557264,0.25,0.3,A_f5
254.36,0.15734152255572637,0.25,0.3,A_f5
254.38,0.2118322121561279,0.25,0.3,A_f5
254.4,0.2999999999999991,0.25,0.3,A_f5
254.42000000000002,0.3881677878438707,0.25,0.3,A_f5
254.44,0.4426584774442731,0.25,0.3,A_f5
254.46,0.4426584774442728,0.25,0.3,A_f5
254.48000000000002,0.3881677878438734,0.25,0.3,A_f5
254.5,0.2999999999999982,0.25,0.3,A_f5
254.52,0.21183221215613063,0.25,0.3,A_f5
254.54,0.1573415225557261,0.25,0.3,A_f5
254.56,0.15734152255572667,0.25,0.3,A_f5
254.58,0.21183221215612874,0.25,0.3,A_f5
254.6,0.30000000000000016,0.25,0.3,A_f5
254.62,0.3881677878438715,0.25,0.3,A_f5
254.64000000000001,0.4426584774442734,0.25,0.3,A_f5
254.66,0.44265847744427245,0.25,0.3,A_f5
254.68,0.38816778784387257,0.25,0.3,A_f5
254.70000000000002,0.2999999999999972,0.25,0.3,A_f5
254.72,0.2118322121561298,0.25,0.3,A_f5
254.74,0.1573415225557271,0.25,0.3,A_f5
254.76000000000002,0.157341522555727,0.25,0.3,A_f5
254.78,0.21183221215612608,0.25,0.3,A_f5
254.8,0.30000000000000115,0.25,0.3,A_f5
254.82,0.3881677878438689,0.25,0.3,A_f5
254.84,0.4426584774442724,0.25,0.3,A_f5
254.86,0.44265847744427345,0.25,0.3,A_f5
254.88,0.38816778784387174,0.25,0.3,A_f5
254.9,0.30000000000000043,0.25,0.3,A_f5
254.92000000000002,0.21183221215612896,0.25,0.3,A_f5
254.94,0.15734152255572809,0.25,0.3,A_f5
254.96,0.1573415225557273,0.25,0.3,A_f5
254.98000000000002,0.2118322121561269,0.25,0.3,A_f5
255.0,0.3000000000000022,0.25,0.3,A_f5
255.02,0.38816778784386974,0.25,0.3,A_f5
255.04,0.4426584774442727,0.25,0.3,A_f5
255.06,0.44265847744427317,0.25,0.3,A_f5
255.08,0.3881677878438709,0.25,0.3,A_f5
255.1,0.2999999999999994,0.25,0.3,A_f5
255.12,0.2132171887482961,0.25,0.3,A_f5
255.14000000000001,0.16235051235771197,0.25,0.3,A_f5
255.16,0.16616447290321248,0.25,0.3,A_f5
255.18,0.2202514867169951,0.25,0.3,A_f5
255.20000000000002,0.30000000000000276,0.25,0.3,A_f5
255.22,0.3721840254693133,0.25,0.3,A_f5
255.24,0.40954935609490967,0.25,0.3,A_f5
255.26000000000002,0.40169975145312364,0.25,0.3,A_f5
255.28,0.3577065663220376,0.25,0.3,A_f5
255.3,0.29999999999999905,0.25,0.3,A_f5
255.32,0.25314805547583197,0.25,0.3,A_f5
255.34,0.23314956123485708,0.25,0.3,A_f5
255.36,0.24203652779801627,0.25,0.3,A_f5
255.38,0.2695387784781649,0.25,0.3,A_f5
255.4,0.3,0.25,0.3,A_f5
255.42000000000002,0.3204625623315508,0.25,0.3,A_f5
255.44,0.32586227079013536,0.25,0.3,A_f5
255.46,0.3193324614758464,0.25,0.3,A_f5
255.48000000000002,0.3084192745608674,0.25,0.3,A_f5
255.5,0.2999999999999998,0.25,0.3,A_f5
255.52,0.2969042740530722,0.25,0.3,A_f5
255.54,0.2977590608002492,0.25,0.3,A_f5
255.56,0.29943754764766506,0.25,0.3,A_f5
255.58,0.3,0.25,0.3,A_f5
255.6,0.3,0.25,0.3,A_f5:tail
255.62,0.3,0.25,0.3,A_f5:tail
255.64000000000001,0.3,0.25,0.3,A_f5:tail
255.66,0.3,0.25,0.3,A_f5:tail
255.68,0.3,0.25,0.3,A_f5:tail
255.70000000000002,0.3,0.25,0.3,A_f5:tail
255.72,0.3,0.25,0.3,A_f5:tail
255.74,0.3,0.25,0.3,A_f5:tail
255.76000000000002,0.3,0.25,0.3,A_f5:tail
255.78,0.3,0.25,0.3,A_f5:tail
255.8,0.3,0.25,0.3,A_f5:tail
255.82,0.3,0.25,0.3,A_f5:tail
255.84,0.3,0.25,0.3,A_f5:tail
255.86,0.3,0.25,0.3,A_f5:tail
255.88,0.3,0.25,0.3,A_f5:tail
255.9,0.3,0.25,0.3,A_f5:tail
255.92000000000002,0.3,0.25,0.3,A_f5:tail
255.94,0.3,0.25,0.3,A_f5:tail
255.96,0.3,0.25,0.3,A_f5:tail
255.98000000000002,0.3,0.25,0.3,A_f5:tail
256.0,0.3,0.25,0.3,A_f5:tail
256.02,0.3,0.25,0.3,A_f5:tail
256.04,0.3,0.25,0.3,A_f5:tail
256.06,0.3,0.25,0.3,A_f5:tail
256.08,0.3,0.25,0.3,A_f5:tail
256.1,0.29,0.2425,0.3,rest:down
256.12,0.27999999999999997,0.235,0.3,rest:down
256.14,0.27,0.2275,0.3,rest:down
256.16,0.26,0.22,0.3,rest:down
256.18,0.25,0.2125,0.3,rest:down
256.2,0.24,0.20500000000000002,0.3,rest:down
256.22,0.22999999999999998,0.1975,0.3,rest:down
256.24,0.22,0.19,0.3,rest:down
256.26,0.21000000000000002,0.1825,0.3,rest:down
256.28000000000003,0.2,0.175,0.3,rest:down
256.3,0.19,0.1675,0.3,rest:down
256.32,0.18,0.16,0.3,rest:down
256.34000000000003,0.17,0.1525,0.3,rest:down
256.36,0.16,0.14500000000000002,0.3,rest:down
256.38,0.15000000000000002,0.1375,0.3,rest:down
256.4,0.14,0.13,0.3,rest:down
256.42,0.13,0.1225,0.3,rest:down
256.44,0.12000000000000002,0.11499999999999999,0.3,rest:down
256.46,0.11000000000000001,0.10750000000000001,0.3,rest:down
256.48,0.1,0.1,0.3,rest:down
256.5,0.1,0.1,0.3,rest
256.52,0.1,0.1,0.3,rest
256.54,0.1,0.1,0.3,rest
256.56,0.1,0.1,0.3,rest
256.58,0.1,0.1,0.3,rest
256.6,0.1,0.1,0.3,rest
256.62,0.1,0.1,0.3,rest
256.64,0.1,0.1,0.3,rest
256.66,0.1,0.1,0.3,rest
256.68,0.1,0.1,0.3,rest
256.7,0.1,0.1,0.3,rest
256.72,0.1,0.1,0.3,rest
256.74,0.1,0.1,0.3,rest
256.76,0.1,0.1,0.3,rest
256.78000000000003,0.1,0.1,0.3,rest
256.8,0.1,0.1,0.3,rest
256.82,0.1,0.1,0.3,rest
256.84000000000003,0.1,0.1,0.3,rest
256.86,0.1,0.1,0.3,rest
256.88,0.1,0.1,0.3,rest
256.9,0.1,0.1,0.3,rest
256.92,0.1,0.1,0.3,rest
256.94,0.1,0.1,0.3,rest
256.96,0.1,0.1,0.3,rest
256.98,0.1,0.1,0.3,rest
257.0,0.1,0.1,0.3,rest
257.02,0.1,0.1,0.3,rest
257.04,0.1,0.1,0.3,rest
257.06,0.1,0.1,0.3,rest
257.08,0.1,0.1,0.3,rest
257.1,0.1,0.1,0.3,rest
257.12,0.1,0.1,0.3,rest
257.14,0.1,0.1,0.3,rest
257.16,0.1,0.1,0.3,rest
257.18,0.1,0.1,0.3,rest
257.2,0.1,0.1,0.3,rest
257.22,0.1,0.1,0.3,rest
257.24,0.1,0.1,0.3,rest
257.26,0.1,0.1,0.3,rest
257.28000000000003,0.1,0.1,0.3,rest
257.3,0.1,0.1,0.3,rest
257.32,0.1,0.1,0.3,rest
257.34000000000003,0.1,0.1,0.3,rest
257.36,0.1,0.1,0.3,rest
257.38,0.1,0.1,0.3,rest
257.4,0.1,0.1,0.3,rest
257.42,0.1,0.1,0.3,rest
257.44,0.1,0.1,0.3,rest
257.46,0.1,0.1,0.3,rest
257.48,0.1,0.1,0.3,rest
257.5,0.1,0.1,0.3,rest
257.52,0.1,0.1,0.3,rest
257.54,0.1,0.1,0.3,rest
257.56,0.1,0.1,0.3,rest
257.58,0.1,0.1,0.3,rest
257.6,0.1,0.1,0.3,rest
257.62,0.1,0.1,0.3,rest
257.64,0.1,0.1,0.3,rest
257.66,0.1,0.1,0.3,rest
257.68,0.1,0.1,0.3,rest
257.7,0.1,0.1,0.3,rest
257.72,0.1,0.1,0.3,rest
257.74,0.1,0.1,0.3,rest
257.76,0.1,0.1,0.3,rest
257.78000000000003,0.1,0.1,0.3,rest
257.8,0.1,0.1,0.3,rest
257.82,0.1,0.1,0.3,rest
257.84000000000003,0.1,0.1,0.3,rest
257.86,0.1,0.1,0.3,rest
257.88,0.1,0.1,0.3,rest
257.9,0.1,0.1,0.3,rest
257.92,0.1,0.1,0.3,rest
257.94,0.1,0.1,0.3,rest
257.96,0.1,0.1,0.3,rest
257.98,0.1,0.1,0.3,rest
258.0,0.1,0.1,0.3,rest
258.02,0.1,0.1,0.3,rest
258.04,0.1,0.1,0.3,rest
258.06,0.1,0.1,0.3,rest
258.08,0.1,0.1,0.3,rest
258.1,0.1,0.1,0.3,rest
258.12,0.1,0.1,0.3,rest
258.14,0.1,0.1,0.3,rest
258.16,0.1,0.1,0.3,rest
258.18,0.1,0.1,0.3,rest
258.2,0.1,0.1,0.3,rest
258.22,0.1,0.1,0.3,rest
258.24,0.1,0.1,0.3,rest
258.26,0.1,0.1,0.3,rest
258.28000000000003,0.1,0.1,0.3,rest
258.3,0.1,0.1,0.3,rest
258.32,0.1,0.1,0.3,rest
258.34000000000003,0.1,0.1,0.3,rest
258.36,0.1,0.1,0.3,rest
258.38,0.1,0.1,0.3,rest
258.4,0.1,0.1,0.3,rest
258.42,0.1,0.1,0.3,rest
258.44,0.1,0.1,0.3,rest
258.46,0.1,0.1,0.3,rest
258.48,0.1,0.1,0.3,rest
258.5,0.1,0.1,0.3,rest
258.52,0.1,0.1,0.3,rest
258.54,0.1,0.1,0.3,rest
258.56,0.1,0.1,0.3,rest
258.58,0.1,0.1,0.3,rest
258.6,0.1,0.1,0.3,rest
258.62,0.1,0.1,0.3,rest
258.64,0.1,0.1,0.3,rest
258.66,0.1,0.1,0.3,rest
258.68,0.1,0.1,0.3,rest
258.7,0.1,0.1,0.3,rest
258.72,0.1,0.1,0.3,rest
258.74,0.1,0.1,0.3,rest
258.76,0.1,0.1,0.3,rest
258.78000000000003,0.1,0.1,0.3,rest
258.8,0.1,0.1,0.3,rest
258.82,0.1,0.1,0.3,rest
258.84000000000003,0.1,0.1,0.3,rest
258.86,0.1,0.1,0.3,rest
258.88,0.1,0.1,0.3,rest
258.9,0.1,0.1,0.3,rest
258.92,0.1,0.1,0.3,rest
258.94,0.1,0.1,0.3,rest
258.96,0.1,0.1,0.3,rest
258.98,0.1,0.1,0.3,rest
259.0,0.1,0.1,0.3,rest
259.02,0.1,0.1,0.3,rest
259.04,0.1,0.1,0.3,rest
259.06,0.1,0.1,0.3,rest
259.08,0.1,0.1,0.3,rest
259.1,0.1,0.1,0.3,rest
259.12,0.1,0.1,0.3,rest
259.14,0.1,0.1,0.3,rest
259.16,0.1,0.1,0.3,rest
259.18,0.1,0.1,0.3,rest
259.2,0.1,0.1,0.3,rest
259.22,0.1,0.1,0.3,rest
259.24,0.1,0.1,0.3,rest
259.26,0.1,0.1,0.3,rest
259.28000000000003,0.1,0.1,0.3,rest
259.3,0.1,0.1,0.3,rest
259.32,0.1,0.1,0.3,rest
259.34000000000003,0.1,0.1,0.3,rest
259.36,0.1,0.1,0.3,rest
259.38,0.1,0.1,0.3,rest
259.4,0.1,0.1,0.3,rest
259.42,0.1,0.1,0.3,rest
259.44,0.1,0.1,0.3,rest
259.46,0.1,0.1,0.3,rest
259.48,0.1,0.1,0.3,rest
259.5,0.1,0.1,0.3,rest
259.52,0.1,0.1,0.3,rest
259.54,0.1,0.1,0.3,rest
259.56,0.1,0.1,0.3,rest
259.58,0.1,0.1,0.3,rest
259.6,0.1,0.1,0.3,rest
259.62,0.1,0.1,0.3,rest
259.64,0.1,0.1,0.3,rest
259.66,0.1,0.1,0.3,rest
259.68,0.1,0.1,0.3,rest
259.7,0.1,0.1,0.3,rest
259.72,0.1,0.1,0.3,rest
259.74,0.1,0.1,0.3,rest
259.76,0.1,0.1,0.3,rest
259.78000000000003,0.1,0.1,0.3,rest
259.8,0.1,0.1,0.3,rest
259.82,0.1,0.1,0.3,rest
259.84000000000003,0.1,0.1,0.3,rest
259.86,0.1,0.1,0.3,rest
259.88,0.1,0.1,0.3,rest
259.9,0.1,0.1,0.3,rest
259.92,0.1,0.1,0.3,rest
259.94,0.1,0.1,0.3,rest
259.96,0.1,0.1,0.3,rest
259.98,0.1,0.1,0.3,rest
260.0,0.1,0.1,0.3,rest
260.02,0.1,0.1,0.3,rest
260.04,0.1,0.1,0.3,rest
260.06,0.1,0.1,0.3,rest
260.08,0.1,0.1,0.3,rest
260.1,0.1,0.1,0.3,rest
260.12,0.1,0.1,0.3,rest
260.14,0.1,0.1,0.3,rest
260.16,0.1,0.1,0.3,rest
260.18,0.1,0.1,0.3,rest
260.2,0.1,0.1,0.3,rest
260.22,0.1,0.1,0.3,rest
260.24,0.1,0.1,0.3,rest
260.26,0.1,0.1,0.3,rest
260.28000000000003,0.1,0.1,0.3,rest
260.3,0.1,0.1,0.3,rest
260.32,0.1,0.1,0.3,rest
260.34000000000003,0.1,0.1,0.3,rest
260.36,0.1,0.1,0.3,rest
260.38,0.1,0.1,0.3,rest
260.4,0.1,0.1,0.3,rest
260.42,0.1,0.1,0.3,rest
260.44,0.1,0.1,0.3,rest
260.46,0.1,0.1,0.3,rest
260.48,0.1,0.1,0.3,rest
260.5,0.1,0.1,0.3,rest
260.52,0.1,0.1,0.3,rest
260.54,0.1,0.1,0.3,rest
260.56,0.1,0.1,0.3,rest
260.58,0.1,0.1,0.3,rest
260.6,0.1,0.1,0.3,rest
260.62,0.1,0.1,0.3,rest
260.64,0.1,0.1,0.3,rest
260.66,0.1,0.1,0.3,rest
260.68,0.1,0.1,0.3,rest
260.7,0.1,0.1,0.3,rest
260.72,0.1,0.1,0.3,rest
260.74,0.1,0.1,0.3,rest
260.76,0.1,0.1,0.3,rest
260.78000000000003,0.1,0.1,0.3,rest
260.8,0.1,0.1,0.3,rest
260.82,0.1,0.1,0.3,rest
260.84000000000003,0.1,0.1,0.3,rest
260.86,0.1,0.1,0.3,rest
260.88,0.1,0.1,0.3,rest
260.9,0.1,0.1,0.3,rest
260.92,0.1,0.1,0.3,rest
260.94,0.1,0.1,0.3,rest
260.96,0.1,0.1,0.3,rest
260.98,0.1,0.1,0.3,rest
261.0,0.1,0.1,0.3,rest
261.02,0.1,0.1,0.3,rest
261.04,0.1,0.1,0.3,rest
261.06,0.1,0.1,0.3,rest
261.08,0.1,0.1,0.3,rest
261.1,0.1,0.1,0.3,rest
261.12,0.1,0.1,0.3,rest
261.14,0.1,0.1,0.3,rest
261.16,0.1,0.1,0.3,rest
261.18,0.1,0.1,0.3,rest
261.2,0.1,0.1,0.3,rest
261.22,0.1,0.1,0.3,rest
261.24,0.1,0.1,0.3,rest
261.26,0.1,0.1,0.3,rest
261.28000000000003,0.1,0.1,0.3,rest
261.3,0.1,0.1,0.3,rest
261.32,0.1,0.1,0.3,rest
261.34000000000003,0.1,0.1,0.3,rest
261.36,0.1,0.1,0.3,rest
261.38,0.1,0.1,0.3,rest
261.4,0.1,0.1,0.3,rest
261.42,0.1,0.1,0.3,rest
261.44,0.1,0.1,0.3,rest
261.46,0.1,0.1,0.3,rest
261.48,0.1,0.1,0.3,rest
261.5,0.1,0.1,0.3,rest
261.52,0.1,0.1,0.3,rest
261.54,0.1,0.1,0.3,rest
261.56,0.1,0.1,0.3,rest
261.58,0.1,0.1,0.3,rest
261.6,0.1,0.1,0.3,rest
261.62,0.1,0.1,0.3,rest
261.64,0.1,0.1,0.3,rest
261.66,0.1,0.1,0.3,rest
261.68,0.1,0.1,0.3,rest
261.7,0.1,0.1,0.3,rest
261.72,0.1,0.1,0.3,rest
261.74,0.1,0.1,0.3,rest
261.76,0.1,0.1,0.3,rest
261.78000000000003,0.1,0.1,0.3,rest
261.8,0.1,0.1,0.3,rest
261.82,0.1,0.1,0.3,rest
261.84000000000003,0.1,0.1,0.3,rest
261.86,0.1,0.1,0.3,rest
261.88,0.1,0.1,0.3,rest
261.9,0.1,0.1,0.3,rest
261.92,0.1,0.1,0.3,rest
261.94,0.1,0.1,0.3,rest
261.96,0.1,0.1,0.3,rest
261.98,0.1,0.1,0.3,rest
262.0,0.1,0.1,0.3,rest
262.02,0.1,0.1,0.3,rest
262.04,0.1,0.1,0.3,rest
262.06,0.1,0.1,0.3,rest
262.08,0.1,0.1,0.3,rest
262.1,0.1,0.1,0.3,rest
262.12,0.1,0.1,0.3,rest
262.14,0.1,0.1,0.3,rest
262.16,0.1,0.1,0.3,rest
262.18,0.1,0.1,0.3,rest
262.2,0.1,0.1,0.3,rest
262.22,0.1,0.1,0.3,rest
262.24,0.1,0.1,0.3,rest
262.26,0.1,0.1,0.3,rest
262.28000000000003,0.1,0.1,0.3,rest
262.3,0.1,0.1,0.3,rest
262.32,0.1,0.1,0.3,rest
262.34000000000003,0.1,0.1,0.3,rest
262.36,0.1,0.1,0.3,rest
262.38,0.1,0.1,0.3,rest
262.4,0.1,0.1,0.3,rest
262.42,0.1,0.1,0.3,rest
262.44,0.1,0.1,0.3,rest
262.46,0.1,0.1,0.3,rest
262.48,0.1,0.1,0.3,rest
262.5,0.1,0.1,0.3,rest
262.52,0.1,0.1,0.3,rest
262.54,0.1,0.1,0.3,rest
262.56,0.1,0.1,0.3,rest
262.58,0.1,0.1,0.3,rest
262.6,0.1,0.1,0.3,rest
262.62,0.1,0.1,0.3,rest
262.64,0.1,0.1,0.3,rest
262.66,0.1,0.1,0.3,rest
262.68,0.1,0.1,0.3,rest
262.7,0.1,0.1,0.3,rest
262.72,0.1,0.1,0.3,rest
262.74,0.1,0.1,0.3,rest
262.76,0.1,0.1,0.3,rest
262.78000000000003,0.1,0.1,0.3,rest
262.8,0.1,0.1,0.3,rest
262.82,0.1,0.1,0.3,rest
262.84000000000003,0.1,0.1,0.3,rest
262.86,0.1,0.1,0.3,rest
262.88,0.1,0.1,0.3,rest
262.9,0.1,0.1,0.3,rest
262.92,0.1,0.1,0.3,rest
262.94,0.1,0.1,0.3,rest
262.96,0.1,0.1,0.3,rest
262.98,0.1,0.1,0.3,rest
263.0,0.1,0.1,0.3,rest
263.02,0.1,0.1,0.3,rest
263.04,0.1,0.1,0.3,rest
263.06,0.1,0.1,0.3,rest
263.08,0.1,0.1,0.3,rest
263.1,0.1,0.1,0.3,rest
263.12,0.1,0.1,0.3,rest
263.14,0.1,0.1,0.3,rest
263.16,0.1,0.1,0.3,rest
263.18,0.1,0.1,0.3,rest
263.2,0.1,0.1,0.3,rest
263.22,0.1,0.1,0.3,rest
263.24,0.1,0.1,0.3,rest
263.26,0.1,0.1,0.3,rest
263.28000000000003,0.1,0.1,0.3,rest
263.3,0.1,0.1,0.3,rest
263.32,0.1,0.1,0.3,rest
263.34000000000003,0.1,0.1,0.3,rest
263.36,0.1,0.1,0.3,rest
263.38,0.1,0.1,0.3,rest
263.4,0.1,0.1,0.3,rest
263.42,0.1,0.1,0.3,rest
263.44,0.1,0.1,0.3,rest
263.46,0.1,0.1,0.3,rest
263.48,0.1,0.1,0.3,rest
263.5,0.1,0.1,0.3,rest
263.52,0.1,0.1,0.3,rest
263.54,0.1,0.1,0.3,rest
263.56,0.1,0.1,0.3,rest
263.58,0.1,0.1,0.3,rest
263.6,0.1,0.1,0.3,rest
263.62,0.1,0.1,0.3,rest
263.64,0.1,0.1,0.3,rest
263.66,0.1,0.1,0.3,rest
263.68,0.1,0.1,0.3,rest
263.7,0.1,0.1,0.3,rest
263.72,0.1,0.1,0.3,rest
263.74,0.1,0.1,0.3,rest
263.76,0.1,0.1,0.3,rest
263.78000000000003,0.1,0.1,0.3,rest
263.8,0.1,0.1,0.3,rest
263.82,0.1,0.1,0.3,rest
263.84000000000003,0.1,0.1,0.3,rest
263.86,0.1,0.1,0.3,rest
263.88,0.1,0.1,0.3,rest
263.9,0.1,0.1,0.3,rest
263.92,0.1,0.1,0.3,rest
263.94,0.1,0.1,0.3,rest
263.96,0.1,0.1,0.3,rest
263.98,0.1,0.1,0.3,rest
264.0,0.1,0.1,0.3,rest
264.02,0.1,0.1,0.3,rest
264.04,0.1,0.1,0.3,rest
264.06,0.1,0.1,0.3,rest
264.08,0.1,0.1,0.3,rest
264.1,0.1,0.1,0.3,rest
264.12,0.1,0.1,0.3,rest
264.14,0.1,0.1,0.3,rest
264.16,0.1,0.1,0.3,rest
264.18,0.1,0.1,0.3,rest
264.2,0.1,0.1,0.3,rest
264.22,0.1,0.1,0.3,rest
264.24,0.1,0.1,0.3,rest
264.26,0.1,0.1,0.3,rest
264.28000000000003,0.1,0.1,0.3,rest
264.3,0.1,0.1,0.3,rest
264.32,0.1,0.1,0.3,rest
264.34000000000003,0.1,0.1,0.3,rest
264.36,0.1,0.1,0.3,rest
264.38,0.1,0.1,0.3,rest
264.4,0.1,0.1,0.3,rest
264.42,0.1,0.1,0.3,rest
264.44,0.1,0.1,0.3,rest
264.46,0.1,0.1,0.3,rest
264.48,0.1,0.1,0.3,rest
264.5,0.1,0.1,0.3,rest
264.52,0.1,0.1,0.3,rest
264.54,0.1,0.1,0.3,rest
264.56,0.1,0.1,0.3,rest
264.58,0.1,0.1,0.3,rest
264.6,0.1,0.1,0.3,rest
264.62,0.1,0.1,0.3,rest
264.64,0.1,0.1,0.3,rest
264.66,0.1,0.1,0.3,rest
264.68,0.1,0.1,0.3,rest
264.7,0.1,0.1,0.3,rest
264.72,0.1,0.1,0.3,rest
264.74,0.1,0.1,0.3,rest
264.76,0.1,0.1,0.3,rest
264.78000000000003,0.1,0.1,0.3,rest
264.8,0.1,0.1,0.3,rest
264.82,0.1,0.1,0.3,rest
264.84000000000003,0.1,0.1,0.3,rest
264.86,0.1,0.1,0.3,rest
264.88,0.1,0.1,0.3,rest
264.9,0.1,0.1,0.3,rest
264.92,0.1,0.1,0.3,rest
264.94,0.1,0.1,0.3,rest
264.96,0.1,0.1,0.3,rest
264.98,0.1,0.1,0.3,rest
265.0,0.1,0.1,0.3,rest
265.02,0.1,0.1,0.3,rest
265.04,0.1,0.1,0.3,rest
265.06,0.1,0.1,0.3,rest
265.08,0.1,0.1,0.3,rest
265.1,0.1,0.1,0.3,rest
265.12,0.1,0.1,0.3,rest
265.14,0.1,0.1,0.3,rest
265.16,0.1,0.1,0.3,rest
265.18,0.1,0.1,0.3,rest
265.2,0.1,0.1,0.3,rest
265.22,0.1,0.1,0.3,rest
265.24,0.1,0.1,0.3,rest
265.26,0.1,0.1,0.3,rest
265.28000000000003,0.1,0.1,0.3,rest
265.3,0.1,0.1,0.3,rest
265.32,0.1,0.1,0.3,rest
265.34000000000003,0.1,0.1,0.3,rest
265.36,0.1,0.1,0.3,rest
265.38,0.1,0.1,0.3,rest
265.4,0.1,0.1,0.3,rest
265.42,0.1,0.1,0.3,rest
265.44,0.1,0.1,0.3,rest
265.46,0.1,0.1,0.3,rest
265.48,0.1,0.1,0.3,rest
265.5,0.1,0.1,0.3,rest
265.52,0.1,0.1,0.3,rest
265.54,0.1,0.1,0.3,rest
265.56,0.1,0.1,0.3,rest
265.58,0.1,0.1,0.3,rest
265.6,0.1,0.1,0.3,rest
265.62,0.1,0.1,0.3,rest
265.64,0.1,0.1,0.3,rest
265.66,0.1,0.1,0.3,rest
265.68,0.1,0.1,0.3,rest
265.7,0.1,0.1,0.3,rest
265.72,0.1,0.1,0.3,rest
265.74,0.1,0.1,0.3,rest
265.76,0.1,0.1,0.3,rest
265.78000000000003,0.1,0.1,0.3,rest
265.8,0.1,0.1,0.3,rest
265.82,0.1,0.1,0.3,rest
265.84000000000003,0.1,0.1,0.3,rest
265.86,0.1,0.1,0.3,rest
265.88,0.1,0.1,0.3,rest
265.9,0.1,0.1,0.3,rest
265.92,0.1,0.1,0.3,rest
265.94,0.1,0.1,0.3,rest
265.96,0.1,0.1,0.3,rest
265.98,0.1,0.1,0.3,rest
266.0,0.1,0.1,0.3,rest
266.02,0.1,0.1,0.3,rest
266.04,0.1,0.1,0.3,rest
266.06,0.1,0.1,0.3,rest
266.08,0.1,0.1,0.3,rest
266.1,0.1,0.1,0.3,rest
266.12,0.1,0.1,0.3,rest
266.14,0.1,0.1,0.3,rest
266.16,0.1,0.1,0.3,rest
266.18,0.1,0.1,0.3,rest
266.2,0.1,0.1,0.3,rest
266.22,0.1,0.1,0.3,rest
266.24,0.1,0.1,0.3,rest
266.26,0.1,0.1,0.3,rest
266.28000000000003,0.1,0.1,0.3,rest
266.3,0.1,0.1,0.3,rest
266.32,0.1,0.1,0.3,rest
266.34000000000003,0.1,0.1,0.3,rest
266.36,0.1,0.1,0.3,rest
266.38,0.1,0.1,0.3,rest
266.4,0.1,0.1,0.3,rest
266.42,0.1,0.1,0.3,rest
266.44,0.1,0.1,0.3,rest
266.46,0.1,0.1,0.3,rest
266.48,0.1,0.1,0.3,rest
266.5,0.1,0.1,0.3,A_f8:settle
266.52,0.10408163265306122,0.10306122448979592,0.3,A_f8:settle
266.54,0.10816326530612246,0.10612244897959185,0.3,A_f8:settle
266.56,0.11224489795918367,0.10918367346938776,0.3,A_f8:settle
266.58,0.1163265306122449,0.11224489795918367,0.3,A_f8:settle
266.6,0.12040816326530612,0.1153061224489796,0.3,A_f8:settle
266.62,0.12448979591836735,0.11836734693877551,0.3,A_f8:settle
266.64,0.12857142857142856,0.12142857142857143,0.3,A_f8:settle
266.66,0.1326530612244898,0.12448979591836735,0.3,A_f8:settle
266.68,0.13673469387755102,0.12755102040816327,0.3,A_f8:settle
266.7,0.14081632653061224,0.1306122448979592,0.3,A_f8:settle
266.72,0.14489795918367346,0.1336734693877551,0.3,A_f8:settle
266.74,0.1489795918367347,0.13673469387755102,0.3,A_f8:settle
266.76,0.15306122448979592,0.13979591836734695,0.3,A_f8:settle
266.78000000000003,0.15714285714285714,0.14285714285714285,0.3,A_f8:settle
266.8,0.16122448979591836,0.14591836734693878,0.3,A_f8:settle
266.82,0.16530612244897958,0.1489795918367347,0.3,A_f8:settle
266.84000000000003,0.16938775510204082,0.1520408163265306,0.3,A_f8:settle
266.86,0.17346938775510204,0.15510204081632653,0.3,A_f8:settle
266.88,0.17755102040816326,0.15816326530612246,0.3,A_f8:settle
266.9,0.18163265306122447,0.16122448979591836,0.3,A_f8:settle
266.92,0.18571428571428572,0.16428571428571428,0.3,A_f8:settle
266.94,0.18979591836734694,0.1673469387755102,0.3,A_f8:settle
266.96,0.19387755102040816,0.1704081632653061,0.3,A_f8:settle
266.98,0.19795918367346937,0.17346938775510204,0.3,A_f8:settle
267.0,0.2020408163265306,0.17653061224489797,0.3,A_f8:settle
267.02,0.2061224489795918,0.17959183673469387,0.3,A_f8:settle
267.04,0.21020408163265303,0.1826530612244898,0.3,A_f8:settle
267.06,0.21428571428571427,0.18571428571428572,0.3,A_f8:settle
267.08,0.21836734693877552,0.18877551020408162,0.3,A_f8:settle
267.1,0.2224489795918367,0.19183673469387752,0.3,A_f8:settle
267.12,0.22653061224489793,0.19489795918367347,0.3,A_f8:settle
267.14,0.23061224489795917,0.19795918367346937,0.3,A_f8:settle
267.16,0.2346938775510204,0.2010204081632653,0.3,A_f8:settle
267.18,0.23877551020408164,0.20408163265306123,0.3,A_f8:settle
267.2,0.24285714285714283,0.20714285714285713,0.3,A_f8:settle
267.22,0.24693877551020407,0.21020408163265306,0.3,A_f8:settle
267.24,0.2510204081632653,0.21326530612244898,0.3,A_f8:settle
267.26,0.2551020408163265,0.21632653061224488,0.3,A_f8:settle
267.28000000000003,0.25918367346938775,0.21938775510204078,0.3,A_f8:settle
267.3,0.2632653061224489,0.22244897959183674,0.3,A_f8:settle
267.32,0.2673469387755102,0.22551020408163264,0.3,A_f8:settle
267.34000000000003,0.2714285714285714,0.22857142857142856,0.3,A_f8:settle
267.36,0.2755102040816326,0.2316326530612245,0.3,A_f8:settle
267.38,0.27959183673469384,0.2346938775510204,0.3,A_f8:settle
267.4,0.28367346938775506,0.23775510204081632,0.3,A_f8:settle
267.42,0.28775510204081634,0.24081632653061225,0.3,A_f8:settle
267.44,0.2918367346938775,0.24387755102040815,0.3,A_f8:settle
267.46,0.29591836734693877,0.24693877551020407,0.3,A_f8:settle
267.48,0.3,0.25,0.3,A_f8:settle
267.5,0.3,0.25,0.3,A_f8
267.52,0.3004993333410833,0.25,0.3,A_f8
267.54,0.30213201042853355,0.25,0.3,A_f8
267.56,0.30066010050719055,0.25,0.3,A_f8
267.58,0.29285194941981707,0.25,0.3,A_f8
267.6,0.2863773275998995,0.25,0.3,A_f8
267.62,0.29494479289014713,0.25,0.3,A_f8
267.64,0.31861502688725285,0.25,0.3,A_f8
267.66,0.33419635660665037,0.25,0.3,A_f8
267.68,0.3158538556076165,0.25,0.3,A_f8
267.7,0.26953877847816504,0.25,0.3,A_f8
267.72,0.2391738623952231,0.25,0.3,A_f8
267.74,0.26613719170352146,0.25,0.3,A_f8
267.76,0.3384002428187788,0.25,0.3,A_f8
267.78000000000003,0.38887787165946386,0.25,0.3,A_f8
267.8,0.357706566322036,0.25,0.3,A_f8
267.82,0.2606351727049147,0.25,0.3,A_f8
267.84000000000003,0.18685326899734703,0.25,0.3,A_f8
267.86,0.21593296099794956,0.25,0.3,A_f8
267.88,0.33224827596487505,0.25,0.3,A_f8
267.9,0.4290358050441725,0.25,0.3,A_f8
267.92,0.40842893583618567,0.25,0.3,A_f8
267.94,0.28186011547254514,0.25,0.3,A_f8
267.96,0.16640795255863064,0.25,0.3,A_f8
267.98,0.17385014451578087,0.25,0.3,A_f8
268.0,0.2999999999999998,0.25,0.3,A_f8
268.02,0.4266491888253023,0.25,0.3,A_f8
268.04,0.4357240578699028,0.25,0.3,A_f8
268.06,0.31879998503464513,0.25,0.3,A_f8
268.08,0.18442301358363186,0.25,0.3,A_f8
268.1,0.1573415225557269,0.25,0.3,A_f8
268.12,0.2626965169252718,0.25,0.3,A_f8
268.14,0.40268206588930344,0.25,0.3,A_f8
268.16,0.4473430876093032,0.25,0.3,A_f8
268.18,0.3552186829027011,0.25,0.3,A_f8
268.2,0.21183221215612918,0.25,0.3,A_f8
268.22,0.15029599073575925,0.25,0.3,A_f8
268.24,0.22773694888474288,0.25,0.3,A_f8
268.26,0.3722630511152567,0.25,0.3,A_f8
268.28000000000003,0.4497040092642407,0.25,0.3,A_f8
268.3,0.3881677878438711,0.25,0.3,A_f8
268.32,0.24478131709729833,0.25,0.3,A_f8
268.34000000000003,0.15265691239069684,0.25,0.3,A_f8
268.36,0.1973179341106962,0.25,0.3,A_f8
268.38,0.33730348307472774,0.25,0.3,A_f8
268.4,0.4426584774442729,0.25,0.3,A_f8
268.42,0.4155769864163684,0.25,0.3,A_f8
268.44,0.2812000149653542,0.25,0.3,A_f8
268.46,0.16427594213009739,0.25,0.3,A_f8
268.48,0.17335081117469747,0.25,0.3,A_f8
268.5,0.2999999999999997,0.25,0.3,A_f8
268.52,0.42664918882530223,0.25,0.3,A_f8
268.54,0.43572405786990287,0.25,0.3,A_f8
268.56,0.3187999850346453,0.25,0.3,A_f8
268.58,0.18442301358363128,0.25,0.3,A_f8
268.6,0.15734152255572717,0.25,0.3,A_f8
268.62,0.2626965169252727,0.25,0.3,A_f8
268.64,0.40268206588930333,0.25,0.3,A_f8
268.66,0.4473430876093034,0.25,0.3,A_f8
268.68,0.3552186829027022,0.25,0.3,A_f8
268.7,0.2118322121561293,0.25,0.3,A_f8
268.72,0.15029599073575925,0.25,0.3,A_f8
268.74,0.22773694888474275,0.25,0.3,A_f8
268.76,0.3722630511152566,0.25,0.3,A_f8
268.78000000000003,0.44970400926424076,0.25,0.3,A_f8
268.8,0.38816778784387124,0.25,0.3,A_f8
268.82,0.24478131709729747,0.25,0.3,A_f8
268.84000000000003,0.15265691239069668,0.25,0.3,A_f8
268.86,0.19731793411069765,0.25,0.3,A_f8
268.88,0.3373034830747286,0.25,0.3,A_f8
268.9,0.4426584774442729,0.25,0.3,A_f8
268.92,0.4155769864163692,0.25,0.3,A_f8
268.94,0.28120001496535435,0.25,0.3,A_f8
268.96,0.1642759421300974,0.25,0.3,A_f8
268.98,0.17335081117469794,0.25,0.3,A_f8
269.0,0.29999999999999954,0.25,0.3,A_f8
269.02,0.42664918882530156,0.25,0.3,A_f8
269.04,0.4357240578699029,0.25,0.3,A_f8
269.06,0.3187999850346465,0.25,0.3,A_f8
269.08,0.18442301358363136,0.25,0.3,A_f8
269.1,0.1573415225557268,0.25,0.3,A_f8
269.12,0.26269651692527257,0.25,0.3,A_f8
269.14,0.4026820658893032,0.25,0.3,A_f8
269.16,0.4473430876093031,0.25,0.3,A_f8
269.18,0.3552186829027033,0.25,0.3,A_f8
269.2,0.2118322121561294,0.25,0.3,A_f8
269.22,0.15029599073575917,0.25,0.3,A_f8
269.24,0.2277369488847426,0.25,0.3,A_f8
269.26,0.3722630511152565,0.25,0.3,A_f8
269.28000000000003,0.4497040092642407,0.25,0.3,A_f8
269.3,0.3881677878438714,0.25,0.3,A_f8
269.32,0.2447813170972976,0.25,0.3,A_f8
269.34000000000003,0.15265691239069673,0.25,0.3,A_f8
269.36,0.19731793411069753,0.25,0.3,A_f8
269.38,0.3373034830747285,0.25,0.3,A_f8
269.4,0.44265847744427284,0.25,0.3,A_f8
269.42,0.41557698641636925,0.25,0.3,A_f8
269.44,0.2812000149653545,0.25,0.3,A_f8
269.46,0.1642759421300975,0.25,0.3,A_f8
269.48,0.1733508111746979,0.25,0.3,A_f8
269.5,0.2999999999999994,0.25,0.3,A_f8
269.52,0.42664918882530145,0.25,0.3,A_f8
269.54,0.435724057869903,0.25,0.3,A_f8
269.56,0.3187999850346466,0.25,0.3,A_f8
269.58,0.18442301358363145,0.25,0.3,A_f8
269.6,0.15734152255572675,0.25,0.3,A_f8
269.62,0.2626965169252724,0.25,0.3,A_f8
269.64,0.4026820658893031,0.25,0.3,A_f8
269.66,0.4473430876093031,0.25,0.3,A_f8
269.68,0.3552186829027015,0.25,0.3,A_f8
269.7,0.21183221215612782,0.25,0.3,A_f8
269.72,0.1502959907357593,0.25,0.3,A_f8
269.74,0.22773694888474438,0.25,0.3,A_f8
269.76,0.3722630511152582,0.25,0.3,A_f8
269.78000000000003,0.4497040092642407,0.25,0.3,A_f8
269.8,0.3881677878438698,0.25,0.3,A_f8
269.82,0.24478131709729972,0.25,0.3,A_f8
269.84000000000003,0.15265691239069715,0.25,0.3,A_f8
269.86,0.19731793411069587,0.25,0.3,A_f8
269.88,0.3373034830747263,0.25,0.3,A_f8
269.9,0.4426584774442728,0.25,0.3,A_f8
269.92,0.41557698641636936,0.25,0.3,A_f8
269.94,0.2812000149653546,0.25,0.3,A_f8
269.96,0.16427594213009755,0.25,0.3,A_f8
269.98,0.1733508111746978,0.25,0.3,A_f8
270.0,0.29999999999999927,0.25,0.3,A_f8
270.02,0.4266491888253014,0.25,0.3,A_f8
270.04,0.4357240578699031,0.25,0.3,A_f8
270.06,0.3187999850346447,0.25,0.3,A_f8
270.08,0.18442301358363156,0.25,0.3,A_f8
270.1,0.15734152255572673,0.25,0.3,A_f8
270.12,0.2626965169252702,0.25,0.3,A_f8
270.14,0.40268206588930455,0.25,0.3,A_f8
270.16,0.4473430876093031,0.25,0.3,A_f8
270.18,0.35521868290270164,0.25,0.3,A_f8
270.2,0.21183221215612968,0.25,0.3,A_f8
270.22,0.15029599073575942,0.25,0.3,A_f8
270.24,0.22773694888474422,0.25,0.3,A_f8
270.26,0.37226305111525804,0.25,0.3,A_f8
270.28000000000003,0.4497040092642407,0.25,0.3,A_f8
270.3,0.3881677878438716,0.25,0.3,A_f8
270.32,0.24478131709729986,0.25,0.3,A_f8
270.34000000000003,0.15265691239069717,0.25,0.3,A_f8
270.36,0.1973179341106942,0.25,0.3,A_f8
270.38,0.33730348307472824,0.25,0.3,A_f8
270.4,0.4426584774442728,0.25,0.3,A_f8
270.42,0.4155769864163694,0.25,0.3,A_f8
270.44,0.2812000149653569,0.25,0.3,A_f8
270.46,0.16427594213009672,0.25,0.3,A_f8
270.48,0.17335081117469772,0.25,0.3,A_f8
270.5,0.2999999999999991,0.25,0.3,A_f8
270.52,0.42664918882530134,0.25,0.3,A_f8
270.54,0.435724057869904,0.25,0.3,A_f8
270.56,0.3187999850346448,0.25,0.3,A_f8
270.58,0.18442301358363164,0.25,0.3,A_f8
270.6,0.15734152255572667,0.25,0.3,A_f8
270.62,0.2626965169252701,0.25,0.3,A_f8
270.64,0.4026820658893045,0.25,0.3,A_f8
270.66,0.44734308760930314,0.25,0.3,A_f8
270.68,0.35521868290270175,0.25,0.3,A_f8
270.7,0.2118322121561298,0.25,0.3,A_f8
270.72,0.15029599073575942,0.25,0.3,A_f8
270.74,0.2277369488847441,0.25,0.3,A_f8
270.76,0.3722630511152579,0.25,0.3,A_f8
270.78000000000003,0.4497040092642407,0.25,0.3,A_f8
270.8,0.38816778784387174,0.25,0.3,A_f8
270.82,0.24478131709729603,0.25,0.3,A_f8
270.84000000000003,0.1526569123906972,0.25,0.3,A_f8
270.86,0.19731793411069412,0.25,0.3,A_f8
270.88,0.33730348307472807,0.25,0.3,A_f8
270.9,0.4426584774442727,0.25,0.3,A_f8
270.92,0.41557698641636953,0.25,0.3,A_f8
270.94,0.28120001496535707,0.25,0.3,A_f8
270.96,0.16427594213009677,0.25,0.3,A_f8
270.98,0.17335081117469764,0.25,0.3,A_f8
271.0,0.29999999999999893,0.25,0.3,A_f8
271.02,0.42664918882530123,0.25,0.3,A_f8
271.04,0.4357240578699041,0.25,0.3,A_f8
271.06,0.31879998503464496,0.25,0.3,A_f8
271.08,0.18442301358363172,0.25,0.3,A_f8
271.1,0.15734152255572664,0.25,0.3,A_f8
271.12,0.2626965169252699,0.25,0.3,A_f8
271.14,0.40268206588930433,0.25,0.3,A_f8
271.16,0.4473430876093032,0.25,0.3,A_f8
271.18,0.35521868290270187,0.25,0.3,A_f8
271.2,0.2118322121561299,0.25,0.3,A_f8
271.22,0.15029599073575942,0.25,0.3,A_f8
271.24,0.227736948884744,0.25,0.3,A_f8
271.26,0.3722630511152578,0.25,0.3,A_f8
271.28000000000003,0.4497040092642407,0.25,0.3,A_f8
271.3,0.38816778784387185,0.25,0.3,A_f8
271.32,0.24478131709729617,0.25,0.3,A_f8
271.34000000000003,0.15265691239069723,0.25,0.3,A_f8
271.36,0.19731793411069398,0.25,0.3,A_f8
271.38,0.3373034830747279,0.25,0.3,A_f8
271.4,0.44265847744427267,0.25,0.3,A_f8
271.42,0.41557698641636964,0.25,0.3,A_f8
271.44,0.2812000149653572,0.25,0.3,A_f8
271.46,0.16427594213009683,0.25,0.3,A_f8
271.48,0.17335081117469756,0.25,0.3,A_f8
271.5,0.2999999999999988,0.25,0.3,A_f8
271.52,0.42664918882530345,0.25,0.3,A_f8
271.54,0.43572405786990415,0.25,0.3,A_f8
271.56,0.31879998503464513,0.25,0.3,A_f8
271.58,0.18442301358363183,0.25,0.3,A_f8
271.6,0.15734152255572526,0.25,0.3,A_f8
271.62,0.2626965169252698,0.25,0.3,A_f8
271.64,0.40268206588930117,0.25,0.3,A_f8
271.66,0.4473430876093032,0.25,0.3,A_f8
271.68,0.355218682902706,0.25,0.3,A_f8
271.7,0.21183221215613002,0.25,0.3,A_f8
271.72,0.15029599073575914,0.25,0.3,A_f8
271.74,0.22773694888474386,0.25,0.3,A_f8
271.76,0.37226305111525393,0.25,0.3,A_f8
271.78000000000003,0.4497040092642407,0.25,0.3,A_f8
271.8,0.38816778784387196,0.25,0.3,A_f8
271.82,0.2447813170972963,0.25,0.3,A_f8
271.84000000000003,0.15265691239069726,0.25,0.3,A_f8
271.86,0.19731793411069698,0.25,0.3,A_f8
271.88,0.3373034830747278,0.25,0.3,A_f8
271.9,0.4426584774442739,0.25,0.3,A_f8
271.92,0.41557698641636975,0.25,0.3,A_f8
271.94,0.28120001496535313,0.25,0.3,A_f8
271.96,0.16427594213009689,0.25,0.3,A_f8
271.98,0.17335081117469978,0.25,0.3,A_f8
272.0,0.29999999999999866,0.25,0.3,A_f8
272.02,0.42664918882530334,0.25,0.3,A_f8
272.04,0.4357240578699042,0.25,0.3,A_f8
272.06,0.31879998503464524,0.25,0.3,A_f8
272.08,0.18442301358363192,0.25,0.3,A_f8
272.1,0.15734152255572786,0.25,0.3,A_f8
272.12,0.26269651692526963,0.25,0.3,A_f8
272.14,0.40268206588930106,0.25,0.3,A_f8
272.16,0.4473430876093032,0.25,0.3,A_f8
272.18,0.35521868290270614,0.25,0.3,A_f8
272.2,0.21183221215613013,0.25,0.3,A_f8
272.22,0.15029599073575914,0.25,0.3,A_f8
272.24,0.22773694888474372,0.25,0.3,A_f8
272.26,0.3722630511152538,0.25,0.3,A_f8
272.28000000000003,0.4497040092642407,0.25,0.3,A_f8
272.3,0.38816778784387207,0.25,0.3,A_f8
272.32,0.24478131709729645,0.25,0.3,A_f8
272.34000000000003,0.15265691239069729,0.25,0.3,A_f8
272.36,0.1973179341106969,0.25,0.3,A_f8
272.38,0.33730348307472763,0.25,0.3,A_f8
272.4,0.4426584774442739,0.25,0.3,A_f8
272.42,0.41557698641636986,0.25,0.3,A_f8
272.44,0.28120001496535324,0.25,0.3,A_f8
272.46,0.16427594213009697,0.25,0.3,A_f8
272.48,0.1733508111746997,0.25,0.3,A_f8
272.5,0.29999999999999855,0.25,0.3,A_f8
272.52,0.4266491888253033,0.25,0.3,A_f8
272.54,0.43572405786990426,0.25,0.3,A_f8
272.56,0.3187999850346454,0.25,0.3,A_f8
272.58,0.18442301358363203,0.25,0.3,A_f8
272.6,0.1573415225557278,0.25,0.3,A_f8
272.62,0.2626965169252736,0.25,0.3,A_f8
272.64,0.40268206588929784,0.25,0.3,A_f8
272.66,0.44734308760930325,0.25,0.3,A_f8
272.68,0.3552186829027023,0.25,0.3,A_f8
272.7,0.21183221215613024,0.25,0.3,A_f8
272.72,0.1502959907357591,0.25,0.3,A_f8
272.74,0.22773694888473986,0.25,0.3,A_f8
272.76,0.3722630511152537,0.25,0.3,A_f8
272.78000000000003,0.4497040092642409,0.25,0.3,A_f8
272.8,0.3881677878438757,0.25,0.3,A_f8
272.82,0.24478131709729659,0.25,0.3,A_f8
272.84000000000003,0.1526569123906965,0.25,0.3,A_f8
272.86,0.19731793411069679,0.25,0.3,A_f8
272.88,0.3373034830747275,0.25,0.3,A_f8
272.9,0.44265847744427256,0.25,0.3,A_f8
272.92,0.4155769864163699,0.25,0.3,A_f8
272.94,0.2812000149653492,0.25,0.3,A_f8
272.96,0.16427594213009883,0.25,0.3,A_f8
272.98,0.1733508111746996,0.25,0.3,A_f8
273.0,0.2999999999999941,0.25,0.3,A_f8
273.02,0.42465973024604614,0.25,0.3,A_f8
273.04,0.4309585477233371,0.25,0.3,A_f8
273.06,0.31763726875261505,0.25,0.3,A_f8
273.08,0.195459633707074,0.25,0.3,A_f8
273.1,0.176673984031573,0.25,0.3,A_f8
273.12,0.2694591909561259,0.25,0.3,A_f8
273.14,0.3788509340782935,0.25,0.3,A_f8
273.16,0.405039361534302,0.25,0.3,A_f8
273.18,0.336141097163322,0.25,0.3,A_f8
273.2,0.24765560808291334,0.25,0.3,A_f8
273.22,0.22044799910921797,0.25,0.3,A_f8
273.24,0.2661371917035219,0.25,0.3,A_f8
273.26,0.3293611528006525,0.25,0.3,A_f8
273.28000000000003,0.35172146313776287,0.25,0.3,A_f8
273.3,0.3253138847984244,0.25,0.3,A_f8
273.32,0.2871844834900078,0.25,0.3,A_f8
273.34000000000003,0.27328846557825487,0.25,0.3,A_f8
273.36,0.2860849693714089,0.25,0.3,A_f8
273.38,0.30356216565894695,0.25,0.3,A_f8
273.40000000000003,0.3088229503474849,0.25,0.3,A_f8
273.42,0.30405811106830155,0.25,0.3,A_f8
273.44,0.2997046819496912,0.25,0.3,A_f8
273.46,0.29946488763244233,0.25,0.3,A_f8
273.48,0.3,0.25,0.3,A_f8
273.5,0.3,0.25,0.3,A_f8:tail
273.52,0.3,0.25,0.3,A_f8:tail
273.54,0.3,0.25,0.3,A_f8:tail
273.56,0.3,0.25,0.3,A_f8:tail
273.58,0.3,0.25,0.3,A_f8:tail
273.6,0.3,0.25,0.3,A_f8:tail
273.62,0.3,0.25,0.3,A_f8:tail
273.64,0.3,0.25,0.3,A_f8:tail
273.66,0.3,0.25,0.3,A_f8:tail
273.68,0.3,0.25,0.3,A_f8:tail
273.7,0.3,0.25,0.3,A_f8:tail
273.72,0.3,0.25,0.3,A_f8:tail
273.74,0.3,0.25,0.3,A_f8:tail
273.76,0.3,0.25,0.3,A_f8:tail
273.78000000000003,0.3,0.25,0.3,A_f8:tail
273.8,0.3,0.25,0.3,A_f8:tail
273.82,0.3,0.25,0.3,A_f8:tail
273.84000000000003,0.3,0.25,0.3,A_f8:tail
273.86,0.3,0.25,0.3,A_f8:tail
273.88,0.3,0.25,0.3,A_f8:tail
273.90000000000003,0.3,0.25,0.3,A_f8:tail
273.92,0.3,0.25,0.3,A_f8:tail
273.94,0.3,0.25,0.3,A_f8:tail
273.96,0.3,0.25,0.3,A_f8:tail
273.98,0.3,0.25,0.3,A_f8:tail
274.0,0.29,0.2425,0.3,rest:down
274.02,0.27999999999999997,0.235,0.3,rest:down
274.04,0.27,0.2275,0.3,rest:down
274.06,0.26,0.22,0.3,rest:down
274.08,0.25,0.2125,0.3,rest:down
274.1,0.24,0.20500000000000002,0.3,rest:down
274.12,0.22999999999999998,0.1975,0.3,rest:down
274.14,0.22,0.19,0.3,rest:down
274.16,0.21000000000000002,0.1825,0.3,rest:down
274.18,0.2,0.175,0.3,rest:down
274.2,0.19,0.1675,0.3,rest:down
274.22,0.18,0.16,0.3,rest:down
274.24,0.17,0.1525,0.3,rest:down
274.26,0.16,0.14500000000000002,0.3,rest:down
274.28000000000003,0.15000000000000002,0.1375,0.3,rest:down
274.3,0.14,0.13,0.3,rest:down
274.32,0.13,0.1225,0.3,rest:down
274.34000000000003,0.12000000000000002,0.11499999999999999,0.3,rest:down
274.36,0.11000000000000001,0.10750000000000001,0.3,rest:down
274.38,0.1,0.1,0.3,rest:down
274.40000000000003,0.1,0.1,0.3,rest
274.42,0.1,0.1,0.3,rest
274.44,0.1,0.1,0.3,rest
274.46,0.1,0.1,0.3,rest
274.48,0.1,0.1,0.3,rest
274.5,0.1,0.1,0.3,rest
274.52,0.1,0.1,0.3,rest
274.54,0.1,0.1,0.3,rest
274.56,0.1,0.1,0.3,rest
274.58,0.1,0.1,0.3,rest
274.6,0.1,0.1,0.3,rest
274.62,0.1,0.1,0.3,rest
274.64,0.1,0.1,0.3,rest
274.66,0.1,0.1,0.3,rest
274.68,0.1,0.1,0.3,rest
274.7,0.1,0.1,0.3,rest
274.72,0.1,0.1,0.3,rest
274.74,0.1,0.1,0.3,rest
274.76,0.1,0.1,0.3,rest
274.78000000000003,0.1,0.1,0.3,rest
274.8,0.1,0.1,0.3,rest
274.82,0.1,0.1,0.3,rest
274.84000000000003,0.1,0.1,0.3,rest
274.86,0.1,0.1,0.3,rest
274.88,0.1,0.1,0.3,rest
274.90000000000003,0.1,0.1,0.3,rest
274.92,0.1,0.1,0.3,rest
274.94,0.1,0.1,0.3,rest
274.96,0.1,0.1,0.3,rest
274.98,0.1,0.1,0.3,rest
275.0,0.1,0.1,0.3,rest
275.02,0.1,0.1,0.3,rest
275.04,0.1,0.1,0.3,rest
275.06,0.1,0.1,0.3,rest
275.08,0.1,0.1,0.3,rest
275.1,0.1,0.1,0.3,rest
275.12,0.1,0.1,0.3,rest
275.14,0.1,0.1,0.3,rest
275.16,0.1,0.1,0.3,rest
275.18,0.1,0.1,0.3,rest
275.2,0.1,0.1,0.3,rest
275.22,0.1,0.1,0.3,rest
275.24,0.1,0.1,0.3,rest
275.26,0.1,0.1,0.3,rest
275.28000000000003,0.1,0.1,0.3,rest
275.3,0.1,0.1,0.3,rest
275.32,0.1,0.1,0.3,rest
275.34000000000003,0.1,0.1,0.3,rest
275.36,0.1,0.1,0.3,rest
275.38,0.1,0.1,0.3,rest
275.40000000000003,0.1,0.1,0.3,rest
275.42,0.1,0.1,0.3,rest
275.44,0.1,0.1,0.3,rest
275.46,0.1,0.1,0.3,rest
275.48,0.1,0.1,0.3,rest
275.5,0.1,0.1,0.3,rest
275.52,0.1,0.1,0.3,rest
275.54,0.1,0.1,0.3,rest
275.56,0.1,0.1,0.3,rest
275.58,0.1,0.1,0.3,rest
275.6,0.1,0.1,0.3,rest
275.62,0.1,0.1,0.3,rest
275.64,0.1,0.1,0.3,rest
275.66,0.1,0.1,0.3,rest
275.68,0.1,0.1,0.3,rest
275.7,0.1,0.1,0.3,rest
275.72,0.1,0.1,0.3,rest
275.74,0.1,0.1,0.3,rest
275.76,0.1,0.1,0.3,rest
275.78000000000003,0.1,0.1,0.3,rest
275.8,0.1,0.1,0.3,rest
275.82,0.1,0.1,0.3,rest
275.84000000000003,0.1,0.1,0.3,rest
275.86,0.1,0.1,0.3,rest
275.88,0.1,0.1,0.3,rest
275.90000000000003,0.1,0.1,0.3,rest
275.92,0.1,0.1,0.3,rest
275.94,0.1,0.1,0.3,rest
275.96,0.1,0.1,0.3,rest
275.98,0.1,0.1,0.3,rest
276.0,0.1,0.1,0.3,rest
276.02,0.1,0.1,0.3,rest
276.04,0.1,0.1,0.3,rest
276.06,0.1,0.1,0.3,rest
276.08,0.1,0.1,0.3,rest
276.1,0.1,0.1,0.3,rest
276.12,0.1,0.1,0.3,rest
276.14,0.1,0.1,0.3,rest
276.16,0.1,0.1,0.3,rest
276.18,0.1,0.1,0.3,rest
276.2,0.1,0.1,0.3,rest
276.22,0.1,0.1,0.3,rest
276.24,0.1,0.1,0.3,rest
276.26,0.1,0.1,0.3,rest
276.28000000000003,0.1,0.1,0.3,rest
276.3,0.1,0.1,0.3,rest
276.32,0.1,0.1,0.3,rest
276.34000000000003,0.1,0.1,0.3,rest
276.36,0.1,0.1,0.3,rest
276.38,0.1,0.1,0.3,rest
276.40000000000003,0.1,0.1,0.3,rest
276.42,0.1,0.1,0.3,rest
276.44,0.1,0.1,0.3,rest
276.46,0.1,0.1,0.3,rest
276.48,0.1,0.1,0.3,rest
276.5,0.1,0.1,0.3,rest
276.52,0.1,0.1,0.3,rest
276.54,0.1,0.1,0.3,rest
276.56,0.1,0.1,0.3,rest
276.58,0.1,0.1,0.3,rest
276.6,0.1,0.1,0.3,rest
276.62,0.1,0.1,0.3,rest
276.64,0.1,0.1,0.3,rest
276.66,0.1,0.1,0.3,rest
276.68,0.1,0.1,0.3,rest
276.7,0.1,0.1,0.3,rest
276.72,0.1,0.1,0.3,rest
276.74,0.1,0.1,0.3,rest
276.76,0.1,0.1,0.3,rest
276.78000000000003,0.1,0.1,0.3,rest
276.8,0.1,0.1,0.3,rest
276.82,0.1,0.1,0.3,rest
276.84000000000003,0.1,0.1,0.3,rest
276.86,0.1,0.1,0.3,rest
276.88,0.1,0.1,0.3,rest
276.90000000000003,0.1,0.1,0.3,rest
276.92,0.1,0.1,0.3,rest
276.94,0.1,0.1,0.3,rest
276.96,0.1,0.1,0.3,rest
276.98,0.1,0.1,0.3,rest
277.0,0.1,0.1,0.3,rest
277.02,0.1,0.1,0.3,rest
277.04,0.1,0.1,0.3,rest
277.06,0.1,0.1,0.3,rest
277.08,0.1,0.1,0.3,rest
277.1,0.1,0.1,0.3,rest
277.12,0.1,0.1,0.3,rest
277.14,0.1,0.1,0.3,rest
277.16,0.1,0.1,0.3,rest
277.18,0.1,0.1,0.3,rest
277.2,0.1,0.1,0.3,rest
277.22,0.1,0.1,0.3,rest
277.24,0.1,0.1,0.3,rest
277.26,0.1,0.1,0.3,rest
277.28000000000003,0.1,0.1,0.3,rest
277.3,0.1,0.1,0.3,rest
277.32,0.1,0.1,0.3,rest
277.34000000000003,0.1,0.1,0.3,rest
277.36,0.1,0.1,0.3,rest
277.38,0.1,0.1,0.3,rest
277.40000000000003,0.1,0.1,0.3,rest
277.42,0.1,0.1,0.3,rest
277.44,0.1,0.1,0.3,rest
277.46,0.1,0.1,0.3,rest
277.48,0.1,0.1,0.3,rest
277.5,0.1,0.1,0.3,rest
277.52,0.1,0.1,0.3,rest
277.54,0.1,0.1,0.3,rest
277.56,0.1,0.1,0.3,rest
277.58,0.1,0.1,0.3,rest
277.6,0.1,0.1,0.3,rest
277.62,0.1,0.1,0.3,rest
277.64,0.1,0.1,0.3,rest
277.66,0.1,0.1,0.3,rest
277.68,0.1,0.1,0.3,rest
277.7,0.1,0.1,0.3,rest
277.72,0.1,0.1,0.3,rest
277.74,0.1,0.1,0.3,rest
277.76,0.1,0.1,0.3,rest
277.78000000000003,0.1,0.1,0.3,rest
277.8,0.1,0.1,0.3,rest
277.82,0.1,0.1,0.3,rest
277.84000000000003,0.1,0.1,0.3,rest
277.86,0.1,0.1,0.3,rest
277.88,0.1,0.1,0.3,rest
277.90000000000003,0.1,0.1,0.3,rest
277.92,0.1,0.1,0.3,rest
277.94,0.1,0.1,0.3,rest
277.96,0.1,0.1,0.3,rest
277.98,0.1,0.1,0.3,rest
278.0,0.1,0.1,0.3,rest
278.02,0.1,0.1,0.3,rest
278.04,0.1,0.1,0.3,rest
278.06,0.1,0.1,0.3,rest
278.08,0.1,0.1,0.3,rest
278.1,0.1,0.1,0.3,rest
278.12,0.1,0.1,0.3,rest
278.14,0.1,0.1,0.3,rest
278.16,0.1,0.1,0.3,rest
278.18,0.1,0.1,0.3,rest
278.2,0.1,0.1,0.3,rest
278.22,0.1,0.1,0.3,rest
278.24,0.1,0.1,0.3,rest
278.26,0.1,0.1,0.3,rest
278.28000000000003,0.1,0.1,0.3,rest
278.3,0.1,0.1,0.3,rest
278.32,0.1,0.1,0.3,rest
278.34000000000003,0.1,0.1,0.3,rest
278.36,0.1,0.1,0.3,rest
278.38,0.1,0.1,0.3,rest
278.40000000000003,0.1,0.1,0.3,rest
278.42,0.1,0.1,0.3,rest
278.44,0.1,0.1,0.3,rest
278.46,0.1,0.1,0.3,rest
278.48,0.1,0.1,0.3,rest
278.5,0.1,0.1,0.3,rest
278.52,0.1,0.1,0.3,rest
278.54,0.1,0.1,0.3,rest
278.56,0.1,0.1,0.3,rest
278.58,0.1,0.1,0.3,rest
278.6,0.1,0.1,0.3,rest
278.62,0.1,0.1,0.3,rest
278.64,0.1,0.1,0.3,rest
278.66,0.1,0.1,0.3,rest
278.68,0.1,0.1,0.3,rest
278.7,0.1,0.1,0.3,rest
278.72,0.1,0.1,0.3,rest
278.74,0.1,0.1,0.3,rest
278.76,0.1,0.1,0.3,rest
278.78000000000003,0.1,0.1,0.3,rest
278.8,0.1,0.1,0.3,rest
278.82,0.1,0.1,0.3,rest
278.84000000000003,0.1,0.1,0.3,rest
278.86,0.1,0.1,0.3,rest
278.88,0.1,0.1,0.3,rest
278.90000000000003,0.1,0.1,0.3,rest
278.92,0.1,0.1,0.3,rest
278.94,0.1,0.1,0.3,rest
278.96,0.1,0.1,0.3,rest
278.98,0.1,0.1,0.3,rest
279.0,0.1,0.1,0.3,rest
279.02,0.1,0.1,0.3,rest
279.04,0.1,0.1,0.3,rest
279.06,0.1,0.1,0.3,rest
279.08,0.1,0.1,0.3,rest
279.1,0.1,0.1,0.3,rest
279.12,0.1,0.1,0.3,rest
279.14,0.1,0.1,0.3,rest
279.16,0.1,0.1,0.3,rest
279.18,0.1,0.1,0.3,rest
279.2,0.1,0.1,0.3,rest
279.22,0.1,0.1,0.3,rest
279.24,0.1,0.1,0.3,rest
279.26,0.1,0.1,0.3,rest
279.28000000000003,0.1,0.1,0.3,rest
279.3,0.1,0.1,0.3,rest
279.32,0.1,0.1,0.3,rest
279.34000000000003,0.1,0.1,0.3,rest
279.36,0.1,0.1,0.3,rest
279.38,0.1,0.1,0.3,rest
279.40000000000003,0.1,0.1,0.3,rest
279.42,0.1,0.1,0.3,rest
279.44,0.1,0.1,0.3,rest
279.46,0.1,0.1,0.3,rest
279.48,0.1,0.1,0.3,rest
279.5,0.1,0.1,0.3,rest
279.52,0.1,0.1,0.3,rest
279.54,0.1,0.1,0.3,rest
279.56,0.1,0.1,0.3,rest
279.58,0.1,0.1,0.3,rest
279.6,0.1,0.1,0.3,rest
279.62,0.1,0.1,0.3,rest
279.64,0.1,0.1,0.3,rest
279.66,0.1,0.1,0.3,rest
279.68,0.1,0.1,0.3,rest
279.7,0.1,0.1,0.3,rest
279.72,0.1,0.1,0.3,rest
279.74,0.1,0.1,0.3,rest
279.76,0.1,0.1,0.3,rest
279.78000000000003,0.1,0.1,0.3,rest
279.8,0.1,0.1,0.3,rest
279.82,0.1,0.1,0.3,rest
279.84000000000003,0.1,0.1,0.3,rest
279.86,0.1,0.1,0.3,rest
279.88,0.1,0.1,0.3,rest
279.90000000000003,0.1,0.1,0.3,rest
279.92,0.1,0.1,0.3,rest
279.94,0.1,0.1,0.3,rest
279.96,0.1,0.1,0.3,rest
279.98,0.1,0.1,0.3,rest
280.0,0.1,0.1,0.3,rest
280.02,0.1,0.1,0.3,rest
280.04,0.1,0.1,0.3,rest
280.06,0.1,0.1,0.3,rest
280.08,0.1,0.1,0.3,rest
280.1,0.1,0.1,0.3,rest
280.12,0.1,0.1,0.3,rest
280.14,0.1,0.1,0.3,rest
280.16,0.1,0.1,0.3,rest
280.18,0.1,0.1,0.3,rest
280.2,0.1,0.1,0.3,rest
280.22,0.1,0.1,0.3,rest
280.24,0.1,0.1,0.3,rest
280.26,0.1,0.1,0.3,rest
280.28000000000003,0.1,0.1,0.3,rest
280.3,0.1,0.1,0.3,rest
280.32,0.1,0.1,0.3,rest
280.34000000000003,0.1,0.1,0.3,rest
280.36,0.1,0.1,0.3,rest
280.38,0.1,0.1,0.3,rest
280.40000000000003,0.1,0.1,0.3,rest
280.42,0.1,0.1,0.3,rest
280.44,0.1,0.1,0.3,rest
280.46,0.1,0.1,0.3,rest
280.48,0.1,0.1,0.3,rest
280.5,0.1,0.1,0.3,rest
280.52,0.1,0.1,0.3,rest
280.54,0.1,0.1,0.3,rest
280.56,0.1,0.1,0.3,rest
280.58,0.1,0.1,0.3,rest
280.6,0.1,0.1,0.3,rest
280.62,0.1,0.1,0.3,rest
280.64,0.1,0.1,0.3,rest
280.66,0.1,0.1,0.3,rest
280.68,0.1,0.1,0.3,rest
280.7,0.1,0.1,0.3,rest
280.72,0.1,0.1,0.3,rest
280.74,0.1,0.1,0.3,rest
280.76,0.1,0.1,0.3,rest
280.78000000000003,0.1,0.1,0.3,rest
280.8,0.1,0.1,0.3,rest
280.82,0.1,0.1,0.3,rest
280.84000000000003,0.1,0.1,0.3,rest
280.86,0.1,0.1,0.3,rest
280.88,0.1,0.1,0.3,rest
280.90000000000003,0.1,0.1,0.3,rest
280.92,0.1,0.1,0.3,rest
280.94,0.1,0.1,0.3,rest
280.96,0.1,0.1,0.3,rest
280.98,0.1,0.1,0.3,rest
281.0,0.1,0.1,0.3,rest
281.02,0.1,0.1,0.3,rest
281.04,0.1,0.1,0.3,rest
281.06,0.1,0.1,0.3,rest
281.08,0.1,0.1,0.3,rest
281.1,0.1,0.1,0.3,rest
281.12,0.1,0.1,0.3,rest
281.14,0.1,0.1,0.3,rest
281.16,0.1,0.1,0.3,rest
281.18,0.1,0.1,0.3,rest
281.2,0.1,0.1,0.3,rest
281.22,0.1,0.1,0.3,rest
281.24,0.1,0.1,0.3,rest
281.26,0.1,0.1,0.3,rest
281.28000000000003,0.1,0.1,0.3,rest
281.3,0.1,0.1,0.3,rest
281.32,0.1,0.1,0.3,rest
281.34000000000003,0.1,0.1,0.3,rest
281.36,0.1,0.1,0.3,rest
281.38,0.1,0.1,0.3,rest
281.40000000000003,0.1,0.1,0.3,rest
281.42,0.1,0.1,0.3,rest
281.44,0.1,0.1,0.3,rest
281.46,0.1,0.1,0.3,rest
281.48,0.1,0.1,0.3,rest
281.5,0.1,0.1,0.3,rest
281.52,0.1,0.1,0.3,rest
281.54,0.1,0.1,0.3,rest
281.56,0.1,0.1,0.3,rest
281.58,0.1,0.1,0.3,rest
281.6,0.1,0.1,0.3,rest
281.62,0.1,0.1,0.3,rest
281.64,0.1,0.1,0.3,rest
281.66,0.1,0.1,0.3,rest
281.68,0.1,0.1,0.3,rest
281.7,0.1,0.1,0.3,rest
281.72,0.1,0.1,0.3,rest
281.74,0.1,0.1,0.3,rest
281.76,0.1,0.1,0.3,rest
281.78000000000003,0.1,0.1,0.3,rest
281.8,0.1,0.1,0.3,rest
281.82,0.1,0.1,0.3,rest
281.84000000000003,0.1,0.1,0.3,rest
281.86,0.1,0.1,0.3,rest
281.88,0.1,0.1,0.3,rest
281.90000000000003,0.1,0.1,0.3,rest
281.92,0.1,0.1,0.3,rest
281.94,0.1,0.1,0.3,rest
281.96,0.1,0.1,0.3,rest
281.98,0.1,0.1,0.3,rest
282.0,0.1,0.1,0.3,rest
282.02,0.1,0.1,0.3,rest
282.04,0.1,0.1,0.3,rest
282.06,0.1,0.1,0.3,rest
282.08,0.1,0.1,0.3,rest
282.1,0.1,0.1,0.3,rest
282.12,0.1,0.1,0.3,rest
282.14,0.1,0.1,0.3,rest
282.16,0.1,0.1,0.3,rest
282.18,0.1,0.1,0.3,rest
282.2,0.1,0.1,0.3,rest
282.22,0.1,0.1,0.3,rest
282.24,0.1,0.1,0.3,rest
282.26,0.1,0.1,0.3,rest
282.28000000000003,0.1,0.1,0.3,rest
282.3,0.1,0.1,0.3,rest
282.32,0.1,0.1,0.3,rest
282.34000000000003,0.1,0.1,0.3,rest
282.36,0.1,0.1,0.3,rest
282.38,0.1,0.1,0.3,rest
282.40000000000003,0.1,0.1,0.3,rest
282.42,0.1,0.1,0.3,rest
282.44,0.1,0.1,0.3,rest
282.46,0.1,0.1,0.3,rest
282.48,0.1,0.1,0.3,rest
282.5,0.1,0.1,0.3,rest
282.52,0.1,0.1,0.3,rest
282.54,0.1,0.1,0.3,rest
282.56,0.1,0.1,0.3,rest
282.58,0.1,0.1,0.3,rest
282.6,0.1,0.1,0.3,rest
282.62,0.1,0.1,0.3,rest
282.64,0.1,0.1,0.3,rest
282.66,0.1,0.1,0.3,rest
282.68,0.1,0.1,0.3,rest
282.7,0.1,0.1,0.3,rest
282.72,0.1,0.1,0.3,rest
282.74,0.1,0.1,0.3,rest
282.76,0.1,0.1,0.3,rest
282.78000000000003,0.1,0.1,0.3,rest
282.8,0.1,0.1,0.3,rest
282.82,0.1,0.1,0.3,rest
282.84000000000003,0.1,0.1,0.3,rest
282.86,0.1,0.1,0.3,rest
282.88,0.1,0.1,0.3,rest
282.90000000000003,0.1,0.1,0.3,rest
282.92,0.1,0.1,0.3,rest
282.94,0.1,0.1,0.3,rest
282.96,0.1,0.1,0.3,rest
282.98,0.1,0.1,0.3,rest
283.0,0.1,0.1,0.3,rest
283.02,0.1,0.1,0.3,rest
283.04,0.1,0.1,0.3,rest
283.06,0.1,0.1,0.3,rest
283.08,0.1,0.1,0.3,rest
283.1,0.1,0.1,0.3,rest
283.12,0.1,0.1,0.3,rest
283.14,0.1,0.1,0.3,rest
283.16,0.1,0.1,0.3,rest
283.18,0.1,0.1,0.3,rest
283.2,0.1,0.1,0.3,rest
283.22,0.1,0.1,0.3,rest
283.24,0.1,0.1,0.3,rest
283.26,0.1,0.1,0.3,rest
283.28000000000003,0.1,0.1,0.3,rest
283.3,0.1,0.1,0.3,rest
283.32,0.1,0.1,0.3,rest
283.34000000000003,0.1,0.1,0.3,rest
283.36,0.1,0.1,0.3,rest
283.38,0.1,0.1,0.3,rest
283.40000000000003,0.1,0.1,0.3,rest
283.42,0.1,0.1,0.3,rest
283.44,0.1,0.1,0.3,rest
283.46,0.1,0.1,0.3,rest
283.48,0.1,0.1,0.3,rest
283.5,0.1,0.1,0.3,rest
283.52,0.1,0.1,0.3,rest
283.54,0.1,0.1,0.3,rest
283.56,0.1,0.1,0.3,rest
283.58,0.1,0.1,0.3,rest
283.6,0.1,0.1,0.3,rest
283.62,0.1,0.1,0.3,rest
283.64,0.1,0.1,0.3,rest
283.66,0.1,0.1,0.3,rest
283.68,0.1,0.1,0.3,rest
283.7,0.1,0.1,0.3,rest
283.72,0.1,0.1,0.3,rest
283.74,0.1,0.1,0.3,rest
283.76,0.1,0.1,0.3,rest
283.78000000000003,0.1,0.1,0.3,rest
283.8,0.1,0.1,0.3,rest
283.82,0.1,0.1,0.3,rest
283.84000000000003,0.1,0.1,0.3,rest
283.86,0.1,0.1,0.3,rest
283.88,0.1,0.1,0.3,rest
283.90000000000003,0.1,0.1,0.3,rest
283.92,0.1,0.1,0.3,rest
283.94,0.1,0.1,0.3,rest
283.96,0.1,0.1,0.3,rest
283.98,0.1,0.1,0.3,rest
284.0,0.1,0.1,0.3,rest
284.02,0.1,0.1,0.3,rest
284.04,0.1,0.1,0.3,rest
284.06,0.1,0.1,0.3,rest
284.08,0.1,0.1,0.3,rest
284.1,0.1,0.1,0.3,rest
284.12,0.1,0.1,0.3,rest
284.14,0.1,0.1,0.3,rest
284.16,0.1,0.1,0.3,rest
284.18,0.1,0.1,0.3,rest
284.2,0.1,0.1,0.3,rest
284.22,0.1,0.1,0.3,rest
284.24,0.1,0.1,0.3,rest
284.26,0.1,0.1,0.3,rest
284.28000000000003,0.1,0.1,0.3,rest
284.3,0.1,0.1,0.3,rest
284.32,0.1,0.1,0.3,rest
284.34000000000003,0.1,0.1,0.3,rest
284.36,0.1,0.1,0.3,rest
284.38,0.1,0.1,0.3,rest
284.40000000000003,0.1,0.1,0.3,B_hold0.15:settle
284.42,0.10408163265306122,0.10102040816326531,0.3,B_hold0.15:settle
284.44,0.10816326530612246,0.10204081632653061,0.3,B_hold0.15:settle
284.46,0.11224489795918367,0.10306122448979592,0.3,B_hold0.15:settle
284.48,0.1163265306122449,0.10408163265306122,0.3,B_hold0.15:settle
284.5,0.12040816326530612,0.10510204081632653,0.3,B_hold0.15:settle
284.52,0.12448979591836735,0.10612244897959185,0.3,B_hold0.15:settle
284.54,0.12857142857142856,0.10714285714285715,0.3,B_hold0.15:settle
284.56,0.1326530612244898,0.10816326530612246,0.3,B_hold0.15:settle
284.58,0.13673469387755102,0.10918367346938776,0.3,B_hold0.15:settle
284.6,0.14081632653061224,0.11020408163265306,0.3,B_hold0.15:settle
284.62,0.14489795918367346,0.11122448979591837,0.3,B_hold0.15:settle
284.64,0.1489795918367347,0.11224489795918367,0.3,B_hold0.15:settle
284.66,0.15306122448979592,0.11326530612244898,0.3,B_hold0.15:settle
284.68,0.15714285714285714,0.11428571428571428,0.3,B_hold0.15:settle
284.7,0.16122448979591836,0.11530612244897959,0.3,B_hold0.15:settle
284.72,0.16530612244897958,0.1163265306122449,0.3,B_hold0.15:settle
284.74,0.16938775510204082,0.11734693877551021,0.3,B_hold0.15:settle
284.76,0.17346938775510204,0.11836734693877551,0.3,B_hold0.15:settle
284.78000000000003,0.17755102040816326,0.11938775510204082,0.3,B_hold0.15:settle
284.8,0.18163265306122447,0.12040816326530612,0.3,B_hold0.15:settle
284.82,0.18571428571428572,0.12142857142857143,0.3,B_hold0.15:settle
284.84000000000003,0.18979591836734694,0.12244897959183673,0.3,B_hold0.15:settle
284.86,0.19387755102040816,0.12346938775510204,0.3,B_hold0.15:settle
284.88,0.19795918367346937,0.12448979591836734,0.3,B_hold0.15:settle
284.90000000000003,0.2020408163265306,0.12551020408163266,0.3,B_hold0.15:settle
284.92,0.2061224489795918,0.12653061224489795,0.3,B_hold0.15:settle
284.94,0.21020408163265303,0.12755102040816327,0.3,B_hold0.15:settle
284.96,0.21428571428571427,0.12857142857142856,0.3,B_hold0.15:settle
284.98,0.21836734693877552,0.12959183673469388,0.3,B_hold0.15:settle
285.0,0.2224489795918367,0.13061224489795917,0.3,B_hold0.15:settle
285.02,0.22653061224489793,0.13163265306122449,0.3,B_hold0.15:settle
285.04,0.23061224489795917,0.13265306122448978,0.3,B_hold0.15:settle
285.06,0.2346938775510204,0.1336734693877551,0.3,B_hold0.15:settle
285.08,0.23877551020408164,0.1346938775510204,0.3,B_hold0.15:settle
285.1,0.24285714285714283,0.1357142857142857,0.3,B_hold0.15:settle
285.12,0.24693877551020407,0.13673469387755102,0.3,B_hold0.15:settle
285.14,0.2510204081632653,0.1377551020408163,0.3,B_hold0.15:settle
285.16,0.2551020408163265,0.13877551020408163,0.3,B_hold0.15:settle
285.18,0.25918367346938775,0.13979591836734692,0.3,B_hold0.15:settle
285.2,0.2632653061224489,0.14081632653061224,0.3,B_hold0.15:settle
285.22,0.2673469387755102,0.14183673469387753,0.3,B_hold0.15:settle
285.24,0.2714285714285714,0.14285714285714285,0.3,B_hold0.15:settle
285.26,0.2755102040816326,0.14387755102040817,0.3,B_hold0.15:settle
285.28000000000003,0.27959183673469384,0.14489795918367346,0.3,B_hold0.15:settle
285.3,0.28367346938775506,0.14591836734693878,0.3,B_hold0.15:settle
285.32,0.28775510204081634,0.14693877551020407,0.3,B_hold0.15:settle
285.34000000000003,0.2918367346938775,0.14795918367346939,0.3,B_hold0.15:settle
285.36,0.29591836734693877,0.1489795918367347,0.3,B_hold0.15:settle
285.38,0.3,0.15,0.3,B_hold0.15:settle
285.40000000000003,0.3,0.15,0.3,B_hold0.15
285.42,0.30021770790385444,0.15,0.3,B_hold0.15
285.44,0.3016129729595117,0.15,0.3,B_hold0.15
285.46,0.30476551014656544,0.15,0.3,B_hold0.15
285.48,0.30925869295831904,0.15,0.3,B_hold0.15
285.5,0.3136226724001005,0.15,0.3,B_hold0.15
285.52,0.3156624946334626,0.15,0.3,B_hold0.15
285.54,0.31310042438097824,0.15,0.3,B_hold0.15
285.56,0.30436322465393917,0.15,0.3,B_hold0.15
285.58,0.2892897837608696,0.15,0.3,B_hold0.15
285.6,0.26953877847816504,0.15,0.3,B_hold0.15
285.62,0.2485412513339993,0.15,0.3,B_hold0.15
285.64,0.23095433070536897,0.15,0.3,B_hold0.15
285.66,0.2217025816853277,0.15,0.3,B_hold0.15
285.68,0.22480955984069845,0.15,0.3,B_hold0.15
285.7,0.242293433677964,0.15,0.3,B_hold0.15
285.72,0.27340673316440217,0.15,0.3,B_hold0.15
285.74,0.31443676038070645,0.15,0.3,B_hold0.15
285.76,0.359162626734279,0.15,0.3,B_hold0.15
285.78000000000003,0.3999144917829057,0.15,0.3,B_hold0.15
285.8,0.4290358050441725,0.15,0.3,B_hold0.15
285.82,0.44044531630592165,0.15,0.3,B_hold0.15
285.84000000000003,0.4309585477233375,0.15,0.3,B_hold0.15
285.86,0.4010690929297915,0.15,0.3,B_hold0.15
285.88,0.3550009749988472,0.15,0.3,B_hold0.15
285.90000000000003,0.30000000000000004,0.15,0.3,B_hold0.15
285.92,0.2447813170972984,0.15,0.3,B_hold0.15
285.94,0.19731793411069662,0.15,0.3,B_hold0.15
285.96,0.16427594213009705,0.15,0.3,B_hold0.15
285.98,0.15029599073575928,0.15,0.3,B_hold0.15
286.0,0.15734152255572692,0.15,0.3,B_hold0.15
286.02,0.18442301358363153,0.15,0.3,B_hold0.15
286.04,0.22773694888474277,0.15,0.3,B_hold0.15
286.06,0.2812000149653544,0.15,0.3,B_hold0.15
286.08,0.3373034830747282,0.15,0.3,B_hold0.15
286.1,0.3881677878438711,0.15,0.3,B_hold0.15
286.12,0.4266491888253022,0.15,0.3,B_hold0.15
286.14,0.44734308760930325,0.15,0.3,B_hold0.15
286.16,0.4473430876093033,0.15,0.3,B_hold0.15
286.18,0.42664918882530223,0.15,0.3,B_hold0.15
286.2,0.388167787843871,0.15,0.3,B_hold0.15
286.22,0.33730348307472807,0.15,0.3,B_hold0.15
286.24,0.28120001496535457,0.15,0.3,B_hold0.15
286.26,0.2277369488847427,0.15,0.3,B_hold0.15
286.28000000000003,0.1844230135836318,0.15,0.3,B_hold0.15
286.3,0.15734152255572698,0.15,0.3,B_hold0.15
286.32,0.15029599073575925,0.15,0.3,B_hold0.15
286.34000000000003,0.16427594213009722,0.15,0.3,B_hold0.15
286.36,0.1973179341106967,0.15,0.3,B_hold0.15
286.38,0.244781317097298,0.15,0.3,B_hold0.15
286.40000000000003,0.2999999999999999,0.15,0.3,B_hold0.15
286.42,0.35521868290270175,0.15,0.3,B_hold0.15
286.44,0.4026820658893031,0.15,0.3,B_hold0.15
286.46,0.43572405786990287,0.15,0.3,B_hold0.15
286.48,0.4497040092642407,0.15,0.3,B_hold0.15
286.5,0.44265847744427306,0.15,0.3,B_hold0.15
286.52,0.4155769864163683,0.15,0.3,B_hold0.15
286.54,0.37226305111525704,0.15,0.3,B_hold0.15
286.56,0.3187999850346462,0.15,0.3,B_hold0.15
286.58,0.2626965169252721,0.15,0.3,B_hold0.15
286.6,0.21183221215612913,0.15,0.3,B_hold0.15
286.62,0.17335081117469797,0.15,0.3,B_hold0.15
286.64,0.15265691239069673,0.15,0.3,B_hold0.15
286.66,0.15265691239069668,0.15,0.3,B_hold0.15
286.68,0.17335081117469783,0.15,0.3,B_hold0.15
286.7,0.2118322121561289,0.15,0.3,B_hold0.15
286.72,0.26269651692527185,0.15,0.3,B_hold0.15
286.74,0.3187999850346459,0.15,0.3,B_hold0.15
286.76,0.37226305111525726,0.15,0.3,B_hold0.15
286.78000000000003,0.4155769864163685,0.15,0.3,B_hold0.15
286.8,0.4426584774442731,0.15,0.3,B_hold0.15
286.82,0.44970400926424076,0.15,0.3,B_hold0.15
286.84000000000003,0.435724057869903,0.15,0.3,B_hold0.15
286.86,0.40268206588930333,0.15,0.3,B_hold0.15
286.88,0.35521868290270203,0.15,0.3,B_hold0.15
286.90000000000003,0.30000000000000016,0.15,0.3,B_hold0.15
286.92,0.24478131709729825,0.15,0.3,B_hold0.15
286.94,0.1973179341106969,0.15,0.3,B_hold0.15
286.96,0.16427594213009708,0.15,0.3,B_hold0.15
286.98,0.15029599073575925,0.15,0.3,B_hold0.15
287.0,0.1573415225557269,0.15,0.3,B_hold0.15
287.02,0.1844230135836316,0.15,0.3,B_hold0.15
287.04,0.2277369488847429,0.15,0.3,B_hold0.15
287.06,0.2812000149653548,0.15,0.3,B_hold0.15
287.08,0.3373034830747278,0.15,0.3,B_hold0.15
287.1,0.3881677878438704,0.15,0.3,B_hold0.15
287.12,0.42664918882530223,0.15,0.3,B_hold0.15
287.14,0.4473430876093032,0.15,0.3,B_hold0.15
287.16,0.4473430876093034,0.15,0.3,B_hold0.15
287.18,0.4266491888253022,0.15,0.3,B_hold0.15
287.2,0.3881677878438711,0.15,0.3,B_hold0.15
287.22,0.3373034830747287,0.15,0.3,B_hold0.15
287.24,0.28120001496535413,0.15,0.3,B_hold0.15
287.26,0.22773694888474277,0.15,0.3,B_hold0.15
287.28000000000003,0.18442301358363122,0.15,0.3,B_hold0.15
287.3,0.15734152255572686,0.15,0.3,B_hold0.15
287.32,0.15029599073575925,0.15,0.3,B_hold0.15
287.34000000000003,0.1642759421300969,0.15,0.3,B_hold0.15
287.36,0.1973179341106962,0.15,0.3,B_hold0.15
287.38,0.2447813170972984,0.15,0.3,B_hold0.15
287.40000000000003,0.29999999999999977,0.15,0.3,B_hold0.15
287.42,0.3552186829027012,0.15,0.3,B_hold0.15
287.44,0.40268206588930344,0.15,0.3,B_hold0.15
287.46,0.43572405786990287,0.15,0.3,B_hold0.15
287.48,0.4497040092642407,0.15,0.3,B_hold0.15
287.5,0.4426584774442729,0.15,0.3,B_hold0.15
287.52,0.4155769864163684,0.15,0.3,B_hold0.15
287.54,0.3722630511152576,0.15,0.3,B_hold0.15
287.56,0.31879998503464524,0.15,0.3,B_hold0.15
287.58,0.2626965169252717,0.15,0.3,B_hold0.15
287.6,0.21183221215612924,0.15,0.3,B_hold0.15
287.62,0.17335081117469747,0.15,0.3,B_hold0.15
287.64,0.15265691239069665,0.15,0.3,B_hold0.15
287.66,0.15265691239069687,0.15,0.3,B_hold0.15
287.68,0.17335081117469806,0.15,0.3,B_hold0.15
287.7,0.21183221215612924,0.15,0.3,B_hold0.15
287.72,0.2626965169252707,0.15,0.3,B_hold0.15
287.74,0.31879998503464524,0.15,0.3,B_hold0.15
287.76,0.3722630511152567,0.15,0.3,B_hold0.15
287.78000000000003,0.41557698641636776,0.15,0.3,B_hold0.15
287.8,0.4426584774442729,0.15,0.3,B_hold0.15
287.82,0.44970400926424076,0.15,0.3,B_hold0.15
287.84000000000003,0.4357240578699033,0.15,0.3,B_hold0.15
287.86,0.4026820658893034,0.15,0.3,B_hold0.15
287.88,0.35521868290270214,0.15,0.3,B_hold0.15
287.90000000000003,0.3000000000000008,0.15,0.3,B_hold0.15
287.92,0.24478131709729836,0.15,0.3,B_hold0.15
287.94,0.19731793411069698,0.15,0.3,B_hold0.15
287.96,0.1642759421300969,0.15,0.3,B_hold0.15
287.98,0.15029599073575925,0.15,0.3,B_hold0.15
288.0,0.15734152255572686,0.15,0.3,B_hold0.15
288.02,0.1844230135836319,0.15,0.3,B_hold0.15
288.04,0.22773694888474283,0.15,0.3,B_hold0.15
288.06,0.2812000149653542,0.15,0.3,B_hold0.15
288.08,0.33730348307472874,0.15,0.3,B_hold0.15
288.1,0.3881677878438711,0.15,0.3,B_hold0.15
288.12,0.42664918882530223,0.15,0.3,B_hold0.15
288.14,0.4473430876093034,0.15,0.3,B_hold0.15
288.16,0.4473430876093032,0.15,0.3,B_hold0.15
288.18,0.42664918882530223,0.15,0.3,B_hold0.15
288.2,0.38816778784387035,0.15,0.3,B_hold0.15
288.22,0.3373034830747288,0.15,0.3,B_hold0.15
288.24,0.2812000149653553,0.15,0.3,B_hold0.15
288.26,0.22773694888474288,0.15,0.3,B_hold0.15
288.28000000000003,0.18442301358363195,0.15,0.3,B_hold0.15
288.3,0.15734152255572723,0.15,0.3,B_hold0.15
288.32,0.15029599073575925,0.15,0.3,B_hold0.15
288.34000000000003,0.16427594213009689,0.15,0.3,B_hold0.15
288.36,0.19731793411069615,0.15,0.3,B_hold0.15
288.38,0.24478131709729828,0.15,0.3,B_hold0.15
288.40000000000003,0.29999999999999966,0.15,0.3,B_hold0.15
288.42,0.3552186829027011,0.15,0.3,B_hold0.15
288.44,0.40268206588930333,0.15,0.3,B_hold0.15
288.46,0.4357240578699028,0.15,0.3,B_hold0.15
288.48,0.4497040092642407,0.15,0.3,B_hold0.15
288.5,0.442658477444273,0.15,0.3,B_hold0.15
288.52,0.4155769864163684,0.15,0.3,B_hold0.15
288.54,0.3722630511152577,0.15,0.3,B_hold0.15
288.56,0.31879998503464535,0.15,0.3,B_hold0.15
288.58,0.2626965169252718,0.15,0.3,B_hold0.15
288.6,0.2118322121561293,0.15,0.3,B_hold0.15
288.62,0.17335081117469753,0.15,0.3,B_hold0.15
288.64,0.15265691239069668,0.15,0.3,B_hold0.15
288.66,0.15265691239069684,0.15,0.3,B_hold0.15
288.68,0.173350811174698,0.15,0.3,B_hold0.15
288.7,0.21183221215612916,0.15,0.3,B_hold0.15
288.72,0.2626965169252726,0.15,0.3,B_hold0.15
288.74,0.31879998503464513,0.15,0.3,B_hold0.15
288.76,0.3722630511152566,0.15,0.3,B_hold0.15
288.78000000000003,0.41557698641636764,0.15,0.3,B_hold0.15
288.8,0.44265847744427256,0.15,0.3,B_hold0.15
288.82,0.44970400926424076,0.15,0.3,B_hold0.15
288.84000000000003,0.43572405786990287,0.15,0.3,B_hold0.15
288.86,0.4026820658893043,0.15,0.3,B_hold0.15
288.88,0.35521868290270225,0.15,0.3,B_hold0.15
288.90000000000003,0.2999999999999998,0.15,0.3,B_hold0.15
288.92,0.24478131709729944,0.15,0.3,B_hold0.15
288.94,0.19731793411069704,0.15,0.3,B_hold0.15
288.96,0.16427594213009697,0.15,0.3,B_hold0.15
288.98,0.15029599073575933,0.15,0.3,B_hold0.15
289.0,0.15734152255572684,0.15,0.3,B_hold0.15
289.02,0.18442301358363183,0.15,0.3,B_hold0.15
289.04,0.22773694888474177,0.15,0.3,B_hold0.15
289.06,0.2812000149653541,0.15,0.3,B_hold0.15
289.08,0.3373034830747286,0.15,0.3,B_hold0.15
289.1,0.3881677878438702,0.15,0.3,B_hold0.15
289.12,0.4266491888253021,0.15,0.3,B_hold0.15
289.14,0.4473430876093034,0.15,0.3,B_hold0.15
289.16,0.4473430876093031,0.15,0.3,B_hold0.15
289.18,0.4266491888253023,0.15,0.3,B_hold0.15
289.2,0.3881677878438704,0.15,0.3,B_hold0.15
289.22,0.33730348307472685,0.15,0.3,B_hold0.15
289.24,0.28120001496535435,0.15,0.3,B_hold0.15
289.26,0.2277369488847439,0.15,0.3,B_hold0.15
289.28000000000003,0.18442301358363203,0.15,0.3,B_hold0.15
289.3,0.15734152255572692,0.15,0.3,B_hold0.15
289.32,0.15029599073575917,0.15,0.3,B_hold0.15
289.34000000000003,0.16427594213009683,0.15,0.3,B_hold0.15
289.36,0.19731793411069687,0.15,0.3,B_hold0.15
289.38,0.2447813170972972,0.15,0.3,B_hold0.15
289.40000000000003,0.29999999999999954,0.15,0.3,B_hold0.15
289.42,0.355218682902702,0.15,0.3,B_hold0.15
289.44,0.4026820658893025,0.15,0.3,B_hold0.15
289.46,0.43572405786990365,0.15,0.3,B_hold0.15
289.48,0.44970400926424076,0.15,0.3,B_hold0.15
289.5,0.44265847744427333,0.15,0.3,B_hold0.15
289.52,0.41557698641636853,0.15,0.3,B_hold0.15
289.54,0.3722630511152587,0.15,0.3,B_hold0.15
289.56,0.3187999850346465,0.15,0.3,B_hold0.15
289.58,0.26269651692527396,0.15,0.3,B_hold0.15
289.6,0.21183221215612852,0.15,0.3,B_hold0.15
289.62,0.17335081117469814,0.15,0.3,B_hold0.15
289.64,0.1526569123906967,0.15,0.3,B_hold0.15
289.66,0.15265691239069643,0.15,0.3,B_hold0.15
289.68,0.17335081117469736,0.15,0.3,B_hold0.15
289.7,0.21183221215612907,0.15,0.3,B_hold0.15
289.72,0.26269651692527257,0.15,0.3,B_hold0.15
289.74,0.318799985034645,0.15,0.3,B_hold0.15
289.76,0.3722630511152574,0.15,0.3,B_hold0.15
289.78000000000003,0.4155769864163676,0.15,0.3,B_hold0.15
289.8,0.4426584774442729,0.15,0.3,B_hold0.15
289.82,0.4497040092642407,0.15,0.3,B_hold0.15
289.84000000000003,0.4357240578699025,0.15,0.3,B_hold0.15
289.86,0.40268206588930355,0.15,0.3,B_hold0.15
289.88,0.35521868290270137,0.15,0.3,B_hold0.15
289.90000000000003,0.30000000000000104,0.15,0.3,B_hold0.15
289.92,0.24478131709729659,0.15,0.3,B_hold0.15
289.94,0.19731793411069637,0.15,0.3,B_hold0.15
289.96,0.16427594213009655,0.15,0.3,B_hold0.15
289.98,0.15029599073575928,0.15,0.3,B_hold0.15
290.0,0.15734152255572714,0.15,0.3,B_hold0.15
290.02,0.18442301358363106,0.15,0.3,B_hold0.15
290.04,0.22773694888474078,0.15,0.3,B_hold0.15
290.06,0.281200014965355,0.15,0.3,B_hold0.15
290.08,0.3373034830747275,0.15,0.3,B_hold0.15
290.1,0.38816778784387096,0.15,0.3,B_hold0.15
290.12,0.4266491888253015,0.15,0.3,B_hold0.15
290.14,0.4473430876093032,0.15,0.3,B_hold0.15
290.16,0.44734308760930364,0.15,0.3,B_hold0.15
290.18,0.4266491888253018,0.15,0.3,B_hold0.15
290.2,0.3881677878438714,0.15,0.3,B_hold0.15
290.22,0.337303483074728,0.15,0.3,B_hold0.15
290.24,0.2812000149653555,0.15,0.3,B_hold0.15
290.26,0.22773694888474308,0.15,0.3,B_hold0.15
290.28000000000003,0.18442301358363278,0.15,0.3,B_hold0.15
290.3,0.15734152255572664,0.15,0.3,B_hold0.15
290.32,0.15029599073575925,0.15,0.3,B_hold0.15
290.34000000000003,0.16427594213009725,0.15,0.3,B_hold0.15
290.36,0.19731793411069598,0.15,0.3,B_hold0.15
290.38,0.24478131709729808,0.15,0.3,B_hold0.15
290.40000000000003,0.2999999999999984,0.15,0.3,B_hold0.15
290.42,0.35521868290270286,0.15,0.3,B_hold0.15
290.44,0.4026820658893032,0.15,0.3,B_hold0.15
290.46,0.4357240578699032,0.15,0.3,B_hold0.15
290.48,0.4497040092642407,0.15,0.3,B_hold0.15
290.5,0.442658477444273,0.15,0.3,B_hold0.15
290.52,0.4155769864163679,0.15,0.3,B_hold0.15
290.54,0.37226305111525787,0.15,0.3,B_hold0.15
290.56,0.31879998503464557,0.15,0.3,B_hold0.15
290.58,0.26269651692527307,0.15,0.3,B_hold0.15
290.6,0.2118322121561295,0.15,0.3,B_hold0.15
290.62,0.17335081117469878,0.15,0.3,B_hold0.15
290.64,0.1526569123906965,0.15,0.3,B_hold0.15
290.66,0.1526569123906966,0.15,0.3,B_hold0.15
290.68,0.1733508111746979,0.15,0.3,B_hold0.15
290.7,0.21183221215612813,0.15,0.3,B_hold0.15
290.72,0.2626965169252714,0.15,0.3,B_hold0.15
290.74,0.3187999850346439,0.15,0.3,B_hold0.15
290.76,0.37226305111525826,0.15,0.3,B_hold0.15
290.78000000000003,0.4155769864163682,0.15,0.3,B_hold0.15
290.8,0.44265847744427317,0.15,0.3,B_hold0.15
290.82,0.44970400926424076,0.15,0.3,B_hold0.15
290.84000000000003,0.435724057869903,0.15,0.3,B_hold0.15
290.86,0.40268206588930444,0.15,0.3,B_hold0.15
290.88,0.3552186829027005,0.15,0.3,B_hold0.15
290.90000000000003,0.30000000000000004,0.15,0.3,B_hold0.15
290.92,0.24564871532901938,0.15,0.3,B_hold0.15
290.94,0.2009232818621977,0.15,0.3,B_hold0.15
290.96,0.17267002178802063,0.15,0.3,B_hold0.15
290.98,0.16459145155746202,0.15,0.3,B_hold0.15
291.0,0.17667398403157386,0.15,0.3,B_hold0.15
291.02,0.20537573488949,0.15,0.3,B_hold0.15
291.04,0.24450823490512463,0.15,0.3,B_hold0.15
291.06,0.2865976853279341,0.15,0.3,B_hold0.15
291.08,0.3244154466470975,0.15,0.3,B_hold0.15
291.1,0.35234439191708483,0.15,0.3,B_hold0.15
291.12,0.3673007785948044,0.15,0.3,B_hold0.15
291.14,0.369045669294631,0.15,0.3,B_hold0.15
291.16,0.3598668730789763,0.15,0.3,B_hold0.15
291.18,0.34375621857724115,0.15,0.3,B_hold0.15
291.2,0.3253138847984244,0.15,0.3,B_hold0.15
291.22,0.3086576386486214,0.15,0.3,B_hold0.15
291.24,0.296591788216677,0.15,0.3,B_hold0.15
291.26,0.2902072230347575,0.15,0.3,B_hold0.15
291.28000000000003,0.28896337987655807,0.15,0.3,B_hold0.15
291.3,0.2911770496525151,0.15,0.3,B_hold0.15
291.32,0.2947436291964236,0.15,0.3,B_hold0.15
291.34000000000003,0.29786798957146643,0.15,0.3,B_hold0.15
291.36,0.2995951606204082,0.15,0.3,B_hold0.15
291.38,0.3,0.15,0.3,B_hold0.15
291.40000000000003,0.3,0.15,0.3,B_hold0.15:tail
291.42,0.3,0.15,0.3,B_hold0.15:tail
291.44,0.3,0.15,0.3,B_hold0.15:tail
291.46,0.3,0.15,0.3,B_hold0.15:tail
291.48,0.3,0.15,0.3,B_hold0.15:tail
291.5,0.3,0.15,0.3,B_hold0.15:tail
291.52,0.3,0.15,0.3,B_hold0.15:tail
291.54,0.3,0.15,0.3,B_hold0.15:tail
291.56,0.3,0.15,0.3,B_hold0.15:tail
291.58,0.3,0.15,0.3,B_hold0.15:tail
291.6,0.3,0.15,0.3,B_hold0.15:tail
291.62,0.3,0.15,0.3,B_hold0.15:tail
291.64,0.3,0.15,0.3,B_hold0.15:tail
291.66,0.3,0.15,0.3,B_hold0.15:tail
291.68,0.3,0.15,0.3,B_hold0.15:tail
291.7,0.3,0.15,0.3,B_hold0.15:tail
291.72,0.3,0.15,0.3,B_hold0.15:tail
291.74,0.3,0.15,0.3,B_hold0.15:tail
291.76,0.3,0.15,0.3,B_hold0.15:tail
291.78000000000003,0.3,0.15,0.3,B_hold0.15:tail
291.8,0.3,0.15,0.3,B_hold0.15:tail
291.82,0.3,0.15,0.3,B_hold0.15:tail
291.84000000000003,0.3,0.15,0.3,B_hold0.15:tail
291.86,0.3,0.15,0.3,B_hold0.15:tail
291.88,0.3,0.15,0.3,B_hold0.15:tail
291.90000000000003,0.29,0.1475,0.3,rest:down
291.92,0.27999999999999997,0.145,0.3,rest:down
291.94,0.27,0.1425,0.3,rest:down
291.96,0.26,0.13999999999999999,0.3,rest:down
291.98,0.25,0.1375,0.3,rest:down
292.0,0.24,0.135,0.3,rest:down
292.02,0.22999999999999998,0.1325,0.3,rest:down
292.04,0.22,0.13,0.3,rest:down
292.06,0.21000000000000002,0.1275,0.3,rest:down
292.08,0.2,0.125,0.3,rest:down
292.1,0.19,0.1225,0.3,rest:down
292.12,0.18,0.12,0.3,rest:down
292.14,0.17,0.1175,0.3,rest:down
292.16,0.16,0.11499999999999999,0.3,rest:down
292.18,0.15000000000000002,0.1125,0.3,rest:down
292.2,0.14,0.11,0.3,rest:down
292.22,0.13,0.1075,0.3,rest:down
292.24,0.12000000000000002,0.10500000000000001,0.3,rest:down
292.26,0.11000000000000001,0.10250000000000001,0.3,rest:down
292.28000000000003,0.1,0.1,0.3,rest:down
292.3,0.1,0.1,0.3,rest
292.32,0.1,0.1,0.3,rest
292.34000000000003,0.1,0.1,0.3,rest
292.36,0.1,0.1,0.3,rest
292.38,0.1,0.1,0.3,rest
292.40000000000003,0.1,0.1,0.3,rest
292.42,0.1,0.1,0.3,rest
292.44,0.1,0.1,0.3,rest
292.46,0.1,0.1,0.3,rest
292.48,0.1,0.1,0.3,rest
292.5,0.1,0.1,0.3,rest
292.52,0.1,0.1,0.3,rest
292.54,0.1,0.1,0.3,rest
292.56,0.1,0.1,0.3,rest
292.58,0.1,0.1,0.3,rest
292.6,0.1,0.1,0.3,rest
292.62,0.1,0.1,0.3,rest
292.64,0.1,0.1,0.3,rest
292.66,0.1,0.1,0.3,rest
292.68,0.1,0.1,0.3,rest
292.7,0.1,0.1,0.3,rest
292.72,0.1,0.1,0.3,rest
292.74,0.1,0.1,0.3,rest
292.76,0.1,0.1,0.3,rest
292.78000000000003,0.1,0.1,0.3,rest
292.8,0.1,0.1,0.3,rest
292.82,0.1,0.1,0.3,rest
292.84000000000003,0.1,0.1,0.3,rest
292.86,0.1,0.1,0.3,rest
292.88,0.1,0.1,0.3,rest
292.90000000000003,0.1,0.1,0.3,rest
292.92,0.1,0.1,0.3,rest
292.94,0.1,0.1,0.3,rest
292.96,0.1,0.1,0.3,rest
292.98,0.1,0.1,0.3,rest
293.0,0.1,0.1,0.3,rest
293.02,0.1,0.1,0.3,rest
293.04,0.1,0.1,0.3,rest
293.06,0.1,0.1,0.3,rest
293.08,0.1,0.1,0.3,rest
293.1,0.1,0.1,0.3,rest
293.12,0.1,0.1,0.3,rest
293.14,0.1,0.1,0.3,rest
293.16,0.1,0.1,0.3,rest
293.18,0.1,0.1,0.3,rest
293.2,0.1,0.1,0.3,rest
293.22,0.1,0.1,0.3,rest
293.24,0.1,0.1,0.3,rest
293.26,0.1,0.1,0.3,rest
293.28000000000003,0.1,0.1,0.3,rest
293.3,0.1,0.1,0.3,rest
293.32,0.1,0.1,0.3,rest
293.34000000000003,0.1,0.1,0.3,rest
293.36,0.1,0.1,0.3,rest
293.38,0.1,0.1,0.3,rest
293.40000000000003,0.1,0.1,0.3,rest
293.42,0.1,0.1,0.3,rest
293.44,0.1,0.1,0.3,rest
293.46,0.1,0.1,0.3,rest
293.48,0.1,0.1,0.3,rest
293.5,0.1,0.1,0.3,rest
293.52,0.1,0.1,0.3,rest
293.54,0.1,0.1,0.3,rest
293.56,0.1,0.1,0.3,rest
293.58,0.1,0.1,0.3,rest
293.6,0.1,0.1,0.3,rest
293.62,0.1,0.1,0.3,rest
293.64,0.1,0.1,0.3,rest
293.66,0.1,0.1,0.3,rest
293.68,0.1,0.1,0.3,rest
293.7,0.1,0.1,0.3,rest
293.72,0.1,0.1,0.3,rest
293.74,0.1,0.1,0.3,rest
293.76,0.1,0.1,0.3,rest
293.78000000000003,0.1,0.1,0.3,rest
293.8,0.1,0.1,0.3,rest
293.82,0.1,0.1,0.3,rest
293.84000000000003,0.1,0.1,0.3,rest
293.86,0.1,0.1,0.3,rest
293.88,0.1,0.1,0.3,rest
293.90000000000003,0.1,0.1,0.3,rest
293.92,0.1,0.1,0.3,rest
293.94,0.1,0.1,0.3,rest
293.96,0.1,0.1,0.3,rest
293.98,0.1,0.1,0.3,rest
294.0,0.1,0.1,0.3,rest
294.02,0.1,0.1,0.3,rest
294.04,0.1,0.1,0.3,rest
294.06,0.1,0.1,0.3,rest
294.08,0.1,0.1,0.3,rest
294.1,0.1,0.1,0.3,rest
294.12,0.1,0.1,0.3,rest
294.14,0.1,0.1,0.3,rest
294.16,0.1,0.1,0.3,rest
294.18,0.1,0.1,0.3,rest
294.2,0.1,0.1,0.3,rest
294.22,0.1,0.1,0.3,rest
294.24,0.1,0.1,0.3,rest
294.26,0.1,0.1,0.3,rest
294.28000000000003,0.1,0.1,0.3,rest
294.3,0.1,0.1,0.3,rest
294.32,0.1,0.1,0.3,rest
294.34000000000003,0.1,0.1,0.3,rest
294.36,0.1,0.1,0.3,rest
294.38,0.1,0.1,0.3,rest
294.40000000000003,0.1,0.1,0.3,rest
294.42,0.1,0.1,0.3,rest
294.44,0.1,0.1,0.3,rest
294.46,0.1,0.1,0.3,rest
294.48,0.1,0.1,0.3,rest
294.5,0.1,0.1,0.3,rest
294.52,0.1,0.1,0.3,rest
294.54,0.1,0.1,0.3,rest
294.56,0.1,0.1,0.3,rest
294.58,0.1,0.1,0.3,rest
294.6,0.1,0.1,0.3,rest
294.62,0.1,0.1,0.3,rest
294.64,0.1,0.1,0.3,rest
294.66,0.1,0.1,0.3,rest
294.68,0.1,0.1,0.3,rest
294.7,0.1,0.1,0.3,rest
294.72,0.1,0.1,0.3,rest
294.74,0.1,0.1,0.3,rest
294.76,0.1,0.1,0.3,rest
294.78000000000003,0.1,0.1,0.3,rest
294.8,0.1,0.1,0.3,rest
294.82,0.1,0.1,0.3,rest
294.84000000000003,0.1,0.1,0.3,rest
294.86,0.1,0.1,0.3,rest
294.88,0.1,0.1,0.3,rest
294.90000000000003,0.1,0.1,0.3,rest
294.92,0.1,0.1,0.3,rest
294.94,0.1,0.1,0.3,rest
294.96,0.1,0.1,0.3,rest
294.98,0.1,0.1,0.3,rest
295.0,0.1,0.1,0.3,rest
295.02,0.1,0.1,0.3,rest
295.04,0.1,0.1,0.3,rest
295.06,0.1,0.1,0.3,rest
295.08,0.1,0.1,0.3,rest
295.1,0.1,0.1,0.3,rest
295.12,0.1,0.1,0.3,rest
295.14,0.1,0.1,0.3,rest
295.16,0.1,0.1,0.3,rest
295.18,0.1,0.1,0.3,rest
295.2,0.1,0.1,0.3,rest
295.22,0.1,0.1,0.3,rest
295.24,0.1,0.1,0.3,rest
295.26,0.1,0.1,0.3,rest
295.28000000000003,0.1,0.1,0.3,rest
295.3,0.1,0.1,0.3,rest
295.32,0.1,0.1,0.3,rest
295.34000000000003,0.1,0.1,0.3,rest
295.36,0.1,0.1,0.3,rest
295.38,0.1,0.1,0.3,rest
295.40000000000003,0.1,0.1,0.3,rest
295.42,0.1,0.1,0.3,rest
295.44,0.1,0.1,0.3,rest
295.46,0.1,0.1,0.3,rest
295.48,0.1,0.1,0.3,rest
295.5,0.1,0.1,0.3,rest
295.52,0.1,0.1,0.3,rest
295.54,0.1,0.1,0.3,rest
295.56,0.1,0.1,0.3,rest
295.58,0.1,0.1,0.3,rest
295.6,0.1,0.1,0.3,rest
295.62,0.1,0.1,0.3,rest
295.64,0.1,0.1,0.3,rest
295.66,0.1,0.1,0.3,rest
295.68,0.1,0.1,0.3,rest
295.7,0.1,0.1,0.3,rest
295.72,0.1,0.1,0.3,rest
295.74,0.1,0.1,0.3,rest
295.76,0.1,0.1,0.3,rest
295.78000000000003,0.1,0.1,0.3,rest
295.8,0.1,0.1,0.3,rest
295.82,0.1,0.1,0.3,rest
295.84000000000003,0.1,0.1,0.3,rest
295.86,0.1,0.1,0.3,rest
295.88,0.1,0.1,0.3,rest
295.90000000000003,0.1,0.1,0.3,rest
295.92,0.1,0.1,0.3,rest
295.94,0.1,0.1,0.3,rest
295.96,0.1,0.1,0.3,rest
295.98,0.1,0.1,0.3,rest
296.0,0.1,0.1,0.3,rest
296.02,0.1,0.1,0.3,rest
296.04,0.1,0.1,0.3,rest
296.06,0.1,0.1,0.3,rest
296.08,0.1,0.1,0.3,rest
296.1,0.1,0.1,0.3,rest
296.12,0.1,0.1,0.3,rest
296.14,0.1,0.1,0.3,rest
296.16,0.1,0.1,0.3,rest
296.18,0.1,0.1,0.3,rest
296.2,0.1,0.1,0.3,rest
296.22,0.1,0.1,0.3,rest
296.24,0.1,0.1,0.3,rest
296.26,0.1,0.1,0.3,rest
296.28000000000003,0.1,0.1,0.3,rest
296.3,0.1,0.1,0.3,rest
296.32,0.1,0.1,0.3,rest
296.34000000000003,0.1,0.1,0.3,rest
296.36,0.1,0.1,0.3,rest
296.38,0.1,0.1,0.3,rest
296.40000000000003,0.1,0.1,0.3,rest
296.42,0.1,0.1,0.3,rest
296.44,0.1,0.1,0.3,rest
296.46,0.1,0.1,0.3,rest
296.48,0.1,0.1,0.3,rest
296.5,0.1,0.1,0.3,rest
296.52,0.1,0.1,0.3,rest
296.54,0.1,0.1,0.3,rest
296.56,0.1,0.1,0.3,rest
296.58,0.1,0.1,0.3,rest
296.6,0.1,0.1,0.3,rest
296.62,0.1,0.1,0.3,rest
296.64,0.1,0.1,0.3,rest
296.66,0.1,0.1,0.3,rest
296.68,0.1,0.1,0.3,rest
296.7,0.1,0.1,0.3,rest
296.72,0.1,0.1,0.3,rest
296.74,0.1,0.1,0.3,rest
296.76,0.1,0.1,0.3,rest
296.78000000000003,0.1,0.1,0.3,rest
296.8,0.1,0.1,0.3,rest
296.82,0.1,0.1,0.3,rest
296.84000000000003,0.1,0.1,0.3,rest
296.86,0.1,0.1,0.3,rest
296.88,0.1,0.1,0.3,rest
296.90000000000003,0.1,0.1,0.3,rest
296.92,0.1,0.1,0.3,rest
296.94,0.1,0.1,0.3,rest
296.96,0.1,0.1,0.3,rest
296.98,0.1,0.1,0.3,rest
297.0,0.1,0.1,0.3,rest
297.02,0.1,0.1,0.3,rest
297.04,0.1,0.1,0.3,rest
297.06,0.1,0.1,0.3,rest
297.08,0.1,0.1,0.3,rest
297.1,0.1,0.1,0.3,rest
297.12,0.1,0.1,0.3,rest
297.14,0.1,0.1,0.3,rest
297.16,0.1,0.1,0.3,rest
297.18,0.1,0.1,0.3,rest
297.2,0.1,0.1,0.3,rest
297.22,0.1,0.1,0.3,rest
297.24,0.1,0.1,0.3,rest
297.26,0.1,0.1,0.3,rest
297.28000000000003,0.1,0.1,0.3,rest
297.3,0.1,0.1,0.3,rest
297.32,0.1,0.1,0.3,rest
297.34000000000003,0.1,0.1,0.3,rest
297.36,0.1,0.1,0.3,rest
297.38,0.1,0.1,0.3,rest
297.40000000000003,0.1,0.1,0.3,rest
297.42,0.1,0.1,0.3,rest
297.44,0.1,0.1,0.3,rest
297.46,0.1,0.1,0.3,rest
297.48,0.1,0.1,0.3,rest
297.5,0.1,0.1,0.3,rest
297.52,0.1,0.1,0.3,rest
297.54,0.1,0.1,0.3,rest
297.56,0.1,0.1,0.3,rest
297.58,0.1,0.1,0.3,rest
297.6,0.1,0.1,0.3,rest
297.62,0.1,0.1,0.3,rest
297.64,0.1,0.1,0.3,rest
297.66,0.1,0.1,0.3,rest
297.68,0.1,0.1,0.3,rest
297.7,0.1,0.1,0.3,rest
297.72,0.1,0.1,0.3,rest
297.74,0.1,0.1,0.3,rest
297.76,0.1,0.1,0.3,rest
297.78000000000003,0.1,0.1,0.3,rest
297.8,0.1,0.1,0.3,rest
297.82,0.1,0.1,0.3,rest
297.84000000000003,0.1,0.1,0.3,rest
297.86,0.1,0.1,0.3,rest
297.88,0.1,0.1,0.3,rest
297.90000000000003,0.1,0.1,0.3,rest
297.92,0.1,0.1,0.3,rest
297.94,0.1,0.1,0.3,rest
297.96,0.1,0.1,0.3,rest
297.98,0.1,0.1,0.3,rest
298.0,0.1,0.1,0.3,rest
298.02,0.1,0.1,0.3,rest
298.04,0.1,0.1,0.3,rest
298.06,0.1,0.1,0.3,rest
298.08,0.1,0.1,0.3,rest
298.1,0.1,0.1,0.3,rest
298.12,0.1,0.1,0.3,rest
298.14,0.1,0.1,0.3,rest
298.16,0.1,0.1,0.3,rest
298.18,0.1,0.1,0.3,rest
298.2,0.1,0.1,0.3,rest
298.22,0.1,0.1,0.3,rest
298.24,0.1,0.1,0.3,rest
298.26,0.1,0.1,0.3,rest
298.28000000000003,0.1,0.1,0.3,rest
298.3,0.1,0.1,0.3,rest
298.32,0.1,0.1,0.3,rest
298.34000000000003,0.1,0.1,0.3,rest
298.36,0.1,0.1,0.3,rest
298.38,0.1,0.1,0.3,rest
298.40000000000003,0.1,0.1,0.3,rest
298.42,0.1,0.1,0.3,rest
298.44,0.1,0.1,0.3,rest
298.46,0.1,0.1,0.3,rest
298.48,0.1,0.1,0.3,rest
298.5,0.1,0.1,0.3,rest
298.52,0.1,0.1,0.3,rest
298.54,0.1,0.1,0.3,rest
298.56,0.1,0.1,0.3,rest
298.58,0.1,0.1,0.3,rest
298.6,0.1,0.1,0.3,rest
298.62,0.1,0.1,0.3,rest
298.64,0.1,0.1,0.3,rest
298.66,0.1,0.1,0.3,rest
298.68,0.1,0.1,0.3,rest
298.7,0.1,0.1,0.3,rest
298.72,0.1,0.1,0.3,rest
298.74,0.1,0.1,0.3,rest
298.76,0.1,0.1,0.3,rest
298.78000000000003,0.1,0.1,0.3,rest
298.8,0.1,0.1,0.3,rest
298.82,0.1,0.1,0.3,rest
298.84000000000003,0.1,0.1,0.3,rest
298.86,0.1,0.1,0.3,rest
298.88,0.1,0.1,0.3,rest
298.90000000000003,0.1,0.1,0.3,rest
298.92,0.1,0.1,0.3,rest
298.94,0.1,0.1,0.3,rest
298.96,0.1,0.1,0.3,rest
298.98,0.1,0.1,0.3,rest
299.0,0.1,0.1,0.3,rest
299.02,0.1,0.1,0.3,rest
299.04,0.1,0.1,0.3,rest
299.06,0.1,0.1,0.3,rest
299.08,0.1,0.1,0.3,rest
299.1,0.1,0.1,0.3,rest
299.12,0.1,0.1,0.3,rest
299.14,0.1,0.1,0.3,rest
299.16,0.1,0.1,0.3,rest
299.18,0.1,0.1,0.3,rest
299.2,0.1,0.1,0.3,rest
299.22,0.1,0.1,0.3,rest
299.24,0.1,0.1,0.3,rest
299.26,0.1,0.1,0.3,rest
299.28000000000003,0.1,0.1,0.3,rest
299.3,0.1,0.1,0.3,rest
299.32,0.1,0.1,0.3,rest
299.34000000000003,0.1,0.1,0.3,rest
299.36,0.1,0.1,0.3,rest
299.38,0.1,0.1,0.3,rest
299.40000000000003,0.1,0.1,0.3,rest
299.42,0.1,0.1,0.3,rest
299.44,0.1,0.1,0.3,rest
299.46,0.1,0.1,0.3,rest
299.48,0.1,0.1,0.3,rest
299.5,0.1,0.1,0.3,rest
299.52,0.1,0.1,0.3,rest
299.54,0.1,0.1,0.3,rest
299.56,0.1,0.1,0.3,rest
299.58,0.1,0.1,0.3,rest
299.6,0.1,0.1,0.3,rest
299.62,0.1,0.1,0.3,rest
299.64,0.1,0.1,0.3,rest
299.66,0.1,0.1,0.3,rest
299.68,0.1,0.1,0.3,rest
299.7,0.1,0.1,0.3,rest
299.72,0.1,0.1,0.3,rest
299.74,0.1,0.1,0.3,rest
299.76,0.1,0.1,0.3,rest
299.78000000000003,0.1,0.1,0.3,rest
299.8,0.1,0.1,0.3,rest
299.82,0.1,0.1,0.3,rest
299.84000000000003,0.1,0.1,0.3,rest
299.86,0.1,0.1,0.3,rest
299.88,0.1,0.1,0.3,rest
299.90000000000003,0.1,0.1,0.3,rest
299.92,0.1,0.1,0.3,rest
299.94,0.1,0.1,0.3,rest
299.96,0.1,0.1,0.3,rest
299.98,0.1,0.1,0.3,rest
300.0,0.1,0.1,0.3,rest
300.02,0.1,0.1,0.3,rest
300.04,0.1,0.1,0.3,rest
300.06,0.1,0.1,0.3,rest
300.08,0.1,0.1,0.3,rest
300.1,0.1,0.1,0.3,rest
300.12,0.1,0.1,0.3,rest
300.14,0.1,0.1,0.3,rest
300.16,0.1,0.1,0.3,rest
300.18,0.1,0.1,0.3,rest
300.2,0.1,0.1,0.3,rest
300.22,0.1,0.1,0.3,rest
300.24,0.1,0.1,0.3,rest
300.26,0.1,0.1,0.3,rest
300.28000000000003,0.1,0.1,0.3,rest
300.3,0.1,0.1,0.3,rest
300.32,0.1,0.1,0.3,rest
300.34000000000003,0.1,0.1,0.3,rest
300.36,0.1,0.1,0.3,rest
300.38,0.1,0.1,0.3,rest
300.40000000000003,0.1,0.1,0.3,rest
300.42,0.1,0.1,0.3,rest
300.44,0.1,0.1,0.3,rest
300.46,0.1,0.1,0.3,rest
300.48,0.1,0.1,0.3,rest
300.5,0.1,0.1,0.3,rest
300.52,0.1,0.1,0.3,rest
300.54,0.1,0.1,0.3,rest
300.56,0.1,0.1,0.3,rest
300.58,0.1,0.1,0.3,rest
300.6,0.1,0.1,0.3,rest
300.62,0.1,0.1,0.3,rest
300.64,0.1,0.1,0.3,rest
300.66,0.1,0.1,0.3,rest
300.68,0.1,0.1,0.3,rest
300.7,0.1,0.1,0.3,rest
300.72,0.1,0.1,0.3,rest
300.74,0.1,0.1,0.3,rest
300.76,0.1,0.1,0.3,rest
300.78000000000003,0.1,0.1,0.3,rest
300.8,0.1,0.1,0.3,rest
300.82,0.1,0.1,0.3,rest
300.84000000000003,0.1,0.1,0.3,rest
300.86,0.1,0.1,0.3,rest
300.88,0.1,0.1,0.3,rest
300.90000000000003,0.1,0.1,0.3,rest
300.92,0.1,0.1,0.3,rest
300.94,0.1,0.1,0.3,rest
300.96,0.1,0.1,0.3,rest
300.98,0.1,0.1,0.3,rest
301.0,0.1,0.1,0.3,rest
301.02,0.1,0.1,0.3,rest
301.04,0.1,0.1,0.3,rest
301.06,0.1,0.1,0.3,rest
301.08,0.1,0.1,0.3,rest
301.1,0.1,0.1,0.3,rest
301.12,0.1,0.1,0.3,rest
301.14,0.1,0.1,0.3,rest
301.16,0.1,0.1,0.3,rest
301.18,0.1,0.1,0.3,rest
301.2,0.1,0.1,0.3,rest
301.22,0.1,0.1,0.3,rest
301.24,0.1,0.1,0.3,rest
301.26,0.1,0.1,0.3,rest
301.28000000000003,0.1,0.1,0.3,rest
301.3,0.1,0.1,0.3,rest
301.32,0.1,0.1,0.3,rest
301.34000000000003,0.1,0.1,0.3,rest
301.36,0.1,0.1,0.3,rest
301.38,0.1,0.1,0.3,rest
301.40000000000003,0.1,0.1,0.3,rest
301.42,0.1,0.1,0.3,rest
301.44,0.1,0.1,0.3,rest
301.46,0.1,0.1,0.3,rest
301.48,0.1,0.1,0.3,rest
301.5,0.1,0.1,0.3,rest
301.52,0.1,0.1,0.3,rest
301.54,0.1,0.1,0.3,rest
301.56,0.1,0.1,0.3,rest
301.58,0.1,0.1,0.3,rest
301.6,0.1,0.1,0.3,rest
301.62,0.1,0.1,0.3,rest
301.64,0.1,0.1,0.3,rest
301.66,0.1,0.1,0.3,rest
301.68,0.1,0.1,0.3,rest
301.7,0.1,0.1,0.3,rest
301.72,0.1,0.1,0.3,rest
301.74,0.1,0.1,0.3,rest
301.76,0.1,0.1,0.3,rest
301.78000000000003,0.1,0.1,0.3,rest
301.8,0.1,0.1,0.3,rest
301.82,0.1,0.1,0.3,rest
301.84000000000003,0.1,0.1,0.3,rest
301.86,0.1,0.1,0.3,rest
301.88,0.1,0.1,0.3,rest
301.90000000000003,0.1,0.1,0.3,rest
301.92,0.1,0.1,0.3,rest
301.94,0.1,0.1,0.3,rest
301.96,0.1,0.1,0.3,rest
301.98,0.1,0.1,0.3,rest
302.0,0.1,0.1,0.3,rest
302.02,0.1,0.1,0.3,rest
302.04,0.1,0.1,0.3,rest
302.06,0.1,0.1,0.3,rest
302.08,0.1,0.1,0.3,rest
302.1,0.1,0.1,0.3,rest
302.12,0.1,0.1,0.3,rest
302.14,0.1,0.1,0.3,rest
302.16,0.1,0.1,0.3,rest
302.18,0.1,0.1,0.3,rest
302.2,0.1,0.1,0.3,rest
302.22,0.1,0.1,0.3,rest
302.24,0.1,0.1,0.3,rest
302.26,0.1,0.1,0.3,rest
302.28000000000003,0.1,0.1,0.3,rest
302.3,0.1,0.1,0.3,B_hold0.35:settle
302.32,0.10408163265306122,0.10510204081632654,0.3,B_hold0.35:settle
302.34000000000003,0.10816326530612246,0.11020408163265306,0.3,B_hold0.35:settle
302.36,0.11224489795918367,0.1153061224489796,0.3,B_hold0.35:settle
302.38,0.1163265306122449,0.12040816326530612,0.3,B_hold0.35:settle
302.40000000000003,0.12040816326530612,0.12551020408163266,0.3,B_hold0.35:settle
302.42,0.12448979591836735,0.1306122448979592,0.3,B_hold0.35:settle
302.44,0.12857142857142856,0.1357142857142857,0.3,B_hold0.35:settle
302.46,0.1326530612244898,0.14081632653061224,0.3,B_hold0.35:settle
302.48,0.13673469387755102,0.14591836734693878,0.3,B_hold0.35:settle
302.5,0.14081632653061224,0.15102040816326529,0.3,B_hold0.35:settle
302.52,0.14489795918367346,0.15612244897959182,0.3,B_hold0.35:settle
302.54,0.1489795918367347,0.16122448979591836,0.3,B_hold0.35:settle
302.56,0.15306122448979592,0.1663265306122449,0.3,B_hold0.35:settle
302.58,0.15714285714285714,0.17142857142857143,0.3,B_hold0.35:settle
302.6,0.16122448979591836,0.17653061224489794,0.3,B_hold0.35:settle
302.62,0.16530612244897958,0.18163265306122447,0.3,B_hold0.35:settle
302.64,0.16938775510204082,0.186734693877551,0.3,B_hold0.35:settle
302.66,0.17346938775510204,0.19183673469387752,0.3,B_hold0.35:settle
302.68,0.17755102040816326,0.19693877551020406,0.3,B_hold0.35:settle
302.7,0.18163265306122447,0.2020408163265306,0.3,B_hold0.35:settle
302.72,0.18571428571428572,0.20714285714285713,0.3,B_hold0.35:settle
302.74,0.18979591836734694,0.21224489795918366,0.3,B_hold0.35:settle
302.76,0.19387755102040816,0.2173469387755102,0.3,B_hold0.35:settle
302.78000000000003,0.19795918367346937,0.22244897959183674,0.3,B_hold0.35:settle
302.8,0.2020408163265306,0.22755102040816325,0.3,B_hold0.35:settle
302.82,0.2061224489795918,0.23265306122448975,0.3,B_hold0.35:settle
302.84000000000003,0.21020408163265303,0.2377551020408163,0.3,B_hold0.35:settle
302.86,0.21428571428571427,0.24285714285714283,0.3,B_hold0.35:settle
302.88,0.21836734693877552,0.24795918367346936,0.3,B_hold0.35:settle
302.90000000000003,0.2224489795918367,0.25306122448979584,0.3,B_hold0.35:settle
302.92,0.22653061224489793,0.25816326530612244,0.3,B_hold0.35:settle
302.94,0.23061224489795917,0.2632653061224489,0.3,B_hold0.35:settle
302.96,0.2346938775510204,0.2683673469387755,0.3,B_hold0.35:settle
302.98,0.23877551020408164,0.273469387755102,0.3,B_hold0.35:settle
303.0,0.24285714285714283,0.2785714285714285,0.3,B_hold0.35:settle
303.02,0.24693877551020407,0.28367346938775506,0.3,B_hold0.35:settle
303.04,0.2510204081632653,0.2887755102040816,0.3,B_hold0.35:settle
303.06,0.2551020408163265,0.29387755102040813,0.3,B_hold0.35:settle
303.08,0.25918367346938775,0.2989795918367346,0.3,B_hold0.35:settle
303.1,0.2632653061224489,0.3040816326530612,0.3,B_hold0.35:settle
303.12,0.2673469387755102,0.3091836734693877,0.3,B_hold0.35:settle
303.14,0.2714285714285714,0.3142857142857143,0.3,B_hold0.35:settle
303.16,0.2755102040816326,0.31938775510204076,0.3,B_hold0.35:settle
303.18,0.27959183673469384,0.3244897959183673,0.3,B_hold0.35:settle
303.2,0.28367346938775506,0.32959183673469383,0.3,B_hold0.35:settle
303.22,0.28775510204081634,0.33469387755102037,0.3,B_hold0.35:settle
303.24,0.2918367346938775,0.3397959183673469,0.3,B_hold0.35:settle
303.26,0.29591836734693877,0.34489795918367344,0.3,B_hold0.35:settle
303.28000000000003,0.3,0.35,0.3,B_hold0.35:settle
303.3,0.3,0.35,0.3,B_hold0.35
303.32,0.30021770790385444,0.35,0.3,B_hold0.35
303.34000000000003,0.3016129729595117,0.35,0.3,B_hold0.35
303.36,0.30476551014656544,0.35,0.3,B_hold0.35
303.38,0.30925869295831904,0.35,0.3,B_hold0.35
303.40000000000003,0.3136226724001005,0.35,0.3,B_hold0.35
303.42,0.3156624946334626,0.35,0.3,B_hold0.35
303.44,0.31310042438097824,0.35,0.3,B_hold0.35
303.46,0.30436322465393917,0.35,0.3,B_hold0.35
303.48,0.2892897837608696,0.35,0.3,B_hold0.35
303.5,0.26953877847816504,0.35,0.3,B_hold0.35
303.52,0.2485412513339993,0.35,0.3,B_hold0.35
303.54,0.23095433070536897,0.35,0.3,B_hold0.35
303.56,0.2217025816853277,0.35,0.3,B_hold0.35
303.58,0.22480955984069845,0.35,0.3,B_hold0.35
303.6,0.242293433677964,0.35,0.3,B_hold0.35
303.62,0.27340673316440217,0.35,0.3,B_hold0.35
303.64,0.31443676038070645,0.35,0.3,B_hold0.35
303.66,0.359162626734279,0.35,0.3,B_hold0.35
303.68,0.3999144917829057,0.35,0.3,B_hold0.35
303.7,0.4290358050441725,0.35,0.3,B_hold0.35
303.72,0.44044531630592165,0.35,0.3,B_hold0.35
303.74,0.4309585477233375,0.35,0.3,B_hold0.35
303.76,0.4010690929297915,0.35,0.3,B_hold0.35
303.78000000000003,0.3550009749988472,0.35,0.3,B_hold0.35
303.8,0.30000000000000004,0.35,0.3,B_hold0.35
303.82,0.2447813170972984,0.35,0.3,B_hold0.35
303.84000000000003,0.19731793411069662,0.35,0.3,B_hold0.35
303.86,0.16427594213009705,0.35,0.3,B_hold0.35
303.88,0.15029599073575928,0.35,0.3,B_hold0.35
303.90000000000003,0.15734152255572692,0.35,0.3,B_hold0.35
303.92,0.18442301358363153,0.35,0.3,B_hold0.35
303.94,0.22773694888474277,0.35,0.3,B_hold0.35
303.96,0.2812000149653544,0.35,0.3,B_hold0.35
303.98,0.3373034830747282,0.35,0.3,B_hold0.35
304.0,0.3881677878438711,0.35,0.3,B_hold0.35
304.02,0.4266491888253022,0.35,0.3,B_hold0.35
304.04,0.44734308760930325,0.35,0.3,B_hold0.35
304.06,0.4473430876093033,0.35,0.3,B_hold0.35
304.08,0.42664918882530223,0.35,0.3,B_hold0.35
304.1,0.388167787843871,0.35,0.3,B_hold0.35
304.12,0.33730348307472807,0.35,0.3,B_hold0.35
304.14,0.28120001496535457,0.35,0.3,B_hold0.35
304.16,0.2277369488847427,0.35,0.3,B_hold0.35
304.18,0.1844230135836318,0.35,0.3,B_hold0.35
304.2,0.15734152255572698,0.35,0.3,B_hold0.35
304.22,0.15029599073575925,0.35,0.3,B_hold0.35
304.24,0.16427594213009722,0.35,0.3,B_hold0.35
304.26,0.1973179341106967,0.35,0.3,B_hold0.35
304.28000000000003,0.244781317097298,0.35,0.3,B_hold0.35
304.3,0.2999999999999999,0.35,0.3,B_hold0.35
304.32,0.35521868290270175,0.35,0.3,B_hold0.35
304.34000000000003,0.4026820658893031,0.35,0.3,B_hold0.35
304.36,0.43572405786990287,0.35,0.3,B_hold0.35
304.38,0.4497040092642407,0.35,0.3,B_hold0.35
304.40000000000003,0.44265847744427306,0.35,0.3,B_hold0.35
304.42,0.4155769864163683,0.35,0.3,B_hold0.35
304.44,0.37226305111525704,0.35,0.3,B_hold0.35
304.46,0.3187999850346462,0.35,0.3,B_hold0.35
304.48,0.2626965169252721,0.35,0.3,B_hold0.35
304.5,0.21183221215612913,0.35,0.3,B_hold0.35
304.52,0.17335081117469797,0.35,0.3,B_hold0.35
304.54,0.15265691239069673,0.35,0.3,B_hold0.35
304.56,0.15265691239069668,0.35,0.3,B_hold0.35
304.58,0.17335081117469783,0.35,0.3,B_hold0.35
304.6,0.2118322121561289,0.35,0.3,B_hold0.35
304.62,0.26269651692527185,0.35,0.3,B_hold0.35
304.64,0.3187999850346459,0.35,0.3,B_hold0.35
304.66,0.37226305111525726,0.35,0.3,B_hold0.35
304.68,0.4155769864163685,0.35,0.3,B_hold0.35
304.7,0.4426584774442731,0.35,0.3,B_hold0.35
304.72,0.44970400926424076,0.35,0.3,B_hold0.35
304.74,0.435724057869903,0.35,0.3,B_hold0.35
304.76,0.40268206588930333,0.35,0.3,B_hold0.35
304.78000000000003,0.35521868290270203,0.35,0.3,B_hold0.35
304.8,0.30000000000000016,0.35,0.3,B_hold0.35
304.82,0.24478131709729825,0.35,0.3,B_hold0.35
304.84000000000003,0.1973179341106969,0.35,0.3,B_hold0.35
304.86,0.16427594213009708,0.35,0.3,B_hold0.35
304.88,0.15029599073575925,0.35,0.3,B_hold0.35
304.90000000000003,0.1573415225557269,0.35,0.3,B_hold0.35
304.92,0.1844230135836316,0.35,0.3,B_hold0.35
304.94,0.2277369488847429,0.35,0.3,B_hold0.35
304.96,0.2812000149653548,0.35,0.3,B_hold0.35
304.98,0.3373034830747278,0.35,0.3,B_hold0.35
305.0,0.3881677878438704,0.35,0.3,B_hold0.35
305.02,0.42664918882530223,0.35,0.3,B_hold0.35
305.04,0.4473430876093032,0.35,0.3,B_hold0.35
305.06,0.4473430876093034,0.35,0.3,B_hold0.35
305.08,0.4266491888253022,0.35,0.3,B_hold0.35
305.1,0.3881677878438711,0.35,0.3,B_hold0.35
305.12,0.3373034830747287,0.35,0.3,B_hold0.35
305.14,0.28120001496535413,0.35,0.3,B_hold0.35
305.16,0.22773694888474277,0.35,0.3,B_hold0.35
305.18,0.18442301358363122,0.35,0.3,B_hold0.35
305.2,0.15734152255572686,0.35,0.3,B_hold0.35
305.22,0.15029599073575925,0.35,0.3,B_hold0.35
305.24,0.1642759421300969,0.35,0.3,B_hold0.35
305.26,0.1973179341106962,0.35,0.3,B_hold0.35
305.28000000000003,0.2447813170972984,0.35,0.3,B_hold0.35
305.3,0.29999999999999977,0.35,0.3,B_hold0.35
305.32,0.3552186829027012,0.35,0.3,B_hold0.35
305.34000000000003,0.40268206588930344,0.35,0.3,B_hold0.35
305.36,0.43572405786990287,0.35,0.3,B_hold0.35
305.38,0.4497040092642407,0.35,0.3,B_hold0.35
305.40000000000003,0.4426584774442729,0.35,0.3,B_hold0.35
305.42,0.4155769864163684,0.35,0.3,B_hold0.35
305.44,0.3722630511152576,0.35,0.3,B_hold0.35
305.46,0.31879998503464524,0.35,0.3,B_hold0.35
305.48,0.2626965169252717,0.35,0.3,B_hold0.35
305.5,0.21183221215612924,0.35,0.3,B_hold0.35
305.52,0.17335081117469747,0.35,0.3,B_hold0.35
305.54,0.15265691239069665,0.35,0.3,B_hold0.35
305.56,0.15265691239069687,0.35,0.3,B_hold0.35
305.58,0.17335081117469806,0.35,0.3,B_hold0.35
305.6,0.21183221215612924,0.35,0.3,B_hold0.35
305.62,0.2626965169252707,0.35,0.3,B_hold0.35
305.64,0.31879998503464524,0.35,0.3,B_hold0.35
305.66,0.3722630511152567,0.35,0.3,B_hold0.35
305.68,0.41557698641636776,0.35,0.3,B_hold0.35
305.7,0.4426584774442729,0.35,0.3,B_hold0.35
305.72,0.44970400926424076,0.35,0.3,B_hold0.35
305.74,0.4357240578699033,0.35,0.3,B_hold0.35
305.76,0.4026820658893034,0.35,0.3,B_hold0.35
305.78000000000003,0.35521868290270214,0.35,0.3,B_hold0.35
305.8,0.3000000000000008,0.35,0.3,B_hold0.35
305.82,0.24478131709729836,0.35,0.3,B_hold0.35
305.84000000000003,0.19731793411069698,0.35,0.3,B_hold0.35
305.86,0.1642759421300969,0.35,0.3,B_hold0.35
305.88,0.15029599073575925,0.35,0.3,B_hold0.35
305.90000000000003,0.15734152255572686,0.35,0.3,B_hold0.35
305.92,0.1844230135836319,0.35,0.3,B_hold0.35
305.94,0.22773694888474283,0.35,0.3,B_hold0.35
305.96,0.2812000149653542,0.35,0.3,B_hold0.35
305.98,0.33730348307472874,0.35,0.3,B_hold0.35
306.0,0.3881677878438711,0.35,0.3,B_hold0.35
306.02,0.42664918882530223,0.35,0.3,B_hold0.35
306.04,0.4473430876093034,0.35,0.3,B_hold0.35
306.06,0.4473430876093032,0.35,0.3,B_hold0.35
306.08,0.42664918882530223,0.35,0.3,B_hold0.35
306.1,0.38816778784387035,0.35,0.3,B_hold0.35
306.12,0.3373034830747288,0.35,0.3,B_hold0.35
306.14,0.2812000149653553,0.35,0.3,B_hold0.35
306.16,0.22773694888474288,0.35,0.3,B_hold0.35
306.18,0.18442301358363195,0.35,0.3,B_hold0.35
306.2,0.15734152255572723,0.35,0.3,B_hold0.35
306.22,0.15029599073575925,0.35,0.3,B_hold0.35
306.24,0.16427594213009689,0.35,0.3,B_hold0.35
306.26,0.19731793411069615,0.35,0.3,B_hold0.35
306.28000000000003,0.24478131709729828,0.35,0.3,B_hold0.35
306.3,0.29999999999999966,0.35,0.3,B_hold0.35
306.32,0.3552186829027011,0.35,0.3,B_hold0.35
306.34000000000003,0.40268206588930333,0.35,0.3,B_hold0.35
306.36,0.4357240578699028,0.35,0.3,B_hold0.35
306.38,0.4497040092642407,0.35,0.3,B_hold0.35
306.40000000000003,0.442658477444273,0.35,0.3,B_hold0.35
306.42,0.4155769864163684,0.35,0.3,B_hold0.35
306.44,0.3722630511152577,0.35,0.3,B_hold0.35
306.46,0.31879998503464535,0.35,0.3,B_hold0.35
306.48,0.2626965169252718,0.35,0.3,B_hold0.35
306.5,0.2118322121561293,0.35,0.3,B_hold0.35
306.52,0.17335081117469753,0.35,0.3,B_hold0.35
306.54,0.15265691239069668,0.35,0.3,B_hold0.35
306.56,0.15265691239069684,0.35,0.3,B_hold0.35
306.58,0.173350811174698,0.35,0.3,B_hold0.35
306.6,0.21183221215612916,0.35,0.3,B_hold0.35
306.62,0.2626965169252726,0.35,0.3,B_hold0.35
306.64,0.31879998503464513,0.35,0.3,B_hold0.35
306.66,0.3722630511152566,0.35,0.3,B_hold0.35
306.68,0.41557698641636764,0.35,0.3,B_hold0.35
306.7,0.44265847744427256,0.35,0.3,B_hold0.35
306.72,0.44970400926424076,0.35,0.3,B_hold0.35
306.74,0.43572405786990287,0.35,0.3,B_hold0.35
306.76,0.4026820658893043,0.35,0.3,B_hold0.35
306.78000000000003,0.35521868290270225,0.35,0.3,B_hold0.35
306.8,0.2999999999999998,0.35,0.3,B_hold0.35
306.82,0.24478131709729944,0.35,0.3,B_hold0.35
306.84000000000003,0.19731793411069704,0.35,0.3,B_hold0.35
306.86,0.16427594213009697,0.35,0.3,B_hold0.35
306.88,0.15029599073575933,0.35,0.3,B_hold0.35
306.90000000000003,0.15734152255572684,0.35,0.3,B_hold0.35
306.92,0.18442301358363183,0.35,0.3,B_hold0.35
306.94,0.22773694888474177,0.35,0.3,B_hold0.35
306.96,0.2812000149653541,0.35,0.3,B_hold0.35
306.98,0.3373034830747286,0.35,0.3,B_hold0.35
307.0,0.3881677878438702,0.35,0.3,B_hold0.35
307.02,0.4266491888253021,0.35,0.3,B_hold0.35
307.04,0.4473430876093034,0.35,0.3,B_hold0.35
307.06,0.4473430876093031,0.35,0.3,B_hold0.35
307.08,0.4266491888253023,0.35,0.3,B_hold0.35
307.1,0.3881677878438704,0.35,0.3,B_hold0.35
307.12,0.33730348307472685,0.35,0.3,B_hold0.35
307.14,0.28120001496535435,0.35,0.3,B_hold0.35
307.16,0.2277369488847439,0.35,0.3,B_hold0.35
307.18,0.18442301358363203,0.35,0.3,B_hold0.35
307.2,0.15734152255572692,0.35,0.3,B_hold0.35
307.22,0.15029599073575917,0.35,0.3,B_hold0.35
307.24,0.16427594213009683,0.35,0.3,B_hold0.35
307.26,0.19731793411069687,0.35,0.3,B_hold0.35
307.28000000000003,0.2447813170972972,0.35,0.3,B_hold0.35
307.3,0.29999999999999954,0.35,0.3,B_hold0.35
307.32,0.355218682902702,0.35,0.3,B_hold0.35
307.34000000000003,0.4026820658893025,0.35,0.3,B_hold0.35
307.36,0.43572405786990365,0.35,0.3,B_hold0.35
307.38,0.44970400926424076,0.35,0.3,B_hold0.35
307.40000000000003,0.44265847744427333,0.35,0.3,B_hold0.35
307.42,0.41557698641636853,0.35,0.3,B_hold0.35
307.44,0.3722630511152587,0.35,0.3,B_hold0.35
307.46,0.3187999850346465,0.35,0.3,B_hold0.35
307.48,0.26269651692527396,0.35,0.3,B_hold0.35
307.5,0.21183221215612852,0.35,0.3,B_hold0.35
307.52,0.17335081117469814,0.35,0.3,B_hold0.35
307.54,0.1526569123906967,0.35,0.3,B_hold0.35
307.56,0.15265691239069643,0.35,0.3,B_hold0.35
307.58,0.17335081117469736,0.35,0.3,B_hold0.35
307.6,0.21183221215612907,0.35,0.3,B_hold0.35
307.62,0.26269651692527257,0.35,0.3,B_hold0.35
307.64,0.318799985034645,0.35,0.3,B_hold0.35
307.66,0.3722630511152574,0.35,0.3,B_hold0.35
307.68,0.4155769864163676,0.35,0.3,B_hold0.35
307.7,0.4426584774442729,0.35,0.3,B_hold0.35
307.72,0.4497040092642407,0.35,0.3,B_hold0.35
307.74,0.4357240578699025,0.35,0.3,B_hold0.35
307.76,0.40268206588930355,0.35,0.3,B_hold0.35
307.78000000000003,0.35521868290270137,0.35,0.3,B_hold0.35
307.8,0.30000000000000104,0.35,0.3,B_hold0.35
307.82,0.24478131709729659,0.35,0.3,B_hold0.35
307.84000000000003,0.19731793411069637,0.35,0.3,B_hold0.35
307.86,0.16427594213009655,0.35,0.3,B_hold0.35
307.88,0.15029599073575928,0.35,0.3,B_hold0.35
307.90000000000003,0.15734152255572714,0.35,0.3,B_hold0.35
307.92,0.18442301358363106,0.35,0.3,B_hold0.35
307.94,0.22773694888474078,0.35,0.3,B_hold0.35
307.96,0.281200014965355,0.35,0.3,B_hold0.35
307.98,0.3373034830747275,0.35,0.3,B_hold0.35
308.0,0.38816778784387096,0.35,0.3,B_hold0.35
308.02,0.4266491888253015,0.35,0.3,B_hold0.35
308.04,0.4473430876093032,0.35,0.3,B_hold0.35
308.06,0.44734308760930364,0.35,0.3,B_hold0.35
308.08,0.4266491888253018,0.35,0.3,B_hold0.35
308.1,0.3881677878438714,0.35,0.3,B_hold0.35
308.12,0.337303483074728,0.35,0.3,B_hold0.35
308.14,0.2812000149653555,0.35,0.3,B_hold0.35
308.16,0.22773694888474308,0.35,0.3,B_hold0.35
308.18,0.18442301358363278,0.35,0.3,B_hold0.35
308.2,0.15734152255572664,0.35,0.3,B_hold0.35
308.22,0.15029599073575925,0.35,0.3,B_hold0.35
308.24,0.16427594213009725,0.35,0.3,B_hold0.35
308.26,0.19731793411069598,0.35,0.3,B_hold0.35
308.28000000000003,0.24478131709729808,0.35,0.3,B_hold0.35
308.3,0.2999999999999984,0.35,0.3,B_hold0.35
308.32,0.35521868290270286,0.35,0.3,B_hold0.35
308.34000000000003,0.4026820658893032,0.35,0.3,B_hold0.35
308.36,0.4357240578699032,0.35,0.3,B_hold0.35
308.38,0.4497040092642407,0.35,0.3,B_hold0.35
308.40000000000003,0.442658477444273,0.35,0.3,B_hold0.35
308.42,0.4155769864163679,0.35,0.3,B_hold0.35
308.44,0.37226305111525787,0.35,0.3,B_hold0.35
308.46,0.31879998503464557,0.35,0.3,B_hold0.35
308.48,0.26269651692527307,0.35,0.3,B_hold0.35
308.5,0.2118322121561295,0.35,0.3,B_hold0.35
308.52,0.17335081117469878,0.35,0.3,B_hold0.35
308.54,0.1526569123906965,0.35,0.3,B_hold0.35
308.56,0.1526569123906966,0.35,0.3,B_hold0.35
308.58,0.1733508111746979,0.35,0.3,B_hold0.35
308.6,0.21183221215612813,0.35,0.3,B_hold0.35
308.62,0.2626965169252714,0.35,0.3,B_hold0.35
308.64,0.3187999850346439,0.35,0.3,B_hold0.35
308.66,0.37226305111525826,0.35,0.3,B_hold0.35
308.68,0.4155769864163682,0.35,0.3,B_hold0.35
308.7,0.44265847744427317,0.35,0.3,B_hold0.35
308.72,0.44970400926424076,0.35,0.3,B_hold0.35
308.74,0.435724057869903,0.35,0.3,B_hold0.35
308.76,0.40268206588930444,0.35,0.3,B_hold0.35
308.78000000000003,0.3552186829027005,0.35,0.3,B_hold0.35
308.8,0.30000000000000004,0.35,0.3,B_hold0.35
308.82,0.24564871532901938,0.35,0.3,B_hold0.35
308.84000000000003,0.2009232818621977,0.35,0.3,B_hold0.35
308.86,0.17267002178802063,0.35,0.3,B_hold0.35
308.88,0.16459145155746202,0.35,0.3,B_hold0.35
308.90000000000003,0.17667398403157386,0.35,0.3,B_hold0.35
308.92,0.20537573488949,0.35,0.3,B_hold0.35
308.94,0.24450823490512463,0.35,0.3,B_hold0.35
308.96,0.2865976853279341,0.35,0.3,B_hold0.35
308.98,0.3244154466470975,0.35,0.3,B_hold0.35
309.0,0.35234439191708483,0.35,0.3,B_hold0.35
309.02,0.3673007785948044,0.35,0.3,B_hold0.35
309.04,0.369045669294631,0.35,0.3,B_hold0.35
309.06,0.3598668730789763,0.35,0.3,B_hold0.35
309.08,0.34375621857724115,0.35,0.3,B_hold0.35
309.1,0.3253138847984244,0.35,0.3,B_hold0.35
309.12,0.3086576386486214,0.35,0.3,B_hold0.35
309.14,0.296591788216677,0.35,0.3,B_hold0.35
309.16,0.2902072230347575,0.35,0.3,B_hold0.35
309.18,0.28896337987655807,0.35,0.3,B_hold0.35
309.2,0.2911770496525151,0.35,0.3,B_hold0.35
309.22,0.2947436291964236,0.35,0.3,B_hold0.35
309.24,0.29786798957146643,0.35,0.3,B_hold0.35
309.26,0.2995951606204082,0.35,0.3,B_hold0.35
309.28000000000003,0.3,0.35,0.3,B_hold0.35
309.3,0.3,0.35,0.3,B_hold0.35:tail
309.32,0.3,0.35,0.3,B_hold0.35:tail
309.34000000000003,0.3,0.35,0.3,B_hold0.35:tail
309.36,0.3,0.35,0.3,B_hold0.35:tail
309.38,0.3,0.35,0.3,B_hold0.35:tail
309.40000000000003,0.3,0.35,0.3,B_hold0.35:tail
309.42,0.3,0.35,0.3,B_hold0.35:tail
309.44,0.3,0.35,0.3,B_hold0.35:tail
309.46,0.3,0.35,0.3,B_hold0.35:tail
309.48,0.3,0.35,0.3,B_hold0.35:tail
309.5,0.3,0.35,0.3,B_hold0.35:tail
309.52,0.3,0.35,0.3,B_hold0.35:tail
309.54,0.3,0.35,0.3,B_hold0.35:tail
309.56,0.3,0.35,0.3,B_hold0.35:tail
309.58,0.3,0.35,0.3,B_hold0.35:tail
309.6,0.3,0.35,0.3,B_hold0.35:tail
309.62,0.3,0.35,0.3,B_hold0.35:tail
309.64,0.3,0.35,0.3,B_hold0.35:tail
309.66,0.3,0.35,0.3,B_hold0.35:tail
309.68,0.3,0.35,0.3,B_hold0.35:tail
309.7,0.3,0.35,0.3,B_hold0.35:tail
309.72,0.3,0.35,0.3,B_hold0.35:tail
309.74,0.3,0.35,0.3,B_hold0.35:tail
309.76,0.3,0.35,0.3,B_hold0.35:tail
309.78000000000003,0.3,0.35,0.3,B_hold0.35:tail
309.8,0.29,0.33749999999999997,0.3,rest:down
309.82,0.27999999999999997,0.32499999999999996,0.3,rest:down
309.84000000000003,0.27,0.3125,0.3,rest:down
309.86,0.26,0.3,0.3,rest:down
309.88,0.25,0.2875,0.3,rest:down
309.90000000000003,0.24,0.27499999999999997,0.3,rest:down
309.92,0.22999999999999998,0.26249999999999996,0.3,rest:down
309.94,0.22,0.25,0.3,rest:down
309.96,0.21000000000000002,0.2375,0.3,rest:down
309.98,0.2,0.22499999999999998,0.3,rest:down
310.0,0.19,0.2125,0.3,rest:down
310.02,0.18,0.19999999999999998,0.3,rest:down
310.04,0.17,0.1875,0.3,rest:down
310.06,0.16,0.175,0.3,rest:down
310.08,0.15000000000000002,0.1625,0.3,rest:down
310.1,0.14,0.15,0.3,rest:down
310.12,0.13,0.13749999999999998,0.3,rest:down
310.14,0.12000000000000002,0.125,0.3,rest:down
310.16,0.11000000000000001,0.11249999999999999,0.3,rest:down
310.18,0.1,0.1,0.3,rest:down
310.2,0.1,0.1,0.3,rest
310.22,0.1,0.1,0.3,rest
310.24,0.1,0.1,0.3,rest
310.26,0.1,0.1,0.3,rest
310.28000000000003,0.1,0.1,0.3,rest
310.3,0.1,0.1,0.3,rest
310.32,0.1,0.1,0.3,rest
310.34000000000003,0.1,0.1,0.3,rest
310.36,0.1,0.1,0.3,rest
310.38,0.1,0.1,0.3,rest
310.40000000000003,0.1,0.1,0.3,rest
310.42,0.1,0.1,0.3,rest
310.44,0.1,0.1,0.3,rest
310.46,0.1,0.1,0.3,rest
310.48,0.1,0.1,0.3,rest
310.5,0.1,0.1,0.3,rest
310.52,0.1,0.1,0.3,rest
310.54,0.1,0.1,0.3,rest
310.56,0.1,0.1,0.3,rest
310.58,0.1,0.1,0.3,rest
310.6,0.1,0.1,0.3,rest
310.62,0.1,0.1,0.3,rest
310.64,0.1,0.1,0.3,rest
310.66,0.1,0.1,0.3,rest
310.68,0.1,0.1,0.3,rest
310.7,0.1,0.1,0.3,rest
310.72,0.1,0.1,0.3,rest
310.74,0.1,0.1,0.3,rest
310.76,0.1,0.1,0.3,rest
310.78000000000003,0.1,0.1,0.3,rest
310.8,0.1,0.1,0.3,rest
310.82,0.1,0.1,0.3,rest
310.84000000000003,0.1,0.1,0.3,rest
310.86,0.1,0.1,0.3,rest
310.88,0.1,0.1,0.3,rest
310.90000000000003,0.1,0.1,0.3,rest
310.92,0.1,0.1,0.3,rest
310.94,0.1,0.1,0.3,rest
310.96,0.1,0.1,0.3,rest
310.98,0.1,0.1,0.3,rest
311.0,0.1,0.1,0.3,rest
311.02,0.1,0.1,0.3,rest
311.04,0.1,0.1,0.3,rest
311.06,0.1,0.1,0.3,rest
311.08,0.1,0.1,0.3,rest
311.1,0.1,0.1,0.3,rest
311.12,0.1,0.1,0.3,rest
311.14,0.1,0.1,0.3,rest
311.16,0.1,0.1,0.3,rest
311.18,0.1,0.1,0.3,rest
311.2,0.1,0.1,0.3,rest
311.22,0.1,0.1,0.3,rest
311.24,0.1,0.1,0.3,rest
311.26,0.1,0.1,0.3,rest
311.28000000000003,0.1,0.1,0.3,rest
311.3,0.1,0.1,0.3,rest
311.32,0.1,0.1,0.3,rest
311.34000000000003,0.1,0.1,0.3,rest
311.36,0.1,0.1,0.3,rest
311.38,0.1,0.1,0.3,rest
311.40000000000003,0.1,0.1,0.3,rest
311.42,0.1,0.1,0.3,rest
311.44,0.1,0.1,0.3,rest
311.46,0.1,0.1,0.3,rest
311.48,0.1,0.1,0.3,rest
311.5,0.1,0.1,0.3,rest
311.52,0.1,0.1,0.3,rest
311.54,0.1,0.1,0.3,rest
311.56,0.1,0.1,0.3,rest
311.58,0.1,0.1,0.3,rest
311.6,0.1,0.1,0.3,rest
311.62,0.1,0.1,0.3,rest
311.64,0.1,0.1,0.3,rest
311.66,0.1,0.1,0.3,rest
311.68,0.1,0.1,0.3,rest
311.7,0.1,0.1,0.3,rest
311.72,0.1,0.1,0.3,rest
311.74,0.1,0.1,0.3,rest
311.76,0.1,0.1,0.3,rest
311.78000000000003,0.1,0.1,0.3,rest
311.8,0.1,0.1,0.3,rest
311.82,0.1,0.1,0.3,rest
311.84000000000003,0.1,0.1,0.3,rest
311.86,0.1,0.1,0.3,rest
311.88,0.1,0.1,0.3,rest
311.90000000000003,0.1,0.1,0.3,rest
311.92,0.1,0.1,0.3,rest
311.94,0.1,0.1,0.3,rest
311.96,0.1,0.1,0.3,rest
311.98,0.1,0.1,0.3,rest
312.0,0.1,0.1,0.3,rest
312.02,0.1,0.1,0.3,rest
312.04,0.1,0.1,0.3,rest
312.06,0.1,0.1,0.3,rest
312.08,0.1,0.1,0.3,rest
312.1,0.1,0.1,0.3,rest
312.12,0.1,0.1,0.3,rest
312.14,0.1,0.1,0.3,rest
312.16,0.1,0.1,0.3,rest
312.18,0.1,0.1,0.3,rest
312.2,0.1,0.1,0.3,rest
312.22,0.1,0.1,0.3,rest
312.24,0.1,0.1,0.3,rest
312.26,0.1,0.1,0.3,rest
312.28000000000003,0.1,0.1,0.3,rest
312.3,0.1,0.1,0.3,rest
312.32,0.1,0.1,0.3,rest
312.34000000000003,0.1,0.1,0.3,rest
312.36,0.1,0.1,0.3,rest
312.38,0.1,0.1,0.3,rest
312.40000000000003,0.1,0.1,0.3,rest
312.42,0.1,0.1,0.3,rest
312.44,0.1,0.1,0.3,rest
312.46,0.1,0.1,0.3,rest
312.48,0.1,0.1,0.3,rest
312.5,0.1,0.1,0.3,rest
312.52,0.1,0.1,0.3,rest
312.54,0.1,0.1,0.3,rest
312.56,0.1,0.1,0.3,rest
312.58,0.1,0.1,0.3,rest
312.6,0.1,0.1,0.3,rest
312.62,0.1,0.1,0.3,rest
312.64,0.1,0.1,0.3,rest
312.66,0.1,0.1,0.3,rest
312.68,0.1,0.1,0.3,rest
312.7,0.1,0.1,0.3,rest
312.72,0.1,0.1,0.3,rest
312.74,0.1,0.1,0.3,rest
312.76,0.1,0.1,0.3,rest
312.78000000000003,0.1,0.1,0.3,rest
312.8,0.1,0.1,0.3,rest
312.82,0.1,0.1,0.3,rest
312.84000000000003,0.1,0.1,0.3,rest
312.86,0.1,0.1,0.3,rest
312.88,0.1,0.1,0.3,rest
312.90000000000003,0.1,0.1,0.3,rest
312.92,0.1,0.1,0.3,rest
312.94,0.1,0.1,0.3,rest
312.96,0.1,0.1,0.3,rest
312.98,0.1,0.1,0.3,rest
313.0,0.1,0.1,0.3,rest
313.02,0.1,0.1,0.3,rest
313.04,0.1,0.1,0.3,rest
313.06,0.1,0.1,0.3,rest
313.08,0.1,0.1,0.3,rest
313.1,0.1,0.1,0.3,rest
313.12,0.1,0.1,0.3,rest
313.14,0.1,0.1,0.3,rest
313.16,0.1,0.1,0.3,rest
313.18,0.1,0.1,0.3,rest
313.2,0.1,0.1,0.3,rest
313.22,0.1,0.1,0.3,rest
313.24,0.1,0.1,0.3,rest
313.26,0.1,0.1,0.3,rest
313.28000000000003,0.1,0.1,0.3,rest
313.3,0.1,0.1,0.3,rest
313.32,0.1,0.1,0.3,rest
313.34000000000003,0.1,0.1,0.3,rest
313.36,0.1,0.1,0.3,rest
313.38,0.1,0.1,0.3,rest
313.40000000000003,0.1,0.1,0.3,rest
313.42,0.1,0.1,0.3,rest
313.44,0.1,0.1,0.3,rest
313.46,0.1,0.1,0.3,rest
313.48,0.1,0.1,0.3,rest
313.5,0.1,0.1,0.3,rest
313.52,0.1,0.1,0.3,rest
313.54,0.1,0.1,0.3,rest
313.56,0.1,0.1,0.3,rest
313.58,0.1,0.1,0.3,rest
313.6,0.1,0.1,0.3,rest
313.62,0.1,0.1,0.3,rest
313.64,0.1,0.1,0.3,rest
313.66,0.1,0.1,0.3,rest
313.68,0.1,0.1,0.3,rest
313.7,0.1,0.1,0.3,rest
313.72,0.1,0.1,0.3,rest
313.74,0.1,0.1,0.3,rest
313.76,0.1,0.1,0.3,rest
313.78000000000003,0.1,0.1,0.3,rest
313.8,0.1,0.1,0.3,rest
313.82,0.1,0.1,0.3,rest
313.84000000000003,0.1,0.1,0.3,rest
313.86,0.1,0.1,0.3,rest
313.88,0.1,0.1,0.3,rest
313.90000000000003,0.1,0.1,0.3,rest
313.92,0.1,0.1,0.3,rest
313.94,0.1,0.1,0.3,rest
313.96,0.1,0.1,0.3,rest
313.98,0.1,0.1,0.3,rest
314.0,0.1,0.1,0.3,rest
314.02,0.1,0.1,0.3,rest
314.04,0.1,0.1,0.3,rest
314.06,0.1,0.1,0.3,rest
314.08,0.1,0.1,0.3,rest
314.1,0.1,0.1,0.3,rest
314.12,0.1,0.1,0.3,rest
314.14,0.1,0.1,0.3,rest
314.16,0.1,0.1,0.3,rest
314.18,0.1,0.1,0.3,rest
314.2,0.1,0.1,0.3,rest
314.22,0.1,0.1,0.3,rest
314.24,0.1,0.1,0.3,rest
314.26,0.1,0.1,0.3,rest
314.28000000000003,0.1,0.1,0.3,rest
314.3,0.1,0.1,0.3,rest
314.32,0.1,0.1,0.3,rest
314.34000000000003,0.1,0.1,0.3,rest
314.36,0.1,0.1,0.3,rest
314.38,0.1,0.1,0.3,rest
314.40000000000003,0.1,0.1,0.3,rest
314.42,0.1,0.1,0.3,rest
314.44,0.1,0.1,0.3,rest
314.46,0.1,0.1,0.3,rest
314.48,0.1,0.1,0.3,rest
314.5,0.1,0.1,0.3,rest
314.52,0.1,0.1,0.3,rest
314.54,0.1,0.1,0.3,rest
314.56,0.1,0.1,0.3,rest
314.58,0.1,0.1,0.3,rest
314.6,0.1,0.1,0.3,rest
314.62,0.1,0.1,0.3,rest
314.64,0.1,0.1,0.3,rest
314.66,0.1,0.1,0.3,rest
314.68,0.1,0.1,0.3,rest
314.7,0.1,0.1,0.3,rest
314.72,0.1,0.1,0.3,rest
314.74,0.1,0.1,0.3,rest
314.76,0.1,0.1,0.3,rest
314.78000000000003,0.1,0.1,0.3,rest
314.8,0.1,0.1,0.3,rest
314.82,0.1,0.1,0.3,rest
314.84000000000003,0.1,0.1,0.3,rest
314.86,0.1,0.1,0.3,rest
314.88,0.1,0.1,0.3,rest
314.90000000000003,0.1,0.1,0.3,rest
314.92,0.1,0.1,0.3,rest
314.94,0.1,0.1,0.3,rest
314.96,0.1,0.1,0.3,rest
314.98,0.1,0.1,0.3,rest
315.0,0.1,0.1,0.3,rest
315.02,0.1,0.1,0.3,rest
315.04,0.1,0.1,0.3,rest
315.06,0.1,0.1,0.3,rest
315.08,0.1,0.1,0.3,rest
315.1,0.1,0.1,0.3,rest
315.12,0.1,0.1,0.3,rest
315.14,0.1,0.1,0.3,rest
315.16,0.1,0.1,0.3,rest
315.18,0.1,0.1,0.3,rest
315.2,0.1,0.1,0.3,rest
315.22,0.1,0.1,0.3,rest
315.24,0.1,0.1,0.3,rest
315.26,0.1,0.1,0.3,rest
315.28000000000003,0.1,0.1,0.3,rest
315.3,0.1,0.1,0.3,rest
315.32,0.1,0.1,0.3,rest
315.34000000000003,0.1,0.1,0.3,rest
315.36,0.1,0.1,0.3,rest
315.38,0.1,0.1,0.3,rest
315.40000000000003,0.1,0.1,0.3,rest
315.42,0.1,0.1,0.3,rest
315.44,0.1,0.1,0.3,rest
315.46,0.1,0.1,0.3,rest
315.48,0.1,0.1,0.3,rest
315.5,0.1,0.1,0.3,rest
315.52,0.1,0.1,0.3,rest
315.54,0.1,0.1,0.3,rest
315.56,0.1,0.1,0.3,rest
315.58,0.1,0.1,0.3,rest
315.6,0.1,0.1,0.3,rest
315.62,0.1,0.1,0.3,rest
315.64,0.1,0.1,0.3,rest
315.66,0.1,0.1,0.3,rest
315.68,0.1,0.1,0.3,rest
315.7,0.1,0.1,0.3,rest
315.72,0.1,0.1,0.3,rest
315.74,0.1,0.1,0.3,rest
315.76,0.1,0.1,0.3,rest
315.78000000000003,0.1,0.1,0.3,rest
315.8,0.1,0.1,0.3,rest
315.82,0.1,0.1,0.3,rest
315.84000000000003,0.1,0.1,0.3,rest
315.86,0.1,0.1,0.3,rest
315.88,0.1,0.1,0.3,rest
315.90000000000003,0.1,0.1,0.3,rest
315.92,0.1,0.1,0.3,rest
315.94,0.1,0.1,0.3,rest
315.96,0.1,0.1,0.3,rest
315.98,0.1,0.1,0.3,rest
316.0,0.1,0.1,0.3,rest
316.02,0.1,0.1,0.3,rest
316.04,0.1,0.1,0.3,rest
316.06,0.1,0.1,0.3,rest
316.08,0.1,0.1,0.3,rest
316.1,0.1,0.1,0.3,rest
316.12,0.1,0.1,0.3,rest
316.14,0.1,0.1,0.3,rest
316.16,0.1,0.1,0.3,rest
316.18,0.1,0.1,0.3,rest
316.2,0.1,0.1,0.3,rest
316.22,0.1,0.1,0.3,rest
316.24,0.1,0.1,0.3,rest
316.26,0.1,0.1,0.3,rest
316.28000000000003,0.1,0.1,0.3,rest
316.3,0.1,0.1,0.3,rest
316.32,0.1,0.1,0.3,rest
316.34000000000003,0.1,0.1,0.3,rest
316.36,0.1,0.1,0.3,rest
316.38,0.1,0.1,0.3,rest
316.40000000000003,0.1,0.1,0.3,rest
316.42,0.1,0.1,0.3,rest
316.44,0.1,0.1,0.3,rest
316.46,0.1,0.1,0.3,rest
316.48,0.1,0.1,0.3,rest
316.5,0.1,0.1,0.3,rest
316.52,0.1,0.1,0.3,rest
316.54,0.1,0.1,0.3,rest
316.56,0.1,0.1,0.3,rest
316.58,0.1,0.1,0.3,rest
316.6,0.1,0.1,0.3,rest
316.62,0.1,0.1,0.3,rest
316.64,0.1,0.1,0.3,rest
316.66,0.1,0.1,0.3,rest
316.68,0.1,0.1,0.3,rest
316.7,0.1,0.1,0.3,rest
316.72,0.1,0.1,0.3,rest
316.74,0.1,0.1,0.3,rest
316.76,0.1,0.1,0.3,rest
316.78000000000003,0.1,0.1,0.3,rest
316.8,0.1,0.1,0.3,rest
316.82,0.1,0.1,0.3,rest
316.84000000000003,0.1,0.1,0.3,rest
316.86,0.1,0.1,0.3,rest
316.88,0.1,0.1,0.3,rest
316.90000000000003,0.1,0.1,0.3,rest
316.92,0.1,0.1,0.3,rest
316.94,0.1,0.1,0.3,rest
316.96,0.1,0.1,0.3,rest
316.98,0.1,0.1,0.3,rest
317.0,0.1,0.1,0.3,rest
317.02,0.1,0.1,0.3,rest
317.04,0.1,0.1,0.3,rest
317.06,0.1,0.1,0.3,rest
317.08,0.1,0.1,0.3,rest
317.1,0.1,0.1,0.3,rest
317.12,0.1,0.1,0.3,rest
317.14,0.1,0.1,0.3,rest
317.16,0.1,0.1,0.3,rest
317.18,0.1,0.1,0.3,rest
317.2,0.1,0.1,0.3,rest
317.22,0.1,0.1,0.3,rest
317.24,0.1,0.1,0.3,rest
317.26,0.1,0.1,0.3,rest
317.28000000000003,0.1,0.1,0.3,rest
317.3,0.1,0.1,0.3,rest
317.32,0.1,0.1,0.3,rest
317.34000000000003,0.1,0.1,0.3,rest
317.36,0.1,0.1,0.3,rest
317.38,0.1,0.1,0.3,rest
317.40000000000003,0.1,0.1,0.3,rest
317.42,0.1,0.1,0.3,rest
317.44,0.1,0.1,0.3,rest
317.46,0.1,0.1,0.3,rest
317.48,0.1,0.1,0.3,rest
317.5,0.1,0.1,0.3,rest
317.52,0.1,0.1,0.3,rest
317.54,0.1,0.1,0.3,rest
317.56,0.1,0.1,0.3,rest
317.58,0.1,0.1,0.3,rest
317.6,0.1,0.1,0.3,rest
317.62,0.1,0.1,0.3,rest
317.64,0.1,0.1,0.3,rest
317.66,0.1,0.1,0.3,rest
317.68,0.1,0.1,0.3,rest
317.7,0.1,0.1,0.3,rest
317.72,0.1,0.1,0.3,rest
317.74,0.1,0.1,0.3,rest
317.76,0.1,0.1,0.3,rest
317.78000000000003,0.1,0.1,0.3,rest
317.8,0.1,0.1,0.3,rest
317.82,0.1,0.1,0.3,rest
317.84000000000003,0.1,0.1,0.3,rest
317.86,0.1,0.1,0.3,rest
317.88,0.1,0.1,0.3,rest
317.90000000000003,0.1,0.1,0.3,rest
317.92,0.1,0.1,0.3,rest
317.94,0.1,0.1,0.3,rest
317.96,0.1,0.1,0.3,rest
317.98,0.1,0.1,0.3,rest
318.0,0.1,0.1,0.3,rest
318.02,0.1,0.1,0.3,rest
318.04,0.1,0.1,0.3,rest
318.06,0.1,0.1,0.3,rest
318.08,0.1,0.1,0.3,rest
318.1,0.1,0.1,0.3,rest
318.12,0.1,0.1,0.3,rest
318.14,0.1,0.1,0.3,rest
318.16,0.1,0.1,0.3,rest
318.18,0.1,0.1,0.3,rest
318.2,0.1,0.1,0.3,rest
318.22,0.1,0.1,0.3,rest
318.24,0.1,0.1,0.3,rest
318.26,0.1,0.1,0.3,rest
318.28000000000003,0.1,0.1,0.3,rest
318.3,0.1,0.1,0.3,rest
318.32,0.1,0.1,0.3,rest
318.34000000000003,0.1,0.1,0.3,rest
318.36,0.1,0.1,0.3,rest
318.38,0.1,0.1,0.3,rest
318.40000000000003,0.1,0.1,0.3,rest
318.42,0.1,0.1,0.3,rest
318.44,0.1,0.1,0.3,rest
318.46,0.1,0.1,0.3,rest
318.48,0.1,0.1,0.3,rest
318.5,0.1,0.1,0.3,rest
318.52,0.1,0.1,0.3,rest
318.54,0.1,0.1,0.3,rest
318.56,0.1,0.1,0.3,rest
318.58,0.1,0.1,0.3,rest
318.6,0.1,0.1,0.3,rest
318.62,0.1,0.1,0.3,rest
318.64,0.1,0.1,0.3,rest
318.66,0.1,0.1,0.3,rest
318.68,0.1,0.1,0.3,rest
318.7,0.1,0.1,0.3,rest
318.72,0.1,0.1,0.3,rest
318.74,0.1,0.1,0.3,rest
318.76,0.1,0.1,0.3,rest
318.78000000000003,0.1,0.1,0.3,rest
318.8,0.1,0.1,0.3,rest
318.82,0.1,0.1,0.3,rest
318.84000000000003,0.1,0.1,0.3,rest
318.86,0.1,0.1,0.3,rest
318.88,0.1,0.1,0.3,rest
318.90000000000003,0.1,0.1,0.3,rest
318.92,0.1,0.1,0.3,rest
318.94,0.1,0.1,0.3,rest
318.96,0.1,0.1,0.3,rest
318.98,0.1,0.1,0.3,rest
319.0,0.1,0.1,0.3,rest
319.02,0.1,0.1,0.3,rest
319.04,0.1,0.1,0.3,rest
319.06,0.1,0.1,0.3,rest
319.08,0.1,0.1,0.3,rest
319.1,0.1,0.1,0.3,rest
319.12,0.1,0.1,0.3,rest
319.14,0.1,0.1,0.3,rest
319.16,0.1,0.1,0.3,rest
319.18,0.1,0.1,0.3,rest
319.2,0.1,0.1,0.3,rest
319.22,0.1,0.1,0.3,rest
319.24,0.1,0.1,0.3,rest
319.26,0.1,0.1,0.3,rest
319.28000000000003,0.1,0.1,0.3,rest
319.3,0.1,0.1,0.3,rest
319.32,0.1,0.1,0.3,rest
319.34000000000003,0.1,0.1,0.3,rest
319.36,0.1,0.1,0.3,rest
319.38,0.1,0.1,0.3,rest
319.40000000000003,0.1,0.1,0.3,rest
319.42,0.1,0.1,0.3,rest
319.44,0.1,0.1,0.3,rest
319.46,0.1,0.1,0.3,rest
319.48,0.1,0.1,0.3,rest
319.5,0.1,0.1,0.3,rest
319.52,0.1,0.1,0.3,rest
319.54,0.1,0.1,0.3,rest
319.56,0.1,0.1,0.3,rest
319.58,0.1,0.1,0.3,rest
319.6,0.1,0.1,0.3,rest
319.62,0.1,0.1,0.3,rest
319.64,0.1,0.1,0.3,rest
319.66,0.1,0.1,0.3,rest
319.68,0.1,0.1,0.3,rest
319.7,0.1,0.1,0.3,rest
319.72,0.1,0.1,0.3,rest
319.74,0.1,0.1,0.3,rest
319.76,0.1,0.1,0.3,rest
319.78000000000003,0.1,0.1,0.3,rest
319.8,0.1,0.1,0.3,rest
319.82,0.1,0.1,0.3,rest
319.84000000000003,0.1,0.1,0.3,rest
319.86,0.1,0.1,0.3,rest
319.88,0.1,0.1,0.3,rest
319.90000000000003,0.1,0.1,0.3,rest
319.92,0.1,0.1,0.3,rest
319.94,0.1,0.1,0.3,rest
319.96,0.1,0.1,0.3,rest
319.98,0.1,0.1,0.3,rest
320.0,0.1,0.1,0.3,rest
320.02,0.1,0.1,0.3,rest
320.04,0.1,0.1,0.3,rest
320.06,0.1,0.1,0.3,rest
320.08,0.1,0.1,0.3,rest
320.1,0.1,0.1,0.3,rest
320.12,0.1,0.1,0.3,rest
320.14,0.1,0.1,0.3,rest
320.16,0.1,0.1,0.3,rest
320.18,0.1,0.1,0.3,rest
320.2,0.1,0.1,0.3,C_center0.2:settle
320.22,0.10204081632653061,0.10306122448979592,0.3,C_center0.2:settle
320.24,0.10408163265306122,0.10612244897959185,0.3,C_center0.2:settle
320.26,0.10612244897959185,0.10918367346938776,0.3,C_center0.2:settle
320.28000000000003,0.10816326530612246,0.11224489795918367,0.3,C_center0.2:settle
320.3,0.11020408163265306,0.1153061224489796,0.3,C_center0.2:settle
320.32,0.11224489795918369,0.11836734693877551,0.3,C_center0.2:settle
320.34000000000003,0.1142857142857143,0.12142857142857143,0.3,C_center0.2:settle
320.36,0.1163265306122449,0.12448979591836735,0.3,C_center0.2:settle
320.38,0.11836734693877551,0.12755102040816327,0.3,C_center0.2:settle
320.40000000000003,0.12040816326530612,0.1306122448979592,0.3,C_center0.2:settle
320.42,0.12244897959183673,0.1336734693877551,0.3,C_center0.2:settle
320.44,0.12448979591836735,0.13673469387755102,0.3,C_center0.2:settle
320.46,0.12653061224489798,0.13979591836734695,0.3,C_center0.2:settle
320.48,0.1285714285714286,0.14285714285714285,0.3,C_center0.2:settle
320.5,0.1306122448979592,0.14591836734693878,0.3,C_center0.2:settle
320.52,0.1326530612244898,0.1489795918367347,0.3,C_center0.2:settle
320.54,0.1346938775510204,0.1520408163265306,0.3,C_center0.2:settle
320.56,0.13673469387755102,0.15510204081632653,0.3,C_center0.2:settle
320.58,0.13877551020408163,0.15816326530612246,0.3,C_center0.2:settle
320.6,0.14081632653061224,0.16122448979591836,0.3,C_center0.2:settle
320.62,0.14285714285714285,0.16428571428571428,0.3,C_center0.2:settle
320.64,0.14489795918367349,0.1673469387755102,0.3,C_center0.2:settle
320.66,0.1469387755102041,0.1704081632653061,0.3,C_center0.2:settle
320.68,0.1489795918367347,0.17346938775510204,0.3,C_center0.2:settle
320.7,0.1510204081632653,0.17653061224489797,0.3,C_center0.2:settle
320.72,0.15306122448979592,0.17959183673469387,0.3,C_center0.2:settle
320.74,0.15510204081632653,0.1826530612244898,0.3,C_center0.2:settle
320.76,0.15714285714285714,0.18571428571428572,0.3,C_center0.2:settle
320.78000000000003,0.15918367346938778,0.18877551020408162,0.3,C_center0.2:settle
320.8,0.16122448979591836,0.19183673469387752,0.3,C_center0.2:settle
320.82,0.163265306122449,0.19489795918367347,0.3,C_center0.2:settle
320.84000000000003,0.16530612244897958,0.19795918367346937,0.3,C_center0.2:settle
320.86,0.1673469387755102,0.2010204081632653,0.3,C_center0.2:settle
320.88,0.16938775510204082,0.20408163265306123,0.3,C_center0.2:settle
320.90000000000003,0.17142857142857143,0.20714285714285713,0.3,C_center0.2:settle
320.92,0.17346938775510204,0.21020408163265306,0.3,C_center0.2:settle
320.94,0.17551020408163265,0.21326530612244898,0.3,C_center0.2:settle
320.96,0.17755102040816328,0.21632653061224488,0.3,C_center0.2:settle
320.98,0.17959183673469387,0.21938775510204078,0.3,C_center0.2:settle
321.0,0.1816326530612245,0.22244897959183674,0.3,C_center0.2:settle
321.02,0.1836734693877551,0.22551020408163264,0.3,C_center0.2:settle
321.04,0.18571428571428572,0.22857142857142856,0.3,C_center0.2:settle
321.06,0.18775510204081633,0.2316326530612245,0.3,C_center0.2:settle
321.08,0.18979591836734694,0.2346938775510204,0.3,C_center0.2:settle
321.1,0.19183673469387755,0.23775510204081632,0.3,C_center0.2:settle
321.12,0.19387755102040816,0.24081632653061225,0.3,C_center0.2:settle
321.14,0.1959183673469388,0.24387755102040815,0.3,C_center0.2:settle
321.16,0.1979591836734694,0.24693877551020407,0.3,C_center0.2:settle
321.18,0.2,0.25,0.3,C_center0.2:settle
321.2,0.2,0.25,0.3,C_center0.2
321.22,0.20014513860256966,0.25,0.3,C_center0.2
321.24,0.20107531530634118,0.25,0.3,C_center0.2
321.26,0.20317700676437697,0.25,0.3,C_center0.2
321.28000000000003,0.20617246197221273,0.25,0.3,C_center0.2
321.3,0.20908178160006702,0.25,0.3,C_center0.2
321.32,0.21044166308897508,0.25,0.3,C_center0.2
321.34000000000003,0.2087336162539855,0.25,0.3,C_center0.2
321.36,0.20290881643595945,0.25,0.3,C_center0.2
321.38,0.19285985584057977,0.25,0.3,C_center0.2
321.40000000000003,0.17969251898544336,0.25,0.3,C_center0.2
321.42,0.16569416755599953,0.25,0.3,C_center0.2
321.44,0.15396955380357935,0.25,0.3,C_center0.2
321.46,0.1478017211235518,0.25,0.3,C_center0.2
321.48,0.149873039893799,0.25,0.3,C_center0.2
321.5,0.16152895578530935,0.25,0.3,C_center0.2
321.52,0.18227115544293482,0.25,0.3,C_center0.2
321.54,0.20962450692047097,0.25,0.3,C_center0.2
321.56,0.23944175115618602,0.25,0.3,C_center0.2
321.58,0.26660966118860385,0.25,0.3,C_center0.2
321.6,0.28602387002944835,0.25,0.3,C_center0.2
321.62,0.29363021087061447,0.25,0.3,C_center0.2
321.64,0.28730569848222504,0.25,0.3,C_center0.2
321.66,0.26737939528652765,0.25,0.3,C_center0.2
321.68,0.23666731666589816,0.25,0.3,C_center0.2
321.7,0.20000000000000004,0.25,0.3,C_center0.2
321.72,0.1631875447315323,0.25,0.3,C_center0.2
321.74,0.1315452894071311,0.25,0.3,C_center0.2
321.76,0.10951729475339804,0.25,0.3,C_center0.2
321.78000000000003,0.10019732715717286,0.25,0.3,C_center0.2
321.8,0.10489434837048463,0.25,0.3,C_center0.2
321.82,0.12294867572242102,0.25,0.3,C_center0.2
321.84000000000003,0.15182463258982853,0.25,0.3,C_center0.2
321.86,0.1874666766435696,0.25,0.3,C_center0.2
321.88,0.22486898871648547,0.25,0.3,C_center0.2
321.90000000000003,0.25877852522924744,0.25,0.3,C_center0.2
321.92,0.2844327925502015,0.25,0.3,C_center0.2
321.94,0.29822872507286885,0.25,0.3,C_center0.2
321.96,0.2982287250728689,0.25,0.3,C_center0.2
321.98,0.28443279255020154,0.25,0.3,C_center0.2
322.0,0.2587785252292474,0.25,0.3,C_center0.2
322.02,0.22486898871648542,0.25,0.3,C_center0.2
322.04,0.18746667664356972,0.25,0.3,C_center0.2
322.06,0.15182463258982848,0.25,0.3,C_center0.2
322.08,0.12294867572242121,0.25,0.3,C_center0.2
322.1,0.10489434837048467,0.25,0.3,C_center0.2
322.12,0.10019732715717285,0.25,0.3,C_center0.2
322.14,0.10951729475339815,0.25,0.3,C_center0.2
322.16,0.13154528940713114,0.25,0.3,C_center0.2
322.18,0.16318754473153202,0.25,0.3,C_center0.2
322.2,0.19999999999999993,0.25,0.3,C_center0.2
322.22,0.23681245526846786,0.25,0.3,C_center0.2
322.24,0.2684547105928688,0.25,0.3,C_center0.2
322.26,0.29048270524660197,0.25,0.3,C_center0.2
322.28000000000003,0.2998026728428272,0.25,0.3,C_center0.2
322.3,0.2951056516295154,0.25,0.3,C_center0.2
322.32,0.2770513242775789,0.25,0.3,C_center0.2
322.34000000000003,0.24817536741017138,0.25,0.3,C_center0.2
322.36,0.2125333233564308,0.25,0.3,C_center0.2
322.38,0.17513101128351474,0.25,0.3,C_center0.2
322.40000000000003,0.14122147477075275,0.25,0.3,C_center0.2
322.42,0.11556720744979866,0.25,0.3,C_center0.2
322.44,0.10177127492713117,0.25,0.3,C_center0.2
322.46,0.10177127492713113,0.25,0.3,C_center0.2
322.48,0.11556720744979856,0.25,0.3,C_center0.2
322.5,0.14122147477075261,0.25,0.3,C_center0.2
322.52,0.17513101128351458,0.25,0.3,C_center0.2
322.54,0.21253332335643063,0.25,0.3,C_center0.2
322.56,0.24817536741017152,0.25,0.3,C_center0.2
322.58,0.277051324277579,0.25,0.3,C_center0.2
322.6,0.29510565162951546,0.25,0.3,C_center0.2
322.62,0.2998026728428272,0.25,0.3,C_center0.2
322.64,0.290482705246602,0.25,0.3,C_center0.2
322.66,0.2684547105928689,0.25,0.3,C_center0.2
322.68,0.23681245526846806,0.25,0.3,C_center0.2
322.7,0.20000000000000012,0.25,0.3,C_center0.2
322.72,0.16318754473153219,0.25,0.3,C_center0.2
322.74,0.13154528940713128,0.25,0.3,C_center0.2
322.76,0.10951729475339807,0.25,0.3,C_center0.2
322.78000000000003,0.10019732715717283,0.25,0.3,C_center0.2
322.8,0.10489434837048461,0.25,0.3,C_center0.2
322.82,0.12294867572242109,0.25,0.3,C_center0.2
322.84000000000003,0.15182463258982862,0.25,0.3,C_center0.2
322.86,0.1874666766435699,0.25,0.3,C_center0.2
322.88,0.22486898871648522,0.25,0.3,C_center0.2
322.90000000000003,0.25877852522924694,0.25,0.3,C_center0.2
322.92,0.28443279255020154,0.25,0.3,C_center0.2
322.94,0.29822872507286885,0.25,0.3,C_center0.2
322.96,0.29822872507286896,0.25,0.3,C_center0.2
322.98,0.2844327925502015,0.25,0.3,C_center0.2
323.0,0.25877852522924744,0.25,0.3,C_center0.2
323.02,0.22486898871648583,0.25,0.3,C_center0.2
323.04,0.18746667664356945,0.25,0.3,C_center0.2
323.06,0.15182463258982853,0.25,0.3,C_center0.2
323.08,0.12294867572242081,0.25,0.3,C_center0.2
323.1,0.10489434837048459,0.25,0.3,C_center0.2
323.12,0.10019732715717285,0.25,0.3,C_center0.2
323.14,0.10951729475339796,0.25,0.3,C_center0.2
323.16,0.13154528940713084,0.25,0.3,C_center0.2
323.18,0.16318754473153227,0.25,0.3,C_center0.2
323.2,0.19999999999999987,0.25,0.3,C_center0.2
323.22,0.23681245526846748,0.25,0.3,C_center0.2
323.24,0.26845471059286896,0.25,0.3,C_center0.2
323.26,0.2904827052466019,0.25,0.3,C_center0.2
323.28000000000003,0.29980267284282713,0.25,0.3,C_center0.2
323.3,0.2951056516295153,0.25,0.3,C_center0.2
323.32,0.27705132427757895,0.25,0.3,C_center0.2
323.34000000000003,0.24817536741017174,0.25,0.3,C_center0.2
323.36,0.21253332335643016,0.25,0.3,C_center0.2
323.38,0.1751310112835145,0.25,0.3,C_center0.2
323.40000000000003,0.14122147477075284,0.25,0.3,C_center0.2
323.42,0.11556720744979831,0.25,0.3,C_center0.2
323.44,0.10177127492713112,0.25,0.3,C_center0.2
323.46,0.10177127492713126,0.25,0.3,C_center0.2
323.48,0.1155672074497987,0.25,0.3,C_center0.2
323.5,0.14122147477075286,0.25,0.3,C_center0.2
323.52,0.17513101128351383,0.25,0.3,C_center0.2
323.54,0.2125333233564302,0.25,0.3,C_center0.2
323.56,0.24817536741017115,0.25,0.3,C_center0.2
323.58,0.2770513242775785,0.25,0.3,C_center0.2
323.6,0.2951056516295153,0.25,0.3,C_center0.2
323.62,0.2998026728428272,0.25,0.3,C_center0.2
323.64,0.29048270524660225,0.25,0.3,C_center0.2
323.66,0.26845471059286896,0.25,0.3,C_center0.2
323.68,0.23681245526846811,0.25,0.3,C_center0.2
323.7,0.20000000000000054,0.25,0.3,C_center0.2
323.72,0.16318754473153224,0.25,0.3,C_center0.2
323.74,0.13154528940713134,0.25,0.3,C_center0.2
323.76,0.10951729475339794,0.25,0.3,C_center0.2
323.78000000000003,0.10019732715717285,0.25,0.3,C_center0.2
323.8,0.10489434837048459,0.25,0.3,C_center0.2
323.82,0.12294867572242128,0.25,0.3,C_center0.2
323.84000000000003,0.15182463258982856,0.25,0.3,C_center0.2
323.86,0.18746667664356947,0.25,0.3,C_center0.2
323.88,0.22486898871648586,0.25,0.3,C_center0.2
323.90000000000003,0.25877852522924744,0.25,0.3,C_center0.2
323.92,0.2844327925502015,0.25,0.3,C_center0.2
323.94,0.29822872507286896,0.25,0.3,C_center0.2
323.96,0.29822872507286885,0.25,0.3,C_center0.2
323.98,0.28443279255020154,0.25,0.3,C_center0.2
324.0,0.25877852522924694,0.25,0.3,C_center0.2
324.02,0.2248689887164859,0.25,0.3,C_center0.2
324.04,0.18746667664357022,0.25,0.3,C_center0.2
324.06,0.1518246325898286,0.25,0.3,C_center0.2
324.08,0.1229486757224213,0.25,0.3,C_center0.2
324.1,0.10489434837048482,0.25,0.3,C_center0.2
324.12,0.10019732715717285,0.25,0.3,C_center0.2
324.14,0.10951729475339793,0.25,0.3,C_center0.2
324.16,0.13154528940713078,0.25,0.3,C_center0.2
324.18,0.1631875447315322,0.25,0.3,C_center0.2
324.2,0.1999999999999998,0.25,0.3,C_center0.2
324.22,0.2368124552684674,0.25,0.3,C_center0.2
324.24,0.2684547105928689,0.25,0.3,C_center0.2
324.26,0.2904827052466019,0.25,0.3,C_center0.2
324.28000000000003,0.29980267284282713,0.25,0.3,C_center0.2
324.3,0.29510565162951535,0.25,0.3,C_center0.2
324.32,0.277051324277579,0.25,0.3,C_center0.2
324.34000000000003,0.24817536741017182,0.25,0.3,C_center0.2
324.36,0.21253332335643024,0.25,0.3,C_center0.2
324.38,0.17513101128351455,0.25,0.3,C_center0.2
324.40000000000003,0.1412214747707529,0.25,0.3,C_center0.2
324.42,0.11556720744979836,0.25,0.3,C_center0.2
324.44,0.10177127492713113,0.25,0.3,C_center0.2
324.46,0.10177127492713124,0.25,0.3,C_center0.2
324.48,0.11556720744979868,0.25,0.3,C_center0.2
324.5,0.14122147477075278,0.25,0.3,C_center0.2
324.52,0.17513101128351513,0.25,0.3,C_center0.2
324.54,0.21253332335643013,0.25,0.3,C_center0.2
324.56,0.24817536741017107,0.25,0.3,C_center0.2
324.58,0.27705132427757845,0.25,0.3,C_center0.2
324.6,0.2951056516295151,0.25,0.3,C_center0.2
324.62,0.2998026728428272,0.25,0.3,C_center0.2
324.64,0.29048270524660197,0.25,0.3,C_center0.2
324.66,0.2684547105928695,0.25,0.3,C_center0.2
324.68,0.23681245526846817,0.25,0.3,C_center0.2
324.7,0.1999999999999999,0.25,0.3,C_center0.2
324.72,0.163187544731533,0.25,0.3,C_center0.2
324.74,0.1315452894071314,0.25,0.3,C_center0.2
324.76,0.10951729475339798,0.25,0.3,C_center0.2
324.78000000000003,0.10019732715717289,0.25,0.3,C_center0.2
324.8,0.10489434837048456,0.25,0.3,C_center0.2
324.82,0.12294867572242124,0.25,0.3,C_center0.2
324.84000000000003,0.15182463258982787,0.25,0.3,C_center0.2
324.86,0.1874666766435694,0.25,0.3,C_center0.2
324.88,0.22486898871648578,0.25,0.3,C_center0.2
324.90000000000003,0.2587785252292468,0.25,0.3,C_center0.2
324.92,0.2844327925502015,0.25,0.3,C_center0.2
324.94,0.29822872507286896,0.25,0.3,C_center0.2
324.96,0.29822872507286874,0.25,0.3,C_center0.2
324.98,0.28443279255020154,0.25,0.3,C_center0.2
325.0,0.258778525229247,0.25,0.3,C_center0.2
325.02,0.22486898871648459,0.25,0.3,C_center0.2
325.04,0.18746667664356959,0.25,0.3,C_center0.2
325.06,0.15182463258982928,0.25,0.3,C_center0.2
325.08,0.12294867572242135,0.25,0.3,C_center0.2
325.1,0.10489434837048463,0.25,0.3,C_center0.2
325.12,0.10019732715717279,0.25,0.3,C_center0.2
325.14,0.1095172947533979,0.25,0.3,C_center0.2
325.16,0.13154528940713123,0.25,0.3,C_center0.2
325.18,0.16318754473153146,0.25,0.3,C_center0.2
325.2,0.1999999999999997,0.25,0.3,C_center0.2
325.22,0.236812455268468,0.25,0.3,C_center0.2
325.24,0.26845471059286835,0.25,0.3,C_center0.2
325.26,0.29048270524660247,0.25,0.3,C_center0.2
325.28000000000003,0.2998026728428272,0.25,0.3,C_center0.2
325.3,0.2951056516295156,0.25,0.3,C_center0.2
325.32,0.27705132427757906,0.25,0.3,C_center0.2
325.34000000000003,0.2481753674101725,0.25,0.3,C_center0.2
325.36,0.21253332335643102,0.25,0.3,C_center0.2
325.38,0.175131011283516,0.25,0.3,C_center0.2
325.40000000000003,0.14122147477075236,0.25,0.3,C_center0.2
325.42,0.11556720744979877,0.25,0.3,C_center0.2
325.44,0.10177127492713114,0.25,0.3,C_center0.2
325.46,0.10177127492713095,0.25,0.3,C_center0.2
325.48,0.11556720744979826,0.25,0.3,C_center0.2
325.5,0.14122147477075273,0.25,0.3,C_center0.2
325.52,0.17513101128351505,0.25,0.3,C_center0.2
325.54,0.21253332335643005,0.25,0.3,C_center0.2
325.56,0.24817536741017163,0.25,0.3,C_center0.2
325.58,0.2770513242775784,0.25,0.3,C_center0.2
325.6,0.2951056516295153,0.25,0.3,C_center0.2
325.62,0.29980267284282713,0.25,0.3,C_center0.2
325.64,0.2904827052466017,0.25,0.3,C_center0.2
325.66,0.2684547105928691,0.25,0.3,C_center0.2
325.68,0.2368124552684676,0.25,0.3,C_center0.2
325.7,0.2000000000000007,0.25,0.3,C_center0.2
325.72,0.16318754473153108,0.25,0.3,C_center0.2
325.74,0.1315452894071309,0.25,0.3,C_center0.2
325.76,0.10951729475339772,0.25,0.3,C_center0.2
325.78000000000003,0.10019732715717286,0.25,0.3,C_center0.2
325.8,0.10489434837048477,0.25,0.3,C_center0.2
325.82,0.12294867572242073,0.25,0.3,C_center0.2
325.84000000000003,0.1518246325898272,0.25,0.3,C_center0.2
325.86,0.18746667664357003,0.25,0.3,C_center0.2
325.88,0.22486898871648503,0.25,0.3,C_center0.2
325.90000000000003,0.2587785252292473,0.25,0.3,C_center0.2
325.92,0.28443279255020104,0.25,0.3,C_center0.2
325.94,0.2982287250728688,0.25,0.3,C_center0.2
325.96,0.2982287250728691,0.25,0.3,C_center0.2
325.98,0.2844327925502012,0.25,0.3,C_center0.2
326.0,0.2587785252292476,0.25,0.3,C_center0.2
326.02,0.22486898871648536,0.25,0.3,C_center0.2
326.04,0.18746667664357036,0.25,0.3,C_center0.2
326.06,0.15182463258982873,0.25,0.3,C_center0.2
326.08,0.12294867572242185,0.25,0.3,C_center0.2
326.1,0.10489434837048443,0.25,0.3,C_center0.2
326.12,0.10019732715717283,0.25,0.3,C_center0.2
326.14,0.10951729475339816,0.25,0.3,C_center0.2
326.16,0.13154528940713067,0.25,0.3,C_center0.2
326.18,0.16318754473153207,0.25,0.3,C_center0.2
326.2,0.19999999999999893,0.25,0.3,C_center0.2
326.22,0.23681245526846859,0.25,0.3,C_center0.2
326.24,0.26845471059286885,0.25,0.3,C_center0.2
326.26,0.29048270524660214,0.25,0.3,C_center0.2
326.28000000000003,0.29980267284282713,0.25,0.3,C_center0.2
326.3,0.2951056516295154,0.25,0.3,C_center0.2
326.32,0.2770513242775786,0.25,0.3,C_center0.2
326.34000000000003,0.24817536741017193,0.25,0.3,C_center0.2
326.36,0.21253332335643038,0.25,0.3,C_center0.2
326.38,0.17513101128351538,0.25,0.3,C_center0.2
326.40000000000003,0.141221474770753,0.25,0.3,C_center0.2
326.42,0.1155672074497992,0.25,0.3,C_center0.2
326.44,0.10177127492713102,0.25,0.3,C_center0.2
326.46,0.10177127492713108,0.25,0.3,C_center0.2
326.48,0.11556720744979859,0.25,0.3,C_center0.2
326.5,0.1412214747707521,0.25,0.3,C_center0.2
326.52,0.1751310112835143,0.25,0.3,C_center0.2
326.54,0.21253332335642927,0.25,0.3,C_center0.2
326.56,0.24817536741017218,0.25,0.3,C_center0.2
326.58,0.27705132427757884,0.25,0.3,C_center0.2
326.6,0.29510565162951546,0.25,0.3,C_center0.2
326.62,0.2998026728428272,0.25,0.3,C_center0.2
326.64,0.290482705246602,0.25,0.3,C_center0.2
326.66,0.2684547105928696,0.25,0.3,C_center0.2
326.68,0.236812455268467,0.25,0.3,C_center0.2
326.7,0.20000000000000007,0.25,0.3,C_center0.2
326.72,0.16376581021934628,0.25,0.3,C_center0.2
326.74,0.1339488545747985,0.25,0.3,C_center0.2
326.76,0.11511334785868041,0.25,0.3,C_center0.2
326.78000000000003,0.10972763437164136,0.25,0.3,C_center0.2
326.8,0.11778265602104925,0.25,0.3,C_center0.2
326.82,0.13691715659299336,0.25,0.3,C_center0.2
326.84000000000003,0.16300548993674976,0.25,0.3,C_center0.2
326.86,0.1910651235519561,0.25,0.3,C_center0.2
326.88,0.21627696443139835,0.25,0.3,C_center0.2
326.90000000000003,0.23489626127805657,0.25,0.3,C_center0.2
326.92,0.24486718572986965,0.25,0.3,C_center0.2
326.94,0.2460304461964207,0.25,0.3,C_center0.2
326.96,0.23991124871931754,0.25,0.3,C_center0.2
326.98,0.22917081238482745,0.25,0.3,C_center0.2
327.0,0.2168759231989496,0.25,0.3,C_center0.2
327.02,0.20577175909908096,0.25,0.3,C_center0.2
327.04,0.19772785881111798,0.25,0.3,C_center0.2
327.06,0.1934714820231717,0.25,0.3,C_center0.2
327.08,0.19264225325103873,0.25,0.3,C_center0.2
327.1,0.19411803310167677,0.25,0.3,C_center0.2
327.12,0.19649575279761577,0.25,0.3,C_center0.2
327.14,0.198578659714311,0.25,0.3,C_center0.2
327.16,0.19973010708027214,0.25,0.3,C_center0.2
327.18,0.2,0.25,0.3,C_center0.2
327.2,0.2,0.25,0.3,C_center0.2:tail
327.22,0.2,0.25,0.3,C_center0.2:tail
327.24,0.2,0.25,0.3,C_center0.2:tail
327.26,0.2,0.25,0.3,C_center0.2:tail
327.28000000000003,0.2,0.25,0.3,C_center0.2:tail
327.3,0.2,0.25,0.3,C_center0.2:tail
327.32,0.2,0.25,0.3,C_center0.2:tail
327.34000000000003,0.2,0.25,0.3,C_center0.2:tail
327.36,0.2,0.25,0.3,C_center0.2:tail
327.38,0.2,0.25,0.3,C_center0.2:tail
327.40000000000003,0.2,0.25,0.3,C_center0.2:tail
327.42,0.2,0.25,0.3,C_center0.2:tail
327.44,0.2,0.25,0.3,C_center0.2:tail
327.46,0.2,0.25,0.3,C_center0.2:tail
327.48,0.2,0.25,0.3,C_center0.2:tail
327.5,0.2,0.25,0.3,C_center0.2:tail
327.52,0.2,0.25,0.3,C_center0.2:tail
327.54,0.2,0.25,0.3,C_center0.2:tail
327.56,0.2,0.25,0.3,C_center0.2:tail
327.58,0.2,0.25,0.3,C_center0.2:tail
327.6,0.2,0.25,0.3,C_center0.2:tail
327.62,0.2,0.25,0.3,C_center0.2:tail
327.64,0.2,0.25,0.3,C_center0.2:tail
327.66,0.2,0.25,0.3,C_center0.2:tail
327.68,0.2,0.25,0.3,C_center0.2:tail
327.7,0.195,0.2425,0.3,rest:down
327.72,0.19,0.235,0.3,rest:down
327.74,0.185,0.2275,0.3,rest:down
327.76,0.18000000000000002,0.22,0.3,rest:down
327.78000000000003,0.17500000000000002,0.2125,0.3,rest:down
327.8,0.17,0.20500000000000002,0.3,rest:down
327.82,0.165,0.1975,0.3,rest:down
327.84000000000003,0.16,0.19,0.3,rest:down
327.86,0.15500000000000003,0.1825,0.3,rest:down
327.88,0.15000000000000002,0.175,0.3,rest:down
327.90000000000003,0.14500000000000002,0.1675,0.3,rest:down
327.92,0.14,0.16,0.3,rest:down
327.94,0.135,0.1525,0.3,rest:down
327.96,0.13,0.14500000000000002,0.3,rest:down
327.98,0.125,0.1375,0.3,rest:down
328.0,0.12000000000000001,0.13,0.3,rest:down
328.02,0.115,0.1225,0.3,rest:down
328.04,0.11000000000000001,0.11499999999999999,0.3,rest:down
328.06,0.10500000000000001,0.10750000000000001,0.3,rest:down
328.08,0.1,0.1,0.3,rest:down
328.1,0.1,0.1,0.3,rest
328.12,0.1,0.1,0.3,rest
328.14,0.1,0.1,0.3,rest
328.16,0.1,0.1,0.3,rest
328.18,0.1,0.1,0.3,rest
328.2,0.1,0.1,0.3,rest
328.22,0.1,0.1,0.3,rest
328.24,0.1,0.1,0.3,rest
328.26,0.1,0.1,0.3,rest
328.28000000000003,0.1,0.1,0.3,rest
328.3,0.1,0.1,0.3,rest
328.32,0.1,0.1,0.3,rest
328.34000000000003,0.1,0.1,0.3,rest
328.36,0.1,0.1,0.3,rest
328.38,0.1,0.1,0.3,rest
328.40000000000003,0.1,0.1,0.3,rest
328.42,0.1,0.1,0.3,rest
328.44,0.1,0.1,0.3,rest
328.46,0.1,0.1,0.3,rest
328.48,0.1,0.1,0.3,rest
328.5,0.1,0.1,0.3,rest
328.52,0.1,0.1,0.3,rest
328.54,0.1,0.1,0.3,rest
328.56,0.1,0.1,0.3,rest
328.58,0.1,0.1,0.3,rest
328.6,0.1,0.1,0.3,rest
328.62,0.1,0.1,0.3,rest
328.64,0.1,0.1,0.3,rest
328.66,0.1,0.1,0.3,rest
328.68,0.1,0.1,0.3,rest
328.7,0.1,0.1,0.3,rest
328.72,0.1,0.1,0.3,rest
328.74,0.1,0.1,0.3,rest
328.76,0.1,0.1,0.3,rest
328.78000000000003,0.1,0.1,0.3,rest
328.8,0.1,0.1,0.3,rest
328.82,0.1,0.1,0.3,rest
328.84000000000003,0.1,0.1,0.3,rest
328.86,0.1,0.1,0.3,rest
328.88,0.1,0.1,0.3,rest
328.90000000000003,0.1,0.1,0.3,rest
328.92,0.1,0.1,0.3,rest
328.94,0.1,0.1,0.3,rest
328.96,0.1,0.1,0.3,rest
328.98,0.1,0.1,0.3,rest
329.0,0.1,0.1,0.3,rest
329.02,0.1,0.1,0.3,rest
329.04,0.1,0.1,0.3,rest
329.06,0.1,0.1,0.3,rest
329.08,0.1,0.1,0.3,rest
329.1,0.1,0.1,0.3,rest
329.12,0.1,0.1,0.3,rest
329.14,0.1,0.1,0.3,rest
329.16,0.1,0.1,0.3,rest
329.18,0.1,0.1,0.3,rest
329.2,0.1,0.1,0.3,rest
329.22,0.1,0.1,0.3,rest
329.24,0.1,0.1,0.3,rest
329.26,0.1,0.1,0.3,rest
329.28000000000003,0.1,0.1,0.3,rest
329.3,0.1,0.1,0.3,rest
329.32,0.1,0.1,0.3,rest
329.34000000000003,0.1,0.1,0.3,rest
329.36,0.1,0.1,0.3,rest
329.38,0.1,0.1,0.3,rest
329.40000000000003,0.1,0.1,0.3,rest
329.42,0.1,0.1,0.3,rest
329.44,0.1,0.1,0.3,rest
329.46,0.1,0.1,0.3,rest
329.48,0.1,0.1,0.3,rest
329.5,0.1,0.1,0.3,rest
329.52,0.1,0.1,0.3,rest
329.54,0.1,0.1,0.3,rest
329.56,0.1,0.1,0.3,rest
329.58,0.1,0.1,0.3,rest
329.6,0.1,0.1,0.3,rest
329.62,0.1,0.1,0.3,rest
329.64,0.1,0.1,0.3,rest
329.66,0.1,0.1,0.3,rest
329.68,0.1,0.1,0.3,rest
329.7,0.1,0.1,0.3,rest
329.72,0.1,0.1,0.3,rest
329.74,0.1,0.1,0.3,rest
329.76,0.1,0.1,0.3,rest
329.78000000000003,0.1,0.1,0.3,rest
329.8,0.1,0.1,0.3,rest
329.82,0.1,0.1,0.3,rest
329.84000000000003,0.1,0.1,0.3,rest
329.86,0.1,0.1,0.3,rest
329.88,0.1,0.1,0.3,rest
329.90000000000003,0.1,0.1,0.3,rest
329.92,0.1,0.1,0.3,rest
329.94,0.1,0.1,0.3,rest
329.96,0.1,0.1,0.3,rest
329.98,0.1,0.1,0.3,rest
330.0,0.1,0.1,0.3,rest
330.02,0.1,0.1,0.3,rest
330.04,0.1,0.1,0.3,rest
330.06,0.1,0.1,0.3,rest
330.08,0.1,0.1,0.3,rest
330.1,0.1,0.1,0.3,rest
330.12,0.1,0.1,0.3,rest
330.14,0.1,0.1,0.3,rest
330.16,0.1,0.1,0.3,rest
330.18,0.1,0.1,0.3,rest
330.2,0.1,0.1,0.3,rest
330.22,0.1,0.1,0.3,rest
330.24,0.1,0.1,0.3,rest
330.26,0.1,0.1,0.3,rest
330.28000000000003,0.1,0.1,0.3,rest
330.3,0.1,0.1,0.3,rest
330.32,0.1,0.1,0.3,rest
330.34000000000003,0.1,0.1,0.3,rest
330.36,0.1,0.1,0.3,rest
330.38,0.1,0.1,0.3,rest
330.40000000000003,0.1,0.1,0.3,rest
330.42,0.1,0.1,0.3,rest
330.44,0.1,0.1,0.3,rest
330.46,0.1,0.1,0.3,rest
330.48,0.1,0.1,0.3,rest
330.5,0.1,0.1,0.3,rest
330.52,0.1,0.1,0.3,rest
330.54,0.1,0.1,0.3,rest
330.56,0.1,0.1,0.3,rest
330.58,0.1,0.1,0.3,rest
330.6,0.1,0.1,0.3,rest
330.62,0.1,0.1,0.3,rest
330.64,0.1,0.1,0.3,rest
330.66,0.1,0.1,0.3,rest
330.68,0.1,0.1,0.3,rest
330.7,0.1,0.1,0.3,rest
330.72,0.1,0.1,0.3,rest
330.74,0.1,0.1,0.3,rest
330.76,0.1,0.1,0.3,rest
330.78000000000003,0.1,0.1,0.3,rest
330.8,0.1,0.1,0.3,rest
330.82,0.1,0.1,0.3,rest
330.84000000000003,0.1,0.1,0.3,rest
330.86,0.1,0.1,0.3,rest
330.88,0.1,0.1,0.3,rest
330.90000000000003,0.1,0.1,0.3,rest
330.92,0.1,0.1,0.3,rest
330.94,0.1,0.1,0.3,rest
330.96,0.1,0.1,0.3,rest
330.98,0.1,0.1,0.3,rest
331.0,0.1,0.1,0.3,rest
331.02,0.1,0.1,0.3,rest
331.04,0.1,0.1,0.3,rest
331.06,0.1,0.1,0.3,rest
331.08,0.1,0.1,0.3,rest
331.1,0.1,0.1,0.3,rest
331.12,0.1,0.1,0.3,rest
331.14,0.1,0.1,0.3,rest
331.16,0.1,0.1,0.3,rest
331.18,0.1,0.1,0.3,rest
331.2,0.1,0.1,0.3,rest
331.22,0.1,0.1,0.3,rest
331.24,0.1,0.1,0.3,rest
331.26,0.1,0.1,0.3,rest
331.28000000000003,0.1,0.1,0.3,rest
331.3,0.1,0.1,0.3,rest
331.32,0.1,0.1,0.3,rest
331.34000000000003,0.1,0.1,0.3,rest
331.36,0.1,0.1,0.3,rest
331.38,0.1,0.1,0.3,rest
331.40000000000003,0.1,0.1,0.3,rest
331.42,0.1,0.1,0.3,rest
331.44,0.1,0.1,0.3,rest
331.46,0.1,0.1,0.3,rest
331.48,0.1,0.1,0.3,rest
331.5,0.1,0.1,0.3,rest
331.52,0.1,0.1,0.3,rest
331.54,0.1,0.1,0.3,rest
331.56,0.1,0.1,0.3,rest
331.58,0.1,0.1,0.3,rest
331.6,0.1,0.1,0.3,rest
331.62,0.1,0.1,0.3,rest
331.64,0.1,0.1,0.3,rest
331.66,0.1,0.1,0.3,rest
331.68,0.1,0.1,0.3,rest
331.7,0.1,0.1,0.3,rest
331.72,0.1,0.1,0.3,rest
331.74,0.1,0.1,0.3,rest
331.76,0.1,0.1,0.3,rest
331.78000000000003,0.1,0.1,0.3,rest
331.8,0.1,0.1,0.3,rest
331.82,0.1,0.1,0.3,rest
331.84000000000003,0.1,0.1,0.3,rest
331.86,0.1,0.1,0.3,rest
331.88,0.1,0.1,0.3,rest
331.90000000000003,0.1,0.1,0.3,rest
331.92,0.1,0.1,0.3,rest
331.94,0.1,0.1,0.3,rest
331.96,0.1,0.1,0.3,rest
331.98,0.1,0.1,0.3,rest
332.0,0.1,0.1,0.3,rest
332.02,0.1,0.1,0.3,rest
332.04,0.1,0.1,0.3,rest
332.06,0.1,0.1,0.3,rest
332.08,0.1,0.1,0.3,rest
332.1,0.1,0.1,0.3,rest
332.12,0.1,0.1,0.3,rest
332.14,0.1,0.1,0.3,rest
332.16,0.1,0.1,0.3,rest
332.18,0.1,0.1,0.3,rest
332.2,0.1,0.1,0.3,rest
332.22,0.1,0.1,0.3,rest
332.24,0.1,0.1,0.3,rest
332.26,0.1,0.1,0.3,rest
332.28000000000003,0.1,0.1,0.3,rest
332.3,0.1,0.1,0.3,rest
332.32,0.1,0.1,0.3,rest
332.34000000000003,0.1,0.1,0.3,rest
332.36,0.1,0.1,0.3,rest
332.38,0.1,0.1,0.3,rest
332.40000000000003,0.1,0.1,0.3,rest
332.42,0.1,0.1,0.3,rest
332.44,0.1,0.1,0.3,rest
332.46,0.1,0.1,0.3,rest
332.48,0.1,0.1,0.3,rest
332.5,0.1,0.1,0.3,rest
332.52,0.1,0.1,0.3,rest
332.54,0.1,0.1,0.3,rest
332.56,0.1,0.1,0.3,rest
332.58,0.1,0.1,0.3,rest
332.6,0.1,0.1,0.3,rest
332.62,0.1,0.1,0.3,rest
332.64,0.1,0.1,0.3,rest
332.66,0.1,0.1,0.3,rest
332.68,0.1,0.1,0.3,rest
332.7,0.1,0.1,0.3,rest
332.72,0.1,0.1,0.3,rest
332.74,0.1,0.1,0.3,rest
332.76,0.1,0.1,0.3,rest
332.78000000000003,0.1,0.1,0.3,rest
332.8,0.1,0.1,0.3,rest
332.82,0.1,0.1,0.3,rest
332.84000000000003,0.1,0.1,0.3,rest
332.86,0.1,0.1,0.3,rest
332.88,0.1,0.1,0.3,rest
332.90000000000003,0.1,0.1,0.3,rest
332.92,0.1,0.1,0.3,rest
332.94,0.1,0.1,0.3,rest
332.96,0.1,0.1,0.3,rest
332.98,0.1,0.1,0.3,rest
333.0,0.1,0.1,0.3,rest
333.02,0.1,0.1,0.3,rest
333.04,0.1,0.1,0.3,rest
333.06,0.1,0.1,0.3,rest
333.08,0.1,0.1,0.3,rest
333.1,0.1,0.1,0.3,rest
333.12,0.1,0.1,0.3,rest
333.14,0.1,0.1,0.3,rest
333.16,0.1,0.1,0.3,rest
333.18,0.1,0.1,0.3,rest
333.2,0.1,0.1,0.3,rest
333.22,0.1,0.1,0.3,rest
333.24,0.1,0.1,0.3,rest
333.26,0.1,0.1,0.3,rest
333.28000000000003,0.1,0.1,0.3,rest
333.3,0.1,0.1,0.3,rest
333.32,0.1,0.1,0.3,rest
333.34000000000003,0.1,0.1,0.3,rest
333.36,0.1,0.1,0.3,rest
333.38,0.1,0.1,0.3,rest
333.40000000000003,0.1,0.1,0.3,rest
333.42,0.1,0.1,0.3,rest
333.44,0.1,0.1,0.3,rest
333.46,0.1,0.1,0.3,rest
333.48,0.1,0.1,0.3,rest
333.5,0.1,0.1,0.3,rest
333.52,0.1,0.1,0.3,rest
333.54,0.1,0.1,0.3,rest
333.56,0.1,0.1,0.3,rest
333.58,0.1,0.1,0.3,rest
333.6,0.1,0.1,0.3,rest
333.62,0.1,0.1,0.3,rest
333.64,0.1,0.1,0.3,rest
333.66,0.1,0.1,0.3,rest
333.68,0.1,0.1,0.3,rest
333.7,0.1,0.1,0.3,rest
333.72,0.1,0.1,0.3,rest
333.74,0.1,0.1,0.3,rest
333.76,0.1,0.1,0.3,rest
333.78000000000003,0.1,0.1,0.3,rest
333.8,0.1,0.1,0.3,rest
333.82,0.1,0.1,0.3,rest
333.84000000000003,0.1,0.1,0.3,rest
333.86,0.1,0.1,0.3,rest
333.88,0.1,0.1,0.3,rest
333.90000000000003,0.1,0.1,0.3,rest
333.92,0.1,0.1,0.3,rest
333.94,0.1,0.1,0.3,rest
333.96,0.1,0.1,0.3,rest
333.98,0.1,0.1,0.3,rest
334.0,0.1,0.1,0.3,rest
334.02,0.1,0.1,0.3,rest
334.04,0.1,0.1,0.3,rest
334.06,0.1,0.1,0.3,rest
334.08,0.1,0.1,0.3,rest
334.1,0.1,0.1,0.3,rest
334.12,0.1,0.1,0.3,rest
334.14,0.1,0.1,0.3,rest
334.16,0.1,0.1,0.3,rest
334.18,0.1,0.1,0.3,rest
334.2,0.1,0.1,0.3,rest
334.22,0.1,0.1,0.3,rest
334.24,0.1,0.1,0.3,rest
334.26,0.1,0.1,0.3,rest
334.28000000000003,0.1,0.1,0.3,rest
334.3,0.1,0.1,0.3,rest
334.32,0.1,0.1,0.3,rest
334.34000000000003,0.1,0.1,0.3,rest
334.36,0.1,0.1,0.3,rest
334.38,0.1,0.1,0.3,rest
334.40000000000003,0.1,0.1,0.3,rest
334.42,0.1,0.1,0.3,rest
334.44,0.1,0.1,0.3,rest
334.46,0.1,0.1,0.3,rest
334.48,0.1,0.1,0.3,rest
334.5,0.1,0.1,0.3,rest
334.52,0.1,0.1,0.3,rest
334.54,0.1,0.1,0.3,rest
334.56,0.1,0.1,0.3,rest
334.58,0.1,0.1,0.3,rest
334.6,0.1,0.1,0.3,rest
334.62,0.1,0.1,0.3,rest
334.64,0.1,0.1,0.3,rest
334.66,0.1,0.1,0.3,rest
334.68,0.1,0.1,0.3,rest
334.7,0.1,0.1,0.3,rest
334.72,0.1,0.1,0.3,rest
334.74,0.1,0.1,0.3,rest
334.76,0.1,0.1,0.3,rest
334.78000000000003,0.1,0.1,0.3,rest
334.8,0.1,0.1,0.3,rest
334.82,0.1,0.1,0.3,rest
334.84000000000003,0.1,0.1,0.3,rest
334.86,0.1,0.1,0.3,rest
334.88,0.1,0.1,0.3,rest
334.90000000000003,0.1,0.1,0.3,rest
334.92,0.1,0.1,0.3,rest
334.94,0.1,0.1,0.3,rest
334.96,0.1,0.1,0.3,rest
334.98,0.1,0.1,0.3,rest
335.0,0.1,0.1,0.3,rest
335.02,0.1,0.1,0.3,rest
335.04,0.1,0.1,0.3,rest
335.06,0.1,0.1,0.3,rest
335.08,0.1,0.1,0.3,rest
335.1,0.1,0.1,0.3,rest
335.12,0.1,0.1,0.3,rest
335.14,0.1,0.1,0.3,rest
335.16,0.1,0.1,0.3,rest
335.18,0.1,0.1,0.3,rest
335.2,0.1,0.1,0.3,rest
335.22,0.1,0.1,0.3,rest
335.24,0.1,0.1,0.3,rest
335.26,0.1,0.1,0.3,rest
335.28000000000003,0.1,0.1,0.3,rest
335.3,0.1,0.1,0.3,rest
335.32,0.1,0.1,0.3,rest
335.34000000000003,0.1,0.1,0.3,rest
335.36,0.1,0.1,0.3,rest
335.38,0.1,0.1,0.3,rest
335.40000000000003,0.1,0.1,0.3,rest
335.42,0.1,0.1,0.3,rest
335.44,0.1,0.1,0.3,rest
335.46,0.1,0.1,0.3,rest
335.48,0.1,0.1,0.3,rest
335.5,0.1,0.1,0.3,rest
335.52,0.1,0.1,0.3,rest
335.54,0.1,0.1,0.3,rest
335.56,0.1,0.1,0.3,rest
335.58,0.1,0.1,0.3,rest
335.6,0.1,0.1,0.3,rest
335.62,0.1,0.1,0.3,rest
335.64,0.1,0.1,0.3,rest
335.66,0.1,0.1,0.3,rest
335.68,0.1,0.1,0.3,rest
335.7,0.1,0.1,0.3,rest
335.72,0.1,0.1,0.3,rest
335.74,0.1,0.1,0.3,rest
335.76,0.1,0.1,0.3,rest
335.78000000000003,0.1,0.1,0.3,rest
335.8,0.1,0.1,0.3,rest
335.82,0.1,0.1,0.3,rest
335.84000000000003,0.1,0.1,0.3,rest
335.86,0.1,0.1,0.3,rest
335.88,0.1,0.1,0.3,rest
335.90000000000003,0.1,0.1,0.3,rest
335.92,0.1,0.1,0.3,rest
335.94,0.1,0.1,0.3,rest
335.96,0.1,0.1,0.3,rest
335.98,0.1,0.1,0.3,rest
336.0,0.1,0.1,0.3,rest
336.02,0.1,0.1,0.3,rest
336.04,0.1,0.1,0.3,rest
336.06,0.1,0.1,0.3,rest
336.08,0.1,0.1,0.3,rest
336.1,0.1,0.1,0.3,rest
336.12,0.1,0.1,0.3,rest
336.14,0.1,0.1,0.3,rest
336.16,0.1,0.1,0.3,rest
336.18,0.1,0.1,0.3,rest
336.2,0.1,0.1,0.3,rest
336.22,0.1,0.1,0.3,rest
336.24,0.1,0.1,0.3,rest
336.26,0.1,0.1,0.3,rest
336.28000000000003,0.1,0.1,0.3,rest
336.3,0.1,0.1,0.3,rest
336.32,0.1,0.1,0.3,rest
336.34000000000003,0.1,0.1,0.3,rest
336.36,0.1,0.1,0.3,rest
336.38,0.1,0.1,0.3,rest
336.40000000000003,0.1,0.1,0.3,rest
336.42,0.1,0.1,0.3,rest
336.44,0.1,0.1,0.3,rest
336.46,0.1,0.1,0.3,rest
336.48,0.1,0.1,0.3,rest
336.5,0.1,0.1,0.3,rest
336.52,0.1,0.1,0.3,rest
336.54,0.1,0.1,0.3,rest
336.56,0.1,0.1,0.3,rest
336.58,0.1,0.1,0.3,rest
336.6,0.1,0.1,0.3,rest
336.62,0.1,0.1,0.3,rest
336.64,0.1,0.1,0.3,rest
336.66,0.1,0.1,0.3,rest
336.68,0.1,0.1,0.3,rest
336.7,0.1,0.1,0.3,rest
336.72,0.1,0.1,0.3,rest
336.74,0.1,0.1,0.3,rest
336.76,0.1,0.1,0.3,rest
336.78000000000003,0.1,0.1,0.3,rest
336.8,0.1,0.1,0.3,rest
336.82,0.1,0.1,0.3,rest
336.84000000000003,0.1,0.1,0.3,rest
336.86,0.1,0.1,0.3,rest
336.88,0.1,0.1,0.3,rest
336.90000000000003,0.1,0.1,0.3,rest
336.92,0.1,0.1,0.3,rest
336.94,0.1,0.1,0.3,rest
336.96,0.1,0.1,0.3,rest
336.98,0.1,0.1,0.3,rest
337.0,0.1,0.1,0.3,rest
337.02,0.1,0.1,0.3,rest
337.04,0.1,0.1,0.3,rest
337.06,0.1,0.1,0.3,rest
337.08,0.1,0.1,0.3,rest
337.1,0.1,0.1,0.3,rest
337.12,0.1,0.1,0.3,rest
337.14,0.1,0.1,0.3,rest
337.16,0.1,0.1,0.3,rest
337.18,0.1,0.1,0.3,rest
337.2,0.1,0.1,0.3,rest
337.22,0.1,0.1,0.3,rest
337.24,0.1,0.1,0.3,rest
337.26,0.1,0.1,0.3,rest
337.28000000000003,0.1,0.1,0.3,rest
337.3,0.1,0.1,0.3,rest
337.32,0.1,0.1,0.3,rest
337.34000000000003,0.1,0.1,0.3,rest
337.36,0.1,0.1,0.3,rest
337.38,0.1,0.1,0.3,rest
337.40000000000003,0.1,0.1,0.3,rest
337.42,0.1,0.1,0.3,rest
337.44,0.1,0.1,0.3,rest
337.46,0.1,0.1,0.3,rest
337.48,0.1,0.1,0.3,rest
337.5,0.1,0.1,0.3,rest
337.52,0.1,0.1,0.3,rest
337.54,0.1,0.1,0.3,rest
337.56,0.1,0.1,0.3,rest
337.58,0.1,0.1,0.3,rest
337.6,0.1,0.1,0.3,rest
337.62,0.1,0.1,0.3,rest
337.64,0.1,0.1,0.3,rest
337.66,0.1,0.1,0.3,rest
337.68,0.1,0.1,0.3,rest
337.7,0.1,0.1,0.3,rest
337.72,0.1,0.1,0.3,rest
337.74,0.1,0.1,0.3,rest
337.76,0.1,0.1,0.3,rest
337.78000000000003,0.1,0.1,0.3,rest
337.8,0.1,0.1,0.3,rest
337.82,0.1,0.1,0.3,rest
337.84000000000003,0.1,0.1,0.3,rest
337.86,0.1,0.1,0.3,rest
337.88,0.1,0.1,0.3,rest
337.90000000000003,0.1,0.1,0.3,rest
337.92,0.1,0.1,0.3,rest
337.94,0.1,0.1,0.3,rest
337.96,0.1,0.1,0.3,rest
337.98,0.1,0.1,0.3,rest
338.0,0.1,0.1,0.3,rest
338.02,0.1,0.1,0.3,rest
338.04,0.1,0.1,0.3,rest
338.06,0.1,0.1,0.3,rest
338.08,0.1,0.1,0.3,rest
338.1,0.1,0.1,0.3,C_center0.28:settle
338.12,0.10367346938775511,0.10306122448979592,0.3,C_center0.28:settle
338.14,0.10734693877551021,0.10612244897959185,0.3,C_center0.28:settle
338.16,0.1110204081632653,0.10918367346938776,0.3,C_center0.28:settle
338.18,0.11469387755102041,0.11224489795918367,0.3,C_center0.28:settle
338.2,0.11836734693877551,0.1153061224489796,0.3,C_center0.28:settle
338.22,0.12204081632653062,0.11836734693877551,0.3,C_center0.28:settle
338.24,0.12571428571428572,0.12142857142857143,0.3,C_center0.28:settle
338.26,0.1293877551020408,0.12448979591836735,0.3,C_center0.28:settle
338.28000000000003,0.13306122448979593,0.12755102040816327,0.3,C_center0.28:settle
338.3,0.13673469387755102,0.1306122448979592,0.3,C_center0.28:settle
338.32,0.14040816326530614,0.1336734693877551,0.3,C_center0.28:settle
338.34000000000003,0.14408163265306123,0.13673469387755102,0.3,C_center0.28:settle
338.36,0.14775510204081632,0.13979591836734695,0.3,C_center0.28:settle
338.38,0.15142857142857144,0.14285714285714285,0.3,C_center0.28:settle
338.40000000000003,0.15510204081632653,0.14591836734693878,0.3,C_center0.28:settle
338.42,0.15877551020408165,0.1489795918367347,0.3,C_center0.28:settle
338.44,0.16244897959183674,0.1520408163265306,0.3,C_center0.28:settle
338.46,0.16612244897959183,0.15510204081632653,0.3,C_center0.28:settle
338.48,0.16979591836734695,0.15816326530612246,0.3,C_center0.28:settle
338.5,0.17346938775510207,0.16122448979591836,0.3,C_center0.28:settle
338.52,0.17714285714285716,0.16428571428571428,0.3,C_center0.28:settle
338.54,0.18081632653061225,0.1673469387755102,0.3,C_center0.28:settle
338.56,0.18448979591836734,0.1704081632653061,0.3,C_center0.28:settle
338.58,0.18816326530612246,0.17346938775510204,0.3,C_center0.28:settle
338.6,0.19183673469387758,0.17653061224489797,0.3,C_center0.28:settle
338.62,0.19551020408163267,0.17959183673469387,0.3,C_center0.28:settle
338.64,0.19918367346938776,0.1826530612244898,0.3,C_center0.28:settle
338.66,0.20285714285714287,0.18571428571428572,0.3,C_center0.28:settle
338.68,0.206530612244898,0.18877551020408162,0.3,C_center0.28:settle
338.7,0.21020408163265306,0.19183673469387752,0.3,C_center0.28:settle
338.72,0.21387755102040817,0.19489795918367347,0.3,C_center0.28:settle
338.74,0.21755102040816326,0.19795918367346937,0.3,C_center0.28:settle
338.76,0.22122448979591838,0.2010204081632653,0.3,C_center0.28:settle
338.78000000000003,0.2248979591836735,0.20408163265306123,0.3,C_center0.28:settle
338.8,0.22857142857142856,0.20714285714285713,0.3,C_center0.28:settle
338.82,0.23224489795918368,0.21020408163265306,0.3,C_center0.28:settle
338.84000000000003,0.2359183673469388,0.21326530612244898,0.3,C_center0.28:settle
338.86,0.2395918367346939,0.21632653061224488,0.3,C_center0.28:settle
338.88,0.24326530612244898,0.21938775510204078,0.3,C_center0.28:settle
338.90000000000003,0.2469387755102041,0.22244897959183674,0.3,C_center0.28:settle
338.92,0.2506122448979592,0.22551020408163264,0.3,C_center0.28:settle
338.94,0.25428571428571434,0.22857142857142856,0.3,C_center0.28:settle
338.96,0.25795918367346937,0.2316326530612245,0.3,C_center0.28:settle
338.98,0.2616326530612245,0.2346938775510204,0.3,C_center0.28:settle
339.0,0.2653061224489796,0.23775510204081632,0.3,C_center0.28:settle
339.02,0.2689795918367347,0.24081632653061225,0.3,C_center0.28:settle
339.04,0.27265306122448985,0.24387755102040815,0.3,C_center0.28:settle
339.06,0.2763265306122449,0.24693877551020407,0.3,C_center0.28:settle
339.08,0.28,0.25,0.3,C_center0.28:settle
339.1,0.28,0.25,0.3,C_center0.28
339.12,0.2801451386025697,0.25,0.3,C_center0.28
339.14,0.2810753153063412,0.25,0.3,C_center0.28
339.16,0.283177006764377,0.25,0.3,C_center0.28
339.18,0.28617246197221274,0.25,0.3,C_center0.28
339.2,0.28908178160006703,0.25,0.3,C_center0.28
339.22,0.29044166308897507,0.25,0.3,C_center0.28
339.24,0.2887336162539855,0.25,0.3,C_center0.28
339.26,0.2829088164359595,0.25,0.3,C_center0.28
339.28000000000003,0.27285985584057976,0.25,0.3,C_center0.28
339.3,0.2596925189854434,0.25,0.3,C_center0.28
339.32,0.24569416755599954,0.25,0.3,C_center0.28
339.34000000000003,0.23396955380357937,0.25,0.3,C_center0.28
339.36,0.22780172112355182,0.25,0.3,C_center0.28
339.38,0.229873039893799,0.25,0.3,C_center0.28
339.40000000000003,0.24152895578530936,0.25,0.3,C_center0.28
339.42,0.26227115544293483,0.25,0.3,C_center0.28
339.44,0.289624506920471,0.25,0.3,C_center0.28
339.46,0.319441751156186,0.25,0.3,C_center0.28
339.48,0.34660966118860387,0.25,0.3,C_center0.28
339.5,0.36602387002944836,0.25,0.3,C_center0.28
339.52,0.37363021087061443,0.25,0.3,C_center0.28
339.54,0.36730569848222505,0.25,0.3,C_center0.28
339.56,0.3473793952865277,0.25,0.3,C_center0.28
339.58,0.3166673166658982,0.25,0.3,C_center0.28
339.6,0.2800000000000001,0.25,0.3,C_center0.28
339.62,0.2431875447315323,0.25,0.3,C_center0.28
339.64,0.2115452894071311,0.25,0.3,C_center0.28
339.66,0.18951729475339807,0.25,0.3,C_center0.28
339.68,0.18019732715717288,0.25,0.3,C_center0.28
339.7,0.18489434837048463,0.25,0.3,C_center0.28
339.72,0.20294867572242103,0.25,0.3,C_center0.28
339.74,0.23182463258982855,0.25,0.3,C_center0.28
339.76,0.2674666766435696,0.25,0.3,C_center0.28
339.78000000000003,0.3048689887164855,0.25,0.3,C_center0.28
339.8,0.33877852522924745,0.25,0.3,C_center0.28
339.82,0.3644327925502015,0.25,0.3,C_center0.28
339.84000000000003,0.37822872507286887,0.25,0.3,C_center0.28
339.86,0.37822872507286887,0.25,0.3,C_center0.28
339.88,0.36443279255020156,0.25,0.3,C_center0.28
339.90000000000003,0.3387785252292474,0.25,0.3,C_center0.28
339.92,0.30486898871648543,0.25,0.3,C_center0.28
339.94,0.2674666766435697,0.25,0.3,C_center0.28
339.96,0.2318246325898285,0.25,0.3,C_center0.28
339.98,0.20294867572242123,0.25,0.3,C_center0.28
340.0,0.18489434837048468,0.25,0.3,C_center0.28
340.02,0.18019732715717285,0.25,0.3,C_center0.28
340.04,0.18951729475339818,0.25,0.3,C_center0.28
340.06,0.21154528940713116,0.25,0.3,C_center0.28
340.08,0.24318754473153203,0.25,0.3,C_center0.28
340.1,0.27999999999999997,0.25,0.3,C_center0.28
340.12,0.3168124552684679,0.25,0.3,C_center0.28
340.14,0.3484547105928688,0.25,0.3,C_center0.28
340.16,0.370482705246602,0.25,0.3,C_center0.28
340.18,0.3798026728428272,0.25,0.3,C_center0.28
340.2,0.3751056516295154,0.25,0.3,C_center0.28
340.22,0.3570513242775789,0.25,0.3,C_center0.28
340.24,0.3281753674101714,0.25,0.3,C_center0.28
340.26,0.29253332335643084,0.25,0.3,C_center0.28
340.28000000000003,0.2551310112835148,0.25,0.3,C_center0.28
340.3,0.22122147477075277,0.25,0.3,C_center0.28
340.32,0.19556720744979866,0.25,0.3,C_center0.28
340.34000000000003,0.1817712749271312,0.25,0.3,C_center0.28
340.36,0.18177127492713113,0.25,0.3,C_center0.28
340.38,0.19556720744979858,0.25,0.3,C_center0.28
340.40000000000003,0.22122147477075263,0.25,0.3,C_center0.28
340.42,0.25513101128351456,0.25,0.3,C_center0.28
340.44,0.2925333233564306,0.25,0.3,C_center0.28
340.46,0.3281753674101715,0.25,0.3,C_center0.28
340.48,0.357051324277579,0.25,0.3,C_center0.28
340.5,0.3751056516295155,0.25,0.3,C_center0.28
340.52,0.3798026728428272,0.25,0.3,C_center0.28
340.54,0.37048270524660204,0.25,0.3,C_center0.28
340.56,0.3484547105928689,0.25,0.3,C_center0.28
340.58,0.3168124552684681,0.25,0.3,C_center0.28
340.6,0.28000000000000014,0.25,0.3,C_center0.28
340.62,0.2431875447315322,0.25,0.3,C_center0.28
340.64,0.2115452894071313,0.25,0.3,C_center0.28
340.66,0.18951729475339807,0.25,0.3,C_center0.28
340.68,0.18019732715717285,0.25,0.3,C_center0.28
340.7,0.18489434837048463,0.25,0.3,C_center0.28
340.72,0.2029486757224211,0.25,0.3,C_center0.28
340.74,0.23182463258982863,0.25,0.3,C_center0.28
340.76,0.2674666766435699,0.25,0.3,C_center0.28
340.78000000000003,0.30486898871648527,0.25,0.3,C_center0.28
340.8,0.33877852522924695,0.25,0.3,C_center0.28
340.82,0.36443279255020156,0.25,0.3,C_center0.28
340.84000000000003,0.37822872507286887,0.25,0.3,C_center0.28
340.86,0.378228725072869,0.25,0.3,C_center0.28
340.88,0.3644327925502015,0.25,0.3,C_center0.28
340.90000000000003,0.33877852522924745,0.25,0.3,C_center0.28
340.92,0.3048689887164858,0.25,0.3,C_center0.28
340.94,0.26746667664356943,0.25,0.3,C_center0.28
340.96,0.23182463258982855,0.25,0.3,C_center0.28
340.98,0.2029486757224208,0.25,0.3,C_center0.28
341.0,0.1848943483704846,0.25,0.3,C_center0.28
341.02,0.18019732715717285,0.25,0.3,C_center0.28
341.04,0.18951729475339796,0.25,0.3,C_center0.28
341.06,0.21154528940713085,0.25,0.3,C_center0.28
341.08,0.24318754473153228,0.25,0.3,C_center0.28
341.1,0.27999999999999986,0.25,0.3,C_center0.28
341.12,0.31681245526846746,0.25,0.3,C_center0.28
341.14,0.348454710592869,0.25,0.3,C_center0.28
341.16,0.370482705246602,0.25,0.3,C_center0.28
341.18,0.37980267284282715,0.25,0.3,C_center0.28
341.2,0.3751056516295153,0.25,0.3,C_center0.28
341.22,0.35705132427757896,0.25,0.3,C_center0.28
341.24,0.3281753674101717,0.25,0.3,C_center0.28
341.26,0.2925333233564302,0.25,0.3,C_center0.28
341.28000000000003,0.2551310112835145,0.25,0.3,C_center0.28
341.3,0.22122147477075285,0.25,0.3,C_center0.28
341.32,0.19556720744979833,0.25,0.3,C_center0.28
341.34000000000003,0.18177127492713113,0.25,0.3,C_center0.28
341.36,0.18177127492713127,0.25,0.3,C_center0.28
341.38,0.19556720744979872,0.25,0.3,C_center0.28
341.40000000000003,0.22122147477075288,0.25,0.3,C_center0.28
341.42,0.25513101128351384,0.25,0.3,C_center0.28
341.44,0.29253332335643023,0.25,0.3,C_center0.28
341.46,0.32817536741017117,0.25,0.3,C_center0.28
341.48,0.3570513242775785,0.25,0.3,C_center0.28
341.5,0.3751056516295153,0.25,0.3,C_center0.28
341.52,0.3798026728428272,0.25,0.3,C_center0.28
341.54,0.37048270524660226,0.25,0.3,C_center0.28
341.56,0.348454710592869,0.25,0.3,C_center0.28
341.58,0.31681245526846813,0.25,0.3,C_center0.28
341.6,0.2800000000000006,0.25,0.3,C_center0.28
341.62,0.24318754473153226,0.25,0.3,C_center0.28
341.64,0.21154528940713135,0.25,0.3,C_center0.28
341.66,0.18951729475339796,0.25,0.3,C_center0.28
341.68,0.18019732715717285,0.25,0.3,C_center0.28
341.7,0.1848943483704846,0.25,0.3,C_center0.28
341.72,0.2029486757224213,0.25,0.3,C_center0.28
341.74,0.23182463258982858,0.25,0.3,C_center0.28
341.76,0.2674666766435695,0.25,0.3,C_center0.28
341.78000000000003,0.3048689887164859,0.25,0.3,C_center0.28
341.8,0.33877852522924745,0.25,0.3,C_center0.28
341.82,0.3644327925502015,0.25,0.3,C_center0.28
341.84000000000003,0.378228725072869,0.25,0.3,C_center0.28
341.86,0.37822872507286887,0.25,0.3,C_center0.28
341.88,0.36443279255020156,0.25,0.3,C_center0.28
341.90000000000003,0.33877852522924695,0.25,0.3,C_center0.28
341.92,0.30486898871648593,0.25,0.3,C_center0.28
341.94,0.2674666766435702,0.25,0.3,C_center0.28
341.96,0.2318246325898286,0.25,0.3,C_center0.28
341.98,0.2029486757224213,0.25,0.3,C_center0.28
342.0,0.18489434837048485,0.25,0.3,C_center0.28
342.02,0.18019732715717285,0.25,0.3,C_center0.28
342.04,0.18951729475339796,0.25,0.3,C_center0.28
342.06,0.2115452894071308,0.25,0.3,C_center0.28
342.08,0.24318754473153223,0.25,0.3,C_center0.28
342.1,0.2799999999999998,0.25,0.3,C_center0.28
342.12,0.3168124552684674,0.25,0.3,C_center0.28
342.14,0.3484547105928689,0.25,0.3,C_center0.28
342.16,0.37048270524660193,0.25,0.3,C_center0.28
342.18,0.37980267284282715,0.25,0.3,C_center0.28
342.2,0.37510565162951537,0.25,0.3,C_center0.28
342.22,0.357051324277579,0.25,0.3,C_center0.28
342.24,0.32817536741017184,0.25,0.3,C_center0.28
342.26,0.29253332335643023,0.25,0.3,C_center0.28
342.28000000000003,0.25513101128351456,0.25,0.3,C_center0.28
342.3,0.2212214747707529,0.25,0.3,C_center0.28
342.32,0.19556720744979839,0.25,0.3,C_center0.28
342.34000000000003,0.18177127492713113,0.25,0.3,C_center0.28
342.36,0.18177127492713124,0.25,0.3,C_center0.28
342.38,0.1955672074497987,0.25,0.3,C_center0.28
342.40000000000003,0.2212214747707528,0.25,0.3,C_center0.28
342.42,0.2551310112835151,0.25,0.3,C_center0.28
342.44,0.2925333233564301,0.25,0.3,C_center0.28
342.46,0.32817536741017106,0.25,0.3,C_center0.28
342.48,0.35705132427757846,0.25,0.3,C_center0.28
342.5,0.3751056516295151,0.25,0.3,C_center0.28
342.52,0.3798026728428272,0.25,0.3,C_center0.28
342.54,0.370482705246602,0.25,0.3,C_center0.28
342.56,0.34845471059286953,0.25,0.3,C_center0.28
342.58,0.3168124552684682,0.25,0.3,C_center0.28
342.6,0.2799999999999999,0.25,0.3,C_center0.28
342.62,0.243187544731533,0.25,0.3,C_center0.28
342.64,0.2115452894071314,0.25,0.3,C_center0.28
342.66,0.189517294753398,0.25,0.3,C_center0.28
342.68,0.1801973271571729,0.25,0.3,C_center0.28
342.7,0.18489434837048457,0.25,0.3,C_center0.28
342.72,0.20294867572242126,0.25,0.3,C_center0.28
342.74,0.23182463258982788,0.25,0.3,C_center0.28
342.76,0.2674666766435694,0.25,0.3,C_center0.28
342.78000000000003,0.3048689887164858,0.25,0.3,C_center0.28
342.8,0.33877852522924684,0.25,0.3,C_center0.28
342.82,0.36443279255020145,0.25,0.3,C_center0.28
342.84000000000003,0.378228725072869,0.25,0.3,C_center0.28
342.86,0.37822872507286875,0.25,0.3,C_center0.28
342.88,0.36443279255020156,0.25,0.3,C_center0.28
342.90000000000003,0.338778525229247,0.25,0.3,C_center0.28
342.92,0.3048689887164846,0.25,0.3,C_center0.28
342.94,0.2674666766435696,0.25,0.3,C_center0.28
342.96,0.2318246325898293,0.25,0.3,C_center0.28
342.98,0.20294867572242137,0.25,0.3,C_center0.28
343.0,0.18489434837048463,0.25,0.3,C_center0.28
343.02,0.1801973271571728,0.25,0.3,C_center0.28
343.04,0.1895172947533979,0.25,0.3,C_center0.28
343.06,0.21154528940713124,0.25,0.3,C_center0.28
343.08,0.24318754473153148,0.25,0.3,C_center0.28
343.1,0.27999999999999975,0.25,0.3,C_center0.28
343.12,0.316812455268468,0.25,0.3,C_center0.28
343.14,0.34845471059286837,0.25,0.3,C_center0.28
343.16,0.3704827052466025,0.25,0.3,C_center0.28
343.18,0.3798026728428272,0.25,0.3,C_center0.28
343.2,0.3751056516295156,0.25,0.3,C_center0.28
343.22,0.3570513242775791,0.25,0.3,C_center0.28
343.24,0.3281753674101725,0.25,0.3,C_center0.28
343.26,0.292533323356431,0.25,0.3,C_center0.28
343.28000000000003,0.255131011283516,0.25,0.3,C_center0.28
343.3,0.22122147477075238,0.25,0.3,C_center0.28
343.32,0.19556720744979877,0.25,0.3,C_center0.28
343.34000000000003,0.18177127492713116,0.25,0.3,C_center0.28
343.36,0.18177127492713097,0.25,0.3,C_center0.28
343.38,0.19556720744979827,0.25,0.3,C_center0.28
343.40000000000003,0.22122147477075274,0.25,0.3,C_center0.28
343.42,0.25513101128351506,0.25,0.3,C_center0.28
343.44,0.29253332335643006,0.25,0.3,C_center0.28
343.46,0.32817536741017167,0.25,0.3,C_center0.28
343.48,0.35705132427757846,0.25,0.3,C_center0.28
343.5,0.37510565162951526,0.25,0.3,C_center0.28
343.52,0.3798026728428272,0.25,0.3,C_center0.28
343.54,0.3704827052466017,0.25,0.3,C_center0.28
343.56,0.3484547105928691,0.25,0.3,C_center0.28
343.58,0.3168124552684676,0.25,0.3,C_center0.28
343.6,0.2800000000000007,0.25,0.3,C_center0.28
343.62,0.2431875447315311,0.25,0.3,C_center0.28
343.64,0.2115452894071309,0.25,0.3,C_center0.28
343.66,0.18951729475339774,0.25,0.3,C_center0.28
343.68,0.18019732715717288,0.25,0.3,C_center0.28
343.7,0.1848943483704848,0.25,0.3,C_center0.28
343.72,0.20294867572242076,0.25,0.3,C_center0.28
343.74,0.23182463258982722,0.25,0.3,C_center0.28
343.76,0.26746667664357004,0.25,0.3,C_center0.28
343.78000000000003,0.30486898871648505,0.25,0.3,C_center0.28
343.8,0.33877852522924734,0.25,0.3,C_center0.28
343.82,0.36443279255020106,0.25,0.3,C_center0.28
343.84000000000003,0.3782287250728688,0.25,0.3,C_center0.28
343.86,0.37822872507286914,0.25,0.3,C_center0.28
343.88,0.3644327925502012,0.25,0.3,C_center0.28
343.90000000000003,0.3387785252292476,0.25,0.3,C_center0.28
343.92,0.3048689887164854,0.25,0.3,C_center0.28
343.94,0.2674666766435704,0.25,0.3,C_center0.28
343.96,0.23182463258982874,0.25,0.3,C_center0.28
343.98,0.20294867572242187,0.25,0.3,C_center0.28
344.0,0.18489434837048446,0.25,0.3,C_center0.28
344.02,0.18019732715717285,0.25,0.3,C_center0.28
344.04,0.18951729475339818,0.25,0.3,C_center0.28
344.06,0.2115452894071307,0.25,0.3,C_center0.28
344.08,0.2431875447315321,0.25,0.3,C_center0.28
344.1,0.27999999999999897,0.25,0.3,C_center0.28
344.12,0.3168124552684686,0.25,0.3,C_center0.28
344.14,0.3484547105928688,0.25,0.3,C_center0.28
344.16,0.37048270524660215,0.25,0.3,C_center0.28
344.18,0.37980267284282715,0.25,0.3,C_center0.28
344.2,0.37510565162951537,0.25,0.3,C_center0.28
344.22,0.35705132427757863,0.25,0.3,C_center0.28
344.24,0.32817536741017195,0.25,0.3,C_center0.28
344.26,0.2925333233564304,0.25,0.3,C_center0.28
344.28000000000003,0.2551310112835154,0.25,0.3,C_center0.28
344.3,0.22122147477075302,0.25,0.3,C_center0.28
344.32,0.19556720744979922,0.25,0.3,C_center0.28
344.34000000000003,0.18177127492713102,0.25,0.3,C_center0.28
344.36,0.18177127492713108,0.25,0.3,C_center0.28
344.38,0.1955672074497986,0.25,0.3,C_center0.28
344.40000000000003,0.2212214747707521,0.25,0.3,C_center0.28
344.42,0.2551310112835143,0.25,0.3,C_center0.28
344.44,0.2925333233564293,0.25,0.3,C_center0.28
344.46,0.3281753674101722,0.25,0.3,C_center0.28
344.48,0.35705132427757885,0.25,0.3,C_center0.28
344.5,0.3751056516295155,0.25,0.3,C_center0.28
344.52,0.3798026728428272,0.25,0.3,C_center0.28
344.54,0.37048270524660204,0.25,0.3,C_center0.28
344.56,0.34845471059286964,0.25,0.3,C_center0.28
344.58,0.316812455268467,0.25,0.3,C_center0.28
344.6,0.2800000000000001,0.25,0.3,C_center0.28
344.62,0.2437658102193463,0.25,0.3,C_center0.28
344.64,0.2139488545747985,0.25,0.3,C_center0.28
344.66,0.19511334785868042,0.25,0.3,C_center0.28
344.68,0.18972763437164136,0.25,0.3,C_center0.28
344.7,0.19778265602104927,0.25,0.3,C_center0.28
344.72,0.21691715659299338,0.25,0.3,C_center0.28
344.74,0.24300548993674978,0.25,0.3,C_center0.28
344.76,0.2710651235519561,0.25,0.3,C_center0.28
344.78000000000003,0.2962769644313984,0.25,0.3,C_center0.28
344.8,0.3148962612780566,0.25,0.3,C_center0.28
344.82,0.32486718572986967,0.25,0.3,C_center0.28
344.84000000000003,0.3260304461964207,0.25,0.3,C_center0.28
344.86,0.3199112487193176,0.25,0.3,C_center0.28
344.88,0.30917081238482746,0.25,0.3,C_center0.28
344.90000000000003,0.2968759231989496,0.25,0.3,C_center0.28
344.92,0.285771759099081,0.25,0.3,C_center0.28
344.94,0.277727858811118,0.25,0.3,C_center0.28
344.96,0.2734714820231717,0.25,0.3,C_center0.28
344.98,0.27264225325103875,0.25,0.3,C_center0.28
345.0,0.27411803310167676,0.25,0.3,C_center0.28
345.02,0.2764957527976158,0.25,0.3,C_center0.28
345.04,0.278578659714311,0.25,0.3,C_center0.28
345.06,0.27973010708027213,0.25,0.3,C_center0.28
345.08,0.28,0.25,0.3,C_center0.28
345.1,0.28,0.25,0.3,C_center0.28:tail
345.12,0.28,0.25,0.3,C_center0.28:tail
345.14,0.28,0.25,0.3,C_center0.28:tail
345.16,0.28,0.25,0.3,C_center0.28:tail
345.18,0.28,0.25,0.3,C_center0.28:tail
345.2,0.28,0.25,0.3,C_center0.28:tail
345.22,0.28,0.25,0.3,C_center0.28:tail
345.24,0.28,0.25,0.3,C_center0.28:tail
345.26,0.28,0.25,0.3,C_center0.28:tail
345.28000000000003,0.28,0.25,0.3,C_center0.28:tail
345.3,0.28,0.25,0.3,C_center0.28:tail
345.32,0.28,0.25,0.3,C_center0.28:tail
345.34000000000003,0.28,0.25,0.3,C_center0.28:tail
345.36,0.28,0.25,0.3,C_center0.28:tail
345.38,0.28,0.25,0.3,C_center0.28:tail
345.40000000000003,0.28,0.25,0.3,C_center0.28:tail
345.42,0.28,0.25,0.3,C_center0.28:tail
345.44,0.28,0.25,0.3,C_center0.28:tail
345.46,0.28,0.25,0.3,C_center0.28:tail
345.48,0.28,0.25,0.3,C_center0.28:tail
345.5,0.28,0.25,0.3,C_center0.28:tail
345.52,0.28,0.25,0.3,C_center0.28:tail
345.54,0.28,0.25,0.3,C_center0.28:tail
345.56,0.28,0.25,0.3,C_center0.28:tail
345.58,0.28,0.25,0.3,C_center0.28:tail
345.6,0.271,0.2425,0.3,rest:down
345.62,0.262,0.235,0.3,rest:down
345.64,0.253,0.2275,0.3,rest:down
345.66,0.24400000000000002,0.22,0.3,rest:down
345.68,0.23500000000000001,0.2125,0.3,rest:down
345.7,0.22600000000000003,0.20500000000000002,0.3,rest:down
345.72,0.21700000000000003,0.1975,0.3,rest:down
345.74,0.20800000000000002,0.19,0.3,rest:down
345.76,0.199,0.1825,0.3,rest:down
345.78000000000003,0.19,0.175,0.3,rest:down
345.8,0.18100000000000002,0.1675,0.3,rest:down
345.82,0.17200000000000001,0.16,0.3,rest:down
345.84000000000003,0.163,0.1525,0.3,rest:down
345.86,0.15400000000000003,0.14500000000000002,0.3,rest:down
345.88,0.14500000000000002,0.1375,0.3,rest:down
345.90000000000003,0.136,0.13,0.3,rest:down
345.92,0.127,0.1225,0.3,rest:down
345.94,0.118,0.11499999999999999,0.3,rest:down
345.96,0.10900000000000001,0.10750000000000001,0.3,rest:down
345.98,0.1,0.1,0.3,rest:down
346.0,0.1,0.1,0.3,rest
346.02,0.1,0.1,0.3,rest
346.04,0.1,0.1,0.3,rest
346.06,0.1,0.1,0.3,rest
346.08,0.1,0.1,0.3,rest
346.1,0.1,0.1,0.3,rest
346.12,0.1,0.1,0.3,rest
346.14,0.1,0.1,0.3,rest
346.16,0.1,0.1,0.3,rest
346.18,0.1,0.1,0.3,rest
346.2,0.1,0.1,0.3,rest
346.22,0.1,0.1,0.3,rest
346.24,0.1,0.1,0.3,rest
346.26,0.1,0.1,0.3,rest
346.28000000000003,0.1,0.1,0.3,rest
346.3,0.1,0.1,0.3,rest
346.32,0.1,0.1,0.3,rest
346.34000000000003,0.1,0.1,0.3,rest
346.36,0.1,0.1,0.3,rest
346.38,0.1,0.1,0.3,rest
346.40000000000003,0.1,0.1,0.3,rest
346.42,0.1,0.1,0.3,rest
346.44,0.1,0.1,0.3,rest
346.46,0.1,0.1,0.3,rest
346.48,0.1,0.1,0.3,rest
346.5,0.1,0.1,0.3,rest
346.52,0.1,0.1,0.3,rest
346.54,0.1,0.1,0.3,rest
346.56,0.1,0.1,0.3,rest
346.58,0.1,0.1,0.3,rest
346.6,0.1,0.1,0.3,rest
346.62,0.1,0.1,0.3,rest
346.64,0.1,0.1,0.3,rest
346.66,0.1,0.1,0.3,rest
346.68,0.1,0.1,0.3,rest
346.7,0.1,0.1,0.3,rest
346.72,0.1,0.1,0.3,rest
346.74,0.1,0.1,0.3,rest
346.76,0.1,0.1,0.3,rest
346.78000000000003,0.1,0.1,0.3,rest
346.8,0.1,0.1,0.3,rest
346.82,0.1,0.1,0.3,rest
346.84000000000003,0.1,0.1,0.3,rest
346.86,0.1,0.1,0.3,rest
346.88,0.1,0.1,0.3,rest
346.90000000000003,0.1,0.1,0.3,rest
346.92,0.1,0.1,0.3,rest
346.94,0.1,0.1,0.3,rest
346.96,0.1,0.1,0.3,rest
346.98,0.1,0.1,0.3,rest
347.0,0.1,0.1,0.3,rest
347.02,0.1,0.1,0.3,rest
347.04,0.1,0.1,0.3,rest
347.06,0.1,0.1,0.3,rest
347.08,0.1,0.1,0.3,rest
347.1,0.1,0.1,0.3,rest
347.12,0.1,0.1,0.3,rest
347.14,0.1,0.1,0.3,rest
347.16,0.1,0.1,0.3,rest
347.18,0.1,0.1,0.3,rest
347.2,0.1,0.1,0.3,rest
347.22,0.1,0.1,0.3,rest
347.24,0.1,0.1,0.3,rest
347.26,0.1,0.1,0.3,rest
347.28000000000003,0.1,0.1,0.3,rest
347.3,0.1,0.1,0.3,rest
347.32,0.1,0.1,0.3,rest
347.34000000000003,0.1,0.1,0.3,rest
347.36,0.1,0.1,0.3,rest
347.38,0.1,0.1,0.3,rest
347.40000000000003,0.1,0.1,0.3,rest
347.42,0.1,0.1,0.3,rest
347.44,0.1,0.1,0.3,rest
347.46,0.1,0.1,0.3,rest
347.48,0.1,0.1,0.3,rest
347.5,0.1,0.1,0.3,rest
347.52,0.1,0.1,0.3,rest
347.54,0.1,0.1,0.3,rest
347.56,0.1,0.1,0.3,rest
347.58,0.1,0.1,0.3,rest
347.6,0.1,0.1,0.3,rest
347.62,0.1,0.1,0.3,rest
347.64,0.1,0.1,0.3,rest
347.66,0.1,0.1,0.3,rest
347.68,0.1,0.1,0.3,rest
347.7,0.1,0.1,0.3,rest
347.72,0.1,0.1,0.3,rest
347.74,0.1,0.1,0.3,rest
347.76,0.1,0.1,0.3,rest
347.78000000000003,0.1,0.1,0.3,rest
347.8,0.1,0.1,0.3,rest
347.82,0.1,0.1,0.3,rest
347.84000000000003,0.1,0.1,0.3,rest
347.86,0.1,0.1,0.3,rest
347.88,0.1,0.1,0.3,rest
347.90000000000003,0.1,0.1,0.3,rest
347.92,0.1,0.1,0.3,rest
347.94,0.1,0.1,0.3,rest
347.96,0.1,0.1,0.3,rest
347.98,0.1,0.1,0.3,rest
348.0,0.1,0.1,0.3,rest
348.02,0.1,0.1,0.3,rest
348.04,0.1,0.1,0.3,rest
348.06,0.1,0.1,0.3,rest
348.08,0.1,0.1,0.3,rest
348.1,0.1,0.1,0.3,rest
348.12,0.1,0.1,0.3,rest
348.14,0.1,0.1,0.3,rest
348.16,0.1,0.1,0.3,rest
348.18,0.1,0.1,0.3,rest
348.2,0.1,0.1,0.3,rest
348.22,0.1,0.1,0.3,rest
348.24,0.1,0.1,0.3,rest
348.26,0.1,0.1,0.3,rest
348.28000000000003,0.1,0.1,0.3,rest
348.3,0.1,0.1,0.3,rest
348.32,0.1,0.1,0.3,rest
348.34000000000003,0.1,0.1,0.3,rest
348.36,0.1,0.1,0.3,rest
348.38,0.1,0.1,0.3,rest
348.40000000000003,0.1,0.1,0.3,rest
348.42,0.1,0.1,0.3,rest
348.44,0.1,0.1,0.3,rest
348.46,0.1,0.1,0.3,rest
348.48,0.1,0.1,0.3,rest
348.5,0.1,0.1,0.3,rest
348.52,0.1,0.1,0.3,rest
348.54,0.1,0.1,0.3,rest
348.56,0.1,0.1,0.3,rest
348.58,0.1,0.1,0.3,rest
348.6,0.1,0.1,0.3,rest
348.62,0.1,0.1,0.3,rest
348.64,0.1,0.1,0.3,rest
348.66,0.1,0.1,0.3,rest
348.68,0.1,0.1,0.3,rest
348.7,0.1,0.1,0.3,rest
348.72,0.1,0.1,0.3,rest
348.74,0.1,0.1,0.3,rest
348.76,0.1,0.1,0.3,rest
348.78000000000003,0.1,0.1,0.3,rest
348.8,0.1,0.1,0.3,rest
348.82,0.1,0.1,0.3,rest
348.84000000000003,0.1,0.1,0.3,rest
348.86,0.1,0.1,0.3,rest
348.88,0.1,0.1,0.3,rest
348.90000000000003,0.1,0.1,0.3,rest
348.92,0.1,0.1,0.3,rest
348.94,0.1,0.1,0.3,rest
348.96,0.1,0.1,0.3,rest
348.98,0.1,0.1,0.3,rest
349.0,0.1,0.1,0.3,rest
349.02,0.1,0.1,0.3,rest
349.04,0.1,0.1,0.3,rest
349.06,0.1,0.1,0.3,rest
349.08,0.1,0.1,0.3,rest
349.1,0.1,0.1,0.3,rest
349.12,0.1,0.1,0.3,rest
349.14,0.1,0.1,0.3,rest
349.16,0.1,0.1,0.3,rest
349.18,0.1,0.1,0.3,rest
349.2,0.1,0.1,0.3,rest
349.22,0.1,0.1,0.3,rest
349.24,0.1,0.1,0.3,rest
349.26,0.1,0.1,0.3,rest
349.28000000000003,0.1,0.1,0.3,rest
349.3,0.1,0.1,0.3,rest
349.32,0.1,0.1,0.3,rest
349.34000000000003,0.1,0.1,0.3,rest
349.36,0.1,0.1,0.3,rest
349.38,0.1,0.1,0.3,rest
349.40000000000003,0.1,0.1,0.3,rest
349.42,0.1,0.1,0.3,rest
349.44,0.1,0.1,0.3,rest
349.46,0.1,0.1,0.3,rest
349.48,0.1,0.1,0.3,rest
349.5,0.1,0.1,0.3,rest
349.52,0.1,0.1,0.3,rest
349.54,0.1,0.1,0.3,rest
349.56,0.1,0.1,0.3,rest
349.58,0.1,0.1,0.3,rest
349.6,0.1,0.1,0.3,rest
349.62,0.1,0.1,0.3,rest
349.64,0.1,0.1,0.3,rest
349.66,0.1,0.1,0.3,rest
349.68,0.1,0.1,0.3,rest
349.7,0.1,0.1,0.3,rest
349.72,0.1,0.1,0.3,rest
349.74,0.1,0.1,0.3,rest
349.76,0.1,0.1,0.3,rest
349.78000000000003,0.1,0.1,0.3,rest
349.8,0.1,0.1,0.3,rest
349.82,0.1,0.1,0.3,rest
349.84000000000003,0.1,0.1,0.3,rest
349.86,0.1,0.1,0.3,rest
349.88,0.1,0.1,0.3,rest
349.90000000000003,0.1,0.1,0.3,rest
349.92,0.1,0.1,0.3,rest
349.94,0.1,0.1,0.3,rest
349.96,0.1,0.1,0.3,rest
349.98,0.1,0.1,0.3,rest
350.0,0.1,0.1,0.3,rest
350.02,0.1,0.1,0.3,rest
350.04,0.1,0.1,0.3,rest
350.06,0.1,0.1,0.3,rest
350.08,0.1,0.1,0.3,rest
350.1,0.1,0.1,0.3,rest
350.12,0.1,0.1,0.3,rest
350.14,0.1,0.1,0.3,rest
350.16,0.1,0.1,0.3,rest
350.18,0.1,0.1,0.3,rest
350.2,0.1,0.1,0.3,rest
350.22,0.1,0.1,0.3,rest
350.24,0.1,0.1,0.3,rest
350.26,0.1,0.1,0.3,rest
350.28000000000003,0.1,0.1,0.3,rest
350.3,0.1,0.1,0.3,rest
350.32,0.1,0.1,0.3,rest
350.34000000000003,0.1,0.1,0.3,rest
350.36,0.1,0.1,0.3,rest
350.38,0.1,0.1,0.3,rest
350.40000000000003,0.1,0.1,0.3,rest
350.42,0.1,0.1,0.3,rest
350.44,0.1,0.1,0.3,rest
350.46,0.1,0.1,0.3,rest
350.48,0.1,0.1,0.3,rest
350.5,0.1,0.1,0.3,rest
350.52,0.1,0.1,0.3,rest
350.54,0.1,0.1,0.3,rest
350.56,0.1,0.1,0.3,rest
350.58,0.1,0.1,0.3,rest
350.6,0.1,0.1,0.3,rest
350.62,0.1,0.1,0.3,rest
350.64,0.1,0.1,0.3,rest
350.66,0.1,0.1,0.3,rest
350.68,0.1,0.1,0.3,rest
350.7,0.1,0.1,0.3,rest
350.72,0.1,0.1,0.3,rest
350.74,0.1,0.1,0.3,rest
350.76,0.1,0.1,0.3,rest
350.78000000000003,0.1,0.1,0.3,rest
350.8,0.1,0.1,0.3,rest
350.82,0.1,0.1,0.3,rest
350.84000000000003,0.1,0.1,0.3,rest
350.86,0.1,0.1,0.3,rest
350.88,0.1,0.1,0.3,rest
350.90000000000003,0.1,0.1,0.3,rest
350.92,0.1,0.1,0.3,rest
350.94,0.1,0.1,0.3,rest
350.96,0.1,0.1,0.3,rest
350.98,0.1,0.1,0.3,rest
351.0,0.1,0.1,0.3,rest
351.02,0.1,0.1,0.3,rest
351.04,0.1,0.1,0.3,rest
351.06,0.1,0.1,0.3,rest
351.08,0.1,0.1,0.3,rest
351.1,0.1,0.1,0.3,rest
351.12,0.1,0.1,0.3,rest
351.14,0.1,0.1,0.3,rest
351.16,0.1,0.1,0.3,rest
351.18,0.1,0.1,0.3,rest
351.2,0.1,0.1,0.3,rest
351.22,0.1,0.1,0.3,rest
351.24,0.1,0.1,0.3,rest
351.26,0.1,0.1,0.3,rest
351.28000000000003,0.1,0.1,0.3,rest
351.3,0.1,0.1,0.3,rest
351.32,0.1,0.1,0.3,rest
351.34000000000003,0.1,0.1,0.3,rest
351.36,0.1,0.1,0.3,rest
351.38,0.1,0.1,0.3,rest
351.40000000000003,0.1,0.1,0.3,rest
351.42,0.1,0.1,0.3,rest
351.44,0.1,0.1,0.3,rest
351.46,0.1,0.1,0.3,rest
351.48,0.1,0.1,0.3,rest
351.5,0.1,0.1,0.3,rest
351.52,0.1,0.1,0.3,rest
351.54,0.1,0.1,0.3,rest
351.56,0.1,0.1,0.3,rest
351.58,0.1,0.1,0.3,rest
351.6,0.1,0.1,0.3,rest
351.62,0.1,0.1,0.3,rest
351.64,0.1,0.1,0.3,rest
351.66,0.1,0.1,0.3,rest
351.68,0.1,0.1,0.3,rest
351.7,0.1,0.1,0.3,rest
351.72,0.1,0.1,0.3,rest
351.74,0.1,0.1,0.3,rest
351.76,0.1,0.1,0.3,rest
351.78000000000003,0.1,0.1,0.3,rest
351.8,0.1,0.1,0.3,rest
351.82,0.1,0.1,0.3,rest
351.84000000000003,0.1,0.1,0.3,rest
351.86,0.1,0.1,0.3,rest
351.88,0.1,0.1,0.3,rest
351.90000000000003,0.1,0.1,0.3,rest
351.92,0.1,0.1,0.3,rest
351.94,0.1,0.1,0.3,rest
351.96,0.1,0.1,0.3,rest
351.98,0.1,0.1,0.3,rest
352.0,0.1,0.1,0.3,rest
352.02,0.1,0.1,0.3,rest
352.04,0.1,0.1,0.3,rest
352.06,0.1,0.1,0.3,rest
352.08,0.1,0.1,0.3,rest
352.1,0.1,0.1,0.3,rest
352.12,0.1,0.1,0.3,rest
352.14,0.1,0.1,0.3,rest
352.16,0.1,0.1,0.3,rest
352.18,0.1,0.1,0.3,rest
352.2,0.1,0.1,0.3,rest
352.22,0.1,0.1,0.3,rest
352.24,0.1,0.1,0.3,rest
352.26,0.1,0.1,0.3,rest
352.28000000000003,0.1,0.1,0.3,rest
352.3,0.1,0.1,0.3,rest
352.32,0.1,0.1,0.3,rest
352.34000000000003,0.1,0.1,0.3,rest
352.36,0.1,0.1,0.3,rest
352.38,0.1,0.1,0.3,rest
352.40000000000003,0.1,0.1,0.3,rest
352.42,0.1,0.1,0.3,rest
352.44,0.1,0.1,0.3,rest
352.46,0.1,0.1,0.3,rest
352.48,0.1,0.1,0.3,rest
352.5,0.1,0.1,0.3,rest
352.52,0.1,0.1,0.3,rest
352.54,0.1,0.1,0.3,rest
352.56,0.1,0.1,0.3,rest
352.58,0.1,0.1,0.3,rest
352.6,0.1,0.1,0.3,rest
352.62,0.1,0.1,0.3,rest
352.64,0.1,0.1,0.3,rest
352.66,0.1,0.1,0.3,rest
352.68,0.1,0.1,0.3,rest
352.7,0.1,0.1,0.3,rest
352.72,0.1,0.1,0.3,rest
352.74,0.1,0.1,0.3,rest
352.76,0.1,0.1,0.3,rest
352.78000000000003,0.1,0.1,0.3,rest
352.8,0.1,0.1,0.3,rest
352.82,0.1,0.1,0.3,rest
352.84000000000003,0.1,0.1,0.3,rest
352.86,0.1,0.1,0.3,rest
352.88,0.1,0.1,0.3,rest
352.90000000000003,0.1,0.1,0.3,rest
352.92,0.1,0.1,0.3,rest
352.94,0.1,0.1,0.3,rest
352.96,0.1,0.1,0.3,rest
352.98,0.1,0.1,0.3,rest
353.0,0.1,0.1,0.3,rest
353.02,0.1,0.1,0.3,rest
353.04,0.1,0.1,0.3,rest
353.06,0.1,0.1,0.3,rest
353.08,0.1,0.1,0.3,rest
353.1,0.1,0.1,0.3,rest
353.12,0.1,0.1,0.3,rest
353.14,0.1,0.1,0.3,rest
353.16,0.1,0.1,0.3,rest
353.18,0.1,0.1,0.3,rest
353.2,0.1,0.1,0.3,rest
353.22,0.1,0.1,0.3,rest
353.24,0.1,0.1,0.3,rest
353.26,0.1,0.1,0.3,rest
353.28000000000003,0.1,0.1,0.3,rest
353.3,0.1,0.1,0.3,rest
353.32,0.1,0.1,0.3,rest
353.34000000000003,0.1,0.1,0.3,rest
353.36,0.1,0.1,0.3,rest
353.38,0.1,0.1,0.3,rest
353.40000000000003,0.1,0.1,0.3,rest
353.42,0.1,0.1,0.3,rest
353.44,0.1,0.1,0.3,rest
353.46,0.1,0.1,0.3,rest
353.48,0.1,0.1,0.3,rest
353.5,0.1,0.1,0.3,rest
353.52,0.1,0.1,0.3,rest
353.54,0.1,0.1,0.3,rest
353.56,0.1,0.1,0.3,rest
353.58,0.1,0.1,0.3,rest
353.6,0.1,0.1,0.3,rest
353.62,0.1,0.1,0.3,rest
353.64,0.1,0.1,0.3,rest
353.66,0.1,0.1,0.3,rest
353.68,0.1,0.1,0.3,rest
353.7,0.1,0.1,0.3,rest
353.72,0.1,0.1,0.3,rest
353.74,0.1,0.1,0.3,rest
353.76,0.1,0.1,0.3,rest
353.78000000000003,0.1,0.1,0.3,rest
353.8,0.1,0.1,0.3,rest
353.82,0.1,0.1,0.3,rest
353.84000000000003,0.1,0.1,0.3,rest
353.86,0.1,0.1,0.3,rest
353.88,0.1,0.1,0.3,rest
353.90000000000003,0.1,0.1,0.3,rest
353.92,0.1,0.1,0.3,rest
353.94,0.1,0.1,0.3,rest
353.96,0.1,0.1,0.3,rest
353.98,0.1,0.1,0.3,rest
354.0,0.1,0.1,0.3,rest
354.02,0.1,0.1,0.3,rest
354.04,0.1,0.1,0.3,rest
354.06,0.1,0.1,0.3,rest
354.08,0.1,0.1,0.3,rest
354.1,0.1,0.1,0.3,rest
354.12,0.1,0.1,0.3,rest
354.14,0.1,0.1,0.3,rest
354.16,0.1,0.1,0.3,rest
354.18,0.1,0.1,0.3,rest
354.2,0.1,0.1,0.3,rest
354.22,0.1,0.1,0.3,rest
354.24,0.1,0.1,0.3,rest
354.26,0.1,0.1,0.3,rest
354.28000000000003,0.1,0.1,0.3,rest
354.3,0.1,0.1,0.3,rest
354.32,0.1,0.1,0.3,rest
354.34000000000003,0.1,0.1,0.3,rest
354.36,0.1,0.1,0.3,rest
354.38,0.1,0.1,0.3,rest
354.40000000000003,0.1,0.1,0.3,rest
354.42,0.1,0.1,0.3,rest
354.44,0.1,0.1,0.3,rest
354.46,0.1,0.1,0.3,rest
354.48,0.1,0.1,0.3,rest
354.5,0.1,0.1,0.3,rest
354.52,0.1,0.1,0.3,rest
354.54,0.1,0.1,0.3,rest
354.56,0.1,0.1,0.3,rest
354.58,0.1,0.1,0.3,rest
354.6,0.1,0.1,0.3,rest
354.62,0.1,0.1,0.3,rest
354.64,0.1,0.1,0.3,rest
354.66,0.1,0.1,0.3,rest
354.68,0.1,0.1,0.3,rest
354.7,0.1,0.1,0.3,rest
354.72,0.1,0.1,0.3,rest
354.74,0.1,0.1,0.3,rest
354.76,0.1,0.1,0.3,rest
354.78000000000003,0.1,0.1,0.3,rest
354.8,0.1,0.1,0.3,rest
354.82,0.1,0.1,0.3,rest
354.84000000000003,0.1,0.1,0.3,rest
354.86,0.1,0.1,0.3,rest
354.88,0.1,0.1,0.3,rest
354.90000000000003,0.1,0.1,0.3,rest
354.92,0.1,0.1,0.3,rest
354.94,0.1,0.1,0.3,rest
354.96,0.1,0.1,0.3,rest
354.98,0.1,0.1,0.3,rest
355.0,0.1,0.1,0.3,rest
355.02,0.1,0.1,0.3,rest
355.04,0.1,0.1,0.3,rest
355.06,0.1,0.1,0.3,rest
355.08,0.1,0.1,0.3,rest
355.1,0.1,0.1,0.3,rest
355.12,0.1,0.1,0.3,rest
355.14,0.1,0.1,0.3,rest
355.16,0.1,0.1,0.3,rest
355.18,0.1,0.1,0.3,rest
355.2,0.1,0.1,0.3,rest
355.22,0.1,0.1,0.3,rest
355.24,0.1,0.1,0.3,rest
355.26,0.1,0.1,0.3,rest
355.28000000000003,0.1,0.1,0.3,rest
355.3,0.1,0.1,0.3,rest
355.32,0.1,0.1,0.3,rest
355.34000000000003,0.1,0.1,0.3,rest
355.36,0.1,0.1,0.3,rest
355.38,0.1,0.1,0.3,rest
355.40000000000003,0.1,0.1,0.3,rest
355.42,0.1,0.1,0.3,rest
355.44,0.1,0.1,0.3,rest
355.46,0.1,0.1,0.3,rest
355.48,0.1,0.1,0.3,rest
355.5,0.1,0.1,0.3,rest
355.52,0.1,0.1,0.3,rest
355.54,0.1,0.1,0.3,rest
355.56,0.1,0.1,0.3,rest
355.58,0.1,0.1,0.3,rest
355.6,0.1,0.1,0.3,rest
355.62,0.1,0.1,0.3,rest
355.64,0.1,0.1,0.3,rest
355.66,0.1,0.1,0.3,rest
355.68,0.1,0.1,0.3,rest
355.7,0.1,0.1,0.3,rest
355.72,0.1,0.1,0.3,rest
355.74,0.1,0.1,0.3,rest
355.76,0.1,0.1,0.3,rest
355.78000000000003,0.1,0.1,0.3,rest
355.8,0.1,0.1,0.3,rest
355.82,0.1,0.1,0.3,rest
355.84000000000003,0.1,0.1,0.3,rest
355.86,0.1,0.1,0.3,rest
355.88,0.1,0.1,0.3,rest
355.90000000000003,0.1,0.1,0.3,rest
355.92,0.1,0.1,0.3,rest
355.94,0.1,0.1,0.3,rest
355.96,0.1,0.1,0.3,rest
355.98,0.1,0.1,0.3,rest
356.0,0.1,0.1,0.3,C_center0.35:settle
356.02,0.10510204081632654,0.10306122448979592,0.3,C_center0.35:settle
356.04,0.11020408163265306,0.10612244897959185,0.3,C_center0.35:settle
356.06,0.1153061224489796,0.10918367346938776,0.3,C_center0.35:settle
356.08,0.12040816326530612,0.11224489795918367,0.3,C_center0.35:settle
356.1,0.12551020408163266,0.1153061224489796,0.3,C_center0.35:settle
356.12,0.1306122448979592,0.11836734693877551,0.3,C_center0.35:settle
356.14,0.1357142857142857,0.12142857142857143,0.3,C_center0.35:settle
356.16,0.14081632653061224,0.12448979591836735,0.3,C_center0.35:settle
356.18,0.14591836734693878,0.12755102040816327,0.3,C_center0.35:settle
356.2,0.15102040816326529,0.1306122448979592,0.3,C_center0.35:settle
356.22,0.15612244897959182,0.1336734693877551,0.3,C_center0.35:settle
356.24,0.16122448979591836,0.13673469387755102,0.3,C_center0.35:settle
356.26,0.1663265306122449,0.13979591836734695,0.3,C_center0.35:settle
356.28000000000003,0.17142857142857143,0.14285714285714285,0.3,C_center0.35:settle
356.3,0.17653061224489794,0.14591836734693878,0.3,C_center0.35:settle
356.32,0.18163265306122447,0.1489795918367347,0.3,C_center0.35:settle
356.34000000000003,0.186734693877551,0.1520408163265306,0.3,C_center0.35:settle
356.36,0.19183673469387752,0.15510204081632653,0.3,C_center0.35:settle
356.38,0.19693877551020406,0.15816326530612246,0.3,C_center0.35:settle
356.40000000000003,0.2020408163265306,0.16122448979591836,0.3,C_center0.35:settle
356.42,0.20714285714285713,0.16428571428571428,0.3,C_center0.35:settle
356.44,0.21224489795918366,0.1673469387755102,0.3,C_center0.35:settle
356.46,0.2173469387755102,0.1704081632653061,0.3,C_center0.35:settle
356.48,0.22244897959183674,0.17346938775510204,0.3,C_center0.35:settle
356.5,0.22755102040816325,0.17653061224489797,0.3,C_center0.35:settle
356.52,0.23265306122448975,0.17959183673469387,0.3,C_center0.35:settle
356.54,0.2377551020408163,0.1826530612244898,0.3,C_center0.35:settle
356.56,0.24285714285714283,0.18571428571428572,0.3,C_center0.35:settle
356.58,0.24795918367346936,0.18877551020408162,0.3,C_center0.35:settle
356.6,0.25306122448979584,0.19183673469387752,0.3,C_center0.35:settle
356.62,0.25816326530612244,0.19489795918367347,0.3,C_center0.35:settle
356.64,0.2632653061224489,0.19795918367346937,0.3,C_center0.35:settle
356.66,0.2683673469387755,0.2010204081632653,0.3,C_center0.35:settle
356.68,0.273469387755102,0.20408163265306123,0.3,C_center0.35:settle
356.7,0.2785714285714285,0.20714285714285713,0.3,C_center0.35:settle
356.72,0.28367346938775506,0.21020408163265306,0.3,C_center0.35:settle
356.74,0.2887755102040816,0.21326530612244898,0.3,C_center0.35:settle
356.76,0.29387755102040813,0.21632653061224488,0.3,C_center0.35:settle
356.78000000000003,0.2989795918367346,0.21938775510204078,0.3,C_center0.35:settle
356.8,0.3040816326530612,0.22244897959183674,0.3,C_center0.35:settle
356.82,0.3091836734693877,0.22551020408163264,0.3,C_center0.35:settle
356.84000000000003,0.3142857142857143,0.22857142857142856,0.3,C_center0.35:settle
356.86,0.31938775510204076,0.2316326530612245,0.3,C_center0.35:settle
356.88,0.3244897959183673,0.2346938775510204,0.3,C_center0.35:settle
356.90000000000003,0.32959183673469383,0.23775510204081632,0.3,C_center0.35:settle
356.92,0.33469387755102037,0.24081632653061225,0.3,C_center0.35:settle
356.94,0.3397959183673469,0.24387755102040815,0.3,C_center0.35:settle
356.96,0.34489795918367344,0.24693877551020407,0.3,C_center0.35:settle
356.98,0.35,0.25,0.3,C_center0.35:settle
357.0,0.35,0.25,0.3,C_center0.35
357.02,0.3501451386025696,0.25,0.3,C_center0.35
357.04,0.3510753153063412,0.25,0.3,C_center0.35
357.06,0.35317700676437697,0.25,0.3,C_center0.35
357.08,0.3561724619722127,0.25,0.3,C_center0.35
357.1,0.359081781600067,0.25,0.3,C_center0.35
357.12,0.360441663088975,0.25,0.3,C_center0.35
357.14,0.3587336162539855,0.25,0.3,C_center0.35
357.16,0.35290881643595945,0.25,0.3,C_center0.35
357.18,0.3428598558405797,0.25,0.3,C_center0.35
357.2,0.32969251898544333,0.25,0.3,C_center0.35
357.22,0.3156941675559995,0.25,0.3,C_center0.35
357.24,0.3039695538035793,0.25,0.3,C_center0.35
357.26,0.29780172112355174,0.25,0.3,C_center0.35
357.28000000000003,0.299873039893799,0.25,0.3,C_center0.35
357.3,0.3115289557853093,0.25,0.3,C_center0.35
357.32,0.3322711554429348,0.25,0.3,C_center0.35
357.34000000000003,0.35962450692047093,0.25,0.3,C_center0.35
357.36,0.38944175115618596,0.25,0.3,C_center0.35
357.38,0.4166096611886038,0.25,0.3,C_center0.35
357.40000000000003,0.4360238700294483,0.25,0.3,C_center0.35
357.42,0.4436302108706144,0.25,0.3,C_center0.35
357.44,0.437305698482225,0.25,0.3,C_center0.35
357.46,0.4173793952865277,0.25,0.3,C_center0.35
357.48,0.38666731666589815,0.25,0.3,C_center0.35
357.5,0.35000000000000003,0.25,0.3,C_center0.35
357.52,0.31318754473153226,0.25,0.3,C_center0.35
357.54,0.2815452894071311,0.25,0.3,C_center0.35
357.56,0.259517294753398,0.25,0.3,C_center0.35
357.58,0.2501973271571728,0.25,0.3,C_center0.35
357.6,0.2548943483704846,0.25,0.3,C_center0.35
357.62,0.272948675722421,0.25,0.3,C_center0.35
357.64,0.3018246325898285,0.25,0.3,C_center0.35
357.66,0.33746667664356955,0.25,0.3,C_center0.35
357.68,0.37486898871648544,0.25,0.3,C_center0.35
357.7,0.4087785252292474,0.25,0.3,C_center0.35
357.72,0.43443279255020145,0.25,0.3,C_center0.35
357.74,0.4482287250728688,0.25,0.3,C_center0.35
357.76,0.4482287250728688,0.25,0.3,C_center0.35
357.78000000000003,0.4344327925502015,0.25,0.3,C_center0.35
357.8,0.40877852522924735,0.25,0.3,C_center0.35
357.82,0.3748689887164854,0.25,0.3,C_center0.35
357.84000000000003,0.33746667664356966,0.25,0.3,C_center0.35
357.86,0.30182463258982845,0.25,0.3,C_center0.35
357.88,0.2729486757224212,0.25,0.3,C_center0.35
357.90000000000003,0.25489434837048464,0.25,0.3,C_center0.35
357.92,0.2501973271571728,0.25,0.3,C_center0.35
357.94,0.25951729475339813,0.25,0.3,C_center0.35
357.96,0.2815452894071311,0.25,0.3,C_center0.35
357.98,0.313187544731532,0.25,0.3,C_center0.35
358.0,0.3499999999999999,0.25,0.3,C_center0.35
358.02,0.38681245526846786,0.25,0.3,C_center0.35
358.04,0.41845471059286876,0.25,0.3,C_center0.35
358.06,0.44048270524660194,0.25,0.3,C_center0.35
358.08,0.44980267284282716,0.25,0.3,C_center0.35
358.1,0.4451056516295154,0.25,0.3,C_center0.35
358.12,0.42705132427757886,0.25,0.3,C_center0.35
358.14,0.39817536741017134,0.25,0.3,C_center0.35
358.16,0.3625333233564308,0.25,0.3,C_center0.35
358.18,0.32513101128351474,0.25,0.3,C_center0.35
358.2,0.2912214747707527,0.25,0.3,C_center0.35
358.22,0.2655672074497986,0.25,0.3,C_center0.35
358.24,0.25177127492713114,0.25,0.3,C_center0.35
358.26,0.2517712749271311,0.25,0.3,C_center0.35
358.28000000000003,0.26556720744979856,0.25,0.3,C_center0.35
358.3,0.29122147477075255,0.25,0.3,C_center0.35
358.32,0.3251310112835145,0.25,0.3,C_center0.35
358.34000000000003,0.36253332335643057,0.25,0.3,C_center0.35
358.36,0.39817536741017145,0.25,0.3,C_center0.35
358.38,0.42705132427757897,0.25,0.3,C_center0.35
358.40000000000003,0.44510565162951543,0.25,0.3,C_center0.35
358.42,0.44980267284282716,0.25,0.3,C_center0.35
358.44,0.440482705246602,0.25,0.3,C_center0.35
358.46,0.4184547105928689,0.25,0.3,C_center0.35
358.48,0.386812455268468,0.25,0.3,C_center0.35
358.5,0.3500000000000001,0.25,0.3,C_center0.35
358.52,0.31318754473153215,0.25,0.3,C_center0.35
358.54,0.28154528940713125,0.25,0.3,C_center0.35
358.56,0.259517294753398,0.25,0.3,C_center0.35
358.58,0.2501973271571728,0.25,0.3,C_center0.35
358.6,0.2548943483704846,0.25,0.3,C_center0.35
358.62,0.27294867572242104,0.25,0.3,C_center0.35
358.64,0.3018246325898286,0.25,0.3,C_center0.35
358.66,0.33746667664356983,0.25,0.3,C_center0.35
358.68,0.3748689887164852,0.25,0.3,C_center0.35
358.7,0.4087785252292469,0.25,0.3,C_center0.35
358.72,0.4344327925502015,0.25,0.3,C_center0.35
358.74,0.4482287250728688,0.25,0.3,C_center0.35
358.76,0.4482287250728689,0.25,0.3,C_center0.35
358.78000000000003,0.43443279255020145,0.25,0.3,C_center0.35
358.8,0.4087785252292474,0.25,0.3,C_center0.35
358.82,0.3748689887164858,0.25,0.3,C_center0.35
358.84000000000003,0.3374666766435694,0.25,0.3,C_center0.35
358.86,0.3018246325898285,0.25,0.3,C_center0.35
358.88,0.27294867572242076,0.25,0.3,C_center0.35
358.90000000000003,0.2548943483704845,0.25,0.3,C_center0.35
358.92,0.2501973271571728,0.25,0.3,C_center0.35
358.94,0.2595172947533979,0.25,0.3,C_center0.35
358.96,0.2815452894071308,0.25,0.3,C_center0.35
358.98,0.31318754473153226,0.25,0.3,C_center0.35
359.0,0.3499999999999998,0.25,0.3,C_center0.35
359.02,0.3868124552684674,0.25,0.3,C_center0.35
359.04,0.41845471059286893,0.25,0.3,C_center0.35
359.06,0.44048270524660194,0.25,0.3,C_center0.35
359.08,0.4498026728428271,0.25,0.3,C_center0.35
359.1,0.44510565162951526,0.25,0.3,C_center0.35
359.12,0.4270513242775789,0.25,0.3,C_center0.35
359.14,0.3981753674101717,0.25,0.3,C_center0.35
359.16,0.3625333233564301,0.25,0.3,C_center0.35
359.18,0.32513101128351446,0.25,0.3,C_center0.35
359.2,0.2912214747707528,0.25,0.3,C_center0.35
359.22,0.2655672074497983,0.25,0.3,C_center0.35
359.24,0.2517712749271311,0.25,0.3,C_center0.35
359.26,0.25177127492713125,0.25,0.3,C_center0.35
359.28000000000003,0.26556720744979867,0.25,0.3,C_center0.35
359.3,0.29122147477075283,0.25,0.3,C_center0.35
359.32,0.3251310112835138,0.25,0.3,C_center0.35
359.34000000000003,0.3625333233564302,0.25,0.3,C_center0.35
359.36,0.3981753674101711,0.25,0.3,C_center0.35
359.38,0.42705132427757847,0.25,0.3,C_center0.35
359.40000000000003,0.44510565162951526,0.25,0.3,C_center0.35
359.42,0.44980267284282716,0.25,0.3,C_center0.35
359.44,0.4404827052466022,0.25,0.3,C_center0.35
359.46,0.41845471059286893,0.25,0.3,C_center0.35
359.48,0.3868124552684681,0.25,0.3,C_center0.35
359.5,0.35000000000000053,0.25,0.3,C_center0.35
359.52,0.3131875447315322,0.25,0.3,C_center0.35
359.54,0.2815452894071313,0.25,0.3,C_center0.35
359.56,0.2595172947533979,0.25,0.3,C_center0.35
359.58,0.2501973271571728,0.25,0.3,C_center0.35
359.6,0.2548943483704845,0.25,0.3,C_center0.35
359.62,0.27294867572242126,0.25,0.3,C_center0.35
359.64,0.3018246325898285,0.25,0.3,C_center0.35
359.66,0.33746667664356944,0.25,0.3,C_center0.35
359.68,0.37486898871648583,0.25,0.3,C_center0.35
359.7,0.4087785252292474,0.25,0.3,C_center0.35
359.72,0.43443279255020145,0.25,0.3,C_center0.35
359.74,0.4482287250728689,0.25,0.3,C_center0.35
359.76,0.4482287250728688,0.25,0.3,C_center0.35
359.78000000000003,0.4344327925502015,0.25,0.3,C_center0.35
359.8,0.4087785252292469,0.25,0.3,C_center0.35
359.82,0.3748689887164859,0.25,0.3,C_center0.35
359.84000000000003,0.33746667664357016,0.25,0.3,C_center0.35
359.86,0.30182463258982856,0.25,0.3,C_center0.35
359.88,0.27294867572242126,0.25,0.3,C_center0.35
359.90000000000003,0.2548943483704848,0.25,0.3,C_center0.35
359.92,0.2501973271571728,0.25,0.3,C_center0.35
359.94,0.2595172947533979,0.25,0.3,C_center0.35
359.96,0.28154528940713075,0.25,0.3,C_center0.35
359.98,0.31318754473153215,0.25,0.3,C_center0.35
360.0,0.34999999999999976,0.25,0.3,C_center0.35
360.02,0.38681245526846736,0.25,0.3,C_center0.35
360.04,0.4184547105928689,0.25,0.3,C_center0.35
360.06,0.4404827052466019,0.25,0.3,C_center0.35
360.08,0.4498026728428271,0.25,0.3,C_center0.35
360.1,0.4451056516295153,0.25,0.3,C_center0.35
360.12,0.42705132427757897,0.25,0.3,C_center0.35
360.14,0.3981753674101718,0.25,0.3,C_center0.35
360.16,0.3625333233564302,0.25,0.3,C_center0.35
360.18,0.3251310112835145,0.25,0.3,C_center0.35
360.2,0.29122147477075283,0.25,0.3,C_center0.35
360.22,0.26556720744979834,0.25,0.3,C_center0.35
360.24,0.2517712749271311,0.25,0.3,C_center0.35
360.26,0.2517712749271312,0.25,0.3,C_center0.35
360.28000000000003,0.26556720744979867,0.25,0.3,C_center0.35
360.3,0.2912214747707528,0.25,0.3,C_center0.35
360.32,0.32513101128351507,0.25,0.3,C_center0.35
360.34000000000003,0.36253332335643007,0.25,0.3,C_center0.35
360.36,0.398175367410171,0.25,0.3,C_center0.35
360.38,0.4270513242775784,0.25,0.3,C_center0.35
360.40000000000003,0.44510565162951504,0.25,0.3,C_center0.35
360.42,0.44980267284282716,0.25,0.3,C_center0.35
360.44,0.44048270524660194,0.25,0.3,C_center0.35
360.46,0.4184547105928695,0.25,0.3,C_center0.35
360.48,0.38681245526846814,0.25,0.3,C_center0.35
360.5,0.34999999999999987,0.25,0.3,C_center0.35
360.52,0.31318754473153293,0.25,0.3,C_center0.35
360.54,0.28154528940713136,0.25,0.3,C_center0.35
360.56,0.25951729475339796,0.25,0.3,C_center0.35
360.58,0.25019732715717286,0.25,0.3,C_center0.35
360.6,0.2548943483704845,0.25,0.3,C_center0.35
360.62,0.2729486757224212,0.25,0.3,C_center0.35
360.64,0.30182463258982783,0.25,0.3,C_center0.35
360.66,0.33746667664356933,0.25,0.3,C_center0.35
360.68,0.3748689887164858,0.25,0.3,C_center0.35
360.7,0.4087785252292468,0.25,0.3,C_center0.35
360.72,0.4344327925502014,0.25,0.3,C_center0.35
360.74,0.4482287250728689,0.25,0.3,C_center0.35
360.76,0.4482287250728687,0.25,0.3,C_center0.35
360.78000000000003,0.4344327925502015,0.25,0.3,C_center0.35
360.8,0.40877852522924696,0.25,0.3,C_center0.35
360.82,0.37486898871648455,0.25,0.3,C_center0.35
360.84000000000003,0.33746667664356955,0.25,0.3,C_center0.35
360.86,0.3018246325898293,0.25,0.3,C_center0.35
360.88,0.2729486757224213,0.25,0.3,C_center0.35
360.90000000000003,0.2548943483704846,0.25,0.3,C_center0.35
360.92,0.25019732715717274,0.25,0.3,C_center0.35
360.94,0.25951729475339785,0.25,0.3,C_center0.35
360.96,0.2815452894071312,0.25,0.3,C_center0.35
360.98,0.31318754473153143,0.25,0.3,C_center0.35
361.0,0.3499999999999997,0.25,0.3,C_center0.35
361.02,0.38681245526846797,0.25,0.3,C_center0.35
361.04,0.4184547105928683,0.25,0.3,C_center0.35
361.06,0.44048270524660244,0.25,0.3,C_center0.35
361.08,0.44980267284282716,0.25,0.3,C_center0.35
361.1,0.44510565162951554,0.25,0.3,C_center0.35
361.12,0.427051324277579,0.25,0.3,C_center0.35
361.14,0.39817536741017245,0.25,0.3,C_center0.35
361.16,0.36253332335643096,0.25,0.3,C_center0.35
361.18,0.32513101128351596,0.25,0.3,C_center0.35
361.2,0.29122147477075233,0.25,0.3,C_center0.35
361.22,0.2655672074497987,0.25,0.3,C_center0.35
361.24,0.25177127492713114,0.25,0.3,C_center0.35
361.26,0.2517712749271309,0.25,0.3,C_center0.35
361.28000000000003,0.2655672074497982,0.25,0.3,C_center0.35
361.3,0.29122147477075266,0.25,0.3,C_center0.35
361.32,0.325131011283515,0.25,0.3,C_center0.35
361.34000000000003,0.36253332335643,0.25,0.3,C_center0.35
361.36,0.3981753674101716,0.25,0.3,C_center0.35
361.38,0.4270513242775784,0.25,0.3,C_center0.35
361.40000000000003,0.4451056516295152,0.25,0.3,C_center0.35
361.42,0.44980267284282716,0.25,0.3,C_center0.35
361.44,0.44048270524660166,0.25,0.3,C_center0.35
361.46,0.41845471059286904,0.25,0.3,C_center0.35
361.48,0.3868124552684675,0.25,0.3,C_center0.35
361.5,0.35000000000000064,0.25,0.3,C_center0.35
361.52,0.31318754473153104,0.25,0.3,C_center0.35
361.54,0.28154528940713086,0.25,0.3,C_center0.35
361.56,0.2595172947533977,0.25,0.3,C_center0.35
361.58,0.2501973271571728,0.25,0.3,C_center0.35
361.6,0.25489434837048475,0.25,0.3,C_center0.35
361.62,0.2729486757224207,0.25,0.3,C_center0.35
361.64,0.30182463258982717,0.25,0.3,C_center0.35
361.66,0.33746667664357,0.25,0.3,C_center0.35
361.68,0.374868988716485,0.25,0.3,C_center0.35
361.7,0.4087785252292473,0.25,0.3,C_center0.35
361.72,0.434432792550201,0.25,0.3,C_center0.35
361.74,0.44822872507286876,0.25,0.3,C_center0.35
361.76,0.4482287250728691,0.25,0.3,C_center0.35
361.78000000000003,0.4344327925502012,0.25,0.3,C_center0.35
361.8,0.40877852522924757,0.25,0.3,C_center0.35
361.82,0.37486898871648533,0.25,0.3,C_center0.35
361.84000000000003,0.33746667664357033,0.25,0.3,C_center0.35
361.86,0.3018246325898287,0.25,0.3,C_center0.35
361.88,0.2729486757224218,0.25,0.3,C_center0.35
361.90000000000003,0.2548943483704844,0.25,0.3,C_center0.35
361.92,0.2501973271571728,0.25,0.3,C_center0.35
361.94,0.25951729475339813,0.25,0.3,C_center0.35
361.96,0.28154528940713064,0.25,0.3,C_center0.35
361.98,0.31318754473153204,0.25,0.3,C_center0.35
362.0,0.3499999999999989,0.25,0.3,C_center0.35
362.02,0.3868124552684685,0.25,0.3,C_center0.35
362.04,0.41845471059286876,0.25,0.3,C_center0.35
362.06,0.4404827052466021,0.25,0.3,C_center0.35
362.08,0.4498026728428271,0.25,0.3,C_center0.35
362.1,0.4451056516295153,0.25,0.3,C_center0.35
362.12,0.4270513242775786,0.25,0.3,C_center0.35
362.14,0.3981753674101719,0.25,0.3,C_center0.35
362.16,0.36253332335643035,0.25,0.3,C_center0.35
362.18,0.32513101128351535,0.25,0.3,C_center0.35
362.2,0.291221474770753,0.25,0.3,C_center0.35
362.22,0.26556720744979917,0.25,0.3,C_center0.35
362.24,0.251771274927131,0.25,0.3,C_center0.35
362.26,0.25177127492713103,0.25,0.3,C_center0.35
362.28000000000003,0.26556720744979856,0.25,0.3,C_center0.35
362.3,0.29122147477075205,0.25,0.3,C_center0.35
362.32,0.32513101128351424,0.25,0.3,C_center0.35
362.34000000000003,0.36253332335642924,0.25,0.3,C_center0.35
362.36,0.3981753674101722,0.25,0.3,C_center0.35
362.38,0.4270513242775788,0.25,0.3,C_center0.35
362.40000000000003,0.44510565162951543,0.25,0.3,C_center0.35
362.42,0.44980267284282716,0.25,0.3,C_center0.35
362.44,0.440482705246602,0.25,0.3,C_center0.35
362.46,0.4184547105928696,0.25,0.3,C_center0.35
362.48,0.38681245526846697,0.25,0.3,C_center0.35
362.5,0.35000000000000003,0.25,0.3,C_center0.35
362.52,0.31376581021934624,0.25,0.3,C_center0.35
362.54,0.28394885457479846,0.25,0.3,C_center0.35
362.56,0.26511334785868035,0.25,0.3,C_center0.35
362.58,0.2597276343716413,0.25,0.3,C_center0.35
362.6,0.2677826560210492,0.25,0.3,C_center0.35
362.62,0.2869171565929933,0.25,0.3,C_center0.35
362.64,0.3130054899367497,0.25,0.3,C_center0.35
362.66,0.34106512355195606,0.25,0.3,C_center0.35
362.68,0.36627696443139834,0.25,0.3,C_center0.35
362.7,0.38489626127805654,0.25,0.3,C_center0.35
362.72,0.3948671857298696,0.25,0.3,C_center0.35
362.74,0.39603044619642064,0.25,0.3,C_center0.35
362.76,0.38991124871931754,0.25,0.3,C_center0.35
362.78000000000003,0.3791708123848274,0.25,0.3,C_center0.35
362.8,0.36687592319894957,0.25,0.3,C_center0.35
362.82,0.35577175909908093,0.25,0.3,C_center0.35
362.84000000000003,0.34772785881111795,0.25,0.3,C_center0.35
362.86,0.3434714820231716,0.25,0.3,C_center0.35
362.88,0.3426422532510387,0.25,0.3,C_center0.35
362.90000000000003,0.3441180331016767,0.25,0.3,C_center0.35
362.92,0.34649575279761574,0.25,0.3,C_center0.35
362.94,0.34857865971431096,0.25,0.3,C_center0.35
362.96,0.3497301070802721,0.25,0.3,C_center0.35
362.98,0.35,0.25,0.3,C_center0.35
363.0,0.35,0.25,0.3,C_center0.35:tail
363.02,0.35,0.25,0.3,C_center0.35:tail
363.04,0.35,0.25,0.3,C_center0.35:tail
363.06,0.35,0.25,0.3,C_center0.35:tail
363.08,0.35,0.25,0.3,C_center0.35:tail
363.1,0.35,0.25,0.3,C_center0.35:tail
363.12,0.35,0.25,0.3,C_center0.35:tail
363.14,0.35,0.25,0.3,C_center0.35:tail
363.16,0.35,0.25,0.3,C_center0.35:tail
363.18,0.35,0.25,0.3,C_center0.35:tail
363.2,0.35,0.25,0.3,C_center0.35:tail
363.22,0.35,0.25,0.3,C_center0.35:tail
363.24,0.35,0.25,0.3,C_center0.35:tail
363.26,0.35,0.25,0.3,C_center0.35:tail
363.28000000000003,0.35,0.25,0.3,C_center0.35:tail
363.3,0.35,0.25,0.3,C_center0.35:tail
363.32,0.35,0.25,0.3,C_center0.35:tail
363.34000000000003,0.35,0.25,0.3,C_center0.35:tail
363.36,0.35,0.25,0.3,C_center0.35:tail
363.38,0.35,0.25,0.3,C_center0.35:tail
363.40000000000003,0.35,0.25,0.3,C_center0.35:tail
363.42,0.35,0.25,0.3,C_center0.35:tail
363.44,0.35,0.25,0.3,C_center0.35:tail
363.46,0.35,0.25,0.3,C_center0.35:tail
363.48,0.35,0.25,0.3,C_center0.35:tail
363.5,0.33749999999999997,0.2425,0.3,rest:down
363.52,0.32499999999999996,0.235,0.3,rest:down
363.54,0.3125,0.2275,0.3,rest:down
363.56,0.3,0.22,0.3,rest:down
363.58,0.2875,0.2125,0.3,rest:down
363.6,0.27499999999999997,0.20500000000000002,0.3,rest:down
363.62,0.26249999999999996,0.1975,0.3,rest:down
363.64,0.25,0.19,0.3,rest:down
363.66,0.2375,0.1825,0.3,rest:down
363.68,0.22499999999999998,0.175,0.3,rest:down
363.7,0.2125,0.1675,0.3,rest:down
363.72,0.19999999999999998,0.16,0.3,rest:down
363.74,0.1875,0.1525,0.3,rest:down
363.76,0.175,0.14500000000000002,0.3,rest:down
363.78000000000003,0.1625,0.1375,0.3,rest:down
363.8,0.15,0.13,0.3,rest:down
363.82,0.13749999999999998,0.1225,0.3,rest:down
363.84000000000003,0.125,0.11499999999999999,0.3,rest:down
363.86,0.11249999999999999,0.10750000000000001,0.3,rest:down
363.88,0.1,0.1,0.3,rest:down
363.90000000000003,0.1,0.1,0.3,rest
363.92,0.1,0.1,0.3,rest
363.94,0.1,0.1,0.3,rest
363.96,0.1,0.1,0.3,rest
363.98,0.1,0.1,0.3,rest
364.0,0.1,0.1,0.3,rest
364.02,0.1,0.1,0.3,rest
364.04,0.1,0.1,0.3,rest
364.06,0.1,0.1,0.3,rest
364.08,0.1,0.1,0.3,rest
364.1,0.1,0.1,0.3,rest
364.12,0.1,0.1,0.3,rest
364.14,0.1,0.1,0.3,rest
364.16,0.1,0.1,0.3,rest
364.18,0.1,0.1,0.3,rest
364.2,0.1,0.1,0.3,rest
364.22,0.1,0.1,0.3,rest
364.24,0.1,0.1,0.3,rest
364.26,0.1,0.1,0.3,rest
364.28000000000003,0.1,0.1,0.3,rest
364.3,0.1,0.1,0.3,rest
364.32,0.1,0.1,0.3,rest
364.34000000000003,0.1,0.1,0.3,rest
364.36,0.1,0.1,0.3,rest
364.38,0.1,0.1,0.3,rest
364.40000000000003,0.1,0.1,0.3,rest
364.42,0.1,0.1,0.3,rest
364.44,0.1,0.1,0.3,rest
364.46,0.1,0.1,0.3,rest
364.48,0.1,0.1,0.3,rest
364.5,0.1,0.1,0.3,rest
364.52,0.1,0.1,0.3,rest
364.54,0.1,0.1,0.3,rest
364.56,0.1,0.1,0.3,rest
364.58,0.1,0.1,0.3,rest
364.6,0.1,0.1,0.3,rest
364.62,0.1,0.1,0.3,rest
364.64,0.1,0.1,0.3,rest
364.66,0.1,0.1,0.3,rest
364.68,0.1,0.1,0.3,rest
364.7,0.1,0.1,0.3,rest
364.72,0.1,0.1,0.3,rest
364.74,0.1,0.1,0.3,rest
364.76,0.1,0.1,0.3,rest
364.78000000000003,0.1,0.1,0.3,rest
364.8,0.1,0.1,0.3,rest
364.82,0.1,0.1,0.3,rest
364.84000000000003,0.1,0.1,0.3,rest
364.86,0.1,0.1,0.3,rest
364.88,0.1,0.1,0.3,rest
364.90000000000003,0.1,0.1,0.3,rest
364.92,0.1,0.1,0.3,rest
364.94,0.1,0.1,0.3,rest
364.96,0.1,0.1,0.3,rest
364.98,0.1,0.1,0.3,rest
365.0,0.1,0.1,0.3,rest
365.02,0.1,0.1,0.3,rest
365.04,0.1,0.1,0.3,rest
365.06,0.1,0.1,0.3,rest
365.08,0.1,0.1,0.3,rest
365.1,0.1,0.1,0.3,rest
365.12,0.1,0.1,0.3,rest
365.14,0.1,0.1,0.3,rest
365.16,0.1,0.1,0.3,rest
365.18,0.1,0.1,0.3,rest
365.2,0.1,0.1,0.3,rest
365.22,0.1,0.1,0.3,rest
365.24,0.1,0.1,0.3,rest
365.26,0.1,0.1,0.3,rest
365.28000000000003,0.1,0.1,0.3,rest
365.3,0.1,0.1,0.3,rest
365.32,0.1,0.1,0.3,rest
365.34000000000003,0.1,0.1,0.3,rest
365.36,0.1,0.1,0.3,rest
365.38,0.1,0.1,0.3,rest
365.40000000000003,0.1,0.1,0.3,rest
365.42,0.1,0.1,0.3,rest
365.44,0.1,0.1,0.3,rest
365.46,0.1,0.1,0.3,rest
365.48,0.1,0.1,0.3,rest
365.5,0.1,0.1,0.3,rest
365.52,0.1,0.1,0.3,rest
365.54,0.1,0.1,0.3,rest
365.56,0.1,0.1,0.3,rest
365.58,0.1,0.1,0.3,rest
365.6,0.1,0.1,0.3,rest
365.62,0.1,0.1,0.3,rest
365.64,0.1,0.1,0.3,rest
365.66,0.1,0.1,0.3,rest
365.68,0.1,0.1,0.3,rest
365.7,0.1,0.1,0.3,rest
365.72,0.1,0.1,0.3,rest
365.74,0.1,0.1,0.3,rest
365.76,0.1,0.1,0.3,rest
365.78000000000003,0.1,0.1,0.3,rest
365.8,0.1,0.1,0.3,rest
365.82,0.1,0.1,0.3,rest
365.84000000000003,0.1,0.1,0.3,rest
365.86,0.1,0.1,0.3,rest
365.88,0.1,0.1,0.3,rest
365.90000000000003,0.1,0.1,0.3,rest
365.92,0.1,0.1,0.3,rest
365.94,0.1,0.1,0.3,rest
365.96,0.1,0.1,0.3,rest
365.98,0.1,0.1,0.3,rest
366.0,0.1,0.1,0.3,rest
366.02,0.1,0.1,0.3,rest
366.04,0.1,0.1,0.3,rest
366.06,0.1,0.1,0.3,rest
366.08,0.1,0.1,0.3,rest
366.1,0.1,0.1,0.3,rest
366.12,0.1,0.1,0.3,rest
366.14,0.1,0.1,0.3,rest
366.16,0.1,0.1,0.3,rest
366.18,0.1,0.1,0.3,rest
366.2,0.1,0.1,0.3,rest
366.22,0.1,0.1,0.3,rest
366.24,0.1,0.1,0.3,rest
366.26,0.1,0.1,0.3,rest
366.28000000000003,0.1,0.1,0.3,rest
366.3,0.1,0.1,0.3,rest
366.32,0.1,0.1,0.3,rest
366.34000000000003,0.1,0.1,0.3,rest
366.36,0.1,0.1,0.3,rest
366.38,0.1,0.1,0.3,rest
366.40000000000003,0.1,0.1,0.3,rest
366.42,0.1,0.1,0.3,rest
366.44,0.1,0.1,0.3,rest
366.46,0.1,0.1,0.3,rest
366.48,0.1,0.1,0.3,rest
366.5,0.1,0.1,0.3,rest
366.52,0.1,0.1,0.3,rest
366.54,0.1,0.1,0.3,rest
366.56,0.1,0.1,0.3,rest
366.58,0.1,0.1,0.3,rest
366.6,0.1,0.1,0.3,rest
366.62,0.1,0.1,0.3,rest
366.64,0.1,0.1,0.3,rest
366.66,0.1,0.1,0.3,rest
366.68,0.1,0.1,0.3,rest
366.7,0.1,0.1,0.3,rest
366.72,0.1,0.1,0.3,rest
366.74,0.1,0.1,0.3,rest
366.76,0.1,0.1,0.3,rest
366.78000000000003,0.1,0.1,0.3,rest
366.8,0.1,0.1,0.3,rest
366.82,0.1,0.1,0.3,rest
366.84000000000003,0.1,0.1,0.3,rest
366.86,0.1,0.1,0.3,rest
366.88,0.1,0.1,0.3,rest
366.90000000000003,0.1,0.1,0.3,rest
366.92,0.1,0.1,0.3,rest
366.94,0.1,0.1,0.3,rest
366.96,0.1,0.1,0.3,rest
366.98,0.1,0.1,0.3,rest
367.0,0.1,0.1,0.3,rest
367.02,0.1,0.1,0.3,rest
367.04,0.1,0.1,0.3,rest
367.06,0.1,0.1,0.3,rest
367.08,0.1,0.1,0.3,rest
367.1,0.1,0.1,0.3,rest
367.12,0.1,0.1,0.3,rest
367.14,0.1,0.1,0.3,rest
367.16,0.1,0.1,0.3,rest
367.18,0.1,0.1,0.3,rest
367.2,0.1,0.1,0.3,rest
367.22,0.1,0.1,0.3,rest
367.24,0.1,0.1,0.3,rest
367.26,0.1,0.1,0.3,rest
367.28000000000003,0.1,0.1,0.3,rest
367.3,0.1,0.1,0.3,rest
367.32,0.1,0.1,0.3,rest
367.34000000000003,0.1,0.1,0.3,rest
367.36,0.1,0.1,0.3,rest
367.38,0.1,0.1,0.3,rest
367.40000000000003,0.1,0.1,0.3,rest
367.42,0.1,0.1,0.3,rest
367.44,0.1,0.1,0.3,rest
367.46,0.1,0.1,0.3,rest
367.48,0.1,0.1,0.3,rest
367.5,0.1,0.1,0.3,rest
367.52,0.1,0.1,0.3,rest
367.54,0.1,0.1,0.3,rest
367.56,0.1,0.1,0.3,rest
367.58,0.1,0.1,0.3,rest
367.6,0.1,0.1,0.3,rest
367.62,0.1,0.1,0.3,rest
367.64,0.1,0.1,0.3,rest
367.66,0.1,0.1,0.3,rest
367.68,0.1,0.1,0.3,rest
367.7,0.1,0.1,0.3,rest
367.72,0.1,0.1,0.3,rest
367.74,0.1,0.1,0.3,rest
367.76,0.1,0.1,0.3,rest
367.78000000000003,0.1,0.1,0.3,rest
367.8,0.1,0.1,0.3,rest
367.82,0.1,0.1,0.3,rest
367.84000000000003,0.1,0.1,0.3,rest
367.86,0.1,0.1,0.3,rest
367.88,0.1,0.1,0.3,rest
367.90000000000003,0.1,0.1,0.3,rest
367.92,0.1,0.1,0.3,rest
367.94,0.1,0.1,0.3,rest
367.96,0.1,0.1,0.3,rest
367.98,0.1,0.1,0.3,rest
368.0,0.1,0.1,0.3,rest
368.02,0.1,0.1,0.3,rest
368.04,0.1,0.1,0.3,rest
368.06,0.1,0.1,0.3,rest
368.08,0.1,0.1,0.3,rest
368.1,0.1,0.1,0.3,rest
368.12,0.1,0.1,0.3,rest
368.14,0.1,0.1,0.3,rest
368.16,0.1,0.1,0.3,rest
368.18,0.1,0.1,0.3,rest
368.2,0.1,0.1,0.3,rest
368.22,0.1,0.1,0.3,rest
368.24,0.1,0.1,0.3,rest
368.26,0.1,0.1,0.3,rest
368.28000000000003,0.1,0.1,0.3,rest
368.3,0.1,0.1,0.3,rest
368.32,0.1,0.1,0.3,rest
368.34000000000003,0.1,0.1,0.3,rest
368.36,0.1,0.1,0.3,rest
368.38,0.1,0.1,0.3,rest
368.40000000000003,0.1,0.1,0.3,rest
368.42,0.1,0.1,0.3,rest
368.44,0.1,0.1,0.3,rest
368.46,0.1,0.1,0.3,rest
368.48,0.1,0.1,0.3,rest
368.5,0.1,0.1,0.3,rest
368.52,0.1,0.1,0.3,rest
368.54,0.1,0.1,0.3,rest
368.56,0.1,0.1,0.3,rest
368.58,0.1,0.1,0.3,rest
368.6,0.1,0.1,0.3,rest
368.62,0.1,0.1,0.3,rest
368.64,0.1,0.1,0.3,rest
368.66,0.1,0.1,0.3,rest
368.68,0.1,0.1,0.3,rest
368.7,0.1,0.1,0.3,rest
368.72,0.1,0.1,0.3,rest
368.74,0.1,0.1,0.3,rest
368.76,0.1,0.1,0.3,rest
368.78000000000003,0.1,0.1,0.3,rest
368.8,0.1,0.1,0.3,rest
368.82,0.1,0.1,0.3,rest
368.84000000000003,0.1,0.1,0.3,rest
368.86,0.1,0.1,0.3,rest
368.88,0.1,0.1,0.3,rest
368.90000000000003,0.1,0.1,0.3,rest
368.92,0.1,0.1,0.3,rest
368.94,0.1,0.1,0.3,rest
368.96,0.1,0.1,0.3,rest
368.98,0.1,0.1,0.3,rest
369.0,0.1,0.1,0.3,rest
369.02,0.1,0.1,0.3,rest
369.04,0.1,0.1,0.3,rest
369.06,0.1,0.1,0.3,rest
369.08,0.1,0.1,0.3,rest
369.1,0.1,0.1,0.3,rest
369.12,0.1,0.1,0.3,rest
369.14,0.1,0.1,0.3,rest
369.16,0.1,0.1,0.3,rest
369.18,0.1,0.1,0.3,rest
369.2,0.1,0.1,0.3,rest
369.22,0.1,0.1,0.3,rest
369.24,0.1,0.1,0.3,rest
369.26,0.1,0.1,0.3,rest
369.28000000000003,0.1,0.1,0.3,rest
369.3,0.1,0.1,0.3,rest
369.32,0.1,0.1,0.3,rest
369.34000000000003,0.1,0.1,0.3,rest
369.36,0.1,0.1,0.3,rest
369.38,0.1,0.1,0.3,rest
369.40000000000003,0.1,0.1,0.3,rest
369.42,0.1,0.1,0.3,rest
369.44,0.1,0.1,0.3,rest
369.46,0.1,0.1,0.3,rest
369.48,0.1,0.1,0.3,rest
369.5,0.1,0.1,0.3,rest
369.52,0.1,0.1,0.3,rest
369.54,0.1,0.1,0.3,rest
369.56,0.1,0.1,0.3,rest
369.58,0.1,0.1,0.3,rest
369.6,0.1,0.1,0.3,rest
369.62,0.1,0.1,0.3,rest
369.64,0.1,0.1,0.3,rest
369.66,0.1,0.1,0.3,rest
369.68,0.1,0.1,0.3,rest
369.7,0.1,0.1,0.3,rest
369.72,0.1,0.1,0.3,rest
369.74,0.1,0.1,0.3,rest
369.76,0.1,0.1,0.3,rest
369.78000000000003,0.1,0.1,0.3,rest
369.8,0.1,0.1,0.3,rest
369.82,0.1,0.1,0.3,rest
369.84000000000003,0.1,0.1,0.3,rest
369.86,0.1,0.1,0.3,rest
369.88,0.1,0.1,0.3,rest
369.90000000000003,0.1,0.1,0.3,rest
369.92,0.1,0.1,0.3,rest
369.94,0.1,0.1,0.3,rest
369.96,0.1,0.1,0.3,rest
369.98,0.1,0.1,0.3,rest
370.0,0.1,0.1,0.3,rest
370.02,0.1,0.1,0.3,rest
370.04,0.1,0.1,0.3,rest
370.06,0.1,0.1,0.3,rest
370.08,0.1,0.1,0.3,rest
370.1,0.1,0.1,0.3,rest
370.12,0.1,0.1,0.3,rest
370.14,0.1,0.1,0.3,rest
370.16,0.1,0.1,0.3,rest
370.18,0.1,0.1,0.3,rest
370.2,0.1,0.1,0.3,rest
370.22,0.1,0.1,0.3,rest
370.24,0.1,0.1,0.3,rest
370.26,0.1,0.1,0.3,rest
370.28000000000003,0.1,0.1,0.3,rest
370.3,0.1,0.1,0.3,rest
370.32,0.1,0.1,0.3,rest
370.34000000000003,0.1,0.1,0.3,rest
370.36,0.1,0.1,0.3,rest
370.38,0.1,0.1,0.3,rest
370.40000000000003,0.1,0.1,0.3,rest
370.42,0.1,0.1,0.3,rest
370.44,0.1,0.1,0.3,rest
370.46,0.1,0.1,0.3,rest
370.48,0.1,0.1,0.3,rest
370.5,0.1,0.1,0.3,rest
370.52,0.1,0.1,0.3,rest
370.54,0.1,0.1,0.3,rest
370.56,0.1,0.1,0.3,rest
370.58,0.1,0.1,0.3,rest
370.6,0.1,0.1,0.3,rest
370.62,0.1,0.1,0.3,rest
370.64,0.1,0.1,0.3,rest
370.66,0.1,0.1,0.3,rest
370.68,0.1,0.1,0.3,rest
370.7,0.1,0.1,0.3,rest
370.72,0.1,0.1,0.3,rest
370.74,0.1,0.1,0.3,rest
370.76,0.1,0.1,0.3,rest
370.78000000000003,0.1,0.1,0.3,rest
370.8,0.1,0.1,0.3,rest
370.82,0.1,0.1,0.3,rest
370.84000000000003,0.1,0.1,0.3,rest
370.86,0.1,0.1,0.3,rest
370.88,0.1,0.1,0.3,rest
370.90000000000003,0.1,0.1,0.3,rest
370.92,0.1,0.1,0.3,rest
370.94,0.1,0.1,0.3,rest
370.96,0.1,0.1,0.3,rest
370.98,0.1,0.1,0.3,rest
371.0,0.1,0.1,0.3,rest
371.02,0.1,0.1,0.3,rest
371.04,0.1,0.1,0.3,rest
371.06,0.1,0.1,0.3,rest
371.08,0.1,0.1,0.3,rest
371.1,0.1,0.1,0.3,rest
371.12,0.1,0.1,0.3,rest
371.14,0.1,0.1,0.3,rest
371.16,0.1,0.1,0.3,rest
371.18,0.1,0.1,0.3,rest
371.2,0.1,0.1,0.3,rest
371.22,0.1,0.1,0.3,rest
371.24,0.1,0.1,0.3,rest
371.26,0.1,0.1,0.3,rest
371.28000000000003,0.1,0.1,0.3,rest
371.3,0.1,0.1,0.3,rest
371.32,0.1,0.1,0.3,rest
371.34000000000003,0.1,0.1,0.3,rest
371.36,0.1,0.1,0.3,rest
371.38,0.1,0.1,0.3,rest
371.40000000000003,0.1,0.1,0.3,rest
371.42,0.1,0.1,0.3,rest
371.44,0.1,0.1,0.3,rest
371.46,0.1,0.1,0.3,rest
371.48,0.1,0.1,0.3,rest
371.5,0.1,0.1,0.3,rest
371.52,0.1,0.1,0.3,rest
371.54,0.1,0.1,0.3,rest
371.56,0.1,0.1,0.3,rest
371.58,0.1,0.1,0.3,rest
371.6,0.1,0.1,0.3,rest
371.62,0.1,0.1,0.3,rest
371.64,0.1,0.1,0.3,rest
371.66,0.1,0.1,0.3,rest
371.68,0.1,0.1,0.3,rest
371.7,0.1,0.1,0.3,rest
371.72,0.1,0.1,0.3,rest
371.74,0.1,0.1,0.3,rest
371.76,0.1,0.1,0.3,rest
371.78000000000003,0.1,0.1,0.3,rest
371.8,0.1,0.1,0.3,rest
371.82,0.1,0.1,0.3,rest
371.84000000000003,0.1,0.1,0.3,rest
371.86,0.1,0.1,0.3,rest
371.88,0.1,0.1,0.3,rest
371.90000000000003,0.1,0.1,0.3,rest
371.92,0.1,0.1,0.3,rest
371.94,0.1,0.1,0.3,rest
371.96,0.1,0.1,0.3,rest
371.98,0.1,0.1,0.3,rest
372.0,0.1,0.1,0.3,rest
372.02,0.1,0.1,0.3,rest
372.04,0.1,0.1,0.3,rest
372.06,0.1,0.1,0.3,rest
372.08,0.1,0.1,0.3,rest
372.1,0.1,0.1,0.3,rest
372.12,0.1,0.1,0.3,rest
372.14,0.1,0.1,0.3,rest
372.16,0.1,0.1,0.3,rest
372.18,0.1,0.1,0.3,rest
372.2,0.1,0.1,0.3,rest
372.22,0.1,0.1,0.3,rest
372.24,0.1,0.1,0.3,rest
372.26,0.1,0.1,0.3,rest
372.28000000000003,0.1,0.1,0.3,rest
372.3,0.1,0.1,0.3,rest
372.32,0.1,0.1,0.3,rest
372.34000000000003,0.1,0.1,0.3,rest
372.36,0.1,0.1,0.3,rest
372.38,0.1,0.1,0.3,rest
372.40000000000003,0.1,0.1,0.3,rest
372.42,0.1,0.1,0.3,rest
372.44,0.1,0.1,0.3,rest
372.46,0.1,0.1,0.3,rest
372.48,0.1,0.1,0.3,rest
372.5,0.1,0.1,0.3,rest
372.52,0.1,0.1,0.3,rest
372.54,0.1,0.1,0.3,rest
372.56,0.1,0.1,0.3,rest
372.58,0.1,0.1,0.3,rest
372.6,0.1,0.1,0.3,rest
372.62,0.1,0.1,0.3,rest
372.64,0.1,0.1,0.3,rest
372.66,0.1,0.1,0.3,rest
372.68,0.1,0.1,0.3,rest
372.7,0.1,0.1,0.3,rest
372.72,0.1,0.1,0.3,rest
372.74,0.1,0.1,0.3,rest
372.76,0.1,0.1,0.3,rest
372.78000000000003,0.1,0.1,0.3,rest
372.8,0.1,0.1,0.3,rest
372.82,0.1,0.1,0.3,rest
372.84000000000003,0.1,0.1,0.3,rest
372.86,0.1,0.1,0.3,rest
372.88,0.1,0.1,0.3,rest
372.90000000000003,0.1,0.1,0.3,rest
372.92,0.1,0.1,0.3,rest
372.94,0.1,0.1,0.3,rest
372.96,0.1,0.1,0.3,rest
372.98,0.1,0.1,0.3,rest
373.0,0.1,0.1,0.3,rest
373.02,0.1,0.1,0.3,rest
373.04,0.1,0.1,0.3,rest
373.06,0.1,0.1,0.3,rest
373.08,0.1,0.1,0.3,rest
373.1,0.1,0.1,0.3,rest
373.12,0.1,0.1,0.3,rest
373.14,0.1,0.1,0.3,rest
373.16,0.1,0.1,0.3,rest
373.18,0.1,0.1,0.3,rest
373.2,0.1,0.1,0.3,rest
373.22,0.1,0.1,0.3,rest
373.24,0.1,0.1,0.3,rest
373.26,0.1,0.1,0.3,rest
373.28000000000003,0.1,0.1,0.3,rest
373.3,0.1,0.1,0.3,rest
373.32,0.1,0.1,0.3,rest
373.34000000000003,0.1,0.1,0.3,rest
373.36,0.1,0.1,0.3,rest
373.38,0.1,0.1,0.3,rest
373.40000000000003,0.1,0.1,0.3,rest
373.42,0.1,0.1,0.3,rest
373.44,0.1,0.1,0.3,rest
373.46,0.1,0.1,0.3,rest
373.48,0.1,0.1,0.3,rest
373.5,0.1,0.1,0.3,rest
373.52,0.1,0.1,0.3,rest
373.54,0.1,0.1,0.3,rest
373.56,0.1,0.1,0.3,rest
373.58,0.1,0.1,0.3,rest
373.6,0.1,0.1,0.3,rest
373.62,0.1,0.1,0.3,rest
373.64,0.1,0.1,0.3,rest
373.66,0.1,0.1,0.3,rest
373.68,0.1,0.1,0.3,rest
373.7,0.1,0.1,0.3,rest
373.72,0.1,0.1,0.3,rest
373.74,0.1,0.1,0.3,rest
373.76,0.1,0.1,0.3,rest
373.78000000000003,0.1,0.1,0.3,rest
373.8,0.1,0.1,0.3,rest
373.82,0.1,0.1,0.3,rest
373.84000000000003,0.1,0.1,0.3,rest
373.86,0.1,0.1,0.3,rest
373.88,0.1,0.1,0.3,rest
373.90000000000003,0.1,0.1,0.3,D_swap_f3:settle
373.92,0.10306122448979592,0.10408163265306122,0.3,D_swap_f3:settle
373.94,0.10612244897959185,0.10816326530612246,0.3,D_swap_f3:settle
373.96,0.10918367346938776,0.11224489795918367,0.3,D_swap_f3:settle
373.98,0.11224489795918367,0.1163265306122449,0.3,D_swap_f3:settle
374.0,0.1153061224489796,0.12040816326530612,0.3,D_swap_f3:settle
374.02,0.11836734693877551,0.12448979591836735,0.3,D_swap_f3:settle
374.04,0.12142857142857143,0.12857142857142856,0.3,D_swap_f3:settle
374.06,0.12448979591836735,0.1326530612244898,0.3,D_swap_f3:settle
374.08,0.12755102040816327,0.13673469387755102,0.3,D_swap_f3:settle
374.1,0.1306122448979592,0.14081632653061224,0.3,D_swap_f3:settle
374.12,0.1336734693877551,0.14489795918367346,0.3,D_swap_f3:settle
374.14,0.13673469387755102,0.1489795918367347,0.3,D_swap_f3:settle
374.16,0.13979591836734695,0.15306122448979592,0.3,D_swap_f3:settle
374.18,0.14285714285714285,0.15714285714285714,0.3,D_swap_f3:settle
374.2,0.14591836734693878,0.16122448979591836,0.3,D_swap_f3:settle
374.22,0.1489795918367347,0.16530612244897958,0.3,D_swap_f3:settle
374.24,0.1520408163265306,0.16938775510204082,0.3,D_swap_f3:settle
374.26,0.15510204081632653,0.17346938775510204,0.3,D_swap_f3:settle
374.28000000000003,0.15816326530612246,0.17755102040816326,0.3,D_swap_f3:settle
374.3,0.16122448979591836,0.18163265306122447,0.3,D_swap_f3:settle
374.32,0.16428571428571428,0.18571428571428572,0.3,D_swap_f3:settle
374.34000000000003,0.1673469387755102,0.18979591836734694,0.3,D_swap_f3:settle
374.36,0.1704081632653061,0.19387755102040816,0.3,D_swap_f3:settle
374.38,0.17346938775510204,0.19795918367346937,0.3,D_swap_f3:settle
374.40000000000003,0.17653061224489797,0.2020408163265306,0.3,D_swap_f3:settle
374.42,0.17959183673469387,0.2061224489795918,0.3,D_swap_f3:settle
374.44,0.1826530612244898,0.21020408163265303,0.3,D_swap_f3:settle
374.46,0.18571428571428572,0.21428571428571427,0.3,D_swap_f3:settle
374.48,0.18877551020408162,0.21836734693877552,0.3,D_swap_f3:settle
374.5,0.19183673469387752,0.2224489795918367,0.3,D_swap_f3:settle
374.52,0.19489795918367347,0.22653061224489793,0.3,D_swap_f3:settle
374.54,0.19795918367346937,0.23061224489795917,0.3,D_swap_f3:settle
374.56,0.2010204081632653,0.2346938775510204,0.3,D_swap_f3:settle
374.58,0.20408163265306123,0.23877551020408164,0.3,D_swap_f3:settle
374.6,0.20714285714285713,0.24285714285714283,0.3,D_swap_f3:settle
374.62,0.21020408163265306,0.24693877551020407,0.3,D_swap_f3:settle
374.64,0.21326530612244898,0.2510204081632653,0.3,D_swap_f3:settle
374.66,0.21632653061224488,0.2551020408163265,0.3,D_swap_f3:settle
374.68,0.21938775510204078,0.25918367346938775,0.3,D_swap_f3:settle
374.7,0.22244897959183674,0.2632653061224489,0.3,D_swap_f3:settle
374.72,0.22551020408163264,0.2673469387755102,0.3,D_swap_f3:settle
374.74,0.22857142857142856,0.2714285714285714,0.3,D_swap_f3:settle
374.76,0.2316326530612245,0.2755102040816326,0.3,D_swap_f3:settle
374.78000000000003,0.2346938775510204,0.27959183673469384,0.3,D_swap_f3:settle
374.8,0.23775510204081632,0.28367346938775506,0.3,D_swap_f3:settle
374.82,0.24081632653061225,0.28775510204081634,0.3,D_swap_f3:settle
374.84000000000003,0.24387755102040815,0.2918367346938775,0.3,D_swap_f3:settle
374.86,0.24693877551020407,0.29591836734693877,0.3,D_swap_f3:settle
374.88,0.25,0.3,0.3,D_swap_f3:settle
374.90000000000003,0.25,0.3,0.3,D_swap_f3
374.92,0.25,0.30021770790385444,0.3,D_swap_f3
374.94,0.25,0.3016129729595117,0.3,D_swap_f3
374.96,0.25,0.30476551014656544,0.3,D_swap_f3
374.98,0.25,0.30925869295831904,0.3,D_swap_f3
375.0,0.25,0.3136226724001005,0.3,D_swap_f3
375.02,0.25,0.3156624946334626,0.3,D_swap_f3
375.04,0.25,0.31310042438097824,0.3,D_swap_f3
375.06,0.25,0.30436322465393917,0.3,D_swap_f3
375.08,0.25,0.2892897837608696,0.3,D_swap_f3
375.1,0.25,0.26953877847816504,0.3,D_swap_f3
375.12,0.25,0.2485412513339993,0.3,D_swap_f3
375.14,0.25,0.23095433070536897,0.3,D_swap_f3
375.16,0.25,0.2217025816853277,0.3,D_swap_f3
375.18,0.25,0.22480955984069845,0.3,D_swap_f3
375.2,0.25,0.242293433677964,0.3,D_swap_f3
375.22,0.25,0.27340673316440217,0.3,D_swap_f3
375.24,0.25,0.31443676038070645,0.3,D_swap_f3
375.26,0.25,0.359162626734279,0.3,D_swap_f3
375.28000000000003,0.25,0.3999144917829057,0.3,D_swap_f3
375.3,0.25,0.4290358050441725,0.3,D_swap_f3
375.32,0.25,0.44044531630592165,0.3,D_swap_f3
375.34000000000003,0.25,0.4309585477233375,0.3,D_swap_f3
375.36,0.25,0.4010690929297915,0.3,D_swap_f3
375.38,0.25,0.3550009749988472,0.3,D_swap_f3
375.40000000000003,0.25,0.30000000000000004,0.3,D_swap_f3
375.42,0.25,0.2447813170972984,0.3,D_swap_f3
375.44,0.25,0.19731793411069662,0.3,D_swap_f3
375.46,0.25,0.16427594213009705,0.3,D_swap_f3
375.48,0.25,0.15029599073575928,0.3,D_swap_f3
375.5,0.25,0.15734152255572692,0.3,D_swap_f3
375.52,0.25,0.18442301358363153,0.3,D_swap_f3
375.54,0.25,0.22773694888474277,0.3,D_swap_f3
375.56,0.25,0.2812000149653544,0.3,D_swap_f3
375.58,0.25,0.3373034830747282,0.3,D_swap_f3
375.6,0.25,0.3881677878438711,0.3,D_swap_f3
375.62,0.25,0.4266491888253022,0.3,D_swap_f3
375.64,0.25,0.44734308760930325,0.3,D_swap_f3
375.66,0.25,0.4473430876093033,0.3,D_swap_f3
375.68,0.25,0.42664918882530223,0.3,D_swap_f3
375.7,0.25,0.388167787843871,0.3,D_swap_f3
375.72,0.25,0.33730348307472807,0.3,D_swap_f3
375.74,0.25,0.28120001496535457,0.3,D_swap_f3
375.76,0.25,0.2277369488847427,0.3,D_swap_f3
375.78000000000003,0.25,0.1844230135836318,0.3,D_swap_f3
375.8,0.25,0.15734152255572698,0.3,D_swap_f3
375.82,0.25,0.15029599073575925,0.3,D_swap_f3
375.84000000000003,0.25,0.16427594213009722,0.3,D_swap_f3
375.86,0.25,0.1973179341106967,0.3,D_swap_f3
375.88,0.25,0.244781317097298,0.3,D_swap_f3
375.90000000000003,0.25,0.2999999999999999,0.3,D_swap_f3
375.92,0.25,0.35521868290270175,0.3,D_swap_f3
375.94,0.25,0.4026820658893031,0.3,D_swap_f3
375.96,0.25,0.43572405786990287,0.3,D_swap_f3
375.98,0.25,0.4497040092642407,0.3,D_swap_f3
376.0,0.25,0.44265847744427306,0.3,D_swap_f3
376.02,0.25,0.4155769864163683,0.3,D_swap_f3
376.04,0.25,0.37226305111525704,0.3,D_swap_f3
376.06,0.25,0.3187999850346462,0.3,D_swap_f3
376.08,0.25,0.2626965169252721,0.3,D_swap_f3
376.1,0.25,0.21183221215612913,0.3,D_swap_f3
376.12,0.25,0.17335081117469797,0.3,D_swap_f3
376.14,0.25,0.15265691239069673,0.3,D_swap_f3
376.16,0.25,0.15265691239069668,0.3,D_swap_f3
376.18,0.25,0.17335081117469783,0.3,D_swap_f3
376.2,0.25,0.2118322121561289,0.3,D_swap_f3
376.22,0.25,0.26269651692527185,0.3,D_swap_f3
376.24,0.25,0.3187999850346459,0.3,D_swap_f3
376.26,0.25,0.37226305111525726,0.3,D_swap_f3
376.28000000000003,0.25,0.4155769864163685,0.3,D_swap_f3
376.3,0.25,0.4426584774442731,0.3,D_swap_f3
376.32,0.25,0.44970400926424076,0.3,D_swap_f3
376.34000000000003,0.25,0.435724057869903,0.3,D_swap_f3
376.36,0.25,0.40268206588930333,0.3,D_swap_f3
376.38,0.25,0.35521868290270203,0.3,D_swap_f3
376.40000000000003,0.25,0.30000000000000016,0.3,D_swap_f3
376.42,0.25,0.24478131709729825,0.3,D_swap_f3
376.44,0.25,0.1973179341106969,0.3,D_swap_f3
376.46,0.25,0.16427594213009708,0.3,D_swap_f3
376.48,0.25,0.15029599073575925,0.3,D_swap_f3
376.5,0.25,0.1573415225557269,0.3,D_swap_f3
376.52,0.25,0.1844230135836316,0.3,D_swap_f3
376.54,0.25,0.2277369488847429,0.3,D_swap_f3
376.56,0.25,0.2812000149653548,0.3,D_swap_f3
376.58,0.25,0.3373034830747278,0.3,D_swap_f3
376.6,0.25,0.3881677878438704,0.3,D_swap_f3
376.62,0.25,0.42664918882530223,0.3,D_swap_f3
376.64,0.25,0.4473430876093032,0.3,D_swap_f3
376.66,0.25,0.4473430876093034,0.3,D_swap_f3
376.68,0.25,0.4266491888253022,0.3,D_swap_f3
376.7,0.25,0.3881677878438711,0.3,D_swap_f3
376.72,0.25,0.3373034830747287,0.3,D_swap_f3
376.74,0.25,0.28120001496535413,0.3,D_swap_f3
376.76,0.25,0.22773694888474277,0.3,D_swap_f3
376.78000000000003,0.25,0.18442301358363122,0.3,D_swap_f3
376.8,0.25,0.15734152255572686,0.3,D_swap_f3
376.82,0.25,0.15029599073575925,0.3,D_swap_f3
376.84000000000003,0.25,0.1642759421300969,0.3,D_swap_f3
376.86,0.25,0.1973179341106962,0.3,D_swap_f3
376.88,0.25,0.2447813170972984,0.3,D_swap_f3
376.90000000000003,0.25,0.29999999999999977,0.3,D_swap_f3
376.92,0.25,0.3552186829027012,0.3,D_swap_f3
376.94,0.25,0.40268206588930344,0.3,D_swap_f3
376.96,0.25,0.43572405786990287,0.3,D_swap_f3
376.98,0.25,0.4497040092642407,0.3,D_swap_f3
377.0,0.25,0.4426584774442729,0.3,D_swap_f3
377.02,0.25,0.4155769864163684,0.3,D_swap_f3
377.04,0.25,0.3722630511152576,0.3,D_swap_f3
377.06,0.25,0.31879998503464524,0.3,D_swap_f3
377.08,0.25,0.2626965169252717,0.3,D_swap_f3
377.1,0.25,0.21183221215612924,0.3,D_swap_f3
377.12,0.25,0.17335081117469747,0.3,D_swap_f3
377.14,0.25,0.15265691239069665,0.3,D_swap_f3
377.16,0.25,0.15265691239069687,0.3,D_swap_f3
377.18,0.25,0.17335081117469806,0.3,D_swap_f3
377.2,0.25,0.21183221215612924,0.3,D_swap_f3
377.22,0.25,0.2626965169252707,0.3,D_swap_f3
377.24,0.25,0.31879998503464524,0.3,D_swap_f3
377.26,0.25,0.3722630511152567,0.3,D_swap_f3
377.28000000000003,0.25,0.41557698641636776,0.3,D_swap_f3
377.3,0.25,0.4426584774442729,0.3,D_swap_f3
377.32,0.25,0.44970400926424076,0.3,D_swap_f3
377.34000000000003,0.25,0.4357240578699033,0.3,D_swap_f3
377.36,0.25,0.4026820658893034,0.3,D_swap_f3
377.38,0.25,0.35521868290270214,0.3,D_swap_f3
377.40000000000003,0.25,0.3000000000000008,0.3,D_swap_f3
377.42,0.25,0.24478131709729836,0.3,D_swap_f3
377.44,0.25,0.19731793411069698,0.3,D_swap_f3
377.46,0.25,0.1642759421300969,0.3,D_swap_f3
377.48,0.25,0.15029599073575925,0.3,D_swap_f3
377.5,0.25,0.15734152255572686,0.3,D_swap_f3
377.52,0.25,0.1844230135836319,0.3,D_swap_f3
377.54,0.25,0.22773694888474283,0.3,D_swap_f3
377.56,0.25,0.2812000149653542,0.3,D_swap_f3
377.58,0.25,0.33730348307472874,0.3,D_swap_f3
377.6,0.25,0.3881677878438711,0.3,D_swap_f3
377.62,0.25,0.42664918882530223,0.3,D_swap_f3
377.64,0.25,0.4473430876093034,0.3,D_swap_f3
377.66,0.25,0.4473430876093032,0.3,D_swap_f3
377.68,0.25,0.42664918882530223,0.3,D_swap_f3
377.7,0.25,0.38816778784387035,0.3,D_swap_f3
377.72,0.25,0.3373034830747288,0.3,D_swap_f3
377.74,0.25,0.2812000149653553,0.3,D_swap_f3
377.76,0.25,0.22773694888474288,0.3,D_swap_f3
377.78000000000003,0.25,0.18442301358363195,0.3,D_swap_f3
377.8,0.25,0.15734152255572723,0.3,D_swap_f3
377.82,0.25,0.15029599073575925,0.3,D_swap_f3
377.84000000000003,0.25,0.16427594213009689,0.3,D_swap_f3
377.86,0.25,0.19731793411069615,0.3,D_swap_f3
377.88,0.25,0.24478131709729828,0.3,D_swap_f3
377.90000000000003,0.25,0.29999999999999966,0.3,D_swap_f3
377.92,0.25,0.3552186829027011,0.3,D_swap_f3
377.94,0.25,0.40268206588930333,0.3,D_swap_f3
377.96,0.25,0.4357240578699028,0.3,D_swap_f3
377.98,0.25,0.4497040092642407,0.3,D_swap_f3
378.0,0.25,0.442658477444273,0.3,D_swap_f3
378.02,0.25,0.4155769864163684,0.3,D_swap_f3
378.04,0.25,0.3722630511152577,0.3,D_swap_f3
378.06,0.25,0.31879998503464535,0.3,D_swap_f3
378.08,0.25,0.2626965169252718,0.3,D_swap_f3
378.1,0.25,0.2118322121561293,0.3,D_swap_f3
378.12,0.25,0.17335081117469753,0.3,D_swap_f3
378.14,0.25,0.15265691239069668,0.3,D_swap_f3
378.16,0.25,0.15265691239069684,0.3,D_swap_f3
378.18,0.25,0.173350811174698,0.3,D_swap_f3
378.2,0.25,0.21183221215612916,0.3,D_swap_f3
378.22,0.25,0.2626965169252726,0.3,D_swap_f3
378.24,0.25,0.31879998503464513,0.3,D_swap_f3
378.26,0.25,0.3722630511152566,0.3,D_swap_f3
378.28000000000003,0.25,0.41557698641636764,0.3,D_swap_f3
378.3,0.25,0.44265847744427256,0.3,D_swap_f3
378.32,0.25,0.44970400926424076,0.3,D_swap_f3
378.34000000000003,0.25,0.43572405786990287,0.3,D_swap_f3
378.36,0.25,0.4026820658893043,0.3,D_swap_f3
378.38,0.25,0.35521868290270225,0.3,D_swap_f3
378.40000000000003,0.25,0.2999999999999998,0.3,D_swap_f3
378.42,0.25,0.24478131709729944,0.3,D_swap_f3
378.44,0.25,0.19731793411069704,0.3,D_swap_f3
378.46,0.25,0.16427594213009697,0.3,D_swap_f3
378.48,0.25,0.15029599073575933,0.3,D_swap_f3
378.5,0.25,0.15734152255572684,0.3,D_swap_f3
378.52,0.25,0.18442301358363183,0.3,D_swap_f3
378.54,0.25,0.22773694888474177,0.3,D_swap_f3
378.56,0.25,0.2812000149653541,0.3,D_swap_f3
378.58,0.25,0.3373034830747286,0.3,D_swap_f3
378.6,0.25,0.3881677878438702,0.3,D_swap_f3
378.62,0.25,0.4266491888253021,0.3,D_swap_f3
378.64,0.25,0.4473430876093034,0.3,D_swap_f3
378.66,0.25,0.4473430876093031,0.3,D_swap_f3
378.68,0.25,0.4266491888253023,0.3,D_swap_f3
378.7,0.25,0.3881677878438704,0.3,D_swap_f3
378.72,0.25,0.33730348307472685,0.3,D_swap_f3
378.74,0.25,0.28120001496535435,0.3,D_swap_f3
378.76,0.25,0.2277369488847439,0.3,D_swap_f3
378.78000000000003,0.25,0.18442301358363203,0.3,D_swap_f3
378.8,0.25,0.15734152255572692,0.3,D_swap_f3
378.82,0.25,0.15029599073575917,0.3,D_swap_f3
378.84000000000003,0.25,0.16427594213009683,0.3,D_swap_f3
378.86,0.25,0.19731793411069687,0.3,D_swap_f3
378.88,0.25,0.2447813170972972,0.3,D_swap_f3
378.90000000000003,0.25,0.29999999999999954,0.3,D_swap_f3
378.92,0.25,0.355218682902702,0.3,D_swap_f3
378.94,0.25,0.4026820658893025,0.3,D_swap_f3
378.96,0.25,0.43572405786990365,0.3,D_swap_f3
378.98,0.25,0.44970400926424076,0.3,D_swap_f3
379.0,0.25,0.44265847744427333,0.3,D_swap_f3
379.02,0.25,0.41557698641636853,0.3,D_swap_f3
379.04,0.25,0.3722630511152587,0.3,D_swap_f3
379.06,0.25,0.3187999850346465,0.3,D_swap_f3
379.08,0.25,0.26269651692527396,0.3,D_swap_f3
379.1,0.25,0.21183221215612852,0.3,D_swap_f3
379.12,0.25,0.17335081117469814,0.3,D_swap_f3
379.14,0.25,0.1526569123906967,0.3,D_swap_f3
379.16,0.25,0.15265691239069643,0.3,D_swap_f3
379.18,0.25,0.17335081117469736,0.3,D_swap_f3
379.2,0.25,0.21183221215612907,0.3,D_swap_f3
379.22,0.25,0.26269651692527257,0.3,D_swap_f3
379.24,0.25,0.318799985034645,0.3,D_swap_f3
379.26,0.25,0.3722630511152574,0.3,D_swap_f3
379.28000000000003,0.25,0.4155769864163676,0.3,D_swap_f3
379.3,0.25,0.4426584774442729,0.3,D_swap_f3
379.32,0.25,0.4497040092642407,0.3,D_swap_f3
379.34000000000003,0.25,0.4357240578699025,0.3,D_swap_f3
379.36,0.25,0.40268206588930355,0.3,D_swap_f3
379.38,0.25,0.35521868290270137,0.3,D_swap_f3
379.40000000000003,0.25,0.30000000000000104,0.3,D_swap_f3
379.42,0.25,0.24478131709729659,0.3,D_swap_f3
379.44,0.25,0.19731793411069637,0.3,D_swap_f3
379.46,0.25,0.16427594213009655,0.3,D_swap_f3
379.48,0.25,0.15029599073575928,0.3,D_swap_f3
379.5,0.25,0.15734152255572714,0.3,D_swap_f3
379.52,0.25,0.18442301358363106,0.3,D_swap_f3
379.54,0.25,0.22773694888474078,0.3,D_swap_f3
379.56,0.25,0.281200014965355,0.3,D_swap_f3
379.58,0.25,0.3373034830747275,0.3,D_swap_f3
379.6,0.25,0.38816778784387096,0.3,D_swap_f3
379.62,0.25,0.4266491888253015,0.3,D_swap_f3
379.64,0.25,0.4473430876093032,0.3,D_swap_f3
379.66,0.25,0.44734308760930364,0.3,D_swap_f3
379.68,0.25,0.4266491888253018,0.3,D_swap_f3
379.7,0.25,0.3881677878438714,0.3,D_swap_f3
379.72,0.25,0.337303483074728,0.3,D_swap_f3
379.74,0.25,0.2812000149653555,0.3,D_swap_f3
379.76,0.25,0.22773694888474308,0.3,D_swap_f3
379.78000000000003,0.25,0.18442301358363278,0.3,D_swap_f3
379.8,0.25,0.15734152255572664,0.3,D_swap_f3
379.82,0.25,0.15029599073575925,0.3,D_swap_f3
379.84000000000003,0.25,0.16427594213009725,0.3,D_swap_f3
379.86,0.25,0.19731793411069598,0.3,D_swap_f3
379.88,0.25,0.24478131709729808,0.3,D_swap_f3
379.90000000000003,0.25,0.2999999999999984,0.3,D_swap_f3
379.92,0.25,0.35521868290270286,0.3,D_swap_f3
379.94,0.25,0.4026820658893032,0.3,D_swap_f3
379.96,0.25,0.4357240578699032,0.3,D_swap_f3
379.98,0.25,0.4497040092642407,0.3,D_swap_f3
380.0,0.25,0.442658477444273,0.3,D_swap_f3
380.02,0.25,0.4155769864163679,0.3,D_swap_f3
380.04,0.25,0.37226305111525787,0.3,D_swap_f3
380.06,0.25,0.31879998503464557,0.3,D_swap_f3
380.08,0.25,0.26269651692527307,0.3,D_swap_f3
380.1,0.25,0.2118322121561295,0.3,D_swap_f3
380.12,0.25,0.17335081117469878,0.3,D_swap_f3
380.14,0.25,0.1526569123906965,0.3,D_swap_f3
380.16,0.25,0.1526569123906966,0.3,D_swap_f3
380.18,0.25,0.1733508111746979,0.3,D_swap_f3
380.2,0.25,0.21183221215612813,0.3,D_swap_f3
380.22,0.25,0.2626965169252714,0.3,D_swap_f3
380.24,0.25,0.3187999850346439,0.3,D_swap_f3
380.26,0.25,0.37226305111525826,0.3,D_swap_f3
380.28000000000003,0.25,0.4155769864163682,0.3,D_swap_f3
380.3,0.25,0.44265847744427317,0.3,D_swap_f3
380.32,0.25,0.44970400926424076,0.3,D_swap_f3
380.34000000000003,0.25,0.435724057869903,0.3,D_swap_f3
380.36,0.25,0.40268206588930444,0.3,D_swap_f3
380.38,0.25,0.3552186829027005,0.3,D_swap_f3
380.40000000000003,0.25,0.30000000000000004,0.3,D_swap_f3
380.42,0.25,0.24564871532901938,0.3,D_swap_f3
380.44,0.25,0.2009232818621977,0.3,D_swap_f3
380.46,0.25,0.17267002178802063,0.3,D_swap_f3
380.48,0.25,0.16459145155746202,0.3,D_swap_f3
380.5,0.25,0.17667398403157386,0.3,D_swap_f3
380.52,0.25,0.20537573488949,0.3,D_swap_f3
380.54,0.25,0.24450823490512463,0.3,D_swap_f3
380.56,0.25,0.2865976853279341,0.3,D_swap_f3
380.58,0.25,0.3244154466470975,0.3,D_swap_f3
380.6,0.25,0.35234439191708483,0.3,D_swap_f3
380.62,0.25,0.3673007785948044,0.3,D_swap_f3
380.64,0.25,0.369045669294631,0.3,D_swap_f3
380.66,0.25,0.3598668730789763,0.3,D_swap_f3
380.68,0.25,0.34375621857724115,0.3,D_swap_f3
380.7,0.25,0.3253138847984244,0.3,D_swap_f3
380.72,0.25,0.3086576386486214,0.3,D_swap_f3
380.74,0.25,0.296591788216677,0.3,D_swap_f3
380.76,0.25,0.2902072230347575,0.3,D_swap_f3
380.78000000000003,0.25,0.28896337987655807,0.3,D_swap_f3
380.8,0.25,0.2911770496525151,0.3,D_swap_f3
380.82,0.25,0.2947436291964236,0.3,D_swap_f3
380.84000000000003,0.25,0.29786798957146643,0.3,D_swap_f3
380.86,0.25,0.2995951606204082,0.3,D_swap_f3
380.88,0.25,0.3,0.3,D_swap_f3
380.90000000000003,0.25,0.3,0.3,D_swap_f3:tail
380.92,0.25,0.3,0.3,D_swap_f3:tail
380.94,0.25,0.3,0.3,D_swap_f3:tail
380.96,0.25,0.3,0.3,D_swap_f3:tail
380.98,0.25,0.3,0.3,D_swap_f3:tail
381.0,0.25,0.3,0.3,D_swap_f3:tail
381.02,0.25,0.3,0.3,D_swap_f3:tail
381.04,0.25,0.3,0.3,D_swap_f3:tail
381.06,0.25,0.3,0.3,D_swap_f3:tail
381.08,0.25,0.3,0.3,D_swap_f3:tail
381.1,0.25,0.3,0.3,D_swap_f3:tail
381.12,0.25,0.3,0.3,D_swap_f3:tail
381.14,0.25,0.3,0.3,D_swap_f3:tail
381.16,0.25,0.3,0.3,D_swap_f3:tail
381.18,0.25,0.3,0.3,D_swap_f3:tail
381.2,0.25,0.3,0.3,D_swap_f3:tail
381.22,0.25,0.3,0.3,D_swap_f3:tail
381.24,0.25,0.3,0.3,D_swap_f3:tail
381.26,0.25,0.3,0.3,D_swap_f3:tail
381.28000000000003,0.25,0.3,0.3,D_swap_f3:tail
381.3,0.25,0.3,0.3,D_swap_f3:tail
381.32,0.25,0.3,0.3,D_swap_f3:tail
381.34000000000003,0.25,0.3,0.3,D_swap_f3:tail
381.36,0.25,0.3,0.3,D_swap_f3:tail
381.38,0.25,0.3,0.3,D_swap_f3:tail
381.40000000000003,0.2425,0.29,0.3,rest:down
381.42,0.235,0.27999999999999997,0.3,rest:down
381.44,0.2275,0.27,0.3,rest:down
381.46,0.22,0.26,0.3,rest:down
381.48,0.2125,0.25,0.3,rest:down
381.5,0.20500000000000002,0.24,0.3,rest:down
381.52,0.1975,0.22999999999999998,0.3,rest:down
381.54,0.19,0.22,0.3,rest:down
381.56,0.1825,0.21000000000000002,0.3,rest:down
381.58,0.175,0.2,0.3,rest:down
381.6,0.1675,0.19,0.3,rest:down
381.62,0.16,0.18,0.3,rest:down
381.64,0.1525,0.17,0.3,rest:down
381.66,0.14500000000000002,0.16,0.3,rest:down
381.68,0.1375,0.15000000000000002,0.3,rest:down
381.7,0.13,0.14,0.3,rest:down
381.72,0.1225,0.13,0.3,rest:down
381.74,0.11499999999999999,0.12000000000000002,0.3,rest:down
381.76,0.10750000000000001,0.11000000000000001,0.3,rest:down
381.78000000000003,0.1,0.1,0.3,rest:down
381.8,0.1,0.1,0.3,rest
381.82,0.1,0.1,0.3,rest
381.84000000000003,0.1,0.1,0.3,rest
381.86,0.1,0.1,0.3,rest
381.88,0.1,0.1,0.3,rest
381.90000000000003,0.1,0.1,0.3,rest
381.92,0.1,0.1,0.3,rest
381.94,0.1,0.1,0.3,rest
381.96,0.1,0.1,0.3,rest
381.98,0.1,0.1,0.3,rest
382.0,0.1,0.1,0.3,rest
382.02,0.1,0.1,0.3,rest
382.04,0.1,0.1,0.3,rest
382.06,0.1,0.1,0.3,rest
382.08,0.1,0.1,0.3,rest
382.1,0.1,0.1,0.3,rest
382.12,0.1,0.1,0.3,rest
382.14,0.1,0.1,0.3,rest
382.16,0.1,0.1,0.3,rest
382.18,0.1,0.1,0.3,rest
382.2,0.1,0.1,0.3,rest
382.22,0.1,0.1,0.3,rest
382.24,0.1,0.1,0.3,rest
382.26,0.1,0.1,0.3,rest
382.28000000000003,0.1,0.1,0.3,rest
382.3,0.1,0.1,0.3,rest
382.32,0.1,0.1,0.3,rest
382.34000000000003,0.1,0.1,0.3,rest
382.36,0.1,0.1,0.3,rest
382.38,0.1,0.1,0.3,rest
382.40000000000003,0.1,0.1,0.3,rest
382.42,0.1,0.1,0.3,rest
382.44,0.1,0.1,0.3,rest
382.46000000000004,0.1,0.1,0.3,rest
382.48,0.1,0.1,0.3,rest
382.5,0.1,0.1,0.3,rest
382.52,0.1,0.1,0.3,rest
382.54,0.1,0.1,0.3,rest
382.56,0.1,0.1,0.3,rest
382.58,0.1,0.1,0.3,rest
382.6,0.1,0.1,0.3,rest
382.62,0.1,0.1,0.3,rest
382.64,0.1,0.1,0.3,rest
382.66,0.1,0.1,0.3,rest
382.68,0.1,0.1,0.3,rest
382.7,0.1,0.1,0.3,rest
382.72,0.1,0.1,0.3,rest
382.74,0.1,0.1,0.3,rest
382.76,0.1,0.1,0.3,rest
382.78000000000003,0.1,0.1,0.3,rest
382.8,0.1,0.1,0.3,rest
382.82,0.1,0.1,0.3,rest
382.84000000000003,0.1,0.1,0.3,rest
382.86,0.1,0.1,0.3,rest
382.88,0.1,0.1,0.3,rest
382.90000000000003,0.1,0.1,0.3,rest
382.92,0.1,0.1,0.3,rest
382.94,0.1,0.1,0.3,rest
382.96000000000004,0.1,0.1,0.3,rest
382.98,0.1,0.1,0.3,rest
383.0,0.1,0.1,0.3,rest
383.02,0.1,0.1,0.3,rest
383.04,0.1,0.1,0.3,rest
383.06,0.1,0.1,0.3,rest
383.08,0.1,0.1,0.3,rest
383.1,0.1,0.1,0.3,rest
383.12,0.1,0.1,0.3,rest
383.14,0.1,0.1,0.3,rest
383.16,0.1,0.1,0.3,rest
383.18,0.1,0.1,0.3,rest
383.2,0.1,0.1,0.3,rest
383.22,0.1,0.1,0.3,rest
383.24,0.1,0.1,0.3,rest
383.26,0.1,0.1,0.3,rest
383.28000000000003,0.1,0.1,0.3,rest
383.3,0.1,0.1,0.3,rest
383.32,0.1,0.1,0.3,rest
383.34000000000003,0.1,0.1,0.3,rest
383.36,0.1,0.1,0.3,rest
383.38,0.1,0.1,0.3,rest
383.40000000000003,0.1,0.1,0.3,rest
383.42,0.1,0.1,0.3,rest
383.44,0.1,0.1,0.3,rest
383.46000000000004,0.1,0.1,0.3,rest
383.48,0.1,0.1,0.3,rest
383.5,0.1,0.1,0.3,rest
383.52,0.1,0.1,0.3,rest
383.54,0.1,0.1,0.3,rest
383.56,0.1,0.1,0.3,rest
383.58,0.1,0.1,0.3,rest
383.6,0.1,0.1,0.3,rest
383.62,0.1,0.1,0.3,rest
383.64,0.1,0.1,0.3,rest
383.66,0.1,0.1,0.3,rest
383.68,0.1,0.1,0.3,rest
383.7,0.1,0.1,0.3,rest
383.72,0.1,0.1,0.3,rest
383.74,0.1,0.1,0.3,rest
383.76,0.1,0.1,0.3,rest
383.78000000000003,0.1,0.1,0.3,rest
383.8,0.1,0.1,0.3,rest
383.82,0.1,0.1,0.3,rest
383.84000000000003,0.1,0.1,0.3,rest
383.86,0.1,0.1,0.3,rest
383.88,0.1,0.1,0.3,rest
383.90000000000003,0.1,0.1,0.3,rest
383.92,0.1,0.1,0.3,rest
383.94,0.1,0.1,0.3,rest
383.96000000000004,0.1,0.1,0.3,rest
383.98,0.1,0.1,0.3,rest
384.0,0.1,0.1,0.3,rest
384.02,0.1,0.1,0.3,rest
384.04,0.1,0.1,0.3,rest
384.06,0.1,0.1,0.3,rest
384.08,0.1,0.1,0.3,rest
384.1,0.1,0.1,0.3,rest
384.12,0.1,0.1,0.3,rest
384.14,0.1,0.1,0.3,rest
384.16,0.1,0.1,0.3,rest
384.18,0.1,0.1,0.3,rest
384.2,0.1,0.1,0.3,rest
384.22,0.1,0.1,0.3,rest
384.24,0.1,0.1,0.3,rest
384.26,0.1,0.1,0.3,rest
384.28000000000003,0.1,0.1,0.3,rest
384.3,0.1,0.1,0.3,rest
384.32,0.1,0.1,0.3,rest
384.34000000000003,0.1,0.1,0.3,rest
384.36,0.1,0.1,0.3,rest
384.38,0.1,0.1,0.3,rest
384.40000000000003,0.1,0.1,0.3,rest
384.42,0.1,0.1,0.3,rest
384.44,0.1,0.1,0.3,rest
384.46000000000004,0.1,0.1,0.3,rest
384.48,0.1,0.1,0.3,rest
384.5,0.1,0.1,0.3,rest
384.52,0.1,0.1,0.3,rest
384.54,0.1,0.1,0.3,rest
384.56,0.1,0.1,0.3,rest
384.58,0.1,0.1,0.3,rest
384.6,0.1,0.1,0.3,rest
384.62,0.1,0.1,0.3,rest
384.64,0.1,0.1,0.3,rest
384.66,0.1,0.1,0.3,rest
384.68,0.1,0.1,0.3,rest
384.7,0.1,0.1,0.3,rest
384.72,0.1,0.1,0.3,rest
384.74,0.1,0.1,0.3,rest
384.76,0.1,0.1,0.3,rest
384.78000000000003,0.1,0.1,0.3,rest
384.8,0.1,0.1,0.3,rest
384.82,0.1,0.1,0.3,rest
384.84000000000003,0.1,0.1,0.3,rest
384.86,0.1,0.1,0.3,rest
384.88,0.1,0.1,0.3,rest
384.90000000000003,0.1,0.1,0.3,rest
384.92,0.1,0.1,0.3,rest
384.94,0.1,0.1,0.3,rest
384.96000000000004,0.1,0.1,0.3,rest
384.98,0.1,0.1,0.3,rest
385.0,0.1,0.1,0.3,rest
385.02,0.1,0.1,0.3,rest
385.04,0.1,0.1,0.3,rest
385.06,0.1,0.1,0.3,rest
385.08,0.1,0.1,0.3,rest
385.1,0.1,0.1,0.3,rest
385.12,0.1,0.1,0.3,rest
385.14,0.1,0.1,0.3,rest
385.16,0.1,0.1,0.3,rest
385.18,0.1,0.1,0.3,rest
385.2,0.1,0.1,0.3,rest
385.22,0.1,0.1,0.3,rest
385.24,0.1,0.1,0.3,rest
385.26,0.1,0.1,0.3,rest
385.28000000000003,0.1,0.1,0.3,rest
385.3,0.1,0.1,0.3,rest
385.32,0.1,0.1,0.3,rest
385.34000000000003,0.1,0.1,0.3,rest
385.36,0.1,0.1,0.3,rest
385.38,0.1,0.1,0.3,rest
385.40000000000003,0.1,0.1,0.3,rest
385.42,0.1,0.1,0.3,rest
385.44,0.1,0.1,0.3,rest
385.46000000000004,0.1,0.1,0.3,rest
385.48,0.1,0.1,0.3,rest
385.5,0.1,0.1,0.3,rest
385.52,0.1,0.1,0.3,rest
385.54,0.1,0.1,0.3,rest
385.56,0.1,0.1,0.3,rest
385.58,0.1,0.1,0.3,rest
385.6,0.1,0.1,0.3,rest
385.62,0.1,0.1,0.3,rest
385.64,0.1,0.1,0.3,rest
385.66,0.1,0.1,0.3,rest
385.68,0.1,0.1,0.3,rest
385.7,0.1,0.1,0.3,rest
385.72,0.1,0.1,0.3,rest
385.74,0.1,0.1,0.3,rest
385.76,0.1,0.1,0.3,rest
385.78000000000003,0.1,0.1,0.3,rest
385.8,0.1,0.1,0.3,rest
385.82,0.1,0.1,0.3,rest
385.84000000000003,0.1,0.1,0.3,rest
385.86,0.1,0.1,0.3,rest
385.88,0.1,0.1,0.3,rest
385.90000000000003,0.1,0.1,0.3,rest
385.92,0.1,0.1,0.3,rest
385.94,0.1,0.1,0.3,rest
385.96000000000004,0.1,0.1,0.3,rest
385.98,0.1,0.1,0.3,rest
386.0,0.1,0.1,0.3,rest
386.02,0.1,0.1,0.3,rest
386.04,0.1,0.1,0.3,rest
386.06,0.1,0.1,0.3,rest
386.08,0.1,0.1,0.3,rest
386.1,0.1,0.1,0.3,rest
386.12,0.1,0.1,0.3,rest
386.14,0.1,0.1,0.3,rest
386.16,0.1,0.1,0.3,rest
386.18,0.1,0.1,0.3,rest
386.2,0.1,0.1,0.3,rest
386.22,0.1,0.1,0.3,rest
386.24,0.1,0.1,0.3,rest
386.26,0.1,0.1,0.3,rest
386.28000000000003,0.1,0.1,0.3,rest
386.3,0.1,0.1,0.3,rest
386.32,0.1,0.1,0.3,rest
386.34000000000003,0.1,0.1,0.3,rest
386.36,0.1,0.1,0.3,rest
386.38,0.1,0.1,0.3,rest
386.40000000000003,0.1,0.1,0.3,rest
386.42,0.1,0.1,0.3,rest
386.44,0.1,0.1,0.3,rest
386.46000000000004,0.1,0.1,0.3,rest
386.48,0.1,0.1,0.3,rest
386.5,0.1,0.1,0.3,rest
386.52,0.1,0.1,0.3,rest
386.54,0.1,0.1,0.3,rest
386.56,0.1,0.1,0.3,rest
386.58,0.1,0.1,0.3,rest
386.6,0.1,0.1,0.3,rest
386.62,0.1,0.1,0.3,rest
386.64,0.1,0.1,0.3,rest
386.66,0.1,0.1,0.3,rest
386.68,0.1,0.1,0.3,rest
386.7,0.1,0.1,0.3,rest
386.72,0.1,0.1,0.3,rest
386.74,0.1,0.1,0.3,rest
386.76,0.1,0.1,0.3,rest
386.78000000000003,0.1,0.1,0.3,rest
