time,cmd_pressure_DF,cmd_pressure_F,cmd_pressure_G,segment
0.0,0.1,0.1,0.3,rest
0.02,0.1,0.1,0.3,rest
0.04,0.1,0.1,0.3,rest
0.06,0.1,0.1,0.3,rest
0.08,0.1,0.1,0.3,rest
0.1,0.1,0.1,0.3,rest
0.12,0.1,0.1,0.3,rest
0.14,0.1,0.1,0.3,rest
0.16,0.1,0.1,0.3,rest
0.18,0.1,0.1,0.3,rest
0.2,0.1,0.1,0.3,rest
0.22,0.1,0.1,0.3,rest
0.24,0.1,0.1,0.3,rest
0.26,0.1,0.1,0.3,rest
0.28,0.1,0.1,0.3,rest
0.3,0.1,0.1,0.3,rest
0.32,0.1,0.1,0.3,rest
0.34,0.1,0.1,0.3,rest
0.36,0.1,0.1,0.3,rest
0.38,0.1,0.1,0.3,rest
0.4,0.1,0.1,0.3,rest
0.42,0.1,0.1,0.3,rest
0.44,0.1,0.1,0.3,rest
0.46,0.1,0.1,0.3,rest
0.48,0.1,0.1,0.3,rest
0.5,0.1,0.1,0.3,rest
0.52,0.1,0.1,0.3,rest
0.54,0.1,0.1,0.3,rest
0.56,0.1,0.1,0.3,rest
0.58,0.1,0.1,0.3,rest
0.6,0.1,0.1,0.3,rest
0.62,0.1,0.1,0.3,rest
0.64,0.1,0.1,0.3,rest
0.66,0.1,0.1,0.3,rest
0.68,0.1,0.1,0.3,rest
0.7000000000000001,0.1,0.1,0.3,rest
0.72,0.1,0.1,0.3,rest
0.74,0.1,0.1,0.3,rest
0.76,0.1,0.1,0.3,rest
0.78,0.1,0.1,0.3,rest
0.8,0.1,0.1,0.3,rest
0.8200000000000001,0.1,0.1,0.3,rest
0.84,0.1,0.1,0.3,rest
0.86,0.1,0.1,0.3,rest
0.88,0.1,0.1,0.3,rest
0.9,0.1,0.1,0.3,rest
0.92,0.1,0.1,0.3,rest
0.9400000000000001,0.1,0.1,0.3,rest
0.96,0.1,0.1,0.3,rest
0.98,0.1,0.1,0.3,rest
1.0,0.1,0.1,0.3,rest
1.02,0.1,0.1,0.3,rest
1.04,0.1,0.1,0.3,rest
1.06,0.1,0.1,0.3,rest
1.08,0.1,0.1,0.3,rest
1.1,0.1,0.1,0.3,rest
1.12,0.1,0.1,0.3,rest
1.1400000000000001,0.1,0.1,0.3,rest
1.16,0.1,0.1,0.3,rest
1.18,0.1,0.1,0.3,rest
1.2,0.1,0.1,0.3,rest
1.22,0.1,0.1,0.3,rest
1.24,0.1,0.1,0.3,rest
1.26,0.1,0.1,0.3,rest
1.28,0.1,0.1,0.3,rest
1.3,0.1,0.1,0.3,rest
1.32,0.1,0.1,0.3,rest
1.34,0.1,0.1,0.3,rest
1.36,0.1,0.1,0.3,rest
1.3800000000000001,0.1,0.1,0.3,rest
1.4000000000000001,0.1,0.1,0.3,rest
1.42,0.1,0.1,0.3,rest
1.44,0.1,0.1,0.3,rest
1.46,0.1,0.1,0.3,rest
1.48,0.1,0.1,0.3,rest
1.5,0.1,0.1,0.3,rest
1.52,0.1,0.1,0.3,rest
1.54,0.1,0.1,0.3,rest
1.56,0.1,0.1,0.3,rest
1.58,0.1,0.1,0.3,rest
1.6,0.1,0.1,0.3,rest
1.62,0.1,0.1,0.3,rest
1.6400000000000001,0.1,0.1,0.3,rest
1.6600000000000001,0.1,0.1,0.3,rest
1.68,0.1,0.1,0.3,rest
1.7,0.1,0.1,0.3,rest
1.72,0.1,0.1,0.3,rest
1.74,0.1,0.1,0.3,rest
1.76,0.1,0.1,0.3,rest
1.78,0.1,0.1,0.3,rest
1.8,0.1,0.1,0.3,rest
1.82,0.1,0.1,0.3,rest
1.84,0.1,0.1,0.3,rest
1.86,0.1,0.1,0.3,rest
1.8800000000000001,0.1,0.1,0.3,rest
1.9000000000000001,0.1,0.1,0.3,rest
1.92,0.1,0.1,0.3,rest
1.94,0.1,0.1,0.3,rest
1.96,0.1,0.1,0.3,rest
1.98,0.1,0.1,0.3,rest
2.0,0.05,0.1,0.3,B_DF_pre0.05
2.02,0.05,0.1,0.3,B_DF_pre0.05
2.04,0.05,0.1,0.3,B_DF_pre0.05
2.06,0.05,0.1,0.3,B_DF_pre0.05
2.08,0.05,0.1,0.3,B_DF_pre0.05
2.1,0.05,0.1,0.3,B_DF_pre0.05
2.12,0.05,0.1,0.3,B_DF_pre0.05
2.14,0.05,0.1,0.3,B_DF_pre0.05
2.16,0.05,0.1,0.3,B_DF_pre0.05
2.18,0.05,0.1,0.3,B_DF_pre0.05
2.2,0.05,0.1,0.3,B_DF_pre0.05
2.22,0.05,0.1,0.3,B_DF_pre0.05
2.24,0.05,0.1,0.3,B_DF_pre0.05
2.2600000000000002,0.05,0.1,0.3,B_DF_pre0.05
2.2800000000000002,0.05,0.1,0.3,B_DF_pre0.05
2.3000000000000003,0.05,0.1,0.3,B_DF_pre0.05
2.32,0.05,0.1,0.3,B_DF_pre0.05
2.34,0.05,0.1,0.3,B_DF_pre0.05
2.36,0.05,0.1,0.3,B_DF_pre0.05
2.38,0.05,0.1,0.3,B_DF_pre0.05
2.4,0.05,0.1,0.3,B_DF_pre0.05
2.42,0.05,0.1,0.3,B_DF_pre0.05
2.44,0.05,0.1,0.3,B_DF_pre0.05
2.46,0.05,0.1,0.3,B_DF_pre0.05
2.48,0.05,0.1,0.3,B_DF_pre0.05
2.5,0.05,0.1,0.3,B_DF_pre0.05
2.52,0.05,0.1,0.3,B_DF_pre0.05
2.54,0.05,0.1,0.3,B_DF_pre0.05
2.56,0.05,0.1,0.3,B_DF_pre0.05
2.58,0.05,0.1,0.3,B_DF_pre0.05
2.6,0.05,0.1,0.3,B_DF_pre0.05
2.62,0.05,0.1,0.3,B_DF_pre0.05
2.64,0.05,0.1,0.3,B_DF_pre0.05
2.66,0.05,0.1,0.3,B_DF_pre0.05
2.68,0.05,0.1,0.3,B_DF_pre0.05
2.7,0.05,0.1,0.3,B_DF_pre0.05
2.72,0.05,0.1,0.3,B_DF_pre0.05
2.74,0.05,0.1,0.3,B_DF_pre0.05
2.7600000000000002,0.05,0.1,0.3,B_DF_pre0.05
2.7800000000000002,0.05,0.1,0.3,B_DF_pre0.05
2.8000000000000003,0.05,0.1,0.3,B_DF_pre0.05
2.82,0.05,0.1,0.3,B_DF_pre0.05
2.84,0.05,0.1,0.3,B_DF_pre0.05
2.86,0.05,0.1,0.3,B_DF_pre0.05
2.88,0.05,0.1,0.3,B_DF_pre0.05
2.9,0.05,0.1,0.3,B_DF_pre0.05
2.92,0.05,0.1,0.3,B_DF_pre0.05
2.94,0.05,0.1,0.3,B_DF_pre0.05
2.96,0.05,0.1,0.3,B_DF_pre0.05
2.98,0.05,0.1,0.3,B_DF_pre0.05
3.0,0.05,0.1,0.3,B_DF_pre0.05
3.02,0.05,0.1,0.3,B_DF_pre0.05
3.04,0.05,0.1,0.3,B_DF_pre0.05
3.06,0.05,0.1,0.3,B_DF_pre0.05
3.08,0.05,0.1,0.3,B_DF_pre0.05
3.1,0.05,0.1,0.3,B_DF_pre0.05
3.12,0.05,0.1,0.3,B_DF_pre0.05
3.14,0.05,0.1,0.3,B_DF_pre0.05
3.16,0.05,0.1,0.3,B_DF_pre0.05
3.18,0.05,0.1,0.3,B_DF_pre0.05
3.2,0.05,0.1,0.3,B_DF_pre0.05
3.22,0.05,0.1,0.3,B_DF_pre0.05
3.24,0.05,0.1,0.3,B_DF_pre0.05
3.2600000000000002,0.05,0.1,0.3,B_DF_pre0.05
3.2800000000000002,0.05,0.1,0.3,B_DF_pre0.05
3.3000000000000003,0.05,0.1,0.3,B_DF_pre0.05
3.3200000000000003,0.05,0.1,0.3,B_DF_pre0.05
3.34,0.05,0.1,0.3,B_DF_pre0.05
3.36,0.05,0.1,0.3,B_DF_pre0.05
3.38,0.05,0.1,0.3,B_DF_pre0.05
3.4,0.05,0.1,0.3,B_DF_pre0.05
3.42,0.05,0.1,0.3,B_DF_pre0.05
3.44,0.05,0.1,0.3,B_DF_pre0.05
3.46,0.05,0.1,0.3,B_DF_pre0.05
3.48,0.05,0.1,0.3,B_DF_pre0.05
3.5,0.35,0.1,0.3,B_DF_0.05to0.35
3.52,0.35,0.1,0.3,B_DF_0.05to0.35
3.54,0.35,0.1,0.3,B_DF_0.05to0.35
3.56,0.35,0.1,0.3,B_DF_0.05to0.35
3.58,0.35,0.1,0.3,B_DF_0.05to0.35
3.6,0.35,0.1,0.3,B_DF_0.05to0.35
3.62,0.35,0.1,0.3,B_DF_0.05to0.35
3.64,0.35,0.1,0.3,B_DF_0.05to0.35
3.66,0.35,0.1,0.3,B_DF_0.05to0.35
3.68,0.35,0.1,0.3,B_DF_0.05to0.35
3.7,0.35,0.1,0.3,B_DF_0.05to0.35
3.72,0.35,0.1,0.3,B_DF_0.05to0.35
3.74,0.35,0.1,0.3,B_DF_0.05to0.35
3.7600000000000002,0.35,0.1,0.3,B_DF_0.05to0.35
3.7800000000000002,0.35,0.1,0.3,B_DF_0.05to0.35
3.8000000000000003,0.35,0.1,0.3,B_DF_0.05to0.35
3.8200000000000003,0.35,0.1,0.3,B_DF_0.05to0.35
3.84,0.35,0.1,0.3,B_DF_0.05to0.35
3.86,0.35,0.1,0.3,B_DF_0.05to0.35
3.88,0.35,0.1,0.3,B_DF_0.05to0.35
3.9,0.35,0.1,0.3,B_DF_0.05to0.35
3.92,0.35,0.1,0.3,B_DF_0.05to0.35
3.94,0.35,0.1,0.3,B_DF_0.05to0.35
3.96,0.35,0.1,0.3,B_DF_0.05to0.35
3.98,0.35,0.1,0.3,B_DF_0.05to0.35
4.0,0.35,0.1,0.3,B_DF_0.05to0.35
4.0200000000000005,0.35,0.1,0.3,B_DF_0.05to0.35
4.04,0.35,0.1,0.3,B_DF_0.05to0.35
4.0600000000000005,0.35,0.1,0.3,B_DF_0.05to0.35
4.08,0.35,0.1,0.3,B_DF_0.05to0.35
4.1,0.35,0.1,0.3,B_DF_0.05to0.35
4.12,0.35,0.1,0.3,B_DF_0.05to0.35
4.14,0.35,0.1,0.3,B_DF_0.05to0.35
4.16,0.35,0.1,0.3,B_DF_0.05to0.35
4.18,0.35,0.1,0.3,B_DF_0.05to0.35
4.2,0.35,0.1,0.3,B_DF_0.05to0.35
4.22,0.35,0.1,0.3,B_DF_0.05to0.35
4.24,0.35,0.1,0.3,B_DF_0.05to0.35
4.26,0.35,0.1,0.3,B_DF_0.05to0.35
4.28,0.35,0.1,0.3,B_DF_0.05to0.35
4.3,0.35,0.1,0.3,B_DF_0.05to0.35
4.32,0.35,0.1,0.3,B_DF_0.05to0.35
4.34,0.35,0.1,0.3,B_DF_0.05to0.35
4.36,0.35,0.1,0.3,B_DF_0.05to0.35
4.38,0.35,0.1,0.3,B_DF_0.05to0.35
4.4,0.35,0.1,0.3,B_DF_0.05to0.35
4.42,0.35,0.1,0.3,B_DF_0.05to0.35
4.44,0.35,0.1,0.3,B_DF_0.05to0.35
4.46,0.35,0.1,0.3,B_DF_0.05to0.35
4.48,0.35,0.1,0.3,B_DF_0.05to0.35
4.5,0.35,0.1,0.3,B_DF_0.05to0.35
4.5200000000000005,0.35,0.1,0.3,B_DF_0.05to0.35
4.54,0.35,0.1,0.3,B_DF_0.05to0.35
4.5600000000000005,0.35,0.1,0.3,B_DF_0.05to0.35
4.58,0.35,0.1,0.3,B_DF_0.05to0.35
4.6000000000000005,0.35,0.1,0.3,B_DF_0.05to0.35
4.62,0.35,0.1,0.3,B_DF_0.05to0.35
4.64,0.35,0.1,0.3,B_DF_0.05to0.35
4.66,0.35,0.1,0.3,B_DF_0.05to0.35
4.68,0.35,0.1,0.3,B_DF_0.05to0.35
4.7,0.35,0.1,0.3,B_DF_0.05to0.35
4.72,0.35,0.1,0.3,B_DF_0.05to0.35
4.74,0.35,0.1,0.3,B_DF_0.05to0.35
4.76,0.35,0.1,0.3,B_DF_0.05to0.35
4.78,0.35,0.1,0.3,B_DF_0.05to0.35
4.8,0.35,0.1,0.3,B_DF_0.05to0.35
4.82,0.35,0.1,0.3,B_DF_0.05to0.35
4.84,0.35,0.1,0.3,B_DF_0.05to0.35
4.86,0.35,0.1,0.3,B_DF_0.05to0.35
4.88,0.35,0.1,0.3,B_DF_0.05to0.35
4.9,0.35,0.1,0.3,B_DF_0.05to0.35
4.92,0.35,0.1,0.3,B_DF_0.05to0.35
4.94,0.35,0.1,0.3,B_DF_0.05to0.35
4.96,0.35,0.1,0.3,B_DF_0.05to0.35
4.98,0.35,0.1,0.3,B_DF_0.05to0.35
5.0,0.35,0.1,0.3,B_DF_0.05to0.35
5.0200000000000005,0.35,0.1,0.3,B_DF_0.05to0.35
5.04,0.35,0.1,0.3,B_DF_0.05to0.35
5.0600000000000005,0.35,0.1,0.3,B_DF_0.05to0.35
5.08,0.35,0.1,0.3,B_DF_0.05to0.35
5.1000000000000005,0.35,0.1,0.3,B_DF_0.05to0.35
5.12,0.35,0.1,0.3,B_DF_0.05to0.35
5.14,0.35,0.1,0.3,B_DF_0.05to0.35
5.16,0.35,0.1,0.3,B_DF_0.05to0.35
5.18,0.35,0.1,0.3,B_DF_0.05to0.35
5.2,0.35,0.1,0.3,B_DF_0.05to0.35
5.22,0.35,0.1,0.3,B_DF_0.05to0.35
5.24,0.35,0.1,0.3,B_DF_0.05to0.35
5.26,0.35,0.1,0.3,B_DF_0.05to0.35
5.28,0.35,0.1,0.3,B_DF_0.05to0.35
5.3,0.35,0.1,0.3,B_DF_0.05to0.35
5.32,0.35,0.1,0.3,B_DF_0.05to0.35
5.34,0.35,0.1,0.3,B_DF_0.05to0.35
5.36,0.35,0.1,0.3,B_DF_0.05to0.35
5.38,0.35,0.1,0.3,B_DF_0.05to0.35
5.4,0.35,0.1,0.3,B_DF_0.05to0.35
5.42,0.35,0.1,0.3,B_DF_0.05to0.35
5.44,0.35,0.1,0.3,B_DF_0.05to0.35
5.46,0.35,0.1,0.3,B_DF_0.05to0.35
5.48,0.35,0.1,0.3,B_DF_0.05to0.35
5.5,0.35,0.1,0.3,B_DF_pre0.35
5.5200000000000005,0.35,0.1,0.3,B_DF_pre0.35
5.54,0.35,0.1,0.3,B_DF_pre0.35
5.5600000000000005,0.35,0.1,0.3,B_DF_pre0.35
5.58,0.35,0.1,0.3,B_DF_pre0.35
5.6000000000000005,0.35,0.1,0.3,B_DF_pre0.35
5.62,0.35,0.1,0.3,B_DF_pre0.35
5.64,0.35,0.1,0.3,B_DF_pre0.35
5.66,0.35,0.1,0.3,B_DF_pre0.35
5.68,0.35,0.1,0.3,B_DF_pre0.35
5.7,0.35,0.1,0.3,B_DF_pre0.35
5.72,0.35,0.1,0.3,B_DF_pre0.35
5.74,0.35,0.1,0.3,B_DF_pre0.35
5.76,0.35,0.1,0.3,B_DF_pre0.35
5.78,0.35,0.1,0.3,B_DF_pre0.35
5.8,0.35,0.1,0.3,B_DF_pre0.35
5.82,0.35,0.1,0.3,B_DF_pre0.35
5.84,0.35,0.1,0.3,B_DF_pre0.35
5.86,0.35,0.1,0.3,B_DF_pre0.35
5.88,0.35,0.1,0.3,B_DF_pre0.35
5.9,0.35,0.1,0.3,B_DF_pre0.35
5.92,0.35,0.1,0.3,B_DF_pre0.35
5.94,0.35,0.1,0.3,B_DF_pre0.35
5.96,0.35,0.1,0.3,B_DF_pre0.35
5.98,0.35,0.1,0.3,B_DF_pre0.35
6.0,0.35,0.1,0.3,B_DF_pre0.35
6.0200000000000005,0.35,0.1,0.3,B_DF_pre0.35
6.04,0.35,0.1,0.3,B_DF_pre0.35
6.0600000000000005,0.35,0.1,0.3,B_DF_pre0.35
6.08,0.35,0.1,0.3,B_DF_pre0.35
6.1000000000000005,0.35,0.1,0.3,B_DF_pre0.35
6.12,0.35,0.1,0.3,B_DF_pre0.35
6.140000000000001,0.35,0.1,0.3,B_DF_pre0.35
6.16,0.35,0.1,0.3,B_DF_pre0.35
6.18,0.35,0.1,0.3,B_DF_pre0.35
6.2,0.35,0.1,0.3,B_DF_pre0.35
6.22,0.35,0.1,0.3,B_DF_pre0.35
6.24,0.35,0.1,0.3,B_DF_pre0.35
6.26,0.35,0.1,0.3,B_DF_pre0.35
6.28,0.35,0.1,0.3,B_DF_pre0.35
6.3,0.35,0.1,0.3,B_DF_pre0.35
6.32,0.35,0.1,0.3,B_DF_pre0.35
6.34,0.35,0.1,0.3,B_DF_pre0.35
6.36,0.35,0.1,0.3,B_DF_pre0.35
6.38,0.35,0.1,0.3,B_DF_pre0.35
6.4,0.35,0.1,0.3,B_DF_pre0.35
6.42,0.35,0.1,0.3,B_DF_pre0.35
6.44,0.35,0.1,0.3,B_DF_pre0.35
6.46,0.35,0.1,0.3,B_DF_pre0.35
6.48,0.35,0.1,0.3,B_DF_pre0.35
6.5,0.35,0.1,0.3,B_DF_pre0.35
6.5200000000000005,0.35,0.1,0.3,B_DF_pre0.35
6.54,0.35,0.1,0.3,B_DF_pre0.35
6.5600000000000005,0.35,0.1,0.3,B_DF_pre0.35
6.58,0.35,0.1,0.3,B_DF_pre0.35
6.6000000000000005,0.35,0.1,0.3,B_DF_pre0.35
6.62,0.35,0.1,0.3,B_DF_pre0.35
6.640000000000001,0.35,0.1,0.3,B_DF_pre0.35
6.66,0.35,0.1,0.3,B_DF_pre0.35
6.68,0.35,0.1,0.3,B_DF_pre0.35
6.7,0.35,0.1,0.3,B_DF_pre0.35
6.72,0.35,0.1,0.3,B_DF_pre0.35
6.74,0.35,0.1,0.3,B_DF_pre0.35
6.76,0.35,0.1,0.3,B_DF_pre0.35
6.78,0.35,0.1,0.3,B_DF_pre0.35
6.8,0.35,0.1,0.3,B_DF_pre0.35
6.82,0.35,0.1,0.3,B_DF_pre0.35
6.84,0.35,0.1,0.3,B_DF_pre0.35
6.86,0.35,0.1,0.3,B_DF_pre0.35
6.88,0.35,0.1,0.3,B_DF_pre0.35
6.9,0.35,0.1,0.3,B_DF_pre0.35
6.92,0.35,0.1,0.3,B_DF_pre0.35
6.94,0.35,0.1,0.3,B_DF_pre0.35
6.96,0.35,0.1,0.3,B_DF_pre0.35
6.98,0.35,0.1,0.3,B_DF_pre0.35
7.0,0.05,0.1,0.3,B_DF_0.35to0.05
7.0200000000000005,0.05,0.1,0.3,B_DF_0.35to0.05
7.04,0.05,0.1,0.3,B_DF_0.35to0.05
7.0600000000000005,0.05,0.1,0.3,B_DF_0.35to0.05
7.08,0.05,0.1,0.3,B_DF_0.35to0.05
7.1000000000000005,0.05,0.1,0.3,B_DF_0.35to0.05
7.12,0.05,0.1,0.3,B_DF_0.35to0.05
7.140000000000001,0.05,0.1,0.3,B_DF_0.35to0.05
7.16,0.05,0.1,0.3,B_DF_0.35to0.05
7.18,0.05,0.1,0.3,B_DF_0.35to0.05
7.2,0.05,0.1,0.3,B_DF_0.35to0.05
7.22,0.05,0.1,0.3,B_DF_0.35to0.05
7.24,0.05,0.1,0.3,B_DF_0.35to0.05
7.26,0.05,0.1,0.3,B_DF_0.35to0.05
7.28,0.05,0.1,0.3,B_DF_0.35to0.05
7.3,0.05,0.1,0.3,B_DF_0.35to0.05
7.32,0.05,0.1,0.3,B_DF_0.35to0.05
7.34,0.05,0.1,0.3,B_DF_0.35to0.05
7.36,0.05,0.1,0.3,B_DF_0.35to0.05
7.38,0.05,0.1,0.3,B_DF_0.35to0.05
7.4,0.05,0.1,0.3,B_DF_0.35to0.05
7.42,0.05,0.1,0.3,B_DF_0.35to0.05
7.44,0.05,0.1,0.3,B_DF_0.35to0.05
7.46,0.05,0.1,0.3,B_DF_0.35to0.05
7.48,0.05,0.1,0.3,B_DF_0.35to0.05
7.5,0.05,0.1,0.3,B_DF_0.35to0.05
7.5200000000000005,0.05,0.1,0.3,B_DF_0.35to0.05
7.54,0.05,0.1,0.3,B_DF_0.35to0.05
7.5600000000000005,0.05,0.1,0.3,B_DF_0.35to0.05
7.58,0.05,0.1,0.3,B_DF_0.35to0.05
7.6000000000000005,0.05,0.1,0.3,B_DF_0.35to0.05
7.62,0.05,0.1,0.3,B_DF_0.35to0.05
7.640000000000001,0.05,0.1,0.3,B_DF_0.35to0.05
7.66,0.05,0.1,0.3,B_DF_0.35to0.05
7.68,0.05,0.1,0.3,B_DF_0.35to0.05
7.7,0.05,0.1,0.3,B_DF_0.35to0.05
7.72,0.05,0.1,0.3,B_DF_0.35to0.05
7.74,0.05,0.1,0.3,B_DF_0.35to0.05
7.76,0.05,0.1,0.3,B_DF_0.35to0.05
7.78,0.05,0.1,0.3,B_DF_0.35to0.05
7.8,0.05,0.1,0.3,B_DF_0.35to0.05
7.82,0.05,0.1,0.3,B_DF_0.35to0.05
7.84,0.05,0.1,0.3,B_DF_0.35to0.05
7.86,0.05,0.1,0.3,B_DF_0.35to0.05
7.88,0.05,0.1,0.3,B_DF_0.35to0.05
7.9,0.05,0.1,0.3,B_DF_0.35to0.05
7.92,0.05,0.1,0.3,B_DF_0.35to0.05
7.94,0.05,0.1,0.3,B_DF_0.35to0.05
7.96,0.05,0.1,0.3,B_DF_0.35to0.05
7.98,0.05,0.1,0.3,B_DF_0.35to0.05
8.0,0.05,0.1,0.3,B_DF_0.35to0.05
8.02,0.05,0.1,0.3,B_DF_0.35to0.05
8.040000000000001,0.05,0.1,0.3,B_DF_0.35to0.05
8.06,0.05,0.1,0.3,B_DF_0.35to0.05
8.08,0.05,0.1,0.3,B_DF_0.35to0.05
8.1,0.05,0.1,0.3,B_DF_0.35to0.05
8.120000000000001,0.05,0.1,0.3,B_DF_0.35to0.05
8.14,0.05,0.1,0.3,B_DF_0.35to0.05
8.16,0.05,0.1,0.3,B_DF_0.35to0.05
8.18,0.05,0.1,0.3,B_DF_0.35to0.05
8.2,0.05,0.1,0.3,B_DF_0.35to0.05
8.22,0.05,0.1,0.3,B_DF_0.35to0.05
8.24,0.05,0.1,0.3,B_DF_0.35to0.05
8.26,0.05,0.1,0.3,B_DF_0.35to0.05
8.28,0.05,0.1,0.3,B_DF_0.35to0.05
8.3,0.05,0.1,0.3,B_DF_0.35to0.05
8.32,0.05,0.1,0.3,B_DF_0.35to0.05
8.34,0.05,0.1,0.3,B_DF_0.35to0.05
8.36,0.05,0.1,0.3,B_DF_0.35to0.05
8.38,0.05,0.1,0.3,B_DF_0.35to0.05
8.4,0.05,0.1,0.3,B_DF_0.35to0.05
8.42,0.05,0.1,0.3,B_DF_0.35to0.05
8.44,0.05,0.1,0.3,B_DF_0.35to0.05
8.46,0.05,0.1,0.3,B_DF_0.35to0.05
8.48,0.05,0.1,0.3,B_DF_0.35to0.05
8.5,0.05,0.1,0.3,B_DF_0.35to0.05
8.52,0.05,0.1,0.3,B_DF_0.35to0.05
8.540000000000001,0.05,0.1,0.3,B_DF_0.35to0.05
8.56,0.05,0.1,0.3,B_DF_0.35to0.05
8.58,0.05,0.1,0.3,B_DF_0.35to0.05
8.6,0.05,0.1,0.3,B_DF_0.35to0.05
8.620000000000001,0.05,0.1,0.3,B_DF_0.35to0.05
8.64,0.05,0.1,0.3,B_DF_0.35to0.05
8.66,0.05,0.1,0.3,B_DF_0.35to0.05
8.68,0.05,0.1,0.3,B_DF_0.35to0.05
8.700000000000001,0.05,0.1,0.3,B_DF_0.35to0.05
8.72,0.05,0.1,0.3,B_DF_0.35to0.05
8.74,0.05,0.1,0.3,B_DF_0.35to0.05
8.76,0.05,0.1,0.3,B_DF_0.35to0.05
8.78,0.05,0.1,0.3,B_DF_0.35to0.05
8.8,0.05,0.1,0.3,B_DF_0.35to0.05
8.82,0.05,0.1,0.3,B_DF_0.35to0.05
8.84,0.05,0.1,0.3,B_DF_0.35to0.05
8.86,0.05,0.1,0.3,B_DF_0.35to0.05
8.88,0.05,0.1,0.3,B_DF_0.35to0.05
8.9,0.05,0.1,0.3,B_DF_0.35to0.05
8.92,0.05,0.1,0.3,B_DF_0.35to0.05
8.94,0.05,0.1,0.3,B_DF_0.35to0.05
8.96,0.05,0.1,0.3,B_DF_0.35to0.05
8.98,0.05,0.1,0.3,B_DF_0.35to0.05
9.0,0.05,0.1,0.3,B_DF_pre0.05
9.02,0.05,0.1,0.3,B_DF_pre0.05
9.040000000000001,0.05,0.1,0.3,B_DF_pre0.05
9.06,0.05,0.1,0.3,B_DF_pre0.05
9.08,0.05,0.1,0.3,B_DF_pre0.05
9.1,0.05,0.1,0.3,B_DF_pre0.05
9.120000000000001,0.05,0.1,0.3,B_DF_pre0.05
9.14,0.05,0.1,0.3,B_DF_pre0.05
9.16,0.05,0.1,0.3,B_DF_pre0.05
9.18,0.05,0.1,0.3,B_DF_pre0.05
9.200000000000001,0.05,0.1,0.3,B_DF_pre0.05
9.22,0.05,0.1,0.3,B_DF_pre0.05
9.24,0.05,0.1,0.3,B_DF_pre0.05
9.26,0.05,0.1,0.3,B_DF_pre0.05
9.28,0.05,0.1,0.3,B_DF_pre0.05
9.3,0.05,0.1,0.3,B_DF_pre0.05
9.32,0.05,0.1,0.3,B_DF_pre0.05
9.34,0.05,0.1,0.3,B_DF_pre0.05
9.36,0.05,0.1,0.3,B_DF_pre0.05
9.38,0.05,0.1,0.3,B_DF_pre0.05
9.4,0.05,0.1,0.3,B_DF_pre0.05
9.42,0.05,0.1,0.3,B_DF_pre0.05
9.44,0.05,0.1,0.3,B_DF_pre0.05
9.46,0.05,0.1,0.3,B_DF_pre0.05
9.48,0.05,0.1,0.3,B_DF_pre0.05
9.5,0.05,0.1,0.3,B_DF_pre0.05
9.52,0.05,0.1,0.3,B_DF_pre0.05
9.540000000000001,0.05,0.1,0.3,B_DF_pre0.05
9.56,0.05,0.1,0.3,B_DF_pre0.05
9.58,0.05,0.1,0.3,B_DF_pre0.05
9.6,0.05,0.1,0.3,B_DF_pre0.05
9.620000000000001,0.05,0.1,0.3,B_DF_pre0.05
9.64,0.05,0.1,0.3,B_DF_pre0.05
9.66,0.05,0.1,0.3,B_DF_pre0.05
9.68,0.05,0.1,0.3,B_DF_pre0.05
9.700000000000001,0.05,0.1,0.3,B_DF_pre0.05
9.72,0.05,0.1,0.3,B_DF_pre0.05
9.74,0.05,0.1,0.3,B_DF_pre0.05
9.76,0.05,0.1,0.3,B_DF_pre0.05
9.78,0.05,0.1,0.3,B_DF_pre0.05
9.8,0.05,0.1,0.3,B_DF_pre0.05
9.82,0.05,0.1,0.3,B_DF_pre0.05
9.84,0.05,0.1,0.3,B_DF_pre0.05
9.86,0.05,0.1,0.3,B_DF_pre0.05
9.88,0.05,0.1,0.3,B_DF_pre0.05
9.9,0.05,0.1,0.3,B_DF_pre0.05
9.92,0.05,0.1,0.3,B_DF_pre0.05
9.94,0.05,0.1,0.3,B_DF_pre0.05
9.96,0.05,0.1,0.3,B_DF_pre0.05
9.98,0.05,0.1,0.3,B_DF_pre0.05
10.0,0.05,0.1,0.3,B_DF_pre0.05
10.02,0.05,0.1,0.3,B_DF_pre0.05
10.040000000000001,0.05,0.1,0.3,B_DF_pre0.05
10.06,0.05,0.1,0.3,B_DF_pre0.05
10.08,0.05,0.1,0.3,B_DF_pre0.05
10.1,0.05,0.1,0.3,B_DF_pre0.05
10.120000000000001,0.05,0.1,0.3,B_DF_pre0.05
10.14,0.05,0.1,0.3,B_DF_pre0.05
10.16,0.05,0.1,0.3,B_DF_pre0.05
10.18,0.05,0.1,0.3,B_DF_pre0.05
10.200000000000001,0.05,0.1,0.3,B_DF_pre0.05
10.22,0.05,0.1,0.3,B_DF_pre0.05
10.24,0.05,0.1,0.3,B_DF_pre0.05
10.26,0.05,0.1,0.3,B_DF_pre0.05
10.28,0.05,0.1,0.3,B_DF_pre0.05
10.3,0.05,0.1,0.3,B_DF_pre0.05
10.32,0.05,0.1,0.3,B_DF_pre0.05
10.34,0.05,0.1,0.3,B_DF_pre0.05
10.36,0.05,0.1,0.3,B_DF_pre0.05
10.38,0.05,0.1,0.3,B_DF_pre0.05
10.4,0.05,0.1,0.3,B_DF_pre0.05
10.42,0.05,0.1,0.3,B_DF_pre0.05
10.44,0.05,0.1,0.3,B_DF_pre0.05
10.46,0.05,0.1,0.3,B_DF_pre0.05
10.48,0.05,0.1,0.3,B_DF_pre0.05
10.5,0.58,0.1,0.3,B_DF_0.05to0.58
10.52,0.58,0.1,0.3,B_DF_0.05to0.58
10.540000000000001,0.58,0.1,0.3,B_DF_0.05to0.58
10.56,0.58,0.1,0.3,B_DF_0.05to0.58
10.58,0.58,0.1,0.3,B_DF_0.05to0.58
10.6,0.58,0.1,0.3,B_DF_0.05to0.58
10.620000000000001,0.58,0.1,0.3,B_DF_0.05to0.58
10.64,0.58,0.1,0.3,B_DF_0.05to0.58
10.66,0.58,0.1,0.3,B_DF_0.05to0.58
10.68,0.58,0.1,0.3,B_DF_0.05to0.58
10.700000000000001,0.58,0.1,0.3,B_DF_0.05to0.58
10.72,0.58,0.1,0.3,B_DF_0.05to0.58
10.74,0.58,0.1,0.3,B_DF_0.05to0.58
10.76,0.58,0.1,0.3,B_DF_0.05to0.58
10.78,0.58,0.1,0.3,B_DF_0.05to0.58
10.8,0.58,0.1,0.3,B_DF_0.05to0.58
10.82,0.58,0.1,0.3,B_DF_0.05to0.58
10.84,0.58,0.1,0.3,B_DF_0.05to0.58
10.86,0.58,0.1,0.3,B_DF_0.05to0.58
10.88,0.58,0.1,0.3,B_DF_0.05to0.58
10.9,0.58,0.1,0.3,B_DF_0.05to0.58
10.92,0.58,0.1,0.3,B_DF_0.05to0.58
10.94,0.58,0.1,0.3,B_DF_0.05to0.58
10.96,0.58,0.1,0.3,B_DF_0.05to0.58
10.98,0.58,0.1,0.3,B_DF_0.05to0.58
11.0,0.58,0.1,0.3,B_DF_0.05to0.58
11.02,0.58,0.1,0.3,B_DF_0.05to0.58
11.040000000000001,0.58,0.1,0.3,B_DF_0.05to0.58
11.06,0.58,0.1,0.3,B_DF_0.05to0.58
11.08,0.58,0.1,0.3,B_DF_0.05to0.58
11.1,0.58,0.1,0.3,B_DF_0.05to0.58
11.120000000000001,0.58,0.1,0.3,B_DF_0.05to0.58
11.14,0.58,0.1,0.3,B_DF_0.05to0.58
11.16,0.58,0.1,0.3,B_DF_0.05to0.58
11.18,0.58,0.1,0.3,B_DF_0.05to0.58
11.200000000000001,0.58,0.1,0.3,B_DF_0.05to0.58
11.22,0.58,0.1,0.3,B_DF_0.05to0.58
11.24,0.58,0.1,0.3,B_DF_0.05to0.58
11.26,0.58,0.1,0.3,B_DF_0.05to0.58
11.28,0.58,0.1,0.3,B_DF_0.05to0.58
11.3,0.58,0.1,0.3,B_DF_0.05to0.58
11.32,0.58,0.1,0.3,B_DF_0.05to0.58
11.34,0.58,0.1,0.3,B_DF_0.05to0.58
11.36,0.58,0.1,0.3,B_DF_0.05to0.58
11.38,0.58,0.1,0.3,B_DF_0.05to0.58
11.4,0.58,0.1,0.3,B_DF_0.05to0.58
11.42,0.58,0.1,0.3,B_DF_0.05to0.58
11.44,0.58,0.1,0.3,B_DF_0.05to0.58
11.46,0.58,0.1,0.3,B_DF_0.05to0.58
11.48,0.58,0.1,0.3,B_DF_0.05to0.58
11.5,0.58,0.1,0.3,B_DF_0.05to0.58
11.52,0.58,0.1,0.3,B_DF_0.05to0.58
11.540000000000001,0.58,0.1,0.3,B_DF_0.05to0.58
11.56,0.58,0.1,0.3,B_DF_0.05to0.58
11.58,0.58,0.1,0.3,B_DF_0.05to0.58
11.6,0.58,0.1,0.3,B_DF_0.05to0.58
11.620000000000001,0.58,0.1,0.3,B_DF_0.05to0.58
11.64,0.58,0.1,0.3,B_DF_0.05to0.58
11.66,0.58,0.1,0.3,B_DF_0.05to0.58
11.68,0.58,0.1,0.3,B_DF_0.05to0.58
11.700000000000001,0.58,0.1,0.3,B_DF_0.05to0.58
11.72,0.58,0.1,0.3,B_DF_0.05to0.58
11.74,0.58,0.1,0.3,B_DF_0.05to0.58
11.76,0.58,0.1,0.3,B_DF_0.05to0.58
11.78,0.58,0.1,0.3,B_DF_0.05to0.58
11.8,0.58,0.1,0.3,B_DF_0.05to0.58
11.82,0.58,0.1,0.3,B_DF_0.05to0.58
11.84,0.58,0.1,0.3,B_DF_0.05to0.58
11.86,0.58,0.1,0.3,B_DF_0.05to0.58
11.88,0.58,0.1,0.3,B_DF_0.05to0.58
11.9,0.58,0.1,0.3,B_DF_0.05to0.58
11.92,0.58,0.1,0.3,B_DF_0.05to0.58
11.94,0.58,0.1,0.3,B_DF_0.05to0.58
11.96,0.58,0.1,0.3,B_DF_0.05to0.58
11.98,0.58,0.1,0.3,B_DF_0.05to0.58
12.0,0.58,0.1,0.3,B_DF_0.05to0.58
12.02,0.58,0.1,0.3,B_DF_0.05to0.58
12.040000000000001,0.58,0.1,0.3,B_DF_0.05to0.58
12.06,0.58,0.1,0.3,B_DF_0.05to0.58
12.08,0.58,0.1,0.3,B_DF_0.05to0.58
12.1,0.58,0.1,0.3,B_DF_0.05to0.58
12.120000000000001,0.58,0.1,0.3,B_DF_0.05to0.58
12.14,0.58,0.1,0.3,B_DF_0.05to0.58
12.16,0.58,0.1,0.3,B_DF_0.05to0.58
12.18,0.58,0.1,0.3,B_DF_0.05to0.58
12.200000000000001,0.58,0.1,0.3,B_DF_0.05to0.58
12.22,0.58,0.1,0.3,B_DF_0.05to0.58
12.24,0.58,0.1,0.3,B_DF_0.05to0.58
12.26,0.58,0.1,0.3,B_DF_0.05to0.58
12.280000000000001,0.58,0.1,0.3,B_DF_0.05to0.58
12.3,0.58,0.1,0.3,B_DF_0.05to0.58
12.32,0.58,0.1,0.3,B_DF_0.05to0.58
12.34,0.58,0.1,0.3,B_DF_0.05to0.58
12.36,0.58,0.1,0.3,B_DF_0.05to0.58
12.38,0.58,0.1,0.3,B_DF_0.05to0.58
12.4,0.58,0.1,0.3,B_DF_0.05to0.58
12.42,0.58,0.1,0.3,B_DF_0.05to0.58
12.44,0.58,0.1,0.3,B_DF_0.05to0.58
12.46,0.58,0.1,0.3,B_DF_0.05to0.58
12.48,0.58,0.1,0.3,B_DF_0.05to0.58
12.5,0.58,0.1,0.3,B_DF_pre0.58
12.52,0.58,0.1,0.3,B_DF_pre0.58
12.540000000000001,0.58,0.1,0.3,B_DF_pre0.58
12.56,0.58,0.1,0.3,B_DF_pre0.58
12.58,0.58,0.1,0.3,B_DF_pre0.58
12.6,0.58,0.1,0.3,B_DF_pre0.58
12.620000000000001,0.58,0.1,0.3,B_DF_pre0.58
12.64,0.58,0.1,0.3,B_DF_pre0.58
12.66,0.58,0.1,0.3,B_DF_pre0.58
12.68,0.58,0.1,0.3,B_DF_pre0.58
12.700000000000001,0.58,0.1,0.3,B_DF_pre0.58
12.72,0.58,0.1,0.3,B_DF_pre0.58
12.74,0.58,0.1,0.3,B_DF_pre0.58
12.76,0.58,0.1,0.3,B_DF_pre0.58
12.780000000000001,0.58,0.1,0.3,B_DF_pre0.58
12.8,0.58,0.1,0.3,B_DF_pre0.58
12.82,0.58,0.1,0.3,B_DF_pre0.58
12.84,0.58,0.1,0.3,B_DF_pre0.58
12.86,0.58,0.1,0.3,B_DF_pre0.58
12.88,0.58,0.1,0.3,B_DF_pre0.58
12.9,0.58,0.1,0.3,B_DF_pre0.58
12.92,0.58,0.1,0.3,B_DF_pre0.58
12.94,0.58,0.1,0.3,B_DF_pre0.58
12.96,0.58,0.1,0.3,B_DF_pre0.58
12.98,0.58,0.1,0.3,B_DF_pre0.58
13.0,0.58,0.1,0.3,B_DF_pre0.58
13.02,0.58,0.1,0.3,B_DF_pre0.58
13.040000000000001,0.58,0.1,0.3,B_DF_pre0.58
13.06,0.58,0.1,0.3,B_DF_pre0.58
13.08,0.58,0.1,0.3,B_DF_pre0.58
13.1,0.58,0.1,0.3,B_DF_pre0.58
13.120000000000001,0.58,0.1,0.3,B_DF_pre0.58
13.14,0.58,0.1,0.3,B_DF_pre0.58
13.16,0.58,0.1,0.3,B_DF_pre0.58
13.18,0.58,0.1,0.3,B_DF_pre0.58
13.200000000000001,0.58,0.1,0.3,B_DF_pre0.58
13.22,0.58,0.1,0.3,B_DF_pre0.58
13.24,0.58,0.1,0.3,B_DF_pre0.58
13.26,0.58,0.1,0.3,B_DF_pre0.58
13.280000000000001,0.58,0.1,0.3,B_DF_pre0.58
13.3,0.58,0.1,0.3,B_DF_pre0.58
13.32,0.58,0.1,0.3,B_DF_pre0.58
13.34,0.58,0.1,0.3,B_DF_pre0.58
13.36,0.58,0.1,0.3,B_DF_pre0.58
13.38,0.58,0.1,0.3,B_DF_pre0.58
13.4,0.58,0.1,0.3,B_DF_pre0.58
13.42,0.58,0.1,0.3,B_DF_pre0.58
13.44,0.58,0.1,0.3,B_DF_pre0.58
13.46,0.58,0.1,0.3,B_DF_pre0.58
13.48,0.58,0.1,0.3,B_DF_pre0.58
13.5,0.58,0.1,0.3,B_DF_pre0.58
13.52,0.58,0.1,0.3,B_DF_pre0.58
13.540000000000001,0.58,0.1,0.3,B_DF_pre0.58
13.56,0.58,0.1,0.3,B_DF_pre0.58
13.58,0.58,0.1,0.3,B_DF_pre0.58
13.6,0.58,0.1,0.3,B_DF_pre0.58
13.620000000000001,0.58,0.1,0.3,B_DF_pre0.58
13.64,0.58,0.1,0.3,B_DF_pre0.58
13.66,0.58,0.1,0.3,B_DF_pre0.58
13.68,0.58,0.1,0.3,B_DF_pre0.58
13.700000000000001,0.58,0.1,0.3,B_DF_pre0.58
13.72,0.58,0.1,0.3,B_DF_pre0.58
13.74,0.58,0.1,0.3,B_DF_pre0.58
13.76,0.58,0.1,0.3,B_DF_pre0.58
13.780000000000001,0.58,0.1,0.3,B_DF_pre0.58
13.8,0.58,0.1,0.3,B_DF_pre0.58
13.82,0.58,0.1,0.3,B_DF_pre0.58
13.84,0.58,0.1,0.3,B_DF_pre0.58
13.86,0.58,0.1,0.3,B_DF_pre0.58
13.88,0.58,0.1,0.3,B_DF_pre0.58
13.9,0.58,0.1,0.3,B_DF_pre0.58
13.92,0.58,0.1,0.3,B_DF_pre0.58
13.94,0.58,0.1,0.3,B_DF_pre0.58
13.96,0.58,0.1,0.3,B_DF_pre0.58
13.98,0.58,0.1,0.3,B_DF_pre0.58
14.0,0.05,0.1,0.3,B_DF_0.58to0.05
14.02,0.05,0.1,0.3,B_DF_0.58to0.05
14.040000000000001,0.05,0.1,0.3,B_DF_0.58to0.05
14.06,0.05,0.1,0.3,B_DF_0.58to0.05
14.08,0.05,0.1,0.3,B_DF_0.58to0.05
14.1,0.05,0.1,0.3,B_DF_0.58to0.05
14.120000000000001,0.05,0.1,0.3,B_DF_0.58to0.05
14.14,0.05,0.1,0.3,B_DF_0.58to0.05
14.16,0.05,0.1,0.3,B_DF_0.58to0.05
14.18,0.05,0.1,0.3,B_DF_0.58to0.05
14.200000000000001,0.05,0.1,0.3,B_DF_0.58to0.05
14.22,0.05,0.1,0.3,B_DF_0.58to0.05
14.24,0.05,0.1,0.3,B_DF_0.58to0.05
14.26,0.05,0.1,0.3,B_DF_0.58to0.05
14.280000000000001,0.05,0.1,0.3,B_DF_0.58to0.05
14.3,0.05,0.1,0.3,B_DF_0.58to0.05
14.32,0.05,0.1,0.3,B_DF_0.58to0.05
14.34,0.05,0.1,0.3,B_DF_0.58to0.05
14.36,0.05,0.1,0.3,B_DF_0.58to0.05
14.38,0.05,0.1,0.3,B_DF_0.58to0.05
14.4,0.05,0.1,0.3,B_DF_0.58to0.05
14.42,0.05,0.1,0.3,B_DF_0.58to0.05
14.44,0.05,0.1,0.3,B_DF_0.58to0.05
14.46,0.05,0.1,0.3,B_DF_0.58to0.05
14.48,0.05,0.1,0.3,B_DF_0.58to0.05
14.5,0.05,0.1,0.3,B_DF_0.58to0.05
14.52,0.05,0.1,0.3,B_DF_0.58to0.05
14.540000000000001,0.05,0.1,0.3,B_DF_0.58to0.05
14.56,0.05,0.1,0.3,B_DF_0.58to0.05
14.58,0.05,0.1,0.3,B_DF_0.58to0.05
14.6,0.05,0.1,0.3,B_DF_0.58to0.05
14.620000000000001,0.05,0.1,0.3,B_DF_0.58to0.05
14.64,0.05,0.1,0.3,B_DF_0.58to0.05
14.66,0.05,0.1,0.3,B_DF_0.58to0.05
14.68,0.05,0.1,0.3,B_DF_0.58to0.05
14.700000000000001,0.05,0.1,0.3,B_DF_0.58to0.05
14.72,0.05,0.1,0.3,B_DF_0.58to0.05
14.74,0.05,0.1,0.3,B_DF_0.58to0.05
14.76,0.05,0.1,0.3,B_DF_0.58to0.05
14.780000000000001,0.05,0.1,0.3,B_DF_0.58to0.05
14.8,0.05,0.1,0.3,B_DF_0.58to0.05
14.82,0.05,0.1,0.3,B_DF_0.58to0.05
14.84,0.05,0.1,0.3,B_DF_0.58to0.05
14.86,0.05,0.1,0.3,B_DF_0.58to0.05
14.88,0.05,0.1,0.3,B_DF_0.58to0.05
14.9,0.05,0.1,0.3,B_DF_0.58to0.05
14.92,0.05,0.1,0.3,B_DF_0.58to0.05
14.94,0.05,0.1,0.3,B_DF_0.58to0.05
14.96,0.05,0.1,0.3,B_DF_0.58to0.05
14.98,0.05,0.1,0.3,B_DF_0.58to0.05
15.0,0.05,0.1,0.3,B_DF_0.58to0.05
15.02,0.05,0.1,0.3,B_DF_0.58to0.05
15.040000000000001,0.05,0.1,0.3,B_DF_0.58to0.05
15.06,0.05,0.1,0.3,B_DF_0.58to0.05
15.08,0.05,0.1,0.3,B_DF_0.58to0.05
15.1,0.05,0.1,0.3,B_DF_0.58to0.05
15.120000000000001,0.05,0.1,0.3,B_DF_0.58to0.05
15.14,0.05,0.1,0.3,B_DF_0.58to0.05
15.16,0.05,0.1,0.3,B_DF_0.58to0.05
15.18,0.05,0.1,0.3,B_DF_0.58to0.05
15.200000000000001,0.05,0.1,0.3,B_DF_0.58to0.05
15.22,0.05,0.1,0.3,B_DF_0.58to0.05
15.24,0.05,0.1,0.3,B_DF_0.58to0.05
15.26,0.05,0.1,0.3,B_DF_0.58to0.05
15.280000000000001,0.05,0.1,0.3,B_DF_0.58to0.05
15.3,0.05,0.1,0.3,B_DF_0.58to0.05
15.32,0.05,0.1,0.3,B_DF_0.58to0.05
15.34,0.05,0.1,0.3,B_DF_0.58to0.05
15.36,0.05,0.1,0.3,B_DF_0.58to0.05
15.38,0.05,0.1,0.3,B_DF_0.58to0.05
15.4,0.05,0.1,0.3,B_DF_0.58to0.05
15.42,0.05,0.1,0.3,B_DF_0.58to0.05
15.44,0.05,0.1,0.3,B_DF_0.58to0.05
15.46,0.05,0.1,0.3,B_DF_0.58to0.05
15.48,0.05,0.1,0.3,B_DF_0.58to0.05
15.5,0.05,0.1,0.3,B_DF_0.58to0.05
15.52,0.05,0.1,0.3,B_DF_0.58to0.05
15.540000000000001,0.05,0.1,0.3,B_DF_0.58to0.05
15.56,0.05,0.1,0.3,B_DF_0.58to0.05
15.58,0.05,0.1,0.3,B_DF_0.58to0.05
15.6,0.05,0.1,0.3,B_DF_0.58to0.05
15.620000000000001,0.05,0.1,0.3,B_DF_0.58to0.05
15.64,0.05,0.1,0.3,B_DF_0.58to0.05
15.66,0.05,0.1,0.3,B_DF_0.58to0.05
15.68,0.05,0.1,0.3,B_DF_0.58to0.05
15.700000000000001,0.05,0.1,0.3,B_DF_0.58to0.05
15.72,0.05,0.1,0.3,B_DF_0.58to0.05
15.74,0.05,0.1,0.3,B_DF_0.58to0.05
15.76,0.05,0.1,0.3,B_DF_0.58to0.05
15.780000000000001,0.05,0.1,0.3,B_DF_0.58to0.05
15.8,0.05,0.1,0.3,B_DF_0.58to0.05
15.82,0.05,0.1,0.3,B_DF_0.58to0.05
15.84,0.05,0.1,0.3,B_DF_0.58to0.05
15.860000000000001,0.05,0.1,0.3,B_DF_0.58to0.05
15.88,0.05,0.1,0.3,B_DF_0.58to0.05
15.9,0.05,0.1,0.3,B_DF_0.58to0.05
15.92,0.05,0.1,0.3,B_DF_0.58to0.05
15.94,0.05,0.1,0.3,B_DF_0.58to0.05
15.96,0.05,0.1,0.3,B_DF_0.58to0.05
15.98,0.05,0.1,0.3,B_DF_0.58to0.05
16.0,0.25,0.1,0.3,B_DF_pre0.25
16.02,0.25,0.1,0.3,B_DF_pre0.25
16.04,0.25,0.1,0.3,B_DF_pre0.25
16.06,0.25,0.1,0.3,B_DF_pre0.25
16.080000000000002,0.25,0.1,0.3,B_DF_pre0.25
16.1,0.25,0.1,0.3,B_DF_pre0.25
16.12,0.25,0.1,0.3,B_DF_pre0.25
16.14,0.25,0.1,0.3,B_DF_pre0.25
16.16,0.25,0.1,0.3,B_DF_pre0.25
16.18,0.25,0.1,0.3,B_DF_pre0.25
16.2,0.25,0.1,0.3,B_DF_pre0.25
16.22,0.25,0.1,0.3,B_DF_pre0.25
16.240000000000002,0.25,0.1,0.3,B_DF_pre0.25
16.26,0.25,0.1,0.3,B_DF_pre0.25
16.28,0.25,0.1,0.3,B_DF_pre0.25
16.3,0.25,0.1,0.3,B_DF_pre0.25
16.32,0.25,0.1,0.3,B_DF_pre0.25
16.34,0.25,0.1,0.3,B_DF_pre0.25
16.36,0.25,0.1,0.3,B_DF_pre0.25
16.38,0.25,0.1,0.3,B_DF_pre0.25
16.4,0.25,0.1,0.3,B_DF_pre0.25
16.42,0.25,0.1,0.3,B_DF_pre0.25
16.44,0.25,0.1,0.3,B_DF_pre0.25
16.46,0.25,0.1,0.3,B_DF_pre0.25
16.48,0.25,0.1,0.3,B_DF_pre0.25
16.5,0.25,0.1,0.3,B_DF_pre0.25
16.52,0.25,0.1,0.3,B_DF_pre0.25
16.54,0.25,0.1,0.3,B_DF_pre0.25
16.56,0.25,0.1,0.3,B_DF_pre0.25
16.580000000000002,0.25,0.1,0.3,B_DF_pre0.25
16.6,0.25,0.1,0.3,B_DF_pre0.25
16.62,0.25,0.1,0.3,B_DF_pre0.25
16.64,0.25,0.1,0.3,B_DF_pre0.25
16.66,0.25,0.1,0.3,B_DF_pre0.25
16.68,0.25,0.1,0.3,B_DF_pre0.25
16.7,0.25,0.1,0.3,B_DF_pre0.25
16.72,0.25,0.1,0.3,B_DF_pre0.25
16.740000000000002,0.25,0.1,0.3,B_DF_pre0.25
16.76,0.25,0.1,0.3,B_DF_pre0.25
16.78,0.25,0.1,0.3,B_DF_pre0.25
16.8,0.25,0.1,0.3,B_DF_pre0.25
16.82,0.25,0.1,0.3,B_DF_pre0.25
16.84,0.25,0.1,0.3,B_DF_pre0.25
16.86,0.25,0.1,0.3,B_DF_pre0.25
16.88,0.25,0.1,0.3,B_DF_pre0.25
16.9,0.25,0.1,0.3,B_DF_pre0.25
16.92,0.25,0.1,0.3,B_DF_pre0.25
16.94,0.25,0.1,0.3,B_DF_pre0.25
16.96,0.25,0.1,0.3,B_DF_pre0.25
16.98,0.25,0.1,0.3,B_DF_pre0.25
17.0,0.25,0.1,0.3,B_DF_pre0.25
17.02,0.25,0.1,0.3,B_DF_pre0.25
17.04,0.25,0.1,0.3,B_DF_pre0.25
17.06,0.25,0.1,0.3,B_DF_pre0.25
17.080000000000002,0.25,0.1,0.3,B_DF_pre0.25
17.1,0.25,0.1,0.3,B_DF_pre0.25
17.12,0.25,0.1,0.3,B_DF_pre0.25
17.14,0.25,0.1,0.3,B_DF_pre0.25
17.16,0.25,0.1,0.3,B_DF_pre0.25
17.18,0.25,0.1,0.3,B_DF_pre0.25
17.2,0.25,0.1,0.3,B_DF_pre0.25
17.22,0.25,0.1,0.3,B_DF_pre0.25
17.240000000000002,0.25,0.1,0.3,B_DF_pre0.25
17.26,0.25,0.1,0.3,B_DF_pre0.25
17.28,0.25,0.1,0.3,B_DF_pre0.25
17.3,0.25,0.1,0.3,B_DF_pre0.25
17.32,0.25,0.1,0.3,B_DF_pre0.25
17.34,0.25,0.1,0.3,B_DF_pre0.25
17.36,0.25,0.1,0.3,B_DF_pre0.25
17.38,0.25,0.1,0.3,B_DF_pre0.25
17.400000000000002,0.25,0.1,0.3,B_DF_pre0.25
17.42,0.25,0.1,0.3,B_DF_pre0.25
17.44,0.25,0.1,0.3,B_DF_pre0.25
17.46,0.25,0.1,0.3,B_DF_pre0.25
17.48,0.25,0.1,0.3,B_DF_pre0.25
17.5,0.45,0.1,0.3,B_DF_0.25to0.45
17.52,0.45,0.1,0.3,B_DF_0.25to0.45
17.54,0.45,0.1,0.3,B_DF_0.25to0.45
17.56,0.45,0.1,0.3,B_DF_0.25to0.45
17.580000000000002,0.45,0.1,0.3,B_DF_0.25to0.45
17.6,0.45,0.1,0.3,B_DF_0.25to0.45
17.62,0.45,0.1,0.3,B_DF_0.25to0.45
17.64,0.45,0.1,0.3,B_DF_0.25to0.45
17.66,0.45,0.1,0.3,B_DF_0.25to0.45
17.68,0.45,0.1,0.3,B_DF_0.25to0.45
17.7,0.45,0.1,0.3,B_DF_0.25to0.45
17.72,0.45,0.1,0.3,B_DF_0.25to0.45
17.740000000000002,0.45,0.1,0.3,B_DF_0.25to0.45
17.76,0.45,0.1,0.3,B_DF_0.25to0.45
17.78,0.45,0.1,0.3,B_DF_0.25to0.45
17.8,0.45,0.1,0.3,B_DF_0.25to0.45
17.82,0.45,0.1,0.3,B_DF_0.25to0.45
17.84,0.45,0.1,0.3,B_DF_0.25to0.45
17.86,0.45,0.1,0.3,B_DF_0.25to0.45
17.88,0.45,0.1,0.3,B_DF_0.25to0.45
17.900000000000002,0.45,0.1,0.3,B_DF_0.25to0.45
17.92,0.45,0.1,0.3,B_DF_0.25to0.45
17.94,0.45,0.1,0.3,B_DF_0.25to0.45
17.96,0.45,0.1,0.3,B_DF_0.25to0.45
17.98,0.45,0.1,0.3,B_DF_0.25to0.45
18.0,0.45,0.1,0.3,B_DF_0.25to0.45
18.02,0.45,0.1,0.3,B_DF_0.25to0.45
18.04,0.45,0.1,0.3,B_DF_0.25to0.45
18.06,0.45,0.1,0.3,B_DF_0.25to0.45
18.080000000000002,0.45,0.1,0.3,B_DF_0.25to0.45
18.1,0.45,0.1,0.3,B_DF_0.25to0.45
18.12,0.45,0.1,0.3,B_DF_0.25to0.45
18.14,0.45,0.1,0.3,B_DF_0.25to0.45
18.16,0.45,0.1,0.3,B_DF_0.25to0.45
18.18,0.45,0.1,0.3,B_DF_0.25to0.45
18.2,0.45,0.1,0.3,B_DF_0.25to0.45
18.22,0.45,0.1,0.3,B_DF_0.25to0.45
18.240000000000002,0.45,0.1,0.3,B_DF_0.25to0.45
18.26,0.45,0.1,0.3,B_DF_0.25to0.45
18.28,0.45,0.1,0.3,B_DF_0.25to0.45
18.3,0.45,0.1,0.3,B_DF_0.25to0.45
18.32,0.45,0.1,0.3,B_DF_0.25to0.45
18.34,0.45,0.1,0.3,B_DF_0.25to0.45
18.36,0.45,0.1,0.3,B_DF_0.25to0.45
18.38,0.45,0.1,0.3,B_DF_0.25to0.45
18.400000000000002,0.45,0.1,0.3,B_DF_0.25to0.45
18.42,0.45,0.1,0.3,B_DF_0.25to0.45
18.44,0.45,0.1,0.3,B_DF_0.25to0.45
18.46,0.45,0.1,0.3,B_DF_0.25to0.45
18.48,0.45,0.1,0.3,B_DF_0.25to0.45
18.5,0.45,0.1,0.3,B_DF_0.25to0.45
18.52,0.45,0.1,0.3,B_DF_0.25to0.45
18.54,0.45,0.1,0.3,B_DF_0.25to0.45
18.56,0.45,0.1,0.3,B_DF_0.25to0.45
18.580000000000002,0.45,0.1,0.3,B_DF_0.25to0.45
18.6,0.45,0.1,0.3,B_DF_0.25to0.45
18.62,0.45,0.1,0.3,B_DF_0.25to0.45
18.64,0.45,0.1,0.3,B_DF_0.25to0.45
18.66,0.45,0.1,0.3,B_DF_0.25to0.45
18.68,0.45,0.1,0.3,B_DF_0.25to0.45
18.7,0.45,0.1,0.3,B_DF_0.25to0.45
18.72,0.45,0.1,0.3,B_DF_0.25to0.45
18.740000000000002,0.45,0.1,0.3,B_DF_0.25to0.45
18.76,0.45,0.1,0.3,B_DF_0.25to0.45
18.78,0.45,0.1,0.3,B_DF_0.25to0.45
18.8,0.45,0.1,0.3,B_DF_0.25to0.45
18.82,0.45,0.1,0.3,B_DF_0.25to0.45
18.84,0.45,0.1,0.3,B_DF_0.25to0.45
18.86,0.45,0.1,0.3,B_DF_0.25to0.45
18.88,0.45,0.1,0.3,B_DF_0.25to0.45
18.900000000000002,0.45,0.1,0.3,B_DF_0.25to0.45
18.92,0.45,0.1,0.3,B_DF_0.25to0.45
18.94,0.45,0.1,0.3,B_DF_0.25to0.45
18.96,0.45,0.1,0.3,B_DF_0.25to0.45
18.98,0.45,0.1,0.3,B_DF_0.25to0.45
19.0,0.45,0.1,0.3,B_DF_0.25to0.45
19.02,0.45,0.1,0.3,B_DF_0.25to0.45
19.04,0.45,0.1,0.3,B_DF_0.25to0.45
19.06,0.45,0.1,0.3,B_DF_0.25to0.45
19.080000000000002,0.45,0.1,0.3,B_DF_0.25to0.45
19.1,0.45,0.1,0.3,B_DF_0.25to0.45
19.12,0.45,0.1,0.3,B_DF_0.25to0.45
19.14,0.45,0.1,0.3,B_DF_0.25to0.45
19.16,0.45,0.1,0.3,B_DF_0.25to0.45
19.18,0.45,0.1,0.3,B_DF_0.25to0.45
19.2,0.45,0.1,0.3,B_DF_0.25to0.45
19.22,0.45,0.1,0.3,B_DF_0.25to0.45
19.240000000000002,0.45,0.1,0.3,B_DF_0.25to0.45
19.26,0.45,0.1,0.3,B_DF_0.25to0.45
19.28,0.45,0.1,0.3,B_DF_0.25to0.45
19.3,0.45,0.1,0.3,B_DF_0.25to0.45
19.32,0.45,0.1,0.3,B_DF_0.25to0.45
19.34,0.45,0.1,0.3,B_DF_0.25to0.45
19.36,0.45,0.1,0.3,B_DF_0.25to0.45
19.38,0.45,0.1,0.3,B_DF_0.25to0.45
19.400000000000002,0.45,0.1,0.3,B_DF_0.25to0.45
19.42,0.45,0.1,0.3,B_DF_0.25to0.45
19.44,0.45,0.1,0.3,B_DF_0.25to0.45
19.46,0.45,0.1,0.3,B_DF_0.25to0.45
19.48,0.45,0.1,0.3,B_DF_0.25to0.45
19.5,0.45,0.1,0.3,B_DF_pre0.45
19.52,0.45,0.1,0.3,B_DF_pre0.45
19.54,0.45,0.1,0.3,B_DF_pre0.45
19.56,0.45,0.1,0.3,B_DF_pre0.45
19.580000000000002,0.45,0.1,0.3,B_DF_pre0.45
19.6,0.45,0.1,0.3,B_DF_pre0.45
19.62,0.45,0.1,0.3,B_DF_pre0.45
19.64,0.45,0.1,0.3,B_DF_pre0.45
19.66,0.45,0.1,0.3,B_DF_pre0.45
19.68,0.45,0.1,0.3,B_DF_pre0.45
19.7,0.45,0.1,0.3,B_DF_pre0.45
19.72,0.45,0.1,0.3,B_DF_pre0.45
19.740000000000002,0.45,0.1,0.3,B_DF_pre0.45
19.76,0.45,0.1,0.3,B_DF_pre0.45
19.78,0.45,0.1,0.3,B_DF_pre0.45
19.8,0.45,0.1,0.3,B_DF_pre0.45
19.82,0.45,0.1,0.3,B_DF_pre0.45
19.84,0.45,0.1,0.3,B_DF_pre0.45
19.86,0.45,0.1,0.3,B_DF_pre0.45
19.88,0.45,0.1,0.3,B_DF_pre0.45
19.900000000000002,0.45,0.1,0.3,B_DF_pre0.45
19.92,0.45,0.1,0.3,B_DF_pre0.45
19.94,0.45,0.1,0.3,B_DF_pre0.45
19.96,0.45,0.1,0.3,B_DF_pre0.45
19.98,0.45,0.1,0.3,B_DF_pre0.45
20.0,0.45,0.1,0.3,B_DF_pre0.45
20.02,0.45,0.1,0.3,B_DF_pre0.45
20.04,0.45,0.1,0.3,B_DF_pre0.45
20.06,0.45,0.1,0.3,B_DF_pre0.45
20.080000000000002,0.45,0.1,0.3,B_DF_pre0.45
20.1,0.45,0.1,0.3,B_DF_pre0.45
20.12,0.45,0.1,0.3,B_DF_pre0.45
20.14,0.45,0.1,0.3,B_DF_pre0.45
20.16,0.45,0.1,0.3,B_DF_pre0.45
20.18,0.45,0.1,0.3,B_DF_pre0.45
20.2,0.45,0.1,0.3,B_DF_pre0.45
20.22,0.45,0.1,0.3,B_DF_pre0.45
20.240000000000002,0.45,0.1,0.3,B_DF_pre0.45
20.26,0.45,0.1,0.3,B_DF_pre0.45
20.28,0.45,0.1,0.3,B_DF_pre0.45
20.3,0.45,0.1,0.3,B_DF_pre0.45
20.32,0.45,0.1,0.3,B_DF_pre0.45
20.34,0.45,0.1,0.3,B_DF_pre0.45
20.36,0.45,0.1,0.3,B_DF_pre0.45
20.38,0.45,0.1,0.3,B_DF_pre0.45
20.400000000000002,0.45,0.1,0.3,B_DF_pre0.45
20.42,0.45,0.1,0.3,B_DF_pre0.45
20.44,0.45,0.1,0.3,B_DF_pre0.45
20.46,0.45,0.1,0.3,B_DF_pre0.45
20.48,0.45,0.1,0.3,B_DF_pre0.45
20.5,0.45,0.1,0.3,B_DF_pre0.45
20.52,0.45,0.1,0.3,B_DF_pre0.45
20.54,0.45,0.1,0.3,B_DF_pre0.45
20.56,0.45,0.1,0.3,B_DF_pre0.45
20.580000000000002,0.45,0.1,0.3,B_DF_pre0.45
20.6,0.45,0.1,0.3,B_DF_pre0.45
20.62,0.45,0.1,0.3,B_DF_pre0.45
20.64,0.45,0.1,0.3,B_DF_pre0.45
20.66,0.45,0.1,0.3,B_DF_pre0.45
20.68,0.45,0.1,0.3,B_DF_pre0.45
20.7,0.45,0.1,0.3,B_DF_pre0.45
20.72,0.45,0.1,0.3,B_DF_pre0.45
20.740000000000002,0.45,0.1,0.3,B_DF_pre0.45
20.76,0.45,0.1,0.3,B_DF_pre0.45
20.78,0.45,0.1,0.3,B_DF_pre0.45
20.8,0.45,0.1,0.3,B_DF_pre0.45
20.82,0.45,0.1,0.3,B_DF_pre0.45
20.84,0.45,0.1,0.3,B_DF_pre0.45
20.86,0.45,0.1,0.3,B_DF_pre0.45
20.88,0.45,0.1,0.3,B_DF_pre0.45
20.900000000000002,0.45,0.1,0.3,B_DF_pre0.45
20.92,0.45,0.1,0.3,B_DF_pre0.45
20.94,0.45,0.1,0.3,B_DF_pre0.45
20.96,0.45,0.1,0.3,B_DF_pre0.45
20.98,0.45,0.1,0.3,B_DF_pre0.45
21.0,0.25,0.1,0.3,B_DF_0.45to0.25
21.02,0.25,0.1,0.3,B_DF_0.45to0.25
21.04,0.25,0.1,0.3,B_DF_0.45to0.25
21.06,0.25,0.1,0.3,B_DF_0.45to0.25
21.080000000000002,0.25,0.1,0.3,B_DF_0.45to0.25
21.1,0.25,0.1,0.3,B_DF_0.45to0.25
21.12,0.25,0.1,0.3,B_DF_0.45to0.25
21.14,0.25,0.1,0.3,B_DF_0.45to0.25
21.16,0.25,0.1,0.3,B_DF_0.45to0.25
21.18,0.25,0.1,0.3,B_DF_0.45to0.25
21.2,0.25,0.1,0.3,B_DF_0.45to0.25
21.22,0.25,0.1,0.3,B_DF_0.45to0.25
21.240000000000002,0.25,0.1,0.3,B_DF_0.45to0.25
21.26,0.25,0.1,0.3,B_DF_0.45to0.25
21.28,0.25,0.1,0.3,B_DF_0.45to0.25
21.3,0.25,0.1,0.3,B_DF_0.45to0.25
21.32,0.25,0.1,0.3,B_DF_0.45to0.25
21.34,0.25,0.1,0.3,B_DF_0.45to0.25
21.36,0.25,0.1,0.3,B_DF_0.45to0.25
21.38,0.25,0.1,0.3,B_DF_0.45to0.25
21.400000000000002,0.25,0.1,0.3,B_DF_0.45to0.25
21.42,0.25,0.1,0.3,B_DF_0.45to0.25
21.44,0.25,0.1,0.3,B_DF_0.45to0.25
21.46,0.25,0.1,0.3,B_DF_0.45to0.25
21.48,0.25,0.1,0.3,B_DF_0.45to0.25
21.5,0.25,0.1,0.3,B_DF_0.45to0.25
21.52,0.25,0.1,0.3,B_DF_0.45to0.25
21.54,0.25,0.1,0.3,B_DF_0.45to0.25
21.56,0.25,0.1,0.3,B_DF_0.45to0.25
21.580000000000002,0.25,0.1,0.3,B_DF_0.45to0.25
21.6,0.25,0.1,0.3,B_DF_0.45to0.25
21.62,0.25,0.1,0.3,B_DF_0.45to0.25
21.64,0.25,0.1,0.3,B_DF_0.45to0.25
21.66,0.25,0.1,0.3,B_DF_0.45to0.25
21.68,0.25,0.1,0.3,B_DF_0.45to0.25
21.7,0.25,0.1,0.3,B_DF_0.45to0.25
21.72,0.25,0.1,0.3,B_DF_0.45to0.25
21.740000000000002,0.25,0.1,0.3,B_DF_0.45to0.25
21.76,0.25,0.1,0.3,B_DF_0.45to0.25
21.78,0.25,0.1,0.3,B_DF_0.45to0.25
21.8,0.25,0.1,0.3,B_DF_0.45to0.25
21.82,0.25,0.1,0.3,B_DF_0.45to0.25
21.84,0.25,0.1,0.3,B_DF_0.45to0.25
21.86,0.25,0.1,0.3,B_DF_0.45to0.25
21.88,0.25,0.1,0.3,B_DF_0.45to0.25
21.900000000000002,0.25,0.1,0.3,B_DF_0.45to0.25
21.92,0.25,0.1,0.3,B_DF_0.45to0.25
21.94,0.25,0.1,0.3,B_DF_0.45to0.25
21.96,0.25,0.1,0.3,B_DF_0.45to0.25
21.98,0.25,0.1,0.3,B_DF_0.45to0.25
22.0,0.25,0.1,0.3,B_DF_0.45to0.25
22.02,0.25,0.1,0.3,B_DF_0.45to0.25
22.04,0.25,0.1,0.3,B_DF_0.45to0.25
22.06,0.25,0.1,0.3,B_DF_0.45to0.25
22.080000000000002,0.25,0.1,0.3,B_DF_0.45to0.25
22.1,0.25,0.1,0.3,B_DF_0.45to0.25
22.12,0.25,0.1,0.3,B_DF_0.45to0.25
22.14,0.25,0.1,0.3,B_DF_0.45to0.25
22.16,0.25,0.1,0.3,B_DF_0.45to0.25
22.18,0.25,0.1,0.3,B_DF_0.45to0.25
22.2,0.25,0.1,0.3,B_DF_0.45to0.25
22.22,0.25,0.1,0.3,B_DF_0.45to0.25
22.240000000000002,0.25,0.1,0.3,B_DF_0.45to0.25
22.26,0.25,0.1,0.3,B_DF_0.45to0.25
22.28,0.25,0.1,0.3,B_DF_0.45to0.25
22.3,0.25,0.1,0.3,B_DF_0.45to0.25
22.32,0.25,0.1,0.3,B_DF_0.45to0.25
22.34,0.25,0.1,0.3,B_DF_0.45to0.25
22.36,0.25,0.1,0.3,B_DF_0.45to0.25
22.38,0.25,0.1,0.3,B_DF_0.45to0.25
22.400000000000002,0.25,0.1,0.3,B_DF_0.45to0.25
22.42,0.25,0.1,0.3,B_DF_0.45to0.25
22.44,0.25,0.1,0.3,B_DF_0.45to0.25
22.46,0.25,0.1,0.3,B_DF_0.45to0.25
22.48,0.25,0.1,0.3,B_DF_0.45to0.25
22.5,0.25,0.1,0.3,B_DF_0.45to0.25
22.52,0.25,0.1,0.3,B_DF_0.45to0.25
22.54,0.25,0.1,0.3,B_DF_0.45to0.25
22.56,0.25,0.1,0.3,B_DF_0.45to0.25
22.580000000000002,0.25,0.1,0.3,B_DF_0.45to0.25
22.6,0.25,0.1,0.3,B_DF_0.45to0.25
22.62,0.25,0.1,0.3,B_DF_0.45to0.25
22.64,0.25,0.1,0.3,B_DF_0.45to0.25
22.66,0.25,0.1,0.3,B_DF_0.45to0.25
22.68,0.25,0.1,0.3,B_DF_0.45to0.25
22.7,0.25,0.1,0.3,B_DF_0.45to0.25
22.72,0.25,0.1,0.3,B_DF_0.45to0.25
22.740000000000002,0.25,0.1,0.3,B_DF_0.45to0.25
22.76,0.25,0.1,0.3,B_DF_0.45to0.25
22.78,0.25,0.1,0.3,B_DF_0.45to0.25
22.8,0.25,0.1,0.3,B_DF_0.45to0.25
22.82,0.25,0.1,0.3,B_DF_0.45to0.25
22.84,0.25,0.1,0.3,B_DF_0.45to0.25
22.86,0.25,0.1,0.3,B_DF_0.45to0.25
22.88,0.25,0.1,0.3,B_DF_0.45to0.25
22.900000000000002,0.25,0.1,0.3,B_DF_0.45to0.25
22.92,0.25,0.1,0.3,B_DF_0.45to0.25
22.94,0.25,0.1,0.3,B_DF_0.45to0.25
22.96,0.25,0.1,0.3,B_DF_0.45to0.25
22.98,0.25,0.1,0.3,B_DF_0.45to0.25
23.0,0.25,0.1,0.3,B_DF_pre0.25
23.02,0.25,0.1,0.3,B_DF_pre0.25
23.04,0.25,0.1,0.3,B_DF_pre0.25
23.06,0.25,0.1,0.3,B_DF_pre0.25
23.080000000000002,0.25,0.1,0.3,B_DF_pre0.25
23.1,0.25,0.1,0.3,B_DF_pre0.25
23.12,0.25,0.1,0.3,B_DF_pre0.25
23.14,0.25,0.1,0.3,B_DF_pre0.25
23.16,0.25,0.1,0.3,B_DF_pre0.25
23.18,0.25,0.1,0.3,B_DF_pre0.25
23.2,0.25,0.1,0.3,B_DF_pre0.25
23.22,0.25,0.1,0.3,B_DF_pre0.25
23.240000000000002,0.25,0.1,0.3,B_DF_pre0.25
23.26,0.25,0.1,0.3,B_DF_pre0.25
23.28,0.25,0.1,0.3,B_DF_pre0.25
23.3,0.25,0.1,0.3,B_DF_pre0.25
23.32,0.25,0.1,0.3,B_DF_pre0.25
23.34,0.25,0.1,0.3,B_DF_pre0.25
23.36,0.25,0.1,0.3,B_DF_pre0.25
23.38,0.25,0.1,0.3,B_DF_pre0.25
23.400000000000002,0.25,0.1,0.3,B_DF_pre0.25
23.42,0.25,0.1,0.3,B_DF_pre0.25
23.44,0.25,0.1,0.3,B_DF_pre0.25
23.46,0.25,0.1,0.3,B_DF_pre0.25
23.48,0.25,0.1,0.3,B_DF_pre0.25
23.5,0.25,0.1,0.3,B_DF_pre0.25
23.52,0.25,0.1,0.3,B_DF_pre0.25
23.54,0.25,0.1,0.3,B_DF_pre0.25
23.56,0.25,0.1,0.3,B_DF_pre0.25
23.580000000000002,0.25,0.1,0.3,B_DF_pre0.25
23.6,0.25,0.1,0.3,B_DF_pre0.25
23.62,0.25,0.1,0.3,B_DF_pre0.25
23.64,0.25,0.1,0.3,B_DF_pre0.25
23.66,0.25,0.1,0.3,B_DF_pre0.25
23.68,0.25,0.1,0.3,B_DF_pre0.25
23.7,0.25,0.1,0.3,B_DF_pre0.25
23.72,0.25,0.1,0.3,B_DF_pre0.25
23.740000000000002,0.25,0.1,0.3,B_DF_pre0.25
23.76,0.25,0.1,0.3,B_DF_pre0.25
23.78,0.25,0.1,0.3,B_DF_pre0.25
23.8,0.25,0.1,0.3,B_DF_pre0.25
23.82,0.25,0.1,0.3,B_DF_pre0.25
23.84,0.25,0.1,0.3,B_DF_pre0.25
23.86,0.25,0.1,0.3,B_DF_pre0.25
23.88,0.25,0.1,0.3,B_DF_pre0.25
23.900000000000002,0.25,0.1,0.3,B_DF_pre0.25
23.92,0.25,0.1,0.3,B_DF_pre0.25
23.94,0.25,0.1,0.3,B_DF_pre0.25
23.96,0.25,0.1,0.3,B_DF_pre0.25
23.98,0.25,0.1,0.3,B_DF_pre0.25
24.0,0.25,0.1,0.3,B_DF_pre0.25
24.02,0.25,0.1,0.3,B_DF_pre0.25
24.04,0.25,0.1,0.3,B_DF_pre0.25
24.060000000000002,0.25,0.1,0.3,B_DF_pre0.25
24.080000000000002,0.25,0.1,0.3,B_DF_pre0.25
24.1,0.25,0.1,0.3,B_DF_pre0.25
24.12,0.25,0.1,0.3,B_DF_pre0.25
24.14,0.25,0.1,0.3,B_DF_pre0.25
24.16,0.25,0.1,0.3,B_DF_pre0.25
24.18,0.25,0.1,0.3,B_DF_pre0.25
24.2,0.25,0.1,0.3,B_DF_pre0.25
24.22,0.25,0.1,0.3,B_DF_pre0.25
24.240000000000002,0.25,0.1,0.3,B_DF_pre0.25
24.26,0.25,0.1,0.3,B_DF_pre0.25
24.28,0.25,0.1,0.3,B_DF_pre0.25
24.3,0.25,0.1,0.3,B_DF_pre0.25
24.32,0.25,0.1,0.3,B_DF_pre0.25
24.34,0.25,0.1,0.3,B_DF_pre0.25
24.36,0.25,0.1,0.3,B_DF_pre0.25
24.38,0.25,0.1,0.3,B_DF_pre0.25
24.400000000000002,0.25,0.1,0.3,B_DF_pre0.25
24.42,0.25,0.1,0.3,B_DF_pre0.25
24.44,0.25,0.1,0.3,B_DF_pre0.25
24.46,0.25,0.1,0.3,B_DF_pre0.25
24.48,0.25,0.1,0.3,B_DF_pre0.25
24.5,0.58,0.1,0.3,B_DF_0.25to0.58
24.52,0.58,0.1,0.3,B_DF_0.25to0.58
24.54,0.58,0.1,0.3,B_DF_0.25to0.58
24.560000000000002,0.58,0.1,0.3,B_DF_0.25to0.58
24.580000000000002,0.58,0.1,0.3,B_DF_0.25to0.58
24.6,0.58,0.1,0.3,B_DF_0.25to0.58
24.62,0.58,0.1,0.3,B_DF_0.25to0.58
24.64,0.58,0.1,0.3,B_DF_0.25to0.58
24.66,0.58,0.1,0.3,B_DF_0.25to0.58
24.68,0.58,0.1,0.3,B_DF_0.25to0.58
24.7,0.58,0.1,0.3,B_DF_0.25to0.58
24.72,0.58,0.1,0.3,B_DF_0.25to0.58
24.740000000000002,0.58,0.1,0.3,B_DF_0.25to0.58
24.76,0.58,0.1,0.3,B_DF_0.25to0.58
24.78,0.58,0.1,0.3,B_DF_0.25to0.58
24.8,0.58,0.1,0.3,B_DF_0.25to0.58
24.82,0.58,0.1,0.3,B_DF_0.25to0.58
24.84,0.58,0.1,0.3,B_DF_0.25to0.58
24.86,0.58,0.1,0.3,B_DF_0.25to0.58
24.88,0.58,0.1,0.3,B_DF_0.25to0.58
24.900000000000002,0.58,0.1,0.3,B_DF_0.25to0.58
24.92,0.58,0.1,0.3,B_DF_0.25to0.58
24.94,0.58,0.1,0.3,B_DF_0.25to0.58
24.96,0.58,0.1,0.3,B_DF_0.25to0.58
24.98,0.58,0.1,0.3,B_DF_0.25to0.58
25.0,0.58,0.1,0.3,B_DF_0.25to0.58
25.02,0.58,0.1,0.3,B_DF_0.25to0.58
25.04,0.58,0.1,0.3,B_DF_0.25to0.58
25.060000000000002,0.58,0.1,0.3,B_DF_0.25to0.58
25.080000000000002,0.58,0.1,0.3,B_DF_0.25to0.58
25.1,0.58,0.1,0.3,B_DF_0.25to0.58
25.12,0.58,0.1,0.3,B_DF_0.25to0.58
25.14,0.58,0.1,0.3,B_DF_0.25to0.58
25.16,0.58,0.1,0.3,B_DF_0.25to0.58
25.18,0.58,0.1,0.3,B_DF_0.25to0.58
25.2,0.58,0.1,0.3,B_DF_0.25to0.58
25.22,0.58,0.1,0.3,B_DF_0.25to0.58
25.240000000000002,0.58,0.1,0.3,B_DF_0.25to0.58
25.26,0.58,0.1,0.3,B_DF_0.25to0.58
25.28,0.58,0.1,0.3,B_DF_0.25to0.58
25.3,0.58,0.1,0.3,B_DF_0.25to0.58
25.32,0.58,0.1,0.3,B_DF_0.25to0.58
25.34,0.58,0.1,0.3,B_DF_0.25to0.58
25.36,0.58,0.1,0.3,B_DF_0.25to0.58
25.38,0.58,0.1,0.3,B_DF_0.25to0.58
25.400000000000002,0.58,0.1,0.3,B_DF_0.25to0.58
25.42,0.58,0.1,0.3,B_DF_0.25to0.58
25.44,0.58,0.1,0.3,B_DF_0.25to0.58
25.46,0.58,0.1,0.3,B_DF_0.25to0.58
25.48,0.58,0.1,0.3,B_DF_0.25to0.58
25.5,0.58,0.1,0.3,B_DF_0.25to0.58
25.52,0.58,0.1,0.3,B_DF_0.25to0.58
25.54,0.58,0.1,0.3,B_DF_0.25to0.58
25.560000000000002,0.58,0.1,0.3,B_DF_0.25to0.58
25.580000000000002,0.58,0.1,0.3,B_DF_0.25to0.58
25.6,0.58,0.1,0.3,B_DF_0.25to0.58
25.62,0.58,0.1,0.3,B_DF_0.25to0.58
25.64,0.58,0.1,0.3,B_DF_0.25to0.58
25.66,0.58,0.1,0.3,B_DF_0.25to0.58
25.68,0.58,0.1,0.3,B_DF_0.25to0.58
25.7,0.58,0.1,0.3,B_DF_0.25to0.58
25.72,0.58,0.1,0.3,B_DF_0.25to0.58
25.740000000000002,0.58,0.1,0.3,B_DF_0.25to0.58
25.76,0.58,0.1,0.3,B_DF_0.25to0.58
25.78,0.58,0.1,0.3,B_DF_0.25to0.58
25.8,0.58,0.1,0.3,B_DF_0.25to0.58
25.82,0.58,0.1,0.3,B_DF_0.25to0.58
25.84,0.58,0.1,0.3,B_DF_0.25to0.58
25.86,0.58,0.1,0.3,B_DF_0.25to0.58
25.88,0.58,0.1,0.3,B_DF_0.25to0.58
25.900000000000002,0.58,0.1,0.3,B_DF_0.25to0.58
25.92,0.58,0.1,0.3,B_DF_0.25to0.58
25.94,0.58,0.1,0.3,B_DF_0.25to0.58
25.96,0.58,0.1,0.3,B_DF_0.25to0.58
25.98,0.58,0.1,0.3,B_DF_0.25to0.58
26.0,0.58,0.1,0.3,B_DF_0.25to0.58
26.02,0.58,0.1,0.3,B_DF_0.25to0.58
26.04,0.58,0.1,0.3,B_DF_0.25to0.58
26.060000000000002,0.58,0.1,0.3,B_DF_0.25to0.58
26.080000000000002,0.58,0.1,0.3,B_DF_0.25to0.58
26.1,0.58,0.1,0.3,B_DF_0.25to0.58
26.12,0.58,0.1,0.3,B_DF_0.25to0.58
26.14,0.58,0.1,0.3,B_DF_0.25to0.58
26.16,0.58,0.1,0.3,B_DF_0.25to0.58
26.18,0.58,0.1,0.3,B_DF_0.25to0.58
26.2,0.58,0.1,0.3,B_DF_0.25to0.58
26.22,0.58,0.1,0.3,B_DF_0.25to0.58
26.240000000000002,0.58,0.1,0.3,B_DF_0.25to0.58
26.26,0.58,0.1,0.3,B_DF_0.25to0.58
26.28,0.58,0.1,0.3,B_DF_0.25to0.58
26.3,0.58,0.1,0.3,B_DF_0.25to0.58
26.32,0.58,0.1,0.3,B_DF_0.25to0.58
26.34,0.58,0.1,0.3,B_DF_0.25to0.58
26.36,0.58,0.1,0.3,B_DF_0.25to0.58
26.38,0.58,0.1,0.3,B_DF_0.25to0.58
26.400000000000002,0.58,0.1,0.3,B_DF_0.25to0.58
26.42,0.58,0.1,0.3,B_DF_0.25to0.58
26.44,0.58,0.1,0.3,B_DF_0.25to0.58
26.46,0.58,0.1,0.3,B_DF_0.25to0.58
26.48,0.58,0.1,0.3,B_DF_0.25to0.58
26.5,0.58,0.1,0.3,B_DF_pre0.58
26.52,0.58,0.1,0.3,B_DF_pre0.58
26.54,0.58,0.1,0.3,B_DF_pre0.58
26.560000000000002,0.58,0.1,0.3,B_DF_pre0.58
26.580000000000002,0.58,0.1,0.3,B_DF_pre0.58
26.6,0.58,0.1,0.3,B_DF_pre0.58
26.62,0.58,0.1,0.3,B_DF_pre0.58
26.64,0.58,0.1,0.3,B_DF_pre0.58
26.66,0.58,0.1,0.3,B_DF_pre0.58
26.68,0.58,0.1,0.3,B_DF_pre0.58
26.7,0.58,0.1,0.3,B_DF_pre0.58
26.72,0.58,0.1,0.3,B_DF_pre0.58
26.740000000000002,0.58,0.1,0.3,B_DF_pre0.58
26.76,0.58,0.1,0.3,B_DF_pre0.58
26.78,0.58,0.1,0.3,B_DF_pre0.58
26.8,0.58,0.1,0.3,B_DF_pre0.58
26.82,0.58,0.1,0.3,B_DF_pre0.58
26.84,0.58,0.1,0.3,B_DF_pre0.58
26.86,0.58,0.1,0.3,B_DF_pre0.58
26.88,0.58,0.1,0.3,B_DF_pre0.58
26.900000000000002,0.58,0.1,0.3,B_DF_pre0.58
26.92,0.58,0.1,0.3,B_DF_pre0.58
26.94,0.58,0.1,0.3,B_DF_pre0.58
26.96,0.58,0.1,0.3,B_DF_pre0.58
26.98,0.58,0.1,0.3,B_DF_pre0.58
27.0,0.58,0.1,0.3,B_DF_pre0.58
27.02,0.58,0.1,0.3,B_DF_pre0.58
27.04,0.58,0.1,0.3,B_DF_pre0.58
27.060000000000002,0.58,0.1,0.3,B_DF_pre0.58
27.080000000000002,0.58,0.1,0.3,B_DF_pre0.58
27.1,0.58,0.1,0.3,B_DF_pre0.58
27.12,0.58,0.1,0.3,B_DF_pre0.58
27.14,0.58,0.1,0.3,B_DF_pre0.58
27.16,0.58,0.1,0.3,B_DF_pre0.58
27.18,0.58,0.1,0.3,B_DF_pre0.58
27.2,0.58,0.1,0.3,B_DF_pre0.58
27.22,0.58,0.1,0.3,B_DF_pre0.58
27.240000000000002,0.58,0.1,0.3,B_DF_pre0.58
27.26,0.58,0.1,0.3,B_DF_pre0.58
27.28,0.58,0.1,0.3,B_DF_pre0.58
27.3,0.58,0.1,0.3,B_DF_pre0.58
27.32,0.58,0.1,0.3,B_DF_pre0.58
27.34,0.58,0.1,0.3,B_DF_pre0.58
27.36,0.58,0.1,0.3,B_DF_pre0.58
27.38,0.58,0.1,0.3,B_DF_pre0.58
27.400000000000002,0.58,0.1,0.3,B_DF_pre0.58
27.42,0.58,0.1,0.3,B_DF_pre0.58
27.44,0.58,0.1,0.3,B_DF_pre0.58
27.46,0.58,0.1,0.3,B_DF_pre0.58
27.48,0.58,0.1,0.3,B_DF_pre0.58
27.5,0.58,0.1,0.3,B_DF_pre0.58
27.52,0.58,0.1,0.3,B_DF_pre0.58
27.54,0.58,0.1,0.3,B_DF_pre0.58
27.560000000000002,0.58,0.1,0.3,B_DF_pre0.58
27.580000000000002,0.58,0.1,0.3,B_DF_pre0.58
27.6,0.58,0.1,0.3,B_DF_pre0.58
27.62,0.58,0.1,0.3,B_DF_pre0.58
27.64,0.58,0.1,0.3,B_DF_pre0.58
27.66,0.58,0.1,0.3,B_DF_pre0.58
27.68,0.58,0.1,0.3,B_DF_pre0.58
27.7,0.58,0.1,0.3,B_DF_pre0.58
27.72,0.58,0.1,0.3,B_DF_pre0.58
27.740000000000002,0.58,0.1,0.3,B_DF_pre0.58
27.76,0.58,0.1,0.3,B_DF_pre0.58
27.78,0.58,0.1,0.3,B_DF_pre0.58
27.8,0.58,0.1,0.3,B_DF_pre0.58
27.82,0.58,0.1,0.3,B_DF_pre0.58
27.84,0.58,0.1,0.3,B_DF_pre0.58
27.86,0.58,0.1,0.3,B_DF_pre0.58
27.88,0.58,0.1,0.3,B_DF_pre0.58
27.900000000000002,0.58,0.1,0.3,B_DF_pre0.58
27.92,0.58,0.1,0.3,B_DF_pre0.58
27.94,0.58,0.1,0.3,B_DF_pre0.58
27.96,0.58,0.1,0.3,B_DF_pre0.58
27.98,0.58,0.1,0.3,B_DF_pre0.58
28.0,0.25,0.1,0.3,B_DF_0.58to0.25
28.02,0.25,0.1,0.3,B_DF_0.58to0.25
28.04,0.25,0.1,0.3,B_DF_0.58to0.25
28.060000000000002,0.25,0.1,0.3,B_DF_0.58to0.25
28.080000000000002,0.25,0.1,0.3,B_DF_0.58to0.25
28.1,0.25,0.1,0.3,B_DF_0.58to0.25
28.12,0.25,0.1,0.3,B_DF_0.58to0.25
28.14,0.25,0.1,0.3,B_DF_0.58to0.25
28.16,0.25,0.1,0.3,B_DF_0.58to0.25
28.18,0.25,0.1,0.3,B_DF_0.58to0.25
28.2,0.25,0.1,0.3,B_DF_0.58to0.25
28.22,0.25,0.1,0.3,B_DF_0.58to0.25
28.240000000000002,0.25,0.1,0.3,B_DF_0.58to0.25
28.26,0.25,0.1,0.3,B_DF_0.58to0.25
28.28,0.25,0.1,0.3,B_DF_0.58to0.25
28.3,0.25,0.1,0.3,B_DF_0.58to0.25
28.32,0.25,0.1,0.3,B_DF_0.58to0.25
28.34,0.25,0.1,0.3,B_DF_0.58to0.25
28.36,0.25,0.1,0.3,B_DF_0.58to0.25
28.38,0.25,0.1,0.3,B_DF_0.58to0.25
28.400000000000002,0.25,0.1,0.3,B_DF_0.58to0.25
28.42,0.25,0.1,0.3,B_DF_0.58to0.25
28.44,0.25,0.1,0.3,B_DF_0.58to0.25
28.46,0.25,0.1,0.3,B_DF_0.58to0.25
28.48,0.25,0.1,0.3,B_DF_0.58to0.25
28.5,0.25,0.1,0.3,B_DF_0.58to0.25
28.52,0.25,0.1,0.3,B_DF_0.58to0.25
28.54,0.25,0.1,0.3,B_DF_0.58to0.25
28.560000000000002,0.25,0.1,0.3,B_DF_0.58to0.25
28.580000000000002,0.25,0.1,0.3,B_DF_0.58to0.25
28.6,0.25,0.1,0.3,B_DF_0.58to0.25
28.62,0.25,0.1,0.3,B_DF_0.58to0.25
28.64,0.25,0.1,0.3,B_DF_0.58to0.25
28.66,0.25,0.1,0.3,B_DF_0.58to0.25
28.68,0.25,0.1,0.3,B_DF_0.58to0.25
28.7,0.25,0.1,0.3,B_DF_0.58to0.25
28.72,0.25,0.1,0.3,B_DF_0.58to0.25
28.740000000000002,0.25,0.1,0.3,B_DF_0.58to0.25
28.76,0.25,0.1,0.3,B_DF_0.58to0.25
28.78,0.25,0.1,0.3,B_DF_0.58to0.25
28.8,0.25,0.1,0.3,B_DF_0.58to0.25
28.82,0.25,0.1,0.3,B_DF_0.58to0.25
28.84,0.25,0.1,0.3,B_DF_0.58to0.25
28.86,0.25,0.1,0.3,B_DF_0.58to0.25
28.88,0.25,0.1,0.3,B_DF_0.58to0.25
28.900000000000002,0.25,0.1,0.3,B_DF_0.58to0.25
28.92,0.25,0.1,0.3,B_DF_0.58to0.25
28.94,0.25,0.1,0.3,B_DF_0.58to0.25
28.96,0.25,0.1,0.3,B_DF_0.58to0.25
28.98,0.25,0.1,0.3,B_DF_0.58to0.25
29.0,0.25,0.1,0.3,B_DF_0.58to0.25
29.02,0.25,0.1,0.3,B_DF_0.58to0.25
29.04,0.25,0.1,0.3,B_DF_0.58to0.25
29.060000000000002,0.25,0.1,0.3,B_DF_0.58to0.25
29.080000000000002,0.25,0.1,0.3,B_DF_0.58to0.25
29.1,0.25,0.1,0.3,B_DF_0.58to0.25
29.12,0.25,0.1,0.3,B_DF_0.58to0.25
29.14,0.25,0.1,0.3,B_DF_0.58to0.25
29.16,0.25,0.1,0.3,B_DF_0.58to0.25
29.18,0.25,0.1,0.3,B_DF_0.58to0.25
29.2,0.25,0.1,0.3,B_DF_0.58to0.25
29.22,0.25,0.1,0.3,B_DF_0.58to0.25
29.240000000000002,0.25,0.1,0.3,B_DF_0.58to0.25
29.26,0.25,0.1,0.3,B_DF_0.58to0.25
29.28,0.25,0.1,0.3,B_DF_0.58to0.25
29.3,0.25,0.1,0.3,B_DF_0.58to0.25
29.32,0.25,0.1,0.3,B_DF_0.58to0.25
29.34,0.25,0.1,0.3,B_DF_0.58to0.25
29.36,0.25,0.1,0.3,B_DF_0.58to0.25
29.38,0.25,0.1,0.3,B_DF_0.58to0.25
29.400000000000002,0.25,0.1,0.3,B_DF_0.58to0.25
29.42,0.25,0.1,0.3,B_DF_0.58to0.25
29.44,0.25,0.1,0.3,B_DF_0.58to0.25
29.46,0.25,0.1,0.3,B_DF_0.58to0.25
29.48,0.25,0.1,0.3,B_DF_0.58to0.25
29.5,0.25,0.1,0.3,B_DF_0.58to0.25
29.52,0.25,0.1,0.3,B_DF_0.58to0.25
29.54,0.25,0.1,0.3,B_DF_0.58to0.25
29.560000000000002,0.25,0.1,0.3,B_DF_0.58to0.25
29.580000000000002,0.25,0.1,0.3,B_DF_0.58to0.25
29.6,0.25,0.1,0.3,B_DF_0.58to0.25
29.62,0.25,0.1,0.3,B_DF_0.58to0.25
29.64,0.25,0.1,0.3,B_DF_0.58to0.25
29.66,0.25,0.1,0.3,B_DF_0.58to0.25
29.68,0.25,0.1,0.3,B_DF_0.58to0.25
29.7,0.25,0.1,0.3,B_DF_0.58to0.25
29.72,0.25,0.1,0.3,B_DF_0.58to0.25
29.740000000000002,0.25,0.1,0.3,B_DF_0.58to0.25
29.76,0.25,0.1,0.3,B_DF_0.58to0.25
29.78,0.25,0.1,0.3,B_DF_0.58to0.25
29.8,0.25,0.1,0.3,B_DF_0.58to0.25
29.82,0.25,0.1,0.3,B_DF_0.58to0.25
29.84,0.25,0.1,0.3,B_DF_0.58to0.25
29.86,0.25,0.1,0.3,B_DF_0.58to0.25
29.88,0.25,0.1,0.3,B_DF_0.58to0.25
29.900000000000002,0.25,0.1,0.3,B_DF_0.58to0.25
29.92,0.25,0.1,0.3,B_DF_0.58to0.25
29.94,0.25,0.1,0.3,B_DF_0.58to0.25
29.96,0.25,0.1,0.3,B_DF_0.58to0.25
29.98,0.25,0.1,0.3,B_DF_0.58to0.25
30.0,0.05,0.1,0.3,B_DF_pre0.05
30.02,0.05,0.1,0.3,B_DF_pre0.05
30.04,0.05,0.1,0.3,B_DF_pre0.05
30.060000000000002,0.05,0.1,0.3,B_DF_pre0.05
30.080000000000002,0.05,0.1,0.3,B_DF_pre0.05
30.1,0.05,0.1,0.3,B_DF_pre0.05
30.12,0.05,0.1,0.3,B_DF_pre0.05
30.14,0.05,0.1,0.3,B_DF_pre0.05
30.16,0.05,0.1,0.3,B_DF_pre0.05
30.18,0.05,0.1,0.3,B_DF_pre0.05
30.2,0.05,0.1,0.3,B_DF_pre0.05
30.22,0.05,0.1,0.3,B_DF_pre0.05
30.240000000000002,0.05,0.1,0.3,B_DF_pre0.05
30.26,0.05,0.1,0.3,B_DF_pre0.05
30.28,0.05,0.1,0.3,B_DF_pre0.05
30.3,0.05,0.1,0.3,B_DF_pre0.05
30.32,0.05,0.1,0.3,B_DF_pre0.05
30.34,0.05,0.1,0.3,B_DF_pre0.05
30.36,0.05,0.1,0.3,B_DF_pre0.05
30.38,0.05,0.1,0.3,B_DF_pre0.05
30.400000000000002,0.05,0.1,0.3,B_DF_pre0.05
30.42,0.05,0.1,0.3,B_DF_pre0.05
30.44,0.05,0.1,0.3,B_DF_pre0.05
30.46,0.05,0.1,0.3,B_DF_pre0.05
30.48,0.05,0.1,0.3,B_DF_pre0.05
30.5,0.05,0.1,0.3,B_DF_pre0.05
30.52,0.05,0.1,0.3,B_DF_pre0.05
30.54,0.05,0.1,0.3,B_DF_pre0.05
30.560000000000002,0.05,0.1,0.3,B_DF_pre0.05
30.580000000000002,0.05,0.1,0.3,B_DF_pre0.05
30.6,0.05,0.1,0.3,B_DF_pre0.05
30.62,0.05,0.1,0.3,B_DF_pre0.05
30.64,0.05,0.1,0.3,B_DF_pre0.05
30.66,0.05,0.1,0.3,B_DF_pre0.05
30.68,0.05,0.1,0.3,B_DF_pre0.05
30.7,0.05,0.1,0.3,B_DF_pre0.05
30.72,0.05,0.1,0.3,B_DF_pre0.05
30.740000000000002,0.05,0.1,0.3,B_DF_pre0.05
30.76,0.05,0.1,0.3,B_DF_pre0.05
30.78,0.05,0.1,0.3,B_DF_pre0.05
30.8,0.05,0.1,0.3,B_DF_pre0.05
30.82,0.05,0.1,0.3,B_DF_pre0.05
30.84,0.05,0.1,0.3,B_DF_pre0.05
30.86,0.05,0.1,0.3,B_DF_pre0.05
30.88,0.05,0.1,0.3,B_DF_pre0.05
30.900000000000002,0.05,0.1,0.3,B_DF_pre0.05
30.92,0.05,0.1,0.3,B_DF_pre0.05
30.94,0.05,0.1,0.3,B_DF_pre0.05
30.96,0.05,0.1,0.3,B_DF_pre0.05
30.98,0.05,0.1,0.3,B_DF_pre0.05
31.0,0.05,0.1,0.3,B_DF_pre0.05
31.02,0.05,0.1,0.3,B_DF_pre0.05
31.04,0.05,0.1,0.3,B_DF_pre0.05
31.060000000000002,0.05,0.1,0.3,B_DF_pre0.05
31.080000000000002,0.05,0.1,0.3,B_DF_pre0.05
31.1,0.05,0.1,0.3,B_DF_pre0.05
31.12,0.05,0.1,0.3,B_DF_pre0.05
31.14,0.05,0.1,0.3,B_DF_pre0.05
31.16,0.05,0.1,0.3,B_DF_pre0.05
31.18,0.05,0.1,0.3,B_DF_pre0.05
31.2,0.05,0.1,0.3,B_DF_pre0.05
31.220000000000002,0.05,0.1,0.3,B_DF_pre0.05
31.240000000000002,0.05,0.1,0.3,B_DF_pre0.05
31.26,0.05,0.1,0.3,B_DF_pre0.05
31.28,0.05,0.1,0.3,B_DF_pre0.05
31.3,0.05,0.1,0.3,B_DF_pre0.05
31.32,0.05,0.1,0.3,B_DF_pre0.05
31.34,0.05,0.1,0.3,B_DF_pre0.05
31.36,0.05,0.1,0.3,B_DF_pre0.05
31.38,0.05,0.1,0.3,B_DF_pre0.05
31.400000000000002,0.05,0.1,0.3,B_DF_pre0.05
31.42,0.05,0.1,0.3,B_DF_pre0.05
31.44,0.05,0.1,0.3,B_DF_pre0.05
31.46,0.05,0.1,0.3,B_DF_pre0.05
31.48,0.05,0.1,0.3,B_DF_pre0.05
31.5,0.25,0.1,0.3,B_DF_0.05to0.25
31.52,0.25,0.1,0.3,B_DF_0.05to0.25
31.54,0.25,0.1,0.3,B_DF_0.05to0.25
31.560000000000002,0.25,0.1,0.3,B_DF_0.05to0.25
31.580000000000002,0.25,0.1,0.3,B_DF_0.05to0.25
31.6,0.25,0.1,0.3,B_DF_0.05to0.25
31.62,0.25,0.1,0.3,B_DF_0.05to0.25
31.64,0.25,0.1,0.3,B_DF_0.05to0.25
31.66,0.25,0.1,0.3,B_DF_0.05to0.25
31.68,0.25,0.1,0.3,B_DF_0.05to0.25
31.7,0.25,0.1,0.3,B_DF_0.05to0.25
31.720000000000002,0.25,0.1,0.3,B_DF_0.05to0.25
31.740000000000002,0.25,0.1,0.3,B_DF_0.05to0.25
31.76,0.25,0.1,0.3,B_DF_0.05to0.25
31.78,0.25,0.1,0.3,B_DF_0.05to0.25
31.8,0.25,0.1,0.3,B_DF_0.05to0.25
31.82,0.25,0.1,0.3,B_DF_0.05to0.25
31.84,0.25,0.1,0.3,B_DF_0.05to0.25
31.86,0.25,0.1,0.3,B_DF_0.05to0.25
31.88,0.25,0.1,0.3,B_DF_0.05to0.25
31.900000000000002,0.25,0.1,0.3,B_DF_0.05to0.25
31.92,0.25,0.1,0.3,B_DF_0.05to0.25
31.94,0.25,0.1,0.3,B_DF_0.05to0.25
31.96,0.25,0.1,0.3,B_DF_0.05to0.25
31.98,0.25,0.1,0.3,B_DF_0.05to0.25
32.0,0.25,0.1,0.3,B_DF_0.05to0.25
32.02,0.25,0.1,0.3,B_DF_0.05to0.25
32.04,0.25,0.1,0.3,B_DF_0.05to0.25
32.06,0.25,0.1,0.3,B_DF_0.05to0.25
32.08,0.25,0.1,0.3,B_DF_0.05to0.25
32.1,0.25,0.1,0.3,B_DF_0.05to0.25
32.12,0.25,0.1,0.3,B_DF_0.05to0.25
32.14,0.25,0.1,0.3,B_DF_0.05to0.25
32.160000000000004,0.25,0.1,0.3,B_DF_0.05to0.25
32.18,0.25,0.1,0.3,B_DF_0.05to0.25
32.2,0.25,0.1,0.3,B_DF_0.05to0.25
32.22,0.25,0.1,0.3,B_DF_0.05to0.25
32.24,0.25,0.1,0.3,B_DF_0.05to0.25
32.26,0.25,0.1,0.3,B_DF_0.05to0.25
32.28,0.25,0.1,0.3,B_DF_0.05to0.25
32.3,0.25,0.1,0.3,B_DF_0.05to0.25
32.32,0.25,0.1,0.3,B_DF_0.05to0.25
32.34,0.25,0.1,0.3,B_DF_0.05to0.25
32.36,0.25,0.1,0.3,B_DF_0.05to0.25
32.38,0.25,0.1,0.3,B_DF_0.05to0.25
32.4,0.25,0.1,0.3,B_DF_0.05to0.25
32.42,0.25,0.1,0.3,B_DF_0.05to0.25
32.44,0.25,0.1,0.3,B_DF_0.05to0.25
32.46,0.25,0.1,0.3,B_DF_0.05to0.25
32.480000000000004,0.25,0.1,0.3,B_DF_0.05to0.25
32.5,0.25,0.1,0.3,B_DF_0.05to0.25
32.52,0.25,0.1,0.3,B_DF_0.05to0.25
32.54,0.25,0.1,0.3,B_DF_0.05to0.25
32.56,0.25,0.1,0.3,B_DF_0.05to0.25
32.58,0.25,0.1,0.3,B_DF_0.05to0.25
32.6,0.25,0.1,0.3,B_DF_0.05to0.25
32.62,0.25,0.1,0.3,B_DF_0.05to0.25
32.64,0.25,0.1,0.3,B_DF_0.05to0.25
32.660000000000004,0.25,0.1,0.3,B_DF_0.05to0.25
32.68,0.25,0.1,0.3,B_DF_0.05to0.25
32.7,0.25,0.1,0.3,B_DF_0.05to0.25
32.72,0.25,0.1,0.3,B_DF_0.05to0.25
32.74,0.25,0.1,0.3,B_DF_0.05to0.25
32.76,0.25,0.1,0.3,B_DF_0.05to0.25
32.78,0.25,0.1,0.3,B_DF_0.05to0.25
32.8,0.25,0.1,0.3,B_DF_0.05to0.25
32.82,0.25,0.1,0.3,B_DF_0.05to0.25
32.84,0.25,0.1,0.3,B_DF_0.05to0.25
32.86,0.25,0.1,0.3,B_DF_0.05to0.25
32.88,0.25,0.1,0.3,B_DF_0.05to0.25
32.9,0.25,0.1,0.3,B_DF_0.05to0.25
32.92,0.25,0.1,0.3,B_DF_0.05to0.25
32.94,0.25,0.1,0.3,B_DF_0.05to0.25
32.96,0.25,0.1,0.3,B_DF_0.05to0.25
32.980000000000004,0.25,0.1,0.3,B_DF_0.05to0.25
33.0,0.25,0.1,0.3,B_DF_0.05to0.25
33.02,0.25,0.1,0.3,B_DF_0.05to0.25
33.04,0.25,0.1,0.3,B_DF_0.05to0.25
33.06,0.25,0.1,0.3,B_DF_0.05to0.25
33.08,0.25,0.1,0.3,B_DF_0.05to0.25
33.1,0.25,0.1,0.3,B_DF_0.05to0.25
33.12,0.25,0.1,0.3,B_DF_0.05to0.25
33.14,0.25,0.1,0.3,B_DF_0.05to0.25
33.160000000000004,0.25,0.1,0.3,B_DF_0.05to0.25
33.18,0.25,0.1,0.3,B_DF_0.05to0.25
33.2,0.25,0.1,0.3,B_DF_0.05to0.25
33.22,0.25,0.1,0.3,B_DF_0.05to0.25
33.24,0.25,0.1,0.3,B_DF_0.05to0.25
33.26,0.25,0.1,0.3,B_DF_0.05to0.25
33.28,0.25,0.1,0.3,B_DF_0.05to0.25
33.3,0.25,0.1,0.3,B_DF_0.05to0.25
33.32,0.25,0.1,0.3,B_DF_0.05to0.25
33.34,0.25,0.1,0.3,B_DF_0.05to0.25
33.36,0.25,0.1,0.3,B_DF_0.05to0.25
33.38,0.25,0.1,0.3,B_DF_0.05to0.25
33.4,0.25,0.1,0.3,B_DF_0.05to0.25
33.42,0.25,0.1,0.3,B_DF_0.05to0.25
33.44,0.25,0.1,0.3,B_DF_0.05to0.25
33.46,0.25,0.1,0.3,B_DF_0.05to0.25
33.480000000000004,0.25,0.1,0.3,B_DF_0.05to0.25
33.5,0.25,0.1,0.3,B_DF_pre0.25
33.52,0.25,0.1,0.3,B_DF_pre0.25
33.54,0.25,0.1,0.3,B_DF_pre0.25
33.56,0.25,0.1,0.3,B_DF_pre0.25
33.58,0.25,0.1,0.3,B_DF_pre0.25
33.6,0.25,0.1,0.3,B_DF_pre0.25
33.62,0.25,0.1,0.3,B_DF_pre0.25
33.64,0.25,0.1,0.3,B_DF_pre0.25
33.660000000000004,0.25,0.1,0.3,B_DF_pre0.25
33.68,0.25,0.1,0.3,B_DF_pre0.25
33.7,0.25,0.1,0.3,B_DF_pre0.25
33.72,0.25,0.1,0.3,B_DF_pre0.25
33.74,0.25,0.1,0.3,B_DF_pre0.25
33.76,0.25,0.1,0.3,B_DF_pre0.25
33.78,0.25,0.1,0.3,B_DF_pre0.25
33.8,0.25,0.1,0.3,B_DF_pre0.25
33.82,0.25,0.1,0.3,B_DF_pre0.25
33.84,0.25,0.1,0.3,B_DF_pre0.25
33.86,0.25,0.1,0.3,B_DF_pre0.25
33.88,0.25,0.1,0.3,B_DF_pre0.25
33.9,0.25,0.1,0.3,B_DF_pre0.25
33.92,0.25,0.1,0.3,B_DF_pre0.25
33.94,0.25,0.1,0.3,B_DF_pre0.25
33.96,0.25,0.1,0.3,B_DF_pre0.25
33.980000000000004,0.25,0.1,0.3,B_DF_pre0.25
34.0,0.25,0.1,0.3,B_DF_pre0.25
34.02,0.25,0.1,0.3,B_DF_pre0.25
34.04,0.25,0.1,0.3,B_DF_pre0.25
34.06,0.25,0.1,0.3,B_DF_pre0.25
34.08,0.25,0.1,0.3,B_DF_pre0.25
34.1,0.25,0.1,0.3,B_DF_pre0.25
34.12,0.25,0.1,0.3,B_DF_pre0.25
34.14,0.25,0.1,0.3,B_DF_pre0.25
34.160000000000004,0.25,0.1,0.3,B_DF_pre0.25
34.18,0.25,0.1,0.3,B_DF_pre0.25
34.2,0.25,0.1,0.3,B_DF_pre0.25
34.22,0.25,0.1,0.3,B_DF_pre0.25
34.24,0.25,0.1,0.3,B_DF_pre0.25
34.26,0.25,0.1,0.3,B_DF_pre0.25
34.28,0.25,0.1,0.3,B_DF_pre0.25
34.300000000000004,0.25,0.1,0.3,B_DF_pre0.25
34.32,0.25,0.1,0.3,B_DF_pre0.25
34.34,0.25,0.1,0.3,B_DF_pre0.25
34.36,0.25,0.1,0.3,B_DF_pre0.25
34.38,0.25,0.1,0.3,B_DF_pre0.25
34.4,0.25,0.1,0.3,B_DF_pre0.25
34.42,0.25,0.1,0.3,B_DF_pre0.25
34.44,0.25,0.1,0.3,B_DF_pre0.25
34.46,0.25,0.1,0.3,B_DF_pre0.25
34.480000000000004,0.25,0.1,0.3,B_DF_pre0.25
34.5,0.25,0.1,0.3,B_DF_pre0.25
34.52,0.25,0.1,0.3,B_DF_pre0.25
34.54,0.25,0.1,0.3,B_DF_pre0.25
34.56,0.25,0.1,0.3,B_DF_pre0.25
34.58,0.25,0.1,0.3,B_DF_pre0.25
34.6,0.25,0.1,0.3,B_DF_pre0.25
34.62,0.25,0.1,0.3,B_DF_pre0.25
34.64,0.25,0.1,0.3,B_DF_pre0.25
34.660000000000004,0.25,0.1,0.3,B_DF_pre0.25
34.68,0.25,0.1,0.3,B_DF_pre0.25
34.7,0.25,0.1,0.3,B_DF_pre0.25
34.72,0.25,0.1,0.3,B_DF_pre0.25
34.74,0.25,0.1,0.3,B_DF_pre0.25
34.76,0.25,0.1,0.3,B_DF_pre0.25
34.78,0.25,0.1,0.3,B_DF_pre0.25
34.800000000000004,0.25,0.1,0.3,B_DF_pre0.25
34.82,0.25,0.1,0.3,B_DF_pre0.25
34.84,0.25,0.1,0.3,B_DF_pre0.25
34.86,0.25,0.1,0.3,B_DF_pre0.25
34.88,0.25,0.1,0.3,B_DF_pre0.25
34.9,0.25,0.1,0.3,B_DF_pre0.25
34.92,0.25,0.1,0.3,B_DF_pre0.25
34.94,0.25,0.1,0.3,B_DF_pre0.25
34.96,0.25,0.1,0.3,B_DF_pre0.25
34.980000000000004,0.25,0.1,0.3,B_DF_pre0.25
35.0,0.05,0.1,0.3,B_DF_0.25to0.05
35.02,0.05,0.1,0.3,B_DF_0.25to0.05
35.04,0.05,0.1,0.3,B_DF_0.25to0.05
35.06,0.05,0.1,0.3,B_DF_0.25to0.05
35.08,0.05,0.1,0.3,B_DF_0.25to0.05
35.1,0.05,0.1,0.3,B_DF_0.25to0.05
35.12,0.05,0.1,0.3,B_DF_0.25to0.05
35.14,0.05,0.1,0.3,B_DF_0.25to0.05
35.160000000000004,0.05,0.1,0.3,B_DF_0.25to0.05
35.18,0.05,0.1,0.3,B_DF_0.25to0.05
35.2,0.05,0.1,0.3,B_DF_0.25to0.05
35.22,0.05,0.1,0.3,B_DF_0.25to0.05
35.24,0.05,0.1,0.3,B_DF_0.25to0.05
35.26,0.05,0.1,0.3,B_DF_0.25to0.05
35.28,0.05,0.1,0.3,B_DF_0.25to0.05
35.300000000000004,0.05,0.1,0.3,B_DF_0.25to0.05
35.32,0.05,0.1,0.3,B_DF_0.25to0.05
35.34,0.05,0.1,0.3,B_DF_0.25to0.05
35.36,0.05,0.1,0.3,B_DF_0.25to0.05
35.38,0.05,0.1,0.3,B_DF_0.25to0.05
35.4,0.05,0.1,0.3,B_DF_0.25to0.05
35.42,0.05,0.1,0.3,B_DF_0.25to0.05
35.44,0.05,0.1,0.3,B_DF_0.25to0.05
35.46,0.05,0.1,0.3,B_DF_0.25to0.05
35.480000000000004,0.05,0.1,0.3,B_DF_0.25to0.05
35.5,0.05,0.1,0.3,B_DF_0.25to0.05
35.52,0.05,0.1,0.3,B_DF_0.25to0.05
35.54,0.05,0.1,0.3,B_DF_0.25to0.05
35.56,0.05,0.1,0.3,B_DF_0.25to0.05
35.58,0.05,0.1,0.3,B_DF_0.25to0.05
35.6,0.05,0.1,0.3,B_DF_0.25to0.05
35.62,0.05,0.1,0.3,B_DF_0.25to0.05
35.64,0.05,0.1,0.3,B_DF_0.25to0.05
35.660000000000004,0.05,0.1,0.3,B_DF_0.25to0.05
35.68,0.05,0.1,0.3,B_DF_0.25to0.05
35.7,0.05,0.1,0.3,B_DF_0.25to0.05
35.72,0.05,0.1,0.3,B_DF_0.25to0.05
35.74,0.05,0.1,0.3,B_DF_0.25to0.05
35.76,0.05,0.1,0.3,B_DF_0.25to0.05
35.78,0.05,0.1,0.3,B_DF_0.25to0.05
35.800000000000004,0.05,0.1,0.3,B_DF_0.25to0.05
35.82,0.05,0.1,0.3,B_DF_0.25to0.05
35.84,0.05,0.1,0.3,B_DF_0.25to0.05
35.86,0.05,0.1,0.3,B_DF_0.25to0.05
35.88,0.05,0.1,0.3,B_DF_0.25to0.05
35.9,0.05,0.1,0.3,B_DF_0.25to0.05
35.92,0.05,0.1,0.3,B_DF_0.25to0.05
35.94,0.05,0.1,0.3,B_DF_0.25to0.05
35.96,0.05,0.1,0.3,B_DF_0.25to0.05
35.980000000000004,0.05,0.1,0.3,B_DF_0.25to0.05
36.0,0.05,0.1,0.3,B_DF_0.25to0.05
36.02,0.05,0.1,0.3,B_DF_0.25to0.05
36.04,0.05,0.1,0.3,B_DF_0.25to0.05
36.06,0.05,0.1,0.3,B_DF_0.25to0.05
36.08,0.05,0.1,0.3,B_DF_0.25to0.05
36.1,0.05,0.1,0.3,B_DF_0.25to0.05
36.12,0.05,0.1,0.3,B_DF_0.25to0.05
36.14,0.05,0.1,0.3,B_DF_0.25to0.05
36.160000000000004,0.05,0.1,0.3,B_DF_0.25to0.05
36.18,0.05,0.1,0.3,B_DF_0.25to0.05
36.2,0.05,0.1,0.3,B_DF_0.25to0.05
36.22,0.05,0.1,0.3,B_DF_0.25to0.05
36.24,0.05,0.1,0.3,B_DF_0.25to0.05
36.26,0.05,0.1,0.3,B_DF_0.25to0.05
36.28,0.05,0.1,0.3,B_DF_0.25to0.05
36.300000000000004,0.05,0.1,0.3,B_DF_0.25to0.05
36.32,0.05,0.1,0.3,B_DF_0.25to0.05
36.34,0.05,0.1,0.3,B_DF_0.25to0.05
36.36,0.05,0.1,0.3,B_DF_0.25to0.05
36.38,0.05,0.1,0.3,B_DF_0.25to0.05
36.4,0.05,0.1,0.3,B_DF_0.25to0.05
36.42,0.05,0.1,0.3,B_DF_0.25to0.05
36.44,0.05,0.1,0.3,B_DF_0.25to0.05
36.46,0.05,0.1,0.3,B_DF_0.25to0.05
36.480000000000004,0.05,0.1,0.3,B_DF_0.25to0.05
36.5,0.05,0.1,0.3,B_DF_0.25to0.05
36.52,0.05,0.1,0.3,B_DF_0.25to0.05
36.54,0.05,0.1,0.3,B_DF_0.25to0.05
36.56,0.05,0.1,0.3,B_DF_0.25to0.05
36.58,0.05,0.1,0.3,B_DF_0.25to0.05
36.6,0.05,0.1,0.3,B_DF_0.25to0.05
36.62,0.05,0.1,0.3,B_DF_0.25to0.05
36.64,0.05,0.1,0.3,B_DF_0.25to0.05
36.660000000000004,0.05,0.1,0.3,B_DF_0.25to0.05
36.68,0.05,0.1,0.3,B_DF_0.25to0.05
36.7,0.05,0.1,0.3,B_DF_0.25to0.05
36.72,0.05,0.1,0.3,B_DF_0.25to0.05
36.74,0.05,0.1,0.3,B_DF_0.25to0.05
36.76,0.05,0.1,0.3,B_DF_0.25to0.05
36.78,0.05,0.1,0.3,B_DF_0.25to0.05
36.800000000000004,0.05,0.1,0.3,B_DF_0.25to0.05
36.82,0.05,0.1,0.3,B_DF_0.25to0.05
36.84,0.05,0.1,0.3,B_DF_0.25to0.05
36.86,0.05,0.1,0.3,B_DF_0.25to0.05
36.88,0.05,0.1,0.3,B_DF_0.25to0.05
36.9,0.05,0.1,0.3,B_DF_0.25to0.05
36.92,0.05,0.1,0.3,B_DF_0.25to0.05
36.94,0.05,0.1,0.3,B_DF_0.25to0.05
36.96,0.05,0.1,0.3,B_DF_0.25to0.05
36.980000000000004,0.05,0.1,0.3,B_DF_0.25to0.05
37.0,0.1,0.1,0.3,rest
37.02,0.1,0.1,0.3,rest
37.04,0.1,0.1,0.3,rest
37.06,0.1,0.1,0.3,rest
37.08,0.1,0.1,0.3,rest
37.1,0.1,0.1,0.3,rest
37.12,0.1,0.1,0.3,rest
37.14,0.1,0.1,0.3,rest
37.160000000000004,0.1,0.1,0.3,rest
37.18,0.1,0.1,0.3,rest
37.2,0.1,0.1,0.3,rest
37.22,0.1,0.1,0.3,rest
37.24,0.1,0.1,0.3,rest
37.26,0.1,0.1,0.3,rest
37.28,0.1,0.1,0.3,rest
37.300000000000004,0.1,0.1,0.3,rest
37.32,0.1,0.1,0.3,rest
37.34,0.1,0.1,0.3,rest
37.36,0.1,0.1,0.3,rest
37.38,0.1,0.1,0.3,rest
37.4,0.1,0.1,0.3,rest
37.42,0.1,0.1,0.3,rest
37.44,0.1,0.1,0.3,rest
37.46,0.1,0.1,0.3,rest
37.480000000000004,0.1,0.1,0.3,rest
37.5,0.1,0.1,0.3,rest
37.52,0.1,0.1,0.3,rest
37.54,0.1,0.1,0.3,rest
37.56,0.1,0.1,0.3,rest
37.58,0.1,0.1,0.3,rest
37.6,0.1,0.1,0.3,rest
37.62,0.1,0.1,0.3,rest
37.64,0.1,0.1,0.3,rest
37.660000000000004,0.1,0.1,0.3,rest
37.68,0.1,0.1,0.3,rest
37.7,0.1,0.1,0.3,rest
37.72,0.1,0.1,0.3,rest
37.74,0.1,0.1,0.3,rest
37.76,0.1,0.1,0.3,rest
37.78,0.1,0.1,0.3,rest
37.800000000000004,0.1,0.1,0.3,rest
37.82,0.1,0.1,0.3,rest
37.84,0.1,0.1,0.3,rest
37.86,0.1,0.1,0.3,rest
37.88,0.1,0.1,0.3,rest
37.9,0.1,0.1,0.3,rest
37.92,0.1,0.1,0.3,rest
37.94,0.1,0.1,0.3,rest
37.96,0.1,0.1,0.3,rest
37.980000000000004,0.1,0.1,0.3,rest
38.0,0.1,0.1,0.3,rest
38.02,0.1,0.1,0.3,rest
38.04,0.1,0.1,0.3,rest
38.06,0.1,0.1,0.3,rest
38.08,0.1,0.1,0.3,rest
38.1,0.1,0.1,0.3,rest
38.12,0.1,0.1,0.3,rest
38.14,0.1,0.1,0.3,rest
38.160000000000004,0.1,0.1,0.3,rest
38.18,0.1,0.1,0.3,rest
38.2,0.1,0.1,0.3,rest
38.22,0.1,0.1,0.3,rest
38.24,0.1,0.1,0.3,rest
38.26,0.1,0.1,0.3,rest
38.28,0.1,0.1,0.3,rest
38.300000000000004,0.1,0.1,0.3,rest
38.32,0.1,0.1,0.3,rest
38.34,0.1,0.1,0.3,rest
38.36,0.1,0.1,0.3,rest
38.38,0.1,0.1,0.3,rest
38.4,0.1,0.1,0.3,rest
38.42,0.1,0.1,0.3,rest
38.44,0.1,0.1,0.3,rest
38.46,0.1,0.1,0.3,rest
38.480000000000004,0.1,0.1,0.3,rest
38.5,0.1,0.1,0.3,rest
38.52,0.1,0.1,0.3,rest
38.54,0.1,0.1,0.3,rest
38.56,0.1,0.1,0.3,rest
38.58,0.1,0.1,0.3,rest
38.6,0.1,0.1,0.3,rest
38.62,0.1,0.1,0.3,rest
38.64,0.1,0.1,0.3,rest
38.660000000000004,0.1,0.1,0.3,rest
38.68,0.1,0.1,0.3,rest
38.7,0.1,0.1,0.3,rest
38.72,0.1,0.1,0.3,rest
38.74,0.1,0.1,0.3,rest
38.76,0.1,0.1,0.3,rest
38.78,0.1,0.1,0.3,rest
38.800000000000004,0.1,0.1,0.3,rest
38.82,0.1,0.1,0.3,rest
38.84,0.1,0.1,0.3,rest
38.86,0.1,0.1,0.3,rest
38.88,0.1,0.1,0.3,rest
38.9,0.1,0.1,0.3,rest
38.92,0.1,0.1,0.3,rest
38.94,0.1,0.1,0.3,rest
38.96,0.1,0.1,0.3,rest
38.980000000000004,0.1,0.1,0.3,rest
39.0,0.1,0.05,0.3,B_F_pre0.05
39.02,0.1,0.05,0.3,B_F_pre0.05
39.04,0.1,0.05,0.3,B_F_pre0.05
39.06,0.1,0.05,0.3,B_F_pre0.05
39.08,0.1,0.05,0.3,B_F_pre0.05
39.1,0.1,0.05,0.3,B_F_pre0.05
39.12,0.1,0.05,0.3,B_F_pre0.05
39.14,0.1,0.05,0.3,B_F_pre0.05
39.160000000000004,0.1,0.05,0.3,B_F_pre0.05
39.18,0.1,0.05,0.3,B_F_pre0.05
39.2,0.1,0.05,0.3,B_F_pre0.05
39.22,0.1,0.05,0.3,B_F_pre0.05
39.24,0.1,0.05,0.3,B_F_pre0.05
39.26,0.1,0.05,0.3,B_F_pre0.05
39.28,0.1,0.05,0.3,B_F_pre0.05
39.300000000000004,0.1,0.05,0.3,B_F_pre0.05
39.32,0.1,0.05,0.3,B_F_pre0.05
39.34,0.1,0.05,0.3,B_F_pre0.05
39.36,0.1,0.05,0.3,B_F_pre0.05
39.38,0.1,0.05,0.3,B_F_pre0.05
39.4,0.1,0.05,0.3,B_F_pre0.05
39.42,0.1,0.05,0.3,B_F_pre0.05
39.44,0.1,0.05,0.3,B_F_pre0.05
39.46,0.1,0.05,0.3,B_F_pre0.05
39.480000000000004,0.1,0.05,0.3,B_F_pre0.05
39.5,0.1,0.05,0.3,B_F_pre0.05
39.52,0.1,0.05,0.3,B_F_pre0.05
39.54,0.1,0.05,0.3,B_F_pre0.05
39.56,0.1,0.05,0.3,B_F_pre0.05
39.58,0.1,0.05,0.3,B_F_pre0.05
39.6,0.1,0.05,0.3,B_F_pre0.05
39.62,0.1,0.05,0.3,B_F_pre0.05
39.64,0.1,0.05,0.3,B_F_pre0.05
39.660000000000004,0.1,0.05,0.3,B_F_pre0.05
39.68,0.1,0.05,0.3,B_F_pre0.05
39.7,0.1,0.05,0.3,B_F_pre0.05
39.72,0.1,0.05,0.3,B_F_pre0.05
39.74,0.1,0.05,0.3,B_F_pre0.05
39.76,0.1,0.05,0.3,B_F_pre0.05
39.78,0.1,0.05,0.3,B_F_pre0.05
39.800000000000004,0.1,0.05,0.3,B_F_pre0.05
39.82,0.1,0.05,0.3,B_F_pre0.05
39.84,0.1,0.05,0.3,B_F_pre0.05
39.86,0.1,0.05,0.3,B_F_pre0.05
39.88,0.1,0.05,0.3,B_F_pre0.05
39.9,0.1,0.05,0.3,B_F_pre0.05
39.92,0.1,0.05,0.3,B_F_pre0.05
39.94,0.1,0.05,0.3,B_F_pre0.05
39.96,0.1,0.05,0.3,B_F_pre0.05
39.980000000000004,0.1,0.05,0.3,B_F_pre0.05
40.0,0.1,0.05,0.3,B_F_pre0.05
40.02,0.1,0.05,0.3,B_F_pre0.05
40.04,0.1,0.05,0.3,B_F_pre0.05
40.06,0.1,0.05,0.3,B_F_pre0.05
40.08,0.1,0.05,0.3,B_F_pre0.05
40.1,0.1,0.05,0.3,B_F_pre0.05
40.12,0.1,0.05,0.3,B_F_pre0.05
40.14,0.1,0.05,0.3,B_F_pre0.05
40.160000000000004,0.1,0.05,0.3,B_F_pre0.05
40.18,0.1,0.05,0.3,B_F_pre0.05
40.2,0.1,0.05,0.3,B_F_pre0.05
40.22,0.1,0.05,0.3,B_F_pre0.05
40.24,0.1,0.05,0.3,B_F_pre0.05
40.26,0.1,0.05,0.3,B_F_pre0.05
40.28,0.1,0.05,0.3,B_F_pre0.05
40.300000000000004,0.1,0.05,0.3,B_F_pre0.05
40.32,0.1,0.05,0.3,B_F_pre0.05
40.34,0.1,0.05,0.3,B_F_pre0.05
40.36,0.1,0.05,0.3,B_F_pre0.05
40.38,0.1,0.05,0.3,B_F_pre0.05
40.4,0.1,0.05,0.3,B_F_pre0.05
40.42,0.1,0.05,0.3,B_F_pre0.05
40.44,0.1,0.05,0.3,B_F_pre0.05
40.46,0.1,0.05,0.3,B_F_pre0.05
40.480000000000004,0.1,0.05,0.3,B_F_pre0.05
40.5,0.1,0.35,0.3,B_F_0.05to0.35
40.52,0.1,0.35,0.3,B_F_0.05to0.35
40.54,0.1,0.35,0.3,B_F_0.05to0.35
40.56,0.1,0.35,0.3,B_F_0.05to0.35
40.58,0.1,0.35,0.3,B_F_0.05to0.35
40.6,0.1,0.35,0.3,B_F_0.05to0.35
40.62,0.1,0.35,0.3,B_F_0.05to0.35
40.64,0.1,0.35,0.3,B_F_0.05to0.35
40.660000000000004,0.1,0.35,0.3,B_F_0.05to0.35
40.68,0.1,0.35,0.3,B_F_0.05to0.35
40.7,0.1,0.35,0.3,B_F_0.05to0.35
40.72,0.1,0.35,0.3,B_F_0.05to0.35
40.74,0.1,0.35,0.3,B_F_0.05to0.35
40.76,0.1,0.35,0.3,B_F_0.05to0.35
40.78,0.1,0.35,0.3,B_F_0.05to0.35
40.800000000000004,0.1,0.35,0.3,B_F_0.05to0.35
40.82,0.1,0.35,0.3,B_F_0.05to0.35
40.84,0.1,0.35,0.3,B_F_0.05to0.35
40.86,0.1,0.35,0.3,B_F_0.05to0.35
40.88,0.1,0.35,0.3,B_F_0.05to0.35
40.9,0.1,0.35,0.3,B_F_0.05to0.35
40.92,0.1,0.35,0.3,B_F_0.05to0.35
40.94,0.1,0.35,0.3,B_F_0.05to0.35
40.96,0.1,0.35,0.3,B_F_0.05to0.35
40.980000000000004,0.1,0.35,0.3,B_F_0.05to0.35
41.0,0.1,0.35,0.3,B_F_0.05to0.35
41.02,0.1,0.35,0.3,B_F_0.05to0.35
41.04,0.1,0.35,0.3,B_F_0.05to0.35
41.06,0.1,0.35,0.3,B_F_0.05to0.35
41.08,0.1,0.35,0.3,B_F_0.05to0.35
41.1,0.1,0.35,0.3,B_F_0.05to0.35
41.12,0.1,0.35,0.3,B_F_0.05to0.35
41.14,0.1,0.35,0.3,B_F_0.05to0.35
41.160000000000004,0.1,0.35,0.3,B_F_0.05to0.35
41.18,0.1,0.35,0.3,B_F_0.05to0.35
41.2,0.1,0.35,0.3,B_F_0.05to0.35
41.22,0.1,0.35,0.3,B_F_0.05to0.35
41.24,0.1,0.35,0.3,B_F_0.05to0.35
41.26,0.1,0.35,0.3,B_F_0.05to0.35
41.28,0.1,0.35,0.3,B_F_0.05to0.35
41.300000000000004,0.1,0.35,0.3,B_F_0.05to0.35
41.32,0.1,0.35,0.3,B_F_0.05to0.35
41.34,0.1,0.35,0.3,B_F_0.05to0.35
41.36,0.1,0.35,0.3,B_F_0.05to0.35
41.38,0.1,0.35,0.3,B_F_0.05to0.35
41.4,0.1,0.35,0.3,B_F_0.05to0.35
41.42,0.1,0.35,0.3,B_F_0.05to0.35
41.44,0.1,0.35,0.3,B_F_0.05to0.35
41.46,0.1,0.35,0.3,B_F_0.05to0.35
41.480000000000004,0.1,0.35,0.3,B_F_0.05to0.35
41.5,0.1,0.35,0.3,B_F_0.05to0.35
41.52,0.1,0.35,0.3,B_F_0.05to0.35
41.54,0.1,0.35,0.3,B_F_0.05to0.35
41.56,0.1,0.35,0.3,B_F_0.05to0.35
41.58,0.1,0.35,0.3,B_F_0.05to0.35
41.6,0.1,0.35,0.3,B_F_0.05to0.35
41.62,0.1,0.35,0.3,B_F_0.05to0.35
41.64,0.1,0.35,0.3,B_F_0.05to0.35
41.660000000000004,0.1,0.35,0.3,B_F_0.05to0.35
41.68,0.1,0.35,0.3,B_F_0.05to0.35
41.7,0.1,0.35,0.3,B_F_0.05to0.35
41.72,0.1,0.35,0.3,B_F_0.05to0.35
41.74,0.1,0.35,0.3,B_F_0.05to0.35
41.76,0.1,0.35,0.3,B_F_0.05to0.35
41.78,0.1,0.35,0.3,B_F_0.05to0.35
41.800000000000004,0.1,0.35,0.3,B_F_0.05to0.35
41.82,0.1,0.35,0.3,B_F_0.05to0.35
41.84,0.1,0.35,0.3,B_F_0.05to0.35
41.86,0.1,0.35,0.3,B_F_0.05to0.35
41.88,0.1,0.35,0.3,B_F_0.05to0.35
41.9,0.1,0.35,0.3,B_F_0.05to0.35
41.92,0.1,0.35,0.3,B_F_0.05to0.35
41.94,0.1,0.35,0.3,B_F_0.05to0.35
41.96,0.1,0.35,0.3,B_F_0.05to0.35
41.980000000000004,0.1,0.35,0.3,B_F_0.05to0.35
42.0,0.1,0.35,0.3,B_F_0.05to0.35
42.02,0.1,0.35,0.3,B_F_0.05to0.35
42.04,0.1,0.35,0.3,B_F_0.05to0.35
42.06,0.1,0.35,0.3,B_F_0.05to0.35
42.08,0.1,0.35,0.3,B_F_0.05to0.35
42.1,0.1,0.35,0.3,B_F_0.05to0.35
42.12,0.1,0.35,0.3,B_F_0.05to0.35
42.14,0.1,0.35,0.3,B_F_0.05to0.35
42.160000000000004,0.1,0.35,0.3,B_F_0.05to0.35
42.18,0.1,0.35,0.3,B_F_0.05to0.35
42.2,0.1,0.35,0.3,B_F_0.05to0.35
42.22,0.1,0.35,0.3,B_F_0.05to0.35
42.24,0.1,0.35,0.3,B_F_0.05to0.35
42.26,0.1,0.35,0.3,B_F_0.05to0.35
42.28,0.1,0.35,0.3,B_F_0.05to0.35
42.300000000000004,0.1,0.35,0.3,B_F_0.05to0.35
42.32,0.1,0.35,0.3,B_F_0.05to0.35
42.34,0.1,0.35,0.3,B_F_0.05to0.35
42.36,0.1,0.35,0.3,B_F_0.05to0.35
42.38,0.1,0.35,0.3,B_F_0.05to0.35
42.4,0.1,0.35,0.3,B_F_0.05to0.35
42.42,0.1,0.35,0.3,B_F_0.05to0.35
42.44,0.1,0.35,0.3,B_F_0.05to0.35
42.46,0.1,0.35,0.3,B_F_0.05to0.35
42.480000000000004,0.1,0.35,0.3,B_F_0.05to0.35
42.5,0.1,0.35,0.3,B_F_pre0.35
42.52,0.1,0.35,0.3,B_F_pre0.35
42.54,0.1,0.35,0.3,B_F_pre0.35
42.56,0.1,0.35,0.3,B_F_pre0.35
42.58,0.1,0.35,0.3,B_F_pre0.35
42.6,0.1,0.35,0.3,B_F_pre0.35
42.62,0.1,0.35,0.3,B_F_pre0.35
42.64,0.1,0.35,0.3,B_F_pre0.35
42.660000000000004,0.1,0.35,0.3,B_F_pre0.35
42.68,0.1,0.35,0.3,B_F_pre0.35
42.7,0.1,0.35,0.3,B_F_pre0.35
42.72,0.1,0.35,0.3,B_F_pre0.35
42.74,0.1,0.35,0.3,B_F_pre0.35
42.76,0.1,0.35,0.3,B_F_pre0.35
42.78,0.1,0.35,0.3,B_F_pre0.35
42.800000000000004,0.1,0.35,0.3,B_F_pre0.35
42.82,0.1,0.35,0.3,B_F_pre0.35
42.84,0.1,0.35,0.3,B_F_pre0.35
42.86,0.1,0.35,0.3,B_F_pre0.35
42.88,0.1,0.35,0.3,B_F_pre0.35
42.9,0.1,0.35,0.3,B_F_pre0.35
42.92,0.1,0.35,0.3,B_F_pre0.35
42.94,0.1,0.35,0.3,B_F_pre0.35
42.96,0.1,0.35,0.3,B_F_pre0.35
42.980000000000004,0.1,0.35,0.3,B_F_pre0.35
43.0,0.1,0.35,0.3,B_F_pre0.35
43.02,0.1,0.35,0.3,B_F_pre0.35
43.04,0.1,0.35,0.3,B_F_pre0.35
43.06,0.1,0.35,0.3,B_F_pre0.35
43.08,0.1,0.35,0.3,B_F_pre0.35
43.1,0.1,0.35,0.3,B_F_pre0.35
43.12,0.1,0.35,0.3,B_F_pre0.35
43.14,0.1,0.35,0.3,B_F_pre0.35
43.160000000000004,0.1,0.35,0.3,B_F_pre0.35
43.18,0.1,0.35,0.3,B_F_pre0.35
43.2,0.1,0.35,0.3,B_F_pre0.35
43.22,0.1,0.35,0.3,B_F_pre0.35
43.24,0.1,0.35,0.3,B_F_pre0.35
43.26,0.1,0.35,0.3,B_F_pre0.35
43.28,0.1,0.35,0.3,B_F_pre0.35
43.300000000000004,0.1,0.35,0.3,B_F_pre0.35
43.32,0.1,0.35,0.3,B_F_pre0.35
43.34,0.1,0.35,0.3,B_F_pre0.35
43.36,0.1,0.35,0.3,B_F_pre0.35
43.38,0.1,0.35,0.3,B_F_pre0.35
43.4,0.1,0.35,0.3,B_F_pre0.35
43.42,0.1,0.35,0.3,B_F_pre0.35
43.44,0.1,0.35,0.3,B_F_pre0.35
43.46,0.1,0.35,0.3,B_F_pre0.35
43.480000000000004,0.1,0.35,0.3,B_F_pre0.35
43.5,0.1,0.35,0.3,B_F_pre0.35
43.52,0.1,0.35,0.3,B_F_pre0.35
43.54,0.1,0.35,0.3,B_F_pre0.35
43.56,0.1,0.35,0.3,B_F_pre0.35
43.58,0.1,0.35,0.3,B_F_pre0.35
43.6,0.1,0.35,0.3,B_F_pre0.35
43.62,0.1,0.35,0.3,B_F_pre0.35
43.64,0.1,0.35,0.3,B_F_pre0.35
43.660000000000004,0.1,0.35,0.3,B_F_pre0.35
43.68,0.1,0.35,0.3,B_F_pre0.35
43.7,0.1,0.35,0.3,B_F_pre0.35
43.72,0.1,0.35,0.3,B_F_pre0.35
43.74,0.1,0.35,0.3,B_F_pre0.35
43.76,0.1,0.35,0.3,B_F_pre0.35
43.78,0.1,0.35,0.3,B_F_pre0.35
43.800000000000004,0.1,0.35,0.3,B_F_pre0.35
43.82,0.1,0.35,0.3,B_F_pre0.35
43.84,0.1,0.35,0.3,B_F_pre0.35
43.86,0.1,0.35,0.3,B_F_pre0.35
43.88,0.1,0.35,0.3,B_F_pre0.35
43.9,0.1,0.35,0.3,B_F_pre0.35
43.92,0.1,0.35,0.3,B_F_pre0.35
43.94,0.1,0.35,0.3,B_F_pre0.35
43.96,0.1,0.35,0.3,B_F_pre0.35
43.980000000000004,0.1,0.35,0.3,B_F_pre0.35
44.0,0.1,0.05,0.3,B_F_0.35to0.05
44.02,0.1,0.05,0.3,B_F_0.35to0.05
44.04,0.1,0.05,0.3,B_F_0.35to0.05
44.06,0.1,0.05,0.3,B_F_0.35to0.05
44.08,0.1,0.05,0.3,B_F_0.35to0.05
44.1,0.1,0.05,0.3,B_F_0.35to0.05
44.12,0.1,0.05,0.3,B_F_0.35to0.05
44.14,0.1,0.05,0.3,B_F_0.35to0.05
44.160000000000004,0.1,0.05,0.3,B_F_0.35to0.05
44.18,0.1,0.05,0.3,B_F_0.35to0.05
44.2,0.1,0.05,0.3,B_F_0.35to0.05
44.22,0.1,0.05,0.3,B_F_0.35to0.05
44.24,0.1,0.05,0.3,B_F_0.35to0.05
44.26,0.1,0.05,0.3,B_F_0.35to0.05
44.28,0.1,0.05,0.3,B_F_0.35to0.05
44.300000000000004,0.1,0.05,0.3,B_F_0.35to0.05
44.32,0.1,0.05,0.3,B_F_0.35to0.05
44.34,0.1,0.05,0.3,B_F_0.35to0.05
44.36,0.1,0.05,0.3,B_F_0.35to0.05
44.38,0.1,0.05,0.3,B_F_0.35to0.05
44.4,0.1,0.05,0.3,B_F_0.35to0.05
44.42,0.1,0.05,0.3,B_F_0.35to0.05
44.44,0.1,0.05,0.3,B_F_0.35to0.05
44.46,0.1,0.05,0.3,B_F_0.35to0.05
44.480000000000004,0.1,0.05,0.3,B_F_0.35to0.05
44.5,0.1,0.05,0.3,B_F_0.35to0.05
44.52,0.1,0.05,0.3,B_F_0.35to0.05
44.54,0.1,0.05,0.3,B_F_0.35to0.05
44.56,0.1,0.05,0.3,B_F_0.35to0.05
44.58,0.1,0.05,0.3,B_F_0.35to0.05
44.6,0.1,0.05,0.3,B_F_0.35to0.05
44.62,0.1,0.05,0.3,B_F_0.35to0.05
44.64,0.1,0.05,0.3,B_F_0.35to0.05
44.660000000000004,0.1,0.05,0.3,B_F_0.35to0.05
44.68,0.1,0.05,0.3,B_F_0.35to0.05
44.7,0.1,0.05,0.3,B_F_0.35to0.05
44.72,0.1,0.05,0.3,B_F_0.35to0.05
44.74,0.1,0.05,0.3,B_F_0.35to0.05
44.76,0.1,0.05,0.3,B_F_0.35to0.05
44.78,0.1,0.05,0.3,B_F_0.35to0.05
44.800000000000004,0.1,0.05,0.3,B_F_0.35to0.05
44.82,0.1,0.05,0.3,B_F_0.35to0.05
44.84,0.1,0.05,0.3,B_F_0.35to0.05
44.86,0.1,0.05,0.3,B_F_0.35to0.05
44.88,0.1,0.05,0.3,B_F_0.35to0.05
44.9,0.1,0.05,0.3,B_F_0.35to0.05
44.92,0.1,0.05,0.3,B_F_0.35to0.05
44.94,0.1,0.05,0.3,B_F_0.35to0.05
44.96,0.1,0.05,0.3,B_F_0.35to0.05
44.980000000000004,0.1,0.05,0.3,B_F_0.35to0.05
45.0,0.1,0.05,0.3,B_F_0.35to0.05
45.02,0.1,0.05,0.3,B_F_0.35to0.05
45.04,0.1,0.05,0.3,B_F_0.35to0.05
45.06,0.1,0.05,0.3,B_F_0.35to0.05
45.08,0.1,0.05,0.3,B_F_0.35to0.05
45.1,0.1,0.05,0.3,B_F_0.35to0.05
45.12,0.1,0.05,0.3,B_F_0.35to0.05
45.14,0.1,0.05,0.3,B_F_0.35to0.05
45.160000000000004,0.1,0.05,0.3,B_F_0.35to0.05
45.18,0.1,0.05,0.3,B_F_0.35to0.05
45.2,0.1,0.05,0.3,B_F_0.35to0.05
45.22,0.1,0.05,0.3,B_F_0.35to0.05
45.24,0.1,0.05,0.3,B_F_0.35to0.05
45.26,0.1,0.05,0.3,B_F_0.35to0.05
45.28,0.1,0.05,0.3,B_F_0.35to0.05
45.300000000000004,0.1,0.05,0.3,B_F_0.35to0.05
45.32,0.1,0.05,0.3,B_F_0.35to0.05
45.34,0.1,0.05,0.3,B_F_0.35to0.05
45.36,0.1,0.05,0.3,B_F_0.35to0.05
45.38,0.1,0.05,0.3,B_F_0.35to0.05
45.4,0.1,0.05,0.3,B_F_0.35to0.05
45.42,0.1,0.05,0.3,B_F_0.35to0.05
45.44,0.1,0.05,0.3,B_F_0.35to0.05
45.46,0.1,0.05,0.3,B_F_0.35to0.05
45.480000000000004,0.1,0.05,0.3,B_F_0.35to0.05
45.5,0.1,0.05,0.3,B_F_0.35to0.05
45.52,0.1,0.05,0.3,B_F_0.35to0.05
45.54,0.1,0.05,0.3,B_F_0.35to0.05
45.56,0.1,0.05,0.3,B_F_0.35to0.05
45.58,0.1,0.05,0.3,B_F_0.35to0.05
45.6,0.1,0.05,0.3,B_F_0.35to0.05
45.62,0.1,0.05,0.3,B_F_0.35to0.05
45.64,0.1,0.05,0.3,B_F_0.35to0.05
45.660000000000004,0.1,0.05,0.3,B_F_0.35to0.05
45.68,0.1,0.05,0.3,B_F_0.35to0.05
45.7,0.1,0.05,0.3,B_F_0.35to0.05
45.72,0.1,0.05,0.3,B_F_0.35to0.05
45.74,0.1,0.05,0.3,B_F_0.35to0.05
45.76,0.1,0.05,0.3,B_F_0.35to0.05
45.78,0.1,0.05,0.3,B_F_0.35to0.05
45.800000000000004,0.1,0.05,0.3,B_F_0.35to0.05
45.82,0.1,0.05,0.3,B_F_0.35to0.05
45.84,0.1,0.05,0.3,B_F_0.35to0.05
45.86,0.1,0.05,0.3,B_F_0.35to0.05
45.88,0.1,0.05,0.3,B_F_0.35to0.05
45.9,0.1,0.05,0.3,B_F_0.35to0.05
45.92,0.1,0.05,0.3,B_F_0.35to0.05
45.94,0.1,0.05,0.3,B_F_0.35to0.05
45.96,0.1,0.05,0.3,B_F_0.35to0.05
45.980000000000004,0.1,0.05,0.3,B_F_0.35to0.05
46.0,0.1,0.05,0.3,B_F_pre0.05
46.02,0.1,0.05,0.3,B_F_pre0.05
46.04,0.1,0.05,0.3,B_F_pre0.05
46.06,0.1,0.05,0.3,B_F_pre0.05
46.08,0.1,0.05,0.3,B_F_pre0.05
46.1,0.1,0.05,0.3,B_F_pre0.05
46.12,0.1,0.05,0.3,B_F_pre0.05
46.14,0.1,0.05,0.3,B_F_pre0.05
46.160000000000004,0.1,0.05,0.3,B_F_pre0.05
46.18,0.1,0.05,0.3,B_F_pre0.05
46.2,0.1,0.05,0.3,B_F_pre0.05
46.22,0.1,0.05,0.3,B_F_pre0.05
46.24,0.1,0.05,0.3,B_F_pre0.05
46.26,0.1,0.05,0.3,B_F_pre0.05
46.28,0.1,0.05,0.3,B_F_pre0.05
46.300000000000004,0.1,0.05,0.3,B_F_pre0.05
46.32,0.1,0.05,0.3,B_F_pre0.05
46.34,0.1,0.05,0.3,B_F_pre0.05
46.36,0.1,0.05,0.3,B_F_pre0.05
46.38,0.1,0.05,0.3,B_F_pre0.05
46.4,0.1,0.05,0.3,B_F_pre0.05
46.42,0.1,0.05,0.3,B_F_pre0.05
46.44,0.1,0.05,0.3,B_F_pre0.05
46.46,0.1,0.05,0.3,B_F_pre0.05
46.480000000000004,0.1,0.05,0.3,B_F_pre0.05
46.5,0.1,0.05,0.3,B_F_pre0.05
46.52,0.1,0.05,0.3,B_F_pre0.05
46.54,0.1,0.05,0.3,B_F_pre0.05
46.56,0.1,0.05,0.3,B_F_pre0.05
46.58,0.1,0.05,0.3,B_F_pre0.05
46.6,0.1,0.05,0.3,B_F_pre0.05
46.62,0.1,0.05,0.3,B_F_pre0.05
46.64,0.1,0.05,0.3,B_F_pre0.05
46.660000000000004,0.1,0.05,0.3,B_F_pre0.05
46.68,0.1,0.05,0.3,B_F_pre0.05
46.7,0.1,0.05,0.3,B_F_pre0.05
46.72,0.1,0.05,0.3,B_F_pre0.05
46.74,0.1,0.05,0.3,B_F_pre0.05
46.76,0.1,0.05,0.3,B_F_pre0.05
46.78,0.1,0.05,0.3,B_F_pre0.05
46.800000000000004,0.1,0.05,0.3,B_F_pre0.05
46.82,0.1,0.05,0.3,B_F_pre0.05
46.84,0.1,0.05,0.3,B_F_pre0.05
46.86,0.1,0.05,0.3,B_F_pre0.05
46.88,0.1,0.05,0.3,B_F_pre0.05
46.9,0.1,0.05,0.3,B_F_pre0.05
46.92,0.1,0.05,0.3,B_F_pre0.05
46.94,0.1,0.05,0.3,B_F_pre0.05
46.96,0.1,0.05,0.3,B_F_pre0.05
46.980000000000004,0.1,0.05,0.3,B_F_pre0.05
47.0,0.1,0.05,0.3,B_F_pre0.05
47.02,0.1,0.05,0.3,B_F_pre0.05
47.04,0.1,0.05,0.3,B_F_pre0.05
47.06,0.1,0.05,0.3,B_F_pre0.05
47.08,0.1,0.05,0.3,B_F_pre0.05
47.1,0.1,0.05,0.3,B_F_pre0.05
47.12,0.1,0.05,0.3,B_F_pre0.05
47.14,0.1,0.05,0.3,B_F_pre0.05
47.160000000000004,0.1,0.05,0.3,B_F_pre0.05
47.18,0.1,0.05,0.3,B_F_pre0.05
47.2,0.1,0.05,0.3,B_F_pre0.05
47.22,0.1,0.05,0.3,B_F_pre0.05
47.24,0.1,0.05,0.3,B_F_pre0.05
47.26,0.1,0.05,0.3,B_F_pre0.05
47.28,0.1,0.05,0.3,B_F_pre0.05
47.300000000000004,0.1,0.05,0.3,B_F_pre0.05
47.32,0.1,0.05,0.3,B_F_pre0.05
47.34,0.1,0.05,0.3,B_F_pre0.05
47.36,0.1,0.05,0.3,B_F_pre0.05
47.38,0.1,0.05,0.3,B_F_pre0.05
47.4,0.1,0.05,0.3,B_F_pre0.05
47.42,0.1,0.05,0.3,B_F_pre0.05
47.44,0.1,0.05,0.3,B_F_pre0.05
47.46,0.1,0.05,0.3,B_F_pre0.05
47.480000000000004,0.1,0.05,0.3,B_F_pre0.05
47.5,0.1,0.58,0.3,B_F_0.05to0.58
47.52,0.1,0.58,0.3,B_F_0.05to0.58
47.54,0.1,0.58,0.3,B_F_0.05to0.58
47.56,0.1,0.58,0.3,B_F_0.05to0.58
47.58,0.1,0.58,0.3,B_F_0.05to0.58
47.6,0.1,0.58,0.3,B_F_0.05to0.58
47.62,0.1,0.58,0.3,B_F_0.05to0.58
47.64,0.1,0.58,0.3,B_F_0.05to0.58
47.660000000000004,0.1,0.58,0.3,B_F_0.05to0.58
47.68,0.1,0.58,0.3,B_F_0.05to0.58
47.7,0.1,0.58,0.3,B_F_0.05to0.58
47.72,0.1,0.58,0.3,B_F_0.05to0.58
47.74,0.1,0.58,0.3,B_F_0.05to0.58
47.76,0.1,0.58,0.3,B_F_0.05to0.58
47.78,0.1,0.58,0.3,B_F_0.05to0.58
47.800000000000004,0.1,0.58,0.3,B_F_0.05to0.58
47.82,0.1,0.58,0.3,B_F_0.05to0.58
47.84,0.1,0.58,0.3,B_F_0.05to0.58
47.86,0.1,0.58,0.3,B_F_0.05to0.58
47.88,0.1,0.58,0.3,B_F_0.05to0.58
47.9,0.1,0.58,0.3,B_F_0.05to0.58
47.92,0.1,0.58,0.3,B_F_0.05to0.58
47.94,0.1,0.58,0.3,B_F_0.05to0.58
47.96,0.1,0.58,0.3,B_F_0.05to0.58
47.980000000000004,0.1,0.58,0.3,B_F_0.05to0.58
48.0,0.1,0.58,0.3,B_F_0.05to0.58
48.02,0.1,0.58,0.3,B_F_0.05to0.58
48.04,0.1,0.58,0.3,B_F_0.05to0.58
48.06,0.1,0.58,0.3,B_F_0.05to0.58
48.08,0.1,0.58,0.3,B_F_0.05to0.58
48.1,0.1,0.58,0.3,B_F_0.05to0.58
48.120000000000005,0.1,0.58,0.3,B_F_0.05to0.58
48.14,0.1,0.58,0.3,B_F_0.05to0.58
48.160000000000004,0.1,0.58,0.3,B_F_0.05to0.58
48.18,0.1,0.58,0.3,B_F_0.05to0.58
48.2,0.1,0.58,0.3,B_F_0.05to0.58
48.22,0.1,0.58,0.3,B_F_0.05to0.58
48.24,0.1,0.58,0.3,B_F_0.05to0.58
48.26,0.1,0.58,0.3,B_F_0.05to0.58
48.28,0.1,0.58,0.3,B_F_0.05to0.58
48.300000000000004,0.1,0.58,0.3,B_F_0.05to0.58
48.32,0.1,0.58,0.3,B_F_0.05to0.58
48.34,0.1,0.58,0.3,B_F_0.05to0.58
48.36,0.1,0.58,0.3,B_F_0.05to0.58
48.38,0.1,0.58,0.3,B_F_0.05to0.58
48.4,0.1,0.58,0.3,B_F_0.05to0.58
48.42,0.1,0.58,0.3,B_F_0.05to0.58
48.44,0.1,0.58,0.3,B_F_0.05to0.58
48.46,0.1,0.58,0.3,B_F_0.05to0.58
48.480000000000004,0.1,0.58,0.3,B_F_0.05to0.58
48.5,0.1,0.58,0.3,B_F_0.05to0.58
48.52,0.1,0.58,0.3,B_F_0.05to0.58
48.54,0.1,0.58,0.3,B_F_0.05to0.58
48.56,0.1,0.58,0.3,B_F_0.05to0.58
48.58,0.1,0.58,0.3,B_F_0.05to0.58
48.6,0.1,0.58,0.3,B_F_0.05to0.58
48.620000000000005,0.1,0.58,0.3,B_F_0.05to0.58
48.64,0.1,0.58,0.3,B_F_0.05to0.58
48.660000000000004,0.1,0.58,0.3,B_F_0.05to0.58
48.68,0.1,0.58,0.3,B_F_0.05to0.58
48.7,0.1,0.58,0.3,B_F_0.05to0.58
48.72,0.1,0.58,0.3,B_F_0.05to0.58
48.74,0.1,0.58,0.3,B_F_0.05to0.58
48.76,0.1,0.58,0.3,B_F_0.05to0.58
48.78,0.1,0.58,0.3,B_F_0.05to0.58
48.800000000000004,0.1,0.58,0.3,B_F_0.05to0.58
48.82,0.1,0.58,0.3,B_F_0.05to0.58
48.84,0.1,0.58,0.3,B_F_0.05to0.58
48.86,0.1,0.58,0.3,B_F_0.05to0.58
48.88,0.1,0.58,0.3,B_F_0.05to0.58
48.9,0.1,0.58,0.3,B_F_0.05to0.58
48.92,0.1,0.58,0.3,B_F_0.05to0.58
48.94,0.1,0.58,0.3,B_F_0.05to0.58
48.96,0.1,0.58,0.3,B_F_0.05to0.58
48.980000000000004,0.1,0.58,0.3,B_F_0.05to0.58
49.0,0.1,0.58,0.3,B_F_0.05to0.58
49.02,0.1,0.58,0.3,B_F_0.05to0.58
49.04,0.1,0.58,0.3,B_F_0.05to0.58
49.06,0.1,0.58,0.3,B_F_0.05to0.58
49.08,0.1,0.58,0.3,B_F_0.05to0.58
49.1,0.1,0.58,0.3,B_F_0.05to0.58
49.120000000000005,0.1,0.58,0.3,B_F_0.05to0.58
49.14,0.1,0.58,0.3,B_F_0.05to0.58
49.160000000000004,0.1,0.58,0.3,B_F_0.05to0.58
49.18,0.1,0.58,0.3,B_F_0.05to0.58
49.2,0.1,0.58,0.3,B_F_0.05to0.58
49.22,0.1,0.58,0.3,B_F_0.05to0.58
49.24,0.1,0.58,0.3,B_F_0.05to0.58
49.26,0.1,0.58,0.3,B_F_0.05to0.58
49.28,0.1,0.58,0.3,B_F_0.05to0.58
49.300000000000004,0.1,0.58,0.3,B_F_0.05to0.58
49.32,0.1,0.58,0.3,B_F_0.05to0.58
49.34,0.1,0.58,0.3,B_F_0.05to0.58
49.36,0.1,0.58,0.3,B_F_0.05to0.58
49.38,0.1,0.58,0.3,B_F_0.05to0.58
49.4,0.1,0.58,0.3,B_F_0.05to0.58
49.42,0.1,0.58,0.3,B_F_0.05to0.58
49.44,0.1,0.58,0.3,B_F_0.05to0.58
49.46,0.1,0.58,0.3,B_F_0.05to0.58
49.480000000000004,0.1,0.58,0.3,B_F_0.05to0.58
49.5,0.1,0.58,0.3,B_F_pre0.58
49.52,0.1,0.58,0.3,B_F_pre0.58
49.54,0.1,0.58,0.3,B_F_pre0.58
49.56,0.1,0.58,0.3,B_F_pre0.58
49.58,0.1,0.58,0.3,B_F_pre0.58
49.6,0.1,0.58,0.3,B_F_pre0.58
49.620000000000005,0.1,0.58,0.3,B_F_pre0.58
49.64,0.1,0.58,0.3,B_F_pre0.58
49.660000000000004,0.1,0.58,0.3,B_F_pre0.58
49.68,0.1,0.58,0.3,B_F_pre0.58
49.7,0.1,0.58,0.3,B_F_pre0.58
49.72,0.1,0.58,0.3,B_F_pre0.58
49.74,0.1,0.58,0.3,B_F_pre0.58
49.76,0.1,0.58,0.3,B_F_pre0.58
49.78,0.1,0.58,0.3,B_F_pre0.58
49.800000000000004,0.1,0.58,0.3,B_F_pre0.58
49.82,0.1,0.58,0.3,B_F_pre0.58
49.84,0.1,0.58,0.3,B_F_pre0.58
49.86,0.1,0.58,0.3,B_F_pre0.58
49.88,0.1,0.58,0.3,B_F_pre0.58
49.9,0.1,0.58,0.3,B_F_pre0.58
49.92,0.1,0.58,0.3,B_F_pre0.58
49.94,0.1,0.58,0.3,B_F_pre0.58
49.96,0.1,0.58,0.3,B_F_pre0.58
49.980000000000004,0.1,0.58,0.3,B_F_pre0.58
50.0,0.1,0.58,0.3,B_F_pre0.58
50.02,0.1,0.58,0.3,B_F_pre0.58
50.04,0.1,0.58,0.3,B_F_pre0.58
50.06,0.1,0.58,0.3,B_F_pre0.58
50.08,0.1,0.58,0.3,B_F_pre0.58
50.1,0.1,0.58,0.3,B_F_pre0.58
50.120000000000005,0.1,0.58,0.3,B_F_pre0.58
50.14,0.1,0.58,0.3,B_F_pre0.58
50.160000000000004,0.1,0.58,0.3,B_F_pre0.58
50.18,0.1,0.58,0.3,B_F_pre0.58
50.2,0.1,0.58,0.3,B_F_pre0.58
50.22,0.1,0.58,0.3,B_F_pre0.58
50.24,0.1,0.58,0.3,B_F_pre0.58
50.26,0.1,0.58,0.3,B_F_pre0.58
50.28,0.1,0.58,0.3,B_F_pre0.58
50.300000000000004,0.1,0.58,0.3,B_F_pre0.58
50.32,0.1,0.58,0.3,B_F_pre0.58
50.34,0.1,0.58,0.3,B_F_pre0.58
50.36,0.1,0.58,0.3,B_F_pre0.58
50.38,0.1,0.58,0.3,B_F_pre0.58
50.4,0.1,0.58,0.3,B_F_pre0.58
50.42,0.1,0.58,0.3,B_F_pre0.58
50.44,0.1,0.58,0.3,B_F_pre0.58
50.46,0.1,0.58,0.3,B_F_pre0.58
50.480000000000004,0.1,0.58,0.3,B_F_pre0.58
50.5,0.1,0.58,0.3,B_F_pre0.58
50.52,0.1,0.58,0.3,B_F_pre0.58
50.54,0.1,0.58,0.3,B_F_pre0.58
50.56,0.1,0.58,0.3,B_F_pre0.58
50.58,0.1,0.58,0.3,B_F_pre0.58
50.6,0.1,0.58,0.3,B_F_pre0.58
50.620000000000005,0.1,0.58,0.3,B_F_pre0.58
50.64,0.1,0.58,0.3,B_F_pre0.58
50.660000000000004,0.1,0.58,0.3,B_F_pre0.58
50.68,0.1,0.58,0.3,B_F_pre0.58
50.7,0.1,0.58,0.3,B_F_pre0.58
50.72,0.1,0.58,0.3,B_F_pre0.58
50.74,0.1,0.58,0.3,B_F_pre0.58
50.76,0.1,0.58,0.3,B_F_pre0.58
50.78,0.1,0.58,0.3,B_F_pre0.58
50.800000000000004,0.1,0.58,0.3,B_F_pre0.58
50.82,0.1,0.58,0.3,B_F_pre0.58
50.84,0.1,0.58,0.3,B_F_pre0.58
50.86,0.1,0.58,0.3,B_F_pre0.58
50.88,0.1,0.58,0.3,B_F_pre0.58
50.9,0.1,0.58,0.3,B_F_pre0.58
50.92,0.1,0.58,0.3,B_F_pre0.58
50.94,0.1,0.58,0.3,B_F_pre0.58
50.96,0.1,0.58,0.3,B_F_pre0.58
50.980000000000004,0.1,0.58,0.3,B_F_pre0.58
51.0,0.1,0.05,0.3,B_F_0.58to0.05
51.02,0.1,0.05,0.3,B_F_0.58to0.05
51.04,0.1,0.05,0.3,B_F_0.58to0.05
51.06,0.1,0.05,0.3,B_F_0.58to0.05
51.08,0.1,0.05,0.3,B_F_0.58to0.05
51.1,0.1,0.05,0.3,B_F_0.58to0.05
51.120000000000005,0.1,0.05,0.3,B_F_0.58to0.05
51.14,0.1,0.05,0.3,B_F_0.58to0.05
51.160000000000004,0.1,0.05,0.3,B_F_0.58to0.05
51.18,0.1,0.05,0.3,B_F_0.58to0.05
51.2,0.1,0.05,0.3,B_F_0.58to0.05
51.22,0.1,0.05,0.3,B_F_0.58to0.05
51.24,0.1,0.05,0.3,B_F_0.58to0.05
51.26,0.1,0.05,0.3,B_F_0.58to0.05
51.28,0.1,0.05,0.3,B_F_0.58to0.05
51.300000000000004,0.1,0.05,0.3,B_F_0.58to0.05
51.32,0.1,0.05,0.3,B_F_0.58to0.05
51.34,0.1,0.05,0.3,B_F_0.58to0.05
51.36,0.1,0.05,0.3,B_F_0.58to0.05
51.38,0.1,0.05,0.3,B_F_0.58to0.05
51.4,0.1,0.05,0.3,B_F_0.58to0.05
51.42,0.1,0.05,0.3,B_F_0.58to0.05
51.44,0.1,0.05,0.3,B_F_0.58to0.05
51.46,0.1,0.05,0.3,B_F_0.58to0.05
51.480000000000004,0.1,0.05,0.3,B_F_0.58to0.05
51.5,0.1,0.05,0.3,B_F_0.58to0.05
51.52,0.1,0.05,0.3,B_F_0.58to0.05
51.54,0.1,0.05,0.3,B_F_0.58to0.05
51.56,0.1,0.05,0.3,B_F_0.58to0.05
51.58,0.1,0.05,0.3,B_F_0.58to0.05
51.6,0.1,0.05,0.3,B_F_0.58to0.05
51.620000000000005,0.1,0.05,0.3,B_F_0.58to0.05
51.64,0.1,0.05,0.3,B_F_0.58to0.05
51.660000000000004,0.1,0.05,0.3,B_F_0.58to0.05
51.68,0.1,0.05,0.3,B_F_0.58to0.05
51.7,0.1,0.05,0.3,B_F_0.58to0.05
51.72,0.1,0.05,0.3,B_F_0.58to0.05
51.74,0.1,0.05,0.3,B_F_0.58to0.05
51.76,0.1,0.05,0.3,B_F_0.58to0.05
51.78,0.1,0.05,0.3,B_F_0.58to0.05
51.800000000000004,0.1,0.05,0.3,B_F_0.58to0.05
51.82,0.1,0.05,0.3,B_F_0.58to0.05
51.84,0.1,0.05,0.3,B_F_0.58to0.05
51.86,0.1,0.05,0.3,B_F_0.58to0.05
51.88,0.1,0.05,0.3,B_F_0.58to0.05
51.9,0.1,0.05,0.3,B_F_0.58to0.05
51.92,0.1,0.05,0.3,B_F_0.58to0.05
51.94,0.1,0.05,0.3,B_F_0.58to0.05
51.96,0.1,0.05,0.3,B_F_0.58to0.05
51.980000000000004,0.1,0.05,0.3,B_F_0.58to0.05
52.0,0.1,0.05,0.3,B_F_0.58to0.05
52.02,0.1,0.05,0.3,B_F_0.58to0.05
52.04,0.1,0.05,0.3,B_F_0.58to0.05
52.06,0.1,0.05,0.3,B_F_0.58to0.05
52.08,0.1,0.05,0.3,B_F_0.58to0.05
52.1,0.1,0.05,0.3,B_F_0.58to0.05
52.120000000000005,0.1,0.05,0.3,B_F_0.58to0.05
52.14,0.1,0.05,0.3,B_F_0.58to0.05
52.160000000000004,0.1,0.05,0.3,B_F_0.58to0.05
52.18,0.1,0.05,0.3,B_F_0.58to0.05
52.2,0.1,0.05,0.3,B_F_0.58to0.05
52.22,0.1,0.05,0.3,B_F_0.58to0.05
52.24,0.1,0.05,0.3,B_F_0.58to0.05
52.26,0.1,0.05,0.3,B_F_0.58to0.05
52.28,0.1,0.05,0.3,B_F_0.58to0.05
52.300000000000004,0.1,0.05,0.3,B_F_0.58to0.05
52.32,0.1,0.05,0.3,B_F_0.58to0.05
52.34,0.1,0.05,0.3,B_F_0.58to0.05
52.36,0.1,0.05,0.3,B_F_0.58to0.05
52.38,0.1,0.05,0.3,B_F_0.58to0.05
52.4,0.1,0.05,0.3,B_F_0.58to0.05
52.42,0.1,0.05,0.3,B_F_0.58to0.05
52.44,0.1,0.05,0.3,B_F_0.58to0.05
52.46,0.1,0.05,0.3,B_F_0.58to0.05
52.480000000000004,0.1,0.05,0.3,B_F_0.58to0.05
52.5,0.1,0.05,0.3,B_F_0.58to0.05
52.52,0.1,0.05,0.3,B_F_0.58to0.05
52.54,0.1,0.05,0.3,B_F_0.58to0.05
52.56,0.1,0.05,0.3,B_F_0.58to0.05
52.58,0.1,0.05,0.3,B_F_0.58to0.05
52.6,0.1,0.05,0.3,B_F_0.58to0.05
52.620000000000005,0.1,0.05,0.3,B_F_0.58to0.05
52.64,0.1,0.05,0.3,B_F_0.58to0.05
52.660000000000004,0.1,0.05,0.3,B_F_0.58to0.05
52.68,0.1,0.05,0.3,B_F_0.58to0.05
52.7,0.1,0.05,0.3,B_F_0.58to0.05
52.72,0.1,0.05,0.3,B_F_0.58to0.05
52.74,0.1,0.05,0.3,B_F_0.58to0.05
52.76,0.1,0.05,0.3,B_F_0.58to0.05
52.78,0.1,0.05,0.3,B_F_0.58to0.05
52.800000000000004,0.1,0.05,0.3,B_F_0.58to0.05
52.82,0.1,0.05,0.3,B_F_0.58to0.05
52.84,0.1,0.05,0.3,B_F_0.58to0.05
52.86,0.1,0.05,0.3,B_F_0.58to0.05
52.88,0.1,0.05,0.3,B_F_0.58to0.05
52.9,0.1,0.05,0.3,B_F_0.58to0.05
52.92,0.1,0.05,0.3,B_F_0.58to0.05
52.94,0.1,0.05,0.3,B_F_0.58to0.05
52.96,0.1,0.05,0.3,B_F_0.58to0.05
52.980000000000004,0.1,0.05,0.3,B_F_0.58to0.05
53.0,0.1,0.25,0.3,B_F_pre0.25
53.02,0.1,0.25,0.3,B_F_pre0.25
53.04,0.1,0.25,0.3,B_F_pre0.25
53.06,0.1,0.25,0.3,B_F_pre0.25
53.08,0.1,0.25,0.3,B_F_pre0.25
53.1,0.1,0.25,0.3,B_F_pre0.25
53.120000000000005,0.1,0.25,0.3,B_F_pre0.25
53.14,0.1,0.25,0.3,B_F_pre0.25
53.160000000000004,0.1,0.25,0.3,B_F_pre0.25
53.18,0.1,0.25,0.3,B_F_pre0.25
53.2,0.1,0.25,0.3,B_F_pre0.25
53.22,0.1,0.25,0.3,B_F_pre0.25
53.24,0.1,0.25,0.3,B_F_pre0.25
53.26,0.1,0.25,0.3,B_F_pre0.25
53.28,0.1,0.25,0.3,B_F_pre0.25
53.300000000000004,0.1,0.25,0.3,B_F_pre0.25
53.32,0.1,0.25,0.3,B_F_pre0.25
53.34,0.1,0.25,0.3,B_F_pre0.25
53.36,0.1,0.25,0.3,B_F_pre0.25
53.38,0.1,0.25,0.3,B_F_pre0.25
53.4,0.1,0.25,0.3,B_F_pre0.25
53.42,0.1,0.25,0.3,B_F_pre0.25
53.44,0.1,0.25,0.3,B_F_pre0.25
53.46,0.1,0.25,0.3,B_F_pre0.25
53.480000000000004,0.1,0.25,0.3,B_F_pre0.25
53.5,0.1,0.25,0.3,B_F_pre0.25
53.52,0.1,0.25,0.3,B_F_pre0.25
53.54,0.1,0.25,0.3,B_F_pre0.25
53.56,0.1,0.25,0.3,B_F_pre0.25
53.58,0.1,0.25,0.3,B_F_pre0.25
53.6,0.1,0.25,0.3,B_F_pre0.25
53.620000000000005,0.1,0.25,0.3,B_F_pre0.25
53.64,0.1,0.25,0.3,B_F_pre0.25
53.660000000000004,0.1,0.25,0.3,B_F_pre0.25
53.68,0.1,0.25,0.3,B_F_pre0.25
53.7,0.1,0.25,0.3,B_F_pre0.25
53.72,0.1,0.25,0.3,B_F_pre0.25
53.74,0.1,0.25,0.3,B_F_pre0.25
53.76,0.1,0.25,0.3,B_F_pre0.25
53.78,0.1,0.25,0.3,B_F_pre0.25
53.800000000000004,0.1,0.25,0.3,B_F_pre0.25
53.82,0.1,0.25,0.3,B_F_pre0.25
53.84,0.1,0.25,0.3,B_F_pre0.25
53.86,0.1,0.25,0.3,B_F_pre0.25
53.88,0.1,0.25,0.3,B_F_pre0.25
53.9,0.1,0.25,0.3,B_F_pre0.25
53.92,0.1,0.25,0.3,B_F_pre0.25
53.94,0.1,0.25,0.3,B_F_pre0.25
53.96,0.1,0.25,0.3,B_F_pre0.25
53.980000000000004,0.1,0.25,0.3,B_F_pre0.25
54.0,0.1,0.25,0.3,B_F_pre0.25
54.02,0.1,0.25,0.3,B_F_pre0.25
54.04,0.1,0.25,0.3,B_F_pre0.25
54.06,0.1,0.25,0.3,B_F_pre0.25
54.08,0.1,0.25,0.3,B_F_pre0.25
54.1,0.1,0.25,0.3,B_F_pre0.25
54.120000000000005,0.1,0.25,0.3,B_F_pre0.25
54.14,0.1,0.25,0.3,B_F_pre0.25
54.160000000000004,0.1,0.25,0.3,B_F_pre0.25
54.18,0.1,0.25,0.3,B_F_pre0.25
54.2,0.1,0.25,0.3,B_F_pre0.25
54.22,0.1,0.25,0.3,B_F_pre0.25
54.24,0.1,0.25,0.3,B_F_pre0.25
54.26,0.1,0.25,0.3,B_F_pre0.25
54.28,0.1,0.25,0.3,B_F_pre0.25
54.300000000000004,0.1,0.25,0.3,B_F_pre0.25
54.32,0.1,0.25,0.3,B_F_pre0.25
54.34,0.1,0.25,0.3,B_F_pre0.25
54.36,0.1,0.25,0.3,B_F_pre0.25
54.38,0.1,0.25,0.3,B_F_pre0.25
54.4,0.1,0.25,0.3,B_F_pre0.25
54.42,0.1,0.25,0.3,B_F_pre0.25
54.44,0.1,0.25,0.3,B_F_pre0.25
54.46,0.1,0.25,0.3,B_F_pre0.25
54.480000000000004,0.1,0.25,0.3,B_F_pre0.25
54.5,0.1,0.45,0.3,B_F_0.25to0.45
54.52,0.1,0.45,0.3,B_F_0.25to0.45
54.54,0.1,0.45,0.3,B_F_0.25to0.45
54.56,0.1,0.45,0.3,B_F_0.25to0.45
54.58,0.1,0.45,0.3,B_F_0.25to0.45
54.6,0.1,0.45,0.3,B_F_0.25to0.45
54.620000000000005,0.1,0.45,0.3,B_F_0.25to0.45
54.64,0.1,0.45,0.3,B_F_0.25to0.45
54.660000000000004,0.1,0.45,0.3,B_F_0.25to0.45
54.68,0.1,0.45,0.3,B_F_0.25to0.45
54.7,0.1,0.45,0.3,B_F_0.25to0.45
54.72,0.1,0.45,0.3,B_F_0.25to0.45
54.74,0.1,0.45,0.3,B_F_0.25to0.45
54.76,0.1,0.45,0.3,B_F_0.25to0.45
54.78,0.1,0.45,0.3,B_F_0.25to0.45
54.800000000000004,0.1,0.45,0.3,B_F_0.25to0.45
54.82,0.1,0.45,0.3,B_F_0.25to0.45
54.84,0.1,0.45,0.3,B_F_0.25to0.45
54.86,0.1,0.45,0.3,B_F_0.25to0.45
54.88,0.1,0.45,0.3,B_F_0.25to0.45
54.9,0.1,0.45,0.3,B_F_0.25to0.45
54.92,0.1,0.45,0.3,B_F_0.25to0.45
54.94,0.1,0.45,0.3,B_F_0.25to0.45
54.96,0.1,0.45,0.3,B_F_0.25to0.45
54.980000000000004,0.1,0.45,0.3,B_F_0.25to0.45
55.0,0.1,0.45,0.3,B_F_0.25to0.45
55.02,0.1,0.45,0.3,B_F_0.25to0.45
55.04,0.1,0.45,0.3,B_F_0.25to0.45
55.06,0.1,0.45,0.3,B_F_0.25to0.45
55.08,0.1,0.45,0.3,B_F_0.25to0.45
55.1,0.1,0.45,0.3,B_F_0.25to0.45
55.120000000000005,0.1,0.45,0.3,B_F_0.25to0.45
55.14,0.1,0.45,0.3,B_F_0.25to0.45
55.160000000000004,0.1,0.45,0.3,B_F_0.25to0.45
55.18,0.1,0.45,0.3,B_F_0.25to0.45
55.2,0.1,0.45,0.3,B_F_0.25to0.45
55.22,0.1,0.45,0.3,B_F_0.25to0.45
55.24,0.1,0.45,0.3,B_F_0.25to0.45
55.26,0.1,0.45,0.3,B_F_0.25to0.45
55.28,0.1,0.45,0.3,B_F_0.25to0.45
55.300000000000004,0.1,0.45,0.3,B_F_0.25to0.45
55.32,0.1,0.45,0.3,B_F_0.25to0.45
55.34,0.1,0.45,0.3,B_F_0.25to0.45
55.36,0.1,0.45,0.3,B_F_0.25to0.45
55.38,0.1,0.45,0.3,B_F_0.25to0.45
55.4,0.1,0.45,0.3,B_F_0.25to0.45
55.42,0.1,0.45,0.3,B_F_0.25to0.45
55.44,0.1,0.45,0.3,B_F_0.25to0.45
55.46,0.1,0.45,0.3,B_F_0.25to0.45
55.480000000000004,0.1,0.45,0.3,B_F_0.25to0.45
55.5,0.1,0.45,0.3,B_F_0.25to0.45
55.52,0.1,0.45,0.3,B_F_0.25to0.45
55.54,0.1,0.45,0.3,B_F_0.25to0.45
55.56,0.1,0.45,0.3,B_F_0.25to0.45
55.58,0.1,0.45,0.3,B_F_0.25to0.45
55.6,0.1,0.45,0.3,B_F_0.25to0.45
55.620000000000005,0.1,0.45,0.3,B_F_0.25to0.45
55.64,0.1,0.45,0.3,B_F_0.25to0.45
55.660000000000004,0.1,0.45,0.3,B_F_0.25to0.45
55.68,0.1,0.45,0.3,B_F_0.25to0.45
55.7,0.1,0.45,0.3,B_F_0.25to0.45
55.72,0.1,0.45,0.3,B_F_0.25to0.45
55.74,0.1,0.45,0.3,B_F_0.25to0.45
55.76,0.1,0.45,0.3,B_F_0.25to0.45
55.78,0.1,0.45,0.3,B_F_0.25to0.45
55.800000000000004,0.1,0.45,0.3,B_F_0.25to0.45
55.82,0.1,0.45,0.3,B_F_0.25to0.45
55.84,0.1,0.45,0.3,B_F_0.25to0.45
55.86,0.1,0.45,0.3,B_F_0.25to0.45
55.88,0.1,0.45,0.3,B_F_0.25to0.45
55.9,0.1,0.45,0.3,B_F_0.25to0.45
55.92,0.1,0.45,0.3,B_F_0.25to0.45
55.94,0.1,0.45,0.3,B_F_0.25to0.45
55.96,0.1,0.45,0.3,B_F_0.25to0.45
55.980000000000004,0.1,0.45,0.3,B_F_0.25to0.45
56.0,0.1,0.45,0.3,B_F_0.25to0.45
56.02,0.1,0.45,0.3,B_F_0.25to0.45
56.04,0.1,0.45,0.3,B_F_0.25to0.45
56.06,0.1,0.45,0.3,B_F_0.25to0.45
56.08,0.1,0.45,0.3,B_F_0.25to0.45
56.1,0.1,0.45,0.3,B_F_0.25to0.45
56.120000000000005,0.1,0.45,0.3,B_F_0.25to0.45
56.14,0.1,0.45,0.3,B_F_0.25to0.45
56.160000000000004,0.1,0.45,0.3,B_F_0.25to0.45
56.18,0.1,0.45,0.3,B_F_0.25to0.45
56.2,0.1,0.45,0.3,B_F_0.25to0.45
56.22,0.1,0.45,0.3,B_F_0.25to0.45
56.24,0.1,0.45,0.3,B_F_0.25to0.45
56.26,0.1,0.45,0.3,B_F_0.25to0.45
56.28,0.1,0.45,0.3,B_F_0.25to0.45
56.300000000000004,0.1,0.45,0.3,B_F_0.25to0.45
56.32,0.1,0.45,0.3,B_F_0.25to0.45
56.34,0.1,0.45,0.3,B_F_0.25to0.45
56.36,0.1,0.45,0.3,B_F_0.25to0.45
56.38,0.1,0.45,0.3,B_F_0.25to0.45
56.4,0.1,0.45,0.3,B_F_0.25to0.45
56.42,0.1,0.45,0.3,B_F_0.25to0.45
56.44,0.1,0.45,0.3,B_F_0.25to0.45
56.46,0.1,0.45,0.3,B_F_0.25to0.45
56.480000000000004,0.1,0.45,0.3,B_F_0.25to0.45
56.5,0.1,0.45,0.3,B_F_pre0.45
56.52,0.1,0.45,0.3,B_F_pre0.45
56.54,0.1,0.45,0.3,B_F_pre0.45
56.56,0.1,0.45,0.3,B_F_pre0.45
56.58,0.1,0.45,0.3,B_F_pre0.45
56.6,0.1,0.45,0.3,B_F_pre0.45
56.620000000000005,0.1,0.45,0.3,B_F_pre0.45
56.64,0.1,0.45,0.3,B_F_pre0.45
56.660000000000004,0.1,0.45,0.3,B_F_pre0.45
56.68,0.1,0.45,0.3,B_F_pre0.45
56.7,0.1,0.45,0.3,B_F_pre0.45
56.72,0.1,0.45,0.3,B_F_pre0.45
56.74,0.1,0.45,0.3,B_F_pre0.45
56.76,0.1,0.45,0.3,B_F_pre0.45
56.78,0.1,0.45,0.3,B_F_pre0.45
56.800000000000004,0.1,0.45,0.3,B_F_pre0.45
56.82,0.1,0.45,0.3,B_F_pre0.45
56.84,0.1,0.45,0.3,B_F_pre0.45
56.86,0.1,0.45,0.3,B_F_pre0.45
56.88,0.1,0.45,0.3,B_F_pre0.45
56.9,0.1,0.45,0.3,B_F_pre0.45
56.92,0.1,0.45,0.3,B_F_pre0.45
56.94,0.1,0.45,0.3,B_F_pre0.45
56.96,0.1,0.45,0.3,B_F_pre0.45
56.980000000000004,0.1,0.45,0.3,B_F_pre0.45
57.0,0.1,0.45,0.3,B_F_pre0.45
57.02,0.1,0.45,0.3,B_F_pre0.45
57.04,0.1,0.45,0.3,B_F_pre0.45
57.06,0.1,0.45,0.3,B_F_pre0.45
57.08,0.1,0.45,0.3,B_F_pre0.45
57.1,0.1,0.45,0.3,B_F_pre0.45
57.120000000000005,0.1,0.45,0.3,B_F_pre0.45
57.14,0.1,0.45,0.3,B_F_pre0.45
57.160000000000004,0.1,0.45,0.3,B_F_pre0.45
57.18,0.1,0.45,0.3,B_F_pre0.45
57.2,0.1,0.45,0.3,B_F_pre0.45
57.22,0.1,0.45,0.3,B_F_pre0.45
57.24,0.1,0.45,0.3,B_F_pre0.45
57.26,0.1,0.45,0.3,B_F_pre0.45
57.28,0.1,0.45,0.3,B_F_pre0.45
57.300000000000004,0.1,0.45,0.3,B_F_pre0.45
57.32,0.1,0.45,0.3,B_F_pre0.45
57.34,0.1,0.45,0.3,B_F_pre0.45
57.36,0.1,0.45,0.3,B_F_pre0.45
57.38,0.1,0.45,0.3,B_F_pre0.45
57.4,0.1,0.45,0.3,B_F_pre0.45
57.42,0.1,0.45,0.3,B_F_pre0.45
57.44,0.1,0.45,0.3,B_F_pre0.45
57.46,0.1,0.45,0.3,B_F_pre0.45
57.480000000000004,0.1,0.45,0.3,B_F_pre0.45
57.5,0.1,0.45,0.3,B_F_pre0.45
57.52,0.1,0.45,0.3,B_F_pre0.45
57.54,0.1,0.45,0.3,B_F_pre0.45
57.56,0.1,0.45,0.3,B_F_pre0.45
57.58,0.1,0.45,0.3,B_F_pre0.45
57.6,0.1,0.45,0.3,B_F_pre0.45
57.620000000000005,0.1,0.45,0.3,B_F_pre0.45
57.64,0.1,0.45,0.3,B_F_pre0.45
57.660000000000004,0.1,0.45,0.3,B_F_pre0.45
57.68,0.1,0.45,0.3,B_F_pre0.45
57.7,0.1,0.45,0.3,B_F_pre0.45
57.72,0.1,0.45,0.3,B_F_pre0.45
57.74,0.1,0.45,0.3,B_F_pre0.45
57.76,0.1,0.45,0.3,B_F_pre0.45
57.78,0.1,0.45,0.3,B_F_pre0.45
57.800000000000004,0.1,0.45,0.3,B_F_pre0.45
57.82,0.1,0.45,0.3,B_F_pre0.45
57.84,0.1,0.45,0.3,B_F_pre0.45
57.86,0.1,0.45,0.3,B_F_pre0.45
57.88,0.1,0.45,0.3,B_F_pre0.45
57.9,0.1,0.45,0.3,B_F_pre0.45
57.92,0.1,0.45,0.3,B_F_pre0.45
57.94,0.1,0.45,0.3,B_F_pre0.45
57.96,0.1,0.45,0.3,B_F_pre0.45
57.980000000000004,0.1,0.45,0.3,B_F_pre0.45
58.0,0.1,0.25,0.3,B_F_0.45to0.25
58.02,0.1,0.25,0.3,B_F_0.45to0.25
58.04,0.1,0.25,0.3,B_F_0.45to0.25
58.06,0.1,0.25,0.3,B_F_0.45to0.25
58.08,0.1,0.25,0.3,B_F_0.45to0.25
58.1,0.1,0.25,0.3,B_F_0.45to0.25
58.120000000000005,0.1,0.25,0.3,B_F_0.45to0.25
58.14,0.1,0.25,0.3,B_F_0.45to0.25
58.160000000000004,0.1,0.25,0.3,B_F_0.45to0.25
58.18,0.1,0.25,0.3,B_F_0.45to0.25
58.2,0.1,0.25,0.3,B_F_0.45to0.25
58.22,0.1,0.25,0.3,B_F_0.45to0.25
58.24,0.1,0.25,0.3,B_F_0.45to0.25
58.26,0.1,0.25,0.3,B_F_0.45to0.25
58.28,0.1,0.25,0.3,B_F_0.45to0.25
58.300000000000004,0.1,0.25,0.3,B_F_0.45to0.25
58.32,0.1,0.25,0.3,B_F_0.45to0.25
58.34,0.1,0.25,0.3,B_F_0.45to0.25
58.36,0.1,0.25,0.3,B_F_0.45to0.25
58.38,0.1,0.25,0.3,B_F_0.45to0.25
58.4,0.1,0.25,0.3,B_F_0.45to0.25
58.42,0.1,0.25,0.3,B_F_0.45to0.25
58.44,0.1,0.25,0.3,B_F_0.45to0.25
58.46,0.1,0.25,0.3,B_F_0.45to0.25
58.480000000000004,0.1,0.25,0.3,B_F_0.45to0.25
58.5,0.1,0.25,0.3,B_F_0.45to0.25
58.52,0.1,0.25,0.3,B_F_0.45to0.25
58.54,0.1,0.25,0.3,B_F_0.45to0.25
58.56,0.1,0.25,0.3,B_F_0.45to0.25
58.58,0.1,0.25,0.3,B_F_0.45to0.25
58.6,0.1,0.25,0.3,B_F_0.45to0.25
58.620000000000005,0.1,0.25,0.3,B_F_0.45to0.25
58.64,0.1,0.25,0.3,B_F_0.45to0.25
58.660000000000004,0.1,0.25,0.3,B_F_0.45to0.25
58.68,0.1,0.25,0.3,B_F_0.45to0.25
58.7,0.1,0.25,0.3,B_F_0.45to0.25
58.72,0.1,0.25,0.3,B_F_0.45to0.25
58.74,0.1,0.25,0.3,B_F_0.45to0.25
58.76,0.1,0.25,0.3,B_F_0.45to0.25
58.78,0.1,0.25,0.3,B_F_0.45to0.25
58.800000000000004,0.1,0.25,0.3,B_F_0.45to0.25
58.82,0.1,0.25,0.3,B_F_0.45to0.25
58.84,0.1,0.25,0.3,B_F_0.45to0.25
58.86,0.1,0.25,0.3,B_F_0.45to0.25
58.88,0.1,0.25,0.3,B_F_0.45to0.25
58.9,0.1,0.25,0.3,B_F_0.45to0.25
58.92,0.1,0.25,0.3,B_F_0.45to0.25
58.94,0.1,0.25,0.3,B_F_0.45to0.25
58.96,0.1,0.25,0.3,B_F_0.45to0.25
58.980000000000004,0.1,0.25,0.3,B_F_0.45to0.25
59.0,0.1,0.25,0.3,B_F_0.45to0.25
59.02,0.1,0.25,0.3,B_F_0.45to0.25
59.04,0.1,0.25,0.3,B_F_0.45to0.25
59.06,0.1,0.25,0.3,B_F_0.45to0.25
59.08,0.1,0.25,0.3,B_F_0.45to0.25
59.1,0.1,0.25,0.3,B_F_0.45to0.25
59.120000000000005,0.1,0.25,0.3,B_F_0.45to0.25
59.14,0.1,0.25,0.3,B_F_0.45to0.25
59.160000000000004,0.1,0.25,0.3,B_F_0.45to0.25
59.18,0.1,0.25,0.3,B_F_0.45to0.25
59.2,0.1,0.25,0.3,B_F_0.45to0.25
59.22,0.1,0.25,0.3,B_F_0.45to0.25
59.24,0.1,0.25,0.3,B_F_0.45to0.25
59.26,0.1,0.25,0.3,B_F_0.45to0.25
59.28,0.1,0.25,0.3,B_F_0.45to0.25
59.300000000000004,0.1,0.25,0.3,B_F_0.45to0.25
59.32,0.1,0.25,0.3,B_F_0.45to0.25
59.34,0.1,0.25,0.3,B_F_0.45to0.25
59.36,0.1,0.25,0.3,B_F_0.45to0.25
59.38,0.1,0.25,0.3,B_F_0.45to0.25
59.4,0.1,0.25,0.3,B_F_0.45to0.25
59.42,0.1,0.25,0.3,B_F_0.45to0.25
59.44,0.1,0.25,0.3,B_F_0.45to0.25
59.46,0.1,0.25,0.3,B_F_0.45to0.25
59.480000000000004,0.1,0.25,0.3,B_F_0.45to0.25
59.5,0.1,0.25,0.3,B_F_0.45to0.25
59.52,0.1,0.25,0.3,B_F_0.45to0.25
59.54,0.1,0.25,0.3,B_F_0.45to0.25
59.56,0.1,0.25,0.3,B_F_0.45to0.25
59.58,0.1,0.25,0.3,B_F_0.45to0.25
59.6,0.1,0.25,0.3,B_F_0.45to0.25
59.620000000000005,0.1,0.25,0.3,B_F_0.45to0.25
59.64,0.1,0.25,0.3,B_F_0.45to0.25
59.660000000000004,0.1,0.25,0.3,B_F_0.45to0.25
59.68,0.1,0.25,0.3,B_F_0.45to0.25
59.7,0.1,0.25,0.3,B_F_0.45to0.25
59.72,0.1,0.25,0.3,B_F_0.45to0.25
59.74,0.1,0.25,0.3,B_F_0.45to0.25
59.76,0.1,0.25,0.3,B_F_0.45to0.25
59.78,0.1,0.25,0.3,B_F_0.45to0.25
59.800000000000004,0.1,0.25,0.3,B_F_0.45to0.25
59.82,0.1,0.25,0.3,B_F_0.45to0.25
59.84,0.1,0.25,0.3,B_F_0.45to0.25
59.86,0.1,0.25,0.3,B_F_0.45to0.25
59.88,0.1,0.25,0.3,B_F_0.45to0.25
59.9,0.1,0.25,0.3,B_F_0.45to0.25
59.92,0.1,0.25,0.3,B_F_0.45to0.25
59.94,0.1,0.25,0.3,B_F_0.45to0.25
59.96,0.1,0.25,0.3,B_F_0.45to0.25
59.980000000000004,0.1,0.25,0.3,B_F_0.45to0.25
60.0,0.1,0.25,0.3,B_F_pre0.25
60.02,0.1,0.25,0.3,B_F_pre0.25
60.04,0.1,0.25,0.3,B_F_pre0.25
60.06,0.1,0.25,0.3,B_F_pre0.25
60.08,0.1,0.25,0.3,B_F_pre0.25
60.1,0.1,0.25,0.3,B_F_pre0.25
60.120000000000005,0.1,0.25,0.3,B_F_pre0.25
60.14,0.1,0.25,0.3,B_F_pre0.25
60.160000000000004,0.1,0.25,0.3,B_F_pre0.25
60.18,0.1,0.25,0.3,B_F_pre0.25
60.2,0.1,0.25,0.3,B_F_pre0.25
60.22,0.1,0.25,0.3,B_F_pre0.25
60.24,0.1,0.25,0.3,B_F_pre0.25
60.26,0.1,0.25,0.3,B_F_pre0.25
60.28,0.1,0.25,0.3,B_F_pre0.25
60.300000000000004,0.1,0.25,0.3,B_F_pre0.25
60.32,0.1,0.25,0.3,B_F_pre0.25
60.34,0.1,0.25,0.3,B_F_pre0.25
60.36,0.1,0.25,0.3,B_F_pre0.25
60.38,0.1,0.25,0.3,B_F_pre0.25
60.4,0.1,0.25,0.3,B_F_pre0.25
60.42,0.1,0.25,0.3,B_F_pre0.25
60.44,0.1,0.25,0.3,B_F_pre0.25
60.46,0.1,0.25,0.3,B_F_pre0.25
60.480000000000004,0.1,0.25,0.3,B_F_pre0.25
60.5,0.1,0.25,0.3,B_F_pre0.25
60.52,0.1,0.25,0.3,B_F_pre0.25
60.54,0.1,0.25,0.3,B_F_pre0.25
60.56,0.1,0.25,0.3,B_F_pre0.25
60.58,0.1,0.25,0.3,B_F_pre0.25
60.6,0.1,0.25,0.3,B_F_pre0.25
60.620000000000005,0.1,0.25,0.3,B_F_pre0.25
60.64,0.1,0.25,0.3,B_F_pre0.25
60.660000000000004,0.1,0.25,0.3,B_F_pre0.25
60.68,0.1,0.25,0.3,B_F_pre0.25
60.7,0.1,0.25,0.3,B_F_pre0.25
60.72,0.1,0.25,0.3,B_F_pre0.25
60.74,0.1,0.25,0.3,B_F_pre0.25
60.76,0.1,0.25,0.3,B_F_pre0.25
60.78,0.1,0.25,0.3,B_F_pre0.25
60.800000000000004,0.1,0.25,0.3,B_F_pre0.25
60.82,0.1,0.25,0.3,B_F_pre0.25
60.84,0.1,0.25,0.3,B_F_pre0.25
60.86,0.1,0.25,0.3,B_F_pre0.25
60.88,0.1,0.25,0.3,B_F_pre0.25
60.9,0.1,0.25,0.3,B_F_pre0.25
60.92,0.1,0.25,0.3,B_F_pre0.25
60.94,0.1,0.25,0.3,B_F_pre0.25
60.96,0.1,0.25,0.3,B_F_pre0.25
60.980000000000004,0.1,0.25,0.3,B_F_pre0.25
61.0,0.1,0.25,0.3,B_F_pre0.25
61.02,0.1,0.25,0.3,B_F_pre0.25
61.04,0.1,0.25,0.3,B_F_pre0.25
61.06,0.1,0.25,0.3,B_F_pre0.25
61.08,0.1,0.25,0.3,B_F_pre0.25
61.1,0.1,0.25,0.3,B_F_pre0.25
61.120000000000005,0.1,0.25,0.3,B_F_pre0.25
61.14,0.1,0.25,0.3,B_F_pre0.25
61.160000000000004,0.1,0.25,0.3,B_F_pre0.25
61.18,0.1,0.25,0.3,B_F_pre0.25
61.2,0.1,0.25,0.3,B_F_pre0.25
61.22,0.1,0.25,0.3,B_F_pre0.25
61.24,0.1,0.25,0.3,B_F_pre0.25
61.26,0.1,0.25,0.3,B_F_pre0.25
61.28,0.1,0.25,0.3,B_F_pre0.25
61.300000000000004,0.1,0.25,0.3,B_F_pre0.25
61.32,0.1,0.25,0.3,B_F_pre0.25
61.34,0.1,0.25,0.3,B_F_pre0.25
61.36,0.1,0.25,0.3,B_F_pre0.25
61.38,0.1,0.25,0.3,B_F_pre0.25
61.4,0.1,0.25,0.3,B_F_pre0.25
61.42,0.1,0.25,0.3,B_F_pre0.25
61.44,0.1,0.25,0.3,B_F_pre0.25
61.46,0.1,0.25,0.3,B_F_pre0.25
61.480000000000004,0.1,0.25,0.3,B_F_pre0.25
61.5,0.1,0.58,0.3,B_F_0.25to0.58
61.52,0.1,0.58,0.3,B_F_0.25to0.58
61.54,0.1,0.58,0.3,B_F_0.25to0.58
61.56,0.1,0.58,0.3,B_F_0.25to0.58
61.58,0.1,0.58,0.3,B_F_0.25to0.58
61.6,0.1,0.58,0.3,B_F_0.25to0.58
61.620000000000005,0.1,0.58,0.3,B_F_0.25to0.58
61.64,0.1,0.58,0.3,B_F_0.25to0.58
61.660000000000004,0.1,0.58,0.3,B_F_0.25to0.58
61.68,0.1,0.58,0.3,B_F_0.25to0.58
61.7,0.1,0.58,0.3,B_F_0.25to0.58
61.72,0.1,0.58,0.3,B_F_0.25to0.58
61.74,0.1,0.58,0.3,B_F_0.25to0.58
61.76,0.1,0.58,0.3,B_F_0.25to0.58
61.78,0.1,0.58,0.3,B_F_0.25to0.58
61.800000000000004,0.1,0.58,0.3,B_F_0.25to0.58
61.82,0.1,0.58,0.3,B_F_0.25to0.58
61.84,0.1,0.58,0.3,B_F_0.25to0.58
61.86,0.1,0.58,0.3,B_F_0.25to0.58
61.88,0.1,0.58,0.3,B_F_0.25to0.58
61.9,0.1,0.58,0.3,B_F_0.25to0.58
61.92,0.1,0.58,0.3,B_F_0.25to0.58
61.940000000000005,0.1,0.58,0.3,B_F_0.25to0.58
61.96,0.1,0.58,0.3,B_F_0.25to0.58
61.980000000000004,0.1,0.58,0.3,B_F_0.25to0.58
62.0,0.1,0.58,0.3,B_F_0.25to0.58
62.02,0.1,0.58,0.3,B_F_0.25to0.58
62.04,0.1,0.58,0.3,B_F_0.25to0.58
62.06,0.1,0.58,0.3,B_F_0.25to0.58
62.08,0.1,0.58,0.3,B_F_0.25to0.58
62.1,0.1,0.58,0.3,B_F_0.25to0.58
62.120000000000005,0.1,0.58,0.3,B_F_0.25to0.58
62.14,0.1,0.58,0.3,B_F_0.25to0.58
62.160000000000004,0.1,0.58,0.3,B_F_0.25to0.58
62.18,0.1,0.58,0.3,B_F_0.25to0.58
62.2,0.1,0.58,0.3,B_F_0.25to0.58
62.22,0.1,0.58,0.3,B_F_0.25to0.58
62.24,0.1,0.58,0.3,B_F_0.25to0.58
62.26,0.1,0.58,0.3,B_F_0.25to0.58
62.28,0.1,0.58,0.3,B_F_0.25to0.58
62.300000000000004,0.1,0.58,0.3,B_F_0.25to0.58
62.32,0.1,0.58,0.3,B_F_0.25to0.58
62.34,0.1,0.58,0.3,B_F_0.25to0.58
62.36,0.1,0.58,0.3,B_F_0.25to0.58
62.38,0.1,0.58,0.3,B_F_0.25to0.58
62.4,0.1,0.58,0.3,B_F_0.25to0.58
62.42,0.1,0.58,0.3,B_F_0.25to0.58
62.440000000000005,0.1,0.58,0.3,B_F_0.25to0.58
62.46,0.1,0.58,0.3,B_F_0.25to0.58
62.480000000000004,0.1,0.58,0.3,B_F_0.25to0.58
62.5,0.1,0.58,0.3,B_F_0.25to0.58
62.52,0.1,0.58,0.3,B_F_0.25to0.58
62.54,0.1,0.58,0.3,B_F_0.25to0.58
62.56,0.1,0.58,0.3,B_F_0.25to0.58
62.58,0.1,0.58,0.3,B_F_0.25to0.58
62.6,0.1,0.58,0.3,B_F_0.25to0.58
62.620000000000005,0.1,0.58,0.3,B_F_0.25to0.58
62.64,0.1,0.58,0.3,B_F_0.25to0.58
62.660000000000004,0.1,0.58,0.3,B_F_0.25to0.58
62.68,0.1,0.58,0.3,B_F_0.25to0.58
62.7,0.1,0.58,0.3,B_F_0.25to0.58
62.72,0.1,0.58,0.3,B_F_0.25to0.58
62.74,0.1,0.58,0.3,B_F_0.25to0.58
62.76,0.1,0.58,0.3,B_F_0.25to0.58
62.78,0.1,0.58,0.3,B_F_0.25to0.58
62.800000000000004,0.1,0.58,0.3,B_F_0.25to0.58
62.82,0.1,0.58,0.3,B_F_0.25to0.58
62.84,0.1,0.58,0.3,B_F_0.25to0.58
62.86,0.1,0.58,0.3,B_F_0.25to0.58
62.88,0.1,0.58,0.3,B_F_0.25to0.58
62.9,0.1,0.58,0.3,B_F_0.25to0.58
62.92,0.1,0.58,0.3,B_F_0.25to0.58
62.940000000000005,0.1,0.58,0.3,B_F_0.25to0.58
62.96,0.1,0.58,0.3,B_F_0.25to0.58
62.980000000000004,0.1,0.58,0.3,B_F_0.25to0.58
63.0,0.1,0.58,0.3,B_F_0.25to0.58
63.02,0.1,0.58,0.3,B_F_0.25to0.58
63.04,0.1,0.58,0.3,B_F_0.25to0.58
63.06,0.1,0.58,0.3,B_F_0.25to0.58
63.08,0.1,0.58,0.3,B_F_0.25to0.58
63.1,0.1,0.58,0.3,B_F_0.25to0.58
63.120000000000005,0.1,0.58,0.3,B_F_0.25to0.58
63.14,0.1,0.58,0.3,B_F_0.25to0.58
63.160000000000004,0.1,0.58,0.3,B_F_0.25to0.58
63.18,0.1,0.58,0.3,B_F_0.25to0.58
63.2,0.1,0.58,0.3,B_F_0.25to0.58
63.22,0.1,0.58,0.3,B_F_0.25to0.58
63.24,0.1,0.58,0.3,B_F_0.25to0.58
63.26,0.1,0.58,0.3,B_F_0.25to0.58
63.28,0.1,0.58,0.3,B_F_0.25to0.58
63.300000000000004,0.1,0.58,0.3,B_F_0.25to0.58
63.32,0.1,0.58,0.3,B_F_0.25to0.58
63.34,0.1,0.58,0.3,B_F_0.25to0.58
63.36,0.1,0.58,0.3,B_F_0.25to0.58
63.38,0.1,0.58,0.3,B_F_0.25to0.58
63.4,0.1,0.58,0.3,B_F_0.25to0.58
63.42,0.1,0.58,0.3,B_F_0.25to0.58
63.440000000000005,0.1,0.58,0.3,B_F_0.25to0.58
63.46,0.1,0.58,0.3,B_F_0.25to0.58
63.480000000000004,0.1,0.58,0.3,B_F_0.25to0.58
63.5,0.1,0.58,0.3,B_F_pre0.58
63.52,0.1,0.58,0.3,B_F_pre0.58
63.54,0.1,0.58,0.3,B_F_pre0.58
63.56,0.1,0.58,0.3,B_F_pre0.58
63.58,0.1,0.58,0.3,B_F_pre0.58
63.6,0.1,0.58,0.3,B_F_pre0.58
63.620000000000005,0.1,0.58,0.3,B_F_pre0.58
63.64,0.1,0.58,0.3,B_F_pre0.58
63.660000000000004,0.1,0.58,0.3,B_F_pre0.58
63.68,0.1,0.58,0.3,B_F_pre0.58
63.7,0.1,0.58,0.3,B_F_pre0.58
63.72,0.1,0.58,0.3,B_F_pre0.58
63.74,0.1,0.58,0.3,B_F_pre0.58
63.76,0.1,0.58,0.3,B_F_pre0.58
63.78,0.1,0.58,0.3,B_F_pre0.58
63.800000000000004,0.1,0.58,0.3,B_F_pre0.58
63.82,0.1,0.58,0.3,B_F_pre0.58
63.84,0.1,0.58,0.3,B_F_pre0.58
63.86,0.1,0.58,0.3,B_F_pre0.58
63.88,0.1,0.58,0.3,B_F_pre0.58
63.9,0.1,0.58,0.3,B_F_pre0.58
63.92,0.1,0.58,0.3,B_F_pre0.58
63.940000000000005,0.1,0.58,0.3,B_F_pre0.58
63.96,0.1,0.58,0.3,B_F_pre0.58
63.980000000000004,0.1,0.58,0.3,B_F_pre0.58
64.0,0.1,0.58,0.3,B_F_pre0.58
64.02,0.1,0.58,0.3,B_F_pre0.58
64.04,0.1,0.58,0.3,B_F_pre0.58
64.06,0.1,0.58,0.3,B_F_pre0.58
64.08,0.1,0.58,0.3,B_F_pre0.58
64.1,0.1,0.58,0.3,B_F_pre0.58
64.12,0.1,0.58,0.3,B_F_pre0.58
64.14,0.1,0.58,0.3,B_F_pre0.58
64.16,0.1,0.58,0.3,B_F_pre0.58
64.18,0.1,0.58,0.3,B_F_pre0.58
64.2,0.1,0.58,0.3,B_F_pre0.58
64.22,0.1,0.58,0.3,B_F_pre0.58
64.24,0.1,0.58,0.3,B_F_pre0.58
64.26,0.1,0.58,0.3,B_F_pre0.58
64.28,0.1,0.58,0.3,B_F_pre0.58
64.3,0.1,0.58,0.3,B_F_pre0.58
64.32000000000001,0.1,0.58,0.3,B_F_pre0.58
64.34,0.1,0.58,0.3,B_F_pre0.58
64.36,0.1,0.58,0.3,B_F_pre0.58
64.38,0.1,0.58,0.3,B_F_pre0.58
64.4,0.1,0.58,0.3,B_F_pre0.58
64.42,0.1,0.58,0.3,B_F_pre0.58
64.44,0.1,0.58,0.3,B_F_pre0.58
64.46000000000001,0.1,0.58,0.3,B_F_pre0.58
64.48,0.1,0.58,0.3,B_F_pre0.58
64.5,0.1,0.58,0.3,B_F_pre0.58
64.52,0.1,0.58,0.3,B_F_pre0.58
64.54,0.1,0.58,0.3,B_F_pre0.58
64.56,0.1,0.58,0.3,B_F_pre0.58
64.58,0.1,0.58,0.3,B_F_pre0.58
64.6,0.1,0.58,0.3,B_F_pre0.58
64.62,0.1,0.58,0.3,B_F_pre0.58
64.64,0.1,0.58,0.3,B_F_pre0.58
64.66,0.1,0.58,0.3,B_F_pre0.58
64.68,0.1,0.58,0.3,B_F_pre0.58
64.7,0.1,0.58,0.3,B_F_pre0.58
64.72,0.1,0.58,0.3,B_F_pre0.58
64.74,0.1,0.58,0.3,B_F_pre0.58
64.76,0.1,0.58,0.3,B_F_pre0.58
64.78,0.1,0.58,0.3,B_F_pre0.58
64.8,0.1,0.58,0.3,B_F_pre0.58
64.82000000000001,0.1,0.58,0.3,B_F_pre0.58
64.84,0.1,0.58,0.3,B_F_pre0.58
64.86,0.1,0.58,0.3,B_F_pre0.58
64.88,0.1,0.58,0.3,B_F_pre0.58
64.9,0.1,0.58,0.3,B_F_pre0.58
64.92,0.1,0.58,0.3,B_F_pre0.58
64.94,0.1,0.58,0.3,B_F_pre0.58
64.96000000000001,0.1,0.58,0.3,B_F_pre0.58
64.98,0.1,0.58,0.3,B_F_pre0.58
65.0,0.1,0.25,0.3,B_F_0.58to0.25
65.02,0.1,0.25,0.3,B_F_0.58to0.25
65.04,0.1,0.25,0.3,B_F_0.58to0.25
65.06,0.1,0.25,0.3,B_F_0.58to0.25
65.08,0.1,0.25,0.3,B_F_0.58to0.25
65.1,0.1,0.25,0.3,B_F_0.58to0.25
65.12,0.1,0.25,0.3,B_F_0.58to0.25
65.14,0.1,0.25,0.3,B_F_0.58to0.25
65.16,0.1,0.25,0.3,B_F_0.58to0.25
65.18,0.1,0.25,0.3,B_F_0.58to0.25
65.2,0.1,0.25,0.3,B_F_0.58to0.25
65.22,0.1,0.25,0.3,B_F_0.58to0.25
65.24,0.1,0.25,0.3,B_F_0.58to0.25
65.26,0.1,0.25,0.3,B_F_0.58to0.25
65.28,0.1,0.25,0.3,B_F_0.58to0.25
65.3,0.1,0.25,0.3,B_F_0.58to0.25
65.32000000000001,0.1,0.25,0.3,B_F_0.58to0.25
65.34,0.1,0.25,0.3,B_F_0.58to0.25
65.36,0.1,0.25,0.3,B_F_0.58to0.25
65.38,0.1,0.25,0.3,B_F_0.58to0.25
65.4,0.1,0.25,0.3,B_F_0.58to0.25
65.42,0.1,0.25,0.3,B_F_0.58to0.25
65.44,0.1,0.25,0.3,B_F_0.58to0.25
65.46000000000001,0.1,0.25,0.3,B_F_0.58to0.25
65.48,0.1,0.25,0.3,B_F_0.58to0.25
65.5,0.1,0.25,0.3,B_F_0.58to0.25
65.52,0.1,0.25,0.3,B_F_0.58to0.25
65.54,0.1,0.25,0.3,B_F_0.58to0.25
65.56,0.1,0.25,0.3,B_F_0.58to0.25
65.58,0.1,0.25,0.3,B_F_0.58to0.25
65.6,0.1,0.25,0.3,B_F_0.58to0.25
65.62,0.1,0.25,0.3,B_F_0.58to0.25
65.64,0.1,0.25,0.3,B_F_0.58to0.25
65.66,0.1,0.25,0.3,B_F_0.58to0.25
65.68,0.1,0.25,0.3,B_F_0.58to0.25
65.7,0.1,0.25,0.3,B_F_0.58to0.25
65.72,0.1,0.25,0.3,B_F_0.58to0.25
65.74,0.1,0.25,0.3,B_F_0.58to0.25
65.76,0.1,0.25,0.3,B_F_0.58to0.25
65.78,0.1,0.25,0.3,B_F_0.58to0.25
65.8,0.1,0.25,0.3,B_F_0.58to0.25
65.82000000000001,0.1,0.25,0.3,B_F_0.58to0.25
65.84,0.1,0.25,0.3,B_F_0.58to0.25
65.86,0.1,0.25,0.3,B_F_0.58to0.25
65.88,0.1,0.25,0.3,B_F_0.58to0.25
65.9,0.1,0.25,0.3,B_F_0.58to0.25
65.92,0.1,0.25,0.3,B_F_0.58to0.25
65.94,0.1,0.25,0.3,B_F_0.58to0.25
65.96000000000001,0.1,0.25,0.3,B_F_0.58to0.25
65.98,0.1,0.25,0.3,B_F_0.58to0.25
66.0,0.1,0.25,0.3,B_F_0.58to0.25
66.02,0.1,0.25,0.3,B_F_0.58to0.25
66.04,0.1,0.25,0.3,B_F_0.58to0.25
66.06,0.1,0.25,0.3,B_F_0.58to0.25
66.08,0.1,0.25,0.3,B_F_0.58to0.25
66.1,0.1,0.25,0.3,B_F_0.58to0.25
66.12,0.1,0.25,0.3,B_F_0.58to0.25
66.14,0.1,0.25,0.3,B_F_0.58to0.25
66.16,0.1,0.25,0.3,B_F_0.58to0.25
66.18,0.1,0.25,0.3,B_F_0.58to0.25
66.2,0.1,0.25,0.3,B_F_0.58to0.25
66.22,0.1,0.25,0.3,B_F_0.58to0.25
66.24,0.1,0.25,0.3,B_F_0.58to0.25
66.26,0.1,0.25,0.3,B_F_0.58to0.25
66.28,0.1,0.25,0.3,B_F_0.58to0.25
66.3,0.1,0.25,0.3,B_F_0.58to0.25
66.32000000000001,0.1,0.25,0.3,B_F_0.58to0.25
66.34,0.1,0.25,0.3,B_F_0.58to0.25
66.36,0.1,0.25,0.3,B_F_0.58to0.25
66.38,0.1,0.25,0.3,B_F_0.58to0.25
66.4,0.1,0.25,0.3,B_F_0.58to0.25
66.42,0.1,0.25,0.3,B_F_0.58to0.25
66.44,0.1,0.25,0.3,B_F_0.58to0.25
66.46000000000001,0.1,0.25,0.3,B_F_0.58to0.25
66.48,0.1,0.25,0.3,B_F_0.58to0.25
66.5,0.1,0.25,0.3,B_F_0.58to0.25
66.52,0.1,0.25,0.3,B_F_0.58to0.25
66.54,0.1,0.25,0.3,B_F_0.58to0.25
66.56,0.1,0.25,0.3,B_F_0.58to0.25
66.58,0.1,0.25,0.3,B_F_0.58to0.25
66.6,0.1,0.25,0.3,B_F_0.58to0.25
66.62,0.1,0.25,0.3,B_F_0.58to0.25
66.64,0.1,0.25,0.3,B_F_0.58to0.25
66.66,0.1,0.25,0.3,B_F_0.58to0.25
66.68,0.1,0.25,0.3,B_F_0.58to0.25
66.7,0.1,0.25,0.3,B_F_0.58to0.25
66.72,0.1,0.25,0.3,B_F_0.58to0.25
66.74,0.1,0.25,0.3,B_F_0.58to0.25
66.76,0.1,0.25,0.3,B_F_0.58to0.25
66.78,0.1,0.25,0.3,B_F_0.58to0.25
66.8,0.1,0.25,0.3,B_F_0.58to0.25
66.82000000000001,0.1,0.25,0.3,B_F_0.58to0.25
66.84,0.1,0.25,0.3,B_F_0.58to0.25
66.86,0.1,0.25,0.3,B_F_0.58to0.25
66.88,0.1,0.25,0.3,B_F_0.58to0.25
66.9,0.1,0.25,0.3,B_F_0.58to0.25
66.92,0.1,0.25,0.3,B_F_0.58to0.25
66.94,0.1,0.25,0.3,B_F_0.58to0.25
66.96000000000001,0.1,0.25,0.3,B_F_0.58to0.25
66.98,0.1,0.25,0.3,B_F_0.58to0.25
67.0,0.1,0.05,0.3,B_F_pre0.05
67.02,0.1,0.05,0.3,B_F_pre0.05
67.04,0.1,0.05,0.3,B_F_pre0.05
67.06,0.1,0.05,0.3,B_F_pre0.05
67.08,0.1,0.05,0.3,B_F_pre0.05
67.1,0.1,0.05,0.3,B_F_pre0.05
67.12,0.1,0.05,0.3,B_F_pre0.05
67.14,0.1,0.05,0.3,B_F_pre0.05
67.16,0.1,0.05,0.3,B_F_pre0.05
67.18,0.1,0.05,0.3,B_F_pre0.05
67.2,0.1,0.05,0.3,B_F_pre0.05
67.22,0.1,0.05,0.3,B_F_pre0.05
67.24,0.1,0.05,0.3,B_F_pre0.05
67.26,0.1,0.05,0.3,B_F_pre0.05
67.28,0.1,0.05,0.3,B_F_pre0.05
67.3,0.1,0.05,0.3,B_F_pre0.05
67.32000000000001,0.1,0.05,0.3,B_F_pre0.05
67.34,0.1,0.05,0.3,B_F_pre0.05
67.36,0.1,0.05,0.3,B_F_pre0.05
67.38,0.1,0.05,0.3,B_F_pre0.05
67.4,0.1,0.05,0.3,B_F_pre0.05
67.42,0.1,0.05,0.3,B_F_pre0.05
67.44,0.1,0.05,0.3,B_F_pre0.05
67.46000000000001,0.1,0.05,0.3,B_F_pre0.05
67.48,0.1,0.05,0.3,B_F_pre0.05
67.5,0.1,0.05,0.3,B_F_pre0.05
67.52,0.1,0.05,0.3,B_F_pre0.05
67.54,0.1,0.05,0.3,B_F_pre0.05
67.56,0.1,0.05,0.3,B_F_pre0.05
67.58,0.1,0.05,0.3,B_F_pre0.05
67.6,0.1,0.05,0.3,B_F_pre0.05
67.62,0.1,0.05,0.3,B_F_pre0.05
67.64,0.1,0.05,0.3,B_F_pre0.05
67.66,0.1,0.05,0.3,B_F_pre0.05
67.68,0.1,0.05,0.3,B_F_pre0.05
67.7,0.1,0.05,0.3,B_F_pre0.05
67.72,0.1,0.05,0.3,B_F_pre0.05
67.74,0.1,0.05,0.3,B_F_pre0.05
67.76,0.1,0.05,0.3,B_F_pre0.05
67.78,0.1,0.05,0.3,B_F_pre0.05
67.8,0.1,0.05,0.3,B_F_pre0.05
67.82000000000001,0.1,0.05,0.3,B_F_pre0.05
67.84,0.1,0.05,0.3,B_F_pre0.05
67.86,0.1,0.05,0.3,B_F_pre0.05
67.88,0.1,0.05,0.3,B_F_pre0.05
67.9,0.1,0.05,0.3,B_F_pre0.05
67.92,0.1,0.05,0.3,B_F_pre0.05
67.94,0.1,0.05,0.3,B_F_pre0.05
67.96000000000001,0.1,0.05,0.3,B_F_pre0.05
67.98,0.1,0.05,0.3,B_F_pre0.05
68.0,0.1,0.05,0.3,B_F_pre0.05
68.02,0.1,0.05,0.3,B_F_pre0.05
68.04,0.1,0.05,0.3,B_F_pre0.05
68.06,0.1,0.05,0.3,B_F_pre0.05
68.08,0.1,0.05,0.3,B_F_pre0.05
68.1,0.1,0.05,0.3,B_F_pre0.05
68.12,0.1,0.05,0.3,B_F_pre0.05
68.14,0.1,0.05,0.3,B_F_pre0.05
68.16,0.1,0.05,0.3,B_F_pre0.05
68.18,0.1,0.05,0.3,B_F_pre0.05
68.2,0.1,0.05,0.3,B_F_pre0.05
68.22,0.1,0.05,0.3,B_F_pre0.05
68.24,0.1,0.05,0.3,B_F_pre0.05
68.26,0.1,0.05,0.3,B_F_pre0.05
68.28,0.1,0.05,0.3,B_F_pre0.05
68.3,0.1,0.05,0.3,B_F_pre0.05
68.32000000000001,0.1,0.05,0.3,B_F_pre0.05
68.34,0.1,0.05,0.3,B_F_pre0.05
68.36,0.1,0.05,0.3,B_F_pre0.05
68.38,0.1,0.05,0.3,B_F_pre0.05
68.4,0.1,0.05,0.3,B_F_pre0.05
68.42,0.1,0.05,0.3,B_F_pre0.05
68.44,0.1,0.05,0.3,B_F_pre0.05
68.46000000000001,0.1,0.05,0.3,B_F_pre0.05
68.48,0.1,0.05,0.3,B_F_pre0.05
68.5,0.1,0.25,0.3,B_F_0.05to0.25
68.52,0.1,0.25,0.3,B_F_0.05to0.25
68.54,0.1,0.25,0.3,B_F_0.05to0.25
68.56,0.1,0.25,0.3,B_F_0.05to0.25
68.58,0.1,0.25,0.3,B_F_0.05to0.25
68.60000000000001,0.1,0.25,0.3,B_F_0.05to0.25
68.62,0.1,0.25,0.3,B_F_0.05to0.25
68.64,0.1,0.25,0.3,B_F_0.05to0.25
68.66,0.1,0.25,0.3,B_F_0.05to0.25
68.68,0.1,0.25,0.3,B_F_0.05to0.25
68.7,0.1,0.25,0.3,B_F_0.05to0.25
68.72,0.1,0.25,0.3,B_F_0.05to0.25
68.74,0.1,0.25,0.3,B_F_0.05to0.25
68.76,0.1,0.25,0.3,B_F_0.05to0.25
68.78,0.1,0.25,0.3,B_F_0.05to0.25
68.8,0.1,0.25,0.3,B_F_0.05to0.25
68.82000000000001,0.1,0.25,0.3,B_F_0.05to0.25
68.84,0.1,0.25,0.3,B_F_0.05to0.25
68.86,0.1,0.25,0.3,B_F_0.05to0.25
68.88,0.1,0.25,0.3,B_F_0.05to0.25
68.9,0.1,0.25,0.3,B_F_0.05to0.25
68.92,0.1,0.25,0.3,B_F_0.05to0.25
68.94,0.1,0.25,0.3,B_F_0.05to0.25
68.96000000000001,0.1,0.25,0.3,B_F_0.05to0.25
68.98,0.1,0.25,0.3,B_F_0.05to0.25
69.0,0.1,0.25,0.3,B_F_0.05to0.25
69.02,0.1,0.25,0.3,B_F_0.05to0.25
69.04,0.1,0.25,0.3,B_F_0.05to0.25
69.06,0.1,0.25,0.3,B_F_0.05to0.25
69.08,0.1,0.25,0.3,B_F_0.05to0.25
69.10000000000001,0.1,0.25,0.3,B_F_0.05to0.25
69.12,0.1,0.25,0.3,B_F_0.05to0.25
69.14,0.1,0.25,0.3,B_F_0.05to0.25
69.16,0.1,0.25,0.3,B_F_0.05to0.25
69.18,0.1,0.25,0.3,B_F_0.05to0.25
69.2,0.1,0.25,0.3,B_F_0.05to0.25
69.22,0.1,0.25,0.3,B_F_0.05to0.25
69.24,0.1,0.25,0.3,B_F_0.05to0.25
69.26,0.1,0.25,0.3,B_F_0.05to0.25
69.28,0.1,0.25,0.3,B_F_0.05to0.25
69.3,0.1,0.25,0.3,B_F_0.05to0.25
69.32000000000001,0.1,0.25,0.3,B_F_0.05to0.25
69.34,0.1,0.25,0.3,B_F_0.05to0.25
69.36,0.1,0.25,0.3,B_F_0.05to0.25
69.38,0.1,0.25,0.3,B_F_0.05to0.25
69.4,0.1,0.25,0.3,B_F_0.05to0.25
69.42,0.1,0.25,0.3,B_F_0.05to0.25
69.44,0.1,0.25,0.3,B_F_0.05to0.25
69.46000000000001,0.1,0.25,0.3,B_F_0.05to0.25
69.48,0.1,0.25,0.3,B_F_0.05to0.25
69.5,0.1,0.25,0.3,B_F_0.05to0.25
69.52,0.1,0.25,0.3,B_F_0.05to0.25
69.54,0.1,0.25,0.3,B_F_0.05to0.25
69.56,0.1,0.25,0.3,B_F_0.05to0.25
69.58,0.1,0.25,0.3,B_F_0.05to0.25
69.60000000000001,0.1,0.25,0.3,B_F_0.05to0.25
69.62,0.1,0.25,0.3,B_F_0.05to0.25
69.64,0.1,0.25,0.3,B_F_0.05to0.25
69.66,0.1,0.25,0.3,B_F_0.05to0.25
69.68,0.1,0.25,0.3,B_F_0.05to0.25
69.7,0.1,0.25,0.3,B_F_0.05to0.25
69.72,0.1,0.25,0.3,B_F_0.05to0.25
69.74,0.1,0.25,0.3,B_F_0.05to0.25
69.76,0.1,0.25,0.3,B_F_0.05to0.25
69.78,0.1,0.25,0.3,B_F_0.05to0.25
69.8,0.1,0.25,0.3,B_F_0.05to0.25
69.82000000000001,0.1,0.25,0.3,B_F_0.05to0.25
69.84,0.1,0.25,0.3,B_F_0.05to0.25
69.86,0.1,0.25,0.3,B_F_0.05to0.25
69.88,0.1,0.25,0.3,B_F_0.05to0.25
69.9,0.1,0.25,0.3,B_F_0.05to0.25
69.92,0.1,0.25,0.3,B_F_0.05to0.25
69.94,0.1,0.25,0.3,B_F_0.05to0.25
69.96000000000001,0.1,0.25,0.3,B_F_0.05to0.25
69.98,0.1,0.25,0.3,B_F_0.05to0.25
70.0,0.1,0.25,0.3,B_F_0.05to0.25
70.02,0.1,0.25,0.3,B_F_0.05to0.25
70.04,0.1,0.25,0.3,B_F_0.05to0.25
70.06,0.1,0.25,0.3,B_F_0.05to0.25
70.08,0.1,0.25,0.3,B_F_0.05to0.25
70.10000000000001,0.1,0.25,0.3,B_F_0.05to0.25
70.12,0.1,0.25,0.3,B_F_0.05to0.25
70.14,0.1,0.25,0.3,B_F_0.05to0.25
70.16,0.1,0.25,0.3,B_F_0.05to0.25
70.18,0.1,0.25,0.3,B_F_0.05to0.25
70.2,0.1,0.25,0.3,B_F_0.05to0.25
70.22,0.1,0.25,0.3,B_F_0.05to0.25
70.24,0.1,0.25,0.3,B_F_0.05to0.25
70.26,0.1,0.25,0.3,B_F_0.05to0.25
70.28,0.1,0.25,0.3,B_F_0.05to0.25
70.3,0.1,0.25,0.3,B_F_0.05to0.25
70.32000000000001,0.1,0.25,0.3,B_F_0.05to0.25
70.34,0.1,0.25,0.3,B_F_0.05to0.25
70.36,0.1,0.25,0.3,B_F_0.05to0.25
70.38,0.1,0.25,0.3,B_F_0.05to0.25
70.4,0.1,0.25,0.3,B_F_0.05to0.25
70.42,0.1,0.25,0.3,B_F_0.05to0.25
70.44,0.1,0.25,0.3,B_F_0.05to0.25
70.46000000000001,0.1,0.25,0.3,B_F_0.05to0.25
70.48,0.1,0.25,0.3,B_F_0.05to0.25
70.5,0.1,0.25,0.3,B_F_pre0.25
70.52,0.1,0.25,0.3,B_F_pre0.25
70.54,0.1,0.25,0.3,B_F_pre0.25
70.56,0.1,0.25,0.3,B_F_pre0.25
70.58,0.1,0.25,0.3,B_F_pre0.25
70.60000000000001,0.1,0.25,0.3,B_F_pre0.25
70.62,0.1,0.25,0.3,B_F_pre0.25
70.64,0.1,0.25,0.3,B_F_pre0.25
70.66,0.1,0.25,0.3,B_F_pre0.25
70.68,0.1,0.25,0.3,B_F_pre0.25
70.7,0.1,0.25,0.3,B_F_pre0.25
70.72,0.1,0.25,0.3,B_F_pre0.25
70.74,0.1,0.25,0.3,B_F_pre0.25
70.76,0.1,0.25,0.3,B_F_pre0.25
70.78,0.1,0.25,0.3,B_F_pre0.25
70.8,0.1,0.25,0.3,B_F_pre0.25
70.82000000000001,0.1,0.25,0.3,B_F_pre0.25
70.84,0.1,0.25,0.3,B_F_pre0.25
70.86,0.1,0.25,0.3,B_F_pre0.25
70.88,0.1,0.25,0.3,B_F_pre0.25
70.9,0.1,0.25,0.3,B_F_pre0.25
70.92,0.1,0.25,0.3,B_F_pre0.25
70.94,0.1,0.25,0.3,B_F_pre0.25
70.96000000000001,0.1,0.25,0.3,B_F_pre0.25
70.98,0.1,0.25,0.3,B_F_pre0.25
71.0,0.1,0.25,0.3,B_F_pre0.25
71.02,0.1,0.25,0.3,B_F_pre0.25
71.04,0.1,0.25,0.3,B_F_pre0.25
71.06,0.1,0.25,0.3,B_F_pre0.25
71.08,0.1,0.25,0.3,B_F_pre0.25
71.10000000000001,0.1,0.25,0.3,B_F_pre0.25
71.12,0.1,0.25,0.3,B_F_pre0.25
71.14,0.1,0.25,0.3,B_F_pre0.25
71.16,0.1,0.25,0.3,B_F_pre0.25
71.18,0.1,0.25,0.3,B_F_pre0.25
71.2,0.1,0.25,0.3,B_F_pre0.25
71.22,0.1,0.25,0.3,B_F_pre0.25
71.24,0.1,0.25,0.3,B_F_pre0.25
71.26,0.1,0.25,0.3,B_F_pre0.25
71.28,0.1,0.25,0.3,B_F_pre0.25
71.3,0.1,0.25,0.3,B_F_pre0.25
71.32000000000001,0.1,0.25,0.3,B_F_pre0.25
71.34,0.1,0.25,0.3,B_F_pre0.25
71.36,0.1,0.25,0.3,B_F_pre0.25
71.38,0.1,0.25,0.3,B_F_pre0.25
71.4,0.1,0.25,0.3,B_F_pre0.25
71.42,0.1,0.25,0.3,B_F_pre0.25
71.44,0.1,0.25,0.3,B_F_pre0.25
71.46000000000001,0.1,0.25,0.3,B_F_pre0.25
71.48,0.1,0.25,0.3,B_F_pre0.25
71.5,0.1,0.25,0.3,B_F_pre0.25
71.52,0.1,0.25,0.3,B_F_pre0.25
71.54,0.1,0.25,0.3,B_F_pre0.25
71.56,0.1,0.25,0.3,B_F_pre0.25
71.58,0.1,0.25,0.3,B_F_pre0.25
71.60000000000001,0.1,0.25,0.3,B_F_pre0.25
71.62,0.1,0.25,0.3,B_F_pre0.25
71.64,0.1,0.25,0.3,B_F_pre0.25
71.66,0.1,0.25,0.3,B_F_pre0.25
71.68,0.1,0.25,0.3,B_F_pre0.25
71.7,0.1,0.25,0.3,B_F_pre0.25
71.72,0.1,0.25,0.3,B_F_pre0.25
71.74,0.1,0.25,0.3,B_F_pre0.25
71.76,0.1,0.25,0.3,B_F_pre0.25
71.78,0.1,0.25,0.3,B_F_pre0.25
71.8,0.1,0.25,0.3,B_F_pre0.25
71.82000000000001,0.1,0.25,0.3,B_F_pre0.25
71.84,0.1,0.25,0.3,B_F_pre0.25
71.86,0.1,0.25,0.3,B_F_pre0.25
71.88,0.1,0.25,0.3,B_F_pre0.25
71.9,0.1,0.25,0.3,B_F_pre0.25
71.92,0.1,0.25,0.3,B_F_pre0.25
71.94,0.1,0.25,0.3,B_F_pre0.25
71.96000000000001,0.1,0.25,0.3,B_F_pre0.25
71.98,0.1,0.25,0.3,B_F_pre0.25
72.0,0.1,0.05,0.3,B_F_0.25to0.05
72.02,0.1,0.05,0.3,B_F_0.25to0.05
72.04,0.1,0.05,0.3,B_F_0.25to0.05
72.06,0.1,0.05,0.3,B_F_0.25to0.05
72.08,0.1,0.05,0.3,B_F_0.25to0.05
72.10000000000001,0.1,0.05,0.3,B_F_0.25to0.05
72.12,0.1,0.05,0.3,B_F_0.25to0.05
72.14,0.1,0.05,0.3,B_F_0.25to0.05
72.16,0.1,0.05,0.3,B_F_0.25to0.05
72.18,0.1,0.05,0.3,B_F_0.25to0.05
72.2,0.1,0.05,0.3,B_F_0.25to0.05
72.22,0.1,0.05,0.3,B_F_0.25to0.05
72.24,0.1,0.05,0.3,B_F_0.25to0.05
72.26,0.1,0.05,0.3,B_F_0.25to0.05
72.28,0.1,0.05,0.3,B_F_0.25to0.05
72.3,0.1,0.05,0.3,B_F_0.25to0.05
72.32000000000001,0.1,0.05,0.3,B_F_0.25to0.05
72.34,0.1,0.05,0.3,B_F_0.25to0.05
72.36,0.1,0.05,0.3,B_F_0.25to0.05
72.38,0.1,0.05,0.3,B_F_0.25to0.05
72.4,0.1,0.05,0.3,B_F_0.25to0.05
72.42,0.1,0.05,0.3,B_F_0.25to0.05
72.44,0.1,0.05,0.3,B_F_0.25to0.05
72.46000000000001,0.1,0.05,0.3,B_F_0.25to0.05
72.48,0.1,0.05,0.3,B_F_0.25to0.05
72.5,0.1,0.05,0.3,B_F_0.25to0.05
72.52,0.1,0.05,0.3,B_F_0.25to0.05
72.54,0.1,0.05,0.3,B_F_0.25to0.05
72.56,0.1,0.05,0.3,B_F_0.25to0.05
72.58,0.1,0.05,0.3,B_F_0.25to0.05
72.60000000000001,0.1,0.05,0.3,B_F_0.25to0.05
72.62,0.1,0.05,0.3,B_F_0.25to0.05
72.64,0.1,0.05,0.3,B_F_0.25to0.05
72.66,0.1,0.05,0.3,B_F_0.25to0.05
72.68,0.1,0.05,0.3,B_F_0.25to0.05
72.7,0.1,0.05,0.3,B_F_0.25to0.05
72.72,0.1,0.05,0.3,B_F_0.25to0.05
72.74,0.1,0.05,0.3,B_F_0.25to0.05
72.76,0.1,0.05,0.3,B_F_0.25to0.05
72.78,0.1,0.05,0.3,B_F_0.25to0.05
72.8,0.1,0.05,0.3,B_F_0.25to0.05
72.82000000000001,0.1,0.05,0.3,B_F_0.25to0.05
72.84,0.1,0.05,0.3,B_F_0.25to0.05
72.86,0.1,0.05,0.3,B_F_0.25to0.05
72.88,0.1,0.05,0.3,B_F_0.25to0.05
72.9,0.1,0.05,0.3,B_F_0.25to0.05
72.92,0.1,0.05,0.3,B_F_0.25to0.05
72.94,0.1,0.05,0.3,B_F_0.25to0.05
72.96000000000001,0.1,0.05,0.3,B_F_0.25to0.05
72.98,0.1,0.05,0.3,B_F_0.25to0.05
73.0,0.1,0.05,0.3,B_F_0.25to0.05
73.02,0.1,0.05,0.3,B_F_0.25to0.05
73.04,0.1,0.05,0.3,B_F_0.25to0.05
73.06,0.1,0.05,0.3,B_F_0.25to0.05
73.08,0.1,0.05,0.3,B_F_0.25to0.05
73.10000000000001,0.1,0.05,0.3,B_F_0.25to0.05
73.12,0.1,0.05,0.3,B_F_0.25to0.05
73.14,0.1,0.05,0.3,B_F_0.25to0.05
73.16,0.1,0.05,0.3,B_F_0.25to0.05
73.18,0.1,0.05,0.3,B_F_0.25to0.05
73.2,0.1,0.05,0.3,B_F_0.25to0.05
73.22,0.1,0.05,0.3,B_F_0.25to0.05
73.24,0.1,0.05,0.3,B_F_0.25to0.05
73.26,0.1,0.05,0.3,B_F_0.25to0.05
73.28,0.1,0.05,0.3,B_F_0.25to0.05
73.3,0.1,0.05,0.3,B_F_0.25to0.05
73.32000000000001,0.1,0.05,0.3,B_F_0.25to0.05
73.34,0.1,0.05,0.3,B_F_0.25to0.05
73.36,0.1,0.05,0.3,B_F_0.25to0.05
73.38,0.1,0.05,0.3,B_F_0.25to0.05
73.4,0.1,0.05,0.3,B_F_0.25to0.05
73.42,0.1,0.05,0.3,B_F_0.25to0.05
73.44,0.1,0.05,0.3,B_F_0.25to0.05
73.46000000000001,0.1,0.05,0.3,B_F_0.25to0.05
73.48,0.1,0.05,0.3,B_F_0.25to0.05
73.5,0.1,0.05,0.3,B_F_0.25to0.05
73.52,0.1,0.05,0.3,B_F_0.25to0.05
73.54,0.1,0.05,0.3,B_F_0.25to0.05
73.56,0.1,0.05,0.3,B_F_0.25to0.05
73.58,0.1,0.05,0.3,B_F_0.25to0.05
73.60000000000001,0.1,0.05,0.3,B_F_0.25to0.05
73.62,0.1,0.05,0.3,B_F_0.25to0.05
73.64,0.1,0.05,0.3,B_F_0.25to0.05
73.66,0.1,0.05,0.3,B_F_0.25to0.05
73.68,0.1,0.05,0.3,B_F_0.25to0.05
73.7,0.1,0.05,0.3,B_F_0.25to0.05
73.72,0.1,0.05,0.3,B_F_0.25to0.05
73.74,0.1,0.05,0.3,B_F_0.25to0.05
73.76,0.1,0.05,0.3,B_F_0.25to0.05
73.78,0.1,0.05,0.3,B_F_0.25to0.05
73.8,0.1,0.05,0.3,B_F_0.25to0.05
73.82000000000001,0.1,0.05,0.3,B_F_0.25to0.05
73.84,0.1,0.05,0.3,B_F_0.25to0.05
73.86,0.1,0.05,0.3,B_F_0.25to0.05
73.88,0.1,0.05,0.3,B_F_0.25to0.05
73.9,0.1,0.05,0.3,B_F_0.25to0.05
73.92,0.1,0.05,0.3,B_F_0.25to0.05
73.94,0.1,0.05,0.3,B_F_0.25to0.05
73.96000000000001,0.1,0.05,0.3,B_F_0.25to0.05
73.98,0.1,0.05,0.3,B_F_0.25to0.05
74.0,0.1,0.1,0.3,rest
74.02,0.1,0.1,0.3,rest
74.04,0.1,0.1,0.3,rest
74.06,0.1,0.1,0.3,rest
74.08,0.1,0.1,0.3,rest
74.10000000000001,0.1,0.1,0.3,rest
74.12,0.1,0.1,0.3,rest
74.14,0.1,0.1,0.3,rest
74.16,0.1,0.1,0.3,rest
74.18,0.1,0.1,0.3,rest
74.2,0.1,0.1,0.3,rest
74.22,0.1,0.1,0.3,rest
74.24,0.1,0.1,0.3,rest
74.26,0.1,0.1,0.3,rest
74.28,0.1,0.1,0.3,rest
74.3,0.1,0.1,0.3,rest
74.32000000000001,0.1,0.1,0.3,rest
74.34,0.1,0.1,0.3,rest
74.36,0.1,0.1,0.3,rest
74.38,0.1,0.1,0.3,rest
74.4,0.1,0.1,0.3,rest
74.42,0.1,0.1,0.3,rest
74.44,0.1,0.1,0.3,rest
74.46000000000001,0.1,0.1,0.3,rest
74.48,0.1,0.1,0.3,rest
74.5,0.1,0.1,0.3,rest
74.52,0.1,0.1,0.3,rest
74.54,0.1,0.1,0.3,rest
74.56,0.1,0.1,0.3,rest
74.58,0.1,0.1,0.3,rest
74.60000000000001,0.1,0.1,0.3,rest
74.62,0.1,0.1,0.3,rest
74.64,0.1,0.1,0.3,rest
74.66,0.1,0.1,0.3,rest
74.68,0.1,0.1,0.3,rest
74.7,0.1,0.1,0.3,rest
74.72,0.1,0.1,0.3,rest
74.74,0.1,0.1,0.3,rest
74.76,0.1,0.1,0.3,rest
74.78,0.1,0.1,0.3,rest
74.8,0.1,0.1,0.3,rest
74.82000000000001,0.1,0.1,0.3,rest
74.84,0.1,0.1,0.3,rest
74.86,0.1,0.1,0.3,rest
74.88,0.1,0.1,0.3,rest
74.9,0.1,0.1,0.3,rest
74.92,0.1,0.1,0.3,rest
74.94,0.1,0.1,0.3,rest
74.96000000000001,0.1,0.1,0.3,rest
74.98,0.1,0.1,0.3,rest
75.0,0.1,0.1,0.3,rest
75.02,0.1,0.1,0.3,rest
75.04,0.1,0.1,0.3,rest
75.06,0.1,0.1,0.3,rest
75.08,0.1,0.1,0.3,rest
75.10000000000001,0.1,0.1,0.3,rest
75.12,0.1,0.1,0.3,rest
75.14,0.1,0.1,0.3,rest
75.16,0.1,0.1,0.3,rest
75.18,0.1,0.1,0.3,rest
75.2,0.1,0.1,0.3,rest
75.22,0.1,0.1,0.3,rest
75.24,0.1,0.1,0.3,rest
75.26,0.1,0.1,0.3,rest
75.28,0.1,0.1,0.3,rest
75.3,0.1,0.1,0.3,rest
75.32000000000001,0.1,0.1,0.3,rest
75.34,0.1,0.1,0.3,rest
75.36,0.1,0.1,0.3,rest
75.38,0.1,0.1,0.3,rest
75.4,0.1,0.1,0.3,rest
75.42,0.1,0.1,0.3,rest
75.44,0.1,0.1,0.3,rest
75.46000000000001,0.1,0.1,0.3,rest
75.48,0.1,0.1,0.3,rest
75.5,0.1,0.1,0.3,rest
75.52,0.1,0.1,0.3,rest
75.54,0.1,0.1,0.3,rest
75.56,0.1,0.1,0.3,rest
75.58,0.1,0.1,0.3,rest
75.60000000000001,0.1,0.1,0.3,rest
75.62,0.1,0.1,0.3,rest
75.64,0.1,0.1,0.3,rest
75.66,0.1,0.1,0.3,rest
75.68,0.1,0.1,0.3,rest
75.7,0.1,0.1,0.3,rest
75.72,0.1,0.1,0.3,rest
75.74,0.1,0.1,0.3,rest
75.76,0.1,0.1,0.3,rest
75.78,0.1,0.1,0.3,rest
75.8,0.1,0.1,0.3,rest
75.82000000000001,0.1,0.1,0.3,rest
75.84,0.1,0.1,0.3,rest
75.86,0.1,0.1,0.3,rest
75.88,0.1,0.1,0.3,rest
75.9,0.1,0.1,0.3,rest
75.92,0.1,0.1,0.3,rest
75.94,0.1,0.1,0.3,rest
75.96000000000001,0.1,0.1,0.3,rest
75.98,0.1,0.1,0.3,rest
