timestamp,segment_id,mode,cmd_DF,cmd_F,cmd_G,meas_pres_DF,meas_pres_F,meas_pres_G,meas_ang_wrist,meas_ang_hand,p_flag
1768881380.7737672,0,train,0.0,0.0,0.0,-0.017903292426900756,-0.014369950155960848,-0.014540970622636337,0.0,-0.0,1.0
1768881380.7737765,0,train,0.0,0.0,0.0,-0.0008859517421483548,-0.00916918466293765,-0.007461885285791842,0.0,-0.0,1.0
1768881380.7737842,0,train,0.0,0.0,0.0,0.006456781354404846,-0.020836669140089054,-0.008949961356980325,0.0,-0.0,1.0
1768881380.7737892,0,train,0.0,0.0,0.0,0.009794277125741215,-0.015204656235044196,-0.005631036747361592,0.0,-0.0,1.0
1768881380.773793,0,train,0.0,0.0,0.0,-0.007689375180645502,-0.01593503503455026,-0.003733451857668762,0.0,-0.0,1.0
1768881380.7737966,0,train,0.0,0.0,0.0,-0.018346373734604605,-0.009100420715050295,0.0017746663957556173,0.0,-0.0,1.0
1768881380.7738008,0,train,0.0,0.0,0.0,-0.0063115034222526265,0.0018355488484599904,0.005354669758459373,0.0,-0.0,1.0
1768881380.7738051,0,train,0.0,0.0,0.0,-0.010290304519235627,-0.0001842835187967428,-0.0007840855155230287,0.0,-0.0,1.0
1768881380.7738092,0,train,0.0,0.0,0.0,-0.0027915724054101646,0.0023992467699381977,-0.008026083606987882,0.0,-0.0,1.0
1768881380.7738128,0,train,0.0,0.0,0.0,-0.003905224625952875,-0.005792788152189115,-0.0005455110679972989,0.0,-0.0,1.0
1768881380.8145823,0,train,0.23212074811843478,0.29589012083398236,0.24688893218344143,-0.013879092268461523,0.0027120440913833877,0.0055467120816565275,0.0,-0.0,1.0
1768881380.8145988,0,train,0.23212074811843478,0.29589012083398236,0.24688893218344143,-0.0007409970566192233,-0.010470447049474705,-0.006232100308025737,0.0,-0.0,1.0
1768881380.8146064,0,train,0.23212074811843478,0.29589012083398236,0.24688893218344143,0.0023725898804090348,-0.017175938729522357,-0.009255773770053388,0.0,-0.0,1.0
1768881380.814614,0,train,0.23212074811843478,0.29589012083398236,0.24688893218344143,0.004078016888281361,-0.011294855163188722,-0.010489796669173903,0.0,-0.0,1.0
1768881380.8146203,0,train,0.23212074811843478,0.29589012083398236,0.24688893218344143,-0.006489380381139841,-0.012906692033330424,-0.0028008114512613966,0.0,-0.0,1.0
1768881380.8146255,0,train,0.23212074811843478,0.29589012083398236,0.24688893218344143,0.000186145926355366,-0.022198680789556974,-0.006889915777675286,0.0,-0.0,1.0
1768881380.8146315,0,train,0.23212074811843478,0.29589012083398236,0.24688893218344143,-0.012737235025313674,-0.023261225659607213,-0.0068740787406645675,0.0,-0.0,1.0
1768881380.81464,0,train,0.23212074811843478,0.29589012083398236,0.24688893218344143,-0.02137822699749283,-0.025744586819595194,0.004267877233669139,0.0,-0.0,1.0
1768881380.8146465,0,train,0.23212074811843478,0.29589012083398236,0.24688893218344143,-0.0009726207415391929,-0.018625552816920285,-0.003713176994891517,0.0,-0.0,1.0
1768881380.8146527,0,train,0.23212074811843478,0.29589012083398236,0.24688893218344143,0.009632873236362097,-0.015719891788465327,-0.008588131225780648,0.0,-0.0,1.0
1768881380.8646247,0,train,0.22939145507307118,0.2925173174122686,0.24300963050955435,-0.005793479310035455,-0.0001393794911355283,-0.005054854024588375,0.0,-0.0,1.0
1768881380.8646405,0,train,0.22939145507307118,0.2925173174122686,0.24300963050955435,0.0017117940529771743,-0.017204758131426728,-0.0075116471604841145,0.0,-0.0,1.0
1768881380.864648,0,train,0.22939145507307118,0.2925173174122686,0.24300963050955435,0.0006582860010685654,-0.010261950773315303,-0.0078476649036905,0.0,-0.0,1.0
1768881380.864654,0,train,0.22939145507307118,0.2925173174122686,0.24300963050955435,0.0061403558353887,-0.01955697476189548,-0.003749177202474563,0.0,-0.0,1.0
1768881380.8646958,0,train,0.22939145507307118,0.2925173174122686,0.24300963050955435,0.013990872741469524,-0.004925940809543441,0.0017096165724337035,0.0,-0.0,1.0
1768881380.8647032,0,train,0.22939145507307118,0.2925173174122686,0.24300963050955435,0.04025896205252024,0.008467312202919101,0.01758058017176193,-0.18,-0.0,1.0
1768881380.8647091,0,train,0.22939145507307118,0.2925173174122686,0.24300963050955435,0.06394732811127396,0.020605634714044474,0.022809763613613046,-0.18,-0.0,1.0
1768881380.8647153,0,train,0.22939145507307118,0.2925173174122686,0.24300963050955435,0.07957164979875268,0.045728551399827,0.0348012101111214,-0.18,-0.0,1.0
1768881380.864722,0,train,0.22939145507307118,0.2925173174122686,0.24300963050955435,0.08639794620398171,0.07162911875182719,0.056053227586379456,-0.18,-0.0,1.0
1768881380.8647277,0,train,0.22939145507307118,0.2925173174122686,0.24300963050955435,0.0984727702045575,0.08880866198705988,0.06402626855283218,-0.36,-0.0,1.0
1768881380.9049838,0,train,0.22990178444030837,0.29238104641195684,0.2423597828016254,0.1103223625513702,0.10565095908701082,0.07691444166292627,-0.54,-0.0,1.0
1768881380.9049935,0,train,0.22990178444030837,0.29238104641195684,0.2423597828016254,0.12435817652901339,0.12447791332800436,0.08665779031009037,-0.54,-0.0,1.0
1768881380.9049997,0,train,0.22990178444030837,0.29238104641195684,0.2423597828016254,0.12325606757930256,0.133098840888909,0.10475766781460091,-0.8999999999999999,-0.0,1.0
1768881380.905006,0,train,0.22990178444030837,0.29238104641195684,0.2423597828016254,0.1323731866114084,0.14515338193618135,0.11608284790461383,-1.08,-0.0,1.0
1768881380.905018,0,train,0.22990178444030837,0.29238104641195684,0.2423597828016254,0.14139296210080743,0.15893967427957587,0.1298586460149017,-1.26,-0.0,1.0
1768881380.9050238,0,train,0.22990178444030837,0.29238104641195684,0.2423597828016254,0.14273497362953178,0.17864969453662385,0.14263566008844947,-1.6199999999999999,-0.0,1.0
1768881380.905029,0,train,0.22990178444030837,0.29238104641195684,0.2423597828016254,0.14803123046268712,0.1835395564217776,0.1481093933985097,-1.98,-0.0,1.0
1768881380.9050388,0,train,0.22990178444030837,0.29238104641195684,0.2423597828016254,0.15636084409544196,0.19032358752291062,0.15347757374120644,-2.34,-0.0,1.0
1768881380.9050446,0,train,0.22990178444030837,0.29238104641195684,0.2423597828016254,0.1617147857068903,0.20024118781974254,0.16163744319358866,-2.6999999999999997,-0.0,1.0
1768881380.9050503,0,train,0.22990178444030837,0.29238104641195684,0.2423597828016254,0.16551778360104252,0.21367040236048596,0.16896153058710486,-3.2399999999999998,-0.0,1.0
1768881380.9451914,0,train,0.23288098909660204,0.2946008126658659,0.24397181794776973,0.1738949154432521,0.21841983048332828,0.1732278235227437,-3.5999999999999996,-0.0,1.0
1768881380.945201,0,train,0.23288098909660204,0.2946008126658659,0.24397181794776973,0.18012219014112843,0.22128998213387635,0.17958470775700855,-4.14,-0.0,1.0
1768881380.945218,0,train,0.23288098909660204,0.2946008126658659,0.24397181794776973,0.18468308094525607,0.2292767203325441,0.18697432292525856,-4.859999999999999,-0.0,1.0
1768881380.9452236,0,train,0.23288098909660204,0.2946008126658659,0.24397181794776973,0.18981816226074757,0.22723287605331713,0.1913682615173634,-5.3999999999999995,-0.0,1.0
1768881380.9452581,0,train,0.23288098909660204,0.2946008126658659,0.24397181794776973,0.1942878628598197,0.2402659980812456,0.194500041220557,-5.9399999999999995,-0.0,1.0
1768881380.9452634,0,train,0.23288098909660204,0.2946008126658659,0.24397181794776973,0.1972305655680169,0.2511402662368845,0.1992768774476518,-6.4799999999999995,-0.0,1.0
1768881380.9452686,0,train,0.23288098909660204,0.2946008126658659,0.24397181794776973,0.20077242908085016,0.25455666842107644,0.20505205159856815,-7.02,-0.0,1.0
1768881380.945274,0,train,0.23288098909660204,0.2946008126658659,0.24397181794776973,0.20448747753900165,0.25916326826258285,0.2078928216217701,-7.56,-0.0,1.0
1768881380.9452796,0,train,0.23288098909660204,0.2946008126658659,0.24397181794776973,0.2069567516377783,0.2590939274087377,0.21070502114558684,-8.1,-0.0,1.0
1768881380.9452848,0,train,0.23288098909660204,0.2946008126658659,0.24397181794776973,0.20952072479004466,0.27440229132968463,0.21631734083231957,-8.82,-0.0,1.0
1768881380.9956677,0,train,0.24008203851945048,0.300710363231013,0.24920025784462405,0.21231764543812676,0.26463398450477166,0.21891596281189063,-9.36,-0.0,1.0
1768881380.9957113,0,train,0.24008203851945048,0.300710363231013,0.24920025784462405,0.21430522895606702,0.26977999275102205,0.22100223983896236,-9.719999999999999,-0.0,1.0
1768881380.995718,0,train,0.24008203851945048,0.300710363231013,0.24920025784462405,0.21603388652452715,0.2655372284262937,0.22360353620161236,-10.08,-0.0,1.0
1768881380.9957237,0,train,0.24008203851945048,0.300710363231013,0.24920025784462405,0.21708237041021267,0.27016785477823074,0.22670778084958138,-10.44,-0.18,1.0
1768881380.9957287,0,train,0.24008203851945048,0.300710363231013,0.24920025784462405,0.21902484320477753,0.27189371282026875,0.22873973013489032,-10.799999999999999,-0.18,1.0
1768881380.9957335,0,train,0.24008203851945048,0.300710363231013,0.24920025784462405,0.22040839564704084,0.27881619538086566,0.23038937663387501,-11.16,-0.18,1.0
1768881380.995739,0,train,0.24008203851945048,0.300710363231013,0.24920025784462405,0.22177529317595232,0.2741897332730692,0.2337724806072773,-11.52,-0.36,1.0
1768881380.9957485,0,train,0.24008203851945048,0.300710363231013,0.24920025784462405,0.2233906522649252,0.27721079458122805,0.23569089881153854,-11.879999999999999,-0.54,1.0
1768881380.9957542,0,train,0.24008203851945048,0.300710363231013,0.24920025784462405,0.2253968912309332,0.2940746536812915,0.23683792102843645,-12.059999999999999,-0.72,1.0
1768881380.9957597,0,train,0.24008203851945048,0.300710363231013,0.24920025784462405,0.227217007059843,0.28397252264914197,0.23791535183831508,-12.059999999999999,-0.8999999999999999,1.0
1768881381.035961,0,train,0.24854696781201957,0.3082100946080736,0.2559132369957887,0.22812732476892705,0.28759115744290636,0.2396381009287219,-12.24,-1.26,1.0
1768881381.0359762,0,train,0.24854696781201957,0.3082100946080736,0.2559132369957887,0.23010292232916874,0.2945663655883393,0.24126915941213956,-12.42,-1.44,1.0
1768881381.0359836,0,train,0.24854696781201957,0.3082100946080736,0.2559132369957887,0.2322043120931203,0.30122147077910844,0.24209566777949812,-12.42,-1.7999999999999998,1.0
1768881381.0359898,0,train,0.24854696781201957,0.3082100946080736,0.2559132369957887,0.23389905225165097,0.2980189638571861,0.24372568329730465,-12.42,-2.16,1.0
1768881381.036021,0,train,0.24854696781201957,0.3082100946080736,0.2559132369957887,0.23540187605913546,0.28785812313399434,0.245017583230869,-12.42,-2.34,1.0
1768881381.036028,0,train,0.24854696781201957,0.3082100946080736,0.2559132369957887,0.23630479974680502,0.27870102575493627,0.24625841451262406,-12.42,-2.52,1.0
1768881381.0360343,0,train,0.24854696781201957,0.3082100946080736,0.2559132369957887,0.2371003588196057,0.28472272027431333,0.24760674694226595,-12.42,-2.88,1.0
1768881381.0360398,0,train,0.24854696781201957,0.3082100946080736,0.2559132369957887,0.23780969676283178,0.2906036111358187,0.24901927762008266,-12.42,-3.06,1.0
1768881381.0360458,0,train,0.24854696781201957,0.3082100946080736,0.2559132369957887,0.23818616245076937,0.29535970454926985,0.2503262538481049,-12.24,-3.2399999999999998,1.0
1768881381.0360584,0,train,0.24854696781201957,0.3082100946080736,0.2559132369957887,0.23858100850778172,0.29460489895643616,0.25100075670923755,-12.24,-3.2399999999999998,1.0
1768881381.0762231,0,train,0.2592562692427959,0.31790125516387086,0.2647658220050472,0.23835716140381163,0.28843953658581417,0.2526371573648875,-12.24,-3.42,1.0
1768881381.0762334,0,train,0.2592562692427959,0.31790125516387086,0.2647658220050472,0.23822204091232757,0.28838026784725995,0.2537660325809416,-12.24,-3.5999999999999996,1.0
1768881381.076239,0,train,0.2592562692427959,0.31790125516387086,0.2647658220050472,0.23815558294388123,0.2960718268929478,0.25462841831486716,-12.059999999999999,-3.5999999999999996,1.0
1768881381.076244,0,train,0.2592562692427959,0.31790125516387086,0.2647658220050472,0.23842564911117792,0.2970914177537395,0.25511377517428957,-12.059999999999999,-3.5999999999999996,1.0
1768881381.0762494,0,train,0.2592562692427959,0.31790125516387086,0.2647658220050472,0.23870718993706705,0.30464519446274246,0.25560682946172353,-12.059999999999999,-3.42,1.0
1768881381.0762556,0,train,0.2592562692427959,0.31790125516387086,0.2647658220050472,0.2389143399773978,0.30970800399654846,0.25637187943406237,-12.059999999999999,-3.42,1.0
1768881381.0762606,0,train,0.2592562692427959,0.31790125516387086,0.2647658220050472,0.23962104848080323,0.3135913878312082,0.2570288040140497,-12.059999999999999,-3.2399999999999998,1.0
1768881381.0762832,0,train,0.2592562692427959,0.31790125516387086,0.2647658220050472,0.24056099370419662,0.30873026491595046,0.25751605755022094,-12.059999999999999,-2.88,1.0
1768881381.0762887,0,train,0.2592562692427959,0.31790125516387086,0.2647658220050472,0.24108863478959985,0.31085049784318586,0.25824411076230724,-12.059999999999999,-2.6999999999999997,1.0
1768881381.076294,0,train,0.2592562692427959,0.31790125516387086,0.2647658220050472,0.242624507901381,0.30412217899842015,0.25871991721605164,-12.059999999999999,-2.34,1.0
1768881381.1165075,0,train,0.27200170585400685,0.32960861631273436,0.27560702402126297,0.24422374214882128,0.3148415908165585,0.2592306167344947,-12.24,-1.98,1.0
1768881381.1165159,0,train,0.27200170585400685,0.32960861631273436,0.27560702402126297,0.24562403238594485,0.3231969557868563,0.25999355968355975,-12.24,-1.44,1.0
1768881381.1165218,0,train,0.27200170585400685,0.32960861631273436,0.27560702402126297,0.24740305558201026,0.3221682526639845,0.26034083621680976,-12.42,-1.08,1.0
1768881381.116544,0,train,0.27200170585400685,0.32960861631273436,0.27560702402126297,0.24860509432026082,0.3222625700949204,0.2612737382154442,-12.6,-0.54,1.0
1768881381.116549,0,train,0.27200170585400685,0.32960861631273436,0.27560702402126297,0.25143753052555357,0.31933533981682666,0.26156606208949473,-12.78,0.18,1.0
1768881381.1165545,0,train,0.27200170585400685,0.32960861631273436,0.27560702402126297,0.2525231939911401,0.3268611319144969,0.2625017017478186,-12.6,-0.0,1.0
1768881381.11656,0,train,0.27200170585400685,0.32960861631273436,0.27560702402126297,0.25426396528529666,0.32048867298924516,0.2637886399209182,-12.42,-0.18,1.0
1768881381.1165652,0,train,0.27200170585400685,0.32960861631273436,0.27560702402126297,0.2554027193110515,0.32046350933612794,0.2647281851316822,-12.6,-0.18,1.0
1768881381.1165707,0,train,0.27200170585400685,0.32960861631273436,0.27560702402126297,0.2569044717519075,0.33125545766821896,0.2653932062115503,-12.6,-0.18,1.0
1768881381.166883,0,train,0.29035564031408867,0.34670008722296775,0.2916241385098163,0.25791216448468113,0.328912809020236,0.2665962812037543,-12.6,-0.0,1.0
1768881381.166891,0,train,0.29035564031408867,0.34670008722296775,0.2916241385098163,0.25909145494053737,0.3355236060133141,0.2676033148638589,-12.78,-0.0,1.0
1768881381.1668973,0,train,0.29035564031408867,0.34670008722296775,0.2916241385098163,0.2603698933412551,0.33095814346127944,0.2690662910758478,-12.78,-0.0,1.0
1768881381.1669025,0,train,0.29035564031408867,0.34670008722296775,0.2916241385098163,0.2606784573694136,0.3355796830618209,0.27042851494697595,-12.78,-0.0,1.0
1768881381.1669147,0,train,0.29035564031408867,0.34670008722296775,0.2916241385098163,0.26115148333330257,0.3435406526222466,0.27223297287009635,-12.959999999999999,-0.0,1.0
1768881381.16692,0,train,0.29035564031408867,0.34670008722296775,0.2916241385098163,0.26186061340190564,0.3418334116931925,0.2737149596251351,-12.959999999999999,-0.0,1.0
1768881381.1669292,0,train,0.29035564031408867,0.34670008722296775,0.2916241385098163,0.2629531510836858,0.3258989731609195,0.27481884117021227,-13.139999999999999,-0.0,1.0
1768881381.1669343,0,train,0.29035564031408867,0.34670008722296775,0.2916241385098163,0.26389430661985974,0.3278990299051863,0.27592770736760863,-13.139999999999999,-0.0,1.0
1768881381.1669395,0,train,0.29035564031408867,0.34670008722296775,0.2916241385098163,0.26520354012215624,0.3216711289161117,0.2776836874409406,-13.5,-0.0,1.0
1768881381.1669447,0,train,0.29035564031408867,0.34670008722296775,0.2916241385098163,0.266883769981182,0.32544813392640104,0.279111419035674,-13.68,-0.0,1.0
1768881381.2072043,0,train,0.3065404507904387,0.3619618102994848,0.30607742971365465,0.26829012802904273,0.33091721633853527,0.28025012562926904,-13.86,-0.0,1.0
1768881381.2072127,0,train,0.3065404507904387,0.3619618102994848,0.30607742971365465,0.2696108161670659,0.34403254359741425,0.28140590438571983,-14.04,-0.0,1.0
1768881381.2072184,0,train,0.3065404507904387,0.3619618102994848,0.30607742971365465,0.27132849817819227,0.34593879453742443,0.28309222850965515,-14.219999999999999,-0.0,1.0
1768881381.2072368,0,train,0.3065404507904387,0.3619618102994848,0.30607742971365465,0.2738755622230276,0.33892834052329385,0.2838479953959449,-14.399999999999999,-0.0,1.0
1768881381.2072423,0,train,0.3065404507904387,0.3619618102994848,0.30607742971365465,0.27549022407068613,0.3438670060777414,0.28497704445502026,-14.58,-0.0,1.0
1768881381.2072535,0,train,0.3065404507904387,0.3619618102994848,0.30607742971365465,0.2764490833683483,0.3476107436580947,0.28673440798220723,-14.94,-0.0,1.0
1768881381.2072594,0,train,0.3065404507904387,0.3619618102994848,0.30607742971365465,0.27917169453137547,0.3498827088210363,0.2885196827503946,-15.299999999999999,-0.0,1.0
1768881381.2072656,0,train,0.3065404507904387,0.3619618102994848,0.30607742971365465,0.2811809730808726,0.34171343558921813,0.28958012644294506,-15.479999999999999,-0.0,1.0
1768881381.2072709,0,train,0.3065404507904387,0.3619618102994848,0.30607742971365465,0.2827456748123342,0.344670418587202,0.29068065054080755,-15.66,-0.0,1.0
1768881381.2072766,0,train,0.3065404507904387,0.3619618102994848,0.30607742971365465,0.28386465514653014,0.34377495937974545,0.2922201121592202,-16.02,-0.0,1.0
1768881381.2475913,0,train,0.3236031497351414,0.37823720490046703,0.3216345461976952,0.28614775457374086,0.3437080256987473,0.2932068291561937,-16.2,-0.0,1.0
1768881381.247604,0,train,0.3236031497351414,0.37823720490046703,0.3216345461976952,0.28845126268406224,0.3490060856685777,0.293994606951125,-16.56,-0.0,1.0
1768881381.2476118,0,train,0.3236031497351414,0.37823720490046703,0.3216345461976952,0.2902991829962549,0.3545901707087012,0.2952677547753314,-16.74,-0.0,1.0
1768881381.2476177,0,train,0.3236031497351414,0.37823720490046703,0.3216345461976952,0.2917085232695616,0.3616920720981015,0.29798129179484545,-17.099999999999998,-0.0,1.0
1768881381.2476234,0,train,0.3236031497351414,0.37823720490046703,0.3216345461976952,0.2936413026426881,0.3607979033282355,0.29903614095234166,-17.46,-0.0,1.0
1768881381.2476294,0,train,0.3236031497351414,0.37823720490046703,0.3216345461976952,0.29452083752674796,0.3601470664025259,0.3007151197847549,-17.82,-0.0,1.0
1768881381.2476563,0,train,0.3236031497351414,0.37823720490046703,0.3216345461976952,0.29606673333637723,0.3646890683788223,0.3020572599476458,-18.0,-0.0,1.0
1768881381.2476625,0,train,0.3236031497351414,0.37823720490046703,0.3216345461976952,0.29721716916635693,0.3624114920258656,0.30352461749021353,-18.36,-0.0,1.0
1768881381.2476678,0,train,0.3236031497351414,0.37823720490046703,0.3216345461976952,0.29956794000869424,0.36014708599324996,0.3049561401876069,-18.54,-0.0,1.0
1768881381.2476733,0,train,0.3236031497351414,0.37823720490046703,0.3216345461976952,0.3009517784381478,0.36531632052792906,0.306310533812997,-18.9,-0.0,1.0
1768881381.2878802,0,train,0.34104021391439593,0.39508172972649874,0.3378969014161916,0.3028549126652317,0.36988346859140064,0.3081045758419719,-19.08,-0.0,1.0
1768881381.2878923,0,train,0.34104021391439593,0.39508172972649874,0.3378969014161916,0.3049536628735683,0.36411933658317563,0.30935026645351654,-19.439999999999998,-0.0,1.0
1768881381.2879145,0,train,0.34104021391439593,0.39508172972649874,0.3378969014161916,0.3070336925288018,0.3745917774231606,0.3104307251709625,-19.62,-0.0,1.0
1768881381.2879276,0,train,0.34104021391439593,0.39508172972649874,0.3378969014161916,0.30892181799051954,0.3887772359137021,0.3121207598418992,-19.98,-0.0,1.0
1768881381.2879336,0,train,0.34104021391439593,0.39508172972649874,0.3378969014161916,0.31016495568540187,0.3786021870013674,0.3137791551332405,-20.16,-0.0,1.0
1768881381.2879388,0,train,0.34104021391439593,0.39508172972649874,0.3378969014161916,0.31161996398941844,0.37816162748841703,0.31529116089902065,-20.34,-0.0,1.0
1768881381.2879446,0,train,0.34104021391439593,0.39508172972649874,0.3378969014161916,0.31332564019663317,0.3884334684480024,0.31645094049891115,-20.52,-0.0,1.0
1768881381.28795,0,train,0.34104021391439593,0.39508172972649874,0.3378969014161916,0.3155286945593381,0.39510750083650303,0.3186030701362549,-20.88,-0.0,1.0
1768881381.2879555,0,train,0.34104021391439593,0.39508172972649874,0.3378969014161916,0.31730958182891345,0.38481558002163,0.3199031437704206,-21.06,-0.0,1.0
1768881381.2879608,0,train,0.34104021391439593,0.39508172972649874,0.3378969014161916,0.3190762305299755,0.3774088254873549,0.32104683377343773,-21.24,-0.0,1.0
1768881381.3382394,0,train,0.36255204707264876,0.41621681851224945,0.35856710812613235,0.3205082023655947,0.3815332011014326,0.32230390759724725,-21.419999999999998,-0.0,1.0
1768881381.3382492,0,train,0.36255204707264876,0.41621681851224945,0.35856710812613235,0.32143751064552467,0.3727077317289318,0.32400072488207066,-21.599999999999998,-0.0,1.0
1768881381.3382566,0,train,0.36255204707264876,0.41621681851224945,0.35856710812613235,0.3232846180339458,0.3778999991306244,0.32515905965225733,-21.779999999999998,-0.0,1.0
1768881381.338262,0,train,0.36255204707264876,0.41621681851224945,0.35856710812613235,0.3254927239920826,0.383580094327702,0.32653899827826144,-21.96,-0.0,1.0
1768881381.3382668,0,train,0.36255204707264876,0.41621681851224945,0.35856710812613235,0.32656360254833566,0.37954789301062164,0.32863154751820933,-22.32,-0.0,1.0
1768881381.3382714,0,train,0.36255204707264876,0.41621681851224945,0.35856710812613235,0.3277669759331197,0.3860537657131894,0.33011840625906813,-22.5,-0.0,1.0
1768881381.3382895,0,train,0.36255204707264876,0.41621681851224945,0.35856710812613235,0.3302157166451855,0.3790482736152687,0.33074074356877986,-22.68,-0.0,1.0
1768881381.3382947,0,train,0.36255204707264876,0.41621681851224945,0.35856710812613235,0.3315400163248367,0.37348753957261716,0.3320197903011688,-22.86,-0.0,1.0
1768881381.3383002,0,train,0.36255204707264876,0.41621681851224945,0.35856710812613235,0.3332636530485154,0.37350713975512884,0.33357192960602944,-23.04,-0.0,1.0
1768881381.338306,0,train,0.36255204707264876,0.41621681851224945,0.35856710812613235,0.3347268077140125,0.37496508798384265,0.3348201855512144,-23.22,-0.0,1.0
1768881381.3785307,0,train,0.3788596882237986,0.43258374578485115,0.3748289776187172,0.33641812905112783,0.3758073331098321,0.33583115821996373,-23.4,-0.0,1.0
1768881381.3785398,0,train,0.3788596882237986,0.43258374578485115,0.3748289776187172,0.3386074946505253,0.38597468864159024,0.33699853272216795,-23.58,-0.0,1.0
1768881381.3785455,0,train,0.3788596882237986,0.43258374578485115,0.3748289776187172,0.3399109700622561,0.3961128726696349,0.33828098705197734,-23.759999999999998,-0.0,1.0
1768881381.378561,0,train,0.3788596882237986,0.43258374578485115,0.3748289776187172,0.3419528324627864,0.3939804482472089,0.339745548726838,-24.119999999999997,-0.0,1.0
1768881381.3785658,0,train,0.3788596882237986,0.43258374578485115,0.3748289776187172,0.34336179731022853,0.39939211709453604,0.3409871633181646,-24.3,-0.0,1.0
1768881381.3785708,0,train,0.3788596882237986,0.43258374578485115,0.3748289776187172,0.34476491722702113,0.40180686750996225,0.3423595581899721,-24.48,-0.0,1.0
1768881381.3785758,0,train,0.3788596882237986,0.43258374578485115,0.3748289776187172,0.346020345660772,0.4003375031993551,0.34385760754755146,-24.66,-0.0,1.0
1768881381.378582,0,train,0.3788596882237986,0.43258374578485115,0.3748289776187172,0.3476099018810835,0.4015925075065571,0.34501758427117585,-24.84,-0.0,1.0
1768881381.3785884,0,train,0.3788596882237986,0.43258374578485115,0.3748289776187172,0.34951974002696684,0.40756432399694775,0.3470846326232825,-25.2,-0.0,1.0
1768881381.3785934,0,train,0.3788596882237986,0.43258374578485115,0.3748289776187172,0.35096564791443474,0.4034177903107419,0.34851526390323595,-25.38,-0.0,1.0
1768881381.4188406,0,train,0.3937423029957549,0.44790192387828265,0.3903265621632893,0.3522653396050227,0.3996826083043012,0.3501727340582111,-25.56,-0.0,1.0
1768881381.4188504,0,train,0.3937423029957549,0.44790192387828265,0.3903265621632893,0.3540065603192195,0.4154055446717749,0.3511467781864227,-25.74,-0.0,1.0
1768881381.4188561,0,train,0.3937423029957549,0.44790192387828265,0.3903265621632893,0.3549086801158174,0.41151637039432404,0.3530019882526787,-25.919999999999998,-0.0,1.0
1768881381.4188619,0,train,0.3937423029957549,0.44790192387828265,0.3903265621632893,0.3566346710572499,0.41786964081315503,0.3550496505742852,-26.279999999999998,-0.0,1.0
1768881381.4188666,0,train,0.3937423029957549,0.44790192387828265,0.3903265621632893,0.35831091411091154,0.42474041272976537,0.35647759248119093,-26.279999999999998,-0.0,1.0
1768881381.418872,0,train,0.3937423029957549,0.44790192387828265,0.3903265621632893,0.35968133359784926,0.4180322119410227,0.3585752709156799,-26.64,-0.0,1.0
1768881381.418891,0,train,0.3937423029957549,0.44790192387828265,0.3903265621632893,0.3608866292328951,0.4204369755460482,0.360417396171878,-26.82,-0.0,1.0
1768881381.418897,0,train,0.3937423029957549,0.44790192387828265,0.3903265621632893,0.362528226335848,0.424347911515255,0.362210070157194,-26.82,-0.0,1.0
1768881381.4189029,0,train,0.3937423029957549,0.44790192387828265,0.3903265621632893,0.36407710075859323,0.4194200764560125,0.36437360952869624,-27.0,-0.0,1.0
1768881381.4189084,0,train,0.3937423029957549,0.44790192387828265,0.3903265621632893,0.36570439060522275,0.4320678818334951,0.365843798321919,-27.18,-0.0,1.0
1768881381.4692166,0,train,0.4095096302190898,0.46480560444293106,0.407911570645228,0.36671315475030775,0.4364456992143748,0.36779811971071374,-27.36,-0.0,1.0
1768881381.469225,0,train,0.4095096302190898,0.46480560444293106,0.407911570645228,0.3681579954146415,0.4457856508371802,0.36949706496154194,-27.54,-0.0,1.0
1768881381.469231,0,train,0.4095096302190898,0.46480560444293106,0.407911570645228,0.3707801412305931,0.4440972001878425,0.3712778194389884,-27.72,-0.0,1.0
1768881381.4692469,0,train,0.4095096302190898,0.46480560444293106,0.407911570645228,0.37206486265516636,0.44414524274751915,0.3732667059572303,-27.72,-0.0,1.0
1768881381.4692528,0,train,0.4095096302190898,0.46480560444293106,0.407911570645228,0.37339279905293093,0.43952324773863144,0.3751987697715805,-27.72,-0.0,1.0
1768881381.4692574,0,train,0.4095096302190898,0.46480560444293106,0.407911570645228,0.3749729649504948,0.43969445260479767,0.3768288499179674,-27.9,-0.0,1.0
1768881381.4692626,0,train,0.4095096302190898,0.46480560444293106,0.407911570645228,0.3766414296827848,0.43969253407726594,0.37822897540404743,-27.9,-0.0,1.0
1768881381.4692683,0,train,0.4095096302190898,0.46480560444293106,0.407911570645228,0.3778482343974551,0.44103170167492967,0.38004150013727117,-27.9,-0.0,1.0
1768881381.4692738,0,train,0.4095096302190898,0.46480560444293106,0.407911570645228,0.37908571891276505,0.43643733078701574,0.3817955189288664,-28.08,-0.0,1.0
1768881381.4692788,0,train,0.4095096302190898,0.46480560444293106,0.407911570645228,0.38170939936917636,0.4424908444619223,0.38347957007062305,-28.08,-0.0,1.0
1768881381.509508,0,train,0.3401408962129013,0.26751142127799454,0.17794136754387085,0.38358940340763775,0.4384444653177718,0.38474974425702524,-28.08,-0.0,1.0
1768881381.5095165,0,train,0.3401408962129013,0.26751142127799454,0.17794136754387085,0.38426884103624503,0.4417196036116745,0.3866959172110017,-28.259999999999998,-0.0,1.0
1768881381.5095222,0,train,0.3401408962129013,0.26751142127799454,0.17794136754387085,0.3857928542634159,0.4332759355033371,0.38820630603173384,-28.259999999999998,-0.0,1.0
1768881381.5095272,0,train,0.3401408962129013,0.26751142127799454,0.17794136754387085,0.3874795021012464,0.44088677577575897,0.38935450349783657,-28.259999999999998,-0.0,1.0
1768881381.5095465,0,train,0.3401408962129013,0.26751142127799454,0.17794136754387085,0.3889769794693329,0.4367182853147752,0.3913087660367115,-28.259999999999998,-0.0,1.0
1768881381.5095644,0,train,0.3401408962129013,0.26751142127799454,0.17794136754387085,0.38984249501214085,0.4446517408925429,0.3931547297990424,-28.259999999999998,-0.0,1.0
1768881381.5095701,0,train,0.3401408962129013,0.26751142127799454,0.17794136754387085,0.39221433477046275,0.44063633779773204,0.39460214900623275,-28.259999999999998,-0.0,1.0
1768881381.509576,0,train,0.3401408962129013,0.26751142127799454,0.17794136754387085,0.39399930070438927,0.4562308516426178,0.39552795770980775,-28.259999999999998,-0.0,1.0
1768881381.5095816,0,train,0.3401408962129013,0.26751142127799454,0.17794136754387085,0.3953466740665564,0.45982087538685823,0.3974461636833651,-28.259999999999998,-0.0,1.0
1768881381.5095873,0,train,0.3401408962129013,0.26751142127799454,0.17794136754387085,0.39636728901644946,0.4590747315676125,0.39903942799265574,-28.259999999999998,-0.0,1.0
1768881381.5498347,0,train,0.34677127653325557,0.27601210478029486,0.1877579204003222,0.3980998283923591,0.45967199650800983,0.40005508945551593,-28.259999999999998,-0.0,1.0
1768881381.5498435,0,train,0.34677127653325557,0.27601210478029486,0.1877579204003222,0.39938608817332577,0.45950540383050315,0.4013539991983255,-28.259999999999998,-0.0,1.0
1768881381.5498488,0,train,0.34677127653325557,0.27601210478029486,0.1877579204003222,0.4001026342163199,0.46296065665196023,0.4031008410969897,-28.259999999999998,-0.0,1.0
1768881381.5498657,0,train,0.34677127653325557,0.27601210478029486,0.1877579204003222,0.40048861506391203,0.457436156507439,0.40509071403086244,-28.259999999999998,-0.0,1.0
1768881381.5498705,0,train,0.34677127653325557,0.27601210478029486,0.1877579204003222,0.4006264949831615,0.4581071892598413,0.4057312084604812,-28.259999999999998,-0.0,1.0
1768881381.5498755,0,train,0.34677127653325557,0.27601210478029486,0.1877579204003222,0.4007618507256204,0.45211497605090806,0.4049321918836785,-28.259999999999998,0.18,1.0
1768881381.5498807,0,train,0.34677127653325557,0.27601210478029486,0.1877579204003222,0.40053962060929577,0.455294602857529,0.40351278055806084,-28.259999999999998,0.18,1.0
1768881381.5498862,0,train,0.34677127653325557,0.27601210478029486,0.1877579204003222,0.3997376140688496,0.45883799194394975,0.40340504676553296,-28.259999999999998,0.18,1.0
1768881381.549892,0,train,0.34677127653325557,0.27601210478029486,0.1877579204003222,0.3994798126092496,0.4572910483003686,0.40334569262089826,-28.259999999999998,0.18,1.0
1768881381.549897,0,train,0.34677127653325557,0.27601210478029486,0.1877579204003222,0.39930371789063324,0.45248888072848775,0.4013368765934094,-28.259999999999998,0.18,1.0
1768881381.5901296,0,train,0.3499602972879439,0.28151002309646334,0.19494140836780083,0.39792989411130175,0.4522725158969628,0.4001875831175177,-28.259999999999998,0.18,1.0
1768881381.590138,0,train,0.3499602972879439,0.28151002309646334,0.19494140836780083,0.3980672820566537,0.4544777782824327,0.3998864374912954,-28.259999999999998,0.18,1.0
1768881381.5901554,0,train,0.3499602972879439,0.28151002309646334,0.19494140836780083,0.398249267741867,0.44798999106232756,0.3983309729149333,-28.259999999999998,0.18,1.0
1768881381.5901608,0,train,0.3499602972879439,0.28151002309646334,0.19494140836780083,0.3979896744400078,0.4487506807509715,0.39330993668060316,-28.259999999999998,0.18,1.0
1768881381.5901656,0,train,0.3499602972879439,0.28151002309646334,0.19494140836780083,0.39686968696726116,0.4399076828907468,0.3840540948257856,-28.259999999999998,0.18,1.0
1768881381.5901709,0,train,0.3499602972879439,0.28151002309646334,0.19494140836780083,0.39696645538062636,0.432647171856103,0.3773604617314734,-28.439999999999998,0.18,1.0
1768881381.5901766,0,train,0.3499602972879439,0.28151002309646334,0.19494140836780083,0.3969538014554926,0.4259422529192505,0.3689891630522526,-28.439999999999998,0.18,1.0
1768881381.5901868,0,train,0.3499602972879439,0.28151002309646334,0.19494140836780083,0.3957233802287588,0.4269698132132486,0.35413608239206323,-28.619999999999997,0.18,1.0
1768881381.5901918,0,train,0.3499602972879439,0.28151002309646334,0.19494140836780083,0.39498525344923124,0.4145305798949352,0.3452865075351146,-28.799999999999997,0.18,1.0
1768881381.590197,0,train,0.3499602972879439,0.28151002309646334,0.19494140836780083,0.3947219301074169,0.4091567977184642,0.337357205063499,-28.98,-0.0,1.0
1768881381.6404884,0,train,0.3487316716730522,0.2837157374581126,0.19974207807726066,0.39430948654868264,0.3938652430149457,0.3280668048490528,-29.16,-0.0,1.0
1768881381.6404972,0,train,0.3487316716730522,0.2837157374581126,0.19974207807726066,0.3933600438642679,0.3836993627541424,0.31924185881784034,-29.34,-0.0,1.0
1768881381.640518,0,train,0.3487316716730522,0.2837157374581126,0.19974207807726066,0.3926093030013379,0.3821575538622812,0.3120583213248331,-29.52,-0.0,1.0
1768881381.6405294,0,train,0.3487316716730522,0.2837157374581126,0.19974207807726066,0.39211578821774834,0.3791517563058766,0.30547462374473144,-29.88,-0.0,1.0
1768881381.6405354,0,train,0.3487316716730522,0.2837157374581126,0.19974207807726066,0.39075397349517166,0.35747869522023823,0.2951645048530748,-30.24,-0.0,1.0
1768881381.6405408,0,train,0.3487316716730522,0.2837157374581126,0.19974207807726066,0.39017040355930166,0.3524430804150921,0.2889110991959787,-30.599999999999998,-0.0,1.0
1768881381.6405466,0,train,0.3487316716730522,0.2837157374581126,0.19974207807726066,0.38955775709616003,0.35090356487051677,0.28441468830541017,-30.779999999999998,-0.0,1.0
1768881381.640552,0,train,0.3487316716730522,0.2837157374581126,0.19974207807726066,0.3887182482517081,0.34751284661228155,0.27926616940112264,-31.14,-0.0,1.0
1768881381.6405573,0,train,0.3487316716730522,0.2837157374581126,0.19974207807726066,0.3881350205825449,0.3394562389058557,0.2737573398905043,-31.5,-0.0,1.0
1768881381.640562,0,train,0.3487316716730522,0.2837157374581126,0.19974207807726066,0.38750613549822044,0.3429555415966959,0.26819754997295764,-31.68,-0.0,1.0
1768881381.6807716,0,train,0.34344194235573383,0.2815226020466559,0.1999648601933358,0.38667297738032264,0.34060860570959967,0.26505761377630893,-32.04,-0.0,1.0
1768881381.6807797,0,train,0.34344194235573383,0.2815226020466559,0.1999648601933358,0.38620507747077315,0.33968624605575176,0.25980001671028496,-32.4,-0.0,1.0
1768881381.6807857,0,train,0.34344194235573383,0.2815226020466559,0.1999648601933358,0.38525396730196204,0.33449581030305603,0.2562297757043633,-32.58,-0.0,1.0
1768881381.680791,0,train,0.34344194235573383,0.2815226020466559,0.1999648601933358,0.38406255142165474,0.3263736229514138,0.253462706039529,-32.76,-0.0,1.0
1768881381.6807961,0,train,0.34344194235573383,0.2815226020466559,0.1999648601933358,0.3824980162288483,0.3193186289200564,0.24998260689138105,-33.12,-0.0,1.0
1768881381.6808014,0,train,0.34344194235573383,0.2815226020466559,0.1999648601933358,0.38174807748000544,0.3153623981877984,0.24656106526366417,-33.3,-0.0,1.0
1768881381.6808064,0,train,0.34344194235573383,0.2815226020466559,0.1999648601933358,0.3796963637216093,0.31496680981174324,0.24380431247190562,-33.48,-0.0,1.0
1768881381.6808233,0,train,0.34344194235573383,0.2815226020466559,0.1999648601933358,0.37692257082181113,0.3146327914854647,0.24179211717367424,-33.48,-0.18,1.0
1768881381.6808283,0,train,0.34344194235573383,0.2815226020466559,0.1999648601933358,0.3737330672102744,0.31737356465773825,0.23788740449803247,-33.48,-0.18,1.0
1768881381.7212188,0,train,0.3343715999056812,0.2757445303358388,0.19683384881242116,0.3712299378414988,0.31254084524244585,0.23555305884667538,-33.48,-0.36,1.0
1768881381.7212288,0,train,0.3343715999056812,0.2757445303358388,0.19683384881242116,0.3684816743977445,0.31221353045083333,0.23358766642299134,-33.48,-0.54,1.0
1768881381.721235,0,train,0.3343715999056812,0.2757445303358388,0.19683384881242116,0.3657644559860995,0.30984949029732717,0.23195533514798616,-33.48,-0.72,1.0
1768881381.7212405,0,train,0.3343715999056812,0.2757445303358388,0.19683384881242116,0.36354736481861166,0.30625663319462965,0.23010782675446587,-33.3,-0.8999999999999999,1.0
1768881381.721246,0,train,0.3343715999056812,0.2757445303358388,0.19683384881242116,0.3613750809236674,0.30882809892992336,0.22820079292559078,-33.12,-1.26,1.0
1768881381.7212722,0,train,0.3343715999056812,0.2757445303358388,0.19683384881242116,0.3586958170169437,0.3058000973662986,0.22684583272787484,-32.94,-1.6199999999999999,1.0
1768881381.721278,0,train,0.3343715999056812,0.2757445303358388,0.19683384881242116,0.3556702488455727,0.30620374574702486,0.22473041940036612,-32.4,-1.98,1.0
1768881381.7212837,0,train,0.3343715999056812,0.2757445303358388,0.19683384881242116,0.35431568073115643,0.30601085911482107,0.22280710236518042,-32.22,-2.34,1.0
1768881381.7212892,0,train,0.3343715999056812,0.2757445303358388,0.19683384881242116,0.3523625392770389,0.29724536305141536,0.2215818667882758,-31.86,-2.6999999999999997,1.0
1768881381.721295,0,train,0.3343715999056812,0.2757445303358388,0.19683384881242116,0.3506793222509955,0.29406890832137417,0.22037729695610353,-31.5,-3.06,1.0
1768881381.7715049,0,train,0.31807935205398646,0.26362769216382165,0.1882086192263971,0.34900326694172845,0.29425939268442364,0.21869228805318056,-30.959999999999997,-3.5999999999999996,1.0
1768881381.7715147,0,train,0.31807935205398646,0.26362769216382165,0.1882086192263971,0.3477435232219555,0.2884797127576948,0.21733337616965748,-30.599999999999998,-3.96,1.0
1768881381.7715206,0,train,0.31807935205398646,0.26362769216382165,0.1882086192263971,0.3463135399906614,0.2892636329574811,0.21617893816076122,-30.24,-4.32,1.0
1768881381.7715259,0,train,0.31807935205398646,0.26362769216382165,0.1882086192263971,0.34465437284769573,0.28721819550997774,0.2150801392297663,-29.7,-4.68,1.0
1768881381.7715383,0,train,0.31807935205398646,0.26362769216382165,0.1882086192263971,0.34370930008268685,0.29993483756565803,0.21372852909992388,-29.34,-4.859999999999999,1.0
1768881381.7715511,0,train,0.31807935205398646,0.26362769216382165,0.1882086192263971,0.3418935400164523,0.2898766161243398,0.2126824258281055,-28.799999999999997,-5.04,1.0
1768881381.771558,0,train,0.31807935205398646,0.26362769216382165,0.1882086192263971,0.3402508871130801,0.28616646133446416,0.21204036507487925,-28.439999999999998,-5.22,1.0
1768881381.771564,0,train,0.31807935205398646,0.26362769216382165,0.1882086192263971,0.33882933627467576,0.29109613148381863,0.21142658299765807,-28.08,-5.22,1.0
1768881381.77157,0,train,0.31807935205398646,0.26362769216382165,0.1882086192263971,0.33754738768790066,0.28253836489610584,0.21075505828607394,-27.72,-5.22,1.0
1768881381.7715764,0,train,0.31807935205398646,0.26362769216382165,0.1882086192263971,0.3363376147367654,0.28654539834997145,0.20984030484107496,-27.54,-5.04,1.0
1768881381.811775,0,train,0.30157650703722766,0.2503123568429696,0.17769473593391055,0.33421914220656757,0.29696742561111383,0.20885744073854207,-27.18,-4.859999999999999,1.0
1768881381.8117874,0,train,0.30157650703722766,0.2503123568429696,0.17769473593391055,0.33320423212082445,0.29443097325733464,0.2081237135893435,-26.82,-4.5,1.0
1768881381.8117914,0,train,0.30157650703722766,0.2503123568429696,0.17769473593391055,0.33230251783159265,0.29168187385614835,0.20723036110659263,-26.64,-4.14,1.0
1768881381.8117945,0,train,0.30157650703722766,0.2503123568429696,0.17769473593391055,0.33096689997353973,0.2871972378667196,0.2065084022866095,-26.459999999999997,-3.78,1.0
1768881381.8117979,0,train,0.30157650703722766,0.2503123568429696,0.17769473593391055,0.3298406163561259,0.2831657694056402,0.20586105952664535,-26.459999999999997,-3.2399999999999998,1.0
1768881381.8118172,0,train,0.30157650703722766,0.2503123568429696,0.17769473593391055,0.328761868590235,0.2804519037094576,0.2052194734134965,-26.279999999999998,-2.6999999999999997,1.0
1768881381.811825,0,train,0.30157650703722766,0.2503123568429696,0.17769473593391055,0.3266857994186022,0.2722363738703371,0.2049355785646668,-26.279999999999998,-1.98,1.0
1768881381.811829,0,train,0.30157650703722766,0.2503123568429696,0.17769473593391055,0.32504997976601424,0.26705212571728226,0.20418488460887974,-26.099999999999998,-1.08,1.0
1768881381.8118324,0,train,0.30157650703722766,0.2503123568429696,0.17769473593391055,0.323788308021366,0.2671647849640318,0.20368956139963154,-26.099999999999998,-0.36,1.0
1768881381.8118358,0,train,0.30157650703722766,0.2503123568429696,0.17769473593391055,0.32315218905883886,0.26466371671804156,0.20265725234791862,-26.099999999999998,0.18,1.0
1768881381.8523004,0,train,0.2825803700610965,0.23416993644645667,0.16422065358650173,0.32181387901417063,0.2746584283427178,0.20172113326290694,-25.38,-0.0,1.0
1768881381.852314,0,train,0.2825803700610965,0.23416993644645667,0.16422065358650173,0.32073890370362174,0.27840612700521805,0.20121567661781067,-25.2,-0.18,1.0
1768881381.8523483,0,train,0.2825803700610965,0.23416993644645667,0.16422065358650173,0.3197809191439093,0.27781615485289546,0.20047544944884368,-25.2,-0.18,1.0
1768881381.8523533,0,train,0.2825803700610965,0.23416993644645667,0.16422065358650173,0.31869694249811703,0.26520194011698145,0.19996207559668022,-25.02,-0.36,1.0
1768881381.852358,0,train,0.2825803700610965,0.23416993644645667,0.16422065358650173,0.3165833325560794,0.26995977514945957,0.19925269290550202,-24.66,-0.18,1.0
1768881381.852363,0,train,0.2825803700610965,0.23416993644645667,0.16422065358650173,0.3156910497624214,0.2661126408556989,0.19844602761045965,-24.66,-0.18,1.0
1768881381.8523684,0,train,0.2825803700610965,0.23416993644645667,0.16422065358650173,0.3145719305870409,0.2721184747033586,0.19764849392320624,-24.48,-0.0,1.0
1768881381.8523738,0,train,0.2825803700610965,0.23416993644645667,0.16422065358650173,0.3138325799049913,0.2650932508732233,0.1967123013785343,-24.3,-0.0,1.0
1768881381.8523786,0,train,0.2825803700610965,0.23416993644645667,0.16422065358650173,0.3125397203840605,0.26509147244939124,0.19605277598191265,-24.119999999999997,-0.0,1.0
1768881381.8523886,0,train,0.2825803700610965,0.23416993644645667,0.16422065358650173,0.3114509817680796,0.2658952313129445,0.19532995241811044,-23.939999999999998,-0.0,1.0
1768881381.8925662,0,train,0.2619384261740169,0.21583252990720816,0.14825464612518552,0.3102035248904709,0.259151946990916,0.1945862294392267,-23.939999999999998,-0.0,1.0
1768881381.8925772,0,train,0.2619384261740169,0.21583252990720816,0.14825464612518552,0.3076431273919075,0.25717932713336017,0.19372928944446727,-23.759999999999998,-0.0,1.0
1768881381.8925834,0,train,0.2619384261740169,0.21583252990720816,0.14825464612518552,0.30650247243507,0.25560314806025936,0.192589991186973,-23.58,-0.0,1.0
1768881381.8926094,0,train,0.2619384261740169,0.21583252990720816,0.14825464612518552,0.3052483817566169,0.2522667921710572,0.19154501079948627,-23.58,-0.0,1.0
1768881381.892615,0,train,0.2619384261740169,0.21583252990720816,0.14825464612518552,0.304070787560198,0.2658574806929896,0.1904192230754565,-23.58,-0.0,1.0
1768881381.8926477,0,train,0.2619384261740169,0.21583252990720816,0.14825464612518552,0.30234261058735196,0.258299028536023,0.18961600895404196,-23.4,-0.0,1.0
1768881381.8926532,0,train,0.2619384261740169,0.21583252990720816,0.14825464612518552,0.2999928360397853,0.2520959465601019,0.18893675669085747,-23.22,-0.0,1.0
1768881381.892659,0,train,0.2619384261740169,0.21583252990720816,0.14825464612518552,0.29883581869295683,0.25235164670800997,0.18770023400151511,-23.04,-0.0,1.0
1768881381.8926654,0,train,0.2619384261740169,0.21583252990720816,0.14825464612518552,0.2970181804730062,0.24730675460590745,0.18648593540419928,-23.04,-0.0,1.0
1768881381.8926716,0,train,0.2619384261740169,0.21583252990720816,0.14825464612518552,0.2948818964355192,0.24439182884986418,0.1859218882058163,-22.86,-0.0,1.0
1768881381.9429746,0,train,0.23509052624639915,0.19079769423791262,0.12553607961607202,0.293631881174346,0.2539675430277843,0.18478596247328444,-22.86,-0.0,1.0
1768881381.9430025,0,train,0.23509052624639915,0.19079769423791262,0.12553607961607202,0.2921883110393444,0.2599317838620351,0.18316109996623134,-22.68,-0.0,1.0
1768881381.9430096,0,train,0.23509052624639915,0.19079769423791262,0.12553607961607202,0.2905218053789718,0.2531002715299469,0.18221292834979086,-22.68,-0.0,1.0
1768881381.9430146,0,train,0.23509052624639915,0.19079769423791262,0.12553607961607202,0.2887858361685568,0.25480230312317886,0.18130965066518717,-22.5,-0.0,1.0
1768881381.9430196,0,train,0.23509052624639915,0.19079769423791262,0.12553607961607202,0.28719232408946793,0.24878579275763568,0.18038281723830177,-22.32,-0.0,1.0
1768881381.9430254,0,train,0.23509052624639915,0.19079769423791262,0.12553607961607202,0.2854416573343919,0.2590523167290303,0.1784334194825049,-22.14,-0.0,1.0
1768881381.9430315,0,train,0.23509052624639915,0.19079769423791262,0.12553607961607202,0.2832930018986558,0.24975414855705055,0.17761833770079116,-21.96,-0.0,1.0
1768881381.9430382,0,train,0.23509052624639915,0.19079769423791262,0.12553607961607202,0.28184522011558016,0.25345132084972555,0.17646807287432423,-21.779999999999998,-0.0,1.0
1768881381.943048,0,train,0.23509052624639915,0.19079769423791262,0.12553607961607202,0.28041033033511176,0.24219850994014247,0.17535781296777445,-21.599999999999998,-0.0,1.0
1768881381.9430532,0,train,0.23509052624639915,0.19079769423791262,0.12553607961607202,0.27911529644010274,0.24483221906779362,0.17404598724557135,-21.419999999999998,-0.0,1.0
1768881381.983236,0,train,0.2140125590154885,0.1700842347246207,0.10596139459063833,0.2774495444989445,0.24796894528311225,0.17291147869258786,-21.24,-0.0,1.0
1768881381.9832454,0,train,0.2140125590154885,0.1700842347246207,0.10596139459063833,0.2754673118604765,0.23953693360652095,0.1714580231322901,-21.06,-0.0,1.0
1768881381.9832509,0,train,0.2140125590154885,0.1700842347246207,0.10596139459063833,0.27405440487050403,0.24072536627829164,0.16950584305298738,-20.88,-0.0,1.0
1768881381.9832559,0,train,0.2140125590154885,0.1700842347246207,0.10596139459063833,0.2719230859715404,0.23316534312617077,0.16835404388891378,-20.52,-0.0,1.0
1768881381.983261,0,train,0.2140125590154885,0.1700842347246207,0.10596139459063833,0.2701349681277849,0.23991044128266298,0.16716135392017828,-20.34,-0.0,1.0
1768881381.9832773,0,train,0.2140125590154885,0.1700842347246207,0.10596139459063833,0.2684771424503908,0.2270618210791609,0.16595229571362702,-20.16,-0.0,1.0
1768881381.9832828,0,train,0.2140125590154885,0.1700842347246207,0.10596139459063833,0.26612328460324475,0.227038588102855,0.16472528900420094,-19.8,-0.0,1.0
1768881381.9832883,0,train,0.2140125590154885,0.1700842347246207,0.10596139459063833,0.26419323967566954,0.22083739962394777,0.16344875349417728,-19.62,-0.0,1.0
1768881381.9832938,0,train,0.2140125590154885,0.1700842347246207,0.10596139459063833,0.26206198160311883,0.23305816111053337,0.1622641849451719,-19.259999999999998,-0.0,1.0
1768881381.9832993,0,train,0.2140125590154885,0.1700842347246207,0.10596139459063833,0.26029174020593354,0.22831481341377366,0.16045961995442526,-19.08,-0.0,1.0
1768881382.0235162,0,train,0.19441901031722564,0.14971931937330957,0.085941540215419,0.25845559840742777,0.22257658352396673,0.15922328482373457,-18.72,-0.0,1.0
1768881382.0235257,0,train,0.19441901031722564,0.14971931937330957,0.085941540215419,0.2561070905645964,0.22284875065039927,0.15760887325805129,-18.36,-0.0,1.0
1768881382.0235436,0,train,0.19441901031722564,0.14971931937330957,0.085941540215419,0.2540261376100168,0.2279731864907281,0.15659824058429378,-18.18,-0.0,1.0
1768881382.0235496,0,train,0.19441901031722564,0.14971931937330957,0.085941540215419,0.2528003626314688,0.21695168829257244,0.15493400478368144,-17.82,-0.0,1.0
1768881382.0235553,0,train,0.19441901031722564,0.14971931937330957,0.085941540215419,0.25082439638559456,0.21472921924810007,0.15360965544747568,-17.64,-0.0,1.0
1768881382.0235608,0,train,0.19441901031722564,0.14971931937330957,0.085941540215419,0.2487394963504819,0.21634601076729476,0.15235431685137854,-17.28,-0.0,1.0
1768881382.0235665,0,train,0.19441901031722564,0.14971931937330957,0.085941540215419,0.24592517416160897,0.21502217678543034,0.15036547167280856,-16.919999999999998,-0.0,1.0
1768881382.0235724,0,train,0.19441901031722564,0.14971931937330957,0.085941540215419,0.24412115839864595,0.2137203699313447,0.14905023489180402,-16.56,-0.0,1.0
1768881382.0235837,0,train,0.19441901031722564,0.14971931937330957,0.085941540215419,0.24215291277793805,0.20975711263486546,0.1478247939249763,-16.38,-0.0,1.0
1768881382.0235927,0,train,0.19441901031722564,0.14971931937330957,0.085941540215419,0.24019297783910093,0.20072576083555171,0.1465368729907619,-16.02,-0.0,1.0
1768881382.0638313,0,train,0.17733868366868777,0.1306189051472364,0.06626758774312196,0.23897954598573543,0.2036305851184533,0.14470553272844172,-15.84,-0.0,1.0
1768881382.0638418,0,train,0.17733868366868777,0.1306189051472364,0.06626758774312196,0.2373324352285136,0.20412604267428663,0.14319906469490407,-15.479999999999999,-0.0,1.0
1768881382.0638483,0,train,0.17733868366868777,0.1306189051472364,0.06626758774312196,0.23456715752927684,0.19334788779325782,0.14180888551057694,-15.12,-0.0,1.0
1768881382.063854,0,train,0.17733868366868777,0.1306189051472364,0.06626758774312196,0.23236316760320888,0.19532803917102753,0.13988554720475,-14.94,-0.0,1.0
1768881382.0638597,0,train,0.17733868366868777,0.1306189051472364,0.06626758774312196,0.23072018085951523,0.2037052857517973,0.1382510494626241,-14.76,-0.0,1.0
1768881382.063865,0,train,0.17733868366868777,0.1306189051472364,0.06626758774312196,0.22889555140413803,0.202323106678919,0.13693499571435896,-14.399999999999999,-0.0,1.0
1768881382.0638812,0,train,0.17733868366868777,0.1306189051472364,0.06626758774312196,0.22599629367803398,0.20315673398447562,0.1356199957338163,-14.219999999999999,-0.0,1.0
1768881382.0638866,0,train,0.17733868366868777,0.1306189051472364,0.06626758774312196,0.22441116461993693,0.20157026842524844,0.13411165146573553,-14.04,-0.0,1.0
1768881382.0638928,0,train,0.17733868366868777,0.1306189051472364,0.06626758774312196,0.2227163486759751,0.1908234265810133,0.13251389208274675,-13.86,-0.0,1.0
1768881382.063898,0,train,0.17733868366868777,0.1306189051472364,0.06626758774312196,0.22045857775612018,0.19132027666986906,0.13129801738640776,-13.68,-0.0,1.0
1768881382.1141944,0,train,0.16102422678606224,0.10995160879439692,0.04345517190419321,0.21763694148248602,0.18870277105013208,0.12926131968409577,-13.32,-0.0,1.0
1768881382.1142159,0,train,0.16102422678606224,0.10995160879439692,0.04345517190419321,0.2167277579255745,0.18257485408837212,0.12727632800977928,-13.32,-0.0,1.0
1768881382.1142225,0,train,0.16102422678606224,0.10995160879439692,0.04345517190419321,0.2148559808976661,0.1764310406211057,0.12589445899582055,-13.139999999999999,-0.0,1.0
1768881382.1142275,0,train,0.16102422678606224,0.10995160879439692,0.04345517190419321,0.21297681084923972,0.17612779083406002,0.12455490967884521,-12.959999999999999,-0.0,1.0
1768881382.1142323,0,train,0.16102422678606224,0.10995160879439692,0.04345517190419321,0.2111021746817153,0.17958915000868414,0.12331268562778387,-12.78,-0.0,1.0
1768881382.1142514,0,train,0.16102422678606224,0.10995160879439692,0.04345517190419321,0.20930368131991944,0.16642048285638905,0.12192755378198879,-12.6,-0.0,1.0
1768881382.1142585,0,train,0.16102422678606224,0.10995160879439692,0.04345517190419321,0.20800718541532054,0.17347361094722286,0.12018302702558985,-12.6,-0.0,1.0
1768881382.114264,0,train,0.16102422678606224,0.10995160879439692,0.04345517190419321,0.20498543638381747,0.17781276588754327,0.1184019633043139,-12.42,-0.0,1.0
1768881382.1142695,0,train,0.16102422678606224,0.10995160879439692,0.04345517190419321,0.20339961588292754,0.1657231359106156,0.1169234623565725,-12.24,-0.0,1.0
1768881382.1142795,0,train,0.16102422678606224,0.10995160879439692,0.04345517190419321,0.20190772926012468,0.16921902207448894,0.11525266712942618,-12.059999999999999,-0.0,1.0
1768881382.1545148,0,train,0.15302622748251465,0.09704936596717013,0.02764419551252456,0.20011181513344814,0.17062847547081292,0.1139648555487778,-12.059999999999999,-0.0,1.0
1768881382.1545231,0,train,0.15302622748251465,0.09704936596717013,0.02764419551252456,0.19807877635041404,0.16581847709887906,0.11286732066778155,-11.879999999999999,-0.0,1.0
1768881382.1545289,0,train,0.15302622748251465,0.09704936596717013,0.02764419551252456,0.19604992714674402,0.16950157609325084,0.11115919671751155,-11.7,-0.0,1.0
1768881382.1545336,0,train,0.15302622748251465,0.09704936596717013,0.02764419551252456,0.194651747349604,0.1534617976372075,0.10963987365278159,-11.52,-0.0,1.0
1768881382.1545389,0,train,0.15302622748251465,0.09704936596717013,0.02764419551252456,0.19248784899604132,0.14958305751852785,0.10808064861785328,-11.52,-0.0,1.0
1768881382.1545444,0,train,0.15302622748251465,0.09704936596717013,0.02764419551252456,0.19088497489113315,0.1493882754536598,0.10674214280100928,-11.34,-0.0,1.0
1768881382.15456,0,train,0.15302622748251465,0.09704936596717013,0.02764419551252456,0.18941452155639765,0.1517951773769591,0.10475865334523896,-11.16,-0.0,1.0
1768881382.1545653,0,train,0.15302622748251465,0.09704936596717013,0.02764419551252456,0.18844435747626653,0.15652049997993128,0.10305869822231624,-10.98,-0.0,1.0
1768881382.154571,0,train,0.15302622748251465,0.09704936596717013,0.02764419551252456,0.18684804095952717,0.162677762196933,0.10178266245452079,-10.799999999999999,-0.0,1.0
1768881382.154576,0,train,0.15302622748251465,0.09704936596717013,0.02764419551252456,0.18546810697662508,0.16756195857619924,0.10040700969495785,-10.799999999999999,-0.0,1.0
1768881382.1948304,0,train,0.15021369201901583,0.08820856293906866,0.014857082894105228,0.18397114624350552,0.16994064895421537,0.0991488651358764,-10.62,-0.0,1.0
1768881382.1948385,0,train,0.15021369201901583,0.08820856293906866,0.014857082894105228,0.18207042439809423,0.15735626463566646,0.09709714525515734,-10.44,-0.0,1.0
1768881382.1948442,0,train,0.15021369201901583,0.08820856293906866,0.014857082894105228,0.18086909733271797,0.14408117498605935,0.09590096680323332,-10.26,-0.0,1.0
1768881382.1948698,0,train,0.15021369201901583,0.08820856293906866,0.014857082894105228,0.17937228211434672,0.13839698606677517,0.09412872774682994,-10.08,-0.0,1.0
1768881382.1948752,0,train,0.15021369201901583,0.08820856293906866,0.014857082894105228,0.1780075576888812,0.1323687219535343,0.09352675457279998,-9.9,-0.0,1.0
1768881382.1948805,0,train,0.15021369201901583,0.08820856293906866,0.014857082894105228,0.17629574608708615,0.13086605291995548,0.09272041046558244,-9.9,-0.0,1.0
1768881382.194886,0,train,0.15021369201901583,0.08820856293906866,0.014857082894105228,0.17518002723369633,0.13295529596698175,0.09109085538587774,-9.719999999999999,-0.0,1.0
1768881382.1948912,0,train,0.15021369201901583,0.08820856293906866,0.014857082894105228,0.17394978408560177,0.13337350041414228,0.08977699945865569,-9.54,-0.0,1.0
1768881382.1948967,0,train,0.15021369201901583,0.08820856293906866,0.014857082894105228,0.17239631061709143,0.13918995567829137,0.08682929584904517,-9.36,-0.0,1.0
1768881382.2351112,0,train,0.15295413993674634,0.08402453518170427,0.005778348962336324,0.17096314789100592,0.1349168984925659,0.08693061161784423,-9.18,-0.0,1.0
1768881382.235119,0,train,0.15295413993674634,0.08402453518170427,0.005778348962336324,0.1696816910386164,0.14690450751266718,0.08522350934518312,-9.0,-0.0,1.0
1768881382.2351255,0,train,0.15295413993674634,0.08402453518170427,0.005778348962336324,0.16859348312293226,0.14102052386454933,0.08367206989413752,-9.0,-0.0,1.0
1768881382.2351305,0,train,0.15295413993674634,0.08402453518170427,0.005778348962336324,0.1674998645308606,0.13818508689488807,0.08241462625264685,-8.82,-0.0,1.0
1768881382.235136,0,train,0.15295413993674634,0.08402453518170427,0.005778348962336324,0.166201981257862,0.1367905182962449,0.08128981570878249,-8.64,-0.0,1.0
1768881382.235141,0,train,0.15295413993674634,0.08402453518170427,0.005778348962336324,0.16543705920196788,0.13524815758012224,0.07908251387223124,-8.459999999999999,-0.0,1.0
1768881382.235147,0,train,0.15295413993674634,0.08402453518170427,0.005778348962336324,0.16415825287429628,0.1251303832449831,0.07783986754384084,-8.459999999999999,-0.0,1.0
1768881382.2351577,0,train,0.15295413993674634,0.08402453518170427,0.005778348962336324,0.16323812585633804,0.1249762961942181,0.07651754867423649,-8.28,-0.0,1.0
1768881382.235163,0,train,0.15295413993674634,0.08402453518170427,0.005778348962336324,0.16167094092714313,0.13214977038268177,0.07573050677586192,-8.28,-0.0,1.0
1768881382.2351685,0,train,0.15295413993674634,0.08402453518170427,0.005778348962336324,0.16106101783453167,0.14043164132491393,0.07358366879286277,-8.1,-0.0,1.0
1768881382.2855012,0,train,0.16426355283873006,0.08591952830431061,0.00047237202991159966,0.1602501597114508,0.1320026033279713,0.07186980596416438,-8.1,-0.0,1.0
1768881382.2855196,0,train,0.16426355283873006,0.08591952830431061,0.00047237202991159966,0.159580585885807,0.1286248811566751,0.06976510892676845,-7.92,-0.0,1.0
1768881382.2855256,0,train,0.16426355283873006,0.08591952830431061,0.00047237202991159966,0.1585716810379421,0.13387411150220513,0.06918116229773451,-7.92,-0.0,1.0
1768881382.2855306,0,train,0.16426355283873006,0.08591952830431061,0.00047237202991159966,0.157181940655019,0.1335332587628976,0.0678723989877983,-7.739999999999999,-0.0,1.0
1768881382.2855406,0,train,0.16426355283873006,0.08591952830431061,0.00047237202991159966,0.15631613877070097,0.12185849078624239,0.0666917204912605,-7.739999999999999,-0.0,1.0
1768881382.2855456,0,train,0.16426355283873006,0.08591952830431061,0.00047237202991159966,0.1557167360155407,0.13378263956595476,0.06560777986577027,-7.56,-0.0,1.0
1768881382.2855575,0,train,0.16426355283873006,0.08591952830431061,0.00047237202991159966,0.15518318953907362,0.1246149773554637,0.06407365955411108,-7.56,-0.0,1.0
1768881382.2855642,0,train,0.16426355283873006,0.08591952830431061,0.00047237202991159966,0.15433537280631007,0.12282409529796902,0.06369837569726039,-7.56,-0.0,1.0
1768881382.28557,0,train,0.16426355283873006,0.08591952830431061,0.00047237202991159966,0.1528921182851021,0.10921374728735779,0.06177593529801417,-7.56,-0.0,1.0
1768881382.285575,0,train,0.16426355283873006,0.08591952830431061,0.00047237202991159966,0.15250470683139242,0.11173323417209635,0.05608692328806948,-7.56,-0.0,1.0
1768881382.3258123,0,train,0.17924172877232933,0.09327597834425305,0.0014983701670101268,0.15155221006214128,0.1135240960094697,0.054754763380225224,-7.38,-0.0,1.0
1768881382.3258204,0,train,0.17924172877232933,0.09327597834425305,0.0014983701670101268,0.1511281260825943,0.11196409829375713,0.05706386918287123,-7.38,-0.0,1.0
1768881382.325826,0,train,0.17924172877232933,0.09327597834425305,0.0014983701670101268,0.15161320591299984,0.11985320167022093,0.04859185149614201,-7.38,-0.0,1.0
1768881382.325831,0,train,0.17924172877232933,0.09327597834425305,0.0014983701670101268,0.1513408043174273,0.11746875414339333,0.04447106209942067,-7.38,-0.0,1.0
1768881382.3258357,0,train,0.17924172877232933,0.09327597834425305,0.0014983701670101268,0.15167813397683233,0.11489058535812166,0.04353716796648049,-7.38,-0.0,1.0
1768881382.325841,0,train,0.17924172877232933,0.09327597834425305,0.0014983701670101268,0.15183663361461167,0.1105594266372522,0.03963027211301936,-7.38,-0.0,1.0
1768881382.3258464,0,train,0.17924172877232933,0.09327597834425305,0.0014983701670101268,0.15209152399706272,0.11831777018567,0.02335380884375577,-7.38,-0.0,1.0
1768881382.325862,0,train,0.17924172877232933,0.09327597834425305,0.0014983701670101268,0.152378698224293,0.12122779435824113,0.010876791944143175,-7.38,-0.0,1.0
1768881382.325867,0,train,0.17924172877232933,0.09327597834425305,0.0014983701670101268,0.15276097153153423,0.12216814992122899,0.01356308514956808,-7.38,-0.0,1.0
1768881382.3258727,0,train,0.17924172877232933,0.09327597834425305,0.0014983701670101268,0.15343839166275275,0.1295013789938796,0.017707783563952095,-7.38,-0.0,1.0
1768881382.3660798,0,train,0.19875356530379373,0.10562687746767227,0.0073547071609436215,0.15405635236684365,0.12052355534078793,0.013133417688059812,-7.38,-0.0,1.0
1768881382.3660882,0,train,0.19875356530379373,0.10562687746767227,0.0073547071609436215,0.15457021338971116,0.12221967180896735,0.00031998714420221927,-7.38,-0.0,1.0
1768881382.3660934,0,train,0.19875356530379373,0.10562687746767227,0.0073547071609436215,0.15531828933690883,0.12844649571588745,-0.003237383776221524,-7.38,-0.0,1.0
1768881382.3660982,0,train,0.19875356530379373,0.10562687746767227,0.0073547071609436215,0.15554823737649176,0.11672176289904054,-0.00514317726028123,-7.38,-0.0,1.0
1768881382.3661144,0,train,0.19875356530379373,0.10562687746767227,0.0073547071609436215,0.15572745975145239,0.11400400890111688,-0.004806692609744837,-7.56,-0.0,1.0
1768881382.3661191,0,train,0.19875356530379373,0.10562687746767227,0.0073547071609436215,0.1562558783257155,0.12027217877360843,-0.0006663842693385531,-7.56,-0.0,1.0
1768881382.3661244,0,train,0.19875356530379373,0.10562687746767227,0.0073547071609436215,0.15703190814359785,0.11012355525248188,-0.006431883898470333,-7.56,-0.0,1.0
1768881382.3661299,0,train,0.19875356530379373,0.10562687746767227,0.0073547071609436215,0.15747960465865318,0.10198269068837527,-0.0018971060029280085,-7.56,-0.0,1.0
1768881382.3661356,0,train,0.19875356530379373,0.10562687746767227,0.0073547071609436215,0.15786612230940944,0.10317674646621204,-0.005949145049173227,-7.56,-0.0,1.0
1768881382.3661408,0,train,0.19875356530379373,0.10562687746767227,0.0073547071609436215,0.15790074616578625,0.1049786172796361,-0.0028438778547199917,-7.739999999999999,-0.0,1.0
1768881382.416423,0,train,0.22788822348525936,0.1272953430636019,0.02125726459064682,0.158611266155643,0.10667295582784038,-0.0035120542097599777,-7.739999999999999,-0.0,1.0
1768881382.4164486,0,train,0.22788822348525936,0.1272953430636019,0.02125726459064682,0.15870680347048657,0.10846173357569415,-0.005741998804197888,-7.739999999999999,-0.0,1.0
1768881382.4164546,0,train,0.22788822348525936,0.1272953430636019,0.02125726459064682,0.15908746066515606,0.10348097997849837,-0.003423353584018498,-7.739999999999999,-0.0,1.0
1768881382.4164598,0,train,0.22788822348525936,0.1272953430636019,0.02125726459064682,0.15975376734691976,0.10241553790052454,-0.008368273511362604,-7.739999999999999,-0.0,1.0
1768881382.4164646,0,train,0.22788822348525936,0.1272953430636019,0.02125726459064682,0.16019678798376852,0.11727757543646276,-0.0079277567804842,-7.739999999999999,-0.0,1.0
1768881382.4164696,0,train,0.22788822348525936,0.1272953430636019,0.02125726459064682,0.16057082276186602,0.1135231946357514,-0.010256474162913356,-7.92,-0.0,1.0
1768881382.4164796,0,train,0.22788822348525936,0.1272953430636019,0.02125726459064682,0.16103926387665374,0.11295338238694187,-0.008621025834064284,-7.92,-0.0,1.0
1768881382.4164848,0,train,0.22788822348525936,0.1272953430636019,0.02125726459064682,0.16139964163190787,0.10999361133669566,-0.01149342583130857,-7.92,-0.0,1.0
1768881382.416493,0,train,0.22788822348525936,0.1272953430636019,0.02125726459064682,0.16211499508321142,0.11590351171848948,0.000993268507643922,-7.92,-0.0,1.0
1768881382.4164987,0,train,0.22788822348525936,0.1272953430636019,0.02125726459064682,0.16214799456762202,0.10584082484693626,-0.006812245942822415,-7.92,-0.0,1.0
1768881382.456744,0,train,0.2533297407571043,0.1486205675821657,0.037161811805633355,0.16241883678884267,0.10874071784176295,-0.00871294774280926,-7.92,-0.0,1.0
1768881382.4567528,0,train,0.2533297407571043,0.1486205675821657,0.037161811805633355,0.16298995047584064,0.11195938731980218,-0.012667150206476357,-7.92,-0.0,1.0
1768881382.456759,0,train,0.2533297407571043,0.1486205675821657,0.037161811805633355,0.16388274801237188,0.10827897215462054,-0.014747441039647294,-7.92,-0.0,1.0
1768881382.4567652,0,train,0.2533297407571043,0.1486205675821657,0.037161811805633355,0.1646987517412043,0.10427563364285393,-0.019804166835484173,-7.92,-0.0,1.0
1768881382.4567854,0,train,0.2533297407571043,0.1486205675821657,0.037161811805633355,0.16635687403969093,0.10681942289548611,-0.012491453728080248,-7.92,-0.0,1.0
1768881382.4567916,0,train,0.2533297407571043,0.1486205675821657,0.037161811805633355,0.17228847890461313,0.10523784462124636,-0.012849788875979916,-8.1,-0.0,1.0
1768881382.4567983,0,train,0.2533297407571043,0.1486205675821657,0.037161811805633355,0.17708994581628704,0.10590005109199939,-0.007094106722016254,-8.1,-0.0,1.0
1768881382.4568048,0,train,0.2533297407571043,0.1486205675821657,0.037161811805633355,0.17951055936211152,0.10192205947226493,-0.007776725747046031,-8.28,-0.0,1.0
1768881382.4568112,0,train,0.2533297407571043,0.1486205675821657,0.037161811805633355,0.18350087393851966,0.10798834356278111,-0.01276353370745944,-8.28,-0.0,1.0
1768881382.456817,0,train,0.2533297407571043,0.1486205675821657,0.037161811805633355,0.1902932925437012,0.10315549841499067,0.00229651722974716,-8.459999999999999,-0.0,1.0
1768881382.4970644,0,train,0.27889533455397325,0.17227397298422645,0.05657661812881404,0.19414628152833646,0.10363551904927643,0.0010222002905985557,-8.64,-0.0,1.0
1768881382.497087,0,train,0.27889533455397325,0.17227397298422645,0.05657661812881404,0.19648179313965478,0.10507338151397325,0.01241125599122757,-8.82,-0.0,1.0
1768881382.4970934,0,train,0.27889533455397325,0.17227397298422645,0.05657661812881404,0.20323658708412198,0.09159106649538565,0.002745343893976591,-9.18,-0.0,1.0
1768881382.497099,0,train,0.27889533455397325,0.17227397298422645,0.05657661812881404,0.20736487782401009,0.09279325045344426,-0.0057119661561438355,-9.54,-0.0,1.0
1768881382.4971175,0,train,0.27889533455397325,0.17227397298422645,0.05657661812881404,0.20982825604369312,0.10018941324242724,-0.0016432042037620633,-9.719999999999999,-0.0,1.0
1768881382.4971242,0,train,0.27889533455397325,0.17227397298422645,0.05657661812881404,0.2122873005401984,0.10391936649944021,-8.35332320358599e-05,-10.08,-0.0,1.0
1768881382.497131,0,train,0.27889533455397325,0.17227397298422645,0.05657661812881404,0.21662930141846753,0.11069327421605228,0.003112516915402642,-10.44,-0.0,1.0
1768881382.4971366,0,train,0.27889533455397325,0.17227397298422645,0.05657661812881404,0.21976238336972354,0.11750639784854729,-0.0011618275098932431,-10.799999999999999,-0.0,1.0
1768881382.4971418,0,train,0.27889533455397325,0.17227397298422645,0.05657661812881404,0.221947587658805,0.1206562575438956,0.005576470507427053,-11.16,-0.0,1.0
1768881382.497147,0,train,0.27889533455397325,0.17227397298422645,0.05657661812881404,0.22609419488723576,0.10854430383505308,0.013213922488090923,-11.879999999999999,-0.0,1.0
1768881382.5373669,0,train,0.3028372832335562,0.19691555851227935,0.0785792275834817,0.23000921974142102,0.1149791986385395,0.010246978528932993,-12.24,-0.0,1.0
1768881382.537375,0,train,0.3028372832335562,0.19691555851227935,0.0785792275834817,0.2323843496796647,0.11932877678499029,0.010415413748426708,-12.6,-0.0,1.0
1768881382.5373805,0,train,0.3028372832335562,0.19691555851227935,0.0785792275834817,0.23413773911508956,0.1321196439884741,0.02146366633660548,-12.959999999999999,-0.0,1.0
1768881382.5373855,0,train,0.3028372832335562,0.19691555851227935,0.0785792275834817,0.2373707362695685,0.13654321180320428,0.02424263818409078,-13.5,-0.0,1.0
1768881382.5374005,0,train,0.3028372832335562,0.19691555851227935,0.0785792275834817,0.24191103997137497,0.13706369092618087,0.02278904685050558,-14.04,-0.0,1.0
1768881382.5374053,0,train,0.3028372832335562,0.19691555851227935,0.0785792275834817,0.2440773161890761,0.1492315259784337,0.02321053571753754,-14.399999999999999,-0.0,1.0
1768881382.5374105,0,train,0.3028372832335562,0.19691555851227935,0.0785792275834817,0.2466324559447124,0.16000503544528333,0.02977680364363703,-14.94,-0.0,1.0
1768881382.5374162,0,train,0.3028372832335562,0.19691555851227935,0.0785792275834817,0.25020075668304365,0.1566761687417645,0.023462093418580576,-15.299999999999999,-0.0,1.0
1768881382.5374215,0,train,0.3028372832335562,0.19691555851227935,0.0785792275834817,0.2534157781681711,0.16759765519223582,0.02069989066780891,-15.66,-0.0,1.0
1768881382.5374267,0,train,0.3028372832335562,0.19691555851227935,0.0785792275834817,0.2552591957476455,0.16467724231372174,0.03636603270844804,-16.2,-0.0,1.0
1768881382.5877452,0,train,0.3278137652036626,0.22682381866470488,0.10798852899060331,0.2580768774926022,0.16076067010694206,0.039934514489713344,-16.56,-0.0,1.0
1768881382.5877697,0,train,0.3278137652036626,0.22682381866470488,0.10798852899060331,0.26193467589017444,0.16819267797046775,0.038862139879336496,-16.919999999999998,-0.0,1.0
1768881382.587776,0,train,0.3278137652036626,0.22682381866470488,0.10798852899060331,0.2644020776599178,0.17117676229774348,0.037656594083234386,-17.28,-0.0,1.0
1768881382.587781,0,train,0.3278137652036626,0.22682381866470488,0.10798852899060331,0.26704326855250476,0.1744510574336209,0.04187534936571668,-17.64,-0.0,1.0
1768881382.5877857,0,train,0.3278137652036626,0.22682381866470488,0.10798852899060331,0.27020691072698066,0.16460471037557006,0.04994710036397752,-18.0,-0.0,1.0
1768881382.5877903,0,train,0.3278137652036626,0.22682381866470488,0.10798852899060331,0.27371477185922605,0.17991879191544366,0.04912583089531287,-18.36,-0.0,1.0
1768881382.5877955,0,train,0.3278137652036626,0.22682381866470488,0.10798852899060331,0.27588315780975786,0.17608030166888342,0.05309783769741331,-18.54,-0.0,1.0
1768881382.5878007,0,train,0.3278137652036626,0.22682381866470488,0.10798852899060331,0.27826205703005846,0.17980116385091646,0.0553811686410722,-18.72,-0.0,1.0
1768881382.5878098,0,train,0.3278137652036626,0.22682381866470488,0.10798852899060331,0.2811202022759497,0.17562559667427424,0.05813058962836897,-19.08,-0.0,1.0
1768881382.5878153,0,train,0.3278137652036626,0.22682381866470488,0.10798852899060331,0.2844740378966364,0.17253019174769862,0.05694866058578601,-19.259999999999998,-0.0,1.0
1768881382.6280444,0,train,0.3418748235141629,0.2481235610631749,0.13144738351548724,0.287217258111355,0.17753668417056903,0.06988733822970838,-19.62,-0.0,1.0
1768881382.6280534,0,train,0.3418748235141629,0.2481235610631749,0.13144738351548724,0.29001874355041546,0.1867202420507034,0.07752142805152046,-19.8,-0.0,1.0
1768881382.6280591,0,train,0.3418748235141629,0.2481235610631749,0.13144738351548724,0.2937454895132966,0.1892787785141694,0.07494454996453115,-20.16,-0.0,1.0
1768881382.6280642,0,train,0.3418748235141629,0.2481235610631749,0.13144738351548724,0.29610141719559935,0.18798170413251025,0.07809816244593823,-20.34,-0.0,1.0
1768881382.6280692,0,train,0.3418748235141629,0.2481235610631749,0.13144738351548724,0.2982561767172366,0.18855632631542527,0.07784926776178834,-20.52,-0.0,1.0
1768881382.6280863,0,train,0.3418748235141629,0.2481235610631749,0.13144738351548724,0.30077991804224097,0.18928451375548888,0.0783855512352066,-20.88,-0.0,1.0
1768881382.6280916,0,train,0.3418748235141629,0.2481235610631749,0.13144738351548724,0.3032316598230831,0.18834655439883258,0.08095778097904252,-21.06,-0.0,1.0
1768881382.6280973,0,train,0.3418748235141629,0.2481235610631749,0.13144738351548724,0.30524142441969937,0.20074079122503063,0.07220758175540472,-21.24,-0.0,1.0
1768881382.6281025,0,train,0.3418748235141629,0.2481235610631749,0.13144738351548724,0.3068346407719153,0.20550487570827075,0.07610077129331305,-21.419999999999998,-0.0,1.0
1768881382.6281147,0,train,0.3418748235141629,0.2481235610631749,0.13144738351548724,0.3096943881067117,0.21124554150898636,0.07959563547465036,-21.779999999999998,-0.0,1.0
1768881382.6683488,0,train,0.3492859833311128,0.2654812454043627,0.15337395883562568,0.31196774640651476,0.21903281921823284,0.08545014096752714,-21.96,-0.0,1.0
1768881382.668357,0,train,0.3492859833311128,0.2654812454043627,0.15337395883562568,0.3135097591424341,0.22520301284594768,0.08716195220787168,-22.14,-0.0,1.0
1768881382.66838,0,train,0.3492859833311128,0.2654812454043627,0.15337395883562568,0.31494075224090684,0.2157236347451335,0.09470070314321531,-22.32,-0.0,1.0
1768881382.668385,0,train,0.3492859833311128,0.2654812454043627,0.15337395883562568,0.3173471246002227,0.21226066943794344,0.10228240270284977,-22.68,-0.0,1.0
1768881382.6683898,0,train,0.3492859833311128,0.2654812454043627,0.15337395883562568,0.31999387980767235,0.21593894183501625,0.09408701810007761,-22.86,-0.0,1.0
1768881382.6683948,0,train,0.3492859833311128,0.2654812454043627,0.15337395883562568,0.3210318471169656,0.21396258795719916,0.09908994492080836,-23.04,-0.0,1.0
1768881382.6684005,0,train,0.3492859833311128,0.2654812454043627,0.15337395883562568,0.32283101750765664,0.21936537878552587,0.10341228341828446,-23.4,-0.0,1.0
1768881382.6684055,0,train,0.3492859833311128,0.2654812454043627,0.15337395883562568,0.3242487422417924,0.21882460646592974,0.10980269102365733,-23.58,-0.0,1.0
1768881382.6684108,0,train,0.3492859833311128,0.2654812454043627,0.15337395883562568,0.3257234532044391,0.22847735907813804,0.11259442423902793,-23.759999999999998,-0.0,1.0
1768881382.6684208,0,train,0.3492859833311128,0.2654812454043627,0.15337395883562568,0.32712724264148146,0.2284581557269707,0.11556166650960704,-24.119999999999997,-0.0,1.0
1768881382.718712,0,train,0.34796005544760017,0.27963525229507524,0.17653655314426692,0.32957708636982147,0.23498102945484167,0.10940459320715865,-24.3,-0.0,1.0
1768881382.7187197,0,train,0.34796005544760017,0.27963525229507524,0.17653655314426692,0.3310711012826263,0.23777337563184794,0.11464931239860054,-24.66,-0.0,1.0
1768881382.7187252,0,train,0.34796005544760017,0.27963525229507524,0.17653655314426692,0.33217486771919985,0.23908396825402384,0.12418333210563497,-24.84,-0.0,1.0
1768881382.7187424,0,train,0.34796005544760017,0.27963525229507524,0.17653655314426692,0.33351028121564835,0.2540490072274604,0.1268586057924563,-25.02,-0.0,1.0
1768881382.7187479,0,train,0.34796005544760017,0.27963525229507524,0.17653655314426692,0.33582711825276673,0.24239648362275484,0.12051220755484103,-25.38,-0.0,1.0
1768881382.7187536,0,train,0.34796005544760017,0.27963525229507524,0.17653655314426692,0.3370100492044915,0.2385987791160165,0.11809775159756308,-25.74,-0.0,1.0
1768881382.7187688,0,train,0.34796005544760017,0.27963525229507524,0.17653655314426692,0.3384201388288904,0.2523828094037517,0.12961303345898373,-25.919999999999998,-0.0,1.0
1768881382.7187743,0,train,0.34796005544760017,0.27963525229507524,0.17653655314426692,0.3397774865034028,0.24870896811036242,0.12492691529308983,-26.099999999999998,-0.0,1.0
1768881382.7187798,0,train,0.34796005544760017,0.27963525229507524,0.17653655314426692,0.3426303318549602,0.26146826254483696,0.1309274443944499,-26.459999999999997,-0.0,1.0
1768881382.7187848,0,train,0.34796005544760017,0.27963525229507524,0.17653655314426692,0.34375737586111643,0.258365626228616,0.13856221207883834,-26.82,-0.0,1.0
1768881382.7590742,0,train,0.33815290913057605,0.2837139530307875,0.19014734258317906,0.34516174382913645,0.2633515707573702,0.1416051518873008,-27.0,-0.0,1.0
1768881382.7590866,0,train,0.33815290913057605,0.2837139530307875,0.19014734258317906,0.3471623604442994,0.26512071266702253,0.14276881272016995,-27.18,-0.0,1.0
1768881382.7590935,0,train,0.33815290913057605,0.2837139530307875,0.19014734258317906,0.3489312853888202,0.268239132760557,0.14284639472176966,-27.36,-0.0,1.0
1768881382.7590992,0,train,0.33815290913057605,0.2837139530307875,0.19014734258317906,0.3501149108899473,0.2676313530443028,0.14633941791979807,-27.72,-0.0,1.0
1768881382.7591045,0,train,0.33815290913057605,0.2837139530307875,0.19014734258317906,0.35112932595521057,0.2685205690575112,0.14888966695603148,-27.9,-0.0,1.0
1768881382.75911,0,train,0.33815290913057605,0.2837139530307875,0.19014734258317906,0.3517994994157841,0.2721942293016367,0.15217393405008098,-28.259999999999998,-0.0,1.0
1768881382.7591155,0,train,0.33815290913057605,0.2837139530307875,0.19014734258317906,0.35249545670601296,0.2695560748983028,0.15480621955547252,-28.439999999999998,-0.0,1.0
1768881382.7591214,0,train,0.33815290913057605,0.2837139530307875,0.19014734258317906,0.3527804610757212,0.2597336873028664,0.157405297965327,-28.619999999999997,-0.0,1.0
1768881382.7591434,0,train,0.33815290913057605,0.2837139530307875,0.19014734258317906,0.3524128166810974,0.2618489664134272,0.15920752587389256,-28.799999999999997,-0.0,1.0
1768881382.7994392,0,train,0.32104625858444436,0.2807301094919522,0.19825540641767167,0.3520442056759772,0.2736126059635536,0.16096650039684082,-28.98,-0.0,1.0
1768881382.799448,0,train,0.32104625858444436,0.2807301094919522,0.19825540641767167,0.351493238226747,0.26837345036639865,0.16468605857060467,-29.16,-0.0,1.0
1768881382.7994537,0,train,0.32104625858444436,0.2807301094919522,0.19825540641767167,0.35081781199224327,0.2810061544442583,0.16712313953258373,-29.16,-0.0,1.0
1768881382.799459,0,train,0.32104625858444436,0.2807301094919522,0.19825540641767167,0.3505369336077372,0.2859332111735272,0.1689547461447574,-29.34,-0.0,1.0
1768881382.799464,0,train,0.32104625858444436,0.2807301094919522,0.19825540641767167,0.3499099077999992,0.28634722978533633,0.1712662126077965,-29.34,-0.0,1.0
1768881382.799485,0,train,0.32104625858444436,0.2807301094919522,0.19825540641767167,0.3500541132621802,0.28742354893589794,0.17342516511941145,-29.34,-0.0,1.0
1768881382.799496,0,train,0.32104625858444436,0.2807301094919522,0.19825540641767167,0.349899111548138,0.2947832526215225,0.17524739905682105,-29.52,-0.0,1.0
1768881382.799502,0,train,0.32104625858444436,0.2807301094919522,0.19825540641767167,0.3498933844053772,0.2901575949411875,0.17663145507625094,-29.52,-0.0,1.0
1768881382.7995071,0,train,0.32104625858444436,0.2807301094919522,0.19825540641767167,0.34951835389998154,0.2910248509661123,0.17866573589690948,-29.52,-0.0,1.0
1768881382.7995124,0,train,0.32104625858444436,0.2807301094919522,0.19825540641767167,0.34937894331675534,0.289905009107428,0.18038671557703598,-29.34,-0.0,1.0
1768881382.8400843,0,train,0.2976533929096524,0.27055884899960214,0.20012051945116874,0.349110940016268,0.2923716259616628,0.18223470559680988,-29.34,-0.0,1.0
1768881382.8400948,0,train,0.2976533929096524,0.27055884899960214,0.20012051945116874,0.34931998130221614,0.3029653837592663,0.18350303658981615,-29.34,-0.0,1.0
1768881382.840101,0,train,0.2976533929096524,0.27055884899960214,0.20012051945116874,0.3493069669640501,0.30822899186122393,0.18528566464307536,-29.16,-0.0,1.0
1768881382.8401215,0,train,0.2976533929096524,0.27055884899960214,0.20012051945116874,0.34919220858454814,0.3040598980621175,0.18652202903717963,-29.16,-0.0,1.0
1768881382.8401272,0,train,0.2976533929096524,0.27055884899960214,0.20012051945116874,0.34910833228096677,0.30141404351993467,0.18759453771279452,-28.98,-0.0,1.0
1768881382.8401322,0,train,0.2976533929096524,0.27055884899960214,0.20012051945116874,0.3492221218029809,0.29986906029822724,0.1888089684294557,-28.799999999999997,-0.0,1.0
1768881382.8401384,0,train,0.2976533929096524,0.27055884899960214,0.20012051945116874,0.34905684240057655,0.29884976068732855,0.19093273456926438,-28.619999999999997,-0.0,1.0
1768881382.8401449,0,train,0.2976533929096524,0.27055884899960214,0.20012051945116874,0.34876976705942997,0.30206124385612776,0.19243635319284713,-28.619999999999997,-0.0,1.0
1768881382.8401506,0,train,0.2976533929096524,0.27055884899960214,0.20012051945116874,0.3492746328575324,0.29028609695957136,0.19330225206471274,-28.439999999999998,-0.0,1.0
1768881382.8401556,0,train,0.2976533929096524,0.27055884899960214,0.20012051945116874,0.3495294645895669,0.2875870352210039,0.19476812367817178,-28.439999999999998,-0.0,1.0
1768881382.8903809,0,train,0.2626478509982231,0.2486853701647807,0.19315888251266417,0.34921722916434167,0.28195277403311686,0.19637157948325928,-28.259999999999998,-0.0,1.0
1768881382.8903942,0,train,0.2626478509982231,0.2486853701647807,0.19315888251266417,0.34945749730829934,0.2903887586866773,0.19740843051559526,-28.08,-0.0,1.0
1768881382.8904219,0,train,0.2626478509982231,0.2486853701647807,0.19315888251266417,0.34927962628751236,0.28605424509131255,0.19882774569592665,-28.08,-0.0,1.0
1768881382.8904288,0,train,0.2626478509982231,0.2486853701647807,0.19315888251266417,0.3493098564746462,0.2891230420065281,0.20067675678046842,-27.9,-0.0,1.0
1768881382.8904343,0,train,0.2626478509982231,0.2486853701647807,0.19315888251266417,0.3486825524693953,0.28850039296224883,0.20260491913061696,-27.9,-0.0,1.0
1768881382.8904397,0,train,0.2626478509982231,0.2486853701647807,0.19315888251266417,0.34855196289551393,0.2917286691799947,0.20362271746570737,-27.72,-0.0,1.0
1768881382.8904455,0,train,0.2626478509982231,0.2486853701647807,0.19315888251266417,0.3487591716604764,0.29471380053715035,0.2049243174023584,-27.72,-0.0,1.0
1768881382.8904579,0,train,0.2626478509982231,0.2486853701647807,0.19315888251266417,0.3486539845092262,0.29330389729770656,0.20587086097508983,-27.72,-0.0,1.0
1768881382.8904636,0,train,0.2626478509982231,0.2486853701647807,0.19315888251266417,0.34843050178357815,0.29455861380312104,0.2064455840046565,-27.72,-0.0,1.0
1768881382.890469,0,train,0.2626478509982231,0.2486853701647807,0.19315888251266417,0.34820236745809746,0.2983689773802068,0.2068827507295134,-27.72,-0.0,1.0
1768881382.930647,0,train,0.23278591786740166,0.2251968794411381,0.18037204771137638,0.3483773062828184,0.2957410157017819,0.206917157225816,-27.72,-0.0,1.0
1768881382.9306562,0,train,0.23278591786740166,0.2251968794411381,0.18037204771137638,0.34825816545315663,0.28592301339553744,0.20676218910504388,-27.72,-0.0,1.0
1768881382.9306629,0,train,0.23278591786740166,0.2251968794411381,0.18037204771137638,0.34786871743484277,0.2873958385623678,0.20671108448532668,-27.72,-0.0,1.0
1768881382.9306688,0,train,0.23278591786740166,0.2251968794411381,0.18037204771137638,0.3476173511073158,0.2841084816739333,0.20664514408726672,-27.72,-0.0,1.0
1768881382.9306855,0,train,0.23278591786740166,0.2251968794411381,0.18037204771137638,0.3476832640358744,0.2876955202286542,0.20622046789029597,-27.9,-0.0,1.0
1768881382.9306903,0,train,0.23278591786740166,0.2251968794411381,0.18037204771137638,0.3470362037128367,0.2927493378687438,0.20620625020356353,-27.9,-0.0,1.0
1768881382.930696,0,train,0.23278591786740166,0.2251968794411381,0.18037204771137638,0.34654462130055197,0.2917787674467927,0.20599233568059636,-27.9,-0.0,1.0
1768881382.9307015,0,train,0.23278591786740166,0.2251968794411381,0.18037204771137638,0.3464625234961522,0.2946212714965897,0.20567889084675942,-28.08,-0.0,1.0
1768881382.9307065,0,train,0.23278591786740166,0.2251968794411381,0.18037204771137638,0.3458467339165529,0.28203749630407116,0.20573308757187792,-28.08,-0.0,1.0
1768881382.9307115,0,train,0.23278591786740166,0.2251968794411381,0.18037204771137638,0.34389371243119243,0.2710386877046903,0.20560686939283032,-28.259999999999998,-0.0,1.0
1768881382.970937,0,train,0.20411811178636338,0.19813682228410423,0.161851164552047,0.34050568810328363,0.28221175504504076,0.2051333673168729,-28.259999999999998,-0.0,1.0
1768881382.9709566,0,train,0.20411811178636338,0.19813682228410423,0.161851164552047,0.33606018751700173,0.2879036636623404,0.20500632333223762,-28.259999999999998,-0.0,1.0
1768881382.9709628,0,train,0.20411811178636338,0.19813682228410423,0.161851164552047,0.33357755227036023,0.2899260631340558,0.20473532060326718,-28.259999999999998,-0.0,1.0
1768881382.9709678,0,train,0.20411811178636338,0.19813682228410423,0.161851164552047,0.32837241427060343,0.2933885150169132,0.20471317537037198,-28.08,-0.0,1.0
1768881382.9709728,0,train,0.20411811178636338,0.19813682228410423,0.161851164552047,0.32296837092939334,0.2911771598403879,0.20439868708305725,-28.08,-0.18,1.0
1768881382.9709773,0,train,0.20411811178636338,0.19813682228410423,0.161851164552047,0.31634470984595425,0.2878685040213214,0.2043232571110953,-27.9,-0.36,1.0
1768881382.9709826,0,train,0.20411811178636338,0.19813682228410423,0.161851164552047,0.31195817786936353,0.28237253742112617,0.2042079195457213,-27.72,-0.54,1.0
1768881382.970988,0,train,0.20411811178636338,0.19813682228410423,0.161851164552047,0.3063616998598111,0.27933778763958134,0.2040856219162274,-27.36,-0.72,1.0
1768881382.970999,0,train,0.20411811178636338,0.19813682228410423,0.161851164552047,0.3016499400569765,0.28670172538789873,0.20368606727686916,-27.0,-0.8999999999999999,1.0
1768881382.9710045,0,train,0.20411811178636338,0.19813682228410423,0.161851164552047,0.29804282978832924,0.2917398991796234,0.2035484044781388,-26.64,-1.26,1.0
1768881383.0112627,0,train,0.17939678169340795,0.16958725397620256,0.13872787407597326,0.29366877348401227,0.2852546493868319,0.20368163962743083,-26.279999999999998,-1.44,1.0
1768881383.0112717,0,train,0.17939678169340795,0.16958725397620256,0.13872787407597326,0.28884963875736214,0.2908123925347546,0.2034427818240735,-25.74,-1.7999999999999998,1.0
1768881383.0112772,0,train,0.17939678169340795,0.16958725397620256,0.13872787407597326,0.28320923311457213,0.29243342533334493,0.20283782211692686,-25.02,-2.52,1.0
1768881383.011282,0,train,0.17939678169340795,0.16958725397620256,0.13872787407597326,0.2800831684406662,0.2819034949499707,0.20299820341941693,-24.3,-2.88,1.0
1768881383.0112867,0,train,0.17939678169340795,0.16958725397620256,0.13872787407597326,0.275560722732986,0.2826643303159507,0.20308227263528644,-23.759999999999998,-3.42,1.0
1768881383.0113122,0,train,0.17939678169340795,0.16958725397620256,0.13872787407597326,0.27163608890638646,0.2819366245408709,0.2025412589948322,-23.04,-3.96,1.0
1768881383.0113196,0,train,0.17939678169340795,0.16958725397620256,0.13872787407597326,0.26839272788783863,0.2812514830656021,0.20235938567182327,-22.32,-4.32,1.0
1768881383.0113306,0,train,0.17939678169340795,0.16958725397620256,0.13872787407597326,0.2647476802632429,0.28584769638384944,0.20237032455450127,-21.599999999999998,-5.04,1.0
1768881383.011336,0,train,0.17939678169340795,0.16958725397620256,0.13872787407597326,0.26121855991179316,0.2847999128625579,0.20202226076329247,-20.88,-5.3999999999999995,1.0
1768881383.0113413,0,train,0.17939678169340795,0.16958725397620256,0.13872787407597326,0.2569271526029948,0.2918307578019875,0.20134349755696906,-19.98,-5.9399999999999995,1.0
1768881383.061601,0,train,0.15785131188278106,0.13534347590277512,0.10570708655047745,0.2544958951484575,0.28535229542139956,0.20124511708234266,-19.259999999999998,-6.3,1.0
1768881383.0616102,0,train,0.15785131188278106,0.13534347590277512,0.10570708655047745,0.25061855153546586,0.2695994479887834,0.20122721803143725,-18.36,-6.66,1.0
1768881383.0616164,0,train,0.15785131188278106,0.13534347590277512,0.10570708655047745,0.24727183556878837,0.2667206697331528,0.2007027321496691,-17.64,-6.84,1.0
1768881383.0616224,0,train,0.15785131188278106,0.13534347590277512,0.10570708655047745,0.24453936434503373,0.27011376464352643,0.20036315659092557,-17.099999999999998,-7.02,1.0
1768881383.061628,0,train,0.15785131188278106,0.13534347590277512,0.10570708655047745,0.2421969439898383,0.2673032299288136,0.20047980318848072,-16.38,-7.199999999999999,1.0
1768881383.0616333,0,train,0.15785131188278106,0.13534347590277512,0.10570708655047745,0.23888916918617617,0.2596482850094396,0.20056917568399868,-15.84,-7.199999999999999,1.0
1768881383.0616388,0,train,0.15785131188278106,0.13534347590277512,0.10570708655047745,0.23433879371686483,0.2537451923293466,0.19969987170832784,-15.12,-7.02,1.0
1768881383.0616443,0,train,0.15785131188278106,0.13534347590277512,0.10570708655047745,0.2318896763013405,0.2536785439698552,0.19963364446914986,-14.58,-6.66,1.0
1768881383.0616663,0,train,0.15785131188278106,0.13534347590277512,0.10570708655047745,0.22924394504319728,0.24488001694557773,0.1997435635468968,-14.219999999999999,-6.3,1.0
1768881383.061672,0,train,0.15785131188278106,0.13534347590277512,0.10570708655047745,0.22602799409216268,0.24425819450542602,0.19952667879869623,-13.86,-5.9399999999999995,1.0
1768881383.1019535,0,train,0.15050415633898664,0.11201463933217805,0.07829434251598201,0.22292473037490096,0.2332893171167832,0.19927192763761017,-13.5,-5.3999999999999995,1.0
1768881383.1019626,0,train,0.15050415633898664,0.11201463933217805,0.07829434251598201,0.22112621223888468,0.22803845867814732,0.19895166640915316,-13.32,-4.68,1.0
1768881383.1019683,0,train,0.15050415633898664,0.11201463933217805,0.07829434251598201,0.21799679644968592,0.21713600109180092,0.19889789425455573,-12.959999999999999,-3.78,1.0
1768881383.101974,0,train,0.15050415633898664,0.11201463933217805,0.07829434251598201,0.21409275213696058,0.2143337637381416,0.19842290752557562,-12.78,-2.6999999999999997,1.0
1768881383.101998,0,train,0.15050415633898664,0.11201463933217805,0.07829434251598201,0.21173432697540873,0.22455909337830998,0.19731629855907717,-12.78,-1.7999999999999998,1.0
1768881383.1020038,0,train,0.15050415633898664,0.11201463933217805,0.07829434251598201,0.20980797011698693,0.21300040690115785,0.19583743708365842,-12.6,-0.72,1.0
1768881383.1020093,0,train,0.15050415633898664,0.11201463933217805,0.07829434251598201,0.2071657036424382,0.21498286342465073,0.19450125440027372,-12.6,0.18,1.0
1768881383.1020153,0,train,0.15050415633898664,0.11201463933217805,0.07829434251598201,0.20419220268740068,0.2062361840403767,0.19214190183130467,-11.879999999999999,-0.0,1.0
1768881383.1020203,0,train,0.15050415633898664,0.11201463933217805,0.07829434251598201,0.20278899305920683,0.20655682006140677,0.18926453907293014,-11.34,-0.36,1.0
1768881383.1020253,0,train,0.15050415633898664,0.11201463933217805,0.07829434251598201,0.2005992273759622,0.19827574216708527,0.18690588469184705,-11.16,-0.72,1.0
1768881383.1422179,0,train,0.15319782234510965,0.09470057290109102,0.052256717887812415,0.19694501428980205,0.20180309894235418,0.18376539357075888,-10.799999999999999,-0.8999999999999999,1.0
1768881383.1422381,0,train,0.15319782234510965,0.09470057290109102,0.052256717887812415,0.19508211836694822,0.2018792370083086,0.1805484446610431,-10.62,-0.8999999999999999,1.0
1768881383.1422443,0,train,0.15319782234510965,0.09470057290109102,0.052256717887812415,0.193555930886465,0.18835999047314447,0.17744927944094163,-10.26,-0.8999999999999999,1.0
1768881383.1422498,0,train,0.15319782234510965,0.09470057290109102,0.052256717887812415,0.19136813881724885,0.1849807351945425,0.17500744977957886,-10.08,-0.72,1.0
1768881383.1422553,0,train,0.15319782234510965,0.09470057290109102,0.052256717887812415,0.1892742458209273,0.18176672632384572,0.17259231409818124,-10.08,-0.36,1.0
1768881383.14226,0,train,0.15319782234510965,0.09470057290109102,0.052256717887812415,0.18734620360507453,0.18234425430785883,0.16950243335696746,-9.9,-0.18,1.0
1768881383.1422648,0,train,0.15319782234510965,0.09470057290109102,0.052256717887812415,0.18609648962124628,0.18714205984961002,0.16607338642540562,-9.9,0.18,1.0
1768881383.1422698,0,train,0.15319782234510965,0.09470057290109102,0.052256717887812415,0.18348292454721363,0.1899132588705972,0.1624201777229422,-9.54,-0.0,1.0
1768881383.142281,0,train,0.15319782234510965,0.09470057290109102,0.052256717887812415,0.18153064809246355,0.18035405529997184,0.15991361080410177,-9.54,-0.0,1.0
1768881383.142286,0,train,0.15319782234510965,0.09470057290109102,0.052256717887812415,0.17992730093937861,0.1903065271041689,0.15691287835418358,-9.54,-0.0,1.0
1768881383.1825144,0,train,0.16604027782402048,0.08519048928490897,0.029706547676023806,0.17815128560529422,0.19128023557523097,0.1544114735071623,-9.54,-0.0,1.0
1768881383.1825228,0,train,0.16604027782402048,0.08519048928490897,0.029706547676023806,0.17648097587202846,0.17471236857915914,0.1522765885999837,-9.36,-0.0,1.0
1768881383.182539,0,train,0.16604027782402048,0.08519048928490897,0.029706547676023806,0.17442714290359523,0.17926517201808084,0.1491716750671829,-9.36,-0.0,1.0
1768881383.1825442,0,train,0.16604027782402048,0.08519048928490897,0.029706547676023806,0.17373229682478272,0.173104966705037,0.14605468292768334,-9.36,-0.0,1.0
1768881383.182549,0,train,0.16604027782402048,0.08519048928490897,0.029706547676023806,0.17197857567239433,0.172654500362917,0.14333920715963372,-9.36,-0.0,1.0
1768881383.182559,0,train,0.16604027782402048,0.08519048928490897,0.029706547676023806,0.1705133616754821,0.17451337140373835,0.14133895840436767,-9.18,-0.0,1.0
1768881383.1825645,0,train,0.16604027782402048,0.08519048928490897,0.029706547676023806,0.16915737703719175,0.16349353609789993,0.13903668156341947,-9.18,-0.0,1.0
1768881383.1825702,0,train,0.16604027782402048,0.08519048928490897,0.029706547676023806,0.1678691964745559,0.15032900092594442,0.13555319145018468,-9.18,-0.0,1.0
1768881383.1825757,0,train,0.16604027782402048,0.08519048928490897,0.029706547676023806,0.1661587840307178,0.1539705262290918,0.1338637744208882,-9.18,-0.0,1.0
1768881383.1825802,0,train,0.16604027782402048,0.08519048928490897,0.029706547676023806,0.16520580756136002,0.15312788949362496,0.13171430051272154,-9.18,-0.0,1.0
1768881383.232885,0,train,0.19475682484433743,0.08598237233511465,0.00936116766664044,0.16397953580382152,0.14935815574389394,0.1294895832191875,-9.18,-0.0,1.0
1768881383.2328932,0,train,0.19475682484433743,0.08598237233511465,0.00936116766664044,0.162836443443935,0.15498991250310115,0.12586961753461223,-9.18,-0.0,1.0
1768881383.2329097,0,train,0.19475682484433743,0.08598237233511465,0.00936116766664044,0.16178955486132449,0.15055873312073603,0.12430694519071415,-9.18,-0.0,1.0
1768881383.2329147,0,train,0.19475682484433743,0.08598237233511465,0.00936116766664044,0.16131408534778657,0.14783727879142042,0.12194626218748673,-9.0,-0.0,1.0
1768881383.2329195,0,train,0.19475682484433743,0.08598237233511465,0.00936116766664044,0.16089024894421533,0.14020721678210926,0.11956794787039374,-9.0,-0.0,1.0
1768881383.232925,0,train,0.19475682484433743,0.08598237233511465,0.00936116766664044,0.1605685665594184,0.14370449013384257,0.11731307953419537,-9.0,-0.0,1.0
1768881383.2329304,0,train,0.19475682484433743,0.08598237233511465,0.00936116766664044,0.1600490525418519,0.13838169225172486,0.11561626944619072,-9.0,-0.0,1.0
1768881383.2329357,0,train,0.19475682484433743,0.08598237233511465,0.00936116766664044,0.1597733030052662,0.15157636857994472,0.11329220100249997,-8.82,-0.0,1.0
1768881383.2329412,0,train,0.19475682484433743,0.08598237233511465,0.00936116766664044,0.1587069410271307,0.13982018948307437,0.11040757306802064,-8.82,-0.0,1.0
1768881383.2329516,0,train,0.19475682484433743,0.08598237233511465,0.00936116766664044,0.15908692528662602,0.13029093445913162,0.1086375625642531,-8.82,-0.0,1.0
1768881383.2731788,0,train,0.22519908910406922,0.0970953451849943,0.001245885040361716,0.15907214866715774,0.13360776969896584,0.10715542521223742,-8.64,-0.0,1.0
1768881383.2731872,0,train,0.22519908910406922,0.0970953451849943,0.001245885040361716,0.15932228068717585,0.12856473847588235,0.10504876686127716,-8.64,-0.0,1.0
1768881383.273193,0,train,0.22519908910406922,0.0970953451849943,0.001245885040361716,0.15972928342561643,0.13692073685757353,0.10267812248454485,-8.459999999999999,-0.0,1.0
1768881383.2732089,0,train,0.22519908910406922,0.0970953451849943,0.001245885040361716,0.16053586034814618,0.13453716006604227,0.10108948699251857,-8.459999999999999,-0.0,1.0
1768881383.2732148,0,train,0.22519908910406922,0.0970953451849943,0.001245885040361716,0.16108314531350984,0.13915701676016412,0.09912486811207129,-8.459999999999999,-0.0,1.0
1768881383.27322,0,train,0.22519908910406922,0.0970953451849943,0.001245885040361716,0.16162158102251675,0.12772490814327786,0.09720911438501675,-8.459999999999999,-0.0,1.0
1768881383.2732313,0,train,0.22519908910406922,0.0970953451849943,0.001245885040361716,0.1626477770621005,0.13381822430897883,0.09467798820753885,-8.28,-0.0,1.0
1768881383.2732372,0,train,0.22519908910406922,0.0970953451849943,0.001245885040361716,0.16348980932171864,0.13186614524248388,0.09284035274957401,-8.28,-0.0,1.0
1768881383.2732425,0,train,0.22519908910406922,0.0970953451849943,0.001245885040361716,0.16399440546524133,0.13209802839562318,0.09018771566117023,-8.28,-0.0,1.0
1768881383.3134837,0,train,0.25884426997046794,0.11677629196525723,0.001459661027165035,0.1645084142000604,0.1272759016655135,0.08828604540414262,-8.28,-0.0,1.0
1768881383.3134913,0,train,0.25884426997046794,0.11677629196525723,0.001459661027165035,0.16487317539689517,0.11702726286154529,0.0877346011940648,-8.28,-0.0,1.0
1768881383.3134975,0,train,0.25884426997046794,0.11677629196525723,0.001459661027165035,0.16490444290941322,0.11483339004440714,0.08649174453851546,-8.459999999999999,-0.0,1.0
1768881383.313503,0,train,0.25884426997046794,0.11677629196525723,0.001459661027165035,0.16527814180098888,0.1223852836644084,0.08345068804775876,-8.459999999999999,-0.0,1.0
1768881383.3135197,0,train,0.25884426997046794,0.11677629196525723,0.001459661027165035,0.16625906467412477,0.1305225675157493,0.08130448597554508,-8.459999999999999,-0.0,1.0
1768881383.313525,0,train,0.25884426997046794,0.11677629196525723,0.001459661027165035,0.1673428318926163,0.11669670053646268,0.07998229528902272,-8.459999999999999,-0.0,1.0
1768881383.3135302,0,train,0.25884426997046794,0.11677629196525723,0.001459661027165035,0.16798717810295408,0.10821652488810067,0.07850039971719727,-8.64,-0.0,1.0
1768881383.3135357,0,train,0.25884426997046794,0.11677629196525723,0.001459661027165035,0.1679885035542026,0.12156110322790023,0.07593638939303764,-8.64,-0.0,1.0
1768881383.3135552,0,train,0.25884426997046794,0.11677629196525723,0.001459661027165035,0.16840688165165324,0.11592302119322341,0.07169756853241545,-8.82,-0.0,1.0
1768881383.313562,0,train,0.25884426997046794,0.11677629196525723,0.001459661027165035,0.16908539266639197,0.10998851993560567,0.05961321424151578,-8.82,-0.0,1.0
1768881383.3638794,0,train,0.2996123925195342,0.15083286356419082,0.01378436329886562,0.16984472915143092,0.11505152442361927,0.05550945920756088,-9.0,-0.0,1.0
1768881383.3638868,0,train,0.2996123925195342,0.15083286356419082,0.01378436329886562,0.17033725164747612,0.12257725515449956,0.05512773753927135,-9.0,-0.0,1.0
1768881383.3638928,0,train,0.2996123925195342,0.15083286356419082,0.01378436329886562,0.17316186054558622,0.12119519044101436,0.046621376991495656,-9.0,-0.0,1.0
1768881383.3638978,0,train,0.2996123925195342,0.15083286356419082,0.01378436329886562,0.18053207735675422,0.11463090767940799,0.033952279632945975,-9.18,-0.0,1.0
1768881383.363903,0,train,0.2996123925195342,0.15083286356419082,0.01378436329886562,0.18542479989370605,0.11050462570763374,0.02584547220958133,-9.36,-0.0,1.0
1768881383.363908,0,train,0.2996123925195342,0.15083286356419082,0.01378436329886562,0.18815411129266055,0.1179059645922956,0.025305641850505607,-9.54,-0.0,1.0
1768881383.3639135,0,train,0.2996123925195342,0.15083286356419082,0.01378436329886562,0.19350623100183503,0.10510924552422231,0.014301697196289886,-9.719999999999999,-0.0,1.0
1768881383.3639317,0,train,0.2996123925195342,0.15083286356419082,0.01378436329886562,0.2037451130408927,0.10958951046622405,0.009308110626403859,-10.08,-0.0,1.0
1768881383.3639376,0,train,0.2996123925195342,0.15083286356419082,0.01378436329886562,0.20781411818851508,0.10077364275112223,0.01114469367453401,-10.44,-0.0,1.0
1768881383.3639426,0,train,0.2996123925195342,0.15083286356419082,0.01378436329886562,0.21166335574599945,0.11668507640382923,0.008211526149641733,-10.62,-0.0,1.0
1768881383.404157,0,train,0.3263761525501722,0.18251843985995828,0.03257823644047152,0.21809632364598844,0.11271909147684486,0.0052195603639716495,-10.98,-0.0,1.0
1768881383.4041643,0,train,0.3263761525501722,0.18251843985995828,0.03257823644047152,0.2237728412315869,0.10585812787999285,0.0003629115063993982,-11.34,-0.0,1.0
1768881383.4041703,0,train,0.3263761525501722,0.18251843985995828,0.03257823644047152,0.22678830522213483,0.11736178440331765,0.0017816080857184636,-11.7,-0.0,1.0
1768881383.4041753,0,train,0.3263761525501722,0.18251843985995828,0.03257823644047152,0.2307102919038027,0.11740213108003472,-0.0014872066590727925,-12.059999999999999,-0.0,1.0
1768881383.4041913,0,train,0.3263761525501722,0.18251843985995828,0.03257823644047152,0.23898764360602356,0.1162998894648355,-0.0033536389315779592,-12.78,-0.0,1.0
1768881383.4042022,0,train,0.3263761525501722,0.18251843985995828,0.03257823644047152,0.2424873116624991,0.12364456790300142,0.0003511828224716151,-13.32,-0.0,1.0
1768881383.4042082,0,train,0.3263761525501722,0.18251843985995828,0.03257823644047152,0.2449725823368303,0.12094443654301537,-0.0013424160323016604,-13.68,-0.0,1.0
1768881383.4042137,0,train,0.3263761525501722,0.18251843985995828,0.03257823644047152,0.2495008856417501,0.12049277537405591,0.0029466258627224157,-14.219999999999999,-0.0,1.0
1768881383.4042192,0,train,0.3263761525501722,0.18251843985995828,0.03257823644047152,0.2543523262903536,0.1180640893351316,-0.0015879695725786987,-14.76,-0.0,1.0
1768881383.4042244,0,train,0.3263761525501722,0.18251843985995828,0.03257823644047152,0.2583261955256529,0.12034837407884702,0.003712200290827173,-15.479999999999999,-0.0,1.0
1768881383.4444737,0,train,0.34410322201774085,0.21470588900411064,0.05779142757404985,0.2605022040727106,0.11886106034409685,0.00198648482535682,-16.02,-0.0,1.0
1768881383.4444814,0,train,0.34410322201774085,0.21470588900411064,0.05779142757404985,0.26608020224326356,0.11827665747284062,0.001283106620789506,-16.74,-0.0,1.0
1768881383.4444869,0,train,0.34410322201774085,0.21470588900411064,0.05779142757404985,0.2701120389845998,0.1219211008805867,-0.0002848765159599114,-17.28,-0.0,1.0
1768881383.4444919,0,train,0.34410322201774085,0.21470588900411064,0.05779142757404985,0.27264095236433117,0.12084453930194411,0.006768891797641866,-17.82,-0.0,1.0
1768881383.4444966,0,train,0.34410322201774085,0.21470588900411064,0.05779142757404985,0.27678871425807067,0.11901560787592616,0.002344266836166183,-18.54,-0.0,1.0
1768881383.4445012,0,train,0.34410322201774085,0.21470588900411064,0.05779142757404985,0.2810629707767512,0.11574768776841811,0.002036865701196119,-19.08,-0.0,1.0
1768881383.4445066,0,train,0.34410322201774085,0.21470588900411064,0.05779142757404985,0.28436837099686185,0.12796754624101073,0.003177467789197664,-19.62,-0.0,1.0
1768881383.4445305,0,train,0.34410322201774085,0.21470588900411064,0.05779142757404985,0.28642604826231216,0.12987435815840093,-0.0010605185182465853,-20.16,-0.0,1.0
1768881383.4445362,0,train,0.34410322201774085,0.21470588900411064,0.05779142757404985,0.29179572298733364,0.13967545002897988,-0.0034888686320730987,-20.88,-0.0,1.0
1768881383.4445417,0,train,0.34410322201774085,0.21470588900411064,0.05779142757404985,0.2959514441544279,0.1320189406594573,-0.004084079059123201,-21.419999999999998,-0.0,1.0
1768881383.4847887,0,train,0.36159467866014855,0.13758404520142647,0.3797094283210216,0.29855210107168795,0.14382666883806494,0.0012933253743790084,-21.96,-0.0,1.0
1768881383.4847968,0,train,0.36159467866014855,0.13758404520142647,0.3797094283210216,0.3007851720671675,0.1521968080743935,0.006077124495589698,-22.5,-0.0,1.0
1768881383.484802,0,train,0.36159467866014855,0.13758404520142647,0.3797094283210216,0.30387464524378893,0.15724635003982462,0.011810748700505361,-22.86,-0.0,1.0
1768881383.4848175,0,train,0.36159467866014855,0.13758404520142647,0.3797094283210216,0.3072694424119203,0.14916552078818357,0.01019273854278488,-23.4,-0.0,1.0
1768881383.4848266,0,train,0.36159467866014855,0.13758404520142647,0.3797094283210216,0.31016745237413496,0.1643163247885623,0.002127625630598583,-23.939999999999998,-0.0,1.0
1768881383.4848313,0,train,0.36159467866014855,0.13758404520142647,0.3797094283210216,0.31299606864935414,0.16307026569236288,0.007693401276520424,-24.3,-0.18,1.0
1768881383.4848368,0,train,0.36159467866014855,0.13758404520142647,0.3797094283210216,0.31641007996577175,0.16505470153133697,0.011952641798265426,-24.84,-0.18,1.0
1768881383.4848423,0,train,0.36159467866014855,0.13758404520142647,0.3797094283210216,0.3185159754968548,0.16806519997165525,0.01912212568976857,-25.02,-0.18,1.0
1768881383.4848475,0,train,0.36159467866014855,0.13758404520142647,0.3797094283210216,0.3201335311145383,0.17726009074806579,0.02111569050367526,-25.38,-0.18,1.0
1768881383.484853,0,train,0.36159467866014855,0.13758404520142647,0.3797094283210216,0.3236575445213361,0.17590753311479657,0.01802795900052116,-25.74,-0.18,1.0
1768881383.5351603,0,train,0.3511698568043603,0.1648893886633197,0.41843859641542136,0.3261494970277725,0.18422900276074533,0.016870577598780096,-26.099999999999998,-0.18,1.0
1768881383.5351784,0,train,0.3511698568043603,0.1648893886633197,0.41843859641542136,0.3280195740346212,0.1912664420094603,0.028973031850190446,-26.459999999999997,-0.18,1.0
1768881383.535184,0,train,0.3511698568043603,0.1648893886633197,0.41843859641542136,0.3305781179121954,0.1975547311965929,0.029126362682233144,-26.64,-0.18,1.0
1768881383.535189,0,train,0.3511698568043603,0.1648893886633197,0.41843859641542136,0.33290807131307487,0.20315841328097223,0.03661165826637561,-27.0,-0.18,1.0
1768881383.535194,0,train,0.3511698568043603,0.1648893886633197,0.41843859641542136,0.33517112716454933,0.20936137131728577,0.044864725786480215,-27.18,-0.18,1.0
1768881383.5351985,0,train,0.3511698568043603,0.1648893886633197,0.41843859641542136,0.3364144567597185,0.21010048795431055,0.04103190049335296,-27.36,-0.18,1.0
1768881383.5352037,0,train,0.3511698568043603,0.1648893886633197,0.41843859641542136,0.3382580763358879,0.21142126331739103,0.04499978826813082,-27.54,-0.18,1.0
1768881383.5352092,0,train,0.3511698568043603,0.1648893886633197,0.41843859641542136,0.34015037419679073,0.21512718985848125,0.051496701394619836,-27.72,-0.18,1.0
1768881383.5352194,0,train,0.3511698568043603,0.1648893886633197,0.41843859641542136,0.34152131693313464,0.22214001823798096,0.05710255251373108,-27.9,-0.18,1.0
1768881383.5352244,0,train,0.3511698568043603,0.1648893886633197,0.41843859641542136,0.3430480414398586,0.21863763283150134,0.08370545888642862,-28.08,-0.0,1.0
1768881383.5754747,0,train,0.32915643777619097,0.17602930705493003,0.4472377171832167,0.34459822487775654,0.22475220452176917,0.0968603172298553,-28.259999999999998,-0.0,1.0
1768881383.5754833,0,train,0.32915643777619097,0.17602930705493003,0.4472377171832167,0.34629972358412475,0.21813817008206646,0.10158230991013593,-28.439999999999998,-0.0,1.0
1768881383.5754893,0,train,0.32915643777619097,0.17602930705493003,0.4472377171832167,0.3477698855953556,0.2140396609777452,0.12178071601868835,-28.439999999999998,-0.0,1.0
1768881383.5754948,0,train,0.32915643777619097,0.17602930705493003,0.4472377171832167,0.34929383265110964,0.21646283808411604,0.1404491856246443,-28.619999999999997,-0.0,1.0
1768881383.5754998,0,train,0.32915643777619097,0.17602930705493003,0.4472377171832167,0.3510131910641686,0.21584681434830819,0.1544542368274325,-28.619999999999997,-0.0,1.0
1768881383.5755155,0,train,0.32915643777619097,0.17602930705493003,0.4472377171832167,0.35274929463384674,0.2151702206808776,0.171243748758285,-28.799999999999997,-0.0,1.0
1768881383.575521,0,train,0.32915643777619097,0.17602930705493003,0.4472377171832167,0.354237124582505,0.20608335186022533,0.19165775027316,-28.98,-0.0,1.0
1768881383.5755267,0,train,0.32915643777619097,0.17602930705493003,0.4472377171832167,0.3551402093792535,0.20859213297598403,0.20586312155674727,-28.98,-0.0,1.0
1768881383.5755317,0,train,0.32915643777619097,0.17602930705493003,0.4472377171832167,0.35597578798312174,0.21179959328486322,0.21705595769362968,-29.16,-0.0,1.0
1768881383.5755372,0,train,0.32915643777619097,0.17602930705493003,0.4472377171832167,0.3569491849938448,0.22278719266125274,0.23384353953209153,-29.16,-0.0,1.0
1768881383.6157658,0,train,0.2976532316473717,0.1757978099989874,0.47084803728946195,0.3572435004154571,0.2163471252083226,0.24702564582007208,-29.34,-0.0,1.0
1768881383.6157742,0,train,0.2976532316473717,0.1757978099989874,0.47084803728946195,0.3574000777373615,0.21555419082433835,0.25737300969677646,-29.34,-0.0,1.0
1768881383.6157913,0,train,0.2976532316473717,0.1757978099989874,0.47084803728946195,0.35744153458086253,0.21365017631834565,0.2665117259215234,-29.34,-0.0,1.0
1768881383.6157968,0,train,0.2976532316473717,0.1757978099989874,0.47084803728946195,0.35720491528642406,0.21613360022068326,0.282942100362396,-29.52,-0.0,1.0
1768881383.6158018,0,train,0.2976532316473717,0.1757978099989874,0.47084803728946195,0.35666719802162933,0.21263585219942813,0.2924641940326919,-29.52,-0.0,1.0
1768881383.615807,0,train,0.2976532316473717,0.1757978099989874,0.47084803728946195,0.35652219462559215,0.21828224685119615,0.29994400762092327,-29.7,-0.0,1.0
1768881383.6158125,0,train,0.2976532316473717,0.1757978099989874,0.47084803728946195,0.35649979876478827,0.21327388059347024,0.30814544471055255,-29.7,-0.0,1.0
1768881383.615818,0,train,0.2976532316473717,0.1757978099989874,0.47084803728946195,0.3559697540302484,0.21746020357405427,0.3173821465907653,-29.7,-0.0,1.0
1768881383.6158297,0,train,0.2976532316473717,0.1757978099989874,0.47084803728946195,0.35525128334531186,0.213285786206375,0.32529334770148366,-29.7,-0.0,1.0
1768881383.615839,0,train,0.2976532316473717,0.1757978099989874,0.47084803728946195,0.3548480730790944,0.21510104502948688,0.33138680737158277,-29.7,-0.0,1.0
1768881383.6561258,0,train,0.26070668114464657,0.16380591750220697,0.48665073812191967,0.3549625958425512,0.22007068080502182,0.34255690080180884,-29.7,-0.0,1.0
1768881383.6561372,0,train,0.26070668114464657,0.16380591750220697,0.48665073812191967,0.35475207473641174,0.21814517701489977,0.3496086011102835,-29.7,-0.0,1.0
1768881383.656143,0,train,0.26070668114464657,0.16380591750220697,0.48665073812191967,0.3540941682149058,0.20800038786900535,0.35526284093374955,-29.7,-0.0,1.0
1768881383.6561482,0,train,0.26070668114464657,0.16380591750220697,0.48665073812191967,0.3540363827464815,0.2040409843188011,0.36062909422814593,-29.7,-0.0,1.0
1768881383.6561534,0,train,0.26070668114464657,0.16380591750220697,0.48665073812191967,0.3541050250764838,0.21136935722695285,0.36745156848076954,-29.7,-0.0,1.0
1768881383.6561584,0,train,0.26070668114464657,0.16380591750220697,0.48665073812191967,0.35330356846908934,0.20715386006157502,0.3751350411578202,-29.7,-0.0,1.0
1768881383.6561832,0,train,0.26070668114464657,0.16380591750220697,0.48665073812191967,0.35318600272189354,0.2111506138939649,0.37949369366139607,-29.52,-0.0,1.0
1768881383.6561892,0,train,0.26070668114464657,0.16380591750220697,0.48665073812191967,0.3532724393480994,0.21302606382899164,0.38592812009800254,-29.52,-0.0,1.0
1768881383.656204,0,train,0.26070668114464657,0.16380591750220697,0.48665073812191967,0.35298364281137085,0.21044425243291198,0.39165245821259026,-29.52,-0.0,1.0
1768881383.6562102,0,train,0.26070668114464657,0.16380591750220697,0.48665073812191967,0.3527035017554818,0.20959069912193318,0.39702695046103675,-29.34,-0.0,1.0
1768881383.706502,0,train,0.21475335689552766,0.13402894528403042,0.4925266170172301,0.3524800030436278,0.21304317991442712,0.40096401139759613,-29.34,-0.0,1.0
1768881383.7065105,0,train,0.21475335689552766,0.13402894528403042,0.4925266170172301,0.35261674515851976,0.21583842855347102,0.40602522004752367,-29.34,0.18,1.0
1768881383.7065163,0,train,0.21475335689552766,0.13402894528403042,0.4925266170172301,0.3521304629418778,0.20848483205593557,0.41101642410332034,-29.34,0.18,1.0
1768881383.7065213,0,train,0.21475335689552766,0.13402894528403042,0.4925266170172301,0.35136841412561276,0.21071811493227963,0.414805222117197,-29.16,0.18,1.0
1768881383.7065265,0,train,0.21475335689552766,0.13402894528403042,0.4925266170172301,0.3511212245107689,0.20626316556849023,0.42039379208746974,-29.16,0.18,1.0
1768881383.7065427,0,train,0.21475335689552766,0.13402894528403042,0.4925266170172301,0.35123507752316224,0.1966406104742724,0.4248347694361733,-29.16,0.18,1.0
1768881383.7065487,0,train,0.21475335689552766,0.13402894528403042,0.4925266170172301,0.3509391139277529,0.19137301458191527,0.4282443136388596,-29.16,0.18,1.0
1768881383.7065544,0,train,0.21475335689552766,0.13402894528403042,0.4925266170172301,0.35040415490636845,0.20494890542598854,0.4310778380060873,-28.98,0.18,1.0
1768881383.7065663,0,train,0.21475335689552766,0.13402894528403042,0.4925266170172301,0.3503179773991613,0.1999505937511416,0.43448939755009663,-28.98,0.18,1.0
1768881383.7065718,0,train,0.21475335689552766,0.13402894528403042,0.4925266170172301,0.35058057601990056,0.1940119635084562,0.4381071049878448,-28.98,0.18,1.0
1768881383.7266526,0,train,0.19863753007847063,0.11850778384213342,0.4901659576627503,0.3498767379666093,0.19097774851192337,0.4416047091918741,-28.799999999999997,0.18,1.0
1768881383.7266603,0,train,0.19863753007847063,0.11850778384213342,0.4901659576627503,0.3459827380281185,0.19158161080364708,0.4449585246202327,-28.799999999999997,0.18,1.0
1768881383.726666,0,train,0.19863753007847063,0.11850778384213342,0.4901659576627503,0.3426405728302342,0.1916868198215692,0.44851067510010884,-28.619999999999997,0.18,1.0
1768881383.7266712,0,train,0.19863753007847063,0.11850778384213342,0.4901659576627503,0.34003071229340337,0.18548546109389785,0.45124979994593817,-28.619999999999997,0.18,1.0
1768881383.7669704,0,train,0.17380158372398408,0.08377362653537579,0.47742604917391784,0.33462835166630894,0.19232753639984698,0.4535567896062201,-28.439999999999998,0.18,1.0
1768881383.7669985,0,train,0.17380158372398408,0.08377362653537579,0.47742604917391784,0.3262362824142278,0.19189978264732468,0.4565602711561999,-28.259999999999998,0.18,1.0
1768881383.7670043,0,train,0.17380158372398408,0.08377362653537579,0.47742604917391784,0.32089838501649043,0.17448825708148463,0.4595796414595243,-28.08,0.18,1.0
1768881383.767009,0,train,0.17380158372398408,0.08377362653537579,0.47742604917391784,0.3165534829316742,0.18938758595091304,0.46155360053984645,-27.9,0.18,1.0
1768881383.767014,0,train,0.17380158372398408,0.08377362653537579,0.47742604917391784,0.3080153612411554,0.18158833718093645,0.4637760784536502,-27.54,0.18,1.0
1768881383.7670188,0,train,0.17380158372398408,0.08377362653537579,0.47742604917391784,0.3018547229574793,0.18800722814526571,0.4657847187841855,-27.18,0.18,1.0
1768881383.7670238,0,train,0.17380158372398408,0.08377362653537579,0.47742604917391784,0.29597973182878085,0.1815104326892625,0.4685696147709044,-26.64,0.18,1.0
1768881383.767029,0,train,0.17380158372398408,0.08377362653537579,0.47742604917391784,0.29076891648201436,0.1794694439672921,0.4701339496792125,-26.279999999999998,0.18,1.0
1768881383.7670405,0,train,0.17380158372398408,0.08377362653537579,0.47742604917391784,0.2850424052908366,0.18044184606340147,0.47150460437720687,-25.74,0.18,1.0
1768881383.7670503,0,train,0.17380158372398408,0.08377362653537579,0.47742604917391784,0.2799350185131857,0.18321067192878235,0.4733923015205875,-25.2,0.18,1.0
1768881383.8073058,0,train,0.16213459784117884,0.04780161412011351,0.4550056147576468,0.2761464342521105,0.17790549157811272,0.4750193889086352,-24.66,0.18,1.0
1768881383.8073173,0,train,0.16213459784117884,0.04780161412011351,0.4550056147576468,0.26892198837390874,0.17834657224752679,0.47669916027532544,-23.759999999999998,0.18,1.0
1768881383.8073242,0,train,0.16213459784117884,0.04780161412011351,0.4550056147576468,0.2640971897921295,0.16989720579707795,0.4782184082622442,-23.04,0.18,1.0
1768881383.80733,0,train,0.16213459784117884,0.04780161412011351,0.4550056147576468,0.26087759879196953,0.1688361656592824,0.4795791887586092,-22.32,0.18,1.0
1768881383.8073351,0,train,0.16213459784117884,0.04780161412011351,0.4550056147576468,0.2573537669623818,0.16567332054834047,0.48090230019625857,-21.599999999999998,0.18,1.0
1768881383.8073578,0,train,0.16213459784117884,0.04780161412011351,0.4550056147576468,0.2528920494618726,0.16224139360639497,0.48184434758858796,-20.88,0.18,1.0
1768881383.8073635,0,train,0.16213459784117884,0.04780161412011351,0.4550056147576468,0.24786022773637026,0.15736438678768716,0.48313652526987977,-19.8,0.18,1.0
1768881383.8073692,0,train,0.16213459784117884,0.04780161412011351,0.4550056147576468,0.24523871146446477,0.16030350579162922,0.4838946978936204,-19.08,0.18,1.0
1768881383.8073745,0,train,0.16213459784117884,0.04780161412011351,0.4550056147576468,0.24101322794606775,0.1497752326474575,0.484612473750317,-18.0,0.18,1.0
1768881383.80738,0,train,0.16213459784117884,0.04780161412011351,0.4550056147576468,0.2370721571018215,0.14238292596506474,0.4852562147603325,-17.28,0.18,1.0
1768881383.8476617,0,train,0.1659598989185296,0.015381493093178142,0.4251747703268629,0.23375976718066063,0.1435424392516044,0.4858456315578752,-16.38,0.18,1.0
1768881383.8476713,0,train,0.1659598989185296,0.015381493093178142,0.4251747703268629,0.2304471107027139,0.1358359908934974,0.486303274936006,-15.479999999999999,0.18,1.0
1768881383.8477135,0,train,0.1659598989185296,0.015381493093178142,0.4251747703268629,0.226597070331837,0.14162936155637393,0.4867864149231918,-14.58,0.18,1.0
1768881383.8477252,0,train,0.1659598989185296,0.015381493093178142,0.4251747703268629,0.22375375027185535,0.14627218409516357,0.4861270167654914,-13.86,0.18,1.0
1768881383.8477302,0,train,0.1659598989185296,0.015381493093178142,0.4251747703268629,0.2213357485145753,0.1398738607612277,0.4855487436773774,-12.959999999999999,0.18,1.0
1768881383.8477356,0,train,0.1659598989185296,0.015381493093178142,0.4251747703268629,0.218077144730778,0.13225746412643435,0.48491942371200797,-11.879999999999999,0.18,1.0
1768881383.847741,0,train,0.1659598989185296,0.015381493093178142,0.4251747703268629,0.21446518210682122,0.1331693193629248,0.4843658354722035,-11.16,0.18,1.0
1768881383.8477464,0,train,0.1659598989185296,0.015381493093178142,0.4251747703268629,0.21170552998919676,0.12591078805967493,0.4837281961612323,-10.62,0.18,1.0
1768881383.8477519,0,train,0.1659598989185296,0.015381493093178142,0.4251747703268629,0.2096114586891829,0.12101931896913766,0.4833657966964284,-9.9,0.18,1.0
1768881383.8477607,0,train,0.1659598989185296,0.015381493093178142,0.4251747703268629,0.2071858020060547,0.10927991958923813,0.48308711634561796,-9.36,0.18,1.0
1768881383.8979976,0,train,0.19218193275246787,0.0,0.38251620497618144,0.20431776229375542,0.11668293510638662,0.48181367234244415,-9.0,0.18,1.0
1768881383.8980062,0,train,0.19218193275246787,0.0,0.38251620497618144,0.20194984343442643,0.11767047443743339,0.4807415938761314,-8.459999999999999,0.18,1.0
1768881383.8980124,0,train,0.19218193275246787,0.0,0.38251620497618144,0.19920533579184718,0.12124810544537341,0.4804163389628894,-8.1,0.18,1.0
1768881383.898031,0,train,0.19218193275246787,0.0,0.38251620497618144,0.19671855474045802,0.12366963484381978,0.4797452340619741,-7.739999999999999,0.18,1.0
1768881383.8980365,0,train,0.19218193275246787,0.0,0.38251620497618144,0.1946310769388343,0.1266143529174137,0.47850983103873296,-7.56,0.18,1.0
1768881383.898042,0,train,0.19218193275246787,0.0,0.38251620497618144,0.19271173758274304,0.11846199876679753,0.4780224588712805,-7.56,0.18,1.0
1768881383.8980536,0,train,0.19218193275246787,0.0,0.38251620497618144,0.19064171430305304,0.10117128996346136,0.47803359726671996,-7.38,0.18,1.0
1768881383.898059,0,train,0.19218193275246787,0.0,0.38251620497618144,0.18873126856868053,0.09781739825942262,0.4770332768347147,-7.56,0.18,1.0
1768881383.8980641,0,train,0.19218193275246787,0.0,0.38251620497618144,0.18662842633699542,0.09169352663044224,0.47618082413887375,-7.56,0.18,1.0
1768881383.9382787,0,train,0.22672876489425492,0.0,0.34897720991754627,0.18500758179873614,0.08669408253927739,0.47592504818723513,-7.739999999999999,0.18,1.0
1768881383.9382868,0,train,0.22672876489425492,0.0,0.34897720991754627,0.18382167214757364,0.0786417425209073,0.47567251777695047,-7.92,0.18,1.0
1768881383.9382923,0,train,0.22672876489425492,0.0,0.34897720991754627,0.18226520229076357,0.09079564081199183,0.4737749555857884,-8.1,0.18,1.0
1768881383.9382975,0,train,0.22672876489425492,0.0,0.34897720991754627,0.1811530772099691,0.08555243187558877,0.4729301668601563,-8.459999999999999,0.18,1.0
1768881383.9383194,0,train,0.22672876489425492,0.0,0.34897720991754627,0.18012415507016558,0.08665047248112288,0.47321949361620447,-8.64,0.18,1.0
1768881383.9383245,0,train,0.22672876489425492,0.0,0.34897720991754627,0.17887713186815088,0.08671146822891118,0.4729108697152037,-9.0,0.18,1.0
1768881383.9383297,0,train,0.22672876489425492,0.0,0.34897720991754627,0.1780478130597229,0.07388352587028295,0.47160776204801474,-9.18,0.18,1.0
1768881383.9383352,0,train,0.22672876489425492,0.0,0.34897720991754627,0.17674328677623405,0.055528101117031624,0.47103389836183374,-9.54,0.18,1.0
1768881383.9383404,0,train,0.22672876489425492,0.0,0.34897720991754627,0.1767916920670956,0.04260746628348321,0.47080495938642325,-9.9,0.18,1.0
1768881383.9383495,0,train,0.22672876489425492,0.0,0.34897720991754627,0.17695719814620842,0.04340459916938133,0.4697795579691585,-10.08,0.18,1.0
1768881383.9785948,0,train,0.2675802011828286,0.0,0.32048227860836725,0.17660402637708775,0.0359033968778046,0.46801180323854713,-10.26,0.18,1.0
1768881383.9786024,0,train,0.2675802011828286,0.0,0.32048227860836725,0.1763103654347588,0.0442552123436776,0.46600764664700256,-10.44,0.18,1.0
1768881383.978608,0,train,0.2675802011828286,0.0,0.32048227860836725,0.1771022521247019,0.03161312302541923,0.46397001831401646,-10.62,0.18,1.0
1768881383.9786127,0,train,0.2675802011828286,0.0,0.32048227860836725,0.17779530422135364,0.022742011984974896,0.45981529219627737,-10.98,0.18,1.0
1768881383.9786181,0,train,0.2675802011828286,0.0,0.32048227860836725,0.17828848724014476,0.014808428551230704,0.45235106904831696,-11.16,0.18,1.0
1768881383.978623,0,train,0.2675802011828286,0.0,0.32048227860836725,0.17881427216294174,0.014094931497167116,0.44602222908121036,-11.16,0.18,1.0
1768881383.9786289,0,train,0.2675802011828286,0.0,0.32048227860836725,0.1798823681031952,0.009249658339891689,0.4411458713192378,-11.34,0.18,1.0
1768881383.9786344,0,train,0.2675802011828286,0.0,0.32048227860836725,0.1804796270654529,0.017287996927381866,0.4351561398924531,-11.34,0.18,1.0
1768881383.9786453,0,train,0.2675802011828286,0.0,0.32048227860836725,0.18087194471090748,0.004471427041786704,0.42655542022951787,-11.34,0.18,1.0
1768881383.9786503,0,train,0.2675802011828286,0.0,0.32048227860836725,0.1819427787773609,0.008378256491137532,0.420293358055447,-11.34,0.18,1.0
1768881384.018931,0,train,0.3078622611037035,0.0017174507152881852,0.30080653981565203,0.18205145518433075,-0.0003144924831374925,0.41588706522533647,-11.34,0.18,1.0
1768881384.0189428,0,train,0.3078622611037035,0.0017174507152881852,0.30080653981565203,0.18248327348397406,-0.014162416900313933,0.4069453859413222,-11.34,0.18,1.0
1768881384.0189707,0,train,0.3078622611037035,0.0017174507152881852,0.30080653981565203,0.18260291051783245,-0.004229469739404725,0.40152724660339667,-11.34,0.18,1.0
1768881384.0189762,0,train,0.3078622611037035,0.0017174507152881852,0.30080653981565203,0.18279769515610522,-0.022221534734073956,0.3976060535664066,-11.16,0.18,1.0
1768881384.0189815,0,train,0.3078622611037035,0.0017174507152881852,0.30080653981565203,0.18467634787554135,-0.014331130560779504,0.39238177337827,-11.16,0.18,1.0
1768881384.0190032,0,train,0.3078622611037035,0.0017174507152881852,0.30080653981565203,0.18535980475413433,-0.0050587668554127364,0.38708035533165364,-10.98,-0.0,1.0
1768881384.0190089,0,train,0.3078622611037035,0.0017174507152881852,0.30080653981565203,0.18617078070475415,-0.012530598271157352,0.38221920210175553,-10.98,-0.0,1.0
1768881384.0190144,0,train,0.3078622611037035,0.0017174507152881852,0.30080653981565203,0.18746221594911017,-0.01154110838651137,0.3788735981064938,-10.799999999999999,-0.0,1.0
1768881384.0190198,0,train,0.3078622611037035,0.0017174507152881852,0.30080653981565203,0.19461208050495976,-0.007076388113674572,0.3726697779859608,-10.799999999999999,-0.0,1.0
1768881384.019025,0,train,0.3078622611037035,0.0017174507152881852,0.30080653981565203,0.1982305631243182,-0.004616711945413359,0.3685542718489946,-10.799999999999999,-0.0,1.0
1768881384.0695293,0,train,0.3465216708567871,0.04140783854101692,0.29282658606559686,0.20117794740101333,-0.004104674751637551,0.364966091202308,-10.62,-0.0,1.0
1768881384.069559,0,train,0.3465216708567871,0.04140783854101692,0.29282658606559686,0.2069661300458704,-0.006342543793596282,0.3619795652525564,-10.62,-0.0,1.0
1768881384.069582,0,train,0.3465216708567871,0.04140783854101692,0.29282658606559686,0.2148731807948873,-0.018095440550653305,0.358550967419632,-10.799999999999999,0.18,1.0
1768881384.0696018,0,train,0.3465216708567871,0.04140783854101692,0.29282658606559686,0.2213829024224063,-0.017219635673878554,0.3540658536041837,-10.98,0.18,1.0
1768881384.0696099,0,train,0.3465216708567871,0.04140783854101692,0.29282658606559686,0.22604789782791102,-0.020931232177948948,0.35113797216144843,-10.98,0.18,1.0
1768881384.0696154,0,train,0.3465216708567871,0.04140783854101692,0.29282658606559686,0.2352673523763057,-0.014965841695080489,0.34749998626782846,-11.34,0.18,1.0
1768881384.0696216,0,train,0.3465216708567871,0.04140783854101692,0.29282658606559686,0.24216194877467526,-0.00835118886737193,0.3438340282305335,-11.52,0.18,1.0
1768881384.0696273,0,train,0.3465216708567871,0.04140783854101692,0.29282658606559686,0.24622675449645712,-0.010893887552276054,0.3407214580385116,-11.879999999999999,0.18,1.0
1768881384.069633,0,train,0.3465216708567871,0.04140783854101692,0.29282658606559686,0.25182566074150947,-0.019411566845533076,0.3380168121122131,-12.42,0.18,1.0
1768881384.069644,0,train,0.3465216708567871,0.04140783854101692,0.29282658606559686,0.25875215727047735,-0.02125101506955098,0.33494698964188707,-12.78,0.18,1.0
