timestamp,segment_id,mode,cmd_DF,cmd_F,cmd_G,meas_pres_DF,meas_pres_F,meas_pres_G,meas_ang_wrist,meas_ang_hand,p_flag
1768879441.3396447,0,train,0.24353849044716952,0.30796404603767025,0.25947011805797315,0.005559447642901461,-0.03597294135412034,-0.004066840831487346,0.0,0.18,1.0
1768879441.3396618,0,train,0.24353849044716952,0.30796404603767025,0.25947011805797315,-0.012687305405978563,-0.030078487192322673,-0.0061469546388127835,0.0,0.18,1.0
1768879441.3396702,0,train,0.24353849044716952,0.30796404603767025,0.25947011805797315,-0.021700856217095086,-0.020564181564012927,-0.010203396436190353,0.0,0.18,1.0
1768879441.3396778,0,train,0.24353849044716952,0.30796404603767025,0.25947011805797315,-0.00236967482870483,-0.01737688577311889,-0.009598454719115907,0.0,0.18,1.0
1768879441.339685,0,train,0.24353849044716952,0.30796404603767025,0.25947011805797315,-0.00894616108728586,-0.020062595441188977,-0.004167203876128165,0.0,0.18,1.0
1768879441.3396912,0,train,0.24353849044716952,0.30796404603767025,0.25947011805797315,-0.021239343694318066,-0.020042045980094916,-0.008759023481903676,0.0,0.18,1.0
1768879441.3396976,0,train,0.24353849044716952,0.30796404603767025,0.25947011805797315,-0.02264247844011024,-0.012268435361955429,-0.0063990239206315105,0.0,0.18,1.0
1768879441.339704,0,train,0.24353849044716952,0.30796404603767025,0.25947011805797315,-0.02953717256190669,-0.002949191500276395,-0.0035941506548445956,0.0,0.18,1.0
1768879441.3397098,0,train,0.24353849044716952,0.30796404603767025,0.25947011805797315,-0.013062726930196448,0.0027637620718607503,-0.009615067494437536,0.0,0.18,1.0
1768879441.3397155,0,train,0.24353849044716952,0.30796404603767025,0.25947011805797315,-0.009457874646333114,-0.0054762728707033895,-0.010217251136047016,0.0,0.18,1.0
1768879441.3801744,0,train,0.2367388725845973,0.3008865719371022,0.25217973875369387,-0.022643571790641682,-0.0071746636300943694,-0.006252282877665667,0.0,0.18,1.0
1768879441.380192,0,train,0.2367388725845973,0.3008865719371022,0.25217973875369387,-0.01165956720647124,-0.003870748603719166,-0.008543453250457075,0.0,0.18,1.0
1768879441.3802009,0,train,0.2367388725845973,0.3008865719371022,0.25217973875369387,-0.01144920893994146,-0.005427163124039847,0.001303631519484214,0.0,0.18,1.0
1768879441.3802078,0,train,0.2367388725845973,0.3008865719371022,0.25217973875369387,-0.014320988405003,-0.009096073930034455,-0.003582470037760374,0.0,0.18,1.0
1768879441.3802142,0,train,0.2367388725845973,0.3008865719371022,0.25217973875369387,-0.006337926057877834,-0.0244915424614635,0.002940403403525603,0.0,0.18,1.0
1768879441.3802202,0,train,0.2367388725845973,0.3008865719371022,0.25217973875369387,-0.006854836384626086,-0.011708595657970439,0.0008289301775548323,0.0,0.18,1.0
1768879441.3802266,0,train,0.2367388725845973,0.3008865719371022,0.25217973875369387,-0.017348858188575417,-0.013830240300607553,0.0002819260634004011,0.0,0.18,1.0
1768879441.3802342,0,train,0.2367388725845973,0.3008865719371022,0.25217973875369387,-0.014790200988601272,-0.012625164342371268,0.0023399195035458133,0.0,0.18,1.0
1768879441.3802402,0,train,0.2367388725845973,0.3008865719371022,0.25217973875369387,-0.012294203204813153,-0.010813761419728717,0.005310251704785881,0.0,0.18,1.0
1768879441.3802462,0,train,0.2367388725845973,0.3008865719371022,0.25217973875369387,-0.0009556283632254939,-0.006823000583736273,-0.0023788484893319905,0.0,0.18,1.0
1768879441.4204175,0,train,0.23204679295718383,0.29580708032631997,0.24679878368110822,-0.01256093274423962,-0.003536419768960062,-0.00583282966509008,0.0,0.18,1.0
1768879441.420435,0,train,0.23204679295718383,0.29580708032631997,0.24679878368110822,0.0033655463726452997,-0.0003281134451203686,-0.015204382386980296,0.0,0.18,1.0
1768879441.420443,0,train,0.23204679295718383,0.29580708032631997,0.24679878368110822,0.002512493781208475,-0.00751916557833895,-0.015771764448195762,0.0,0.18,1.0
1768879441.4204493,0,train,0.23204679295718383,0.29580708032631997,0.24679878368110822,-0.005845489565278975,-0.00810794610643068,-0.014378039749221203,0.0,0.18,1.0
1768879441.4204552,0,train,0.23204679295718383,0.29580708032631997,0.24679878368110822,0.0029684235469910427,-0.006647066447112685,-0.013566243091964468,0.0,0.18,1.0
1768879441.4204628,0,train,0.23204679295718383,0.29580708032631997,0.24679878368110822,-0.004523396497195713,-0.010787615865883813,-0.011835947289634864,0.0,0.18,1.0
1768879441.4204693,0,train,0.23204679295718383,0.29580708032631997,0.24679878368110822,-0.005573726495626714,-0.0037480647018008776,-0.009446304088307367,0.0,0.18,1.0
1768879441.4204757,0,train,0.23204679295718383,0.29580708032631997,0.24679878368110822,0.010929832250143998,-0.0030404927748848842,-0.017151395303842104,0.0,0.18,1.0
1768879441.4205081,0,train,0.23204679295718383,0.29580708032631997,0.24679878368110822,-0.004459764570064948,-0.01056587854041344,-0.009886291819365896,0.0,0.18,1.0
1768879441.420514,0,train,0.23204679295718383,0.29580708032631997,0.24679878368110822,-0.009714339293445493,-0.007444055343911189,-0.0059328307378164495,0.0,0.18,1.0
1768879441.470745,0,train,0.2293772960264568,0.29249091426348,0.24297354011919817,-0.007166560719656139,0.00098643417935922,-0.005816885959822485,0.0,0.18,1.0
1768879441.4707565,0,train,0.2293772960264568,0.29249091426348,0.24297354011919817,-0.01873274543460645,-0.002120038152037201,0.0018799178117228758,0.0,0.18,1.0
1768879441.4707863,0,train,0.2293772960264568,0.29249091426348,0.24297354011919817,-0.019054396712580864,-0.0050137658025712385,0.0009966491908683965,0.0,0.18,1.0
1768879441.470793,0,train,0.2293772960264568,0.29249091426348,0.24297354011919817,-0.005195342806245301,-0.008917670078511004,0.004763886224308567,0.0,0.18,1.0
1768879441.470804,0,train,0.2293772960264568,0.29249091426348,0.24297354011919817,-0.011289888665185113,-0.015221532924985303,0.0003670077617178863,0.0,0.18,1.0
1768879441.470809,0,train,0.2293772960264568,0.29249091426348,0.24297354011919817,-0.009416608091966835,-0.0022941207239981537,0.0004883255616283274,0.0,0.18,1.0
1768879441.470815,0,train,0.2293772960264568,0.29249091426348,0.24297354011919817,-0.023487536321939558,-0.005992685195900399,-0.00882539880767065,0.0,0.18,1.0
1768879441.470821,0,train,0.2293772960264568,0.29249091426348,0.24297354011919817,-0.03089248939347142,-0.008384980022754899,-0.005569689993462089,0.0,0.18,1.0
1768879441.470827,0,train,0.2293772960264568,0.29249091426348,0.24297354011919817,-0.018623449067386423,-0.015995261091040373,-0.004737705868878704,0.0,0.18,1.0
1768879441.4708378,0,train,0.2293772960264568,0.29249091426348,0.24297354011919817,-0.014516952022562011,-0.01627365352652411,-0.006922675460788611,0.0,0.18,1.0
1768879441.5110173,0,train,0.2299359875428319,0.29240156162409897,0.24236938540566177,-0.012858632426791531,-0.01966668689758204,-0.01136979836554064,0.0,0.18,1.0
1768879441.511028,0,train,0.2299359875428319,0.29240156162409897,0.24236938540566177,-0.014102091049131241,-0.007112527574477087,-0.007294057267828991,0.0,0.18,1.0
1768879441.511034,0,train,0.2299359875428319,0.29240156162409897,0.24236938540566177,-0.009211420756879054,-0.007535477521185357,-0.006243265941530681,0.0,0.18,1.0
1768879441.5110395,0,train,0.2299359875428319,0.29240156162409897,0.24236938540566177,-0.008914598448666792,-0.012249565148156883,-0.008246154139809444,0.0,0.18,1.0
1768879441.511045,0,train,0.2299359875428319,0.29240156162409897,0.24236938540566177,-0.0019299732699909259,-0.010891864618172419,-0.011596482187075492,0.0,0.18,1.0
1768879441.5110497,0,train,0.2299359875428319,0.29240156162409897,0.24236938540566177,-0.008598535652876566,-0.022089168978052073,-0.014782997237148996,0.0,0.18,1.0
1768879441.5110912,0,train,0.2299359875428319,0.29240156162409897,0.24236938540566177,-0.015225589696706891,-0.023329751713163087,-0.012661956644417558,0.0,0.18,1.0
1768879441.5110977,0,train,0.2299359875428319,0.29240156162409897,0.24236938540566177,-0.012202361264659525,-0.011897367653881176,-0.008414884560998903,0.0,0.18,1.0
1768879441.5111032,0,train,0.2299359875428319,0.29240156162409897,0.24236938540566177,-0.014442569311194985,-0.010414671322508907,-0.010173654004131193,0.0,0.18,1.0
1768879441.511109,0,train,0.2299359875428319,0.29240156162409897,0.24236938540566177,-0.01962159708186691,-0.005953654404153373,-0.010344665371449381,0.0,0.18,1.0
1768879441.5513964,0,train,0.23296640771479338,0.29466985732523254,0.24402771042819937,0.00028241581943284086,-0.011028619944216177,-0.005914658830941564,0.0,0.18,1.0
1768879441.5514178,0,train,0.23296640771479338,0.29466985732523254,0.24402771042819937,-0.013643305636095886,-0.008905521319532374,-0.008393910078604672,0.0,0.18,1.0
1768879441.5514307,0,train,0.23296640771479338,0.29466985732523254,0.24402771042819937,-0.00782444100619269,-0.012344066900366152,-0.006449948189919554,0.0,0.18,1.0
1768879441.5514367,0,train,0.23296640771479338,0.29466985732523254,0.24402771042819937,0.004800049986602648,-0.022924554189445206,0.0002154278304490275,0.0,0.18,1.0
1768879441.5514426,0,train,0.23296640771479338,0.29466985732523254,0.24402771042819937,-0.01616814392563661,-0.023237083412093542,-5.9678236309302035e-05,0.0,0.18,1.0
1768879441.5514483,0,train,0.23296640771479338,0.29466985732523254,0.24402771042819937,-0.02683744359863998,-0.023002070861868482,-0.006027254961035089,0.0,0.18,1.0
1768879441.5514543,0,train,0.23296640771479338,0.29466985732523254,0.24402771042819937,-0.024155223019978432,-0.017601304830354575,-0.005785488022600015,0.0,0.18,1.0
1768879441.5514598,0,train,0.23296640771479338,0.29466985732523254,0.24402771042819937,-0.002467533336210325,-0.016326158083509085,-0.006335756302028541,0.0,0.18,1.0
1768879441.5514653,0,train,0.23296640771479338,0.29466985732523254,0.24402771042819937,-0.012007962721438996,-0.016514612888065695,0.0014393938987477106,0.0,0.18,1.0
1768879441.551476,0,train,0.23296640771479338,0.29466985732523254,0.24402771042819937,-0.002393739292553925,-0.017957290953770043,-0.007936609024218153,0.0,0.18,1.0
1768879441.5917017,0,train,0.2384776857715814,0.29931649014731837,0.24797698676579127,0.0013643464916727683,-0.01825284170704615,-0.0049569978401113705,0.0,0.18,1.0
1768879441.591712,0,train,0.2384776857715814,0.29931649014731837,0.24797698676579127,0.010163044508999616,-0.013961096155252763,-0.0008795772149316841,0.0,0.18,1.0
1768879441.5917187,0,train,0.2384776857715814,0.29931649014731837,0.24797698676579127,-0.0009295354243093887,-0.01389072711165334,-0.003635436660095593,0.0,0.18,1.0
1768879441.5917244,0,train,0.2384776857715814,0.29931649014731837,0.24797698676579127,0.011607009306813508,-0.02076066259959826,-0.0017213126264360634,0.0,0.18,1.0
1768879441.5917294,0,train,0.2384776857715814,0.29931649014731837,0.24797698676579127,0.008248844477760111,-0.012829094810700416,-0.0021016752149981416,0.0,0.18,1.0
1768879441.5917578,0,train,0.2384776857715814,0.29931649014731837,0.24797698676579127,-0.008856544088182794,-0.011950734124984982,-0.004329036523337298,0.0,0.18,1.0
1768879441.591764,0,train,0.2384776857715814,0.29931649014731837,0.24797698676579127,-0.016950133394799186,-0.013503317284120655,-0.0025279718080079313,0.0,0.18,1.0
1768879441.5917695,0,train,0.2384776857715814,0.29931649014731837,0.24797698676579127,-0.02090730946511975,-0.009690379920229013,-0.008015549078953433,0.0,0.18,1.0
1768879441.5917747,0,train,0.2384776857715814,0.29931649014731837,0.24797698676579127,-0.03162216449965642,-0.0074139352126181435,-0.005391166625834127,0.0,0.18,1.0
1768879441.591786,0,train,0.2384776857715814,0.29931649014731837,0.24797698676579127,-0.01867882088184861,-0.01621965033585288,-0.0010839468463793999,0.0,0.18,1.0
1768879441.642037,0,train,0.24873912396670766,0.30838237307889976,0.2560692330414238,-0.010373458782570627,-0.010605359699827928,0.003968352946822218,0.0,0.18,1.0
1768879441.6420467,0,train,0.24873912396670766,0.30838237307889976,0.2560692330414238,-0.009775442521699743,0.00419925443555584,-0.0007433255990684712,0.0,0.18,1.0
1768879441.642065,0,train,0.24873912396670766,0.30838237307889976,0.2560692330414238,0.005599826683440346,-0.002097520460342513,-0.009062209155322661,0.0,0.18,1.0
1768879441.6420703,0,train,0.24873912396670766,0.30838237307889976,0.2560692330414238,0.012555632181350095,-0.00042442759677313135,-0.008704796972264553,0.0,0.18,1.0
1768879441.642075,0,train,0.24873912396670766,0.30838237307889976,0.2560692330414238,-0.004506064386908196,-0.007427849709388673,0.001092447216522548,0.0,0.18,1.0
1768879441.64208,0,train,0.24873912396670766,0.30838237307889976,0.2560692330414238,-0.003767044951965141,-0.02760829743708612,-0.006441463984793521,0.0,0.18,1.0
1768879441.6420853,0,train,0.24873912396670766,0.30838237307889976,0.2560692330414238,-0.005555677123615752,-0.03163203341714492,-0.012501584801803668,0.0,0.18,1.0
1768879441.6420994,0,train,0.24873912396670766,0.30838237307889976,0.2560692330414238,0.0020402110805910678,-0.03215254188831768,-0.013085200186119545,0.0,0.18,1.0
1768879441.642105,0,train,0.24873912396670766,0.30838237307889976,0.2560692330414238,-0.004349558780204581,-0.0259417158821302,-0.009277026222312582,0.0,0.18,1.0
1768879441.64211,0,train,0.24873912396670766,0.30838237307889976,0.2560692330414238,-0.008840136549354125,-0.01783680087428308,-0.0023550237064246166,0.0,0.18,1.0
1768879441.682344,0,train,0.2594918882757879,0.31811619792821527,0.2649636316320149,0.003348914447323419,-0.01633932819091988,0.0002033941392443996,0.0,0.18,1.0
1768879441.6823535,0,train,0.2594918882757879,0.31811619792821527,0.2649636316320149,-0.013868226463570572,-0.017450749446650322,0.0013088192205738273,0.0,0.18,1.0
1768879441.682359,0,train,0.2594918882757879,0.31811619792821527,0.2649636316320149,0.0013536274670783222,-0.013542843161403433,-0.006518864477288012,0.0,0.18,1.0
1768879441.6823642,0,train,0.2594918882757879,0.31811619792821527,0.2649636316320149,-0.00908187998329587,-0.006665980196561023,-0.002644250867334144,0.0,0.18,1.0
1768879441.6823826,0,train,0.2594918882757879,0.31811619792821527,0.2649636316320149,0.001166608957706145,-0.006037932217516999,0.002884104015128131,0.0,0.18,1.0
1768879441.6823878,0,train,0.2594918882757879,0.31811619792821527,0.2649636316320149,-0.00843193809326376,-0.012841483207914124,0.002196512635658369,0.0,0.18,1.0
1768879441.682394,0,train,0.2594918882757879,0.31811619792821527,0.2649636316320149,0.0015768129395196074,-0.018285783182251353,0.0030809334317367394,0.0,0.18,1.0
1768879441.6824052,0,train,0.2594918882757879,0.31811619792821527,0.2649636316320149,0.0050923238487960145,-0.03114811947896633,-0.007771785555234216,0.0,0.18,1.0
1768879441.6824107,0,train,0.2594918882757879,0.31811619792821527,0.2649636316320149,-0.005058339604460272,-0.022302375889084687,-0.004020050741016594,0.0,0.18,1.0
1768879441.6824164,0,train,0.2594918882757879,0.31811619792821527,0.2649636316320149,-0.00420408293387209,-0.027617983080626206,-0.0013793447463457994,0.0,0.18,1.0
1768879441.7226672,0,train,0.2722742744069586,0.32986058572022153,0.275841670048472,0.011171491067148749,-0.018126340986255946,0.00209953399206412,0.0,0.18,1.0
1768879441.7226882,0,train,0.2722742744069586,0.32986058572022153,0.275841670048472,0.01407789655024281,-0.012120619277212464,0.008525516408229532,0.0,0.18,1.0
1768879441.7226942,0,train,0.2722742744069586,0.32986058572022153,0.275841670048472,-0.0009812134088756858,-0.015134581876003198,-0.0022085518468885385,0.0,0.18,1.0
1768879441.7227015,0,train,0.2722742744069586,0.32986058572022153,0.275841670048472,-0.011053617099832064,-0.012021356986161899,-0.00300572128698342,0.0,0.18,1.0
1768879441.7227075,0,train,0.2722742744069586,0.32986058572022153,0.275841670048472,-0.0035248641651002784,-0.0008211878122577171,-0.008467768174696685,0.0,0.18,1.0
1768879441.722714,0,train,0.2722742744069586,0.32986058572022153,0.275841670048472,-0.017879165499758713,-0.007287143242626181,-0.004215423607649298,0.0,0.18,1.0
1768879441.7227192,0,train,0.2722742744069586,0.32986058572022153,0.275841670048472,-0.013028276914785331,-0.005250106680102319,-0.012783642771207925,0.0,0.18,1.0
1768879441.7227292,0,train,0.2722742744069586,0.32986058572022153,0.275841670048472,-0.015760996042859226,-0.003698274762095216,-0.007218827101751258,0.0,0.18,1.0
1768879441.7227347,0,train,0.2722742744069586,0.32986058572022153,0.275841670048472,-0.017340074607635467,0.004576504675865498,-0.004204566019001652,0.0,0.18,1.0
1768879441.7227397,0,train,0.2722742744069586,0.32986058572022153,0.275841670048472,0.0009406511854935694,-0.0071005406515912105,-0.005421152005796939,0.0,0.18,1.0
1768879441.773028,0,train,0.2906694525676874,0.3469943695097635,0.2919015607680324,0.0011880381921721285,-0.013796046080803372,-0.005589062925152987,0.0,0.18,1.0
1768879441.7730381,0,train,0.2906694525676874,0.3469943695097635,0.2919015607680324,0.01046006284882013,-0.011438806970734709,0.0005296290232181045,0.0,0.18,1.0
1768879441.7730448,0,train,0.2906694525676874,0.3469943695097635,0.2919015607680324,-0.002064554084365664,-0.0017920264585119907,-0.0025617746478532252,0.0,0.18,1.0
1768879441.7730668,0,train,0.2906694525676874,0.3469943695097635,0.2919015607680324,-0.006774925821772676,-0.019158095652398777,-0.011097941042851207,0.0,0.18,1.0
1768879441.7730823,0,train,0.2906694525676874,0.3469943695097635,0.2919015607680324,-0.01037318291961936,-0.008120114090727694,-0.006366279159719881,0.0,0.18,1.0
1768879441.7730885,0,train,0.2906694525676874,0.3469943695097635,0.2919015607680324,-0.013929943491607262,-0.004673490670960886,-0.006957032184805787,0.0,0.18,1.0
1768879441.7730937,0,train,0.2906694525676874,0.3469943695097635,0.2919015607680324,-0.015157083338554448,-0.009996575147947375,-0.0037579806466807304,0.0,0.18,1.0
1768879441.773099,0,train,0.2906694525676874,0.3469943695097635,0.2919015607680324,0.0025851374720337146,-0.001504470444726092,-0.0060586948450772095,0.0,0.18,1.0
1768879441.7731047,0,train,0.2906694525676874,0.3469943695097635,0.2919015607680324,-0.00978546041376338,-0.012190231806000013,-0.014366290601579339,0.0,0.18,1.0
1768879441.8133051,0,train,0.30686437284972207,0.36226899473231267,0.30636969059855285,-0.014317105563584199,-0.0030783762418824783,-0.015268997747170419,0.0,0.18,1.0
1768879441.813314,0,train,0.30686437284972207,0.36226899473231267,0.30636969059855285,-0.018899039033196795,-0.007014468519845792,-0.015620257358143331,0.0,0.18,1.0
1768879441.8133202,0,train,0.30686437284972207,0.36226899473231267,0.30636969059855285,-0.010831727596475065,-0.0159214644716422,-0.015715836484563546,0.0,0.18,1.0
1768879441.8133256,0,train,0.30686437284972207,0.36226899473231267,0.30636969059855285,-0.012627298758831793,-0.022889081812286213,-0.015529865874942702,0.0,0.18,1.0
1768879441.813331,0,train,0.30686437284972207,0.36226899473231267,0.30636969059855285,-0.016295919890143874,-0.009387146163820371,-0.019358410572619368,0.0,0.18,1.0
1768879441.8133361,0,train,0.30686437284972207,0.36226899473231267,0.30636969059855285,0.001724105140563093,-0.014765967818212584,-0.015022537444403915,0.0,0.18,1.0
1768879441.8133414,0,train,0.30686437284972207,0.36226899473231267,0.30636969059855285,0.001582261923145196,-0.013120027201951243,-0.01153428831268039,0.0,0.18,1.0
1768879441.8133593,0,train,0.30686437284972207,0.36226899473231267,0.30636969059855285,-0.014693935357540757,-0.01064781012430829,-0.01125403301783508,0.0,0.18,1.0
1768879441.813365,0,train,0.30686437284972207,0.36226899473231267,0.30636969059855285,-0.008716358020302841,-0.011696110706886451,-0.0007686652623466496,0.0,0.18,1.0
1768879441.8133702,0,train,0.30686437284972207,0.36226899473231267,0.30636969059855285,-0.013839955639001226,-0.015677604818851436,-0.006057189255553635,0.0,0.18,1.0
1768879441.853652,0,train,0.3239291886716185,0.37855011967133506,0.32193511289721194,-0.01805221334013589,-0.008918246845449796,-0.006417748842827433,0.0,0.18,1.0
1768879441.8536613,0,train,0.3239291886716185,0.37855011967133506,0.32193511289721194,-0.004843998424332412,-0.004506504072264831,-0.008091863488022464,0.0,0.18,1.0
1768879441.853693,0,train,0.3239291886716185,0.37855011967133506,0.32193511289721194,-0.008136636852578016,-0.006480035751940819,-0.007960918767277555,0.0,0.18,1.0
1768879441.8536994,0,train,0.3239291886716185,0.37855011967133506,0.32193511289721194,-0.01716298208592933,-0.0033750853122927575,-0.010071012376913591,0.0,0.18,1.0
1768879441.8537107,0,train,0.3239291886716185,0.37855011967133506,0.32193511289721194,-0.013858782361941244,-0.01085363646176771,-0.007738243248447933,0.0,0.18,1.0
1768879441.853716,0,train,0.3239291886716185,0.37855011967133506,0.32193511289721194,0.004438942151270815,-0.009116049963320653,-0.00635741771190567,0.0,0.18,1.0
1768879441.8537219,0,train,0.3239291886716185,0.37855011967133506,0.32193511289721194,0.002259596738868958,-0.012107831817440967,-0.007840336814341231,0.0,0.18,1.0
1768879441.8537273,0,train,0.3239291886716185,0.37855011967133506,0.32193511289721194,-0.00946090718157515,-0.011680270822438561,-0.004027573381362357,0.0,0.18,1.0
1768879441.8537328,0,train,0.3239291886716185,0.37855011967133506,0.32193511289721194,-0.005244472857825561,-0.007327222969011427,0.003531610560749694,0.0,0.18,1.0
1768879441.8537426,0,train,0.3239291886716185,0.37855011967133506,0.32193511289721194,-0.0034948652852884884,-0.004542217950019633,0.004510002528044872,0.0,0.18,1.0
1768879441.8939385,0,train,0.341360500400848,0.3953933329069033,0.33819938434837454,-0.013532423998287291,-0.011285214506618168,0.0058427577375405595,0.0,0.18,1.0
1768879441.8939483,0,train,0.341360500400848,0.3953933329069033,0.33819938434837454,-0.019319862284168463,-0.013880762792893353,0.0028307606931330677,0.0,0.18,1.0
1768879441.8939545,0,train,0.341360500400848,0.3953933329069033,0.33819938434837454,-0.014073174322217857,-0.017093142735244322,-0.009756277005470444,0.0,0.18,1.0
1768879441.8939598,0,train,0.341360500400848,0.3953933329069033,0.33819938434837454,-0.007362711256717769,-0.010945502650611056,-0.010809425659338814,0.0,0.18,1.0
1768879441.8939652,0,train,0.341360500400848,0.3953933329069033,0.33819938434837454,-0.0060509139680542876,-0.012230588192993603,-0.003083246614741888,0.0,0.18,1.0
1768879441.8939705,0,train,0.341360500400848,0.3953933329069033,0.33819938434837454,-0.007110308161017155,-0.01018692596899733,0.00010307527355130514,0.0,0.18,1.0
1768879441.8939893,0,train,0.341360500400848,0.3953933329069033,0.33819938434837454,0.00804380846477686,-0.012049713938311913,-0.0023359818897312158,0.0,0.18,1.0
1768879441.8939953,0,train,0.341360500400848,0.3953933329069033,0.33819938434837454,-0.002133223433440299,-0.006726736990209478,-0.005746437424874929,0.0,0.18,1.0
1768879441.8940012,0,train,0.341360500400848,0.3953933329069033,0.33819938434837454,0.010903351719825228,-0.009322309503796587,0.004741944479753498,0.0,0.18,1.0
1768879441.8940067,0,train,0.341360500400848,0.3953933329069033,0.33819938434837454,0.01910727009142483,-0.0034984312896521683,0.0033301172602803555,0.0,0.18,1.0
1768879441.9443808,0,train,0.3628660229020375,0.4165287510268975,0.3588747298148596,0.02064740314072505,0.005107742526247851,-0.0011340612969519329,0.0,0.18,1.0
1768879441.9443922,0,train,0.3628660229020375,0.4165287510268975,0.3588747298148596,0.01831813712762944,-0.0060026669051638434,-0.00803874663331854,0.0,0.18,1.0
1768879441.9443986,0,train,0.3628660229020375,0.4165287510268975,0.3588747298148596,0.008038120363633081,-0.006249022842204468,-0.006360415855396061,0.0,0.18,1.0
1768879441.9444234,0,train,0.3628660229020375,0.4165287510268975,0.3588747298148596,0.015529644742198685,-0.016029371694571477,-0.002931617010792047,0.0,0.18,1.0
1768879441.9444287,0,train,0.3628660229020375,0.4165287510268975,0.3588747298148596,0.0027668427145142406,-0.0181266405066544,-0.009746825595331231,0.0,0.18,1.0
1768879441.944434,0,train,0.3628660229020375,0.4165287510268975,0.3588747298148596,-0.0034477158170690848,-0.014898743049496174,-0.018048364516512427,0.0,0.18,1.0
1768879441.9444401,0,train,0.3628660229020375,0.4165287510268975,0.3588747298148596,-0.0033797362561115824,-0.0067139889569473015,-0.008006095231143118,0.0,0.18,1.0
1768879441.9444458,0,train,0.3628660229020375,0.4165287510268975,0.3588747298148596,-0.013738085388556174,-0.009681151398770621,-0.009254807962039225,0.0,0.18,1.0
1768879441.9444518,0,train,0.3628660229020375,0.4165287510268975,0.3588747298148596,-0.004678238525966654,-0.00643119087106957,-0.006744826767591839,0.0,0.18,1.0
1768879441.944457,0,train,0.3628660229020375,0.4165287510268975,0.3588747298148596,0.005480854140077308,-0.010862142503060473,-0.007925595945827363,0.0,0.18,1.0
1768879441.9846768,0,train,0.37915210621845746,0.4328806993521273,0.375126547120775,-0.009604558642977644,-0.012209069219986162,-0.009480160965189931,0.0,0.18,1.0
1768879441.9846883,0,train,0.37915210621845746,0.4328806993521273,0.375126547120775,-0.01193296591634955,-0.005329390213301088,-0.011282842175806738,0.0,0.18,1.0
1768879441.984695,0,train,0.37915210621845746,0.4328806993521273,0.375126547120775,0.0033981798171278683,-0.012465318476367448,-0.012584359356972977,0.0,0.18,1.0
1768879441.984701,0,train,0.37915210621845746,0.4328806993521273,0.375126547120775,0.011383219724775682,-0.012843388981122864,-0.009064770567050991,0.0,0.18,1.0
1768879441.9847062,0,train,0.37915210621845746,0.4328806993521273,0.375126547120775,-0.002914715639835118,-0.0027623525887946693,-0.011006993277309609,0.0,0.18,1.0
1768879441.984711,0,train,0.37915210621845746,0.4328806993521273,0.375126547120775,0.007415139275375534,-0.008637297133532612,-0.017183199108054412,0.0,0.18,1.0
1768879441.9847162,0,train,0.37915210621845746,0.4328806993521273,0.375126547120775,0.015661641835146036,-0.010154489015960153,-0.009862807271413669,0.0,0.18,1.0
1768879441.9847383,0,train,0.37915210621845746,0.4328806993521273,0.375126547120775,0.005037876989587816,-0.005029744349331701,-0.0043847829800203525,0.0,0.18,1.0
1768879441.9847443,0,train,0.37915210621845746,0.4328806993521273,0.375126547120775,-0.0008593660440681086,-0.014862357180883261,-0.009031639067807429,0.0,0.18,1.0
1768879441.9847498,0,train,0.37915210621845746,0.4328806993521273,0.375126547120775,-0.0008089112407482622,-0.010892022497242686,-0.009804273309835873,0.0,0.18,1.0
1768879442.0249248,0,train,0.3940082532873703,0.44818010952180387,0.3906111817350177,-0.00326842420943234,-0.004295530553611528,-0.011624564840728085,0.0,0.18,1.0
1768879442.024934,0,train,0.3940082532873703,0.44818010952180387,0.3906111817350177,-0.0011336194899696577,0.0010711468143104461,-0.009328278554549404,0.0,0.18,1.0
1768879442.02494,0,train,0.3940082532873703,0.44818010952180387,0.3906111817350177,0.010754002112550998,-0.003455705483727981,-0.012362785924824307,0.0,0.18,1.0
1768879442.0249453,0,train,0.3940082532873703,0.44818010952180387,0.3906111817350177,0.001310855140558932,-0.0011315304011692657,-0.016107539355582706,0.0,0.18,1.0
1768879442.0249636,0,train,0.3940082532873703,0.44818010952180387,0.3906111817350177,-0.002694059548468455,-0.0035176229331772163,-0.007115096327660056,0.0,0.18,1.0
1768879442.0249686,0,train,0.3940082532873703,0.44818010952180387,0.3906111817350177,0.0019432776233313145,-0.013689396063795779,-0.009048759913749527,0.0,0.18,1.0
1768879442.024974,0,train,0.3940082532873703,0.44818010952180387,0.3906111817350177,-0.01351613390211209,-0.020629957891280103,-0.017084504069007276,0.0,0.18,1.0
1768879442.0249798,0,train,0.3940082532873703,0.44818010952180387,0.3906111817350177,-0.0064272344876036246,-0.022669371794361622,-0.009279043161044756,0.0,0.18,1.0
1768879442.024985,0,train,0.3940082532873703,0.44818010952180387,0.3906111817350177,0.003841120109563672,-0.0071055009062433155,-0.008595635023100739,0.0,0.18,1.0
1768879442.0249903,0,train,0.3940082532873703,0.44818010952180387,0.3906111817350177,-0.006910314590789764,-0.007734715708202057,-0.004377230801579458,0.0,0.18,1.0
1768879442.065246,0,train,0.4068771665911082,0.4619112475734508,0.4048506460757107,-0.01815207313836062,-0.006833050299617026,-0.014066672545280294,0.0,0.18,1.0
1768879442.065268,0,train,0.4068771665911082,0.4619112475734508,0.4048506460757107,-0.023492000339433897,-0.014030027761767372,-0.014932529122622001,0.0,0.18,1.0
1768879442.0652738,0,train,0.4068771665911082,0.4619112475734508,0.4048506460757107,-0.022812621519141055,-0.013324850504940226,-0.013709204005656986,0.0,0.18,1.0
1768879442.0652792,0,train,0.4068771665911082,0.4619112475734508,0.4048506460757107,-0.022913261579923072,-0.013956287530705219,-0.014015874808477165,0.0,0.18,1.0
1768879442.0652874,0,train,0.4068771665911082,0.4619112475734508,0.4048506460757107,-0.005925822038695798,-0.006829909060652763,-0.01748224072368295,0.0,0.18,1.0
1768879442.0652988,0,train,0.4068771665911082,0.4619112475734508,0.4048506460757107,-0.014330116812274259,0.005281826594807978,-0.020657102594510767,0.0,0.18,1.0
1768879442.0653045,0,train,0.4068771665911082,0.4619112475734508,0.4048506460757107,-0.0168855195639317,1.0190052621322041e-05,-0.015488214431491292,0.0,0.18,1.0
1768879442.0653145,0,train,0.4068771665911082,0.4619112475734508,0.4048506460757107,-0.015418522092582201,0.0034124040992379086,-0.01898731494020584,0.0,0.18,1.0
1768879442.0653203,0,train,0.4068771665911082,0.4619112475734508,0.4048506460757107,0.0022402318531829545,-0.0048021484657412685,-0.01167651940813806,0.0,0.18,1.0
1768879442.0653255,0,train,0.4068771665911082,0.4619112475734508,0.4048506460757107,0.011674255372490906,-0.009195934148924152,-0.002748652774560343,0.0,0.18,1.0
1768879442.1156979,0,train,0.3403130007470382,0.2677180916274574,0.17817180260974405,0.006046268250101855,-0.006836923112599277,-0.006679228818474117,0.0,0.18,1.0
1768879442.1157076,0,train,0.3403130007470382,0.2677180916274574,0.17817180260974405,-0.0043071497943571275,-0.011633033575159107,-0.0006571115626226662,0.0,0.18,1.0
1768879442.1157138,0,train,0.3403130007470382,0.2677180916274574,0.17817180260974405,-0.007955665082375756,-0.008190863303941871,-0.011147066898922317,0.0,0.18,1.0
1768879442.115719,0,train,0.3403130007470382,0.2677180916274574,0.17817180260974405,-0.02244566747584708,-0.017570988011051253,-0.008395833403929258,0.0,0.18,1.0
1768879442.1157377,0,train,0.3403130007470382,0.2677180916274574,0.17817180260974405,-0.013231281681368667,-0.024232671832762846,-0.008485200073593822,0.0,0.18,1.0
1768879442.1157424,0,train,0.3403130007470382,0.2677180916274574,0.17817180260974405,-0.007682976495758556,-0.016925739085273263,-0.009957695052564807,0.0,0.18,1.0
1768879442.1157482,0,train,0.3403130007470382,0.2677180916274574,0.17817180260974405,-0.008998267995173214,-0.014213419596531536,-0.009509670464305793,0.0,0.18,1.0
1768879442.1157537,0,train,0.3403130007470382,0.2677180916274574,0.17817180260974405,-0.0029040558463613894,-0.013053369633448745,-0.0014918453760604789,0.0,0.18,1.0
1768879442.1157594,0,train,0.3403130007470382,0.2677180916274574,0.17817180260974405,-0.014765129769847504,-0.012058566139748839,-0.008407909916178374,0.0,0.18,1.0
1768879442.1157646,0,train,0.3403130007470382,0.2677180916274574,0.17817180260974405,-0.0030439745659753556,-0.018378461543004408,-0.012023008723684904,0.0,0.18,1.0
1768879442.156083,0,train,0.3468769504377688,0.27616282333956,0.18794096165667765,-0.009479132821779085,-0.010965990786400133,-0.015545850117667655,0.0,0.18,1.0
1768879442.1561105,0,train,0.3468769504377688,0.27616282333956,0.18794096165667765,-0.0006106154395228742,-0.006802519182295596,-0.014810004740609884,0.0,0.18,1.0
1768879442.1561227,0,train,0.3468769504377688,0.27616282333956,0.18794096165667765,-0.0075373423715843066,-0.00875580000063976,-0.011923929745251693,0.0,0.18,1.0
1768879442.1561282,0,train,0.3468769504377688,0.27616282333956,0.18794096165667765,-0.014064328213232643,0.0019103284699479777,-0.013784679050633335,0.0,0.18,1.0
1768879442.1561334,0,train,0.3468769504377688,0.27616282333956,0.18794096165667765,-0.022015748438216003,-0.011105180917866164,-0.010142125103005528,0.0,0.18,1.0
1768879442.1561382,0,train,0.3468769504377688,0.27616282333956,0.18794096165667765,-0.008876952139912471,-0.02239462686993044,-0.012756583469774409,0.0,0.18,1.0
1768879442.1561444,0,train,0.3468769504377688,0.27616282333956,0.18794096165667765,-0.013878554571771052,-0.01579333213374136,-0.012020518362393354,0.0,0.18,1.0
1768879442.1561506,0,train,0.3468769504377688,0.27616282333956,0.18794096165667765,-0.0021161287551585027,-0.024371422462009285,-0.008480615617876277,0.0,0.18,1.0
1768879442.1561604,0,train,0.3468769504377688,0.27616282333956,0.18794096165667765,-0.013717162638105301,-0.012837583944733591,-0.004831293227729652,0.0,0.18,1.0
1768879442.1561656,0,train,0.3468769504377688,0.27616282333956,0.18794096165667765,-0.013375195811256764,-0.022782724610263618,-0.0046547543011756995,0.0,0.18,1.0
1768879442.1963255,0,train,0.3499886499921516,0.28159194322931985,0.19506305798219883,-0.007072459135619471,-0.017810223872355972,-0.007760657932060991,0.0,0.18,1.0
1768879442.1963358,0,train,0.3499886499921516,0.28159194322931985,0.19506305798219883,0.007129067859102796,-0.009371460708971904,-0.01080687967215495,0.0,0.18,1.0
1768879442.1963565,0,train,0.3499886499921516,0.28159194322931985,0.19506305798219883,0.0016997849963002448,-0.0013226642335891024,-0.0015971464660193575,0.0,0.18,1.0
1768879442.1963632,0,train,0.3499886499921516,0.28159194322931985,0.19506305798219883,-0.003028370569527521,-0.0032553568443816957,-0.0008042684537239613,0.0,0.18,1.0
1768879442.1963685,0,train,0.3499886499921516,0.28159194322931985,0.19506305798219883,0.0007397828984598449,-0.0007303119605699967,0.0009629098480775145,0.0,0.18,1.0
1768879442.196374,0,train,0.3499886499921516,0.28159194322931985,0.19506305798219883,-0.01423764473720457,-0.005516896103185267,-0.007568720855939708,0.0,0.18,1.0
1768879442.19638,0,train,0.3499886499921516,0.28159194322931985,0.19506305798219883,-0.0029055700930424528,-0.007222736976825372,-0.010753133661049921,0.0,0.18,1.0
1768879442.1963856,0,train,0.3499886499921516,0.28159194322931985,0.19506305798219883,0.007109644872032046,-0.00920279003006483,-0.008115598080802384,0.0,0.18,1.0
1768879442.196391,0,train,0.3499886499921516,0.28159194322931985,0.19506305798219883,-0.01016345352446968,-0.0035262184607201957,-0.009867555214025901,0.0,0.18,1.0
1768879442.1963966,0,train,0.3499886499921516,0.28159194322931985,0.19506305798219883,0.0004347501811983197,-0.019486216688690376,-0.007848740908284493,0.0,0.18,1.0
1768879442.246705,0,train,0.3486553681676113,0.28370572031522906,0.19978304260546864,8.420425345022849e-05,-0.027709055303035423,-0.003581176848705262,0.0,0.18,1.0
1768879442.246714,0,train,0.3486553681676113,0.28370572031522906,0.19978304260546864,-0.003917479960355329,-0.023249449897050845,-0.004393871887691263,0.0,0.18,1.0
1768879442.2467198,0,train,0.3486553681676113,0.28370572031522906,0.19978304260546864,-0.0022914666771867336,-0.026809319312905325,-0.007352982161762262,0.0,0.18,1.0
1768879442.246725,0,train,0.3486553681676113,0.28370572031522906,0.19978304260546864,-0.0074586476631344455,-0.02667913799688795,6.876162794833165e-05,0.0,0.18,1.0
1768879442.24673,0,train,0.3486553681676113,0.28370572031522906,0.19978304260546864,0.0005208166147072984,-0.015477504315414937,-0.004910203169036853,0.0,0.18,1.0
1768879442.2467356,0,train,0.3486553681676113,0.28370572031522906,0.19978304260546864,0.0020300275843702477,-0.0144853846241307,0.0003321641367213026,0.0,0.18,1.0
1768879442.2467413,0,train,0.3486553681676113,0.28370572031522906,0.19978304260546864,-0.009212399046191097,-0.014726812804973125,-0.002023619378978808,0.0,0.18,1.0
1768879442.2467592,0,train,0.3486553681676113,0.28370572031522906,0.19978304260546864,-0.006634119054246243,-0.0069889800734263315,-0.0027242564755673273,0.0,0.18,1.0
1768879442.2467654,0,train,0.3486553681676113,0.28370572031522906,0.19978304260546864,0.002070628666798188,-0.008888856617764108,-0.010918639442136809,0.0,0.18,1.0
1768879442.2467704,0,train,0.3486553681676113,0.28370572031522906,0.19978304260546864,-0.006107970855384894,-0.011580275054151176,-0.009852301855311968,0.0,0.18,1.0
1768879442.287078,0,train,0.3432785141671044,0.28143174398508053,0.19993146053624605,-0.01584158149773156,-0.007847141715081002,-0.013777019073070478,0.0,0.18,1.0
1768879442.2870882,0,train,0.3432785141671044,0.28143174398508053,0.19993146053624605,-0.022189571377429152,-0.005945785139331154,-0.008267764434978675,0.0,0.18,1.0
1768879442.2870939,0,train,0.3432785141671044,0.28143174398508053,0.19993146053624605,-0.012095957614100166,-0.002392089995526879,-0.002632428028619806,0.0,0.18,1.0
1768879442.2871144,0,train,0.3432785141671044,0.28143174398508053,0.19993146053624605,0.0024025173212923706,-0.0020004518565136307,-0.0028149378776739387,0.0,0.18,1.0
1768879442.2871256,0,train,0.3432785141671044,0.28143174398508053,0.19993146053624605,-0.00766804949088047,-0.012945025379346352,-0.010422706267223232,0.0,0.18,1.0
1768879442.2871315,0,train,0.3432785141671044,0.28143174398508053,0.19993146053624605,-0.0010068999373688337,-0.00289748924642371,-0.0068266283928019875,0.0,0.18,1.0
1768879442.2871373,0,train,0.3432785141671044,0.28143174398508053,0.19993146053624605,-0.010348012985978454,-0.009668120089518575,-0.00354850486050139,0.0,0.18,1.0
1768879442.2871432,0,train,0.3432785141671044,0.28143174398508053,0.19993146053624605,-0.010337064557809122,-0.00938793497749419,-0.0010985932107026167,0.0,0.18,1.0
1768879442.2871485,0,train,0.3432785141671044,0.28143174398508053,0.19993146053624605,-0.01432331218492252,-0.0010357654272253644,-0.0017311732172794084,0.0,0.18,1.0
1768879442.287154,0,train,0.3432785141671044,0.28143174398508053,0.19993146053624605,-0.001054606181688867,-0.007507298629326123,-0.0034053416235550896,0.0,0.18,1.0
1768879442.3272932,0,train,0.3341340206838359,0.27557963587467676,0.1967283651518467,0.0031980004989492286,-0.002975146838064605,0.003540182089741395,0.0,0.18,1.0
1768879442.327314,0,train,0.3341340206838359,0.27557963587467676,0.1967283651518467,-0.012886924017785451,-0.0005179771468294929,-0.004328927663767737,0.0,0.18,1.0
1768879442.3273206,0,train,0.3341340206838359,0.27557963587467676,0.1967283651518467,-0.00510679775868031,-0.0008290588018232475,-0.00849258301727248,0.0,0.18,1.0
1768879442.327331,0,train,0.3341340206838359,0.27557963587467676,0.1967283651518467,-0.009456196859654839,0.0051900757915248836,-0.005411534942950591,0.0,0.18,1.0
1768879442.3273523,0,train,0.3341340206838359,0.27557963587467676,0.1967283651518467,0.0015536163193332199,0.004925612946455999,-0.0036592132577203743,0.0,0.18,1.0
1768879442.3273592,0,train,0.3341340206838359,0.27557963587467676,0.1967283651518467,-0.014152829533727807,0.003995563027838407,-0.010591552791503476,0.0,0.18,1.0
1768879442.3273647,0,train,0.3341340206838359,0.27557963587467676,0.1967283651518467,-0.020651010822904152,0.0027818995291097287,-0.009590603885324421,0.0,0.18,1.0
1768879442.32737,0,train,0.3341340206838359,0.27557963587467676,0.1967283651518467,-0.00437666548305373,-0.00041579853787605917,0.0012893676584146033,0.0,0.18,1.0
1768879442.3273764,0,train,0.3341340206838359,0.27557963587467676,0.1967283651518467,-0.007142178283980286,-0.008899688412735108,-0.0025519256058683334,0.0,0.18,1.0
1768879442.3676085,0,train,0.3214428976724412,0.2662348949097385,0.19017038549828974,0.011994458844546202,-0.01443450049177711,-0.001734404862114828,0.0,0.18,1.0
1768879442.3676178,0,train,0.3214428976724412,0.2662348949097385,0.19017038549828974,0.018632624081074262,-0.01826132708647674,-0.005684852267986354,0.0,0.18,1.0
1768879442.3676236,0,train,0.3214428976724412,0.2662348949097385,0.19017038549828974,0.019135198989864134,-0.014448314259346211,-0.003630099372946528,0.0,0.18,1.0
1768879442.367629,0,train,0.3214428976724412,0.2662348949097385,0.19017038549828974,-0.00020220385925154828,-0.014042508589121589,-0.0012683418544024694,0.0,0.18,1.0
1768879442.3676345,0,train,0.3214428976724412,0.2662348949097385,0.19017038549828974,-0.009747112651478183,-0.009643954120681426,-0.011853013151161136,0.0,0.18,1.0
1768879442.3676574,0,train,0.3214428976724412,0.2662348949097385,0.19017038549828974,-0.004357073333189658,-0.005244995876648086,-0.0027600490987707803,0.0,0.18,1.0
1768879442.3676634,0,train,0.3214428976724412,0.2662348949097385,0.19017038549828974,-0.0004747934017227052,-0.0037890330175454766,-0.012596455084640674,0.0,0.18,1.0
1768879442.367669,0,train,0.3214428976724412,0.2662348949097385,0.19017038549828974,0.013763744404609311,-0.004388152139947119,-0.014251955214389444,0.0,0.18,1.0
1768879442.3676746,0,train,0.3214428976724412,0.2662348949097385,0.19017038549828974,0.020599736098132773,-0.006807426706912619,-0.008831925962466626,0.0,0.18,1.0
1768879442.36768,0,train,0.3214428976724412,0.2662348949097385,0.19017038549828974,0.010671380741127499,0.0004922848387390511,-0.015748965593059085,0.0,0.18,1.0
1768879442.417959,0,train,0.3012084319522347,0.2500070594204225,0.1774461924260324,-0.0004152243722744906,0.0020602824642390934,-0.013117697344924233,0.0,0.18,1.0
1768879442.4179804,0,train,0.3012084319522347,0.2500070594204225,0.1774461924260324,-0.013030574111321113,-0.007007785741954616,-0.005926712407917353,0.0,0.18,1.0
1768879442.4179866,0,train,0.3012084319522347,0.2500070594204225,0.1774461924260324,-0.00817209918842349,-0.005031452723974088,-0.0023404018132362884,0.0,0.18,1.0
1768879442.4179919,0,train,0.3012084319522347,0.2500070594204225,0.1774461924260324,-0.02256995198619496,-0.010322737896169273,-0.013848591159129864,0.0,0.18,1.0
1768879442.4179974,0,train,0.3012084319522347,0.2500070594204225,0.1774461924260324,-0.011133879468295403,-0.014693951831097892,-0.01510021590716282,0.0,0.18,1.0
1768879442.4180021,0,train,0.3012084319522347,0.2500070594204225,0.1774461924260324,0.0009302960291393973,-0.018687632547559552,-0.011217689017342729,0.0,0.18,1.0
1768879442.418008,0,train,0.3012084319522347,0.2500070594204225,0.1774461924260324,0.006045871695679974,-0.014535197329493366,-0.0101776715145761,0.0,0.18,1.0
1768879442.4180138,0,train,0.3012084319522347,0.2500070594204225,0.1774461924260324,-0.0009053493887471018,-0.00043074521404287355,-0.00786503251405789,0.0,0.18,1.0
1768879442.4180195,0,train,0.3012084319522347,0.2500070594204225,0.1774461924260324,-0.006510572047565156,-0.0030002264556403084,-0.010719425511235526,0.0,0.18,1.0
1768879442.4180288,0,train,0.3012084319522347,0.2500070594204225,0.1774461924260324,0.015506910257019505,-0.00454041401189476,-0.015005444512686159,0.0,0.18,1.0
1768879442.4583066,0,train,0.28222602511961914,0.23386185350281172,0.16395768438594632,0.018039403348424684,-0.00358595055706044,-0.008440688923849863,0.0,0.18,1.0
1768879442.4583168,0,train,0.28222602511961914,0.23386185350281172,0.16395768438594632,0.013195631326537362,-0.009311285054252445,-0.0017537194130761568,0.0,0.18,1.0
1768879442.4583228,0,train,0.28222602511961914,0.23386185350281172,0.16395768438594632,0.011504654506822396,-0.008967408454976735,-0.008453689283786222,0.0,0.18,1.0
1768879442.458342,0,train,0.28222602511961914,0.23386185350281172,0.16395768438594632,0.0012427265124379467,-0.00410120750429073,-0.004747645842446134,0.0,0.18,1.0
1768879442.458348,0,train,0.28222602511961914,0.23386185350281172,0.16395768438594632,-0.0041087956687751,-0.001506541401864644,0.0036367839400408873,0.0,0.18,1.0
1768879442.4583528,0,train,0.28222602511961914,0.23386185350281172,0.16395768438594632,-0.008554635020845058,-0.004936509229150841,0.00044348171124222025,0.0,0.18,1.0
1768879442.4583912,0,train,0.28222602511961914,0.23386185350281172,0.16395768438594632,-0.009027523780041838,-0.004015008652569073,-0.0037213837455792645,0.0,0.18,1.0
1768879442.4583974,0,train,0.28222602511961914,0.23386185350281172,0.16395768438594632,-0.0037581454305485244,-0.007593438589042073,-0.002588693750409716,0.0,0.18,1.0
1768879442.4584029,0,train,0.28222602511961914,0.23386185350281172,0.16395768438594632,-0.01274318053477211,-0.017204323651672418,-0.010779951567715008,0.0,0.18,1.0
1768879442.458408,0,train,0.28222602511961914,0.23386185350281172,0.16395768438594632,-0.021117158517350566,-0.0068888592290170855,-0.008907341079988203,0.0,0.18,1.0
1768879442.4985514,0,train,0.26156427696773926,0.21549294441702838,0.1479533388006608,-0.025580227110564197,-0.005616312874518904,-0.0037159920686882265,0.0,0.18,1.0
1768879442.498576,0,train,0.26156427696773926,0.21549294441702838,0.1479533388006608,-0.004504131818587131,-0.020722225995689667,0.005407811701266086,0.0,0.18,1.0
1768879442.498583,0,train,0.26156427696773926,0.21549294441702838,0.1479533388006608,-0.011961816210129006,-0.010824743585730219,0.008075918737836649,0.0,0.18,1.0
1768879442.4985883,0,train,0.26156427696773926,0.21549294441702838,0.1479533388006608,-0.012781018101271644,-0.009666197633480122,-0.003930845382392639,0.0,0.18,1.0
1768879442.4985936,0,train,0.26156427696773926,0.21549294441702838,0.1479533388006608,0.00205846945513478,-0.01003102620390885,0.0056820101265269195,0.0,0.18,1.0
1768879442.4985995,0,train,0.26156427696773926,0.21549294441702838,0.1479533388006608,-0.004098718716625156,-0.016011875564823256,0.00031182178953882586,0.0,0.18,1.0
1768879442.498605,0,train,0.26156427696773926,0.21549294441702838,0.1479533388006608,-0.018222638733532224,-0.010856555869175161,0.001450761990983445,0.0,0.18,1.0
1768879442.4986105,0,train,0.26156427696773926,0.21549294441702838,0.1479533388006608,-0.018469479187557647,-0.01381768142585611,-0.004779220611474112,0.0,0.18,1.0
1768879442.498616,0,train,0.26156427696773926,0.21549294441702838,0.1479533388006608,-0.02607417085603937,-0.019942755331067288,-0.008571994950936888,0.0,0.18,1.0
1768879442.4986262,0,train,0.26156427696773926,0.21549294441702838,0.1479533388006608,-0.03329749528672693,-0.008369189384639868,-0.004375522546143271,0.0,0.18,1.0
1768879442.5389624,0,train,0.2400946683874018,0.1955700765525822,0.12994501424346133,-0.022613649988748763,-0.013252244696572995,-0.0057024148360129544,0.0,0.18,1.0
1768879442.5389743,0,train,0.2400946683874018,0.1955700765525822,0.12994501424346133,-0.032191794089476373,-0.008184080407856313,-0.0011177566994184883,0.0,0.18,1.0
1768879442.5389807,0,train,0.2400946683874018,0.1955700765525822,0.12994501424346133,-0.010575146182369134,-0.014547378280689902,0.0018347243352642032,0.0,0.18,1.0
1768879442.538986,0,train,0.2400946683874018,0.1955700765525822,0.12994501424346133,-0.006823148325868715,-0.011442414616514825,-0.002183183834167526,0.0,0.18,1.0
1768879442.5389915,0,train,0.2400946683874018,0.1955700765525822,0.12994501424346133,-0.01679445914466425,-0.011798272951108801,-0.008038769096891446,0.0,0.18,1.0
1768879442.5389962,0,train,0.2400946683874018,0.1955700765525822,0.12994501424346133,-0.012428878367767198,-0.014002575909376848,0.0006198391898775024,0.0,0.18,1.0
1768879442.5390227,0,train,0.2400946683874018,0.1955700765525822,0.12994501424346133,-0.027531604582945488,-0.012146607389253465,-0.00020323361106769851,0.0,0.18,1.0
1768879442.5390284,0,train,0.2400946683874018,0.1955700765525822,0.12994501424346133,-0.013723350682416521,-0.003981889343372359,0.004346473571969271,0.0,0.18,1.0
1768879442.5390344,0,train,0.2400946683874018,0.1955700765525822,0.12994501424346133,0.00392788320044472,-0.006573372269044509,-0.006097597363706958,0.0,0.18,1.0
1768879442.53904,0,train,0.2400946683874018,0.1955700765525822,0.12994501424346133,-0.008970992403128484,-0.011189390241542087,-0.004820874268775302,0.0,0.18,1.0
1768879442.5892568,0,train,0.21367782425796195,0.16974639721399296,0.10563593928390222,-0.008977082599777185,-0.009981570888524067,-0.008226189359383842,0.0,0.18,1.0
1768879442.5892675,0,train,0.21367782425796195,0.16974639721399296,0.10563593928390222,-0.000896208706466536,-0.00820064237052022,-0.003019519589033808,0.0,0.18,1.0
1768879442.5892735,0,train,0.21367782425796195,0.16974639721399296,0.10563593928390222,0.007953240944355901,-0.009734817050594454,-0.0026298181583024943,0.0,0.18,1.0
1768879442.5892947,0,train,0.21367782425796195,0.16974639721399296,0.10563593928390222,0.006393325857605443,-0.0036945584054002127,-0.004623250012824832,0.0,0.18,1.0
1768879442.5893,0,train,0.21367782425796195,0.16974639721399296,0.10563593928390222,-0.009227904703053782,-0.004681712482400923,0.0023233278241313235,0.0,0.18,1.0
1768879442.5893052,0,train,0.21367782425796195,0.16974639721399296,0.10563593928390222,-0.004597957588701901,-0.01927124201168239,0.002672027423133485,0.0,0.18,1.0
1768879442.589311,0,train,0.21367782425796195,0.16974639721399296,0.10563593928390222,-0.002841692695324561,-0.01235616161423809,-0.0029609871383826972,0.0,0.18,1.0
1768879442.5893164,0,train,0.21367782425796195,0.16974639721399296,0.10563593928390222,-0.002971717056726175,-0.009521069504970694,0.0014657537804456853,0.0,0.18,1.0
1768879442.5893292,0,train,0.21367782425796195,0.16974639721399296,0.10563593928390222,-0.014538745453065622,0.0021017682759985265,-0.0009297592657042987,0.0,0.18,1.0
1768879442.5893383,0,train,0.21367782425796195,0.16974639721399296,0.10563593928390222,-0.015696585207989194,-0.0066774608470267375,-0.01197271456898423,0.0,0.18,1.0
1768879442.629583,0,train,0.19409996855319228,0.14937625256133846,0.08559668669168177,-0.018791733845864158,-0.009755081054623454,-0.00503905989278112,0.0,0.18,1.0
1768879442.6295924,0,train,0.19409996855319228,0.14937625256133846,0.08559668669168177,-0.020767306388747703,-0.0058985096745991,0.0045191998716944334,0.0,0.18,1.0
1768879442.6295981,0,train,0.19409996855319228,0.14937625256133846,0.08559668669168177,-0.019347965352017195,-0.010846194789746664,0.000433183423037636,0.0,0.18,1.0
1768879442.6296036,0,train,0.19409996855319228,0.14937625256133846,0.08559668669168177,-0.0020835422409867126,-0.012624125502904725,-0.002631483262605764,0.0,0.18,1.0
1768879442.6296089,0,train,0.19409996855319228,0.14937625256133846,0.08559668669168177,0.01082661033017089,-0.01156477361443066,-0.002138716705721439,0.0,0.18,1.0
1768879442.6296139,0,train,0.19409996855319228,0.14937625256133846,0.08559668669168177,-0.010066941274884424,-0.014565791374904007,-0.007376800549560522,0.0,0.18,1.0
1768879442.6296377,0,train,0.19409996855319228,0.14937625256133846,0.08559668669168177,-0.018360675198376152,-0.019825859930187317,-0.01208648779713879,0.0,0.18,1.0
1768879442.6296432,0,train,0.19409996855319228,0.14937625256133846,0.08559668669168177,-0.01184881565210527,-0.024455474868397713,-0.0018682215041409566,0.0,0.18,1.0
1768879442.6296487,0,train,0.19409996855319228,0.14937625256133846,0.08559668669168177,-0.006707047307614587,-0.016571415509646924,0.0006066610729599071,0.0,0.18,1.0
1768879442.6296537,0,train,0.19409996855319228,0.14937625256133846,0.08559668669168177,0.0013918560341111721,-0.012847009790100363,0.0006158767913478433,0.0,0.18,1.0
1768879442.6698399,0,train,0.17708190332840723,0.13031762208032166,0.06594843530166077,-0.011522991341593547,-0.01483225803340787,-0.006097329377520723,0.0,0.18,1.0
1768879442.6698635,0,train,0.17708190332840723,0.13031762208032166,0.06594843530166077,0.003798370937492907,-0.011263983126685362,-0.010872219559152189,0.0,0.18,1.0
1768879442.6698704,0,train,0.17708190332840723,0.13031762208032166,0.06594843530166077,-0.004864118418657728,-0.020107890961242957,-0.014955373149912332,0.0,0.18,1.0
1768879442.6698756,0,train,0.17708190332840723,0.13031762208032166,0.06594843530166077,-0.002419285501018405,-0.022774830931658552,-0.006999392631161934,0.0,0.18,1.0
1768879442.6698809,0,train,0.17708190332840723,0.13031762208032166,0.06594843530166077,-0.013287794483736319,-0.027738766256868656,-0.009611187121931755,0.0,0.18,1.0
1768879442.6698904,0,train,0.17708190332840723,0.13031762208032166,0.06594843530166077,-0.010660391006316614,-0.023774274972240283,-0.016153739335648603,0.0,0.18,1.0
1768879442.6698961,0,train,0.17708190332840723,0.13031762208032166,0.06594843530166077,0.002229621846265463,-0.014569372551191792,-0.01834414466828906,0.0,0.18,1.0
1768879442.6699016,0,train,0.17708190332840723,0.13031762208032166,0.06594843530166077,0.014536730286260582,-0.02132552391111588,-0.01465027653473608,0.0,0.18,1.0
1768879442.669907,0,train,0.17708190332840723,0.13031762208032166,0.06594843530166077,0.002280481416983613,-0.012247065043893873,-0.009360690649656821,0.0,0.18,1.0
1768879442.6699166,0,train,0.17708190332840723,0.13031762208032166,0.06594843530166077,-0.009344105589626854,-0.01068564347149309,-0.000634852611298063,0.0,0.18,1.0
1768879442.7201889,0,train,0.16085810134241973,0.10971656725157476,0.04318190113151635,0.005485269851256887,-0.007266758302118423,-0.0057652564653156825,0.0,0.18,1.0
1768879442.7201986,0,train,0.16085810134241973,0.10971656725157476,0.04318190113151635,-0.008145325852305471,-0.009573884097971367,-0.003726196479897552,0.0,0.18,1.0
1768879442.7202044,0,train,0.16085810134241973,0.10971656725157476,0.04318190113151635,-0.01675718805444452,-0.02008284110923993,-0.008706639833358806,0.0,0.18,1.0
1768879442.7202098,0,train,0.16085810134241973,0.10971656725157476,0.04318190113151635,-0.02539675702996821,-0.024625136652132444,-0.004379548041445449,0.0,0.18,1.0
1768879442.720215,0,train,0.16085810134241973,0.10971656725157476,0.04318190113151635,-0.005200970342722705,-0.025246568790051757,-0.0006659741907174239,0.0,0.18,1.0
1768879442.7202203,0,train,0.16085810134241973,0.10971656725157476,0.04318190113151635,-0.01104783059431252,-0.024133240273829563,-0.0020879153921682814,0.0,0.18,1.0
1768879442.7202513,0,train,0.16085810134241973,0.10971656725157476,0.04318190113151635,-0.007869878942884802,-0.02376213325378869,-0.0014293488934037902,0.0,0.18,1.0
1768879442.720257,0,train,0.16085810134241973,0.10971656725157476,0.04318190113151635,-0.014058315399582374,-0.014599707549205778,-0.008787746734368081,0.0,0.18,1.0
1768879442.7202623,0,train,0.16085810134241973,0.10971656725157476,0.04318190113151635,0.005414028862574128,-0.014781482796333274,-0.005273272548676114,0.0,0.18,1.0
1768879442.7202675,0,train,0.16085810134241973,0.10971656725157476,0.04318190113151635,0.014863052297543635,-0.017791981447173186,-0.004444648091465245,0.0,0.18,1.0
1768879442.7604747,0,train,0.15294209269960957,0.09688023160718062,0.027421872128316163,-0.006008142488384233,-0.013919201317599293,0.0006830339948437414,0.0,0.18,1.0
1768879442.7604833,0,train,0.15294209269960957,0.09688023160718062,0.027421872128316163,-0.0029844318404300477,-0.003736113433595299,0.007812894814113082,0.0,0.18,1.0
1768879442.7604887,0,train,0.15294209269960957,0.09688023160718062,0.027421872128316163,-0.01771454268414853,-0.011071112499382332,0.007582053196869132,0.0,0.18,1.0
1768879442.760511,0,train,0.15294209269960957,0.09688023160718062,0.027421872128316163,-0.02831492531657688,-0.012482523505284296,0.0011862515656757785,0.0,0.18,1.0
1768879442.7605162,0,train,0.15294209269960957,0.09688023160718062,0.027421872128316163,-0.023120341443044926,-0.009905795970776368,0.0039720364911327,0.0,0.18,1.0
1768879442.7605462,0,train,0.15294209269960957,0.09688023160718062,0.027421872128316163,-0.020396926390360916,-0.006454576964460673,0.0059220013519216234,0.0,0.18,1.0
1768879442.7605526,0,train,0.15294209269960957,0.09688023160718062,0.027421872128316163,-0.006722319897728834,-0.003248270317816343,-0.0010038836924732555,0.0,0.18,1.0
1768879442.760558,0,train,0.15294209269960957,0.09688023160718062,0.027421872128316163,-0.015518048341926834,0.0048054053521561,-0.007966460066094779,0.0,0.18,1.0
1768879442.7605634,0,train,0.15294209269960957,0.09688023160718062,0.027421872128316163,-0.019777038814724177,-0.0014870116477576092,-0.004706219633238839,0.0,0.18,1.0
1768879442.7605684,0,train,0.15294209269960957,0.09688023160718062,0.027421872128316163,-0.003600187196126596,-0.005782150910531494,-0.004830703214567213,0.0,0.18,1.0
1768879442.800797,0,train,0.15021321425784517,0.0881084088333956,0.014689018669124046,0.0015433685493764775,-0.0017643661025636302,-0.0055722175856573524,0.0,0.18,1.0
1768879442.8008058,0,train,0.15021321425784517,0.0881084088333956,0.014689018669124046,-0.004017703063551955,-0.0025957723885818604,-0.0030224233975078203,0.0,0.18,1.0
1768879442.800811,0,train,0.15021321425784517,0.0881084088333956,0.014689018669124046,0.002443494519956365,-0.009378745913743073,0.0007959284944828681,0.0,0.18,1.0
1768879442.8008163,0,train,0.15021321425784517,0.0881084088333956,0.014689018669124046,-0.003975446456968601,-0.015399298464608288,0.005686258225960414,0.0,0.18,1.0
1768879442.8008213,0,train,0.15021321425784517,0.0881084088333956,0.014689018669124046,-0.00917087854261323,-0.023187827542082023,-0.0035841535068636458,0.0,0.18,1.0
1768879442.800827,0,train,0.15021321425784517,0.0881084088333956,0.014689018669124046,-0.00014938210592151395,-0.017179912171433026,-0.003185346342880403,0.0,0.18,1.0
1768879442.8008325,0,train,0.15021321425784517,0.0881084088333956,0.014689018669124046,-0.01544501497095276,-0.012414500622266768,-0.0036478626739469538,0.0,0.18,1.0
1768879442.8008492,0,train,0.15021321425784517,0.0881084088333956,0.014689018669124046,-0.004554481347426193,-0.01818261431704204,-0.010623445129029631,0.0,0.18,1.0
1768879442.8008544,0,train,0.15021321425784517,0.0881084088333956,0.014689018669124046,0.0073079083372563,-0.010955014571810917,-0.010804390168608857,0.0,0.18,1.0
1768879442.8008592,0,train,0.15021321425784517,0.0881084088333956,0.014689018669124046,-0.001149480534237505,0.00012399900266920052,-0.016150326141752977,0.0,0.18,1.0
1768879442.8411238,0,train,0.1530420271695669,0.08399844355925584,0.005668809669315683,0.006963465063124234,0.0007623977735519386,-0.01120636811536604,0.0,0.18,1.0
1768879442.8411336,0,train,0.1530420271695669,0.08399844355925584,0.005668809669315683,0.0016698044424121165,-0.013235327336169198,-0.008487811850769017,0.0,0.18,1.0
1768879442.8411393,0,train,0.1530420271695669,0.08399844355925584,0.005668809669315683,-0.0049603080210783405,-0.00919294822388418,-0.0043249290018462045,0.0,0.18,1.0
1768879442.8411572,0,train,0.1530420271695669,0.08399844355925584,0.005668809669315683,-0.000763173415973155,-0.007273804954190684,-0.006291428961417015,0.0,0.18,1.0
1768879442.8411684,0,train,0.1530420271695669,0.08399844355925584,0.005668809669315683,-0.01783802619309165,-0.012328659998943342,-0.0010752635867835954,0.0,0.18,1.0
1768879442.8411772,0,train,0.1530420271695669,0.08399844355925584,0.005668809669315683,-0.014660103435191363,-0.009424944088681466,-6.27233319303234e-07,0.0,0.18,1.0
1768879442.8411834,0,train,0.1530420271695669,0.08399844355925584,0.005668809669315683,-0.013359294822110221,-0.022917930036073075,0.005999975294326812,0.0,0.18,1.0
1768879442.8411887,0,train,0.1530420271695669,0.08399844355925584,0.005668809669315683,-0.02042663806556859,-0.012623823922361084,-0.002549334009395287,0.0,0.18,1.0
1768879442.841194,0,train,0.1530420271695669,0.08399844355925584,0.005668809669315683,-0.012975484390799654,-0.009723798440999552,-0.003412976483458011,0.0,0.18,1.0
1768879442.8916254,0,train,0.16447034081560685,0.08599918301329165,0.0004503763980691494,-0.008661415479707299,-0.006511565369945412,-0.008362619604614296,0.0,0.18,1.0
1768879442.891637,0,train,0.16447034081560685,0.08599918301329165,0.0004503763980691494,-0.0005116473321196596,-0.006595774676691798,0.0024545653762925246,0.0,0.18,1.0
1768879442.891644,0,train,0.16447034081560685,0.08599918301329165,0.0004503763980691494,-0.0028193361824127923,-0.004429093801938614,0.0010557641447710684,0.0,0.18,1.0
1768879442.8916495,0,train,0.16447034081560685,0.08599918301329165,0.0004503763980691494,0.0012268658830823713,-0.014954904906641763,-0.007092052959644142,0.0,0.18,1.0
1768879442.8916547,0,train,0.16447034081560685,0.08599918301329165,0.0004503763980691494,0.007928956380257804,-0.01443507284312624,-0.005516115905927707,0.0,0.18,1.0
1768879442.8916597,0,train,0.16447034081560685,0.08599918301329165,0.0004503763980691494,0.0012187605080032655,0.0031982363851579313,-0.002011829265848902,0.0,0.18,1.0
1768879442.891666,0,train,0.16447034081560685,0.08599918301329165,0.0004503763980691494,-0.007167817899603764,0.009579523053439854,-0.005672810847145775,0.0,0.18,1.0
1768879442.891678,0,train,0.16447034081560685,0.08599918301329165,0.0004503763980691494,0.0026669927961297667,0.005557454705782753,-0.00816619905777001,0.0,0.18,1.0
1768879442.8916833,0,train,0.16447034081560685,0.08599918301329165,0.0004503763980691494,-0.0026846248810110597,-0.010966336653609608,-0.012409617019383139,0.0,0.18,1.0
1768879442.8916886,0,train,0.16447034081560685,0.08599918301329165,0.0004503763980691494,-0.005740731272031675,-0.018815914842610665,-0.01560377335995101,0.0,0.18,1.0
1768879442.9318821,0,train,0.17955876690733513,0.09345706083116993,0.0015617386634461383,-0.008811327766888371,-0.018782721294874075,-0.021215824885704077,0.0,0.18,1.0
1768879442.9318926,0,train,0.17955876690733513,0.09345706083116993,0.0015617386634461383,-0.012918836840381502,-0.015995927901541824,-0.013441228175206568,0.0,0.18,1.0
1768879442.9318993,0,train,0.17955876690733513,0.09345706083116993,0.0015617386634461383,0.0005762805768944946,-0.006256787966250321,-0.012469587223662187,0.0,0.18,1.0
1768879442.9319055,0,train,0.17955876690733513,0.09345706083116993,0.0015617386634461383,-0.00563562267239719,-0.00729210592924134,-0.010863150634673076,0.0,0.18,1.0
1768879442.9319334,0,train,0.17955876690733513,0.09345706083116993,0.0015617386634461383,-0.005120719235896931,-0.006421922800153839,-0.010643368156281561,0.0,0.18,1.0
1768879442.931939,0,train,0.17955876690733513,0.09345706083116993,0.0015617386634461383,-0.005639064985676148,-0.009086285727592156,-0.005314165667765425,0.0,0.18,1.0
1768879442.9319448,0,train,0.17955876690733513,0.09345706083116993,0.0015617386634461383,-0.02235659692767801,-0.01287337689939478,-0.0137650467454586,0.0,0.18,1.0
1768879442.931951,0,train,0.17955876690733513,0.09345706083116993,0.0015617386634461383,-0.011648442946388936,-0.021609300527966124,-0.01645441148135037,0.0,0.18,1.0
1768879442.9319572,0,train,0.17955876690733513,0.09345706083116993,0.0015617386634461383,-0.00507226157869076,-0.0169260027362088,-0.012146773187422464,0.0,0.18,1.0
1768879442.9319632,0,train,0.17955876690733513,0.09345706083116993,0.0015617386634461383,0.0006481633073897984,-0.025483587627195537,-0.013598781425426391,0.0,0.18,1.0
1768879442.9722033,0,train,0.1991662400856109,0.10591012219418816,0.00751405017739179,-0.006185516902680269,-0.018593460390742705,-0.00883614636315238,0.0,0.18,1.0
1768879442.9722137,0,train,0.1991662400856109,0.10591012219418816,0.00751405017739179,-0.005954885070495171,-0.02034876575507846,-0.012172149954862972,0.0,0.18,1.0
1768879442.97222,0,train,0.1991662400856109,0.10591012219418816,0.00751405017739179,-0.001079233591867901,-0.02255568299565282,-0.005065200443443989,0.0,0.18,1.0
1768879442.9722252,0,train,0.1991662400856109,0.10591012219418816,0.00751405017739179,-0.006985472007900467,-0.017423940577277756,0.0049041685834489085,0.0,0.18,1.0
1768879442.9722307,0,train,0.1991662400856109,0.10591012219418816,0.00751405017739179,-0.017749290349976944,-0.019512113381562057,0.009237040120366748,0.0,0.18,1.0
1768879442.972236,0,train,0.1991662400856109,0.10591012219418816,0.00751405017739179,-0.01237135465756942,-0.02083781253455692,0.003389973858660962,0.0,0.18,1.0
1768879442.9722486,0,train,0.1991662400856109,0.10591012219418816,0.00751405017739179,-0.007013871728426571,-0.029089683884222697,0.00523995659247898,0.0,0.18,1.0
1768879442.9722548,0,train,0.1991662400856109,0.10591012219418816,0.00751405017739179,0.0033721565518806803,-0.03173784050692769,0.0005946457775964424,0.0,0.18,1.0
1768879442.972265,0,train,0.1991662400856109,0.10591012219418816,0.00751405017739179,0.005916445447439832,-0.019467480196757137,0.002813214129040559,0.0,0.18,1.0
1768879442.9722703,0,train,0.1991662400856109,0.10591012219418816,0.00751405017739179,-0.005049098006859776,-0.011382604754132022,0.00690374029880711,0.0,0.18,1.0
1768879443.0124938,0,train,0.22223805591051163,0.12285025006005537,0.01817810332500326,-0.014263756172362073,-0.012919398838068445,0.0019090088679836873,0.0,0.18,1.0
1768879443.0125036,0,train,0.22223805591051163,0.12285025006005537,0.01817810332500326,-0.013042143622111037,-0.01588793144831925,0.001243808283822597,0.0,0.18,1.0
1768879443.01251,0,train,0.22223805591051163,0.12285025006005537,0.01817810332500326,-0.00419343912335932,-0.016100364282118595,-0.005000218246826718,0.0,0.18,1.0
1768879443.0125158,0,train,0.22223805591051163,0.12285025006005537,0.01817810332500326,-0.015883519421096837,-0.014884387812010664,-0.009918445462682297,0.0,0.18,1.0
1768879443.0125518,0,train,0.22223805591051163,0.12285025006005537,0.01817810332500326,-0.006872601543611409,-0.002635068059927967,-0.0026682124574820263,0.0,0.18,1.0
1768879443.0125704,0,train,0.22223805591051163,0.12285025006005537,0.01817810332500326,-0.010527694304295156,-0.0035066422866300868,0.0019375453879320673,0.0,0.18,1.0
1768879443.012576,0,train,0.22223805591051163,0.12285025006005537,0.01817810332500326,-0.007396853858341799,-0.008171800109119583,-0.00039186204487830933,0.0,0.18,1.0
1768879443.0125816,0,train,0.22223805591051163,0.12285025006005537,0.01817810332500326,-0.013397337573713797,0.003293918057907079,0.0020077671672093537,0.0,0.18,1.0
1768879443.0125875,0,train,0.22223805591051163,0.12285025006005537,0.01817810332500326,-0.004292147025919849,-0.0025183420053236935,-0.008469397128499642,0.0,0.18,1.0
1768879443.0125933,0,train,0.22223805591051163,0.12285025006005537,0.01817810332500326,-0.0029873315416726613,0.005752774927845126,-0.00991970579452286,0.0,0.18,1.0
1768879443.062883,0,train,0.25387905887131773,0.14910453655444675,0.037541642523246765,0.0016548125175720218,0.001122232488542872,-0.015105499327789299,0.0,0.18,1.0
1768879443.0628922,0,train,0.25387905887131773,0.14910453655444675,0.037541642523246765,-0.011233350812680731,-0.0004564833478877114,-0.015706604976847963,0.0,0.18,1.0
1768879443.0629113,0,train,0.25387905887131773,0.14910453655444675,0.037541642523246765,-0.010107057909131273,-0.008777039390463063,-0.009947581475686805,0.0,0.18,1.0
1768879443.0629168,0,train,0.25387905887131773,0.14910453655444675,0.037541642523246765,-0.017683429634273225,-0.009393158681995957,-0.007700466813943635,0.0,0.18,1.0
1768879443.0629365,0,train,0.25387905887131773,0.14910453655444675,0.037541642523246765,-0.010131121968672852,-0.0018267480841519695,-0.0014487429603153665,0.0,0.18,1.0
1768879443.0629425,0,train,0.25387905887131773,0.14910453655444675,0.037541642523246765,-0.024560343586367925,-0.0030805471492661397,-0.00331041206814684,0.0,0.18,1.0
1768879443.062948,0,train,0.25387905887131773,0.14910453655444675,0.037541642523246765,-0.003990222493332736,-0.008684148632633025,-0.00437732269706329,0.0,0.18,1.0
1768879443.062954,0,train,0.25387905887131773,0.14910453655444675,0.037541642523246765,-0.0008929055727939939,-0.02144402383224219,-0.001239316210478907,0.0,0.18,1.0
1768879443.06296,0,train,0.25387905887131773,0.14910453655444675,0.037541642523246765,-0.01055225964514736,-0.0220070236029713,-0.0070586772114546534,0.0,0.18,1.0
1768879443.0629652,0,train,0.25387905887131773,0.14910453655444675,0.037541642523246765,-0.01299043478515238,-0.016513184082390636,-0.010627957815691766,0.0,0.18,1.0
1768879443.1032603,0,train,0.2794464874444006,0.17281114324512772,0.05703699769926798,-0.003475715232111527,-0.014168235896031096,-0.012781265246353217,0.0,0.18,1.0
1768879443.1032693,0,train,0.2794464874444006,0.17281114324512772,0.05703699769926798,-0.008526154090977303,-0.009141197980150928,-0.01472176105821441,0.0,0.18,1.0
1768879443.1032753,0,train,0.2794464874444006,0.17281114324512772,0.05703699769926798,-0.010126331089513487,-0.010715635182008083,-0.016621587433956628,0.0,0.18,1.0
1768879443.10328,0,train,0.2794464874444006,0.17281114324512772,0.05703699769926798,-0.014812006955793947,0.0035466278897789555,-0.0051320181075391,0.0,0.18,1.0
1768879443.1032853,0,train,0.2794464874444006,0.17281114324512772,0.05703699769926798,-0.01708183850699983,-0.015536605732315576,-0.004030310275623357,0.0,0.18,1.0
1768879443.103303,0,train,0.2794464874444006,0.17281114324512772,0.05703699769926798,-0.004539178509099106,-0.013425799907718035,0.002128310095542303,0.0,0.18,1.0
1768879443.1033084,0,train,0.2794464874444006,0.17281114324512772,0.05703699769926798,-0.009373707710026534,-0.008240353924879935,0.0009499648378095852,0.0,0.18,1.0
1768879443.1033144,0,train,0.2794464874444006,0.17281114324512772,0.05703699769926798,0.0016938745732399565,-0.0023766208782249197,0.0006121685333768004,0.0,0.18,1.0
1768879443.10332,0,train,0.2794464874444006,0.17281114324512772,0.05703699769926798,-0.013434322130816327,0.00016994416646474823,0.004079015062934776,0.0,0.18,1.0
1768879443.103325,0,train,0.2794464874444006,0.17281114324512772,0.05703699769926798,-0.002839662688557627,-0.0015690424271019878,0.0030806964490815987,0.0,0.18,1.0
1768879443.1436477,0,train,0.30336190239327726,0.19749011933879684,0.0791144315915744,-0.005863433052827719,-0.014170927205613216,0.00041918112603912014,0.0,0.18,1.0
1768879443.143675,0,train,0.30336190239327726,0.19749011933879684,0.0791144315915744,0.001171935783529301,-0.012288792652012426,-0.0026454468063757774,0.0,0.18,1.0
1768879443.143689,0,train,0.30336190239327726,0.19749011933879684,0.0791144315915744,-0.01637354799392123,-0.02032032403449732,0.003032608278252095,0.0,0.18,1.0
1768879443.1436946,0,train,0.30336190239327726,0.19749011933879684,0.0791144315915744,-0.003907181893775539,-0.011898903238518499,-0.005765015477613692,0.0,0.18,1.0
1768879443.1436996,0,train,0.30336190239327726,0.19749011933879684,0.0791144315915744,-0.00921955356685498,-0.009562785518764013,-0.010260462943811987,0.0,0.18,1.0
1768879443.143705,0,train,0.30336190239327726,0.19749011933879684,0.0791144315915744,-0.017011703543286318,-0.005128000355496118,-0.01636840894883673,0.0,0.18,1.0
1768879443.1437101,0,train,0.30336190239327726,0.19749011933879684,0.0791144315915744,-0.01988161017764448,-0.003146604053352676,-0.0008914043921936716,0.0,0.18,1.0
1768879443.1437156,0,train,0.30336190239327726,0.19749011933879684,0.0791144315915744,-0.0030815669376288374,-0.013397461405930794,-0.009079016045669151,0.0,0.18,1.0
1768879443.1437218,0,train,0.30336190239327726,0.19749011933879684,0.0791144315915744,-0.016865430445119792,-0.008134156528674883,-0.00254177945312117,0.0,0.18,1.0
1768879443.1437316,0,train,0.30336190239327726,0.19749011933879684,0.0791144315915744,-0.021128119111277155,-0.01222004331084186,0.0034877059436613086,0.0,0.18,1.0
1768879443.1940248,0,train,0.3282237905165697,0.22737500438047262,0.1085641670824683,-0.018364236496441498,-0.001588421424880132,0.0019516166434635342,0.0,0.18,1.0
1768879443.1940374,0,train,0.3282237905165697,0.22737500438047262,0.1085641670824683,-0.0008331416958734379,-0.012242542489344043,-0.002849273163266891,0.0,0.18,1.0
1768879443.1940446,0,train,0.3282237905165697,0.22737500438047262,0.1085641670824683,0.006978444399983753,-0.01164426104965011,0.0011539438780689356,0.0,0.18,1.0
1768879443.1940508,0,train,0.3282237905165697,0.22737500438047262,0.1085641670824683,-0.005137866928007878,-0.012185709431442968,-0.0010075485950356376,0.0,0.18,1.0
1768879443.1940567,0,train,0.3282237905165697,0.22737500438047262,0.1085641670824683,-0.017982387488078455,-0.011720097365361296,0.0036049215176195784,0.0,0.18,1.0
1768879443.1940906,0,train,0.3282237905165697,0.22737500438047262,0.1085641670824683,-0.0033166965000537988,-0.0251317553355109,-0.010755885744661723,0.0,0.18,1.0
1768879443.1940968,0,train,0.3282237905165697,0.22737500438047262,0.1085641670824683,0.0009309949575504012,-0.020395262770052974,-0.01102094234403382,0.0,0.18,1.0
1768879443.194103,0,train,0.3282237905165697,0.22737500438047262,0.1085641670824683,-0.013534299639425165,-0.014700183949697802,-0.01075005396252397,0.0,0.18,1.0
1768879443.1941092,0,train,0.3282237905165697,0.22737500438047262,0.1085641670824683,0.0023221228430244777,-0.004644388608034415,-0.004655677774421642,0.0,0.18,1.0
1768879443.1941223,0,train,0.3282237905165697,0.22737500438047262,0.1085641670824683,-0.010064738894739748,-0.002928285137804177,-0.01318102736030826,0.0,0.18,1.0
1768879443.2344108,0,train,0.34215457638779895,0.2486276550928741,0.13203899543812264,-0.007994846843247132,-0.010424988685212317,-0.01348800475778488,0.0,0.18,1.0
1768879443.2344267,0,train,0.34215457638779895,0.2486276550928741,0.13203899543812264,-0.0049638804231992495,-0.018648829644073127,-0.014985762614535894,0.0,0.18,1.0
1768879443.2344527,0,train,0.34215457638779895,0.2486276550928741,0.13203899543812264,-0.021270824577108924,-0.013313749305624449,-0.013309470097212214,0.0,0.18,1.0
1768879443.2344584,0,train,0.34215457638779895,0.2486276550928741,0.13203899543812264,-0.00024503709711552426,-0.0030679575541441746,-0.0005458546378886574,0.0,0.18,1.0
1768879443.234464,0,train,0.34215457638779895,0.2486276550928741,0.13203899543812264,0.00023740535279169884,0.0056731724735509335,0.0017534445383497906,0.0,0.18,1.0
1768879443.2344687,0,train,0.34215457638779895,0.2486276550928741,0.13203899543812264,-0.011396892695395082,0.0015936298387230381,0.0004156461496969053,0.0,0.18,1.0
1768879443.2344735,0,train,0.34215457638779895,0.2486276550928741,0.13203899543812264,-0.011927308267876292,-0.006549814982696552,-0.008119062956215426,0.0,0.18,1.0
1768879443.2344785,0,train,0.34215457638779895,0.2486276550928741,0.13203899543812264,-0.0019303098049824345,-6.265614908081761e-06,-0.005854874449141137,0.0,0.18,1.0
1768879443.2344835,0,train,0.34215457638779895,0.2486276550928741,0.13203899543812264,-0.011816078759463056,-0.009494141235858101,-0.007578239567012877,0.0,0.18,1.0
1768879443.2344933,0,train,0.34215457638779895,0.2486276550928741,0.13203899543812264,-0.0035874684406982573,0.002765468636868556,-0.007674912338095742,0.0,0.18,1.0
1768879443.2747762,0,train,0.34938407106788,0.2658792552718435,0.15392752778662772,0.006850268273389316,0.004950824161864228,-0.009010586281298258,0.0,0.18,1.0
1768879443.2747915,0,train,0.34938407106788,0.2658792552718435,0.15392752778662772,-0.0028520713201900683,0.002436639461961023,-0.008653630839371521,0.0,0.18,1.0
1768879443.2747967,0,train,0.34938407106788,0.2658792552718435,0.15392752778662772,0.006371063053547127,-0.0020970307095377495,-0.005984314725069428,0.0,0.18,1.0
1768879443.2748015,0,train,0.34938407106788,0.2658792552718435,0.15392752778662772,-0.011579706112860872,-0.01656157689720472,0.00017055456907053964,0.0,0.18,1.0
1768879443.274806,0,train,0.34938407106788,0.2658792552718435,0.15392752778662772,-0.01705031926127791,-0.015808746759975654,0.0003604870828157295,0.0,0.18,1.0
1768879443.27481,0,train,0.34938407106788,0.2658792552718435,0.15392752778662772,-0.009007516957784923,0.0022730541077876066,-0.005048749572360352,0.0,0.18,1.0
1768879443.2748387,0,train,0.34938407106788,0.2658792552718435,0.15392752778662772,-0.019783335595961838,-0.005461382183270912,-0.011144103272652065,0.0,0.18,1.0
1768879443.2748437,0,train,0.34938407106788,0.2658792552718435,0.15392752778662772,-0.02239189442908896,-0.013151767341242682,-0.010758401276667015,0.0,0.18,1.0
1768879443.2748485,0,train,0.34938407106788,0.2658792552718435,0.15392752778662772,-0.014100714769179224,-0.015949550079796586,-0.006461204802771566,0.0,0.18,1.0
1768879443.2748528,0,train,0.34938407106788,0.2658792552718435,0.15392752778662772,-0.01711284775767733,-0.02289699869285644,-0.011582791930650775,0.0,0.18,1.0
1768879443.3150675,0,train,0.3490890589287684,0.2778125251253583,0.17285615771459759,-0.012140275654542097,-0.019320454080091764,-0.014037458463332953,0.0,0.18,1.0
1768879443.3150806,0,train,0.3490890589287684,0.2778125251253583,0.17285615771459759,-0.01305938674756678,-0.011493621005660482,-0.00815332117383877,0.0,0.18,1.0
1768879443.3150873,0,train,0.3490890589287684,0.2778125251253583,0.17285615771459759,-0.00938102724870416,-0.0007940951779233389,-0.007782034331002926,0.0,0.18,1.0
1768879443.3150926,0,train,0.3490890589287684,0.2778125251253583,0.17285615771459759,-0.02041812709602982,-0.008866983247978613,-0.012436302881462224,0.0,0.18,1.0
1768879443.3150983,0,train,0.3490890589287684,0.2778125251253583,0.17285615771459759,-0.0038640392639404074,-0.008189749813555209,-0.005645422095056614,0.0,0.18,1.0
1768879443.3151045,0,train,0.3490890589287684,0.2778125251253583,0.17285615771459759,-0.00989487434338888,-0.008717950298701595,-0.000369618194890556,0.0,0.18,1.0
1768879443.3151107,0,train,0.3490890589287684,0.2778125251253583,0.17285615771459759,-0.012422096181121384,-0.0052625677635053224,0.0013584388131633672,0.0,0.18,1.0
1768879443.315117,0,train,0.3490890589287684,0.2778125251253583,0.17285615771459759,-0.020011082004894584,-0.015599505992084671,4.808114774333956e-05,0.0,0.18,1.0
1768879443.3151226,0,train,0.3490890589287684,0.2778125251253583,0.17285615771459759,-0.002485927753290807,-0.010811035258829179,-0.002453967585480079,0.0,0.18,1.0
1768879443.3151443,0,train,0.3490890589287684,0.2778125251253583,0.17285615771459759,-0.0036473087422551017,-0.01513863324946216,-0.006267121560367199,0.0,0.18,1.0
1768879443.3655086,0,train,0.33776589241241306,0.28372808647614606,0.19045624142925693,-0.003166326803589873,-0.015482463486083503,-0.015542084604206282,0.0,0.18,1.0
1768879443.365519,0,train,0.33776589241241306,0.28372808647614606,0.19045624142925693,-0.014500034364692348,-0.02085812593023217,-0.01645715880956133,0.0,0.18,1.0
1768879443.365525,0,train,0.33776589241241306,0.28372808647614606,0.19045624142925693,-0.014027101350043907,-0.027336901703748202,-0.0031248017905798637,0.0,0.18,1.0
1768879443.3655517,0,train,0.33776589241241306,0.28372808647614606,0.19045624142925693,0.0052532971208351705,-0.018440771421153607,-0.013216556398096043,0.0,0.18,1.0
1768879443.3655577,0,train,0.33776589241241306,0.28372808647614606,0.19045624142925693,-0.012015616059078077,-0.025171565433840984,-0.012702208636249749,0.0,0.18,1.0
1768879443.3655639,0,train,0.33776589241241306,0.28372808647614606,0.19045624142925693,-0.0055169758024658875,-0.030360590282056135,-0.004363286737542173,0.0,0.18,1.0
1768879443.3655748,0,train,0.33776589241241306,0.28372808647614606,0.19045624142925693,-0.008199091644915226,-0.024932624606118826,-0.0030822819856778003,0.0,0.18,1.0
1768879443.3655806,0,train,0.33776589241241306,0.28372808647614606,0.19045624142925693,-0.003946779409762256,-0.02055904247134806,-0.0036323699164448674,0.0,0.18,1.0
1768879443.3655858,0,train,0.33776589241241306,0.28372808647614606,0.19045624142925693,-0.013807630565367688,-0.02140771763391664,-0.0071776275112373136,0.0,0.18,1.0
1768879443.3655913,0,train,0.33776589241241306,0.28372808647614606,0.19045624142925693,-0.010117044167165044,-0.014348448627658614,-0.011751450797616289,0.0,0.18,1.0
1768879443.4058068,0,train,0.3204721612322934,0.2805432222589139,0.19839517854242353,-0.003732790304705781,-0.013676671874129442,-0.014369843039787014,0.0,0.18,1.0
1768879443.4058175,0,train,0.3204721612322934,0.2805432222589139,0.19839517854242353,-0.01489551839404794,-0.009735168924200184,-0.001987285104557965,0.0,0.18,1.0
1768879443.4058242,0,train,0.3204721612322934,0.2805432222589139,0.19839517854242353,-0.012867910249457657,-0.010043509018200392,-0.0029011912023349825,0.0,0.18,1.0
1768879443.4058444,0,train,0.3204721612322934,0.2805432222589139,0.19839517854242353,0.0009863833730288053,-0.012733809550022509,-0.00795759841329588,0.0,0.18,1.0
1768879443.4058497,0,train,0.3204721612322934,0.2805432222589139,0.19839517854242353,0.0016098346741813168,-0.01677994963131617,-0.012378807765748906,0.0,0.18,1.0
1768879443.405855,0,train,0.3204721612322934,0.2805432222589139,0.19839517854242353,0.013477510634530942,-0.00628001879141946,-0.0048021253438813105,0.0,0.18,1.0
1768879443.4058604,0,train,0.3204721612322934,0.2805432222589139,0.19839517854242353,0.004566712742391876,-0.017729533104098392,-0.005592729707141168,0.0,0.18,1.0
1768879443.405866,0,train,0.3204721612322934,0.2805432222589139,0.19839517854242353,-0.0062242172525500405,-0.013003049663464758,0.0015840258233177748,0.0,0.18,1.0
1768879443.4058716,0,train,0.3204721612322934,0.2805432222589139,0.19839517854242353,-0.002752020808046393,-0.01794028171857524,-0.0008362303164294128,0.0,0.18,1.0
1768879443.4461727,0,train,0.29707871189014934,0.27025556017368296,0.200087094866156,0.00687065651043119,-0.012432880409701948,-0.0022652886390128564,0.0,0.18,1.0
1768879443.4461818,0,train,0.29707871189014934,0.27025556017368296,0.200087094866156,-0.0014951400890980148,-0.022436599207167097,-0.004910112282530028,0.0,0.18,1.0
1768879443.446194,0,train,0.29707871189014934,0.27025556017368296,0.200087094866156,0.01106420441780494,-0.009631231360612263,-0.01098103416344094,0.0,0.18,1.0
1768879443.4461997,0,train,0.29707871189014934,0.27025556017368296,0.200087094866156,0.0069652832056155125,-0.008400568123396302,-0.007783869594866716,0.0,0.18,1.0
1768879443.446205,0,train,0.29707871189014934,0.27025556017368296,0.200087094866156,-0.0023700729584267537,-0.01311327981934039,-0.006537783150588672,0.0,0.18,1.0
1768879443.4462101,0,train,0.29707871189014934,0.27025556017368296,0.200087094866156,0.0026598965571905833,-0.012331766295945278,-0.01005041321814605,0.0,0.18,1.0
1768879443.4462159,0,train,0.29707871189014934,0.27025556017368296,0.200087094866156,0.011957702698926456,-0.007952774319058739,-0.0013736037866837916,0.0,0.18,1.0
1768879443.4462216,0,train,0.29707871189014934,0.27025556017368296,0.200087094866156,0.007060090758649437,-0.017540306609255547,-0.003937807796565733,0.0,0.18,1.0
1768879443.4462304,0,train,0.29707871189014934,0.27025556017368296,0.200087094866156,0.0036951210910474977,-0.022231058870669236,-0.004654255963279295,0.0,0.18,1.0
1768879443.4462364,0,train,0.29707871189014934,0.27025556017368296,0.200087094866156,0.010436380354697593,-0.015628288160372518,-0.002355808846714623,0.0,0.18,1.0
1768879443.486398,0,train,0.2693698347683017,0.2533778217312896,0.19520153068574833,-0.005937385053817995,-0.00944025128082592,-0.004411145772329541,0.0,0.18,1.0
1768879443.4864058,0,train,0.2693698347683017,0.2533778217312896,0.19520153068574833,-0.014693191223473522,-0.019144705180939015,-0.004151145972611426,0.0,0.18,1.0
1768879443.4864116,0,train,0.2693698347683017,0.2533778217312896,0.19520153068574833,-0.0032812310828977498,-0.011740460045623315,-0.007278616922985841,0.0,0.18,1.0
1768879443.4864166,0,train,0.2693698347683017,0.2533778217312896,0.19520153068574833,-0.011417306664751166,-0.0008716778525965928,-0.006423090363885156,0.0,0.18,1.0
1768879443.486422,0,train,0.2693698347683017,0.2533778217312896,0.19520153068574833,0.0011999503073766937,-0.010012696589966064,0.0005658535959458851,0.0,0.18,1.0
1768879443.4864397,0,train,0.2693698347683017,0.2533778217312896,0.19520153068574833,-0.0006832721602013692,-0.012079579111121529,-0.007467386755361117,0.0,0.18,1.0
1768879443.486446,0,train,0.2693698347683017,0.2533778217312896,0.19520153068574833,0.00047586357361936287,-0.01307736698964293,-0.014031262381533814,0.0,0.18,1.0
1768879443.4864519,0,train,0.2693698347683017,0.2533778217312896,0.19520153068574833,0.012820200021618808,-0.005844665877577233,-0.005911501476497537,0.0,0.18,1.0
1768879443.4864576,0,train,0.2693698347683017,0.2533778217312896,0.19520153068574833,0.0063264894889526494,-0.009619318449794495,0.0006491495101038937,0.0,0.18,1.0
1768879443.4864633,0,train,0.2693698347683017,0.2533778217312896,0.19520153068574833,-0.0037135682790750495,-0.0006881941232185863,-0.0007399710239384301,0.0,0.18,1.0
1768879443.5368338,0,train,0.232123125264412,0.2246251418250627,0.18001807961135355,-0.004832070615871974,-0.005574691527749674,0.004512488500680334,0.0,0.18,1.0
1768879443.5368576,0,train,0.232123125264412,0.2246251418250627,0.18001807961135355,-0.005300268579602068,-0.005627338175616855,-0.0035269019573869907,0.0,0.18,1.0
1768879443.5368638,0,train,0.232123125264412,0.2246251418250627,0.18001807961135355,-0.00676777767721871,-0.00877244647173332,0.00018278526374786906,0.0,0.18,1.0
1768879443.536869,0,train,0.232123125264412,0.2246251418250627,0.18001807961135355,-0.008939596843349244,-0.012779602984631277,-0.004357703059050743,0.0,0.18,1.0
1768879443.536875,0,train,0.232123125264412,0.2246251418250627,0.18001807961135355,-0.00887857784794116,-0.007442761271382874,-0.01076597929352012,0.0,0.18,1.0
1768879443.536881,0,train,0.232123125264412,0.2246251418250627,0.18001807961135355,-0.011628232606627443,-0.00613801988353974,0.0004647903919364516,0.0,0.18,1.0
1768879443.5368865,0,train,0.232123125264412,0.2246251418250627,0.18001807961135355,0.003647587538055476,-0.018287768854118997,-0.007087667644540478,0.0,0.18,1.0
1768879443.5368924,0,train,0.232123125264412,0.2246251418250627,0.18001807961135355,0.010852918351203769,-0.011418023309804307,-0.012502450407588454,0.0,0.18,1.0
1768879443.536912,0,train,0.232123125264412,0.2246251418250627,0.18001807961135355,0.0008140313840228013,-0.016906648000145498,-0.005918374085599188,0.0,0.18,1.0
1768879443.5369174,0,train,0.232123125264412,0.2246251418250627,0.18001807961135355,0.011917945514358243,-0.015013014361617609,-0.003640288042823012,0.0,0.18,1.0
1768879443.5771194,0,train,0.2035049515044296,0.19749886466045302,0.16137375408168797,-0.009362954824010703,-0.014609127948805251,-0.010652755022682387,0.0,0.18,1.0
1768879443.5771291,0,train,0.2035049515044296,0.19749886466045302,0.16137375408168797,-0.0015848305217234931,-0.01639572956256498,-0.003802860173763335,0.0,0.18,1.0
1768879443.5771353,0,train,0.2035049515044296,0.19749886466045302,0.16137375408168797,-0.015737790794789153,-0.015509369120923032,0.0036993593157225333,0.0,0.18,1.0
1768879443.5771408,0,train,0.2035049515044296,0.19749886466045302,0.16137375408168797,-0.015334188308276358,-0.013363517906068509,0.009190308465368913,0.0,0.18,1.0
1768879443.5771458,0,train,0.2035049515044296,0.19749886466045302,0.16137375408168797,-0.01955592605419638,-0.010118479320193776,0.00954788708986909,0.0,0.18,1.0
1768879443.5771732,0,train,0.2035049515044296,0.19749886466045302,0.16137375408168797,-0.006270226353911391,-0.0046948372209116036,-0.0015146795606188592,0.0,0.18,1.0
1768879443.57718,0,train,0.2035049515044296,0.19749886466045302,0.16137375408168797,-0.008268458790930652,-0.021968541467081992,-0.00864755105860504,0.0,0.18,1.0
1768879443.57719,0,train,0.2035049515044296,0.19749886466045302,0.16137375408168797,0.0036035893005668816,-0.0037292183407750556,0.003239263016478356,0.0,0.18,1.0
1768879443.5771954,0,train,0.2035049515044296,0.19749886466045302,0.16137375408168797,-0.005947296589790995,0.0013853065704555563,0.0067120728171729815,0.0,0.18,1.0
1768879443.5772011,0,train,0.2035049515044296,0.19749886466045302,0.16137375408168797,-0.007935548164109452,-0.0013823407839417298,0.007018210208111853,0.0,0.18,1.0
1768879443.617446,0,train,0.17888985735599555,0.1689239422703246,0.13814695675676594,-0.0003966228645137513,-0.004421482887742902,0.006666170743757585,0.0,0.18,1.0
1768879443.6174557,0,train,0.17888985735599555,0.1689239422703246,0.13814695675676594,-0.018692292348202126,-0.008006439698794818,0.002163277731763602,0.0,0.18,1.0
1768879443.6174622,0,train,0.17888985735599555,0.1689239422703246,0.13814695675676594,0.004109735698762778,-0.006387058723863915,-0.004762360076688252,0.0,0.18,1.0
1768879443.617468,0,train,0.17888985735599555,0.1689239422703246,0.13814695675676594,-0.001397792446800239,0.003778968121045536,-0.01452522609797687,0.0,0.18,1.0
1768879443.6174734,0,train,0.17888985735599555,0.1689239422703246,0.13814695675676594,-0.011011084311332704,-0.0060585697030889705,-0.007118943643203842,0.0,0.18,1.0
1768879443.6174784,0,train,0.17888985735599555,0.1689239422703246,0.13814695675676594,0.0024038411823824155,-0.01294134506625077,-0.009184001505561524,0.0,0.18,1.0
1768879443.6174843,0,train,0.17888985735599555,0.1689239422703246,0.13814695675676594,-0.008129134954710104,-0.020094820803552394,-0.0031203164431656224,0.0,0.18,1.0
1768879443.6174903,0,train,0.17888985735599555,0.1689239422703246,0.13814695675676594,-0.008504110941389594,-0.014250164717076536,-0.0005312578379110973,0.0,0.18,1.0
1768879443.6175098,0,train,0.17888985735599555,0.1689239422703246,0.13814695675676594,-0.009497569131454005,-0.010915783414207137,-0.00025643280586107396,0.0,0.18,1.0
1768879443.6175158,0,train,0.17888985735599555,0.1689239422703246,0.13814695675676594,-0.00276280672005024,-0.009406034010894331,-0.01286105616605558,0.0,0.18,1.0
1768879443.6678457,0,train,0.1575655257180643,0.13473259516608183,0.10505271816116862,-0.0029187239687149193,-0.021513421324289277,-0.008064632831587874,0.0,0.18,1.0
1768879443.667855,0,train,0.1575655257180643,0.13473259516608183,0.10505271816116862,-0.02094740154272538,-0.012382115065186487,-0.0030540556726728744,0.0,0.18,1.0
1768879443.6678607,0,train,0.1575655257180643,0.13473259516608183,0.10505271816116862,-0.004416754463837169,-0.012680420633079259,0.0006532342562704128,0.0,0.18,1.0
1768879443.6678662,0,train,0.1575655257180643,0.13473259516608183,0.10505271816116862,-0.006373496381304603,-0.007504713396596006,-0.0044563299941152166,0.0,0.18,1.0
1768879443.6678832,0,train,0.1575655257180643,0.13473259516608183,0.10505271816116862,-0.0109678634761554,-0.010121398689860362,-0.00733493812806045,0.0,0.18,1.0
1768879443.6678948,0,train,0.1575655257180643,0.13473259516608183,0.10505271816116862,-0.009851783987959268,0.0014169211988208875,-0.010932827825709384,0.0,0.18,1.0
1768879443.6679006,0,train,0.1575655257180643,0.13473259516608183,0.10505271816116862,-0.0032124530971082248,-0.001174611518711757,-0.007679790475185044,0.0,0.18,1.0
1768879443.6679068,0,train,0.1575655257180643,0.13473259516608183,0.10505271816116862,0.007509209968131165,-0.0050375351508133446,-0.006087862107166743,0.0,0.18,1.0
1768879443.6679125,0,train,0.1575655257180643,0.13473259516608183,0.10505271816116862,-0.012140051695795255,-0.0002184720522829618,-0.012197675710370788,0.0,0.18,1.0
1768879443.667918,0,train,0.1575655257180643,0.13473259516608183,0.10505271816116862,-0.014182153105147451,0.009297238659659177,-0.009818466340071696,0.0,0.18,1.0
1768879443.7081244,0,train,0.15044957104376755,0.11152879900737431,0.07765571112784453,0.005470173273613816,0.003776396906386484,-0.006190089832922758,0.0,0.18,1.0
1768879443.7081325,0,train,0.15044957104376755,0.11152879900737431,0.07765571112784453,0.002852047947612917,-0.003061448267010983,-0.0008285555564953545,0.0,0.18,1.0
1768879443.7081492,0,train,0.15044957104376755,0.11152879900737431,0.07765571112784453,-0.01507230515440345,-0.005395412673066444,-0.0032051040925251775,0.0,0.18,1.0
1768879443.708155,0,train,0.15044957104376755,0.11152879900737431,0.07765571112784453,-0.0029519700523876037,-0.012481436190648988,-0.004980858083108917,0.0,0.18,1.0
1768879443.70816,0,train,0.15044957104376755,0.11152879900737431,0.07765571112784453,0.007342973336106709,-0.01840991213776873,-0.010302001933791122,0.0,0.18,1.0
1768879443.7081652,0,train,0.15044957104376755,0.11152879900737431,0.07765571112784453,-0.004737991375256961,-0.008663871940011003,-0.0026305964086765507,0.0,0.18,1.0
1768879443.7081707,0,train,0.15044957104376755,0.11152879900737431,0.07765571112784453,-0.013628198942905217,-0.008984983616695374,-0.0009548101544361101,0.0,0.18,1.0
1768879443.7081766,0,train,0.15044957104376755,0.11152879900737431,0.07765571112784453,-0.023174373250021793,-0.002135253598260191,-0.003209951873140045,0.0,0.18,1.0
1768879443.7081819,0,train,0.15044957104376755,0.11152879900737431,0.07765571112784453,-0.005730412792833673,-0.0006722669832030286,-0.0013574479346638954,0.0,0.18,1.0
1768879443.7081928,0,train,0.15044957104376755,0.11152879900737431,0.07765571112784453,-0.011947979547969069,-0.0017179634634160801,0.005810058209865663,0.0,0.18,1.0
1768879443.7485995,0,train,0.15339562507726467,0.09436373260842817,0.05164608704864224,-0.014938394159400376,0.0008648460332817804,0.0019974607735723515,0.0,0.18,1.0
1768879443.7486103,0,train,0.15339562507726467,0.09436373260842817,0.05164608704864224,-0.023344045128585685,0.0010331051296422283,-0.008450508346150314,0.0,0.18,1.0
1768879443.7486355,0,train,0.15339562507726467,0.09436373260842817,0.05164608704864224,-0.003939717870444351,-0.022775812015287798,-0.0023576816061390412,0.0,0.18,1.0
1768879443.7486415,0,train,0.15339562507726467,0.09436373260842817,0.05164608704864224,-0.016912383457010505,-0.008872493536035211,-0.007323619034604423,0.0,0.18,1.0
1768879443.748647,0,train,0.15339562507726467,0.09436373260842817,0.05164608704864224,-0.016878749806134217,-0.012528954273374542,-0.015713717357139965,0.0,0.18,1.0
1768879443.7486522,0,train,0.15339562507726467,0.09436373260842817,0.05164608704864224,-0.012512907017801894,-0.008393167062340265,-0.013867009711429961,0.0,0.18,1.0
1768879443.7486646,0,train,0.15339562507726467,0.09436373260842817,0.05164608704864224,-0.007522535305396982,-0.0035845051013797197,-0.01095308525539061,0.0,0.18,1.0
1768879443.7486706,0,train,0.15339562507726467,0.09436373260842817,0.05164608704864224,-0.007037981429965513,-0.001884362990573419,-0.010368340942632275,0.0,0.18,1.0
1768879443.7486763,0,train,0.15339562507726467,0.09436373260842817,0.05164608704864224,-0.010839789024446536,0.004039928330400653,-0.008846594546112564,0.0,0.18,1.0
1768879443.7486823,0,train,0.15339562507726467,0.09436373260842817,0.05164608704864224,-0.006163085751475464,0.0006611585603749138,-0.008153344412935843,0.0,0.18,1.0
1768879443.788928,0,train,0.16651331246052387,0.08505662658433932,0.029173500517050865,0.00369067248756121,-0.008157756426599546,-0.01343732775438837,0.0,0.18,1.0
1768879443.788939,0,train,0.16651331246052387,0.08505662658433932,0.029173500517050865,-0.0028539434696833337,-0.009389371010138776,-0.008977973499137815,0.0,0.18,1.0
1768879443.788945,0,train,0.16651331246052387,0.08505662658433932,0.029173500517050865,0.005392984170746885,-0.0045242108944786785,-0.012658656829356735,0.0,0.18,1.0
1768879443.7889633,0,train,0.16651331246052387,0.08505662658433932,0.029173500517050865,-0.006788175277717546,-0.0077191534268841585,-0.00773332335226577,0.0,0.18,1.0
1768879443.7889688,0,train,0.16651331246052387,0.08505662658433932,0.029173500517050865,-0.018964947270458467,-0.006402355863284043,-0.011964495550484596,0.0,0.18,1.0
1768879443.7889738,0,train,0.16651331246052387,0.08505662658433932,0.029173500517050865,-0.017962977742643847,-0.014727131444405623,-0.004772840953506872,0.0,0.18,1.0
1768879443.7889795,0,train,0.16651331246052387,0.08505662658433932,0.029173500517050865,0.005598544627084234,-0.010274736956498812,-0.007972787371675123,0.0,0.18,1.0
1768879443.7889853,0,train,0.16651331246052387,0.08505662658433932,0.029173500517050865,-0.00897681089238751,0.00030714514998185044,-0.003960729570916383,0.0,0.18,1.0
1768879443.7889907,0,train,0.16651331246052387,0.08505662658433932,0.029173500517050865,0.003817502245448871,0.0034121315075361803,-0.0017743701675566226,0.0,0.18,1.0
1768879443.7889957,0,train,0.16651331246052387,0.08505662658433932,0.029173500517050865,0.005589151427835113,0.0028252247971981806,0.0038102360443549197,0.0,0.18,1.0
1768879443.8393197,0,train,0.19552492454851217,0.08616564923011073,0.009031949146003526,-0.013808591007269047,-0.004893167855951518,0.0032083960365530627,0.0,0.18,1.0
1768879443.8393295,0,train,0.19552492454851217,0.08616564923011073,0.009031949146003526,-0.011128409198804775,-0.01036369656264854,-0.004371085286013377,0.0,0.18,1.0
1768879443.839335,0,train,0.19552492454851217,0.08616564923011073,0.009031949146003526,-0.0030978236245285434,-0.005823267818858433,-0.012027918038361007,0.0,0.18,1.0
1768879443.8393402,0,train,0.19552492454851217,0.08616564923011073,0.009031949146003526,-0.020134100052090615,-0.0093208049480829,0.001493767134028449,0.0,0.18,1.0
1768879443.8393455,0,train,0.19552492454851217,0.08616564923011073,0.009031949146003526,-0.004128035505494455,-0.0022846914762708545,-0.002077736099572332,0.0,0.18,1.0
1768879443.8393507,0,train,0.19552492454851217,0.08616564923011073,0.009031949146003526,-0.012694024536452549,-0.00818702053297852,-0.0034744754293671207,0.0,0.18,1.0
1768879443.8393564,0,train,0.19552492454851217,0.08616564923011073,0.009031949146003526,-0.017800306906734738,-0.0060292184879199625,-0.0056243732196463265,0.0,0.18,1.0
1768879443.8393824,0,train,0.19552492454851217,0.08616564923011073,0.009031949146003526,-0.0065909957727377615,-0.008757808737490297,-0.010907166828830204,0.0,0.18,1.0
1768879443.8393881,0,train,0.19552492454851217,0.08616564923011073,0.009031949146003526,-0.015362289122660149,0.004071483452523253,-0.01630697877097723,0.0,0.18,1.0
1768879443.8393934,0,train,0.19552492454851217,0.08616564923011073,0.009031949146003526,-0.008200480738923164,-0.008756106091271707,-0.013219366906346865,0.0,0.18,1.0
1768879443.879621,0,train,0.22613749834011168,0.09754674830537785,0.0011329101583963525,0.001573106389833786,-0.008116501746988001,-0.010655815994925173,0.0,0.18,1.0
1768879443.8796318,0,train,0.22613749834011168,0.09754674830537785,0.0011329101583963525,-0.008659436611244345,-0.005322500048861532,-0.0063488532794341275,0.0,0.18,1.0
1768879443.8796375,0,train,0.22613749834011168,0.09754674830537785,0.0011329101583963525,-0.01478553407428531,-0.007210264642035524,-0.004790720087258773,0.0,0.18,1.0
1768879443.879657,0,train,0.22613749834011168,0.09754674830537785,0.0011329101583963525,-0.0250987296697117,-0.008502927802817835,-0.0013933539603133733,0.0,0.18,1.0
1768879443.879662,0,train,0.22613749834011168,0.09754674830537785,0.0011329101583963525,-0.023355855747089205,-0.0002732371626980656,0.006851558099012463,0.0,0.18,1.0
1768879443.8796682,0,train,0.22613749834011168,0.09754674830537785,0.0011329101583963525,-0.014597797311511064,-0.0005991086965683325,-0.00019136911296346979,0.0,0.18,1.0
1768879443.8796742,0,train,0.22613749834011168,0.09754674830537785,0.0011329101583963525,-0.027062235776194696,-0.0026660274238326405,-0.0014218561427786637,0.0,0.18,1.0
1768879443.8796942,0,train,0.22613749834011168,0.09754674830537785,0.0011329101583963525,0.0038630717413660393,-0.013287855621254459,-0.008122662001550896,0.0,0.18,1.0
1768879443.8797007,0,train,0.22613749834011168,0.09754674830537785,0.0011329101583963525,-0.003047184747009461,-0.011221025472256656,-0.007500634629186079,0.0,0.18,1.0
1768879443.879706,0,train,0.22613749834011168,0.09754674830537785,0.0011329101583963525,-0.012328440474236637,-0.011970312846955551,-0.0022400642042392288,0.0,0.18,1.0
1768879443.9200041,0,train,0.25985766638197805,0.1174793314402542,0.0015985009058745725,0.006368765113755556,-0.014947858890254436,-0.005626047107707752,0.0,0.18,1.0
1768879443.9200141,0,train,0.25985766638197805,0.1174793314402542,0.0015985009058745725,-0.0005120512190582065,-0.012826625982537239,-0.0041886119451856095,0.0,0.18,1.0
1768879443.9200199,0,train,0.25985766638197805,0.1174793314402542,0.0015985009058745725,0.008377090620939607,-0.012934862182901864,-0.0032760673926676338,0.0,0.18,1.0
1768879443.9200377,0,train,0.25985766638197805,0.1174793314402542,0.0015985009058745725,-0.01107648810129285,-0.015422203242441973,0.0037702448001986195,0.0,0.18,1.0
1768879443.920043,0,train,0.25985766638197805,0.1174793314402542,0.0015985009058745725,-0.01271787387380108,-0.013342624916046387,-0.0006512386664401096,0.0,0.18,1.0
1768879443.9200494,0,train,0.25985766638197805,0.1174793314402542,0.0015985009058745725,-0.02064695821074569,-0.014428137926220523,0.000361249640273904,0.0,0.18,1.0
1768879443.9200606,0,train,0.25985766638197805,0.1174793314402542,0.0015985009058745725,-0.024032036315976318,-0.013678048630653411,0.0028974799229202785,0.0,0.18,1.0
1768879443.9200664,0,train,0.25985766638197805,0.1174793314402542,0.0015985009058745725,-0.011347619856237858,-0.014848444789486707,-0.0016871487631054402,0.0,0.18,1.0
1768879443.9200718,0,train,0.25985766638197805,0.1174793314402542,0.0015985009058745725,-0.009660361686881173,-0.009428649452579338,-0.011748943216953463,0.0,0.18,1.0
1768879443.9603133,0,train,0.29286244084629637,0.14427081241558895,0.010676189969310176,-0.0029974111740966774,-0.017431965788554663,-0.014054556201361763,0.0,0.18,1.0
1768879443.9603214,0,train,0.29286244084629637,0.14427081241558895,0.010676189969310176,-0.00910189994234754,-0.01791662186364578,-0.00943182010575028,0.0,0.18,1.0
1768879443.9603276,0,train,0.29286244084629637,0.14427081241558895,0.010676189969310176,-0.0025477377781159207,-0.0027683001059348204,-0.011326213065410522,0.0,0.18,1.0
1768879443.9603333,0,train,0.29286244084629637,0.14427081241558895,0.010676189969310176,-0.01378707034422199,0.00841479453573284,-0.0037389327380515903,0.0,0.18,1.0
1768879443.9603522,0,train,0.29286244084629637,0.14427081241558895,0.010676189969310176,-0.021970745682459204,0.00809930830871307,-0.0019976959710409255,0.0,0.18,1.0
1768879443.960363,0,train,0.29286244084629637,0.14427081241558895,0.010676189969310176,-0.021139563723874055,0.0028090022642959195,-0.004946864204770067,0.0,0.18,1.0
1768879443.960369,0,train,0.29286244084629637,0.14427081241558895,0.010676189969310176,-0.00618589521368489,-0.010701824704821745,0.002085318082374612,0.0,0.18,1.0
1768879443.960375,0,train,0.29286244084629637,0.14427081241558895,0.010676189969310176,-0.01410241560707651,-0.007759674073809316,-0.002752678392567131,0.0,0.18,1.0
1768879443.9603806,0,train,0.29286244084629637,0.14427081241558895,0.010676189969310176,-0.009867667208670347,-0.01161858347761551,-0.003018344223048595,0.0,0.18,1.0
1768879443.9603858,0,train,0.29286244084629637,0.14427081241558895,0.010676189969310176,-0.01247998576573843,-0.01623510702614508,0.0015331390182890103,0.0,0.18,1.0
1768879444.010759,0,train,0.3270905812747028,0.18354510255143883,0.033285875317201966,-0.006090728756423906,-0.016200899253469916,-0.001223486896210359,0.0,0.18,1.0
1768879444.0107682,0,train,0.3270905812747028,0.18354510255143883,0.033285875317201966,-0.01706616940522539,-0.01743623012410677,-0.009734439246911888,0.0,0.18,1.0
1768879444.0107737,0,train,0.3270905812747028,0.18354510255143883,0.033285875317201966,0.0006453779369377869,0.0008830034754508105,-0.014280105688168438,0.0,0.18,1.0
1768879444.0107787,0,train,0.3270905812747028,0.18354510255143883,0.033285875317201966,-0.012317490567894161,-0.004998531685572902,-0.005384118441284064,0.0,0.18,1.0
1768879444.0107906,0,train,0.3270905812747028,0.18354510255143883,0.033285875317201966,-0.008146442791928391,-0.014253699967719987,-0.009428473625295909,0.0,0.18,1.0
1768879444.0107958,0,train,0.3270905812747028,0.18354510255143883,0.033285875317201966,-0.0008239705960539665,-0.009566628848146604,-0.010736509078745538,0.0,0.18,1.0
1768879444.0108013,0,train,0.3270905812747028,0.18354510255143883,0.033285875317201966,-0.0005865805016982522,-0.003024779713495846,-0.008077224339264586,0.0,0.18,1.0
1768879444.010807,0,train,0.3270905812747028,0.18354510255143883,0.033285875317201966,0.0066880357038310335,-0.005611730887899326,-0.004672405363676382,0.0,0.18,1.0
1768879444.0108168,0,train,0.3270905812747028,0.18354510255143883,0.033285875317201966,0.010016241453958786,-0.005578157029239556,-0.003382334317102379,0.0,0.18,1.0
1768879444.0108228,0,train,0.3270905812747028,0.18354510255143883,0.033285875317201966,0.009606281928950645,-0.014007122792854373,-0.0015703780736780492,0.0,0.18,1.0
1768879444.051111,0,train,0.344496950198697,0.2157260819291744,0.05870028655866286,-0.006550175721865205,-0.007503019979074263,0.0006817991867119335,0.0,0.18,1.0
1768879444.0511193,0,train,0.344496950198697,0.2157260819291744,0.05870028655866286,-0.014367894855464025,-0.00479434995742067,0.0004909752556915174,0.0,0.18,1.0
1768879444.0511253,0,train,0.344496950198697,0.2157260819291744,0.05870028655866286,-0.017738425492699682,-0.011811962209615053,-0.00471268741331371,0.0,0.18,1.0
1768879444.051143,0,train,0.344496950198697,0.2157260819291744,0.05870028655866286,0.003780275991970444,-0.015376992520526949,-0.00616653817761202,0.0,0.18,1.0
1768879444.0511482,0,train,0.344496950198697,0.2157260819291744,0.05870028655866286,0.010618943415011982,-0.015196813938504571,-0.004211079938267744,0.0,0.18,1.0
1768879444.0511603,0,train,0.344496950198697,0.2157260819291744,0.05870028655866286,-0.007947599021058719,-0.012978009763606893,-0.011524610944024403,0.0,0.18,1.0
1768879444.051166,0,train,0.344496950198697,0.2157260819291744,0.05870028655866286,-0.01110375426161753,-0.019501751535715997,-0.01406759397184208,0.0,0.18,1.0
1768879444.0511718,0,train,0.344496950198697,0.2157260819291744,0.05870028655866286,-0.006892249650431992,-0.022273433329743485,-0.004239615802001854,0.0,0.18,1.0
1768879444.0511775,0,train,0.344496950198697,0.2157260819291744,0.05870028655866286,-0.010666954945292881,-0.010770558590767945,-0.007661737511359892,0.0,0.18,1.0
1768879444.0511827,0,train,0.344496950198697,0.2157260819291744,0.05870028655866286,-0.014288997644085324,-0.013353664352260472,-0.010374499598543545,0.0,0.18,1.0
1768879444.0914788,0,train,0.3615795798247541,0.1384592008087901,0.38072642880534935,-0.012034197968726245,-0.015651239459356127,-0.012188673464940923,0.0,0.18,1.0
1768879444.0914907,0,train,0.3615795798247541,0.1384592008087901,0.38072642880534935,0.0030630307323726395,-0.007503704354490661,-0.0041626683075537615,0.0,0.18,1.0
1768879444.0915174,0,train,0.3615795798247541,0.1384592008087901,0.38072642880534935,-0.004395816742276631,-0.017716106999447527,-0.009106682113458442,0.0,0.18,1.0
1768879444.0915234,0,train,0.3615795798247541,0.1384592008087901,0.38072642880534935,-0.0023191161171941393,-0.01168008325965734,0.0052304015897168,0.0,0.18,1.0
1768879444.0915287,0,train,0.3615795798247541,0.1384592008087901,0.38072642880534935,0.013270719481696001,-0.009950124697135155,0.001582453583910803,0.0,0.18,1.0
1768879444.0915341,0,train,0.3615795798247541,0.1384592008087901,0.38072642880534935,0.006541185997343157,-0.01273013615398022,-0.00814317940169172,0.0,0.18,1.0
1768879444.0915399,0,train,0.3615795798247541,0.1384592008087901,0.38072642880534935,-0.014050259536200451,-0.01288918727523534,-0.006737674695839666,0.0,0.18,1.0
1768879444.0915456,0,train,0.3615795798247541,0.1384592008087901,0.38072642880534935,-0.02577380962767266,-0.00964258823736794,-0.0035438076310639857,0.0,0.18,1.0
1768879444.091551,0,train,0.3615795798247541,0.1384592008087901,0.38072642880534935,-0.021736853651780595,-0.010203499578982336,-0.009188226590256745,0.0,0.18,1.0
1768879444.0915632,0,train,0.3615795798247541,0.1384592008087901,0.38072642880534935,-0.02244891494661173,-0.016864116485192638,-0.005763355153266103,0.0,0.18,1.0
1768879444.1317801,0,train,0.35440410547036527,0.161119720775447,0.4118087139696816,-0.01982187787628092,-0.012194542705936156,-0.0003165732241361255,0.0,0.18,1.0
1768879444.1317904,0,train,0.35440410547036527,0.161119720775447,0.4118087139696816,0.002803977989338854,-0.014194878441501342,-0.0002742668504110335,0.0,0.18,1.0
1768879444.1317961,0,train,0.35440410547036527,0.161119720775447,0.4118087139696816,0.012624181215252264,-0.01927192471327205,0.0030366944996998574,0.0,0.18,1.0
1768879444.1318016,0,train,0.35440410547036527,0.161119720775447,0.4118087139696816,0.015153072748557402,-0.01168207111911517,-0.00422493407435899,0.0,0.18,1.0
1768879444.1318066,0,train,0.35440410547036527,0.161119720775447,0.4118087139696816,0.01887060159756243,-0.007157329047466315,-0.0036636579594543947,0.0,0.18,1.0
1768879444.1318119,0,train,0.35440410547036527,0.161119720775447,0.4118087139696816,0.01413157927095256,-0.007796255476833177,-0.00589606050058036,0.0,0.18,1.0
1768879444.1318305,0,train,0.35440410547036527,0.161119720775447,0.4118087139696816,-0.001230874832149045,-0.01223578806407915,0.0010759876924157708,0.0,0.18,1.0
1768879444.1318364,0,train,0.35440410547036527,0.161119720775447,0.4118087139696816,-0.001120561840192263,-0.016713524041990918,-0.0003102368331712346,0.0,0.18,1.0
1768879444.131842,0,train,0.35440410547036527,0.161119720775447,0.4118087139696816,-0.006695681442466967,-0.012890471509215915,-0.0017453742923686636,0.0,0.18,1.0
1768879444.1318471,0,train,0.35440410547036527,0.161119720775447,0.4118087139696816,-0.01580008713305426,-0.01850291322520399,-0.004755230255418577,0.0,0.18,1.0
1768879444.1821628,0,train,0.3282390018980797,0.17621088018436898,0.44812556216431376,0.003812963972430247,-0.014992008641099248,-0.0015119509945487083,0.0,0.18,1.0
1768879444.1821735,0,train,0.3282390018980797,0.17621088018436898,0.44812556216431376,-0.007601217896442643,-0.01509960428041663,-0.0029277880516610944,0.0,0.18,1.0
1768879444.1821792,0,train,0.3282390018980797,0.17621088018436898,0.44812556216431376,-0.00037779827203697497,-0.018062619129635048,-0.001079040427178198,0.0,0.18,1.0
1768879444.1821997,0,train,0.3282390018980797,0.17621088018436898,0.44812556216431376,0.01391857984513776,-0.01076833413170918,0.002314737428262924,0.0,0.18,1.0
1768879444.1822052,0,train,0.3282390018980797,0.17621088018436898,0.44812556216431376,0.011859973273883998,-0.0043885785910670215,-0.004099344514155705,0.0,0.18,1.0
1768879444.1822102,0,train,0.3282390018980797,0.17621088018436898,0.44812556216431376,-0.006502076332514367,-0.002013263922067929,-0.006879048761080153,0.0,0.18,1.0
1768879444.1822162,0,train,0.3282390018980797,0.17621088018436898,0.44812556216431376,-0.007868419429197583,-0.00531210778780053,-0.006688224869957757,0.0,0.18,1.0
1768879444.1822221,0,train,0.3282390018980797,0.17621088018436898,0.44812556216431376,-0.02054387734856106,-0.006155744972769666,-0.004633606997782922,0.0,0.18,1.0
1768879444.182234,0,train,0.3282390018980797,0.17621088018436898,0.44812556216431376,-0.0239332659380982,-0.015542826005063098,-0.005172692088967055,0.0,0.18,1.0
1768879444.1822433,0,train,0.3282390018980797,0.17621088018436898,0.44812556216431376,-0.020633554683930327,-0.007458659983103614,0.0020104044599227587,0.0,0.18,1.0
1768879444.2224874,0,train,0.29648188554332133,0.17558557133622804,0.47151441781243264,-0.009644293929869279,-0.0032699146960141483,-0.0037570814557386215,0.0,0.18,1.0
1768879444.222499,0,train,0.29648188554332133,0.17558557133622804,0.47151441781243264,-0.005924062026219563,-0.021023593949624435,-0.011782202300982349,0.0,0.18,1.0
1768879444.2225058,0,train,0.29648188554332133,0.17558557133622804,0.47151441781243264,-0.0011815881858290612,-0.01161349255481893,-0.016239315808485453,0.0,0.18,1.0
1768879444.2225108,0,train,0.29648188554332133,0.17558557133622804,0.47151441781243264,-0.0028196085807614384,-0.0057542013808940355,-0.01738500161886978,0.0,0.18,1.0
1768879444.2225163,0,train,0.29648188554332133,0.17558557133622804,0.47151441781243264,-0.0010557490473772084,-0.002503566488009078,-0.01107212417226647,0.0,0.18,1.0
1768879444.2225215,0,train,0.29648188554332133,0.17558557133622804,0.47151441781243264,-0.0006366045625875626,-0.008263020789725045,-0.009448032811388403,0.0,0.18,1.0
1768879444.222546,0,train,0.29648188554332133,0.17558557133622804,0.47151441781243264,-0.008242082668504408,-0.018359913580569532,0.0007102974104771668,0.0,0.18,1.0
1768879444.2225523,0,train,0.29648188554332133,0.17558557133622804,0.47151441781243264,-0.017033300320088735,-0.022216967316203387,-0.011285265564899474,0.0,0.18,1.0
1768879444.2225683,0,train,0.29648188554332133,0.17558557133622804,0.47151441781243264,-0.011686438107154027,-0.011168621258510907,-0.005906912506715796,0.0,0.18,1.0
1768879444.2225747,0,train,0.29648188554332133,0.17558557133622804,0.47151441781243264,-0.01149053564267754,-0.009837767656587454,-0.001807005901143453,0.0,0.18,1.0
1768879444.2627819,0,train,0.2594627220729987,0.16322273111477387,0.48701099128211695,-0.0043871458362077795,0.0019782865572349957,-0.004420819003069814,0.0,0.18,1.0
1768879444.2627926,0,train,0.2594627220729987,0.16322273111477387,0.48701099128211695,-0.016791873438404985,-0.009649068346236047,0.0036199381349192312,0.0,0.18,1.0
1768879444.262799,0,train,0.2594627220729987,0.16322273111477387,0.48701099128211695,-0.025474619952069913,-0.013175266871446384,0.0018838066103938024,0.0,0.18,1.0
1768879444.2628047,0,train,0.2594627220729987,0.16322273111477387,0.48701099128211695,-0.015801244413561594,-0.012540104691893109,0.0016021548233936882,0.0,0.18,1.0
1768879444.2628098,0,train,0.2594627220729987,0.16322273111477387,0.48701099128211695,-0.014360388538975307,-0.015971130541345836,0.005603893020825315,0.0,0.18,1.0
1768879444.2628298,0,train,0.2594627220729987,0.16322273111477387,0.48701099128211695,-0.01038143144350895,-0.02015609565115873,-0.001615418880256308,0.0,0.18,1.0
1768879444.2628362,0,train,0.2594627220729987,0.16322273111477387,0.48701099128211695,-0.01209731707792031,-0.018227842348302204,-0.005430586950829316,0.0,0.18,1.0
1768879444.2628422,0,train,0.2594627220729987,0.16322273111477387,0.48701099128211695,-0.01113890144538596,-0.016067851621442756,-0.010657152359433424,0.0,0.18,1.0
1768879444.2628481,0,train,0.2594627220729987,0.16322273111477387,0.48701099128211695,-0.0003071444904921689,-0.009364036605296977,-9.822539271652792e-06,0.0,0.18,1.0
1768879444.26286,0,train,0.2594627220729987,0.16322273111477387,0.48701099128211695,-0.004306619499278281,-0.01056308046588229,-0.009348771790818469,0.0,0.18,1.0
1768879444.313198,0,train,0.21360989696613608,0.13303818958292585,0.49245343792088614,-0.0018803408076193966,-0.00889048302402212,-0.005893108272880707,0.0,0.18,1.0
1768879444.313214,0,train,0.21360989696613608,0.13303818958292585,0.49245343792088614,-0.007279151212631766,-0.00901313792536696,-0.004165750389901597,0.0,0.18,1.0
1768879444.3132215,0,train,0.21360989696613608,0.13303818958292585,0.49245343792088614,-0.01565070462176221,-0.010906823268891497,0.004029071543342516,0.0,0.18,1.0
1768879444.3132274,0,train,0.21360989696613608,0.13303818958292585,0.49245343792088614,-0.016462290793045307,-0.006814154099849405,0.0034728883419827632,0.0,0.18,1.0
1768879444.3132331,0,train,0.21360989696613608,0.13303818958292585,0.49245343792088614,-0.003349466226781542,-0.011090141943614764,-0.006053321408637426,0.0,0.18,1.0
1768879444.3132386,0,train,0.21360989696613608,0.13303818958292585,0.49245343792088614,-0.00952109141128483,-0.01085314587123978,-0.00732951067633888,0.0,0.18,1.0
1768879444.3132653,0,train,0.21360989696613608,0.13303818958292585,0.49245343792088614,-0.014365299596133972,-0.0023603882538892856,0.005285374495283579,0.0,0.18,1.0
1768879444.313272,0,train,0.21360989696613608,0.13303818958292585,0.49245343792088614,-0.00422298178416165,-0.015449559421996443,-0.003173263596311761,0.0,0.18,1.0
1768879444.313278,0,train,0.21360989696613608,0.13303818958292585,0.49245343792088614,-0.01698709212891627,-0.019080945056923253,-0.014601466602728768,0.0,0.18,1.0
1768879444.3132837,0,train,0.21360989696613608,0.13303818958292585,0.49245343792088614,-0.0066340941787114225,-0.016348343206118388,-0.015986393739866194,0.0,0.18,1.0
1768879444.353582,0,train,0.18393189695772696,0.10036162684227048,0.4846482693606901,0.0088717327457167,-0.0051544286691451325,-0.013516541150791178,0.0,0.18,1.0
1768879444.353594,0,train,0.18393189695772696,0.10036162684227048,0.4846482693606901,0.0011750767198476218,-0.0020147157882275456,-0.015184330918329369,0.0,0.18,1.0
1768879444.3536212,0,train,0.18393189695772696,0.10036162684227048,0.4846482693606901,0.0075907766374301265,0.004557205459029675,-0.01703958496673206,0.0,0.18,1.0
1768879444.3536339,0,train,0.18393189695772696,0.10036162684227048,0.4846482693606901,0.0016939863516854336,-0.004011222770806651,-0.011278513893136138,0.0,0.18,1.0
1768879444.3536398,0,train,0.18393189695772696,0.10036162684227048,0.4846482693606901,-0.010568095345912559,-0.013049861499008206,-0.015455089015581087,0.0,0.18,1.0
1768879444.3536453,0,train,0.18393189695772696,0.10036162684227048,0.4846482693606901,-0.022247898567461587,-0.017236652204448772,-0.0068861013772472095,0.0,0.18,1.0
1768879444.3536513,0,train,0.18393189695772696,0.10036162684227048,0.4846482693606901,-0.015498739160661829,-0.004094905345135035,-0.00468439083467271,0.0,0.18,1.0
1768879444.353657,0,train,0.18393189695772696,0.10036162684227048,0.4846482693606901,-0.01869140793436646,0.00046664004652137523,-0.003239619658868476,0.0,0.18,1.0
1768879444.353663,0,train,0.18393189695772696,0.10036162684227048,0.4846482693606901,-0.0035269623639512643,-0.00722647930025011,-0.000915740142561189,0.0,0.18,1.0
1768879444.3536685,0,train,0.18393189695772696,0.10036162684227048,0.4846482693606901,-0.004123095611712671,-0.007307863856576863,-0.007889364273890797,0.0,0.18,1.0
1768879444.3938453,0,train,0.16572054739869013,0.06437419513050308,0.46651358112544766,-0.0075805397395449035,-0.005550407001148741,0.0037640242204730885,0.0,0.18,1.0
1768879444.3938565,0,train,0.16572054739869013,0.06437419513050308,0.46651358112544766,-0.0016792433881076413,-0.01580778234718401,-0.0010259016288059392,0.0,0.18,1.0
1768879444.3938625,0,train,0.16572054739869013,0.06437419513050308,0.46651358112544766,-0.01791678118989158,-0.020073604745507755,-0.0055746894137424325,0.0,0.18,1.0
1768879444.3938675,0,train,0.16572054739869013,0.06437419513050308,0.46651358112544766,-0.008404865198046415,-0.013303164323046941,0.0008974612297132733,0.0,0.18,1.0
1768879444.3938725,0,train,0.16572054739869013,0.06437419513050308,0.46651358112544766,0.0018064525225588981,-0.010986929065322044,-0.0022049567779166617,0.0,0.18,1.0
1768879444.3938782,0,train,0.16572054739869013,0.06437419513050308,0.46651358112544766,0.00524827445846586,-0.008373084430326375,-0.005192248694386472,0.0,0.18,1.0
1768879444.3938844,0,train,0.16572054739869013,0.06437419513050308,0.46651358112544766,-0.0005808563724674614,-0.012488783948010247,-0.007422788578415326,0.0,0.18,1.0
1768879444.39393,0,train,0.16572054739869013,0.06437419513050308,0.46651358112544766,-0.007855380165336748,-0.0009487090862881285,0.0024093690479014846,0.0,0.18,1.0
1768879444.3939362,0,train,0.16572054739869013,0.06437419513050308,0.46651358112544766,-0.01928625310208095,0.0016256041246190578,-0.012521673522498283,0.0,0.18,1.0
1768879444.393941,0,train,0.16572054739869013,0.06437419513050308,0.46651358112544766,-0.007929821534020255,-0.001023617988599868,-0.006167253042027248,0.0,0.18,1.0
1768879444.4341896,0,train,0.16220188244692824,0.02969057913193166,0.43975987636148356,-0.009267500841321235,-0.0048448371230065046,-0.008509592496078107,0.0,0.18,1.0
1768879444.4342,0,train,0.16220188244692824,0.02969057913193166,0.43975987636148356,-0.010362217507380462,0.005012811351296471,-0.009701557742331852,0.0,0.18,1.0
1768879444.4342062,0,train,0.16220188244692824,0.02969057913193166,0.43975987636148356,-0.0038424548862059436,-0.005448271357695311,-0.00014104350115835243,0.0,0.18,1.0
1768879444.4342237,0,train,0.16220188244692824,0.02969057913193166,0.43975987636148356,-0.012771929606130144,0.00793563346288447,0.008070275318056255,0.0,0.18,1.0
1768879444.4342346,0,train,0.16220188244692824,0.02969057913193166,0.43975987636148356,-0.0205000877202379,-0.011308189461811132,0.002820286414588747,0.0,0.18,1.0
1768879444.4342406,0,train,0.16220188244692824,0.02969057913193166,0.43975987636148356,-0.018068033362751576,-0.0031563884356467305,0.008451655671792247,0.0,0.18,1.0
1768879444.4342463,0,train,0.16220188244692824,0.02969057913193166,0.43975987636148356,-0.022072737876471366,-0.014832200590022134,-0.0033866697635738414,0.0,0.18,1.0
1768879444.4342515,0,train,0.16220188244692824,0.02969057913193166,0.43975987636148356,-0.005737533385757249,-0.026020854269499454,-0.0005285013410638269,0.0,0.18,1.0
1768879444.4342568,0,train,0.16220188244692824,0.02969057913193166,0.43975987636148356,-0.0040977668815445735,-0.01852472167808847,0.004156940720886394,0.0,0.18,1.0
1768879444.4342623,0,train,0.16220188244692824,0.02969057913193166,0.43975987636148356,-0.01125658052711899,-0.004399128183346944,-0.00435279797668074,0.0,0.18,1.0
1768879444.4846275,0,train,0.17989809124722655,0.0,0.3986138708068034,-0.008660630172676011,-0.016923373167877623,-0.0023918314751785433,0.0,0.18,1.0
1768879444.4846387,0,train,0.17989809124722655,0.0,0.3986138708068034,-0.01510418026868862,-0.013994159831373658,-0.00023753270606242856,0.0,0.18,1.0
1768879444.4846451,0,train,0.17989809124722655,0.0,0.3986138708068034,-0.019066491213060366,-0.02378165600607901,-0.012440890375841538,0.0,0.18,1.0
1768879444.484651,0,train,0.17989809124722655,0.0,0.3986138708068034,-0.018716869927157084,-0.024243112308560914,-0.015008420658270348,0.0,0.18,1.0
1768879444.484656,0,train,0.17989809124722655,0.0,0.3986138708068034,-0.012393326170115048,-0.021339049849900434,-0.0116948846834141,0.0,0.18,1.0
1768879444.4846623,0,train,0.17989809124722655,0.0,0.3986138708068034,-0.021464746623787882,-0.014803937041885075,-0.012744059497939685,0.0,0.18,1.0
1768879444.484668,0,train,0.17989809124722655,0.0,0.3986138708068034,-0.020445918144934558,-0.01609040223316916,-0.002866148242592109,0.0,0.18,1.0
1768879444.4846969,0,train,0.17989809124722655,0.0,0.3986138708068034,-0.03019289036057351,-0.012340508443376176,0.0010833305265359559,0.0,0.18,1.0
1768879444.484703,0,train,0.17989809124722655,0.0,0.3986138708068034,-0.03697550960104177,-0.01603554275040447,0.004211485524306136,0.0,0.18,1.0
1768879444.5248818,0,train,0.20955383653756168,0.0,0.36414960732332635,-0.023627916251233328,-0.014189628207811906,-0.001881176297330264,0.0,0.18,1.0
1768879444.524891,0,train,0.20955383653756168,0.0,0.36414960732332635,-0.010429397200568864,-0.018577365391236264,0.0002941307245016228,0.0,0.18,1.0
1768879444.5248969,0,train,0.20955383653756168,0.0,0.36414960732332635,-0.014305039432978617,-0.0037612076264943914,-0.0034741348488058653,0.0,0.18,1.0
1768879444.5249019,0,train,0.20955383653756168,0.0,0.36414960732332635,-0.00013749184547191774,-0.010611518570027335,-0.007702910408070241,0.0,0.18,1.0
1768879444.524907,0,train,0.20955383653756168,0.0,0.36414960732332635,-0.016190914140345788,-0.010823467219350517,-0.01038866985657476,0.0,0.18,1.0
1768879444.5249248,0,train,0.20955383653756168,0.0,0.36414960732332635,-0.01471340184435699,-0.007758823307046488,-0.01106027110200547,0.0,0.18,1.0
1768879444.5249305,0,train,0.20955383653756168,0.0,0.36414960732332635,-0.03180733939155674,-0.016962802623876946,-0.005050458006475995,0.0,0.18,1.0
1768879444.5249362,0,train,0.20955383653756168,0.0,0.36414960732332635,-0.034332671378096376,-0.017487912465638945,-0.0018573636998982861,0.0,0.18,1.0
1768879444.524942,0,train,0.20955383653756168,0.0,0.36414960732332635,-0.018837391665472446,-0.008572465109847747,-0.0006561243346119522,0.0,0.18,1.0
1768879444.5249474,0,train,0.20955383653756168,0.0,0.36414960732332635,-0.01342338775640532,-0.0006964432187047832,0.0006653884326917535,0.0,0.18,1.0
1768879444.5651472,0,train,0.24827639373111554,0.0,0.33280745679892876,-0.005035800335506227,-0.008130901818320975,-0.008523843172153978,0.0,0.18,1.0
1768879444.5651672,0,train,0.24827639373111554,0.0,0.33280745679892876,0.00816562793480277,-0.0009534802700239394,-0.00878164188624329,0.0,0.18,1.0
1768879444.5651727,0,train,0.24827639373111554,0.0,0.33280745679892876,0.00985956634578623,-0.014241716890217925,-0.0018574554968199518,0.0,0.18,1.0
1768879444.5651782,0,train,0.24827639373111554,0.0,0.33280745679892876,-0.012247014582109358,-0.01498216419314993,0.004086406152359871,0.0,0.18,1.0
1768879444.5651832,0,train,0.24827639373111554,0.0,0.33280745679892876,0.003240885806410739,-0.022130079460375603,0.006048348530709268,0.0,0.18,1.0
1768879444.5651884,0,train,0.24827639373111554,0.0,0.33280745679892876,-0.013495250482681872,-0.014454871071633589,0.006784628273574102,0.0,0.18,1.0
1768879444.5651994,0,train,0.24827639373111554,0.0,0.33280745679892876,-0.01350441771570721,-0.01205051851256463,0.00888052834240049,0.0,0.18,1.0
1768879444.5652056,0,train,0.24827639373111554,0.0,0.33280745679892876,-0.02015528894181747,-0.010411394367392782,0.005758049175960091,0.0,0.18,1.0
1768879444.5652108,0,train,0.24827639373111554,0.0,0.33280745679892876,-0.01130462408043339,-0.006321655765708665,0.004119195674320895,0.0,0.18,1.0
1768879444.5652199,0,train,0.24827639373111554,0.0,0.33280745679892876,-0.011645877858012712,-0.01168489610721247,-0.002864203024209208,0.0,0.18,1.0
1768879444.6054444,0,train,0.2897159631459671,0.0,0.30862651188334583,-0.0012661164074010255,-0.018220092378628813,-0.007118098803479414,0.0,0.18,1.0
1768879444.6054537,0,train,0.2897159631459671,0.0,0.30862651188334583,-0.007004679656679308,-0.011760481029980292,-0.004941732981541088,0.0,0.18,1.0
1768879444.6054595,0,train,0.2897159631459671,0.0,0.30862651188334583,-0.014949909395594981,-0.0053926492477411716,-0.011020541067479453,0.0,0.18,1.0
1768879444.6054645,0,train,0.2897159631459671,0.0,0.30862651188334583,-0.016028836518834754,-0.010067150192470205,-0.009122475093070083,0.0,0.18,1.0
1768879444.6054707,0,train,0.2897159631459671,0.0,0.30862651188334583,-0.000865317973696814,-0.002887622779778826,-0.002466435906732143,0.0,0.18,1.0
1768879444.6054764,0,train,0.2897159631459671,0.0,0.30862651188334583,0.011932880588386223,-0.009567390284236274,-0.0012412128508560278,0.0,0.18,1.0
1768879444.6055014,0,train,0.2897159631459671,0.0,0.30862651188334583,0.021159935530107588,-0.004192226412876579,-0.010889422314391044,0.0,0.18,1.0
1768879444.6055174,0,train,0.2897159631459671,0.0,0.30862651188334583,0.011082572332999568,-0.00633196876618253,-0.011718002054207007,0.0,0.18,1.0
1768879444.605524,0,train,0.2897159631459671,0.0,0.30862651188334583,0.0023123360732927234,-0.010747862302023441,-0.0077605428226210135,0.0,0.18,1.0
1768879444.6055295,0,train,0.2897159631459671,0.0,0.30862651188334583,0.0029556571307144935,-0.006963270252921208,-0.011037684302664674,0.0,0.18,1.0
1768879444.655926,0,train,0.334410545339038,0.02504932240999362,0.2934338153330913,0.011119126227189339,-0.00315673372756916,-0.0023134996793708596,0.0,0.18,1.0
1768879444.6559384,0,train,0.334410545339038,0.02504932240999362,0.2934338153330913,0.0052344330393850015,0.0021838392294982437,-0.00020660826149564398,0.0,0.18,1.0
1768879444.655945,0,train,0.334410545339038,0.02504932240999362,0.2934338153330913,-0.005793948654624252,-0.005778547524312057,-0.003913038123134091,0.0,0.18,1.0
1768879444.6559687,0,train,0.334410545339038,0.02504932240999362,0.2934338153330913,-0.007782040377297277,-0.011252228368205365,-0.007647602651770992,0.0,0.18,1.0
1768879444.6559753,0,train,0.334410545339038,0.02504932240999362,0.2934338153330913,-0.004402003347046158,-0.009229511363902187,-0.0008022687094187869,0.0,0.18,1.0
1768879444.655981,0,train,0.334410545339038,0.02504932240999362,0.2934338153330913,-0.018546387526890862,-0.012509958708233602,0.005499264758821988,0.0,0.18,1.0
1768879444.6559868,0,train,0.334410545339038,0.02504932240999362,0.2934338153330913,-0.009863453013380355,-0.019972816563277224,0.0009723418781077851,0.0,0.18,1.0
1768879444.6559927,0,train,0.334410545339038,0.02504932240999362,0.2934338153330913,-0.005179189724709724,-0.017632071841835205,0.003562980217434433,0.0,0.18,1.0
1768879444.656005,0,train,0.334410545339038,0.02504932240999362,0.2934338153330913,-0.016683019990247683,-0.01018954784768122,0.005182131448226093,0.0,0.18,1.0
1768879444.6560102,0,train,0.334410545339038,0.02504932240999362,0.2934338153330913,-0.016283632641408016,-0.02081828799977462,0.00791943444482917,0.0,0.18,1.0
1768879444.6961563,0,train,0.35635517473375267,0.061864049224838395,0.2956955446352652,-0.0241326743466995,-0.020127714017738028,0.0011330628912163184,0.0,0.18,1.0
1768879444.6961665,0,train,0.35635517473375267,0.061864049224838395,0.2956955446352652,-0.015002813335493003,-0.011949868930952174,0.0038337280615051697,0.0,0.18,1.0
1768879444.696174,0,train,0.35635517473375267,0.061864049224838395,0.2956955446352652,-0.010667607281487645,-0.00948920347259199,-0.0019379694697268892,0.0,0.18,1.0
1768879444.6961806,0,train,0.35635517473375267,0.061864049224838395,0.2956955446352652,-0.017763736977467023,-0.0018366585062810725,0.0024097987771935017,0.0,0.18,1.0
1768879444.6961865,0,train,0.35635517473375267,0.061864049224838395,0.2956955446352652,-0.008523041714396402,0.0019997605229795145,-0.003839096890382304,0.0,0.18,1.0
1768879444.6962051,0,train,0.35635517473375267,0.061864049224838395,0.2956955446352652,-0.021563511447617326,-0.0026259076503692734,-0.0071045068443945465,0.0,0.18,1.0
1768879444.6962113,0,train,0.35635517473375267,0.061864049224838395,0.2956955446352652,-0.02243093473245139,-0.01173731081253236,-0.00454478007882553,0.0,0.18,1.0
1768879444.6962168,0,train,0.35635517473375267,0.061864049224838395,0.2956955446352652,-0.017023361412944905,-0.010902051093162923,0.0011504071189419394,0.0,0.18,1.0
1768879444.6962223,0,train,0.35635517473375267,0.061864049224838395,0.2956955446352652,-0.02740273482203057,-0.014147178221964407,0.0018978242860284015,0.0,0.18,1.0
1768879444.696228,0,train,0.35635517473375267,0.061864049224838395,0.2956955446352652,-0.007327847094834157,-0.006666613584127104,-0.004761370735852857,0.0,0.18,1.0
1768879444.7365081,0,train,0.36099235765564475,0.10152423875089461,0.3110203814533498,-0.011872982674422248,-0.006482956688400202,-0.012338139417065986,0.0,0.18,1.0
1768879444.7365184,0,train,0.36099235765564475,0.10152423875089461,0.3110203814533498,-0.005404631076461126,-0.008017905427129744,-0.010094063708867217,0.0,0.18,1.0
1768879444.7365656,0,train,0.36099235765564475,0.10152423875089461,0.3110203814533498,-0.015713693983654117,-0.011971632246883843,-0.012778962845072931,0.0,0.18,1.0
1768879444.7365716,0,train,0.36099235765564475,0.10152423875089461,0.3110203814533498,-0.02243326531941305,-0.016677598110362624,-0.010739530521095875,0.0,0.18,1.0
1768879444.7365773,0,train,0.36099235765564475,0.10152423875089461,0.3110203814533498,-0.014944503005389112,-0.01581767414968981,-0.00438387268224904,0.0,0.18,1.0
1768879444.7365825,0,train,0.36099235765564475,0.10152423875089461,0.3110203814533498,-0.016755119223196,-0.0194660426165424,-0.002565952920935274,0.0,0.18,1.0
1768879444.736588,0,train,0.36099235765564475,0.10152423875089461,0.3110203814533498,-0.008191391063566337,-0.022642671110046635,-0.0037473534628828997,0.0,0.18,1.0
1768879444.736594,0,train,0.36099235765564475,0.10152423875089461,0.3110203814533498,-0.011139236138813706,-0.018380098357896602,-0.0060433487231646935,0.0,0.18,1.0
1768879444.7365994,0,train,0.36099235765564475,0.10152423875089461,0.3110203814533498,-0.00633779866642509,-0.0058643699162641595,-0.0012343081952632378,0.0,0.18,1.0
1768879444.7366114,0,train,0.36099235765564475,0.10152423875089461,0.3110203814533498,-0.02001193388912918,0.0025128539837266637,-0.010002678357179199,0.0,0.18,1.0
1768879444.7868643,0,train,0.34054101642995854,0.14550948652000206,0.345794259676397,-0.01304770680454601,-0.0006688867701449767,-0.008434284263766877,0.0,0.18,1.0
1768879444.7868733,0,train,0.34054101642995854,0.14550948652000206,0.345794259676397,-0.02192452068959737,-0.00971161807722205,-0.010588913659478243,0.0,0.18,1.0
1768879444.786879,0,train,0.34054101642995854,0.14550948652000206,0.345794259676397,-0.01656882546647106,-0.01075572974559099,-0.005988393583733231,0.0,0.18,1.0
1768879444.7868843,0,train,0.34054101642995854,0.14550948652000206,0.345794259676397,-0.015243424418887033,-0.013498500444107138,-0.0021787889488640304,0.0,0.18,1.0
1768879444.7868893,0,train,0.34054101642995854,0.14550948652000206,0.345794259676397,-0.0187449796445595,-0.0045204893446014255,0.00026678170508430383,0.0,0.18,1.0
1768879444.7869065,0,train,0.34054101642995854,0.14550948652000206,0.345794259676397,-0.016987233600009574,-0.0031703693613704263,-0.0014863792088009272,0.0,0.18,1.0
1768879444.7869122,0,train,0.34054101642995854,0.14550948652000206,0.345794259676397,-0.012981968302256883,-0.006535738232614757,-0.0008375390619089017,0.0,0.18,1.0
1768879444.786918,0,train,0.34054101642995854,0.14550948652000206,0.345794259676397,-0.00837833017767052,-0.007321433985281911,0.003918230268077263,0.0,0.18,1.0
1768879444.7869287,0,train,0.34054101642995854,0.14550948652000206,0.345794259676397,-0.003477630178372677,-0.0033287518345563286,-0.0022349315731193787,0.0,0.18,1.0
1768879444.7869337,0,train,0.34054101642995854,0.14550948652000206,0.345794259676397,0.00693024633041648,-0.009192828396792025,-0.004730918542029419,0.0,0.18,1.0
1768879444.8272314,0,train,0.3062818641515973,0.16904008879446827,0.38178751242005826,-0.0008360749654256578,-0.016048934624462646,-0.0006259083822543004,0.0,0.18,1.0
1768879444.8272407,0,train,0.3062818641515973,0.16904008879446827,0.38178751242005826,0.006730540695454001,-0.003490049492934123,-0.00730896547528379,0.0,0.18,1.0
1768879444.8272588,0,train,0.3062818641515973,0.16904008879446827,0.38178751242005826,-0.0011218199155156967,-0.002600427706686081,-0.011966682586963536,0.0,0.18,1.0
1768879444.8272643,0,train,0.3062818641515973,0.16904008879446827,0.38178751242005826,-0.008746152850976772,-0.016547812880083532,-0.008947437890907503,0.0,0.18,1.0
1768879444.8272696,0,train,0.3062818641515973,0.16904008879446827,0.38178751242005826,-0.0006210247647336218,-0.021074878699405466,-0.01132970459747162,0.0,0.18,1.0
1768879444.8272746,0,train,0.3062818641515973,0.16904008879446827,0.38178751242005826,-0.0017363927617896175,-0.0065570574688044786,-0.010794531738664013,0.0,0.18,1.0
1768879444.8272798,0,train,0.3062818641515973,0.16904008879446827,0.38178751242005826,0.012759969841686142,-0.00651153900432341,-0.014534313324569833,0.0,0.18,1.0
1768879444.8272855,0,train,0.3062818641515973,0.16904008879446827,0.38178751242005826,-0.002117374893776078,-0.009364305002341266,-0.011460058098444293,0.0,0.18,1.0
1768879444.8272908,0,train,0.3062818641515973,0.16904008879446827,0.38178751242005826,-0.012602322708365594,-0.00297128722244589,-0.010686424357654411,0.0,0.18,1.0
1768879444.8273027,0,train,0.3062818641515973,0.16904008879446827,0.38178751242005826,-0.023169521506399362,0.00103335424363007,-0.011678286297524237,0.0,0.18,1.0
1768879444.86755,0,train,0.2627082424818581,0.17739250089009456,0.4197521966965984,-0.009611457598145806,-0.0015874761946921391,-0.007038602261589733,0.0,0.18,1.0
1768879444.86756,0,train,0.2627082424818581,0.17739250089009456,0.4197521966965984,-0.013434928766039361,-0.002147169981522077,-0.002054161622011352,0.0,0.18,1.0
1768879444.8675659,0,train,0.2627082424818581,0.17739250089009456,0.4197521966965984,-0.005263464252640658,-0.010419350436553006,-0.004404799712182581,0.0,0.18,1.0
1768879444.8675714,0,train,0.2627082424818581,0.17739250089009456,0.4197521966965984,-0.0041705484670497926,-0.010346157180793014,-0.0028835498066838335,0.0,0.18,1.0
1768879444.8675764,0,train,0.2627082424818581,0.17739250089009456,0.4197521966965984,-0.010886793537973111,-0.00940141598163616,-0.008231150698016,0.0,0.18,1.0
1768879444.8675814,0,train,0.2627082424818581,0.17739250089009456,0.4197521966965984,0.004379702760468284,-0.008918736721709257,-0.006478534238723436,0.0,0.18,1.0
1768879444.8676078,0,train,0.2627082424818581,0.17739250089009456,0.4197521966965984,-0.0018700933096371182,-0.006373711371371756,-0.009382988415531018,0.0,0.18,1.0
1768879444.8676138,0,train,0.2627082424818581,0.17739250089009456,0.4197521966965984,0.0030462464467427286,-0.01022667178782966,-0.009094625154704983,0.0,0.18,1.0
1768879444.867619,0,train,0.2627082424818581,0.17739250089009456,0.4197521966965984,0.0013301352987498158,-0.003887805699089319,-0.012641642594606945,0.0,0.18,1.0
1768879444.8676248,0,train,0.2627082424818581,0.17739250089009456,0.4197521966965984,-0.006443388351648713,-0.0012206423725494122,-0.01334089257396283,0.0,0.18,1.0
1768879444.9079134,0,train,0.21844571318991512,0.16860503753845896,0.45411797184066827,0.00612689611322679,-0.003318140086459104,-0.013004380093268425,0.0,0.18,1.0
1768879444.907924,0,train,0.21844571318991512,0.16860503753845896,0.45411797184066827,-0.0024108000658432903,-0.0045728361786355805,-0.005415763213685409,0.0,0.18,1.0
1768879444.9079301,0,train,0.21844571318991512,0.16860503753845896,0.45411797184066827,-0.002141132490783004,-0.0043770216236816515,-0.011946866490844405,0.0,0.18,1.0
1768879444.9079514,0,train,0.21844571318991512,0.16860503753845896,0.45411797184066827,-0.01820288409898121,-0.0015243559393771783,0.001284646467554151,0.0,0.18,1.0
1768879444.907957,0,train,0.21844571318991512,0.16860503753845896,0.45411797184066827,-0.003352045684264988,-0.00719001075704592,0.002800967604218279,0.0,0.18,1.0
1768879444.907962,0,train,0.21844571318991512,0.16860503753845896,0.45411797184066827,-0.01697731071328824,-0.018099795788829743,0.0012086650389201386,0.0,0.18,1.0
1768879444.9079678,0,train,0.21844571318991512,0.16860503753845896,0.45411797184066827,-0.011779567213579978,-0.016640919042045878,-0.0006493248035704166,0.0,0.18,1.0
1768879444.9079733,0,train,0.21844571318991512,0.16860503753845896,0.45411797184066827,-0.003909941596575355,-0.01674221720290524,-0.0006620317170960945,0.0,0.18,1.0
1768879444.907979,0,train,0.21844571318991512,0.16860503753845896,0.45411797184066827,-0.006792693125252225,-0.0209474604881915,-0.0018755750195968317,0.0,0.18,1.0
1768879444.907984,0,train,0.21844571318991512,0.16860503753845896,0.45411797184066827,0.0004983656168030084,-0.012307643688816535,-0.005246306980507957,0.0,0.18,1.0
1768879444.958371,0,train,0.17610580889692445,0.13529422502768523,0.48404894836482687,-0.012274162948107233,-0.012564434501450462,-0.006594284846301499,0.0,0.18,1.0
1768879444.958382,0,train,0.17610580889692445,0.13529422502768523,0.48404894836482687,-0.0044818732869065184,-0.009616189284501283,-0.009635939744123807,0.0,0.18,1.0
1768879444.9583879,0,train,0.17610580889692445,0.13529422502768523,0.48404894836482687,-0.007431274095919493,-0.01672313714098194,-0.0034022610720096723,0.0,0.18,1.0
1768879444.9584143,0,train,0.17610580889692445,0.13529422502768523,0.48404894836482687,-0.008227890474292864,-0.013461445869904168,-0.0032799160090288366,0.0,0.18,1.0
1768879444.9584203,0,train,0.17610580889692445,0.13529422502768523,0.48404894836482687,0.00034351061916882195,-0.01766395636798419,-0.002880031858756829,0.0,0.18,1.0
1768879444.9584255,0,train,0.17610580889692445,0.13529422502768523,0.48404894836482687,0.001255115315832822,-0.012090590580065945,-0.004339479798858956,0.0,0.18,1.0
1768879444.958438,0,train,0.17610580889692445,0.13529422502768523,0.48404894836482687,-0.0076758039451976295,-0.008362133381952555,-0.00318125925629017,0.0,0.18,1.0
1768879444.9584439,0,train,0.17610580889692445,0.13529422502768523,0.48404894836482687,0.0009379543799856967,-0.014783541468300368,-0.009556219681312534,0.0,0.18,1.0
1768879444.9584491,0,train,0.17610580889692445,0.13529422502768523,0.48404894836482687,0.009939151381749249,-0.014816761176512146,-0.01259466244130406,0.0,0.18,1.0
1768879444.9584544,0,train,0.17610580889692445,0.13529422502768523,0.48404894836482687,-0.0032498302463135524,-0.015670214200817115,-0.011222343439892014,0.0,0.18,1.0
1768879444.998595,0,train,0.16189011848669854,0.09607590142773559,0.492682685361485,0.004068595878857525,-0.012480584359568923,-0.003026614437984254,0.0,0.18,1.0
1768879444.9986053,0,train,0.16189011848669854,0.09607590142773559,0.492682685361485,-4.831662740987472e-05,-0.014645635095970822,-0.008584070916704505,0.0,0.18,1.0
1768879444.9986115,0,train,0.16189011848669854,0.09607590142773559,0.492682685361485,-0.004621488283010225,-0.02048061210598914,-0.008147842694128741,0.0,0.18,1.0
1768879444.9986413,0,train,0.16189011848669854,0.09607590142773559,0.492682685361485,-0.012546559196940902,-0.005855122491643044,-0.012391573113092023,0.0,0.18,1.0
1768879444.9986467,0,train,0.16189011848669854,0.09607590142773559,0.492682685361485,-0.0018526683347808858,-0.01169883597571809,-0.011177760431307238,0.0,0.18,1.0
1768879444.9986527,0,train,0.16189011848669854,0.09607590142773559,0.492682685361485,-0.006164175331889859,-0.003950343824487091,-0.013304906175668794,0.0,0.18,1.0
1768879444.998658,0,train,0.16189011848669854,0.09607590142773559,0.492682685361485,-0.001514119659014667,-0.005194761804596775,-0.012191966056636416,0.0,0.18,1.0
1768879444.9986634,0,train,0.16189011848669854,0.09607590142773559,0.492682685361485,-0.013437071399047647,-0.008857716338682422,-0.008132105105179565,0.0,0.18,1.0
1768879444.9986696,0,train,0.16189011848669854,0.09607590142773559,0.492682685361485,-0.012487844999282233,-0.011943299343947018,-0.008929130710639728,0.0,0.18,1.0
1768879445.0389876,0,train,0.16940227030689817,0.052986861406113736,0.4856338720668132,-0.00648315745517505,-0.008714193987505746,-0.00326370601323486,0.0,0.18,1.0
1768879445.0389967,0,train,0.16940227030689817,0.052986861406113736,0.4856338720668132,-0.009183729767783297,-0.011269281689454697,-0.0028408040413613984,0.0,0.18,1.0
1768879445.0390031,0,train,0.16940227030689817,0.052986861406113736,0.4856338720668132,-0.009131567876606232,-0.006560637955899463,-0.0006094515254334979,0.0,0.18,1.0
1768879445.0390086,0,train,0.16940227030689817,0.052986861406113736,0.4856338720668132,-0.021118631120164502,-0.0063925819367478725,-0.005795680873001416,0.0,0.18,1.0
1768879445.03902,0,train,0.16940227030689817,0.052986861406113736,0.4856338720668132,-0.012360615538212634,0.0030708864779053473,-0.00021587561615518807,0.0,0.18,1.0
1768879445.039025,0,train,0.16940227030689817,0.052986861406113736,0.4856338720668132,-0.021166757311819114,-0.003196252052643132,-0.0025744670412909186,0.0,0.18,1.0
1768879445.0390306,0,train,0.16940227030689817,0.052986861406113736,0.4856338720668132,-0.01393972023958595,-0.0009353236388708103,-0.004433259499341485,0.0,0.18,1.0
1768879445.0390365,0,train,0.16940227030689817,0.052986861406113736,0.4856338720668132,-0.02453455173402159,0.0007498607268993547,-1.737670680566271e-06,0.0,0.18,1.0
1768879445.0390546,0,train,0.16940227030689817,0.052986861406113736,0.4856338720668132,-0.014118591452996125,0.0026645329866077498,0.0026279661797164846,0.0,0.18,1.0
1768879445.0390608,0,train,0.16940227030689817,0.052986861406113736,0.4856338720668132,-0.01612219217587816,-0.0020139850249260485,-0.005158448692691336,0.0,0.18,1.0
1768879445.0792007,0,train,0.19766546085863368,0.014076392756403502,0.46355052686022724,-0.008487880305820355,0.00012222393074617398,-0.00656849471793061,0.0,0.18,1.0
1768879445.0792084,0,train,0.19766546085863368,0.014076392756403502,0.46355052686022724,-0.019877084095852933,-0.00856466727315347,-0.00486184699117277,0.0,0.18,1.0
1768879445.0792139,0,train,0.19766546085863368,0.014076392756403502,0.46355052686022724,-0.004987278365385879,-0.01035581419449794,-0.004122566786402056,0.0,0.18,1.0
1768879445.079219,0,train,0.19766546085863368,0.014076392756403502,0.46355052686022724,-0.003907190417483859,-0.004582917250697281,-0.010169217637438445,0.0,0.18,1.0
1768879445.0792358,0,train,0.19766546085863368,0.014076392756403502,0.46355052686022724,-0.004989639869612733,0.0017249871897911414,-0.00937370755068377,0.0,0.18,1.0
1768879445.0792413,0,train,0.19766546085863368,0.014076392756403502,0.46355052686022724,-0.012013565232567764,0.00011033781268163787,-0.010408499662252413,0.0,0.18,1.0
1768879445.079247,0,train,0.19766546085863368,0.014076392756403502,0.46355052686022724,-0.007604429779508517,-0.00011611485339368156,-0.006354654465251813,0.0,0.18,1.0
1768879445.0792527,0,train,0.19766546085863368,0.014076392756403502,0.46355052686022724,0.0033242632398778962,-0.007030361702221544,-0.009889443981272386,0.0,0.18,1.0
1768879445.0792582,0,train,0.19766546085863368,0.014076392756403502,0.46355052686022724,-0.004348327242574947,-0.013315479134202756,-0.007887557033418587,0.0,0.18,1.0
1768879445.079269,0,train,0.19766546085863368,0.014076392756403502,0.46355052686022724,-0.010738266493385572,-0.01695768467583229,-0.006886292840361724,0.0,0.18,1.0
1768879445.1296031,0,train,0.2529612615993098,0.0,0.41982250803017673,-0.010571741983441142,-0.007168767935287778,-0.010777263588824906,0.0,0.18,1.0
1768879445.129612,0,train,0.2529612615993098,0.0,0.41982250803017673,0.008620985556632994,-0.01322718959085757,-0.017944915855752988,0.0,0.18,1.0
1768879445.1296182,0,train,0.2529612615993098,0.0,0.41982250803017673,0.01004056881353204,-0.012895058055984211,-0.010723718041090277,0.0,0.18,1.0
1768879445.1296234,0,train,0.2529612615993098,0.0,0.41982250803017673,0.01190242096454245,-0.012706703732381306,0.0005929391550864202,0.0,0.18,1.0
1768879445.129629,0,train,0.2529612615993098,0.0,0.41982250803017673,-0.0010740677064241097,-0.02190250829195901,-0.0037626824198411834,0.0,0.18,1.0
1768879445.1296341,0,train,0.2529612615993098,0.0,0.41982250803017673,-0.003079583382823523,-0.017950336591059806,-0.002005809236467422,0.0,0.18,1.0
1768879445.1296396,0,train,0.2529612615993098,0.0,0.41982250803017673,-0.001805323306416098,-0.01607340026074709,0.0002798067611927651,0.0,0.18,1.0
1768879445.1296585,0,train,0.2529612615993098,0.0,0.41982250803017673,-4.601414365343593e-05,-0.020953911924344936,0.002476203120052279,0.0,0.18,1.0
1768879445.1296642,0,train,0.2529612615993098,0.0,0.41982250803017673,0.012306243879924123,-0.017347964613532222,-0.002924660444252967,0.0,0.18,1.0
1768879445.1296697,0,train,0.2529612615993098,0.0,0.41982250803017673,0.0011733923903812838,-0.011816666914906205,-0.0032472902960061544,0.0,0.18,1.0
1768879445.1699357,0,train,0.30102629414706383,0.0,0.3787130201155502,-0.004283524044259942,-0.01027835462940641,-0.0058441332406656225,0.0,0.18,1.0
1768879445.169945,0,train,0.30102629414706383,0.0,0.3787130201155502,-0.008950433706175653,-0.01572627335897726,-0.003363681654950032,0.0,0.18,1.0
1768879445.1699507,0,train,0.30102629414706383,0.0,0.3787130201155502,0.007029638481817263,-0.009683690649882011,-0.00703633824361221,0.0,0.18,1.0
1768879445.1699562,0,train,0.30102629414706383,0.0,0.3787130201155502,-0.001338591977046285,-0.008260558122176149,-0.007819781824377599,0.0,0.18,1.0
1768879445.169983,0,train,0.30102629414706383,0.0,0.3787130201155502,0.008778696208584664,0.0014642103550045304,-0.012992055606883749,0.0,0.18,1.0
1768879445.1699882,0,train,0.30102629414706383,0.0,0.3787130201155502,0.013702043199536627,-0.005684136572806033,-0.012012821012940591,0.0,0.18,1.0
1768879445.1699994,0,train,0.30102629414706383,0.0,0.3787130201155502,0.0018511100732309612,-0.008476915183920807,-0.007151870816143209,0.0,0.18,1.0
1768879445.170005,0,train,0.30102629414706383,0.0,0.3787130201155502,0.003211977993872131,-0.008132135431301866,-0.009926543773078618,0.0,0.18,1.0
1768879445.1700106,0,train,0.30102629414706383,0.0,0.3787130201155502,-0.013895789822466878,-0.003093248046772273,-0.0025428989087484355,0.0,0.18,1.0
1768879445.170016,0,train,0.30102629414706383,0.0,0.3787130201155502,-0.010909069238211895,-0.00016920369838397184,0.003974069768943272,0.0,0.18,1.0
1768879445.2104073,0,train,0.34009389204210905,0.0,0.3395988209073351,-0.006611971037353319,-0.0005400622510737547,-0.0009266781359658048,0.0,0.18,1.0
1768879445.2104356,0,train,0.34009389204210905,0.0,0.3395988209073351,-0.011322319913989808,-0.011011430961590747,-0.004106273200186704,0.0,0.18,1.0
1768879445.210443,0,train,0.34009389204210905,0.0,0.3395988209073351,-0.014596664705023344,-0.010729187548836686,0.0025063403235897307,0.0,0.18,1.0
1768879445.210449,0,train,0.34009389204210905,0.0,0.3395988209073351,-0.007807700748275753,-0.00786187318117598,-0.0014885310298584262,0.0,0.18,1.0
1768879445.2104545,0,train,0.34009389204210905,0.0,0.3395988209073351,-0.019346953424107857,-0.012594309672351884,-0.010417612329879079,0.0,0.18,1.0
1768879445.2104597,0,train,0.34009389204210905,0.0,0.3395988209073351,-0.013779864082014322,-0.01474402826517835,-0.010347315402945971,0.0,0.18,1.0
1768879445.210465,0,train,0.34009389204210905,0.0,0.3395988209073351,-0.005268356897576125,-0.01555667334237869,-0.0034728262406276116,0.0,0.18,1.0
1768879445.210471,0,train,0.34009389204210905,0.0,0.3395988209073351,-0.009164615928485808,-0.012763561133467171,-0.005097426750133427,0.0,0.18,1.0
1768879445.210482,0,train,0.34009389204210905,0.0,0.3395988209073351,-0.001644128249524308,-0.005040179922745626,0.003390397661110769,0.0,0.18,1.0
1768879445.2104876,0,train,0.34009389204210905,0.0,0.3395988209073351,-0.012131527114049339,-0.0011517616414172458,-0.00402730956810094,0.0,0.18,1.0
1768879445.2606492,0,train,0.36151951572416613,0.036632169906729656,0.30404914852329434,-0.007796391054521514,-0.0029390283067538166,-0.007499783398011618,0.0,0.18,1.0
1768879445.2606604,0,train,0.36151951572416613,0.036632169906729656,0.30404914852329434,-0.006641002600267013,-0.007131895367291139,-0.005389122704171822,0.0,0.18,1.0
1768879445.2606666,0,train,0.36151951572416613,0.036632169906729656,0.30404914852329434,-0.006108773946298246,0.002914536910624464,-0.0049093141029447375,0.0,0.18,1.0
1768879445.260672,0,train,0.36151951572416613,0.036632169906729656,0.30404914852329434,-0.01009541203433055,0.0035156526067866446,-0.01062528959648613,0.0,0.18,1.0
1768879445.2606907,0,train,0.36151951572416613,0.036632169906729656,0.30404914852329434,-0.016403495004644202,0.0012478997741927047,-0.012852156309912672,0.0,0.18,1.0
1768879445.2607014,0,train,0.36151951572416613,0.036632169906729656,0.30404914852329434,-0.018635133172350264,0.00849468163241631,-0.018068142956835526,0.0,0.18,1.0
1768879445.2607074,0,train,0.36151951572416613,0.036632169906729656,0.30404914852329434,-0.02225843552417914,-0.0036435290870784225,-0.01743095974910534,0.0,0.18,1.0
1768879445.2607136,0,train,0.36151951572416613,0.036632169906729656,0.30404914852329434,-0.005786392226633872,0.001954413730432079,-0.019289485468267205,0.0,0.18,1.0
1768879445.260719,0,train,0.36151951572416613,0.036632169906729656,0.30404914852329434,0.00170845925124291,0.002728385242286317,-0.004631548600702727,0.0,0.18,1.0
1768879445.2607248,0,train,0.36151951572416613,0.036632169906729656,0.30404914852329434,-0.014914010608243,-0.0006286150518074581,-0.003451081648084705,0.0,0.18,1.0
1768879445.3008964,0,train,0.3507535290813808,0.08198682071552031,0.29284220633025665,-0.01124134897375774,0.003170077218423242,-0.008283476271074678,0.0,0.18,1.0
1768879445.3009179,0,train,0.3507535290813808,0.08198682071552031,0.29284220633025665,-0.010637071273053625,-0.008770764670132637,-0.01030702533041907,0.0,0.18,1.0
1768879445.3009238,0,train,0.3507535290813808,0.08198682071552031,0.29284220633025665,-0.0007822261423537329,-0.02126957031509729,-0.002739466742686164,0.0,0.18,1.0
1768879445.3009293,0,train,0.3507535290813808,0.08198682071552031,0.29284220633025665,-0.008312714253629202,-0.02429833875236538,0.003669185294849662,0.0,0.18,1.0
1768879445.3009343,0,train,0.3507535290813808,0.08198682071552031,0.29284220633025665,-0.00019513137257369526,-0.024462498190135625,-0.0009314281610029974,0.0,0.18,1.0
1768879445.3009396,0,train,0.3507535290813808,0.08198682071552031,0.29284220633025665,-0.008634455659973974,-0.01519095624707963,0.005040860920510152,0.0,0.18,1.0
1768879445.3009448,0,train,0.3507535290813808,0.08198682071552031,0.29284220633025665,-0.009129186509880703,-0.014581393315306942,0.0057080832571247304,0.0,0.18,1.0
1768879445.3009508,0,train,0.3507535290813808,0.08198682071552031,0.29284220633025665,-0.005311998055106428,-0.013581060809222174,0.0024497740384216136,0.0,0.18,1.0
1768879445.3009613,0,train,0.3507535290813808,0.08198682071552031,0.29284220633025665,-0.010501623170941657,-0.017986779152117292,-0.0017048488572003126,0.0,0.18,1.0
1768879445.3009665,0,train,0.3507535290813808,0.08198682071552031,0.29284220633025665,-0.011215631727028866,-0.01764917323700667,-0.002214419423403009,0.0,0.18,1.0
1768879445.3411922,0,train,0.3168932231850911,0.12679212545877588,0.2999075877006206,-0.014295282876338664,-0.016295383082056213,-0.0027657204835939797,0.0,0.18,1.0
1768879445.3412018,0,train,0.3168932231850911,0.12679212545877588,0.2999075877006206,-0.007719105949989244,-0.010083222642560239,-0.0034827713742690376,0.0,0.18,1.0
1768879445.3412073,0,train,0.3168932231850911,0.12679212545877588,0.2999075877006206,-0.007912647599523577,-0.009474983002633929,0.0035544240526101355,0.0,0.18,1.0
1768879445.3412123,0,train,0.3168932231850911,0.12679212545877588,0.2999075877006206,-0.007190422231103975,-0.01685149911544657,-0.0024468533260718103,0.0,0.18,1.0
1768879445.3412173,0,train,0.3168932231850911,0.12679212545877588,0.2999075877006206,-0.006365698863438344,-0.019032741087726783,-0.007432915029447668,0.0,0.18,1.0
1768879445.3412342,0,train,0.3168932231850911,0.12679212545877588,0.2999075877006206,-0.011587148598934949,-0.018427391956543315,-0.008055919638469754,0.0,0.18,1.0
1768879445.3412402,0,train,0.3168932231850911,0.12679212545877588,0.2999075877006206,-0.013090251808902616,-0.0046133829204628735,9.858667079494832e-05,0.0,0.18,1.0
1768879445.3412457,0,train,0.3168932231850911,0.12679212545877588,0.2999075877006206,-0.013147653742446393,-0.01154061430040501,0.002398804697190999,0.0,0.18,1.0
1768879445.341251,0,train,0.3168932231850911,0.12679212545877588,0.2999075877006206,0.001668188373843459,-0.00676124297895618,-0.003064593745299058,0.0,0.18,1.0
1768879445.3412564,0,train,0.3168932231850911,0.12679212545877588,0.2999075877006206,-0.01486029835464818,-0.017824668877421342,-0.005754288617443682,0.0,0.18,1.0
1768879445.3814657,0,train,0.2681433736551306,0.1611237424317042,0.324467976380605,-0.0016013023979710873,-0.02357491311887319,0.005204983986779372,0.0,0.18,1.0
1768879445.3814745,0,train,0.2681433736551306,0.1611237424317042,0.324467976380605,-0.005264063247472172,-0.01177922647159613,0.01024338975568155,0.0,0.18,1.0
1768879445.3815176,0,train,0.2681433736551306,0.1611237424317042,0.324467976380605,-0.0023562170292694097,-0.01930989823422231,0.010216024027491976,0.0,0.18,1.0
1768879445.3815234,0,train,0.2681433736551306,0.1611237424317042,0.324467976380605,-0.006996917170474152,-0.015959310918101037,0.0019303994945302006,0.0,0.18,1.0
1768879445.3815289,0,train,0.2681433736551306,0.1611237424317042,0.324467976380605,-0.004368314154766845,-0.020595833700794316,-0.005895055058574961,0.0,0.18,1.0
1768879445.3815336,0,train,0.2681433736551306,0.1611237424317042,0.324467976380605,-0.005115053830253326,-0.006758289547417413,-0.00218373657257034,0.0,0.18,1.0
1768879445.381539,0,train,0.2681433736551306,0.1611237424317042,0.324467976380605,-0.002477704552335024,-0.013391207036625557,0.0005915866571555321,0.0,0.18,1.0
1768879445.3815444,0,train,0.2681433736551306,0.1611237424317042,0.324467976380605,-0.005308231747124889,-0.014862605202912493,0.0004506472539057521,0.0,0.18,1.0
1768879445.38155,0,train,0.2681433736551306,0.1611237424317042,0.324467976380605,-0.0060146097213245545,-0.016185887730065747,-0.007820837035525243,0.0,0.18,1.0
1768879445.3815665,0,train,0.2681433736551306,0.1611237424317042,0.324467976380605,-0.007245704008674088,-0.012515655333445966,-0.005075053632696291,0.0,0.18,1.0
1768879445.4318607,0,train,0.2057010680496062,0.17736557442426135,0.3731339403094724,0.0021744482537447577,-0.009929310939179318,-0.002324922115960273,0.0,0.18,1.0
1768879445.4318705,0,train,0.2057010680496062,0.17736557442426135,0.3731339403094724,0.004029119105959415,-0.010612129833859552,-0.006418187424635305,0.0,0.18,1.0
1768879445.4318764,0,train,0.2057010680496062,0.17736557442426135,0.3731339403094724,-0.008329763029167296,-0.011491208886635115,-0.002703490393742492,0.0,0.18,1.0
1768879445.4318814,0,train,0.2057010680496062,0.17736557442426135,0.3731339403094724,-0.007262173576172641,-0.009587466351088895,-0.008123367121524923,0.0,0.18,1.0
1768879445.4318867,0,train,0.2057010680496062,0.17736557442426135,0.3731339403094724,-0.02207937546416734,-0.004772622967086863,-0.008708508678427276,0.0,0.18,1.0
1768879445.4318914,0,train,0.2057010680496062,0.17736557442426135,0.3731339403094724,-0.01958107865098825,-0.017846895338904944,-0.010959550093279775,0.0,0.18,1.0
1768879445.4319098,0,train,0.2057010680496062,0.17736557442426135,0.3731339403094724,-0.018271835945391005,-0.012172357211945817,-0.009798621727286837,0.0,0.18,1.0
1768879445.4319153,0,train,0.2057010680496062,0.17736557442426135,0.3731339403094724,-0.0159001557530771,-0.004794290468115909,-0.01362655616950319,0.0,0.18,1.0
1768879445.4319205,0,train,0.2057010680496062,0.17736557442426135,0.3731339403094724,-0.0012755192656154983,0.0009910493241407294,-0.00857578115898953,0.0,0.18,1.0
1768879445.4319258,0,train,0.2057010680496062,0.17736557442426135,0.3731339403094724,-0.009010909908972808,-0.008929031396428661,-0.007436770067242682,0.0,0.18,1.0
1768879445.4722583,0,train,0.17129049914005423,0.16461829102696093,0.4176138655636075,-0.0010054172270930243,-0.003071956476105973,-0.01789693217090424,0.0,0.18,1.0
1768879445.4722686,0,train,0.17129049914005423,0.16461829102696093,0.4176138655636075,-0.005539222863564273,-0.014771395375562879,-0.01626004044388931,0.0,0.18,1.0
1768879445.472274,0,train,0.17129049914005423,0.16461829102696093,0.4176138655636075,-0.011968548014335924,-0.007335997048281741,-0.020248310652243723,0.0,0.18,1.0
1768879445.4722953,0,train,0.17129049914005423,0.16461829102696093,0.4176138655636075,-0.018111310194058882,-0.016100168904260234,-0.020512327581185725,0.0,0.18,1.0
1768879445.4723005,0,train,0.17129049914005423,0.16461829102696093,0.4176138655636075,-0.00591320571169628,-0.015942682368828953,-0.014820354806661627,0.0,0.18,1.0
1768879445.472306,0,train,0.17129049914005423,0.16461829102696093,0.4176138655636075,-0.01000369903809736,-0.012217908114658562,-0.014924212351442501,0.0,0.18,1.0
1768879445.4723256,0,train,0.17129049914005423,0.16461829102696093,0.4176138655636075,-0.009436838450477514,-0.008156869761227464,-0.011408267163339453,0.0,0.18,1.0
1768879445.4723318,0,train,0.17129049914005423,0.16461829102696093,0.4176138655636075,-0.0012374194641257643,0.004422751305370207,-0.013757283034809527,0.0,0.18,1.0
1768879445.4723375,0,train,0.17129049914005423,0.16461829102696093,0.4176138655636075,-0.004435099310937802,-0.004397392846573282,-0.011725128740182871,0.0,0.18,1.0
1768879445.4723427,0,train,0.17129049914005423,0.16461829102696093,0.4176138655636075,-0.014999290179559132,-0.009994342221684783,-0.0026604562278860315,0.0,0.18,1.0
1768879445.5126228,0,train,0.16205197991229753,0.13111434395511226,0.45751017586452764,0.0009176535698763572,-0.009548546667570742,-0.01114345083543439,0.0,0.18,1.0
1768879445.5126328,0,train,0.16205197991229753,0.13111434395511226,0.45751017586452764,-0.0023983419836096634,-0.01929667311698742,-0.004972893969194812,0.0,0.18,1.0
1768879445.5126388,0,train,0.16205197991229753,0.13111434395511226,0.45751017586452764,-0.004000599967432154,-0.016763976749557825,-0.005764228688295927,0.0,0.18,1.0
1768879445.512656,0,train,0.16205197991229753,0.13111434395511226,0.45751017586452764,-0.01569463753645631,-0.0076644561259445985,-0.0048412178248183465,0.0,0.18,1.0
1768879445.5126612,0,train,0.16205197991229753,0.13111434395511226,0.45751017586452764,-0.0036758742347437457,-0.007274875287572787,-0.013737766692954078,0.0,0.18,1.0
1768879445.5126672,0,train,0.16205197991229753,0.13111434395511226,0.45751017586452764,-0.01907822184349517,-0.006478727459678224,-0.004698628887164124,0.0,0.18,1.0
1768879445.5126722,0,train,0.16205197991229753,0.13111434395511226,0.45751017586452764,-0.012128393057730221,-0.008432041591319415,-0.0034573119848204793,0.0,0.18,1.0
1768879445.512683,0,train,0.16205197991229753,0.13111434395511226,0.45751017586452764,-0.008989386223859027,-0.014176212956523796,-0.005766132090191882,0.0,0.18,1.0
1768879445.5126882,0,train,0.16205197991229753,0.13111434395511226,0.45751017586452764,0.007781984819746803,-0.01125019732150205,0.001984735582928125,0.0,0.18,1.0
1768879445.5126934,0,train,0.16205197991229753,0.13111434395511226,0.45751017586452764,-0.0019531809200778287,-0.01288095156643094,-0.002060949387556535,0.0,0.18,1.0
1768879445.5529726,0,train,0.18144965236648902,0.08427566341309957,0.4845195636308444,-0.001743320894451556,-0.007135198334881685,0.0028472854254984383,0.0,0.18,1.0
1768879445.5529847,0,train,0.18144965236648902,0.08427566341309957,0.4845195636308444,0.00022960489347424785,-0.015097858818217447,-0.002072492021309058,0.0,0.18,1.0
1768879445.5529916,0,train,0.18144965236648902,0.08427566341309957,0.4845195636308444,0.0004642039073313484,-0.014123945320783564,-0.004070891352623996,0.0,0.18,1.0
1768879445.552997,0,train,0.18144965236648902,0.08427566341309957,0.4845195636308444,-0.004537985485274143,-0.006496107560703212,-0.008390288781085657,0.0,0.18,1.0
1768879445.5530212,0,train,0.18144965236648902,0.08427566341309957,0.4845195636308444,-0.0031919730947844106,-0.01072284402665207,-0.00022147587916434156,0.0,0.18,1.0
1768879445.5530274,0,train,0.18144965236648902,0.08427566341309957,0.4845195636308444,-0.0031169538591369196,-0.016603166888706417,-0.009446970238397058,0.0,0.18,1.0
1768879445.5530324,0,train,0.18144965236648902,0.08427566341309957,0.4845195636308444,-0.0009395942656284211,-0.01323548309430392,-0.011394095922763742,0.0,0.18,1.0
1768879445.5530381,0,train,0.18144965236648902,0.08427566341309957,0.4845195636308444,-0.006756435600651328,-0.017976253993742135,-0.0034064450146945387,0.0,0.18,1.0
1768879445.553044,0,train,0.18144965236648902,0.08427566341309957,0.4845195636308444,-0.004846166082544775,-0.007284876240655354,-0.0103723117852987,0.0,0.18,1.0
1768879445.6033258,0,train,0.23778354838214172,0.02423567907116978,0.49124555893365185,-0.004678305337502604,-0.005241812416396168,-0.009046013683596692,0.0,0.18,1.0
1768879445.6033351,0,train,0.23778354838214172,0.02423567907116978,0.49124555893365185,-0.0150766102705505,-0.008526941907793451,-0.016233829926329105,0.0,0.18,1.0
1768879445.6033416,0,train,0.23778354838214172,0.02423567907116978,0.49124555893365185,-0.009903715791656453,-0.017609998927895904,-0.006948724911624538,0.0,0.18,1.0
1768879445.603347,0,train,0.23778354838214172,0.02423567907116978,0.49124555893365185,-0.0017155938148378353,-0.011947769653083942,-0.0021881608893590154,0.0,0.18,1.0
1768879445.6033523,0,train,0.23778354838214172,0.02423567907116978,0.49124555893365185,-0.005099426139300282,-0.017029354198152085,0.0027970947641220247,0.0,0.18,1.0
1768879445.6033583,0,train,0.23778354838214172,0.02423567907116978,0.49124555893365185,-0.0038946111718089374,-0.013496267038057123,4.031700654993573e-05,0.0,0.18,1.0
1768879445.6033638,0,train,0.23778354838214172,0.02423567907116978,0.49124555893365185,-0.003963663002147241,-0.021201364471383762,0.0004971824485217858,0.0,0.18,1.0
1768879445.6033857,0,train,0.23778354838214172,0.02423567907116978,0.49124555893365185,-0.0034960582689364775,-0.007162648020498725,-0.007616607111472154,0.0,0.18,1.0
1768879445.603391,0,train,0.23778354838214172,0.02423567907116978,0.49124555893365185,-0.007360105729110876,-0.01259791872224766,-0.011334182559340109,0.0,0.18,1.0
1768879445.6033964,0,train,0.23778354838214172,0.02423567907116978,0.49124555893365185,-0.01012059490468309,-0.012056040602393767,-0.005560676614421707,0.0,0.18,1.0
1768879445.6436932,0,train,0.2928269478171031,0.0,0.472942806815658,-0.013641600288824787,-0.014889998439447617,3.283421591806394e-05,0.0,0.18,1.0
1768879445.6437018,0,train,0.2928269478171031,0.0,0.472942806815658,-0.0026277518894985627,-0.01732659824804154,-0.0037901529267300765,0.0,0.18,1.0
1768879445.6437087,0,train,0.2928269478171031,0.0,0.472942806815658,0.0049729613491040475,-0.015559399421496043,0.0007850942499569186,0.0,0.18,1.0
1768879445.6437137,0,train,0.2928269478171031,0.0,0.472942806815658,0.012651952573978966,-0.005620218942162948,-0.004290720305323071,0.0,0.18,1.0
1768879445.6437378,0,train,0.2928269478171031,0.0,0.472942806815658,0.0059472037515630755,-0.004082444264243857,-0.008529032854873213,0.0,0.18,1.0
1768879445.643743,0,train,0.2928269478171031,0.0,0.472942806815658,0.002963040889228531,-0.016848253179618834,-0.011557050682407565,0.0,0.18,1.0
1768879445.6437488,0,train,0.2928269478171031,0.0,0.472942806815658,0.006330863316515492,-0.01191254294569483,-0.008561617025605772,0.0,0.18,1.0
1768879445.643754,0,train,0.2928269478171031,0.0,0.472942806815658,0.004362481880606637,-0.014269088394558658,-0.014311859627893032,0.0,0.18,1.0
1768879445.6437593,0,train,0.2928269478171031,0.0,0.472942806815658,-0.006024180405125187,0.0007591538906700218,-0.009868207915728204,0.0,0.18,1.0
1768879445.6437647,0,train,0.2928269478171031,0.0,0.472942806815658,0.00772892733800712,-0.005921184704400831,-0.00672918757509255,0.0,0.18,1.0
1768879445.6839683,0,train,0.33875635332708603,0.0,0.4369510676952161,-0.006574733167405389,-0.013035492788082286,-0.0063047588821696894,0.0,0.18,1.0
1768879445.683978,0,train,0.33875635332708603,0.0,0.4369510676952161,0.003061944724235039,-0.0102444742354793,-0.0037912071382493,0.0,0.18,1.0
1768879445.683984,0,train,0.33875635332708603,0.0,0.4369510676952161,-0.002900656900622292,-0.0014837236829870937,-0.0006797867167755029,0.0,0.18,1.0
1768879445.6839895,0,train,0.33875635332708603,0.0,0.4369510676952161,-0.005229451170539666,-0.012863256402120427,0.0029603067373997136,0.0,0.18,1.0
1768879445.6839948,0,train,0.33875635332708603,0.0,0.4369510676952161,-0.011111301074769766,-0.015882102818375904,0.0038173270818721602,0.0,0.18,1.0
1768879445.6839998,0,train,0.33875635332708603,0.0,0.4369510676952161,-0.005714975094460083,-0.019851583301703654,-0.006405264165342946,0.0,0.18,1.0
1768879445.6840053,0,train,0.33875635332708603,0.0,0.4369510676952161,-0.021253282558382734,-0.0178517768850913,-0.003891802422049319,0.0,0.18,1.0
1768879445.6840227,0,train,0.33875635332708603,0.0,0.4369510676952161,-0.007600251907410256,-0.010339356815674262,-0.011079953633119397,0.0,0.18,1.0
1768879445.6840284,0,train,0.33875635332708603,0.0,0.4369510676952161,-0.017156645366786624,-0.011112125013142203,-0.0016917376684140145,0.0,0.18,1.0
1768879445.6840336,0,train,0.33875635332708603,0.0,0.4369510676952161,-0.01576893649553054,-0.005282374105060688,-0.006485237484160944,0.0,0.18,1.0
1768879445.734431,0,train,0.3615687363619264,0.0,0.37877937931841604,-0.01807821686220867,-0.007558559467280288,-0.0011595428527420965,0.0,0.18,1.0
1768879445.7344406,0,train,0.3615687363619264,0.0,0.37877937931841604,-0.016326379003284333,-0.0003150966275047283,-0.0009439659175041822,0.0,0.18,1.0
1768879445.7344463,0,train,0.3615687363619264,0.0,0.37877937931841604,-0.009373785208633257,-0.007221080885647815,-0.00144316260178511,0.0,0.18,1.0
1768879445.7344515,0,train,0.3615687363619264,0.0,0.37877937931841604,-0.008800591386361828,-0.0005032416015207313,0.0012796928831756184,0.0,0.18,1.0
1768879445.7344763,0,train,0.3615687363619264,0.0,0.37877937931841604,-0.015910426997819,0.003996002725633473,0.000447693142699944,0.0,0.18,1.0
1768879445.7344813,0,train,0.3615687363619264,0.0,0.37877937931841604,-0.0031608327097130276,0.003531959126012072,0.0060846010958529855,0.0,0.18,1.0
1768879445.734487,0,train,0.3615687363619264,0.0,0.37877937931841604,-0.013794221675539259,0.007950544646805849,0.005892217408586063,0.0,0.18,1.0
1768879445.7344923,0,train,0.3615687363619264,0.0,0.37877937931841604,-0.0044021932481940656,0.0003002835845674628,-0.006663423845839154,0.0,0.18,1.0
1768879445.7344983,0,train,0.3615687363619264,0.0,0.37877937931841604,-0.006468625011830069,-0.009521653700723056,-0.0026925948708333724,0.0,0.18,1.0
1768879445.7345037,0,train,0.3615687363619264,0.0,0.37877937931841604,0.002665819311994833,-0.008298552451890227,0.00011710306562714446,0.0,0.18,1.0
1768879445.77476,0,train,0.3440879181920584,0.04029081330365272,0.3343299329575825,-0.011114799908261211,-0.015534605340744414,-0.002616932984193342,0.0,0.18,1.0
1768879445.7747817,0,train,0.3440879181920584,0.04029081330365272,0.3343299329575825,-0.015050326802652713,-0.024571739259029945,0.001191724229457719,0.0,0.18,1.0
1768879445.774788,0,train,0.3440879181920584,0.04029081330365272,0.3343299329575825,-0.004984556190024359,-0.013693017654812623,0.0044132472724710756,0.0,0.18,1.0
1768879445.774793,0,train,0.3440879181920584,0.04029081330365272,0.3343299329575825,-0.00014505770339499414,-0.019933313085294578,0.0008483436427021202,0.0,0.18,1.0
1768879445.7747982,0,train,0.3440879181920584,0.04029081330365272,0.3343299329575825,-0.008264148005426936,-0.007503173470839052,-0.0007338868277312251,0.0,0.18,1.0
1768879445.7748032,0,train,0.3440879181920584,0.04029081330365272,0.3343299329575825,-0.0041601846215652055,-0.003982771947322269,-0.003338429358069492,0.0,0.18,1.0
1768879445.7748086,0,train,0.3440879181920584,0.04029081330365272,0.3343299329575825,-0.010210196461853525,-0.005837867785817073,0.006642435666236025,0.0,0.18,1.0
1768879445.7748194,0,train,0.3440879181920584,0.04029081330365272,0.3343299329575825,-0.005902503435875595,-0.0025942168467688,-0.0018868222874105097,0.0,0.18,1.0
1768879445.7748284,0,train,0.3440879181920584,0.04029081330365272,0.3343299329575825,-0.007424829073997475,-0.011309073485903508,0.003106310024858337,0.0,0.18,1.0
1768879445.774834,0,train,0.3440879181920584,0.04029081330365272,0.3343299329575825,-0.01778653015097573,-0.022399071779526894,-0.006790888406338253,0.0,0.18,1.0
1768879445.8150783,0,train,0.29934250710795884,0.09250066957322994,0.30305549267232323,-0.008406652280378216,-0.02145539483621759,-0.013766045265459726,0.0,0.18,1.0
1768879445.8150873,0,train,0.29934250710795884,0.09250066957322994,0.30305549267232323,-0.014851226528379257,-0.009790295148068912,-0.007463978015090109,0.0,0.18,1.0
1768879445.815093,0,train,0.29934250710795884,0.09250066957322994,0.30305549267232323,-0.0062996760856534354,-0.004612525791988927,-0.01291030329546136,0.0,0.18,1.0
1768879445.8150983,0,train,0.29934250710795884,0.09250066957322994,0.30305549267232323,8.810809166186841e-05,-0.005587676072450509,-0.01316541977882782,0.0,0.18,1.0
1768879445.8151035,0,train,0.29934250710795884,0.09250066957322994,0.30305549267232323,-0.001198847605014608,0.00021458080867113192,-0.01611710450821557,0.0,0.18,1.0
1768879445.8151205,0,train,0.29934250710795884,0.09250066957322994,0.30305549267232323,-0.011397638317776203,-0.004915430914773798,-0.007689222300495049,0.0,0.18,1.0
1768879445.8151262,0,train,0.29934250710795884,0.09250066957322994,0.30305549267232323,-0.008848586679375587,-0.0033518514374535164,-0.008472129654397505,0.0,0.18,1.0
1768879445.815132,0,train,0.29934250710795884,0.09250066957322994,0.30305549267232323,-0.017140622724763514,-0.006273670587514514,-0.008795229966497392,0.0,0.18,1.0
1768879445.8151374,0,train,0.29934250710795884,0.09250066957322994,0.30305549267232323,0.0005366091656320762,0.00019347296573774973,-0.015633268361502844,0.0,0.18,1.0
1768879445.8151429,0,train,0.29934250710795884,0.09250066957322994,0.30305549267232323,-0.009748348612982667,-0.007776050270596594,-0.015551503866571855,0.0,0.18,1.0
1768879445.855432,0,train,0.2415378969955291,0.1409558815731998,0.2927674943027842,-0.0063661611560091565,-0.0016973307690675828,-0.0069355745736035335,0.0,0.18,1.0
1768879445.855441,0,train,0.2415378969955291,0.1409558815731998,0.2927674943027842,-0.005287187923983673,-0.01560329812064318,0.0017386767032640533,0.0,0.18,1.0
1768879445.8554585,0,train,0.2415378969955291,0.1409558815731998,0.2927674943027842,-0.010427970446097145,-0.01861171963046634,-0.0024379255916783514,0.0,0.18,1.0
1768879445.855464,0,train,0.2415378969955291,0.1409558815731998,0.2927674943027842,-0.018551977560015098,-0.005087170696553661,-0.003214181342745514,0.0,0.18,1.0
1768879445.855469,0,train,0.2415378969955291,0.1409558815731998,0.2927674943027842,-0.016180416022766386,-0.011677770363615421,0.004557148245921673,0.0,0.18,1.0
1768879445.8554804,0,train,0.2415378969955291,0.1409558815731998,0.2927674943027842,7.708684951986595e-05,-0.021504678137673826,0.006541274808199583,0.0,0.18,1.0
1768879445.855486,0,train,0.2415378969955291,0.1409558815731998,0.2927674943027842,-0.01766701318325456,-0.02206797473657361,-0.001178664523329342,0.0,0.18,1.0
1768879445.8554916,0,train,0.2415378969955291,0.1409558815731998,0.2927674943027842,-0.011810422017949733,-0.022540920939592524,0.0010270772357550604,0.0,0.18,1.0
1768879445.855497,0,train,0.2415378969955291,0.1409558815731998,0.2927674943027842,-0.015505018970391643,-0.0030205743884686056,-0.005550372339547468,0.0,0.18,1.0
1768879445.855506,0,train,0.2415378969955291,0.1409558815731998,0.2927674943027842,-0.00836330362337447,-0.009454593893964604,-0.003450883785522448,0.0,0.18,1.0
1768879445.9058626,0,train,0.18044742894511295,0.17534173032483696,0.3135861790868139,-0.016856569464509044,-0.009940023124388991,-0.006137841548357767,0.0,0.18,1.0
1768879445.905872,0,train,0.18044742894511295,0.17534173032483696,0.3135861790868139,-0.004456391545132168,-0.01692563260036097,0.0004977027527919579,0.0,0.18,1.0
1768879445.9058778,0,train,0.18044742894511295,0.17534173032483696,0.3135861790868139,-0.01138557820039389,-0.011532840377857411,-0.004183652694946339,0.0,0.18,1.0
1768879445.905883,0,train,0.18044742894511295,0.17534173032483696,0.3135861790868139,-0.01144734798977776,-0.010449765006659109,-0.004657879045258073,0.0,0.18,1.0
1768879445.905888,0,train,0.18044742894511295,0.17534173032483696,0.3135861790868139,-0.005792712776950133,-0.011941659380700543,-0.004713260461675011,0.0,0.18,1.0
1768879445.9058933,0,train,0.18044742894511295,0.17534173032483696,0.3135861790868139,0.006277373649865948,-0.012705846972737102,-0.005678045563519688,0.0,0.18,1.0
1768879445.9059129,0,train,0.18044742894511295,0.17534173032483696,0.3135861790868139,-0.009781042059544616,-0.022858556481109047,-0.007152970449009055,0.0,0.18,1.0
1768879445.9059184,0,train,0.18044742894511295,0.17534173032483696,0.3135861790868139,-0.00171315989650625,-0.019340094353894055,-0.0074589358254105,0.0,0.18,1.0
1768879445.9059238,0,train,0.18044742894511295,0.17534173032483696,0.3135861790868139,0.004103769377786626,-0.014031576527195552,0.0009849420905661914,0.0,0.18,1.0
1768879445.9059293,0,train,0.18044742894511295,0.17534173032483696,0.3135861790868139,-0.0028408530420975238,-0.017232068011063195,0.00032145549814345076,0.0,0.18,1.0
1768879445.9461963,0,train,0.1616204174888833,0.1714557921543921,0.35297729034519615,0.0013099702012561042,-0.008414942302940548,-0.005020977910814054,0.0,0.18,1.0
1768879445.9462056,0,train,0.1616204174888833,0.1714557921543921,0.35297729034519615,0.011963468610822753,-0.006014026676668016,-0.008634539647203307,0.0,0.18,1.0
1768879445.946212,0,train,0.1616204174888833,0.1714557921543921,0.35297729034519615,0.018103708057938234,-0.01131615493356871,-0.006165886714155163,0.0,0.18,1.0
1768879445.9462297,0,train,0.1616204174888833,0.1714557921543921,0.35297729034519615,0.005197596108898607,-0.01697326693007394,-0.009744151304876452,0.0,0.18,1.0
1768879445.9462352,0,train,0.1616204174888833,0.1714557921543921,0.35297729034519615,0.005891982005021959,-0.011593993771241293,-0.0019020895129214796,0.0,0.18,1.0
1768879445.94624,0,train,0.1616204174888833,0.1714557921543921,0.35297729034519615,0.0024815372184407046,-0.01158390983121051,0.003925793915385589,0.0,0.18,1.0
1768879445.946246,0,train,0.1616204174888833,0.1714557921543921,0.35297729034519615,-0.0018350069900496123,-0.007525526736457636,0.003786044666304876,0.0,0.18,1.0
1768879445.9462512,0,train,0.1616204174888833,0.1714557921543921,0.35297729034519615,-0.0028566416507785587,-0.024409294358002834,0.00843024013226701,0.0,0.18,1.0
1768879445.9462569,0,train,0.1616204174888833,0.1714557921543921,0.35297729034519615,-0.010844039181210165,-0.02140376138715281,-0.0012507372842365534,0.0,0.18,1.0
1768879445.9462616,0,train,0.1616204174888833,0.1714557921543921,0.35297729034519615,-0.012621459949255426,-0.02430082287342506,-0.008685375875960287,0.0,0.18,1.0
1768879445.9867163,0,train,0.17832908581232762,0.13947305549797073,0.402751109573889,-0.01205825622757574,-0.021503451121422688,-0.004066408551348315,0.0,0.18,1.0
1768879445.986731,0,train,0.17832908581232762,0.13947305549797073,0.402751109573889,0.00038219437986793017,-0.01723853223480455,-0.012581376668789623,0.0,0.18,1.0
1768879445.9867377,0,train,0.17832908581232762,0.13947305549797073,0.402751109573889,-0.005193723757892642,-0.016904833556401162,-0.010089835940483318,0.0,0.18,1.0
1768879445.9867435,0,train,0.17832908581232762,0.13947305549797073,0.402751109573889,-0.01745097887803433,-0.018694652665720363,-0.008355310024145595,0.0,0.18,1.0
1768879445.9867494,0,train,0.17832908581232762,0.13947305549797073,0.402751109573889,-0.01745720357753984,-0.01798810657821154,-0.012677033999896089,0.0,0.18,1.0
1768879445.9867551,0,train,0.17832908581232762,0.13947305549797073,0.402751109573889,-0.02634466144026386,-0.017985102442081482,-0.002079642218519944,0.0,0.18,1.0
1768879445.9867606,0,train,0.17832908581232762,0.13947305549797073,0.402751109573889,-0.029773053700343412,-0.002806581851047832,-0.003251842248492685,0.0,0.18,1.0
1768879445.9867885,0,train,0.17832908581232762,0.13947305549797073,0.402751109573889,-0.028331299696588156,-0.01136563233788466,-0.007331456151703507,0.0,0.18,1.0
1768879445.9867945,0,train,0.17832908581232762,0.13947305549797073,0.402751109573889,-0.021929825017697364,-0.00506027650690588,-0.009313348829923882,0.0,0.18,1.0
1768879445.9868,0,train,0.17832908581232762,0.13947305549797073,0.402751109573889,-0.013040592808204689,-0.016680580116763828,-0.002232121975717857,0.0,0.18,1.0
