time,cmd_DF,cmd_F,cmd_G,meas_DF,meas_F,meas_G,ang_wrist,ang_hand,p_flag_recv
0.04120612144470215,0.3,0.0,0.0,2.7694814905240035,-21.26,0.0,0.0,0.0,nan
0.04135942459106445,0.3,0.0,0.0,2.815259254737998,-21.26,0.0,0.0,0.0,nan
0.04141950607299805,0.3,0.0,0.0,2.8,-21.26,0.0,0.0,0.0,nan
0.0414731502532959,0.3,0.0,0.0,2.815259254737998,-21.26,0.0,0.0,0.0,nan
0.041519880294799805,0.3,0.0,0.0,2.815259254737998,-21.26,0.0,0.0,0.0,nan
0.041561126708984375,0.3,0.0,0.0,2.8,-21.26,0.0,0.0,0.0,nan
0.08268547058105469,0.3,0.0,0.0,2.7694814905240035,-21.26,0.0,0.0,0.0,nan
0.08284640312194824,0.3,0.0,0.0,2.8,-21.26,0.0,0.0,0.0,nan
0.08291745185852051,0.3,0.0,0.0,2.8,-21.26,0.0,0.0,0.0,nan
0.08299112319946289,0.3,0.0,0.0,2.815259254737998,-21.26,0.0,0.0,0.0,nan
0.08305025100708008,0.3,0.0,0.0,2.8,-21.26,0.0,0.0,0.0,nan
0.08332991600036621,0.3,0.0,0.0,2.7847407452620017,-21.26,0.0,0.0,0.0,nan
0.12446761131286621,0.3,0.0,0.0,2.8,-21.26,0.0,0.0,0.0,nan
0.12456893920898438,0.3,0.0,0.0,2.8,-21.26,0.0,0.0,0.0,nan
0.1246035099029541,0.3,0.0,0.0,2.7847407452620017,-21.26,0.0,0.0,0.0,nan
0.12463665008544922,0.3,0.0,0.0,2.7847407452620017,-21.26,0.0,0.0,0.0,nan
0.12484002113342285,0.3,0.0,0.0,2.7847407452620017,-21.26,0.0,0.0,0.0,nan
0.12488842010498047,0.3,0.0,0.0,2.7847407452620017,-21.26,0.0,0.0,0.0,nan
0.17632794380187988,0.3,0.0,0.0,2.7847407452620017,-21.26,0.0,0.0,0.0,nan
0.17648673057556152,0.3,0.0,0.0,2.8,-21.26,0.0,0.0,0.0,nan
0.17656493186950684,0.3,0.0,0.0,2.7694814905240035,-21.26,0.0,0.0,0.0,nan
0.17663335800170898,0.3,0.0,0.0,2.7847407452620017,-21.26,0.0,0.0,0.0,nan
0.17670059204101562,0.3,0.0,0.0,2.7847407452620017,-21.26,0.0,0.0,0.0,nan
0.17676019668579102,0.3,0.0,0.0,2.7847407452620017,-21.26,0.0,0.0,0.0,nan
0.2178025245666504,0.3,0.0,0.0,2.7847407452620017,-21.26,0.0,0.0,0.0,nan
0.21795439720153809,0.3,0.0,0.0,2.8,-21.26,0.0,0.0,0.0,nan
0.21802330017089844,0.3,0.0,0.0,2.8,-21.26,0.0,0.0,0.0,nan
0.218064546585083,0.3,0.0,0.0,2.815259254737998,-21.26,0.0,0.0,0.0,nan
0.21810626983642578,0.3,0.0,0.0,2.8,-21.26,0.0,0.0,0.0,nan
0.25922632217407227,0.3,0.0,0.0,2.7847407452620017,-21.26,0.0,0.0,0.0,nan
0.25939178466796875,0.3,0.0,0.0,2.8,-21.26,0.0,0.0,0.0,nan
0.25946736335754395,0.3,0.0,0.0,2.7847407452620017,-21.26,0.0,0.0,0.0,nan
0.2595345973968506,0.3,0.0,0.0,2.8,-21.26,0.0,0.0,0.0,nan
0.2595984935760498,0.3,0.0,0.0,2.7847407452620017,-21.26,0.0,0.0,0.0,nan
0.25966548919677734,0.3,0.0,0.0,2.8,-21.26,0.0,0.0,0.0,nan
0.3007040023803711,0.3,0.0,0.0,2.7847407452620017,-21.26,0.0,0.0,0.0,nan
0.30086398124694824,0.3,0.0,0.0,2.7542222357860053,-21.26,0.0,0.0,0.0,nan
0.3009357452392578,0.3,0.0,0.0,2.7694814905240035,-21.26,0.0,0.0,0.0,nan
0.3010430335998535,0.3,0.0,0.0,2.830518509475996,-21.26,0.0,0.0,0.0,nan
0.30110621452331543,0.3,0.0,0.0,2.7847407452620017,-21.26,0.0,0.0,0.0,nan
0.30116915702819824,0.3,0.0,0.0,2.7847407452620017,-21.26,0.0,0.0,0.0,nan
0.3423793315887451,0.3,0.0,0.0,2.7847407452620017,-21.26,0.0,0.0,0.0,nan
0.3425407409667969,0.3,0.0,0.0,2.7847407452620017,-21.26,0.0,0.0,0.0,nan
0.34261393547058105,0.3,0.0,0.0,2.7847407452620017,-21.26,0.0,0.0,0.0,nan
0.3426799774169922,0.3,0.0,0.0,2.830518509475996,-21.26,0.0,0.0,0.0,nan
0.3427748680114746,0.3,0.0,0.0,2.8,-21.26,0.0,0.0,0.0,nan
0.3428356647491455,0.3,0.0,0.0,2.7847407452620017,-21.26,0.0,0.0,0.0,nan
0.3839702606201172,0.3,0.0,0.0,2.7542222357860053,-21.26,0.0,0.0,0.0,nan
0.3841440677642822,0.3,0.0,0.0,2.8,-21.26,0.0,0.0,0.0,nan
0.3843855857849121,0.3,0.0,0.0,2.7847407452620017,-21.26,0.0,0.0,0.0,nan
0.3844916820526123,0.3,0.0,0.0,2.7847407452620017,-21.26,0.0,0.0,0.0,nan
0.3845663070678711,0.3,0.0,0.0,2.7694814905240035,-21.26,0.0,0.0,0.0,nan
0.384631872177124,0.3,0.0,0.0,2.7847407452620017,-21.26,0.0,0.0,0.0,nan
0.43584156036376953,0.3,0.0,0.0,2.7847407452620017,-21.26,0.0,0.0,0.0,nan
0.4360013008117676,0.3,0.0,0.0,2.815259254737998,-21.26,0.0,0.0,0.0,nan
0.4360802173614502,0.3,0.0,0.0,2.8,-21.26,0.0,0.0,0.0,nan
0.43615078926086426,0.3,0.0,0.0,2.8,-21.26,0.0,0.0,0.0,nan
0.4362149238586426,0.3,0.0,0.0,2.8,-21.26,0.0,0.0,0.0,nan
0.43627142906188965,0.3,0.0,0.0,2.8,-21.26,0.0,0.0,0.0,nan
0.47737550735473633,0.3,0.0,0.0,2.7847407452620017,-21.26,0.0,0.0,0.0,nan
0.4775402545928955,0.3,0.0,0.0,2.815259254737998,-21.26,0.0,0.0,0.0,nan
0.4776172637939453,0.3,0.0,0.0,2.7847407452620017,-21.26,0.0,0.0,0.0,nan
0.47768187522888184,0.3,0.0,0.0,2.7847407452620017,-21.26,0.0,0.0,0.0,nan
0.4777519702911377,0.3,0.0,0.0,2.815259254737998,-21.26,0.0,0.0,0.0,nan
0.4778175354003906,0.3,0.0,0.0,2.7847407452620017,-21.26,0.0,0.0,0.0,nan
0.5189168453216553,0.3,0.0,0.0,2.7847407452620017,-21.26,0.0,0.0,0.0,nan
0.519073486328125,0.3,0.0,0.0,2.7847407452620017,-21.26,0.0,0.0,0.0,nan
0.5191507339477539,0.3,0.0,0.0,2.8,-21.26,0.0,0.0,0.0,nan
0.519221305847168,0.3,0.0,0.0,2.8,-21.26,0.0,0.0,0.0,nan
0.5192840099334717,0.3,0.0,0.0,2.7847407452620017,-21.26,0.0,0.0,0.0,nan
0.5193445682525635,0.3,0.0,0.0,2.8,-21.26,0.0,0.0,0.0,nan
0.5605428218841553,0.3,0.0,0.0,2.7694814905240035,-21.26,0.0,0.0,0.0,nan
0.5606992244720459,0.3,0.0,0.0,2.7694814905240035,-21.26,0.0,0.0,0.0,nan
0.5607705116271973,0.3,0.0,0.0,2.815259254737998,-21.26,0.0,0.0,0.0,nan
0.5608408451080322,0.3,0.0,0.0,2.8,-21.26,0.0,0.0,0.0,nan
0.5609009265899658,0.3,0.0,0.0,2.7847407452620017,-21.26,0.0,0.0,0.0,nan
0.56099534034729,0.3,0.0,0.0,2.7694814905240035,-21.26,0.0,0.0,0.0,nan
0.6022822856903076,0.3,0.0,0.0,2.7694814905240035,-21.26,0.0,0.0,0.0,nan
0.6024413108825684,0.3,0.0,0.0,2.7847407452620017,-21.26,0.0,0.0,0.0,nan
0.6025185585021973,0.3,0.0,0.0,2.8,-21.26,0.0,0.0,0.0,nan
0.6025803089141846,0.3,0.0,0.0,2.7847407452620017,-21.26,0.0,0.0,0.0,nan
0.6026382446289062,0.3,0.0,0.0,2.8,-21.26,0.0,0.0,0.0,nan
0.6026897430419922,0.3,0.0,0.0,2.830518509475996,-21.26,0.0,0.0,0.0,nan
0.6441793441772461,0.3,0.0,0.0,2.8,-21.26,0.0,0.0,0.0,nan
0.6442909240722656,0.3,0.0,0.0,2.7694814905240035,-21.26,0.0,0.0,0.0,nan
0.6443262100219727,0.3,0.0,0.0,2.8,-21.26,0.0,0.0,0.0,nan
0.6443562507629395,0.3,0.0,0.0,2.7847407452620017,-21.26,0.0,0.0,0.0,nan
0.644385814666748,0.3,0.0,0.0,2.7847407452620017,-21.26,0.0,0.0,0.0,nan
0.6859042644500732,0.3,0.0,0.0,2.815259254737998,-21.26,0.0,0.0,0.0,nan
0.686018705368042,0.3,0.0,0.0,2.7694814905240035,-21.26,0.0,0.0,0.0,nan
0.686053991317749,0.3,0.0,0.0,2.8,-21.26,0.0,0.0,0.0,nan
0.6861128807067871,0.3,0.0,0.0,2.7694814905240035,-21.26,0.0,0.0,0.0,nan
0.6861639022827148,0.3,0.0,0.0,2.815259254737998,-21.26,0.0,0.0,0.0,nan
0.6861922740936279,0.3,0.0,0.0,2.815259254737998,-21.26,0.0,0.0,0.0,nan
0.7374882698059082,0.3,0.0,0.0,2.8,-21.26,0.0,0.0,0.0,nan
0.7376542091369629,0.3,0.0,0.0,2.7542222357860053,-21.26,0.0,0.0,0.0,nan
0.73773193359375,0.3,0.0,0.0,2.7847407452620017,-21.26,0.0,0.0,0.0,nan
0.7377979755401611,0.3,0.0,0.0,2.7847407452620017,-21.26,0.0,0.0,0.0,nan
0.7378616333007812,0.3,0.0,0.0,2.815259254737998,-21.26,0.0,0.0,0.0,nan
0.7379248142242432,0.3,0.0,0.0,2.8,-21.26,0.0,0.0,0.0,nan
0.7790334224700928,0.3,0.0,0.0,2.815259254737998,-21.26,0.0,0.0,0.0,nan
0.7791969776153564,0.3,0.0,0.0,2.7847407452620017,-21.26,0.0,0.0,0.0,nan
0.7792701721191406,0.3,0.0,0.0,2.7847407452620017,-21.26,0.0,0.0,0.0,nan
0.7793335914611816,0.3,0.0,0.0,2.7694814905240035,-21.26,0.0,0.0,0.0,nan
0.7793951034545898,0.3,0.0,0.0,2.815259254737998,-21.26,0.0,0.0,0.0,nan
0.7794568538665771,0.3,0.0,0.0,2.7694814905240035,-21.26,0.0,0.0,0.0,nan
0.8206262588500977,0.3,0.0,0.0,2.8,-21.26,0.0,0.0,0.0,nan
0.8207991123199463,0.3,0.0,0.0,2.7694814905240035,-21.26,0.0,0.0,0.0,nan
0.8208785057067871,0.3,0.0,0.0,2.8,-21.26,0.0,0.0,0.0,nan
0.8209738731384277,0.3,0.0,0.0,2.7847407452620017,-21.26,0.0,0.0,0.0,nan
0.8210771083831787,0.3,0.0,0.0,2.7847407452620017,-21.26,0.0,0.0,0.0,nan
0.821138858795166,0.3,0.0,0.0,2.7847407452620017,-21.26,0.0,0.0,0.0,nan
0.862281322479248,0.3,0.0,0.0,2.8,-21.26,0.0,0.0,0.0,nan
0.8624420166015625,0.3,0.0,0.0,2.7694814905240035,-21.26,0.0,0.0,0.0,nan
0.862518310546875,0.3,0.0,0.0,2.8,-21.26,0.0,0.0,0.0,nan
0.8625826835632324,0.3,0.0,0.0,2.8,-21.26,0.0,0.0,0.0,nan
0.8626439571380615,0.3,0.0,0.0,2.7847407452620017,-21.26,0.0,0.0,0.0,nan
0.8629603385925293,0.3,0.0,0.0,2.7694814905240035,-21.26,0.0,0.0,0.0,nan
0.9040896892547607,0.3,0.0,0.0,2.8,-21.26,0.0,0.0,0.0,nan
0.9042503833770752,0.3,0.0,0.0,2.7847407452620017,-21.26,0.0,0.0,0.0,nan
0.9043319225311279,0.3,0.0,0.0,2.7694814905240035,-21.26,0.0,0.0,0.0,nan
0.9044015407562256,0.3,0.0,0.0,2.7847407452620017,-21.26,0.0,0.0,0.0,nan
0.9044656753540039,0.3,0.0,0.0,2.7847407452620017,-21.26,0.0,0.0,0.0,nan
0.9045276641845703,0.3,0.0,0.0,2.8,-21.26,0.0,0.0,0.0,nan
0.9455742835998535,0.3,0.0,0.0,2.8,-21.26,0.0,0.0,0.0,nan
0.9457058906555176,0.3,0.0,0.0,2.7847407452620017,-21.26,0.0,0.0,0.0,nan
0.9457612037658691,0.3,0.0,0.0,2.8,-21.26,0.0,0.0,0.0,nan
0.9458067417144775,0.3,0.0,0.0,2.7847407452620017,-21.26,0.0,0.0,0.0,nan
0.9458520412445068,0.3,0.0,0.0,2.8,-21.26,0.0,0.0,0.0,nan
0.945887565612793,0.3,0.0,0.0,2.7847407452620017,-21.26,0.0,0.0,0.0,nan
0.9870898723602295,0.3,0.0,0.0,2.7847407452620017,-21.26,0.0,0.0,0.0,nan
0.9872596263885498,0.3,0.0,0.0,2.8,-21.26,0.0,0.0,0.0,nan
0.9873378276824951,0.3,0.0,0.0,2.8,-21.26,0.0,0.0,0.0,nan
0.9874019622802734,0.3,0.0,0.0,2.8,-21.26,0.0,0.0,0.0,nan
0.987459659576416,0.3,0.0,0.0,2.8,-21.26,0.0,0.0,0.0,nan
0.9875137805938721,0.3,0.0,0.0,2.8,-21.26,0.0,0.0,0.0,nan
1.0288119316101074,0.3,0.0,0.0,2.7694814905240035,-21.26,0.0,0.0,0.0,nan
1.029214859008789,0.3,0.0,0.0,2.815259254737998,-21.26,0.0,0.0,0.0,nan
1.0292689800262451,0.3,0.0,0.0,2.7847407452620017,-21.26,0.0,0.0,0.0,nan
1.0293080806732178,0.3,0.0,0.0,2.8,-21.26,0.0,0.0,0.0,nan
1.0293395519256592,0.3,0.0,0.0,2.8,-21.26,0.0,0.0,0.0,nan
1.0293688774108887,0.3,0.0,0.0,2.7694814905240035,-21.26,0.0,0.0,0.0,nan
1.0807898044586182,0.3,0.0,0.0,2.8,-21.26,0.0,0.0,0.0,nan
1.0809979438781738,0.3,0.0,0.0,2.8,-21.26,0.0,0.0,0.0,nan
1.0810906887054443,0.3,0.0,0.0,2.8,-21.26,0.0,0.0,0.0,nan
1.081160545349121,0.3,0.0,0.0,2.8,-21.26,0.0,0.0,0.0,nan
1.0812222957611084,0.3,0.0,0.0,2.8,-21.26,0.0,0.0,0.0,nan
1.08127760887146,0.3,0.0,0.0,2.7847407452620017,-21.26,0.0,0.0,0.0,nan
1.1227672100067139,0.3,0.0,0.0,2.7847407452620017,-21.26,0.0,0.0,0.0,nan
1.1229722499847412,0.3,0.0,0.0,2.7847407452620017,-21.26,0.0,0.0,0.0,nan
1.1232774257659912,0.3,0.0,0.0,2.8,-21.26,0.0,0.0,0.0,nan
1.123326301574707,0.3,0.0,0.0,2.7847407452620017,-21.26,0.0,0.0,0.0,nan
1.1233587265014648,0.3,0.0,0.0,2.8,-21.26,0.0,0.0,0.0,nan
1.1645123958587646,0.3,0.0,0.0,2.7847407452620017,-21.26,0.0,0.0,0.0,nan
1.1646766662597656,0.3,0.0,0.0,2.8,-21.26,0.0,0.0,0.0,nan
1.164750337600708,0.3,0.0,0.0,2.8,-21.26,0.0,0.0,0.0,nan
1.1648170948028564,0.3,0.0,0.0,2.8,-21.26,0.0,0.0,0.0,nan
1.1648852825164795,0.3,0.0,0.0,2.7847407452620017,-21.26,0.0,0.0,0.0,nan
1.164980411529541,0.3,0.0,0.0,2.8,-21.26,0.0,0.0,0.0,nan
1.2061688899993896,0.3,0.0,0.0,2.815259254737998,-21.26,0.0,0.0,0.0,nan
1.2063357830047607,0.3,0.0,0.0,2.815259254737998,-21.26,0.0,0.0,0.0,nan
1.2064080238342285,0.3,0.0,0.0,2.815259254737998,-21.26,0.0,0.0,0.0,nan
1.2064712047576904,0.3,0.0,0.0,2.8,-21.26,0.0,0.0,0.0,nan
1.2065389156341553,0.3,0.0,0.0,2.8,-21.26,0.0,0.0,0.0,nan
1.206601858139038,0.3,0.0,0.0,2.815259254737998,-21.26,0.0,0.0,0.0,nan
1.2476606369018555,0.3,0.0,0.0,2.7694814905240035,-21.26,0.0,0.0,0.0,nan
1.247823715209961,0.3,0.0,0.0,2.7694814905240035,-21.26,0.0,0.0,0.0,nan
1.2478959560394287,0.3,0.0,0.0,2.8,-21.26,0.0,0.0,0.0,nan
1.2479724884033203,0.3,0.0,0.0,2.7847407452620017,-21.26,0.0,0.0,0.0,nan
1.248039960861206,0.3,0.0,0.0,2.8,-21.26,0.0,0.0,0.0,nan
1.2481143474578857,0.3,0.0,0.0,2.8,-21.26,0.0,0.0,0.0,nan
1.2892658710479736,0.3,0.0,0.0,2.8,-21.26,0.0,0.0,0.0,nan
1.2894229888916016,0.3,0.0,0.0,2.7847407452620017,-21.26,0.0,0.0,0.0,nan
1.2894988059997559,0.3,0.0,0.0,2.815259254737998,-21.26,0.0,0.0,0.0,nan
1.2895638942718506,0.3,0.0,0.0,2.8,-21.26,0.0,0.0,0.0,nan
1.2896263599395752,0.3,0.0,0.0,2.8,-21.26,0.0,0.0,0.0,nan
1.2896831035614014,0.3,0.0,0.0,2.815259254737998,-21.26,0.0,0.0,0.0,nan
1.3307764530181885,0.3,0.0,0.0,2.8,-21.26,0.0,0.0,0.0,nan
1.3309404850006104,0.3,0.0,0.0,2.815259254737998,-21.26,0.0,0.0,0.0,nan
1.3310189247131348,0.3,0.0,0.0,2.815259254737998,-21.26,0.0,0.0,0.0,nan
1.3310883045196533,0.3,0.0,0.0,2.7847407452620017,-21.26,0.0,0.0,0.0,nan
1.3311612606048584,0.3,0.0,0.0,2.8,-21.26,0.0,0.0,0.0,nan
1.3312225341796875,0.3,0.0,0.0,2.8,-21.26,0.0,0.0,0.0,nan
1.3826031684875488,0.3,0.0,0.0,2.7694814905240035,-21.26,0.0,0.18,0.0,nan
1.382763385772705,0.3,0.0,0.0,2.7694814905240035,-21.26,0.0,0.18,0.0,nan
1.3828413486480713,0.3,0.0,0.0,2.8,-21.26,0.0,0.18,0.0,nan
1.3829121589660645,0.3,0.0,0.0,2.8,-21.26,0.0,0.18,0.0,nan
1.3829734325408936,0.3,0.0,0.0,2.7847407452620017,-21.26,0.0,0.18,0.0,nan
1.3830337524414062,0.3,0.0,0.0,2.7847407452620017,-21.26,0.0,0.18,0.0,nan
1.4244227409362793,0.3,0.0,0.0,2.8,-21.26,0.0,0.18,0.0,nan
1.4245328903198242,0.3,0.0,0.0,2.8,-21.26,0.0,0.18,0.0,nan
1.424567461013794,0.3,0.0,0.0,2.8,-21.26,0.0,0.18,0.0,nan
1.4245996475219727,0.3,0.0,0.0,2.8,-21.26,0.0,0.18,0.0,nan
1.4246289730072021,0.3,0.0,0.0,2.7847407452620017,-21.26,0.0,0.18,0.0,nan
1.424656629562378,0.3,0.0,0.0,2.7847407452620017,-21.26,0.0,0.18,0.0,nan
1.4658079147338867,0.3,0.0,0.0,2.8,-21.26,0.0,0.18,0.0,nan
1.4659671783447266,0.3,0.0,0.0,2.8,-21.26,0.0,0.18,0.0,nan
1.4660406112670898,0.3,0.0,0.0,2.7847407452620017,-21.26,0.0,0.18,0.0,nan
1.4661085605621338,0.3,0.0,0.0,2.7694814905240035,-21.26,0.0,0.18,0.0,nan
1.4661719799041748,0.3,0.0,0.0,2.8,-21.26,0.0,0.18,0.0,nan
1.4662318229675293,0.3,0.0,0.0,2.815259254737998,-21.26,0.0,0.18,0.0,nan
1.5073378086090088,0.3,0.0,0.0,2.7847407452620017,-21.26,0.0,0.18,0.0,nan
1.5074987411499023,0.3,0.0,0.0,2.8,-21.26,0.0,0.18,0.0,nan
1.5075733661651611,0.3,0.0,0.0,2.8,-21.26,0.0,0.18,0.0,nan
1.507638931274414,0.3,0.0,0.0,2.815259254737998,-21.26,0.0,0.18,0.0,nan
1.5077018737792969,0.3,0.0,0.0,2.8,-21.26,0.0,0.18,0.0,nan
1.507760763168335,0.3,0.0,0.0,2.7847407452620017,-21.26,0.0,0.18,0.0,nan
1.5488169193267822,0.3,0.0,0.0,2.7847407452620017,-21.26,0.0,0.18,0.0,nan
1.549025297164917,0.3,0.0,0.0,2.815259254737998,-21.26,0.0,0.18,0.0,nan
1.5491156578063965,0.3,0.0,0.0,2.7847407452620017,-21.26,0.0,0.18,0.0,nan
1.549187183380127,0.3,0.0,0.0,2.8,-21.26,0.0,0.18,0.0,nan
1.5492527484893799,0.3,0.0,0.0,2.7847407452620017,-21.26,0.0,0.18,0.0,nan
1.590496301651001,0.3,0.0,0.0,2.7847407452620017,-21.26,0.0,0.18,0.0,nan
1.590627908706665,0.3,0.0,0.0,2.815259254737998,-21.26,0.0,0.18,0.0,nan
1.5906651020050049,0.3,0.0,0.0,2.7847407452620017,-21.26,0.0,0.18,0.0,nan
1.5906968116760254,0.3,0.0,0.0,2.7847407452620017,-21.26,0.0,0.18,0.0,nan
1.5907304286956787,0.3,0.0,0.0,2.8,-21.26,0.0,0.18,0.0,nan
1.5907607078552246,0.3,0.0,0.0,2.8,-21.26,0.0,0.18,0.0,nan
1.6319830417633057,0.3,0.0,0.0,2.815259254737998,-21.26,0.0,0.18,0.0,nan
1.6321494579315186,0.3,0.0,0.0,2.815259254737998,-21.26,0.0,0.18,0.0,nan
1.632230281829834,0.3,0.0,0.0,2.815259254737998,-21.26,0.0,0.18,0.0,nan
1.6322996616363525,0.3,0.0,0.0,2.7847407452620017,-21.26,0.0,0.18,0.0,nan
1.6323657035827637,0.3,0.0,0.0,2.815259254737998,-21.26,0.0,0.18,0.0,nan
1.6324231624603271,0.3,0.0,0.0,2.7694814905240035,-21.26,0.0,0.18,0.0,nan
1.6836600303649902,0.3,0.0,0.0,2.815259254737998,-21.26,0.0,0.18,0.0,nan
1.6838293075561523,0.3,0.0,0.0,2.8,-21.26,0.0,0.18,0.0,nan
1.6839032173156738,0.3,0.0,0.0,2.8,-21.26,0.0,0.18,0.0,nan
1.683966875076294,0.3,0.0,0.0,2.8,-21.26,0.0,0.18,0.0,nan
1.6840271949768066,0.3,0.0,0.0,2.8,-21.26,0.0,0.18,0.0,nan
1.6840863227844238,0.3,0.0,0.0,2.815259254737998,-21.26,0.0,0.18,0.0,nan
1.7250020503997803,0.3,0.0,0.0,2.8,-21.26,0.0,0.18,0.0,nan
1.725111722946167,0.3,0.0,0.0,2.8,-21.26,0.0,0.18,0.0,nan
1.7251436710357666,0.3,0.0,0.0,2.7847407452620017,-21.26,0.0,0.18,0.0,nan
1.7251732349395752,0.3,0.0,0.0,2.7694814905240035,-21.26,0.0,0.18,0.0,nan
1.7252006530761719,0.3,0.0,0.0,2.7847407452620017,-21.26,0.0,0.18,0.0,nan
1.7252297401428223,0.3,0.0,0.0,2.815259254737998,-21.26,0.0,0.18,0.0,nan
1.7663514614105225,0.3,0.0,0.0,2.7694814905240035,-21.26,0.0,0.18,0.0,nan
1.7665092945098877,0.3,0.0,0.0,2.7847407452620017,-21.26,0.0,0.18,0.0,nan
1.7667994499206543,0.3,0.0,0.0,2.8,-21.26,0.0,0.18,0.0,nan
1.76688814163208,0.3,0.0,0.0,2.8,-21.26,0.0,0.18,0.0,nan
1.7669620513916016,0.3,0.0,0.0,2.8,-21.26,0.0,0.0,0.0,nan
1.7670185565948486,0.3,0.0,0.0,2.7694814905240035,-21.26,0.0,0.0,0.0,nan
1.8081159591674805,0.3,0.0,0.0,2.7847407452620017,-21.26,0.0,0.0,0.0,nan
1.8082761764526367,0.3,0.0,0.0,2.815259254737998,-21.26,0.0,0.0,0.0,nan
1.8083572387695312,0.3,0.0,0.0,2.8,-21.26,0.0,0.0,0.0,nan
1.8084335327148438,0.3,0.0,0.0,2.7847407452620017,-21.26,0.0,0.0,0.0,nan
1.808502197265625,0.3,0.0,0.0,2.7847407452620017,-21.26,0.0,0.0,0.0,nan
1.8085665702819824,0.3,0.0,0.0,2.7694814905240035,-21.26,0.0,0.0,0.0,nan
1.8496489524841309,0.3,0.0,0.0,2.7694814905240035,-21.26,0.0,0.0,0.0,nan
1.8498525619506836,0.3,0.0,0.0,2.830518509475996,-21.26,0.0,0.0,0.0,nan
1.8499500751495361,0.3,0.0,0.0,2.8,-21.26,0.0,0.0,0.0,nan
1.8500373363494873,0.3,0.0,0.0,2.7694814905240035,-21.26,0.0,0.0,0.0,nan
1.8501038551330566,0.3,0.0,0.0,2.7847407452620017,-21.26,0.0,0.0,0.0,nan
1.850179672241211,0.3,0.0,0.0,2.7694814905240035,-21.26,0.0,0.0,0.0,nan
1.891160249710083,0.3,0.0,0.0,2.8,-21.26,0.0,0.0,0.0,nan
1.8912618160247803,0.3,0.0,0.0,2.815259254737998,-21.26,0.0,0.0,0.0,nan
1.8912968635559082,0.3,0.0,0.0,2.8,-21.26,0.0,0.0,0.0,nan
1.8913276195526123,0.3,0.0,0.0,2.815259254737998,-21.26,0.0,0.0,0.0,nan
1.891355276107788,0.3,0.0,0.0,2.7847407452620017,-21.26,0.0,0.0,0.0,nan
1.8913812637329102,0.3,0.0,0.0,2.7847407452620017,-21.26,0.0,0.0,0.0,nan
1.9427316188812256,0.3,0.0,0.0,2.8,-21.26,0.0,0.0,0.0,nan
1.9428925514221191,0.3,0.0,0.0,2.8,-21.26,0.0,0.0,0.0,nan
1.9429700374603271,0.3,0.0,0.0,2.8,-21.26,0.0,0.0,0.0,nan
1.9430358409881592,0.3,0.0,0.0,2.8,-21.26,0.0,0.0,0.0,nan
1.9430932998657227,0.3,0.0,0.0,2.8,-21.26,0.0,0.0,0.0,nan
1.9431452751159668,0.3,0.0,0.0,2.8,-21.26,0.0,0.0,0.0,nan
1.984391450881958,0.3,0.0,0.0,2.8,-21.26,0.0,0.0,0.0,nan
1.9845514297485352,0.3,0.0,0.0,2.815259254737998,-21.26,0.0,0.0,0.0,nan
1.9846251010894775,0.3,0.0,0.0,2.8,-21.26,0.0,0.0,0.0,nan
1.9846889972686768,0.3,0.0,0.0,2.8,-21.26,0.0,0.0,0.0,nan
1.984750747680664,0.3,0.0,0.0,2.7847407452620017,-21.26,0.0,0.0,0.0,nan
1.9848065376281738,0.3,0.0,0.0,2.7847407452620017,-21.26,0.0,0.0,0.0,nan
2.0259199142456055,0.3,0.0,0.0,2.7847407452620017,-21.26,0.0,0.0,0.0,nan
2.026031255722046,0.3,0.0,0.0,2.8,-21.26,0.0,0.0,0.0,nan
2.0260679721832275,0.3,0.0,0.0,2.7542222357860053,-21.26,0.0,0.0,0.0,nan
2.026104688644409,0.3,0.0,0.0,2.7847407452620017,-21.26,0.0,0.0,0.0,nan
2.026132822036743,0.3,0.0,0.0,2.7847407452620017,-21.26,0.0,0.0,0.0,nan
2.0673604011535645,0.3,0.0,0.0,2.8,-21.26,0.0,0.0,0.0,nan
2.0675220489501953,0.3,0.0,0.0,2.7847407452620017,-21.26,0.0,0.0,0.0,nan
2.067599296569824,0.3,0.0,0.0,2.7847407452620017,-21.26,0.0,0.0,0.0,nan
2.067664384841919,0.3,0.0,0.0,2.7694814905240035,-21.26,0.0,0.0,0.0,nan
2.067722797393799,0.3,0.0,0.0,2.7847407452620017,-21.26,0.0,0.0,0.0,nan
2.067781448364258,0.3,0.0,0.0,2.815259254737998,-21.26,0.0,0.0,0.0,nan
2.108926296234131,0.3,0.0,0.0,2.815259254737998,-21.26,0.0,0.0,0.0,nan
2.1091253757476807,0.3,0.0,0.0,2.815259254737998,-21.26,0.0,0.0,0.0,nan
2.109203577041626,0.3,0.0,0.0,2.7847407452620017,-21.26,0.0,0.0,0.0,nan
2.1092689037323,0.3,0.0,0.0,2.7847407452620017,-21.26,0.0,0.0,0.0,nan
2.1093316078186035,0.3,0.0,0.0,2.8,-21.26,0.0,0.0,0.0,nan
2.109389066696167,0.3,0.0,0.0,2.8,-21.26,0.0,0.0,0.0,nan
2.1505014896392822,0.3,0.0,0.0,2.8,-21.26,0.0,0.0,0.0,nan
2.150669574737549,0.3,0.0,0.0,2.7847407452620017,-21.26,0.0,0.0,0.0,nan
2.1507480144500732,0.3,0.0,0.0,2.8,-21.26,0.0,0.0,0.0,nan
2.1508147716522217,0.3,0.0,0.0,2.7847407452620017,-21.26,0.0,0.0,0.0,nan
2.1509439945220947,0.3,0.0,0.0,2.7847407452620017,-21.26,0.0,0.0,0.0,nan
2.151132345199585,0.3,0.0,0.0,2.8,-21.26,0.0,0.0,0.0,nan
2.1921794414520264,0.3,0.0,0.0,2.7694814905240035,-21.26,0.0,0.0,0.0,nan
2.192338466644287,0.3,0.0,0.0,2.830518509475996,-21.26,0.0,0.0,0.0,nan
2.1924095153808594,0.3,0.0,0.0,2.7694814905240035,-21.26,0.0,0.0,0.0,nan
2.19248104095459,0.3,0.0,0.0,2.7847407452620017,-21.26,0.0,0.0,0.0,nan
2.1925485134124756,0.3,0.0,0.0,2.8,-21.26,0.0,0.0,0.0,nan
2.192608118057251,0.3,0.0,0.0,2.7847407452620017,-21.26,0.0,0.0,0.0,nan
2.243924379348755,0.3,0.0,0.0,2.7847407452620017,-21.26,0.0,0.0,0.0,nan
2.2440903186798096,0.3,0.0,0.0,2.8,-21.26,0.0,0.0,0.0,nan
2.2441701889038086,0.3,0.0,0.0,2.8,-21.26,0.0,0.0,0.0,nan
2.244236469268799,0.3,0.0,0.0,2.7847407452620017,-21.26,0.0,0.0,0.0,nan
2.2443039417266846,0.3,0.0,0.0,2.7694814905240035,-21.26,0.0,0.0,0.0,nan
2.24436616897583,0.3,0.0,0.0,2.8,-21.26,0.0,0.0,0.0,nan
2.2855029106140137,0.3,0.0,0.0,2.7847407452620017,-21.26,0.0,0.0,0.0,nan
2.28564453125,0.3,0.0,0.0,2.7847407452620017,-21.26,0.0,0.0,0.0,nan
2.285717248916626,0.3,0.0,0.0,2.815259254737998,-21.26,0.0,0.0,0.0,nan
2.2857723236083984,0.3,0.0,0.0,2.7694814905240035,-21.26,0.0,0.0,0.0,nan
2.2858052253723145,0.3,0.0,0.0,2.7847407452620017,-21.26,0.0,0.0,0.0,nan
2.285832405090332,0.3,0.0,0.0,2.7694814905240035,-21.26,0.0,0.0,0.0,nan
2.3270199298858643,0.3,0.0,0.0,2.7847407452620017,-21.26,0.0,0.0,0.0,nan
2.3271539211273193,0.3,0.0,0.0,2.7847407452620017,-21.26,0.0,0.0,0.0,nan
2.327202796936035,0.3,0.0,0.0,2.7694814905240035,-21.26,0.0,0.0,0.0,nan
2.327247142791748,0.3,0.0,0.0,2.8,-21.26,0.0,0.0,0.0,nan
2.327277898788452,0.3,0.0,0.0,2.8,-21.26,0.0,0.0,0.0,nan
2.327303409576416,0.3,0.0,0.0,2.8,-21.26,0.0,0.0,0.0,nan
2.368305206298828,0.3,0.0,0.0,2.7847407452620017,-21.26,0.0,0.0,0.0,nan
2.36846661567688,0.3,0.0,0.0,2.7847407452620017,-21.26,0.0,0.0,0.0,nan
2.368548631668091,0.3,0.0,0.0,2.7847407452620017,-21.26,0.0,0.0,0.0,nan
2.3686130046844482,0.3,0.0,0.0,2.7847407452620017,-21.26,0.0,0.0,0.0,nan
2.368696928024292,0.3,0.0,0.0,2.8,-21.26,0.0,0.0,0.0,nan
2.3687570095062256,0.3,0.0,0.0,2.7847407452620017,-21.26,0.0,0.0,0.0,nan
2.4103453159332275,0.3,0.0,0.0,2.7847407452620017,-21.26,0.0,0.0,0.0,nan
2.4105021953582764,0.3,0.0,0.0,2.8,-21.26,0.0,0.0,0.0,nan
2.410590648651123,0.3,0.0,0.0,2.7694814905240035,-21.26,0.0,0.0,0.0,nan
2.4106669425964355,0.3,0.0,0.0,2.8,-21.26,0.0,0.0,0.0,nan
2.4107301235198975,0.3,0.0,0.0,2.7694814905240035,-21.26,0.0,0.0,0.0,nan
2.4107890129089355,0.3,0.0,0.0,2.8,-21.26,0.0,0.0,0.0,nan
2.4522433280944824,0.3,0.0,0.0,2.8,-21.26,0.0,0.0,0.0,nan
2.452350378036499,0.3,0.0,0.0,2.7847407452620017,-21.26,0.0,0.0,0.0,nan
2.4523885250091553,0.3,0.0,0.0,2.7847407452620017,-21.26,0.0,0.0,0.0,nan
2.4524176120758057,0.3,0.0,0.0,2.8,-21.26,0.0,0.0,0.0,nan
2.4524455070495605,0.3,0.0,0.0,2.8,-21.26,0.0,0.0,0.0,nan
2.49373197555542,0.3,0.0,0.0,2.7847407452620017,-21.26,0.0,0.0,0.0,nan
2.4938957691192627,0.3,0.0,0.0,2.7847407452620017,-21.26,0.0,0.0,0.0,nan
2.493983268737793,0.3,0.0,0.0,2.815259254737998,-21.26,0.0,0.0,0.0,nan
2.494046926498413,0.3,0.0,0.0,2.815259254737998,-21.26,0.0,0.0,0.0,nan
2.4941139221191406,0.3,0.0,0.0,2.7694814905240035,-21.26,0.0,0.0,0.0,nan
2.4941749572753906,0.3,0.0,0.0,2.8,-21.26,0.0,0.0,0.0,nan
2.5454955101013184,0.3,0.0,0.0,2.7847407452620017,-21.26,0.0,0.0,0.0,nan
2.5456624031066895,0.3,0.0,0.0,2.8,-21.26,0.0,0.0,0.0,nan
2.545736789703369,0.3,0.0,0.0,2.7847407452620017,-21.26,0.0,0.0,0.0,nan
2.545811414718628,0.3,0.0,0.0,2.8,-21.26,0.0,0.0,0.0,nan
2.545875072479248,0.3,0.0,0.0,2.7694814905240035,-21.26,0.0,0.0,0.0,nan
2.5459372997283936,0.3,0.0,0.0,2.815259254737998,-21.26,0.0,0.0,0.0,nan
2.58683443069458,0.3,0.0,0.0,2.7694814905240035,-21.26,0.0,0.0,0.0,nan
2.586937665939331,0.3,0.0,0.0,2.8,-21.26,0.0,0.0,0.0,nan
2.586970806121826,0.3,0.0,0.0,2.815259254737998,-21.26,0.0,0.0,0.0,nan
2.5870001316070557,0.3,0.0,0.0,2.7694814905240035,-21.26,0.0,0.0,0.0,nan
2.5870306491851807,0.3,0.0,0.0,2.7847407452620017,-21.26,0.0,0.0,0.0,nan
2.5870578289031982,0.3,0.0,0.0,2.8,-21.26,0.0,0.0,0.0,nan
2.6281585693359375,0.3,0.0,0.0,2.7847407452620017,-21.26,0.0,0.0,0.0,nan
2.628324031829834,0.3,0.0,0.0,2.8,-21.26,0.0,0.0,0.0,nan
2.628401279449463,0.3,0.0,0.0,2.815259254737998,-21.26,0.0,0.0,0.0,nan
2.6284685134887695,0.3,0.0,0.0,2.8,-21.26,0.0,0.0,0.0,nan
2.628741979598999,0.3,0.0,0.0,2.8,-21.26,0.0,0.0,0.0,nan
2.6288347244262695,0.3,0.0,0.0,2.8,-21.26,0.0,0.0,0.0,nan
2.66990327835083,0.3,0.0,0.0,2.7694814905240035,-21.26,0.0,0.0,0.0,nan
2.6700615882873535,0.3,0.0,0.0,2.7542222357860053,-21.26,0.0,0.0,0.0,nan
2.670135974884033,0.3,0.0,0.0,2.7847407452620017,-21.26,0.0,0.0,0.0,nan
2.6702003479003906,0.3,0.0,0.0,2.7847407452620017,-21.26,0.0,0.0,0.0,nan
2.6702656745910645,0.3,0.0,0.0,2.7847407452620017,-21.26,0.0,0.0,0.0,nan
2.6703217029571533,0.3,0.0,0.0,2.7847407452620017,-21.26,0.0,0.0,0.0,nan
2.711313009262085,0.3,0.0,0.0,2.7694814905240035,-21.26,0.0,0.0,0.0,nan
2.7114713191986084,0.3,0.0,0.0,2.8,-21.26,0.0,0.0,0.0,nan
2.711548089981079,0.3,0.0,0.0,2.7847407452620017,-21.26,0.0,0.0,0.0,nan
2.7116150856018066,0.3,0.0,0.0,2.815259254737998,-21.26,0.0,0.0,0.0,nan
2.711682081222534,0.3,0.0,0.0,2.7694814905240035,-21.26,0.0,0.0,0.0,nan
2.7117421627044678,0.3,0.0,0.0,2.7542222357860053,-21.26,0.0,0.0,0.0,nan
2.752814292907715,0.3,0.0,0.0,2.7847407452620017,-21.26,0.0,0.0,0.0,nan
2.753007411956787,0.3,0.0,0.0,2.8,-21.26,0.0,0.0,0.0,nan
2.75309157371521,0.3,0.0,0.0,2.815259254737998,-21.26,0.0,0.0,0.0,nan
2.7531604766845703,0.3,0.0,0.0,2.8,-21.26,0.0,0.0,0.0,nan
2.7532265186309814,0.3,0.0,0.0,2.815259254737998,-21.26,0.0,0.0,0.0,nan
2.753284215927124,0.3,0.0,0.0,2.8,-21.26,0.0,0.0,0.0,nan
2.7943568229675293,0.3,0.0,0.0,2.7694814905240035,-21.26,0.0,0.0,0.0,nan
2.794515609741211,0.3,0.0,0.0,2.815259254737998,-21.26,0.0,0.0,0.0,nan
2.7945947647094727,0.3,0.0,0.0,2.815259254737998,-21.26,0.0,0.0,0.0,nan
2.794661283493042,0.3,0.0,0.0,2.8,-21.26,0.0,0.0,0.0,nan
2.79472279548645,0.3,0.0,0.0,2.7694814905240035,-21.26,0.0,0.0,0.0,nan
2.7947795391082764,0.3,0.0,0.0,2.815259254737998,-21.26,0.0,0.0,0.0,nan
2.845954656600952,0.3,0.0,0.0,2.815259254737998,-21.26,0.0,0.0,0.0,nan
2.846113443374634,0.3,0.0,0.0,2.7847407452620017,-21.26,0.0,0.0,0.0,nan
2.846193790435791,0.3,0.0,0.0,2.815259254737998,-21.26,0.0,0.0,0.0,nan
2.8462603092193604,0.3,0.0,0.0,2.8,-21.26,0.0,0.0,0.0,nan
2.846320390701294,0.3,0.0,0.0,2.7847407452620017,-21.26,0.0,0.0,0.0,nan
2.8463783264160156,0.3,0.0,0.0,2.815259254737998,-21.26,0.0,0.0,0.0,nan
2.8874266147613525,0.3,0.0,0.0,2.7847407452620017,-21.26,0.0,0.0,0.0,nan
2.887587070465088,0.3,0.0,0.0,2.7694814905240035,-21.26,0.0,0.0,0.0,nan
2.8876612186431885,0.3,0.0,0.0,2.7847407452620017,-21.26,0.0,0.0,0.0,nan
2.887723922729492,0.3,0.0,0.0,2.8,-21.26,0.0,0.0,0.0,nan
2.8877811431884766,0.3,0.0,0.0,2.7847407452620017,-21.26,0.0,0.0,0.0,nan
2.8878369331359863,0.3,0.0,0.0,2.7847407452620017,-21.26,0.0,0.0,0.0,nan
2.9288265705108643,0.3,0.0,0.0,2.8,-21.26,0.0,0.0,0.0,nan
2.929014205932617,0.3,0.0,0.0,2.7847407452620017,-21.26,0.0,0.0,0.0,nan
2.9291017055511475,0.3,0.0,0.0,2.7847407452620017,-21.26,0.0,0.0,0.0,nan
2.9291696548461914,0.3,0.0,0.0,2.8,-21.26,0.0,0.0,0.0,nan
2.9292287826538086,0.3,0.0,0.0,2.8,-21.26,0.0,0.0,0.0,nan
2.9703104496002197,0.3,0.0,0.0,2.7847407452620017,-21.26,0.0,0.0,0.0,nan
2.9704787731170654,0.3,0.0,0.0,2.8,-21.26,0.0,0.0,0.0,nan
2.970552921295166,0.3,0.0,0.0,2.8,-21.26,0.0,0.0,0.0,nan
2.9706156253814697,0.3,0.0,0.0,2.8,-21.26,0.0,0.0,0.0,nan
2.9706783294677734,0.3,0.0,0.0,2.7847407452620017,-21.26,0.0,0.0,0.0,nan
2.9707391262054443,0.3,0.0,0.0,2.8,-21.26,0.0,0.0,0.0,nan
3.011777400970459,0.3,0.0,0.0,2.7847407452620017,-21.26,0.0,0.0,0.0,nan
3.0119361877441406,0.3,0.0,0.0,2.815259254737998,-21.26,0.0,0.0,0.0,nan
3.012007474899292,0.3,0.0,0.0,2.7847407452620017,-21.26,0.0,0.0,0.0,nan
3.0120716094970703,0.3,0.0,0.0,2.7847407452620017,-21.26,0.0,0.0,0.0,nan
3.0121374130249023,0.3,0.0,0.0,2.815259254737998,-21.26,0.0,0.0,0.0,nan
3.0121984481811523,0.3,0.0,0.0,2.7542222357860053,-21.26,0.0,0.0,0.0,nan
3.053255319595337,0.3,0.0,0.0,2.7847407452620017,-21.26,0.0,0.0,0.0,nan
3.0534164905548096,0.3,0.0,0.0,2.7847407452620017,-21.26,0.0,0.0,0.0,nan
3.053489923477173,0.3,0.0,0.0,2.7694814905240035,-21.26,0.0,0.0,0.0,nan
3.0535547733306885,0.3,0.0,0.0,2.830518509475996,-21.26,0.0,0.0,0.0,nan
3.0536155700683594,0.3,0.0,0.0,2.7847407452620017,-21.26,0.0,0.0,0.0,nan
3.053678035736084,0.3,0.0,0.0,2.7542222357860053,-21.26,0.0,0.0,0.0,nan
3.1052215099334717,0.3,0.0,0.0,2.7847407452620017,-21.26,0.0,0.0,0.0,nan
3.1053240299224854,0.3,0.0,0.0,2.7847407452620017,-21.26,0.0,0.0,0.0,nan
3.105355978012085,0.3,0.0,0.0,2.7847407452620017,-21.26,0.0,0.0,0.0,nan
3.1053879261016846,0.3,0.0,0.0,2.8,-21.26,0.0,0.0,0.0,nan
3.105419158935547,0.3,0.0,0.0,2.7847407452620017,-21.26,0.0,0.0,0.0,nan
3.1054491996765137,0.3,0.0,0.0,2.7847407452620017,-21.26,0.0,0.0,0.0,nan
3.146458625793457,0.3,0.0,0.0,2.7694814905240035,-21.26,0.0,0.0,0.0,nan
3.1466145515441895,0.3,0.0,0.0,2.7847407452620017,-21.26,0.0,0.0,0.0,nan
3.1466920375823975,0.3,0.0,0.0,2.7694814905240035,-21.26,0.0,0.0,0.0,nan
3.146759271621704,0.3,0.0,0.0,2.7847407452620017,-21.26,0.0,0.0,0.0,nan
3.1468210220336914,0.3,0.0,0.0,2.7694814905240035,-21.26,0.0,0.0,0.0,nan
3.1469180583953857,0.3,0.0,0.0,2.8,-21.26,0.0,0.0,0.0,nan
3.188084363937378,0.3,0.0,0.0,2.7847407452620017,-21.26,0.0,0.0,0.0,nan
3.1882410049438477,0.3,0.0,0.0,2.7847407452620017,-21.26,0.0,0.0,0.0,nan
3.1883182525634766,0.3,0.0,0.0,2.8,-21.26,0.0,0.0,0.0,nan
3.188385009765625,0.3,0.0,0.0,2.7847407452620017,-21.26,0.0,0.0,0.0,nan
3.188427686691284,0.3,0.0,0.0,2.8,-21.26,0.0,0.0,0.0,nan
3.1884713172912598,0.3,0.0,0.0,2.8,-21.26,0.0,0.0,0.0,nan
3.229579210281372,0.3,0.0,0.0,2.815259254737998,-21.26,0.0,0.0,0.0,nan
3.2297356128692627,0.3,0.0,0.0,2.8,-21.26,0.0,0.0,0.0,nan
3.229806423187256,0.3,0.0,0.0,2.7847407452620017,-21.26,0.0,0.0,0.0,nan
3.2298743724823,0.3,0.0,0.0,2.815259254737998,-21.26,0.0,0.0,0.0,nan
3.229965925216675,0.3,0.0,0.0,2.7694814905240035,-21.26,0.0,0.0,0.0,nan
3.230039119720459,0.3,0.0,0.0,2.7847407452620017,-21.26,0.0,0.0,0.0,nan
3.2711739540100098,0.3,0.0,0.0,2.8,-21.26,0.0,0.0,0.0,nan
3.2713325023651123,0.3,0.0,0.0,2.8,-21.26,0.0,0.0,0.0,nan
3.2714080810546875,0.3,0.0,0.0,2.7847407452620017,-21.26,0.0,0.0,0.0,nan
3.271476984024048,0.3,0.0,0.0,2.8,-21.26,0.0,0.0,0.0,nan
3.2715389728546143,0.3,0.0,0.0,2.8,-21.26,0.0,0.0,0.0,nan
3.2715954780578613,0.3,0.0,0.0,2.8,-21.26,0.0,0.0,0.0,nan
3.3131422996520996,0.3,0.0,0.0,2.7542222357860053,-21.26,0.0,0.0,0.0,nan
3.313305616378784,0.3,0.0,0.0,2.8,-21.26,0.0,0.0,0.0,nan
3.313394069671631,0.3,0.0,0.0,2.8,-21.26,0.0,0.0,0.0,nan
3.3134665489196777,0.3,0.0,0.0,2.8,-21.26,0.0,0.0,0.0,nan
3.313525676727295,0.3,0.0,0.0,2.7694814905240035,-21.26,0.0,0.0,0.0,nan
3.313746452331543,0.3,0.0,0.0,2.815259254737998,-21.26,0.0,0.0,0.0,nan
3.3552772998809814,0.3,0.0,0.0,2.8,-21.26,0.0,0.0,0.0,nan
3.355393886566162,0.3,0.0,0.0,2.7542222357860053,-21.26,0.0,0.0,0.0,nan
3.3554298877716064,0.3,0.0,0.0,2.7847407452620017,-21.26,0.0,0.0,0.0,nan
3.3554623126983643,0.3,0.0,0.0,2.7847407452620017,-21.26,0.0,0.0,0.0,nan
3.3554904460906982,0.3,0.0,0.0,2.7694814905240035,-21.26,0.0,0.0,0.0,nan
3.396557331085205,0.3,0.0,0.0,2.8,-21.26,0.0,0.0,0.0,nan
3.396717071533203,0.3,0.0,0.0,2.8,-21.26,0.0,0.0,0.0,nan
3.3967955112457275,0.3,0.0,0.0,2.7847407452620017,-21.26,0.0,0.0,0.0,nan
3.3968605995178223,0.3,0.0,0.0,2.8,-21.26,0.0,0.0,0.0,nan
3.3969290256500244,0.3,0.0,0.0,2.7847407452620017,-21.26,0.0,0.0,0.0,nan
3.3970248699188232,0.3,0.0,0.0,2.7847407452620017,-21.26,0.0,0.0,0.0,nan
3.4485974311828613,0.3,0.0,0.0,2.7694814905240035,-21.26,0.0,0.0,0.0,nan
3.448759078979492,0.3,0.0,0.0,2.7847407452620017,-21.26,0.0,0.0,0.0,nan
3.4488344192504883,0.3,0.0,0.0,2.815259254737998,-21.26,0.0,0.0,0.0,nan
3.448902130126953,0.3,0.0,0.0,2.815259254737998,-21.26,0.0,0.0,0.0,nan
3.4489877223968506,0.3,0.0,0.0,2.8,-21.26,0.0,0.0,0.0,nan
3.4490559101104736,0.3,0.0,0.0,2.7847407452620017,-21.26,0.0,0.0,0.0,nan
3.4902937412261963,0.3,0.0,0.0,2.7847407452620017,-21.26,0.0,0.0,0.0,nan
3.490447998046875,0.3,0.0,0.0,2.7847407452620017,-21.26,0.0,0.0,0.0,nan
3.4904887676239014,0.3,0.0,0.0,2.7847407452620017,-21.26,0.0,0.0,0.0,nan
3.4905197620391846,0.3,0.0,0.0,2.8,-21.26,0.0,0.0,0.0,nan
3.490548849105835,0.3,0.0,0.0,2.7847407452620017,-21.26,0.0,0.0,0.0,nan
3.4908766746520996,0.3,0.0,0.0,2.7847407452620017,-21.26,0.0,0.0,0.0,nan
3.532078742980957,0.3,0.0,0.0,2.7694814905240035,-21.26,0.0,0.0,0.0,nan
3.5322415828704834,0.3,0.0,0.0,2.7847407452620017,-21.26,0.0,0.0,0.0,nan
3.5323195457458496,0.3,0.0,0.0,2.8,-21.26,0.0,0.0,0.0,nan
3.532388925552368,0.3,0.0,0.0,2.8,-21.26,0.0,0.0,0.0,nan
3.5324482917785645,0.3,0.0,0.0,2.8,-21.26,0.0,0.0,0.0,nan
3.5325074195861816,0.3,0.0,0.0,2.8,-21.26,0.0,0.0,0.0,nan
3.5736942291259766,0.3,0.0,0.0,2.7694814905240035,-21.26,0.0,0.0,0.0,nan
3.573798179626465,0.3,0.0,0.0,2.7847407452620017,-21.26,0.0,0.0,0.0,nan
3.573845624923706,0.3,0.0,0.0,2.7847407452620017,-21.26,0.0,0.0,0.0,nan
3.573925495147705,0.3,0.0,0.0,2.7847407452620017,-21.26,0.0,0.0,0.0,nan
3.573988676071167,0.3,0.0,0.0,2.7847407452620017,-21.26,0.0,0.0,0.0,nan
3.574049949645996,0.3,0.0,0.0,2.815259254737998,-21.26,0.0,0.0,0.0,nan
3.615227460861206,0.3,0.0,0.0,2.8,-21.26,0.0,0.0,0.0,nan
3.6153881549835205,0.3,0.0,0.0,2.7847407452620017,-21.26,0.0,0.0,0.0,nan
3.6154630184173584,0.3,0.0,0.0,2.7847407452620017,-21.26,0.0,0.0,0.0,nan
3.615532636642456,0.3,0.0,0.0,2.830518509475996,-21.26,0.0,0.0,0.0,nan
3.615602731704712,0.3,0.0,0.0,2.8,-21.26,0.0,0.0,0.0,nan
3.615657329559326,0.3,0.0,0.0,2.8,-21.26,0.0,0.0,0.0,nan
3.6573281288146973,0.3,0.0,0.0,2.8,-21.26,0.0,0.0,0.0,nan
3.657655954360962,0.3,0.0,0.0,2.7694814905240035,-21.26,0.0,0.0,0.0,nan
3.657775640487671,0.3,0.0,0.0,2.8,-21.26,0.0,0.0,0.0,nan
3.6579058170318604,0.3,0.0,0.0,2.7847407452620017,-21.26,0.0,0.0,0.0,nan
3.657979726791382,0.3,0.0,0.0,2.815259254737998,-21.26,0.0,0.0,0.0,nan
3.6580729484558105,0.3,0.0,0.0,2.7847407452620017,-21.26,0.0,0.0,0.0,nan
3.6992831230163574,0.3,0.0,0.0,2.7694814905240035,-21.26,0.0,0.0,0.0,nan
3.6994409561157227,0.3,0.0,0.0,2.7847407452620017,-21.26,0.0,0.0,0.0,nan
3.699516534805298,0.3,0.0,0.0,2.8,-21.26,0.0,0.0,0.0,nan
3.699582099914551,0.3,0.0,0.0,2.815259254737998,-21.26,0.0,0.0,0.0,nan
3.6996450424194336,0.3,0.0,0.0,2.7847407452620017,-21.26,0.0,0.0,0.0,nan
3.69970440864563,0.3,0.0,0.0,2.7847407452620017,-21.26,0.0,0.0,0.0,nan
3.7510154247283936,0.3,0.0,0.0,2.7847407452620017,-21.26,0.0,0.0,0.0,nan
3.751173257827759,0.3,0.0,0.0,2.7542222357860053,-21.26,0.0,0.0,0.0,nan
3.751246929168701,0.3,0.0,0.0,2.7847407452620017,-21.26,0.0,0.0,0.0,nan
3.7513129711151123,0.3,0.0,0.0,2.8,-21.26,0.0,0.0,0.0,nan
3.751373291015625,0.3,0.0,0.0,2.815259254737998,-21.26,0.0,0.0,0.0,nan
3.7514283657073975,0.3,0.0,0.0,2.7847407452620017,-21.26,0.0,0.0,0.0,nan
3.7922956943511963,0.3,0.0,0.0,2.8,-21.26,0.0,0.0,0.0,nan
3.7923989295959473,0.3,0.0,0.0,2.830518509475996,-21.26,0.0,0.0,0.0,nan
3.792433261871338,0.3,0.0,0.0,2.8,-21.26,0.0,0.0,0.0,nan
3.7924647331237793,0.3,0.0,0.0,2.815259254737998,-21.26,0.0,0.0,0.0,nan
3.79251766204834,0.3,0.0,0.0,2.8,-21.26,0.0,0.0,0.0,nan
3.792570114135742,0.3,0.0,0.0,2.8,-21.26,0.0,0.0,0.0,nan
3.8336973190307617,0.3,0.0,0.0,2.7694814905240035,-21.26,0.0,0.0,0.0,nan
3.8338570594787598,0.3,0.0,0.0,2.7847407452620017,-21.26,0.0,0.0,0.0,nan
3.8339319229125977,0.3,0.0,0.0,2.815259254737998,-21.26,0.0,0.0,0.0,nan
3.833996534347534,0.3,0.0,0.0,2.830518509475996,-21.26,0.0,0.0,0.0,nan
3.8340604305267334,0.3,0.0,0.0,2.7694814905240035,-21.26,0.0,0.0,0.0,nan
3.875566244125366,0.3,0.0,0.0,2.7847407452620017,-21.26,0.0,0.0,0.0,nan
3.8757312297821045,0.3,0.0,0.0,2.815259254737998,-21.26,0.0,0.0,0.0,nan
3.8758082389831543,0.3,0.0,0.0,2.8,-21.26,0.0,0.0,0.0,nan
3.8758738040924072,0.3,0.0,0.0,2.7694814905240035,-21.26,0.0,0.0,0.0,nan
3.8759360313415527,0.3,0.0,0.0,2.8,-21.26,0.0,0.0,0.0,nan
3.875993251800537,0.3,0.0,0.0,2.7847407452620017,-21.26,0.0,0.0,0.0,nan
3.917388916015625,0.3,0.0,0.0,2.8,-21.26,0.0,0.0,0.0,nan
3.9175543785095215,0.3,0.0,0.0,2.8,-21.26,0.0,0.0,0.0,nan
3.917665958404541,0.3,0.0,0.0,2.8,-21.26,0.0,0.0,0.0,nan
3.917754888534546,0.3,0.0,0.0,2.8,-21.26,0.0,0.0,0.0,nan
3.917818546295166,0.3,0.0,0.0,2.7847407452620017,-21.26,0.0,0.0,0.0,nan
3.917879819869995,0.3,0.0,0.0,2.8,-21.26,0.0,0.0,0.0,nan
3.958878755569458,0.3,0.0,0.0,2.830518509475996,-21.26,0.0,0.0,0.0,nan
3.959040641784668,0.3,0.0,0.0,2.7847407452620017,-21.26,0.0,0.0,0.0,nan
3.959113359451294,0.3,0.0,0.0,2.815259254737998,-21.26,0.0,0.0,0.0,nan
3.959183692932129,0.3,0.0,0.0,2.7847407452620017,-21.26,0.0,0.0,0.0,nan
3.9592554569244385,0.3,0.0,0.0,2.7847407452620017,-21.26,0.0,0.0,0.0,nan
3.9593162536621094,0.3,0.0,0.0,2.815259254737998,-21.26,0.0,0.0,0.0,nan
4.000655889511108,0.3,0.0,0.0,2.8,-21.26,0.0,0.0,0.0,nan
4.000816583633423,0.3,0.0,0.0,2.7847407452620017,-21.26,0.0,0.0,0.0,nan
4.00089168548584,0.3,0.0,0.0,2.8,-21.26,0.0,0.0,0.0,nan
4.0009870529174805,0.3,0.0,0.0,2.7847407452620017,-21.26,0.0,0.0,0.0,nan
4.0010597705841064,0.3,0.0,0.0,2.7847407452620017,-21.26,0.0,0.0,0.0,nan
4.001120328903198,0.3,0.0,0.0,2.7847407452620017,-21.26,0.0,0.0,0.0,nan
4.042558670043945,0.3,0.0,0.0,2.8,-21.26,0.0,0.0,0.0,nan
4.042722225189209,0.3,0.0,0.0,2.8,-21.26,0.0,0.0,0.0,nan
4.042797803878784,0.3,0.0,0.0,2.7694814905240035,-21.26,0.0,0.0,0.0,nan
4.042865991592407,0.3,0.0,0.0,2.7847407452620017,-21.26,0.0,0.0,0.0,nan
4.042931795120239,0.3,0.0,0.0,2.7847407452620017,-21.26,0.0,0.0,0.0,nan
4.04299783706665,0.3,0.0,0.0,2.8,-21.26,0.0,0.0,0.0,nan
4.09440016746521,0.3,0.0,0.0,2.7847407452620017,-21.26,0.0,0.0,0.0,nan
4.094560384750366,0.3,0.0,0.0,2.8,-21.26,0.0,0.0,0.0,nan
4.094632625579834,0.3,0.0,0.0,2.7847407452620017,-21.26,0.0,0.0,0.0,nan
4.094702482223511,0.3,0.0,0.0,2.7694814905240035,-21.26,0.0,0.0,0.0,nan
4.094762325286865,0.3,0.0,0.0,2.7847407452620017,-21.26,0.0,0.0,0.0,nan
4.094819068908691,0.3,0.0,0.0,2.8,-21.26,0.0,0.0,0.0,nan
4.135966062545776,0.3,0.0,0.0,2.8,-21.26,0.0,0.0,0.0,nan
4.1361353397369385,0.3,0.0,0.0,2.7847407452620017,-21.26,0.0,0.0,0.0,nan
4.13621711730957,0.3,0.0,0.0,2.8,-21.26,0.0,0.0,0.0,nan
4.136282920837402,0.3,0.0,0.0,2.7847407452620017,-21.26,0.0,0.0,0.0,nan
4.1363441944122314,0.3,0.0,0.0,2.7694814905240035,-21.26,0.0,0.0,0.0,nan
4.136402368545532,0.3,0.0,0.0,2.7847407452620017,-21.26,0.0,0.0,0.0,nan
4.177372217178345,0.3,0.0,0.0,2.7542222357860053,-21.26,0.0,0.0,0.0,nan
4.177537202835083,0.3,0.0,0.0,2.7694814905240035,-21.26,0.0,0.0,0.0,nan
4.1776123046875,0.3,0.0,0.0,2.7847407452620017,-21.26,0.0,0.0,0.0,nan
4.177680730819702,0.3,0.0,0.0,2.815259254737998,-21.26,0.0,0.0,0.0,nan
4.177743911743164,0.3,0.0,0.0,2.8,-21.26,0.0,0.0,0.0,nan
4.1777989864349365,0.3,0.0,0.0,2.7847407452620017,-21.26,0.0,0.0,0.0,nan
4.219200611114502,0.3,0.0,0.0,2.7847407452620017,-21.26,0.0,0.0,0.0,nan
4.219361305236816,0.3,0.0,0.0,2.8,-21.26,0.0,0.0,0.0,nan
4.219434022903442,0.3,0.0,0.0,2.7694814905240035,-21.26,0.0,0.0,0.0,nan
4.219504117965698,0.3,0.0,0.0,2.8,-21.26,0.0,0.0,0.0,nan
4.219562530517578,0.3,0.0,0.0,2.7847407452620017,-21.26,0.0,0.0,0.0,nan
4.219618797302246,0.3,0.0,0.0,2.815259254737998,-21.26,0.0,0.0,0.0,nan
4.260851860046387,0.3,0.0,0.0,2.7542222357860053,-21.26,0.0,0.0,0.0,nan
4.261040210723877,0.3,0.0,0.0,2.7847407452620017,-21.26,0.0,0.0,0.0,nan
4.2611165046691895,0.3,0.0,0.0,2.7847407452620017,-21.26,0.0,0.0,0.0,nan
4.261179208755493,0.3,0.0,0.0,2.8,-21.26,0.0,0.0,0.0,nan
4.261252164840698,0.3,0.0,0.0,2.7847407452620017,-21.26,0.0,0.0,0.0,nan
4.3025689125061035,0.3,0.0,0.0,2.8,-21.26,0.0,0.0,0.0,nan
4.302736282348633,0.3,0.0,0.0,2.8,-21.26,0.0,0.0,0.0,nan
4.302807331085205,0.3,0.0,0.0,2.7847407452620017,-21.26,0.0,0.0,0.0,nan
4.302936553955078,0.3,0.0,0.0,2.7847407452620017,-21.26,0.0,0.0,0.0,nan
4.303022623062134,0.3,0.0,0.0,2.815259254737998,-21.26,0.0,0.0,0.0,nan
4.303091287612915,0.3,0.0,0.0,2.8,-21.26,0.0,0.0,0.0,nan
4.344128847122192,0.3,0.0,0.0,2.830518509475996,-21.26,0.0,0.0,0.0,nan
4.344308853149414,0.3,0.0,0.0,2.8,-21.26,0.0,0.0,0.0,nan
4.344387054443359,0.3,0.0,0.0,2.7847407452620017,-21.26,0.0,0.0,0.0,nan
4.344454288482666,0.3,0.0,0.0,2.7847407452620017,-21.26,0.0,0.0,0.0,nan
4.344516038894653,0.3,0.0,0.0,2.8,-21.26,0.0,0.0,0.0,nan
4.3445751667022705,0.3,0.0,0.0,2.8,-21.26,0.0,0.0,0.0,nan
4.395754337310791,0.3,0.0,0.0,2.8,-21.26,0.0,0.0,0.0,nan
4.396124601364136,0.3,0.0,0.0,2.8,-21.26,0.0,0.0,0.0,nan
4.396220445632935,0.3,0.0,0.0,2.7694814905240035,-21.26,0.0,0.0,0.0,nan
4.396291255950928,0.3,0.0,0.0,2.815259254737998,-21.26,0.0,0.0,0.0,nan
4.396367788314819,0.3,0.0,0.0,2.8,-21.26,0.0,0.0,0.0,nan
4.396428346633911,0.3,0.0,0.0,2.7542222357860053,-21.26,0.0,0.0,0.0,nan
4.438011884689331,0.3,0.0,0.0,2.7847407452620017,-21.26,0.0,0.0,0.0,nan
4.438168048858643,0.3,0.0,0.0,2.7847407452620017,-21.26,0.0,0.0,0.0,nan
4.43824315071106,0.3,0.0,0.0,2.8,-21.26,0.0,0.18,0.0,nan
4.438311576843262,0.3,0.0,0.0,2.8,-21.26,0.0,0.18,0.0,nan
4.438608884811401,0.3,0.0,0.0,2.7694814905240035,-21.26,0.0,0.18,0.0,nan
4.4386632442474365,0.3,0.0,0.0,2.8,-21.26,0.0,0.18,0.0,nan
4.48022198677063,0.3,0.0,0.0,2.8,-21.26,0.0,0.18,0.0,nan
4.480380058288574,0.3,0.0,0.0,2.7847407452620017,-21.26,0.0,0.18,0.0,nan
4.480459690093994,0.3,0.0,0.0,2.815259254737998,-21.26,0.0,0.18,0.0,nan
4.480543613433838,0.3,0.0,0.0,2.7847407452620017,-21.26,0.0,0.18,0.0,nan
4.4806132316589355,0.3,0.0,0.0,2.7847407452620017,-21.26,0.0,0.18,0.0,nan
4.480672836303711,0.3,0.0,0.0,2.7847407452620017,-21.26,0.0,0.18,0.0,nan
4.521925210952759,0.3,0.0,0.0,2.8,-21.26,0.0,0.18,0.0,nan
4.522082328796387,0.3,0.0,0.0,2.7694814905240035,-21.26,0.0,0.18,0.0,nan
4.52216100692749,0.3,0.0,0.0,2.7847407452620017,-21.26,0.0,0.18,0.0,nan
4.522229433059692,0.3,0.0,0.0,2.7694814905240035,-21.26,0.0,0.18,0.0,nan
4.5222907066345215,0.3,0.0,0.0,2.7694814905240035,-21.26,0.0,0.18,0.0,nan
4.522347927093506,0.3,0.0,0.0,2.8,-21.26,0.0,0.18,0.0,nan
4.563413619995117,0.3,0.0,0.0,2.7847407452620017,-21.26,0.0,0.18,0.0,nan
4.5635764598846436,0.3,0.0,0.0,2.815259254737998,-21.26,0.0,0.18,0.0,nan
4.563652992248535,0.3,0.0,0.0,2.830518509475996,-21.26,0.0,0.18,0.0,nan
4.563719749450684,0.3,0.0,0.0,2.7847407452620017,-21.26,0.0,0.18,0.0,nan
4.5637853145599365,0.3,0.0,0.0,2.815259254737998,-21.26,0.0,0.18,0.0,nan
4.563845634460449,0.3,0.0,0.0,2.7847407452620017,-21.26,0.0,0.18,0.0,nan
4.6051435470581055,0.3,0.0,0.0,2.7847407452620017,-21.26,0.0,0.18,0.0,nan
4.605252265930176,0.3,0.0,0.0,2.7847407452620017,-21.26,0.0,0.18,0.0,nan
4.605288505554199,0.3,0.0,0.0,2.7847407452620017,-21.26,0.0,0.18,0.0,nan
4.605320453643799,0.3,0.0,0.0,2.7542222357860053,-21.26,0.0,0.18,0.0,nan
4.605349540710449,0.3,0.0,0.0,2.8,-21.26,0.0,0.18,0.0,nan
4.605374336242676,0.3,0.0,0.0,2.8,-21.26,0.0,0.18,0.0,nan
4.646432638168335,0.3,0.0,0.0,2.8,-21.26,0.0,0.18,0.0,nan
4.646590709686279,0.3,0.0,0.0,2.7847407452620017,-21.26,0.0,0.18,0.0,nan
4.646670341491699,0.3,0.0,0.0,2.7694814905240035,-21.26,0.0,0.18,0.0,nan
4.646739721298218,0.3,0.0,0.0,2.7847407452620017,-21.26,0.0,0.18,0.0,nan
4.646803140640259,0.3,0.0,0.0,2.8,-21.26,0.0,0.18,0.0,nan
4.646860122680664,0.3,0.0,0.0,2.7847407452620017,-21.26,0.0,0.18,0.0,nan
4.698067903518677,0.3,0.0,0.0,2.8,-21.26,0.0,0.18,0.0,nan
4.6982262134552,0.3,0.0,0.0,2.8,-21.26,0.0,0.18,0.0,nan
4.698301315307617,0.3,0.0,0.0,2.8,-21.26,0.0,0.18,0.0,nan
4.698363780975342,0.3,0.0,0.0,2.7694814905240035,-21.26,0.0,0.18,0.0,nan
4.6984264850616455,0.3,0.0,0.0,2.8,-21.26,0.0,0.18,0.0,nan
4.698481321334839,0.3,0.0,0.0,2.8,-21.26,0.0,0.18,0.0,nan
4.739474058151245,0.3,0.0,0.0,2.8,-21.26,0.0,0.18,0.0,nan
4.73958158493042,0.3,0.0,0.0,2.815259254737998,-21.26,0.0,0.18,0.0,nan
4.739616632461548,0.3,0.0,0.0,2.8,-21.26,0.0,0.18,0.0,nan
4.73964524269104,0.3,0.0,0.0,2.815259254737998,-21.26,0.0,0.18,0.0,nan
4.739676237106323,0.3,0.0,0.0,2.7847407452620017,-21.26,0.0,0.18,0.0,nan
4.780848264694214,0.3,0.0,0.0,2.7694814905240035,-21.26,0.0,0.18,0.0,nan
4.7810540199279785,0.3,0.0,0.0,2.7847407452620017,-21.26,0.0,0.18,0.0,nan
4.7811431884765625,0.3,0.0,0.0,2.8,-21.26,0.0,0.18,0.0,nan
4.781222581863403,0.3,0.0,0.0,2.815259254737998,-21.26,0.0,0.18,0.0,nan
4.781291246414185,0.3,0.0,0.0,2.7694814905240035,-21.26,0.0,0.18,0.0,nan
4.78135347366333,0.3,0.0,0.0,2.8,-21.26,0.0,0.18,0.0,nan
4.822618246078491,0.3,0.0,0.0,2.7694814905240035,-21.26,0.0,0.18,0.0,nan
4.822786808013916,0.3,0.0,0.0,2.7847407452620017,-21.26,0.0,0.18,0.0,nan
4.822865009307861,0.3,0.0,0.0,2.7847407452620017,-21.26,0.0,0.18,0.0,nan
4.822932243347168,0.3,0.0,0.0,2.8,-21.26,0.0,0.18,0.0,nan
4.822990894317627,0.3,0.0,0.0,2.7847407452620017,-21.26,0.0,0.18,0.0,nan
4.823054313659668,0.3,0.0,0.0,2.815259254737998,-21.26,0.0,0.18,0.0,nan
4.864468574523926,0.3,0.0,0.0,2.7847407452620017,-21.26,0.0,0.18,0.0,nan
4.864630222320557,0.3,0.0,0.0,2.7847407452620017,-21.26,0.0,0.18,0.0,nan
4.864704370498657,0.3,0.0,0.0,2.8,-21.26,0.0,0.18,0.0,nan
4.864773750305176,0.3,0.0,0.0,2.7694814905240035,-21.26,0.0,0.18,0.0,nan
4.864839792251587,0.3,0.0,0.0,2.7847407452620017,-21.26,0.0,0.18,0.0,nan
4.864899635314941,0.3,0.0,0.0,2.7847407452620017,-21.26,0.0,0.18,0.0,nan
4.906269788742065,0.3,0.0,0.0,2.8,-21.26,0.0,0.18,0.0,nan
4.906431436538696,0.3,0.0,0.0,2.7847407452620017,-21.26,0.0,0.18,0.0,nan
4.906514644622803,0.3,0.0,0.0,2.8,-21.26,0.0,0.18,0.0,nan
4.906576633453369,0.3,0.0,0.0,2.8,-21.26,0.0,0.0,0.0,nan
4.906631708145142,0.3,0.0,0.0,2.8,-21.26,0.0,0.0,0.0,nan
4.906691789627075,0.3,0.0,0.0,2.7847407452620017,-21.26,0.0,0.0,0.0,nan
4.9476635456085205,0.3,0.0,0.0,2.7847407452620017,-21.08,0.0,0.0,0.0,nan
4.9478230476379395,0.3,0.0,0.0,2.7847407452620017,-21.08,0.0,0.0,0.0,nan
4.94789981842041,0.3,0.0,0.0,2.7847407452620017,-21.08,0.0,0.0,0.0,nan
4.9479660987854,0.3,0.0,0.0,2.7847407452620017,-20.9,0.0,0.0,0.0,nan
4.948025941848755,0.3,0.0,0.0,2.7847407452620017,-20.9,0.0,0.0,0.0,nan
4.948084115982056,0.3,0.0,0.0,2.8,-20.9,0.0,0.0,0.0,nan
4.999581336975098,0.3,0.0,0.0,2.815259254737998,-20.9,0.0,0.0,0.0,nan
4.999744892120361,0.3,0.0,0.0,2.8,-21.08,0.0,0.0,0.0,nan
4.999821901321411,0.3,0.0,0.0,2.815259254737998,-21.08,0.0,0.0,0.0,nan
4.9998908042907715,0.3,0.0,0.0,2.7847407452620017,-21.08,0.0,0.0,0.0,nan
4.999952554702759,0.3,0.0,0.0,2.7542222357860053,-21.08,0.0,0.0,0.0,nan
5.000009298324585,0.3,0.0,0.0,2.830518509475996,-20.9,0.0,0.0,0.0,nan
5.041063547134399,0.3,0.0,0.0,2.8,-20.9,0.0,0.0,0.0,nan
5.04121732711792,0.3,0.0,0.0,2.7694814905240035,-20.9,0.0,0.0,0.0,nan
5.0412914752960205,0.3,0.0,0.0,2.7847407452620017,-20.9,0.0,0.0,0.0,nan
5.041358232498169,0.3,0.0,0.0,2.7694814905240035,-20.9,0.0,0.0,0.0,nan
5.041421175003052,0.3,0.0,0.0,2.8,-21.08,0.0,0.0,0.0,nan
5.041480541229248,0.3,0.0,0.0,2.815259254737998,-21.08,0.0,0.0,0.0,nan
5.082728147506714,0.3,0.0,0.0,2.7847407452620017,-21.08,0.0,0.0,0.0,nan
5.082895040512085,0.3,0.0,0.0,2.8,-20.9,0.0,0.0,0.0,nan
5.08297872543335,0.3,0.0,0.0,2.8,-20.9,0.0,0.0,0.0,nan
5.0830397605896,0.3,0.0,0.0,2.8,-20.9,0.0,0.0,0.0,nan
5.083094120025635,0.3,0.0,0.0,2.8,-20.9,0.0,0.0,0.0,nan
5.083144187927246,0.3,0.0,0.0,2.8,-20.9,0.0,0.0,0.0,nan
5.1243202686309814,0.3,0.0,0.0,2.7847407452620017,-20.9,0.0,0.0,0.0,nan
5.124430894851685,0.3,0.0,0.0,2.815259254737998,-20.9,0.0,0.0,0.0,nan
5.124468803405762,0.3,0.0,0.0,2.8,-20.9,0.0,0.0,0.0,nan
5.124504089355469,0.3,0.0,0.0,2.7847407452620017,-20.9,0.0,0.0,0.0,nan
5.124532222747803,0.3,0.0,0.0,2.815259254737998,-20.9,0.0,0.0,0.0,nan
5.124555587768555,0.3,0.0,0.0,2.7847407452620017,-20.9,0.0,0.0,0.0,nan
5.165777206420898,0.3,0.0,0.0,2.830518509475996,-20.9,0.0,0.0,0.0,nan
5.165895223617554,0.3,0.0,0.0,2.8,-20.9,0.0,0.0,0.0,nan
5.1659321784973145,0.3,0.0,0.0,2.7694814905240035,-20.9,0.0,0.0,0.0,nan
5.1659629344940186,0.3,0.0,0.0,2.7847407452620017,-20.9,0.0,0.0,0.0,nan
5.165989875793457,0.3,0.0,0.0,2.7847407452620017,-20.9,0.0,0.0,0.0,nan
5.2071168422698975,0.3,0.0,0.0,2.7847407452620017,-20.9,0.0,0.0,0.0,nan
5.207236051559448,0.3,0.0,0.0,2.8,-20.9,0.0,0.0,0.0,nan
5.207271099090576,0.3,0.0,0.0,2.7847407452620017,-20.9,0.0,0.0,0.0,nan
5.207298755645752,0.3,0.0,0.0,2.815259254737998,-20.9,0.0,0.0,0.0,nan
5.207326889038086,0.3,0.0,0.0,2.7847407452620017,-20.9,0.0,0.0,0.0,nan
5.207352161407471,0.3,0.0,0.0,2.7847407452620017,-20.9,0.0,0.0,0.0,nan
5.2483298778533936,0.3,0.0,0.0,2.7847407452620017,-20.9,0.0,0.0,0.0,nan
5.248452186584473,0.3,0.0,0.0,2.7542222357860053,-20.9,0.0,0.0,0.0,nan
5.248501777648926,0.3,0.0,0.0,2.7847407452620017,-20.9,0.0,0.0,0.0,nan
5.248721361160278,0.3,0.0,0.0,2.7847407452620017,-20.9,0.0,0.0,0.0,nan
5.248778581619263,0.3,0.0,0.0,2.830518509475996,-20.9,0.0,0.0,0.0,nan
5.248817205429077,0.3,0.0,0.0,2.7694814905240035,-20.9,0.0,0.0,0.0,nan
5.300179958343506,0.3,0.0,0.0,2.7847407452620017,-20.9,0.0,0.0,0.0,nan
5.300306081771851,0.3,0.0,0.0,2.8,-20.9,0.0,0.0,0.0,nan
5.300355434417725,0.3,0.0,0.0,2.8,-20.9,0.0,0.0,0.0,nan
5.300397157669067,0.3,0.0,0.0,2.8,-20.9,0.0,0.0,0.0,nan
5.30043888092041,0.3,0.0,0.0,2.8,-20.9,0.0,0.0,0.0,nan
5.300478219985962,0.3,0.0,0.0,2.8,-20.9,0.0,0.0,0.0,nan
5.341554164886475,0.3,0.0,0.0,2.8,-20.9,0.0,0.0,0.0,nan
5.341706991195679,0.3,0.0,0.0,2.8,-20.9,0.0,0.0,0.0,nan
5.341776371002197,0.3,0.0,0.0,2.7847407452620017,-20.9,0.0,0.0,0.0,nan
5.341836929321289,0.3,0.0,0.0,2.7847407452620017,-20.9,0.0,0.0,0.0,nan
5.34189772605896,0.3,0.0,0.0,2.8,-20.9,0.0,0.0,0.0,nan
5.341947555541992,0.3,0.0,0.0,2.815259254737998,-20.9,0.0,0.0,0.0,nan
5.38309383392334,0.3,0.0,0.0,2.7694814905240035,-20.9,0.0,0.0,0.0,nan
5.383254289627075,0.3,0.0,0.0,2.7694814905240035,-20.9,0.0,0.0,0.0,nan
5.383333921432495,0.3,0.0,0.0,2.8,-20.9,0.0,0.0,0.0,nan
5.383394241333008,0.3,0.0,0.0,2.7847407452620017,-20.9,0.0,0.0,0.0,nan
5.383454084396362,0.3,0.0,0.0,2.815259254737998,-20.9,0.0,0.0,0.0,nan
5.383514881134033,0.3,0.0,0.0,2.830518509475996,-20.9,0.0,0.0,0.0,nan
5.42512845993042,0.3,0.0,0.0,2.8,-20.9,0.0,0.0,0.0,nan
5.425272226333618,0.3,0.0,0.0,2.7847407452620017,-20.9,0.0,0.0,0.0,nan
5.4253363609313965,0.3,0.0,0.0,2.7847407452620017,-20.9,0.0,0.0,0.0,nan
5.42538857460022,0.3,0.0,0.0,2.7694814905240035,-20.9,0.0,0.0,0.0,nan
5.425433397293091,0.3,0.0,0.0,2.7847407452620017,-20.9,0.0,0.0,0.0,nan
5.425474643707275,0.3,0.0,0.0,2.7847407452620017,-20.9,0.0,0.0,0.0,nan
5.4668004512786865,0.3,0.0,0.0,2.8,-20.9,0.0,0.0,0.0,nan
5.466925621032715,0.3,0.0,0.0,2.8,-20.9,0.0,0.0,0.0,nan
5.466973781585693,0.3,0.0,0.0,2.7847407452620017,-20.9,0.0,0.0,0.0,nan
5.467015981674194,0.3,0.0,0.0,2.8,-20.9,0.0,0.0,0.0,nan
5.467054843902588,0.3,0.0,0.0,2.8,-20.9,0.0,0.0,0.0,nan
5.4670915603637695,0.3,0.0,0.0,2.7694814905240035,-20.9,0.0,0.0,0.0,nan
5.50801944732666,0.3,0.0,0.0,2.7847407452620017,-20.9,0.0,0.0,0.0,nan
5.508162498474121,0.3,0.0,0.0,2.7847407452620017,-20.9,0.0,0.0,0.0,nan
5.508230924606323,0.3,0.0,0.0,2.7542222357860053,-20.9,0.0,0.0,0.0,nan
5.508283376693726,0.3,0.0,0.0,2.8,-20.9,0.0,0.0,0.0,nan
5.508335828781128,0.3,0.0,0.0,2.8,-20.9,0.0,0.0,0.0,nan
5.50838041305542,0.3,0.0,0.0,2.8,-20.9,0.0,0.0,0.0,nan
5.549375295639038,0.3,0.0,0.0,2.815259254737998,-20.9,0.0,0.0,0.0,nan
5.549527883529663,0.3,0.0,0.0,2.815259254737998,-20.9,0.0,0.0,0.0,nan
5.549606084823608,0.3,0.0,0.0,2.815259254737998,-20.9,0.0,0.0,0.0,nan
5.549668073654175,0.3,0.0,0.0,2.8,-20.9,0.0,0.0,0.0,nan
5.5497260093688965,0.3,0.0,0.0,2.8,-20.9,0.0,0.0,0.0,nan
5.549785137176514,0.3,0.0,0.0,2.8,-20.9,0.0,0.0,0.0,nan
5.601205825805664,0.3,0.0,0.0,2.7847407452620017,-20.9,0.0,0.0,0.0,nan
5.6013665199279785,0.3,0.0,0.0,2.7847407452620017,-20.9,0.0,0.0,0.0,nan
5.60146951675415,0.3,0.0,0.0,2.815259254737998,-20.9,0.0,0.0,0.0,nan
5.601538181304932,0.3,0.0,0.0,2.7694814905240035,-20.9,0.0,0.0,0.0,nan
5.601618766784668,0.3,0.0,0.0,2.815259254737998,-20.9,0.0,0.0,0.0,nan
5.601679563522339,0.3,0.0,0.0,2.8,-20.9,0.0,0.0,0.0,nan
5.64302396774292,0.3,0.0,0.0,2.7542222357860053,-20.9,0.0,0.0,0.0,nan
5.643184185028076,0.3,0.0,0.0,2.8,-20.9,0.0,0.0,0.0,nan
5.643256187438965,0.3,0.0,0.0,2.815259254737998,-20.9,0.0,0.0,0.0,nan
5.643320560455322,0.3,0.0,0.0,2.8,-20.9,0.0,0.0,0.0,nan
5.643378734588623,0.3,0.0,0.0,2.7694814905240035,-20.9,0.0,0.0,0.0,nan
5.685020923614502,0.3,0.0,0.0,2.8,-20.9,0.0,0.0,0.0,nan
5.685145616531372,0.3,0.0,0.0,2.7694814905240035,-20.9,0.0,0.0,0.0,nan
5.685179710388184,0.3,0.0,0.0,2.7847407452620017,-20.9,0.0,0.0,0.0,nan
5.685209274291992,0.3,0.0,0.0,2.7847407452620017,-20.9,0.0,0.0,0.0,nan
5.685239315032959,0.3,0.0,0.0,2.7847407452620017,-20.9,0.0,0.0,0.0,nan
5.685268402099609,0.3,0.0,0.0,2.7542222357860053,-20.9,0.0,0.0,0.0,nan
5.7266740798950195,0.3,0.0,0.0,2.7847407452620017,-20.9,0.0,0.0,0.0,nan
5.7268548011779785,0.3,0.0,0.0,2.830518509475996,-20.9,0.0,0.0,0.0,nan
5.72696328163147,0.3,0.0,0.0,2.7847407452620017,-20.9,0.0,0.0,0.0,nan
5.727095127105713,0.3,0.0,0.0,2.8,-20.9,0.0,0.0,0.0,nan
5.727419376373291,0.3,0.0,0.0,2.8,-20.9,0.0,0.0,0.0,nan
5.727457523345947,0.3,0.0,0.0,2.7847407452620017,-20.9,0.0,0.0,0.0,nan
5.7685441970825195,0.3,0.0,0.0,2.8,-20.9,0.0,0.0,0.0,nan
5.768702030181885,0.3,0.0,0.0,2.8,-20.9,0.0,0.0,0.0,nan
5.768775701522827,0.3,0.0,0.0,2.815259254737998,-20.9,0.0,0.0,0.0,nan
5.768840789794922,0.3,0.0,0.0,2.815259254737998,-20.9,0.0,0.0,0.0,nan
5.768902063369751,0.3,0.0,0.0,2.815259254737998,-20.9,0.0,0.0,0.0,nan
5.7690606117248535,0.3,0.0,0.0,2.815259254737998,-20.9,0.0,0.0,0.0,nan
5.810181379318237,0.3,0.0,0.0,2.8,-20.9,0.0,0.0,0.0,nan
5.810330867767334,0.3,0.0,0.0,2.815259254737998,-20.9,0.0,0.0,0.0,nan
5.810401201248169,0.3,0.0,0.0,2.8,-20.9,0.0,0.0,0.0,nan
5.810461759567261,0.3,0.0,0.0,2.815259254737998,-20.9,0.0,0.0,0.0,nan
5.8105244636535645,0.3,0.0,0.0,2.815259254737998,-20.9,0.0,0.0,0.0,nan
5.810581922531128,0.3,0.0,0.0,2.8,-20.9,0.0,0.0,0.0,nan
5.851691007614136,0.3,0.0,0.0,2.8,-20.9,0.0,0.0,0.0,nan
5.851827383041382,0.3,0.0,0.0,2.7694814905240035,-20.9,0.0,0.0,0.0,nan
5.851876258850098,0.3,0.0,0.0,2.8,-20.9,0.0,0.0,0.0,nan
5.851916313171387,0.3,0.0,0.0,2.7847407452620017,-20.9,0.0,0.0,0.0,nan
5.851947069168091,0.3,0.0,0.0,2.7847407452620017,-20.9,0.0,0.0,0.0,nan
5.851975917816162,0.3,0.0,0.0,2.8,-20.9,0.0,0.0,0.0,nan
5.903363943099976,0.3,0.0,0.0,2.7847407452620017,-20.9,0.0,0.0,0.0,nan
5.903519868850708,0.3,0.0,0.0,2.8,-20.9,0.0,0.0,0.0,nan
5.903590440750122,0.3,0.0,0.0,2.815259254737998,-20.9,0.0,0.0,0.0,nan
5.9036545753479,0.3,0.0,0.0,2.7694814905240035,-20.9,0.0,0.0,0.0,nan
5.9037206172943115,0.3,0.0,0.0,2.7847407452620017,-20.9,0.0,0.0,0.0,nan
5.903776407241821,0.3,0.0,0.0,2.7847407452620017,-20.9,0.0,0.0,0.0,nan
5.944737911224365,0.3,0.0,0.0,2.7847407452620017,-20.9,0.0,0.0,0.0,nan
5.944895505905151,0.3,0.0,0.0,2.8,-20.9,0.0,0.0,0.0,nan
5.945003271102905,0.3,0.0,0.0,2.7694814905240035,-20.9,0.0,0.0,0.0,nan
5.945079803466797,0.3,0.0,0.0,2.7847407452620017,-20.9,0.0,0.0,0.0,nan
5.945143222808838,0.3,0.0,0.0,2.7847407452620017,-20.9,0.0,0.0,0.0,nan
5.945199251174927,0.3,0.0,0.0,2.815259254737998,-20.9,0.0,0.0,0.0,nan
5.9861743450164795,0.3,0.0,0.0,2.7847407452620017,-20.9,0.0,0.0,0.0,nan
5.98633074760437,0.3,0.0,0.0,2.8,-20.9,0.0,0.0,0.0,nan
5.986400365829468,0.3,0.0,0.0,2.8,-20.9,0.0,0.0,0.0,nan
5.986464262008667,0.3,0.0,0.0,2.7847407452620017,-20.9,0.0,0.0,0.0,nan
5.9865241050720215,0.3,0.0,0.0,2.7847407452620017,-20.9,0.0,0.0,0.0,nan
5.986578702926636,0.3,0.0,0.0,2.7847407452620017,-20.9,0.0,0.0,0.0,nan
6.027430295944214,0.3,0.0,0.0,2.815259254737998,-20.9,0.0,0.0,0.0,nan
6.02753210067749,0.3,0.0,0.0,2.7847407452620017,-20.9,0.0,0.0,0.0,nan
6.027565956115723,0.3,0.0,0.0,2.7847407452620017,-20.9,0.0,0.0,0.0,nan
6.02759575843811,0.3,0.0,0.0,2.8,-20.9,0.0,0.0,0.0,nan
6.027640342712402,0.3,0.0,0.0,2.7847407452620017,-20.9,0.0,0.0,0.0,nan
6.027696371078491,0.3,0.0,0.0,2.8,-20.9,0.0,0.0,0.0,nan
6.068737268447876,0.3,0.0,0.0,2.8,-20.9,0.0,0.0,0.0,nan
6.0688841342926025,0.3,0.0,0.0,2.7847407452620017,-20.9,0.0,0.0,0.0,nan
6.068975210189819,0.3,0.0,0.0,2.8,-20.9,0.0,0.0,0.0,nan
6.0690391063690186,0.3,0.0,0.0,2.8,-20.9,0.0,0.0,0.0,nan
6.069096803665161,0.3,0.0,0.0,2.815259254737998,-20.9,0.0,0.0,0.0,nan
6.110262870788574,0.3,0.0,0.0,2.7694814905240035,-20.9,0.0,0.0,0.0,nan
6.110426425933838,0.3,0.0,0.0,2.815259254737998,-20.9,0.0,0.0,0.0,nan
6.110501527786255,0.3,0.0,0.0,2.8,-20.9,0.0,0.0,0.0,nan
6.110561847686768,0.3,0.0,0.0,2.7847407452620017,-20.9,0.0,0.0,0.0,nan
6.110621213912964,0.3,0.0,0.0,2.7847407452620017,-20.9,0.0,0.0,0.0,nan
6.1106767654418945,0.3,0.0,0.0,2.8,-20.9,0.0,0.0,0.0,nan
6.161927223205566,0.3,0.0,0.0,2.8,-20.9,0.0,0.0,0.0,nan
6.162094593048096,0.3,0.0,0.0,2.7847407452620017,-20.9,0.0,0.0,0.0,nan
6.162401437759399,0.3,0.0,0.0,2.7694814905240035,-20.9,0.0,0.0,0.0,nan
6.162490367889404,0.3,0.0,0.0,2.7847407452620017,-20.9,0.0,0.0,0.0,nan
6.162560939788818,0.3,0.0,0.0,2.7847407452620017,-20.9,0.0,0.0,0.0,nan
6.1626200675964355,0.3,0.0,0.0,2.7694814905240035,-20.9,0.0,0.0,0.0,nan
6.203784465789795,0.3,0.0,0.0,2.7542222357860053,-20.9,0.0,0.0,0.0,nan
6.203950643539429,0.3,0.0,0.0,2.8,-20.9,0.0,0.0,0.0,nan
6.204023122787476,0.3,0.0,0.0,2.7847407452620017,-20.9,0.0,0.0,0.0,nan
6.204087495803833,0.3,0.0,0.0,2.7694814905240035,-20.9,0.0,0.0,0.0,nan
6.204158306121826,0.3,0.0,0.0,2.8,-20.9,0.0,0.0,0.0,nan
6.204220533370972,0.3,0.0,0.0,2.8,-20.9,0.0,0.0,0.0,nan
6.245185852050781,0.3,0.0,0.0,2.815259254737998,-20.9,0.0,0.0,0.0,nan
6.245342254638672,0.3,0.0,0.0,2.7542222357860053,-20.9,0.0,0.0,0.0,nan
6.2454140186309814,0.3,0.0,0.0,2.7847407452620017,-20.9,0.0,0.0,0.0,nan
6.2454798221588135,0.3,0.0,0.0,2.7694814905240035,-20.9,0.0,0.0,0.0,nan
6.245543956756592,0.3,0.0,0.0,2.815259254737998,-20.9,0.0,0.0,0.0,nan
6.245604991912842,0.3,0.0,0.0,2.8,-20.9,0.0,0.0,0.0,nan
6.286576271057129,0.3,0.0,0.0,2.7694814905240035,-20.9,0.0,0.0,0.0,nan
6.286733150482178,0.3,0.0,0.0,2.8,-20.9,0.0,0.0,0.0,nan
6.28680682182312,0.3,0.0,0.0,2.7847407452620017,-20.9,0.0,0.0,0.0,nan
6.286874532699585,0.3,0.0,0.0,2.8,-20.9,0.0,0.0,0.0,nan
6.2869346141815186,0.3,0.0,0.0,2.7847407452620017,-20.9,0.0,0.0,0.0,nan
6.286993741989136,0.3,0.0,0.0,2.8,-20.9,0.0,0.0,0.0,nan
6.327937841415405,0.3,0.0,0.0,2.8,-20.9,0.0,0.0,0.0,nan
6.328090190887451,0.3,0.0,0.0,2.7694814905240035,-20.9,0.0,0.0,0.0,nan
6.328163385391235,0.3,0.0,0.0,2.8,-20.9,0.0,0.0,0.0,nan
6.328230857849121,0.3,0.0,0.0,2.7694814905240035,-20.9,0.0,0.0,0.0,nan
6.328291177749634,0.3,0.0,0.0,2.8,-20.9,0.0,0.0,0.0,nan
6.328345775604248,0.3,0.0,0.0,2.7847407452620017,-20.9,0.0,0.0,0.0,nan
6.369321584701538,0.3,0.0,0.0,2.815259254737998,-20.9,0.0,0.0,0.0,nan
6.369479417800903,0.3,0.0,0.0,2.8,-20.9,0.0,0.0,0.0,nan
6.369551420211792,0.3,0.0,0.0,2.8,-20.9,0.0,0.0,0.0,nan
6.369614839553833,0.3,0.0,0.0,2.8,-20.9,0.0,0.0,0.0,nan
6.369675874710083,0.3,0.0,0.0,2.7847407452620017,-20.9,0.0,0.0,0.0,nan
6.36973237991333,0.3,0.0,0.0,2.8,-20.9,0.0,0.0,0.0,nan
6.410811185836792,0.3,0.0,0.0,2.815259254737998,-20.9,0.0,0.0,0.0,nan
6.410970687866211,0.3,0.0,0.0,2.7847407452620017,-20.9,0.0,0.0,0.0,nan
6.411052465438843,0.3,0.0,0.0,2.7847407452620017,-20.9,0.0,0.0,0.0,nan
6.4111223220825195,0.3,0.0,0.0,2.7847407452620017,-20.9,0.0,0.0,0.0,nan
6.411184310913086,0.3,0.0,0.0,2.7847407452620017,-20.9,0.0,0.0,0.0,nan
6.411239147186279,0.3,0.0,0.0,2.7847407452620017,-20.9,0.0,0.0,0.0,nan
6.462467670440674,0.3,0.0,0.0,2.8,-20.9,0.0,0.0,0.0,nan
6.462621688842773,0.3,0.0,0.0,2.7847407452620017,-20.9,0.0,0.0,0.0,nan
6.462694406509399,0.3,0.0,0.0,2.7847407452620017,-20.9,0.0,0.0,0.0,nan
6.462761163711548,0.3,0.0,0.0,2.8,-20.9,0.0,0.0,0.0,nan
6.462819576263428,0.3,0.0,0.0,2.7847407452620017,-20.9,0.0,0.0,0.0,nan
6.462874412536621,0.3,0.0,0.0,2.7847407452620017,-20.9,0.0,0.0,0.0,nan
6.5040199756622314,0.3,0.0,0.0,2.7847407452620017,-20.9,0.0,0.0,0.0,nan
6.504182815551758,0.3,0.0,0.0,2.7847407452620017,-20.9,0.0,0.0,0.0,nan
6.504260301589966,0.3,0.0,0.0,2.7847407452620017,-20.9,0.0,0.0,0.0,nan
6.5043253898620605,0.3,0.0,0.0,2.815259254737998,-20.9,0.0,0.0,0.0,nan
6.504385709762573,0.3,0.0,0.0,2.7694814905240035,-20.9,0.0,0.0,0.0,nan
6.504441976547241,0.3,0.0,0.0,2.8,-20.9,0.0,0.0,0.0,nan
6.5455944538116455,0.3,0.0,0.0,2.815259254737998,-20.9,0.0,0.0,0.0,nan
6.5457422733306885,0.3,0.0,0.0,2.8,-20.9,0.0,0.0,0.0,nan
6.545809268951416,0.3,0.0,0.0,2.8,-20.9,0.0,0.0,0.0,nan
6.545868396759033,0.3,0.0,0.0,2.8,-20.9,0.0,0.0,0.0,nan
6.545926570892334,0.3,0.0,0.0,2.815259254737998,-20.9,0.0,0.0,0.0,nan
6.5869550704956055,0.3,0.0,0.0,2.7847407452620017,-20.9,0.0,0.0,0.0,nan
6.587109327316284,0.3,0.0,0.0,2.7694814905240035,-20.9,0.0,0.0,0.0,nan
6.587177991867065,0.3,0.0,0.0,2.815259254737998,-20.9,0.0,0.0,0.0,nan
6.587239027023315,0.3,0.0,0.0,2.7847407452620017,-20.9,0.0,0.0,0.0,nan
6.587301015853882,0.3,0.0,0.0,2.8,-20.9,0.0,0.0,0.0,nan
6.58735728263855,0.3,0.0,0.0,2.7847407452620017,-20.9,0.0,0.0,0.0,nan
6.628405570983887,0.3,0.0,0.0,2.7847407452620017,-20.9,0.0,0.0,0.0,nan
6.628566026687622,0.3,0.0,0.0,2.815259254737998,-20.9,0.0,0.0,0.0,nan
6.628641128540039,0.3,0.0,0.0,2.7847407452620017,-20.9,0.0,0.0,0.0,nan
6.628705978393555,0.3,0.0,0.0,2.8,-20.9,0.0,0.0,0.0,nan
6.628779172897339,0.3,0.0,0.0,2.8,-20.9,0.0,0.0,0.0,nan
6.6288464069366455,0.3,0.0,0.0,2.8,-20.9,0.0,0.0,0.0,nan
6.669902324676514,0.3,0.0,0.0,2.7847407452620017,-20.9,0.0,0.0,0.0,nan
6.670063734054565,0.3,0.0,0.0,2.7847407452620017,-20.9,0.0,0.0,0.0,nan
6.670135974884033,0.3,0.0,0.0,2.7847407452620017,-20.9,0.0,0.0,0.0,nan
6.670199871063232,0.3,0.0,0.0,2.8,-20.9,0.0,0.0,0.0,nan
6.670259237289429,0.3,0.0,0.0,2.8,-20.9,0.0,0.0,0.0,nan
6.67031455039978,0.3,0.0,0.0,2.8,-20.9,0.0,0.0,0.0,nan
6.721602439880371,0.3,0.0,0.0,2.815259254737998,-20.9,0.0,0.0,0.0,nan
6.721753358840942,0.3,0.0,0.0,2.7847407452620017,-20.9,0.0,0.0,0.0,nan
6.721801996231079,0.3,0.0,0.0,2.7694814905240035,-20.9,0.0,0.0,0.0,nan
6.721843957901001,0.3,0.0,0.0,2.7847407452620017,-20.9,0.0,0.0,0.0,nan
6.721873998641968,0.3,0.0,0.0,2.8,-20.9,0.0,0.0,0.0,nan
6.721900463104248,0.3,0.0,0.0,2.7847407452620017,-20.9,0.0,0.0,0.0,nan
6.763098955154419,0.3,0.0,0.0,2.8,-20.9,0.0,0.0,0.0,nan
6.763258457183838,0.3,0.0,0.0,2.7847407452620017,-20.9,0.0,0.0,0.0,nan
6.763334035873413,0.3,0.0,0.0,2.815259254737998,-20.9,0.0,0.0,0.0,nan
6.7634031772613525,0.3,0.0,0.0,2.7847407452620017,-20.9,0.0,0.0,0.0,nan
6.763465881347656,0.3,0.0,0.0,2.7694814905240035,-20.9,0.0,0.0,0.0,nan
6.763523578643799,0.3,0.0,0.0,2.8,-20.9,0.0,0.0,0.0,nan
6.805294990539551,0.3,0.0,0.0,2.8,-20.9,0.0,0.0,0.0,nan
6.805453777313232,0.3,0.0,0.0,2.8,-20.9,0.0,0.0,0.0,nan
6.8055384159088135,0.3,0.0,0.0,2.7847407452620017,-20.9,0.0,0.0,0.0,nan
6.80557656288147,0.3,0.0,0.0,2.7847407452620017,-20.9,0.0,0.0,0.0,nan
6.80560827255249,0.3,0.0,0.0,2.8,-20.9,0.0,0.0,0.0,nan
6.805636644363403,0.3,0.0,0.0,2.7847407452620017,-20.9,0.0,0.0,0.0,nan
6.846809148788452,0.3,0.0,0.0,2.7847407452620017,-20.9,0.0,0.0,0.0,nan
6.846969842910767,0.3,0.0,0.0,2.7847407452620017,-20.9,0.0,0.0,0.0,nan
6.847042560577393,0.3,0.0,0.0,2.7694814905240035,-20.9,0.0,0.0,0.0,nan
6.8471105098724365,0.3,0.0,0.0,2.7694814905240035,-20.9,0.0,0.0,0.0,nan
6.847172021865845,0.3,0.0,0.0,2.7847407452620017,-20.9,0.0,0.0,0.0,nan
6.84722900390625,0.3,0.0,0.0,2.8,-20.9,0.0,0.0,0.0,nan
6.888374328613281,0.3,0.0,0.0,2.7847407452620017,-20.9,0.0,0.0,0.0,nan
6.88850212097168,0.3,0.0,0.0,2.7847407452620017,-20.9,0.0,0.0,0.0,nan
6.888551235198975,0.3,0.0,0.0,2.7694814905240035,-20.9,0.0,0.0,0.0,nan
6.888593912124634,0.3,0.0,0.0,2.7847407452620017,-20.9,0.0,0.0,0.0,nan
6.888632774353027,0.3,0.0,0.0,2.7847407452620017,-20.9,0.0,0.0,0.0,nan
6.888670206069946,0.3,0.0,0.0,2.7847407452620017,-20.9,0.0,0.0,0.0,nan
6.929781198501587,0.3,0.0,0.0,2.7847407452620017,-20.9,0.0,0.0,0.0,nan
6.929935932159424,0.3,0.0,0.0,2.8,-20.9,0.0,0.0,0.0,nan
6.930009603500366,0.3,0.0,0.0,2.8,-20.9,0.0,0.0,0.0,nan
6.930076599121094,0.3,0.0,0.0,2.8,-20.9,0.0,0.0,0.0,nan
6.930137634277344,0.3,0.0,0.0,2.7847407452620017,-20.9,0.0,0.0,0.0,nan
6.930201292037964,0.3,0.0,0.0,2.8,-20.9,0.0,0.0,0.0,nan
6.971287965774536,0.3,0.0,0.0,2.815259254737998,-20.9,0.0,0.0,0.0,nan
6.971446990966797,0.3,0.0,0.0,2.8,-20.9,0.0,0.0,0.0,nan
6.971520185470581,0.3,0.0,0.0,2.7847407452620017,-20.9,0.0,0.0,0.0,nan
6.971583604812622,0.3,0.0,0.0,2.7847407452620017,-20.9,0.0,0.0,0.0,nan
6.971643686294556,0.3,0.0,0.0,2.8,-20.9,0.0,0.0,0.0,nan
7.022741079330444,0.3,0.0,0.0,2.815259254737998,-20.9,0.0,0.0,0.0,nan
7.022845268249512,0.3,0.0,0.0,2.815259254737998,-20.9,0.0,0.0,0.0,nan
7.022879362106323,0.3,0.0,0.0,2.7847407452620017,-20.9,0.0,0.0,0.0,nan
7.022910833358765,0.3,0.0,0.0,2.815259254737998,-20.9,0.0,0.0,0.0,nan
7.022943735122681,0.3,0.0,0.0,2.8,-20.9,0.0,0.0,0.0,nan
7.022972345352173,0.3,0.0,0.0,2.7847407452620017,-20.9,0.0,0.0,0.0,nan
7.064175128936768,0.3,0.0,0.0,2.7847407452620017,-20.9,0.0,0.0,0.0,nan
7.064340591430664,0.3,0.0,0.0,2.7847407452620017,-20.9,0.0,0.0,0.0,nan
7.0644211769104,0.3,0.0,0.0,2.8,-20.9,0.0,0.0,0.0,nan
7.064483880996704,0.3,0.0,0.0,2.7847407452620017,-20.9,0.0,0.0,0.0,nan
7.064542770385742,0.3,0.0,0.0,2.7694814905240035,-20.9,0.0,0.0,0.0,nan
7.064598560333252,0.3,0.0,0.0,2.7847407452620017,-20.9,0.0,0.0,0.0,nan
7.1056227684021,0.3,0.0,0.0,2.8,-20.9,0.0,0.0,0.0,nan
7.105732202529907,0.3,0.0,0.0,2.7847407452620017,-20.9,0.0,0.0,0.0,nan
7.105769157409668,0.3,0.0,0.0,2.815259254737998,-20.9,0.0,0.0,0.0,nan
7.105801105499268,0.3,0.0,0.0,2.7847407452620017,-20.9,0.0,0.0,0.0,nan
7.105831623077393,0.3,0.0,0.0,2.8,-20.9,0.0,0.0,0.0,nan
7.10585880279541,0.3,0.0,0.0,2.8,-20.9,0.0,0.0,0.0,nan
7.14699387550354,0.3,0.0,0.0,2.8,-20.9,0.0,0.0,0.0,nan
7.147150039672852,0.3,0.0,0.0,2.815259254737998,-20.9,0.0,0.0,0.0,nan
7.147224187850952,0.3,0.0,0.0,2.7847407452620017,-20.9,0.0,0.0,0.0,nan
7.147289991378784,0.3,0.0,0.0,2.8,-20.9,0.0,0.0,0.0,nan
7.147351980209351,0.3,0.0,0.0,2.8,-20.9,0.0,0.0,0.0,nan
7.147408962249756,0.3,0.0,0.0,2.7847407452620017,-20.9,0.0,0.0,0.0,nan
7.188519716262817,0.3,0.0,0.0,2.8,-20.9,0.0,0.0,0.0,nan
7.188680171966553,0.3,0.0,0.0,2.815259254737998,-20.9,0.0,0.0,0.0,nan
7.18875527381897,0.3,0.0,0.0,2.7542222357860053,-20.9,0.0,0.0,0.0,nan
7.188817024230957,0.3,0.0,0.0,2.7847407452620017,-20.9,0.0,0.0,0.0,nan
7.188875913619995,0.3,0.0,0.0,2.8,-20.9,0.0,0.0,0.0,nan
7.18892765045166,0.3,0.0,0.0,2.8,-20.9,0.0,0.0,0.0,nan
7.22998046875,0.3,0.0,0.0,2.815259254737998,-20.9,0.0,0.0,0.0,nan
7.230141639709473,0.3,0.0,0.0,2.7847407452620017,-20.9,0.0,0.0,0.0,nan
7.230221271514893,0.3,0.0,0.0,2.7847407452620017,-20.9,0.0,0.0,0.0,nan
7.230284929275513,0.3,0.0,0.0,2.7542222357860053,-20.9,0.0,0.0,0.0,nan
7.230350494384766,0.3,0.0,0.0,2.8,-20.9,0.0,0.0,0.0,nan
7.230403900146484,0.3,0.0,0.0,2.7847407452620017,-20.9,0.0,0.0,0.0,nan
7.271471977233887,0.3,0.0,0.0,2.8,-20.9,0.0,0.0,0.0,nan
7.27162766456604,0.3,0.0,0.0,2.7847407452620017,-20.9,0.0,0.0,0.0,nan
7.271710395812988,0.3,0.0,0.0,2.8,-20.9,0.0,0.0,0.0,nan
7.271759033203125,0.3,0.0,0.0,2.8,-20.9,0.0,0.0,0.0,nan
7.271799325942993,0.3,0.0,0.0,2.7694814905240035,-20.9,0.0,0.0,0.0,nan
7.271833658218384,0.3,0.0,0.0,2.8,-20.9,0.0,0.0,0.0,nan
7.322998285293579,0.3,0.0,0.0,2.7847407452620017,-20.9,0.0,0.0,0.0,nan
7.323099851608276,0.3,0.0,0.0,2.8,-20.9,0.0,0.0,0.0,nan
7.323137998580933,0.3,0.0,0.0,2.7847407452620017,-20.9,0.0,0.0,0.0,nan
7.323170900344849,0.3,0.0,0.0,2.738962981048007,-20.9,0.0,0.0,0.0,nan
7.3232033252716064,0.3,0.0,0.0,2.8,-20.9,0.0,0.0,0.0,nan
7.323230743408203,0.3,0.0,0.0,2.8,-20.9,0.0,0.0,0.0,nan
7.364272594451904,0.3,0.0,0.0,2.7694814905240035,-20.9,0.0,0.0,0.0,nan
7.3644304275512695,0.3,0.0,0.0,2.8,-20.9,0.0,0.0,0.0,nan
7.364504814147949,0.3,0.0,0.0,2.8,-20.9,0.0,0.0,0.0,nan
7.364572048187256,0.3,0.0,0.0,2.815259254737998,-20.9,0.0,0.0,0.0,nan
7.364635705947876,0.3,0.0,0.0,2.7847407452620017,-20.9,0.0,0.0,0.0,nan
7.3646931648254395,0.3,0.0,0.0,2.8,-20.9,0.0,0.0,0.0,nan
7.406253337860107,0.3,0.0,0.0,2.7847407452620017,-20.9,0.0,0.0,0.0,nan
7.406388998031616,0.3,0.0,0.0,2.7847407452620017,-20.9,0.0,0.0,0.0,nan
7.4065258502960205,0.3,0.0,0.0,2.7694814905240035,-20.9,0.0,0.0,0.0,nan
7.406567573547363,0.3,0.0,0.0,2.7847407452620017,-20.9,0.0,0.0,0.0,nan
7.406646251678467,0.3,0.0,0.0,2.815259254737998,-20.9,0.0,0.0,0.0,nan
7.40669322013855,0.3,0.0,0.0,2.7847407452620017,-20.9,0.0,0.0,0.0,nan
7.448105335235596,0.3,0.0,0.0,2.8,-20.9,0.0,0.0,0.0,nan
7.448261022567749,0.3,0.0,0.0,2.8,-20.9,0.0,0.0,0.0,nan
7.448331594467163,0.3,0.0,0.0,2.7694814905240035,-20.9,0.0,0.0,0.0,nan
7.448398113250732,0.3,0.0,0.0,2.8,-20.9,0.0,0.0,0.0,nan
7.448457717895508,0.3,0.0,0.0,2.7847407452620017,-20.9,0.0,0.0,0.0,nan
7.4895853996276855,0.3,0.0,0.0,2.7847407452620017,-20.9,0.0,0.0,0.0,nan
7.489746332168579,0.3,0.0,0.0,2.8,-20.9,0.0,0.0,0.0,nan
7.489820718765259,0.3,0.0,0.0,2.815259254737998,-20.9,0.0,0.0,0.0,nan
7.489886283874512,0.3,0.0,0.0,2.7847407452620017,-20.9,0.0,0.0,0.0,nan
7.48994779586792,0.3,0.0,0.0,2.7694814905240035,-20.9,0.0,0.0,0.0,nan
7.490010976791382,0.3,0.0,0.0,2.8,-20.9,0.0,0.0,0.0,nan
7.531055927276611,0.3,0.0,0.0,2.8,-20.9,0.0,0.0,0.0,nan
7.531210660934448,0.3,0.0,0.0,2.7847407452620017,-20.9,0.0,0.0,0.0,nan
7.531290292739868,0.3,0.0,0.0,2.8,-20.9,0.0,0.0,0.0,nan
7.531355381011963,0.3,0.0,0.0,2.8,-20.9,0.0,0.0,0.0,nan
7.53141713142395,0.3,0.0,0.0,2.7694814905240035,-20.9,0.0,0.0,0.0,nan
7.531479120254517,0.3,0.0,0.0,2.7694814905240035,-20.9,0.0,0.0,0.0,nan
7.582827806472778,0.3,0.0,0.0,2.7847407452620017,-20.9,0.0,0.0,0.0,nan
7.582990407943726,0.3,0.0,0.0,2.8,-20.9,0.0,0.0,0.0,nan
7.58306622505188,0.3,0.0,0.0,2.7847407452620017,-20.9,0.0,0.0,0.0,nan
7.583133697509766,0.3,0.0,0.0,2.7847407452620017,-20.9,0.0,0.0,0.0,nan
7.583197593688965,0.3,0.0,0.0,2.8,-20.9,0.0,0.0,0.0,nan
7.583257675170898,0.3,0.0,0.0,2.815259254737998,-20.9,0.0,0.0,0.0,nan
7.624176025390625,0.3,0.0,0.0,2.7847407452620017,-20.9,0.0,0.0,0.0,nan
7.624338626861572,0.3,0.0,0.0,2.7694814905240035,-20.9,0.0,0.0,0.0,nan
7.624415874481201,0.3,0.0,0.0,2.7847407452620017,-20.9,0.0,0.0,0.0,nan
7.624478816986084,0.3,0.0,0.0,2.7847407452620017,-20.9,0.0,0.0,0.0,nan
7.624540090560913,0.3,0.0,0.0,2.815259254737998,-20.9,0.0,0.0,0.0,nan
7.624597072601318,0.3,0.0,0.0,2.815259254737998,-20.9,0.0,0.0,0.0,nan
7.665737628936768,0.3,0.0,0.0,2.7847407452620017,-20.9,0.0,0.0,0.0,nan
7.6658995151519775,0.3,0.0,0.0,2.7694814905240035,-20.9,0.0,0.0,0.0,nan
7.665975332260132,0.3,0.0,0.0,2.7847407452620017,-20.9,0.0,0.0,0.0,nan
7.666040897369385,0.3,0.0,0.0,2.7694814905240035,-20.9,0.0,0.0,0.0,nan
7.666101455688477,0.3,0.0,0.0,2.7847407452620017,-20.9,0.0,0.0,0.0,nan
7.666157484054565,0.3,0.0,0.0,2.7847407452620017,-20.9,0.0,0.0,0.0,nan
7.707308530807495,0.3,0.0,0.0,2.8,-20.9,0.0,0.0,0.0,nan
7.7074668407440186,0.3,0.0,0.0,2.7847407452620017,-20.9,0.0,0.0,0.0,nan
7.707543611526489,0.3,0.0,0.0,2.7847407452620017,-20.9,0.0,0.0,0.0,nan
7.707612037658691,0.3,0.0,0.0,2.7847407452620017,-20.9,0.0,0.0,0.0,nan
7.707671880722046,0.3,0.0,0.0,2.7847407452620017,-20.9,0.0,0.0,0.0,nan
7.7077295780181885,0.3,0.0,0.0,2.7847407452620017,-20.9,0.0,0.0,0.0,nan
7.74883246421814,0.3,0.0,0.0,2.7694814905240035,-20.9,0.0,0.0,0.0,nan
7.749029636383057,0.3,0.0,0.0,2.815259254737998,-20.9,0.0,0.0,0.0,nan
7.7491090297698975,0.3,0.0,0.0,2.8,-20.9,0.0,0.0,0.0,nan
7.749295711517334,0.3,0.0,0.0,2.815259254737998,-20.9,0.0,0.0,0.0,nan
7.7493956089019775,0.3,0.0,0.0,2.7847407452620017,-20.9,0.0,0.0,0.0,nan
7.7494659423828125,0.3,0.0,0.0,2.7694814905240035,-20.9,0.0,0.0,0.0,nan
7.790767431259155,0.3,0.0,0.0,2.815259254737998,-20.9,0.0,0.0,0.0,nan
7.790971279144287,0.3,0.0,0.0,2.8,-20.9,0.0,0.0,0.0,nan
7.791036605834961,0.3,0.0,0.0,2.7847407452620017,-20.9,0.0,0.0,0.0,nan
7.791073799133301,0.3,0.0,0.0,2.815259254737998,-20.9,0.0,0.0,0.0,nan
7.791104316711426,0.3,0.0,0.0,2.8,-20.9,0.0,0.0,0.0,nan
7.791131973266602,0.3,0.0,0.0,2.815259254737998,-20.9,0.0,0.0,0.0,nan
7.8324878215789795,0.3,0.0,0.0,2.7694814905240035,-20.9,0.0,0.0,0.0,nan
7.8326475620269775,0.3,0.0,0.0,2.8,-20.9,0.0,0.0,0.0,nan
7.832720994949341,0.3,0.0,0.0,2.7694814905240035,-20.9,0.0,0.0,0.0,nan
7.832789897918701,0.3,0.0,0.0,2.7694814905240035,-20.9,0.0,0.0,0.0,nan
7.832846403121948,0.3,0.0,0.0,2.8,-20.9,0.0,0.0,0.0,nan
7.832902908325195,0.3,0.0,0.0,2.7847407452620017,-20.9,0.0,0.0,0.0,nan
7.8743109703063965,0.3,0.0,0.0,2.7847407452620017,-20.9,0.0,0.0,0.0,nan
7.87446928024292,0.3,0.0,0.0,2.7847407452620017,-20.9,0.0,0.0,0.0,nan
7.874542236328125,0.3,0.0,0.0,2.8,-20.9,0.0,0.0,0.0,nan
7.874609708786011,0.3,0.0,0.0,2.7847407452620017,-20.9,0.0,0.0,0.0,nan
7.8746702671051025,0.3,0.0,0.0,2.8,-20.9,0.0,0.0,0.0,nan
7.926296234130859,0.3,0.0,0.0,2.815259254737998,-20.9,0.0,0.0,0.0,nan
7.926461935043335,0.3,0.0,0.0,2.7694814905240035,-20.9,0.0,0.0,0.0,nan
7.9265406131744385,0.3,0.0,0.0,2.7847407452620017,-20.9,0.0,0.0,0.0,nan
7.926722049713135,0.3,0.0,0.0,2.8,-20.9,0.0,0.0,0.0,nan
7.927272081375122,0.3,0.0,0.0,2.8,-20.9,0.0,0.0,0.0,nan
7.9273293018341064,0.3,0.0,0.0,2.7694814905240035,-20.9,0.0,0.0,0.0,nan
7.968420028686523,0.3,0.0,0.0,2.8,-20.9,0.0,0.0,0.0,nan
7.968577861785889,0.3,0.0,0.0,2.7847407452620017,-20.9,0.0,0.0,0.0,nan
7.968655347824097,0.3,0.0,0.0,2.7694814905240035,-20.9,0.0,0.0,0.0,nan
7.968721866607666,0.3,0.0,0.0,2.8,-20.9,0.0,0.0,0.0,nan
7.968783855438232,0.3,0.0,0.0,2.815259254737998,-20.9,0.0,0.0,0.0,nan
7.968842267990112,0.3,0.0,0.0,2.7847407452620017,-20.9,0.0,0.0,0.0,nan
8.00999903678894,0.3,0.0,0.0,2.7847407452620017,-20.9,0.0,0.0,0.0,nan
8.010168075561523,0.3,0.0,0.0,2.7542222357860053,-20.9,0.0,0.0,0.0,nan
8.010244131088257,0.3,0.0,0.0,2.8,-20.9,0.0,0.0,0.0,nan
8.010305881500244,0.3,0.0,0.0,2.8,-20.9,0.0,0.0,0.0,nan
8.010377645492554,0.3,0.0,0.0,2.7694814905240035,-20.9,0.0,0.0,0.0,nan
8.01043701171875,0.3,0.0,0.0,2.8,-20.9,0.0,0.0,0.0,nan
8.05156135559082,0.3,0.0,0.0,2.7847407452620017,-20.9,0.0,0.0,0.0,nan
8.051715612411499,0.3,0.0,0.0,2.830518509475996,-20.9,0.0,0.0,0.0,nan
8.051791906356812,0.3,0.0,0.0,2.8,-20.9,0.0,0.0,0.0,nan
8.051854848861694,0.3,0.0,0.0,2.8,-20.9,0.0,0.0,0.0,nan
8.0519118309021,0.3,0.0,0.0,2.8,-20.9,0.0,0.0,0.0,nan
8.051967859268188,0.3,0.0,0.0,2.7694814905240035,-20.9,0.0,0.0,0.0,nan
8.09306788444519,0.3,0.0,0.0,2.7847407452620017,-20.9,0.0,0.0,0.0,nan
8.09323239326477,0.3,0.0,0.0,2.7694814905240035,-20.9,0.0,0.0,0.0,nan
8.093316078186035,0.3,0.0,0.0,2.8,-20.9,0.0,0.0,0.0,nan
8.093387365341187,0.3,0.0,0.0,2.7694814905240035,-20.9,0.0,0.0,0.0,nan
8.093453407287598,0.3,0.0,0.0,2.8,-20.9,0.0,0.0,0.0,nan
8.093512535095215,0.3,0.0,0.0,2.7694814905240035,-20.9,0.0,0.0,0.0,nan
8.134953498840332,0.3,0.0,0.0,2.815259254737998,-20.9,0.0,0.0,0.0,nan
8.135080814361572,0.3,0.0,0.0,2.7847407452620017,-20.9,0.0,0.0,0.0,nan
8.135118961334229,0.3,0.0,0.0,2.7847407452620017,-20.9,0.0,0.0,0.0,nan
8.135150909423828,0.3,0.0,0.0,2.7542222357860053,-20.9,0.0,0.0,0.0,nan
8.135180711746216,0.3,0.0,0.0,2.7694814905240035,-20.9,0.0,0.0,0.0,nan
8.13520860671997,0.3,0.0,0.0,2.7847407452620017,-20.9,0.0,0.0,0.0,nan
8.176541566848755,0.3,0.0,0.0,2.8,-20.9,0.0,0.0,0.0,nan
8.176721572875977,0.3,0.0,0.0,2.7847407452620017,-20.9,0.0,0.0,0.0,nan
8.176825523376465,0.3,0.0,0.0,2.7847407452620017,-20.9,0.0,0.0,0.0,nan
8.176898717880249,0.3,0.0,0.0,2.7847407452620017,-20.9,0.0,0.0,0.0,nan
8.177046298980713,0.3,0.0,0.0,2.7847407452620017,-20.9,0.0,0.0,0.0,nan
8.177132844924927,0.3,0.0,0.0,2.8,-20.9,0.0,0.0,0.0,nan
8.22842526435852,0.3,0.0,0.0,2.8,-20.9,0.0,0.0,0.0,nan
8.228578090667725,0.3,0.0,0.0,2.7847407452620017,-20.9,0.0,0.0,0.0,nan
8.228657007217407,0.3,0.0,0.0,2.7694814905240035,-20.9,0.0,0.0,0.0,nan
8.2287278175354,0.3,0.0,0.0,2.815259254737998,-20.9,0.0,0.0,0.0,nan
8.228788614273071,0.3,0.0,0.0,2.7847407452620017,-20.9,0.0,0.0,0.0,nan
8.228846073150635,0.3,0.0,0.0,2.8,-20.9,0.0,0.0,0.0,nan
8.27006483078003,0.3,0.0,0.0,2.8,-20.9,0.0,0.0,0.0,nan
8.270226240158081,0.3,0.0,0.0,2.8,-20.9,0.0,0.0,0.0,nan
8.270298719406128,0.3,0.0,0.0,2.7847407452620017,-20.9,0.0,0.0,0.0,nan
8.270366907119751,0.3,0.0,0.0,2.7847407452620017,-20.9,0.0,0.0,0.0,nan
8.27043628692627,0.3,0.0,0.0,2.815259254737998,-20.9,0.0,0.0,0.0,nan
8.270492315292358,0.3,0.0,0.0,2.815259254737998,-20.9,0.0,0.0,0.0,nan
8.311563730239868,0.3,0.0,0.0,2.8,-20.9,0.0,0.0,0.0,nan
8.311718463897705,0.3,0.0,0.0,2.8,-20.9,0.0,0.0,0.0,nan
8.311791181564331,0.3,0.0,0.0,2.7847407452620017,-20.9,0.0,0.0,0.0,nan
8.311858177185059,0.3,0.0,0.0,2.7542222357860053,-20.9,0.0,0.0,0.0,nan
8.311918258666992,0.3,0.0,0.0,2.8,-20.9,0.0,0.0,0.0,nan
8.311971664428711,0.3,0.0,0.0,2.8,-20.9,0.0,0.0,0.0,nan
8.353178977966309,0.3,0.0,0.0,2.815259254737998,-20.9,0.0,0.0,0.0,nan
8.353334188461304,0.3,0.0,0.0,2.8,-20.9,0.0,0.0,0.0,nan
8.353404521942139,0.3,0.0,0.0,2.7847407452620017,-20.9,0.0,0.0,0.0,nan
8.353468179702759,0.3,0.0,0.0,2.8,-20.9,0.0,0.0,0.0,nan
8.35352611541748,0.3,0.0,0.0,2.8,-20.9,0.0,0.0,0.0,nan
8.394577503204346,0.3,0.0,0.0,2.8,-20.9,0.0,0.0,0.0,nan
8.394736528396606,0.3,0.0,0.0,2.8,-20.9,0.0,0.0,0.0,nan
8.394809484481812,0.3,0.0,0.0,2.7847407452620017,-20.9,0.0,0.0,0.0,nan
8.39488172531128,0.3,0.0,0.0,2.830518509475996,-20.9,0.0,0.0,0.0,nan
8.39494276046753,0.3,0.0,0.0,2.7847407452620017,-20.9,0.0,0.0,0.0,nan
8.39500093460083,0.3,0.0,0.0,2.7847407452620017,-20.9,0.0,0.0,0.0,nan
8.436021327972412,0.3,0.0,0.0,2.815259254737998,-20.9,0.0,0.0,0.0,nan
8.4361732006073,0.3,0.0,0.0,2.7847407452620017,-20.9,0.0,0.0,0.0,nan
8.436241865158081,0.3,0.0,0.0,2.7847407452620017,-20.9,0.0,0.0,0.0,nan
8.436302423477173,0.3,0.0,0.0,2.7847407452620017,-20.9,0.0,0.0,0.0,nan
8.43636441230774,0.3,0.0,0.0,2.8,-20.9,0.0,0.0,0.0,nan
8.436421394348145,0.3,0.0,0.0,2.7847407452620017,-20.9,0.0,0.0,0.0,nan
8.47756290435791,0.3,0.0,0.0,2.7847407452620017,-20.9,0.0,0.0,0.0,nan
8.477723836898804,0.3,0.0,0.0,2.8,-20.9,0.0,0.0,0.0,nan
8.477795839309692,0.3,0.0,0.0,2.7694814905240035,-20.9,0.0,0.0,0.0,nan
8.477861404418945,0.3,0.0,0.0,2.7847407452620017,-20.9,0.0,0.0,0.0,nan
8.477923393249512,0.3,0.0,0.0,2.7694814905240035,-20.9,0.0,0.0,0.0,nan
8.477981567382812,0.3,0.0,0.0,2.8,-20.9,0.0,0.0,0.0,nan
8.529210567474365,0.3,0.0,0.0,2.7847407452620017,-20.9,0.0,0.0,0.0,nan
8.529367923736572,0.3,0.0,0.0,2.815259254737998,-20.9,0.0,0.0,0.0,nan
8.529440879821777,0.3,0.0,0.0,2.8,-20.9,0.0,0.0,0.0,nan
8.529504299163818,0.3,0.0,0.0,2.7847407452620017,-20.9,0.0,0.0,0.0,nan
8.529566764831543,0.3,0.0,0.0,2.8,-20.9,0.0,0.0,0.0,nan
8.529625654220581,0.3,0.0,0.0,2.815259254737998,-20.9,0.0,0.0,0.0,nan
8.57097339630127,0.3,0.0,0.0,2.815259254737998,-20.9,0.0,0.0,0.0,nan
8.571128845214844,0.3,0.0,0.0,2.7694814905240035,-20.9,0.0,0.0,0.0,nan
8.571203708648682,0.3,0.0,0.0,2.8,-20.9,0.0,0.0,0.0,nan
8.5712730884552,0.3,0.0,0.0,2.7847407452620017,-20.9,0.0,0.0,0.0,nan
8.571341037750244,0.3,0.0,0.0,2.815259254737998,-20.9,0.0,0.0,0.0,nan
8.571399450302124,0.3,0.0,0.0,2.7694814905240035,-20.9,0.0,0.0,0.0,nan
8.612292766571045,0.3,0.0,0.0,2.7847407452620017,-20.9,0.0,0.0,0.0,nan
8.612444877624512,0.3,0.0,0.0,2.7694814905240035,-20.9,0.0,0.0,0.0,nan
8.612524271011353,0.3,0.0,0.0,2.7847407452620017,-20.9,0.0,0.0,0.0,nan
8.612587213516235,0.3,0.0,0.0,2.7847407452620017,-20.9,0.0,0.0,0.0,nan
8.612675189971924,0.3,0.0,0.0,2.8,-20.9,0.0,0.0,0.0,nan
8.612738370895386,0.3,0.0,0.0,2.8,-20.9,0.0,0.0,0.0,nan
8.653759002685547,0.3,0.0,0.0,2.8,-20.9,0.0,0.0,0.0,nan
8.653917074203491,0.3,0.0,0.0,2.7847407452620017,-20.9,0.0,0.0,0.0,nan
8.653998136520386,0.3,0.0,0.0,2.7847407452620017,-20.9,0.0,0.0,0.0,nan
8.654066324234009,0.3,0.0,0.0,2.7694814905240035,-20.9,0.0,0.0,0.0,nan
8.654130458831787,0.3,0.0,0.0,2.7694814905240035,-20.9,0.0,0.0,0.0,nan
8.654184341430664,0.3,0.0,0.0,2.8,-20.9,0.0,0.0,0.0,nan
8.695347547531128,0.3,0.0,0.0,2.7847407452620017,-20.9,0.0,0.0,0.0,nan
8.695504426956177,0.3,0.0,0.0,2.8,-20.9,0.0,0.0,0.0,nan
8.69558072090149,0.3,0.0,0.0,2.7847407452620017,-20.9,0.0,0.0,0.0,nan
8.695645093917847,0.3,0.0,0.0,2.7847407452620017,-20.9,0.0,0.0,0.0,nan
8.695709705352783,0.3,0.0,0.0,2.7847407452620017,-20.9,0.0,0.0,0.0,nan
8.695768356323242,0.3,0.0,0.0,2.8,-20.9,0.0,0.0,0.0,nan
8.73710560798645,0.3,0.0,0.0,2.7694814905240035,-20.9,0.0,0.0,0.0,nan
8.73725962638855,0.3,0.0,0.0,2.815259254737998,-20.9,0.0,0.0,0.0,nan
8.73733639717102,0.3,0.0,0.0,2.8,-20.9,0.0,0.0,0.0,nan
8.73740005493164,0.3,0.0,0.0,2.8,-20.9,0.0,0.0,0.0,nan
8.737461566925049,0.3,0.0,0.0,2.7694814905240035,-20.9,0.0,0.0,0.0,nan
8.737520217895508,0.3,0.0,0.0,2.8,-20.9,0.0,0.0,0.0,nan
8.77857232093811,0.3,0.0,0.0,2.7694814905240035,-20.9,0.0,0.0,0.0,nan
8.778724431991577,0.3,0.0,0.0,2.7694814905240035,-20.9,0.0,0.0,0.0,nan
8.77880072593689,0.3,0.0,0.0,2.8,-20.9,0.0,0.0,0.0,nan
8.778863668441772,0.3,0.0,0.0,2.8,-20.9,0.0,0.0,0.0,nan
8.778925657272339,0.3,0.0,0.0,2.8,-20.9,0.0,0.0,0.0,nan
8.83012843132019,0.3,0.0,0.0,2.8,-20.9,0.0,0.0,0.0,nan
8.830286502838135,0.3,0.0,0.0,2.815259254737998,-20.9,0.0,0.0,0.0,nan
8.830369472503662,0.3,0.0,0.0,2.815259254737998,-20.9,0.0,0.0,0.0,nan
8.830445289611816,0.3,0.0,0.0,2.815259254737998,-20.9,0.0,0.0,0.0,nan
8.830720901489258,0.3,0.0,0.0,2.7847407452620017,-20.9,0.0,0.0,0.0,nan
8.83080530166626,0.3,0.0,0.0,2.8,-20.9,0.0,0.0,0.0,nan
8.87188172340393,0.3,0.0,0.0,2.7847407452620017,-20.9,0.0,0.0,0.0,nan
8.872039079666138,0.3,0.0,0.0,2.8,-20.9,0.0,0.0,0.0,nan
8.87212085723877,0.3,0.0,0.0,2.7847407452620017,-20.9,0.0,0.0,0.0,nan
8.872182846069336,0.3,0.0,0.0,2.8,-20.9,0.0,0.0,0.0,nan
8.872238874435425,0.3,0.0,0.0,2.8,-20.9,0.0,0.0,0.0,nan
8.872298240661621,0.3,0.0,0.0,2.8,-20.9,0.0,0.0,0.0,nan
8.913403749465942,0.3,0.0,0.0,2.815259254737998,-20.9,0.0,0.0,0.0,nan
8.913568019866943,0.3,0.0,0.0,2.8,-20.9,0.0,0.0,0.0,nan
8.913649320602417,0.3,0.0,0.0,2.7542222357860053,-20.9,0.0,0.0,0.0,nan
8.913708925247192,0.3,0.0,0.0,2.815259254737998,-20.9,0.0,0.0,0.0,nan
8.913766145706177,0.3,0.0,0.0,2.8,-20.9,0.0,0.0,0.0,nan
8.913818120956421,0.3,0.0,0.0,2.8,-20.9,0.0,0.0,0.0,nan
8.954976797103882,0.3,0.0,0.0,2.8,-20.9,0.0,0.0,0.0,nan
8.955138206481934,0.3,0.0,0.0,2.8,-20.9,0.0,0.0,0.0,nan
8.95521855354309,0.3,0.0,0.0,2.815259254737998,-20.9,0.0,0.0,0.0,nan
8.955282211303711,0.3,0.0,0.0,2.815259254737998,-20.9,0.0,0.0,0.0,nan
8.955342769622803,0.3,0.0,0.0,2.7694814905240035,-20.9,0.0,0.0,0.0,nan
8.955400466918945,0.3,0.0,0.0,2.7847407452620017,-20.9,0.0,0.0,0.0,nan
8.996383428573608,0.3,0.0,0.0,2.8,-20.9,0.0,0.0,0.0,nan
8.996538162231445,0.3,0.0,0.0,2.8,-20.9,0.0,0.0,0.0,nan
8.996610641479492,0.3,0.0,0.0,2.7847407452620017,-20.9,0.0,0.0,0.0,nan
8.996676683425903,0.3,0.0,0.0,2.8,-20.9,0.0,0.0,0.0,nan
8.996736764907837,0.3,0.0,0.0,2.815259254737998,-20.9,0.0,0.0,0.0,nan
8.996793270111084,0.3,0.0,0.0,2.8,-20.9,0.0,0.0,0.0,nan
9.03788447380066,0.3,0.0,0.0,2.7847407452620017,-20.9,0.0,0.0,0.0,nan
9.038042306900024,0.3,0.0,0.0,2.7847407452620017,-20.9,0.0,0.0,0.0,nan
9.038118600845337,0.3,0.0,0.0,2.7694814905240035,-20.9,0.0,0.0,0.0,nan
9.038184881210327,0.3,0.0,0.0,2.7847407452620017,-20.9,0.0,0.0,0.0,nan
9.038245439529419,0.3,0.0,0.0,2.7847407452620017,-20.9,0.0,0.0,0.0,nan
9.03830623626709,0.3,0.0,0.0,2.8,-20.9,0.0,0.0,0.0,nan
9.089473724365234,0.3,0.0,0.0,2.7694814905240035,-20.9,0.0,0.0,0.0,nan
9.089577198028564,0.3,0.0,0.0,2.815259254737998,-20.9,0.0,0.0,0.0,nan
9.089613437652588,0.3,0.0,0.0,2.8,-20.9,0.0,0.0,0.0,nan
9.089646100997925,0.3,0.0,0.0,2.8,-20.9,0.0,0.0,0.0,nan
9.0896737575531,0.3,0.0,0.0,2.7847407452620017,-20.9,0.0,0.0,0.0,nan
9.089698314666748,0.3,0.0,0.0,2.7694814905240035,-20.9,0.0,0.0,0.0,nan
9.130803108215332,0.3,0.0,0.0,2.815259254737998,-20.9,0.0,0.0,0.0,nan
9.130960464477539,0.3,0.0,0.0,2.8,-20.9,0.0,0.0,0.0,nan
9.131036758422852,0.3,0.0,0.0,2.7847407452620017,-20.9,0.0,0.0,0.0,nan
9.131102800369263,0.3,0.0,0.0,2.8,-20.9,0.0,0.0,0.0,nan
9.131160497665405,0.3,0.0,0.0,2.815259254737998,-20.9,0.0,0.0,0.0,nan
9.131215572357178,0.3,0.0,0.0,2.7847407452620017,-20.9,0.0,0.0,0.0,nan
9.172430038452148,0.3,0.0,0.0,2.8,-20.9,0.0,0.0,0.0,nan
9.172587394714355,0.3,0.0,0.0,2.815259254737998,-20.9,0.0,0.0,0.0,nan
9.17266297340393,0.3,0.0,0.0,2.7694814905240035,-20.9,0.0,0.0,0.0,nan
9.172728300094604,0.3,0.0,0.0,2.8,-20.9,0.0,0.0,0.0,nan
9.1727876663208,0.3,0.0,0.0,2.7847407452620017,-20.9,0.0,0.0,0.0,nan
9.172842025756836,0.3,0.0,0.0,2.815259254737998,-20.9,0.0,0.0,0.0,nan
9.214140176773071,0.3,0.0,0.0,2.7847407452620017,-20.9,0.0,0.0,0.0,nan
9.214303493499756,0.3,0.0,0.0,2.7847407452620017,-20.9,0.0,0.0,0.0,nan
9.214379787445068,0.3,0.0,0.0,2.8,-20.9,0.0,0.0,0.0,nan
9.214441776275635,0.3,0.0,0.0,2.8,-20.9,0.0,0.0,0.0,nan
9.214498281478882,0.3,0.0,0.0,2.7847407452620017,-20.9,0.0,0.0,0.0,nan
9.214552402496338,0.3,0.0,0.0,2.8,-20.9,0.0,0.0,0.0,nan
9.25566840171814,0.3,0.0,0.0,2.7847407452620017,-20.9,0.0,0.0,0.0,nan
9.2557692527771,0.3,0.0,0.0,2.7694814905240035,-20.9,0.0,0.0,0.0,nan
9.255802869796753,0.3,0.0,0.0,2.8,-20.9,0.0,0.0,0.0,nan
9.255834579467773,0.3,0.0,0.0,2.7847407452620017,-20.9,0.0,0.0,0.0,nan
9.255864381790161,0.3,0.0,0.0,2.7847407452620017,-20.9,0.0,0.0,0.0,nan
9.297020673751831,0.3,0.0,0.0,2.8,-20.9,0.0,0.0,0.0,nan
9.297181606292725,0.3,0.0,0.0,2.7847407452620017,-20.9,0.0,0.0,0.0,nan
9.297259092330933,0.3,0.0,0.0,2.7542222357860053,-20.9,0.0,0.0,0.0,nan
9.297327756881714,0.3,0.0,0.0,2.7847407452620017,-20.9,0.0,0.0,0.0,nan
9.297391176223755,0.3,0.0,0.0,2.7694814905240035,-20.9,0.0,0.0,0.0,nan
9.297449111938477,0.3,0.0,0.0,2.7694814905240035,-20.9,0.0,0.0,0.0,nan
9.33864712715149,0.3,0.0,0.0,2.7694814905240035,-21.08,0.0,0.0,0.0,nan
9.33877158164978,0.3,0.0,0.0,2.7847407452620017,-21.08,0.0,0.0,0.0,nan
9.338818550109863,0.3,0.0,0.0,2.8,-21.08,0.0,0.0,0.0,nan
9.33886170387268,0.3,0.0,0.0,2.815259254737998,-21.08,0.0,0.0,0.0,nan
9.33890175819397,0.3,0.0,0.0,2.7847407452620017,-21.08,0.0,0.0,0.0,nan
9.338932037353516,0.3,0.0,0.0,2.8,-21.08,0.0,0.0,0.0,nan
9.390042304992676,0.3,0.0,0.0,2.8,-21.08,0.0,0.0,0.0,nan
9.39014744758606,0.3,0.0,0.0,2.7847407452620017,-21.08,0.0,0.0,0.0,nan
9.390179872512817,0.3,0.0,0.0,2.8,-21.08,0.0,0.0,0.0,nan
9.390214681625366,0.3,0.0,0.0,2.8,-21.08,0.0,0.0,0.0,nan
9.390242099761963,0.3,0.0,0.0,2.8,-21.08,0.0,0.0,0.0,nan
9.390268087387085,0.3,0.0,0.0,2.7847407452620017,-21.08,0.0,0.0,0.0,nan
9.431539058685303,0.3,0.0,0.0,2.7694814905240035,-21.08,0.0,0.0,0.0,nan
9.43170690536499,0.3,0.0,0.0,2.8,-21.08,0.0,0.0,0.0,nan
9.431782484054565,0.3,0.0,0.0,2.7847407452620017,-21.08,0.0,0.0,0.0,nan
9.431850671768188,0.3,0.0,0.0,2.8,-21.26,0.0,0.0,0.0,nan
9.431914567947388,0.3,0.0,0.0,2.8,-21.26,0.0,0.0,0.0,nan
9.43196988105774,0.3,0.0,0.0,2.7847407452620017,-21.26,0.0,0.0,0.0,nan
9.473155736923218,0.3,0.0,0.0,2.815259254737998,-21.26,0.0,0.0,0.0,nan
9.473324298858643,0.3,0.0,0.0,2.7847407452620017,-21.44,0.0,0.0,0.0,nan
9.473397254943848,0.3,0.0,0.0,2.7847407452620017,-21.44,0.0,0.0,0.0,nan
9.473445415496826,0.3,0.0,0.0,2.8,-21.44,0.0,0.0,0.0,nan
9.473496198654175,0.3,0.0,0.0,2.7694814905240035,-21.62,0.0,0.0,0.0,nan
9.473528146743774,0.3,0.0,0.0,2.8,-21.62,0.0,0.0,0.0,nan
9.51471471786499,0.3,0.0,0.0,2.8,-21.62,0.0,0.0,0.0,nan
9.514875411987305,0.3,0.0,0.0,2.8,-21.62,0.0,0.0,0.0,nan
9.51494836807251,0.3,0.0,0.0,2.7847407452620017,-21.62,0.0,0.0,0.0,nan
9.51502013206482,0.3,0.0,0.0,2.7847407452620017,-21.62,0.0,0.0,0.0,nan
9.515082597732544,0.3,0.0,0.0,2.8,-21.62,0.0,0.0,0.0,nan
9.515138149261475,0.3,0.0,0.0,2.815259254737998,-21.62,0.0,0.0,0.0,nan
9.556108236312866,0.3,0.0,0.0,2.8,-21.62,0.0,0.0,0.0,nan
9.556208372116089,0.3,0.0,0.0,2.7847407452620017,-21.62,0.0,0.0,0.0,nan
9.5562424659729,0.3,0.0,0.0,2.8,-21.62,0.0,0.0,0.0,nan
9.556276321411133,0.3,0.0,0.0,2.7847407452620017,-21.8,0.0,0.0,0.0,nan
9.556307315826416,0.3,0.0,0.0,2.7847407452620017,-21.8,0.0,0.0,0.0,nan
9.556334257125854,0.3,0.0,0.0,2.7847407452620017,-21.8,0.0,0.0,0.0,nan
9.59739899635315,0.3,0.0,0.0,2.7847407452620017,-21.8,0.0,0.0,0.0,nan
9.597550630569458,0.3,0.0,0.0,2.7847407452620017,-21.98,0.0,0.0,0.0,nan
9.597625494003296,0.3,0.0,0.0,2.8,-21.98,0.0,0.0,0.0,nan
9.59768795967102,0.3,0.0,0.0,2.7694814905240035,-21.98,0.0,0.0,0.0,nan
9.597747325897217,0.3,0.0,0.0,2.7847407452620017,-21.98,0.0,0.0,0.0,nan
9.59781002998352,0.3,0.0,0.0,2.815259254737998,-22.16,0.0,0.0,0.0,nan
9.639472723007202,0.3,0.0,0.0,2.8,-22.16,0.0,0.0,0.0,nan
9.639591455459595,0.3,0.0,0.0,2.7694814905240035,-22.16,0.0,0.0,0.0,nan
9.639631986618042,0.3,0.0,0.0,2.7847407452620017,-22.34,0.0,0.0,0.0,nan
9.639665603637695,0.3,0.0,0.0,2.8,-22.34,0.0,0.0,0.0,nan
9.639692544937134,0.3,0.0,0.0,2.7694814905240035,-22.52,0.0,0.0,0.0,nan
9.63977599143982,0.3,0.0,0.0,2.7694814905240035,-22.52,0.0,0.0,0.0,nan
9.691011667251587,0.3,0.0,0.0,2.815259254737998,-22.52,0.0,0.0,0.0,nan
9.691163778305054,0.3,0.0,0.0,2.8,-22.7,0.0,0.0,0.0,nan
9.6912362575531,0.3,0.0,0.0,2.7694814905240035,-22.7,0.0,0.0,0.0,nan
9.691298961639404,0.3,0.0,0.0,2.7847407452620017,-22.88,0.0,0.0,0.0,nan
9.691359043121338,0.3,0.0,0.0,2.8,-22.88,0.0,0.0,0.0,nan
9.732319593429565,0.3,0.0,0.0,2.8,-23.06,0.0,0.0,0.0,nan
9.732479572296143,0.3,0.0,0.0,2.830518509475996,-23.06,0.0,0.0,0.0,nan
9.732564210891724,0.3,0.0,0.0,2.7694814905240035,-23.24,0.0,0.0,0.0,nan
9.732850551605225,0.3,0.0,0.0,2.7847407452620017,-23.24,0.0,0.0,0.0,nan
9.732932090759277,0.3,0.0,0.0,2.815259254737998,-23.42,0.0,0.0,0.0,nan
9.733038663864136,0.3,0.0,0.0,2.7847407452620017,-23.42,0.0,0.0,0.0,nan
9.774045944213867,0.3,0.0,0.0,2.8,-23.42,0.0,0.0,0.0,nan
9.77415680885315,0.3,0.0,0.0,2.7847407452620017,-23.6,0.0,0.0,0.0,nan
9.774198532104492,0.3,0.0,0.0,2.7847407452620017,-23.6,0.0,0.0,0.0,nan
9.7742280960083,0.3,0.0,0.0,2.7847407452620017,-23.78,0.0,0.0,0.0,nan
9.774258852005005,0.3,0.0,0.0,2.7847407452620017,-23.78,0.0,0.0,0.0,nan
9.774290800094604,0.3,0.0,0.0,2.7694814905240035,-23.96,0.0,0.0,0.0,nan
9.815444946289062,0.3,0.0,0.0,2.8,-23.96,0.0,0.0,0.0,nan
9.815605878829956,0.3,0.0,0.0,2.8,-24.14,0.0,0.0,0.0,nan
9.815680265426636,0.3,0.0,0.0,2.7847407452620017,-24.14,0.0,0.0,0.0,nan
9.815744638442993,0.3,0.0,0.0,2.815259254737998,-24.14,0.0,0.0,0.0,nan
9.81580662727356,0.3,0.0,0.0,2.7847407452620017,-24.32,0.0,0.0,0.0,nan
9.815865755081177,0.3,0.0,0.0,2.8,-24.32,0.0,0.0,0.0,nan
9.856857538223267,0.3,0.0,0.0,2.815259254737998,-24.32,0.0,0.0,0.0,nan
9.856984615325928,0.3,0.0,0.0,2.7694814905240035,-24.5,0.0,0.0,0.0,nan
9.857025146484375,0.3,0.0,0.0,2.8,-24.5,0.0,0.0,0.0,nan
9.857056617736816,0.3,0.0,0.0,2.7694814905240035,-24.68,0.0,0.0,0.0,nan
9.857116460800171,0.3,0.0,0.0,2.8,-24.68,0.0,0.0,0.0,nan
9.857170581817627,0.3,0.0,0.0,2.8,-24.68,0.0,0.0,0.0,nan
9.898102521896362,0.3,0.0,0.0,2.7847407452620017,-24.86,0.0,0.0,0.0,nan
9.898253917694092,0.3,0.0,0.0,2.7847407452620017,-24.86,0.0,0.0,0.0,nan
9.898324012756348,0.3,0.0,0.0,2.8,-24.86,0.0,0.0,0.0,nan
9.89838457107544,0.3,0.0,0.0,2.7847407452620017,-24.86,0.0,0.0,0.0,nan
9.89844536781311,0.3,0.0,0.0,2.830518509475996,-25.04,0.0,0.0,0.0,nan
9.898499965667725,0.3,0.0,0.0,2.8,-25.04,0.0,0.0,0.0,nan
9.949830770492554,0.3,0.0,0.0,2.7847407452620017,-25.04,0.0,0.0,0.0,nan
9.949990034103394,0.3,0.0,0.0,2.7847407452620017,-25.04,0.0,0.0,0.0,nan
9.950066566467285,0.3,0.0,0.0,2.7847407452620017,-25.22,0.0,0.0,0.0,nan
9.950131177902222,0.3,0.0,0.0,2.7694814905240035,-25.22,0.0,0.0,0.0,nan
9.950189113616943,0.3,0.0,0.0,2.815259254737998,-25.22,0.0,0.0,0.0,nan
9.950243949890137,0.3,0.0,0.0,2.7694814905240035,-25.4,0.0,0.0,0.0,nan
9.991265058517456,0.3,0.0,0.0,2.7542222357860053,-25.4,0.0,0.0,0.0,nan
9.99143123626709,0.3,0.0,0.0,2.7847407452620017,-25.4,0.0,0.0,0.0,nan
9.991506814956665,0.3,0.0,0.0,2.8,-25.4,0.0,0.0,0.0,nan
9.99156904220581,0.3,0.0,0.0,2.7847407452620017,-25.58,0.0,0.0,0.0,nan
9.991630792617798,0.3,0.0,0.0,2.8,-25.58,0.0,0.0,0.0,nan
9.991735935211182,0.3,0.0,0.0,2.8,-25.58,0.0,0.0,0.0,nan
10.032773971557617,0.3,0.0,0.0,2.8,-25.58,0.0,0.0,0.0,nan
10.032922744750977,0.3,0.0,0.0,2.815259254737998,-25.759999999999998,0.0,0.0,0.0,nan
10.033038854598999,0.3,0.0,0.0,2.7694814905240035,-25.759999999999998,0.0,0.0,0.0,nan
10.03311014175415,0.3,0.0,0.0,2.7847407452620017,-25.759999999999998,0.0,0.0,0.0,nan
10.033177375793457,0.3,0.0,0.0,2.8,-25.759999999999998,0.0,0.0,0.0,nan
10.033235788345337,0.3,0.0,0.0,2.8,-25.939999999999998,0.0,0.0,0.0,nan
10.07447075843811,0.3,0.0,0.0,2.8,-25.939999999999998,0.0,0.0,0.0,nan
10.074634790420532,0.3,0.0,0.0,2.7847407452620017,-26.12,0.0,0.0,0.0,nan
10.07472038269043,0.3,0.0,0.0,2.815259254737998,-26.12,0.0,0.0,0.0,nan
10.074788808822632,0.3,0.0,0.0,2.8,-26.3,0.0,0.0,0.0,nan
10.074850082397461,0.3,0.0,0.0,2.815259254737998,-26.3,0.0,0.0,0.0,nan
10.074905157089233,0.3,0.0,0.0,2.815259254737998,-26.48,0.0,0.0,0.0,nan
10.11616563796997,0.3,0.0,0.0,2.7694814905240035,-26.48,0.0,0.0,0.0,nan
10.116336822509766,0.3,0.0,0.0,2.8,-26.66,0.0,0.0,0.0,nan
10.116416692733765,0.3,0.0,0.0,2.8,-26.84,0.0,0.0,0.0,nan
10.116481304168701,0.3,0.0,0.0,2.7694814905240035,-26.84,0.0,0.0,0.0,nan
10.116544961929321,0.3,0.0,0.0,2.815259254737998,-27.02,0.0,0.0,0.0,nan
10.116604089736938,0.3,0.0,0.0,2.7847407452620017,-27.2,0.0,0.0,0.0,nan
10.157671928405762,0.3,0.0,0.0,2.8,-27.38,0.0,0.0,0.0,nan
10.157824516296387,0.3,0.0,0.0,2.7847407452620017,-27.38,0.0,0.0,0.0,nan
10.157899618148804,0.3,0.0,0.0,2.7847407452620017,-27.56,0.0,0.0,0.0,nan
10.157965421676636,0.3,0.0,0.0,2.7847407452620017,-27.74,0.0,0.0,0.0,nan
10.1580331325531,0.3,0.0,0.0,2.8,-27.92,0.0,0.0,0.0,nan
10.199014902114868,0.3,0.0,0.0,2.7847407452620017,-27.92,0.0,0.0,0.0,nan
10.19916820526123,0.3,0.0,0.0,2.8,-28.1,0.0,0.0,0.0,nan
10.199243783950806,0.3,0.0,0.0,2.8,-28.1,0.0,0.0,0.0,nan
10.19931697845459,0.3,0.0,0.0,2.7847407452620017,-28.28,0.0,0.0,0.0,nan
10.199382543563843,0.3,0.0,0.0,2.8,-28.46,0.0,0.0,0.0,nan
10.199435949325562,0.3,0.0,0.0,2.8,-28.46,0.0,0.0,0.0,nan
10.250706434249878,0.3,0.0,0.0,2.7694814905240035,-28.64,0.0,0.0,0.0,nan
10.250871419906616,0.3,0.0,0.0,2.8,-28.82,0.0,0.0,0.0,nan
10.250944375991821,0.3,0.0,0.0,2.7694814905240035,-28.82,0.0,0.0,0.0,nan
10.251239776611328,0.3,0.0,0.0,2.7694814905240035,-29.0,0.0,0.0,0.0,nan
10.251335620880127,0.3,0.0,0.0,2.7847407452620017,-29.18,0.0,0.0,0.0,nan
10.251410007476807,0.3,0.0,0.0,2.8,-29.18,0.0,0.0,0.0,nan
10.29249882698059,0.3,0.0,0.0,2.8,-29.36,0.0,0.0,0.0,nan
10.29265308380127,0.3,0.0,0.0,2.7847407452620017,-29.36,0.0,0.0,0.0,nan
10.292736053466797,0.3,0.0,0.0,2.7847407452620017,-29.54,0.0,0.0,0.0,nan
10.292803525924683,0.3,0.0,0.0,2.8,-29.72,0.0,0.0,0.0,nan
10.292863130569458,0.3,0.0,0.0,2.8,-29.72,0.0,0.0,0.0,nan
10.292916536331177,0.3,0.0,0.0,2.7694814905240035,-29.9,0.0,0.0,0.0,nan
10.334035158157349,0.3,0.0,0.0,2.8,-29.9,0.0,0.0,0.0,nan
10.33418869972229,0.3,0.0,0.0,2.8,-30.08,0.0,0.0,0.0,nan
10.334264278411865,0.3,0.0,0.0,2.7847407452620017,-30.08,0.0,0.0,0.0,nan
10.33432936668396,0.3,0.0,0.0,2.8,-30.259999999999998,0.0,0.0,0.0,nan
10.334454774856567,0.3,0.0,0.0,2.8,-30.259999999999998,0.0,0.0,0.0,nan
10.334646224975586,0.3,0.0,0.0,2.8,-30.439999999999998,0.0,0.0,0.0,nan
10.375819206237793,0.3,0.0,0.0,2.815259254737998,-30.439999999999998,0.0,0.0,0.0,nan
10.375980138778687,0.3,0.0,0.0,2.7847407452620017,-30.619999999999997,0.0,0.0,0.0,nan
10.376055240631104,0.3,0.0,0.0,2.815259254737998,-30.619999999999997,0.0,0.0,0.0,nan
10.376121520996094,0.3,0.0,0.0,2.7694814905240035,-30.799999999999997,0.0,0.0,0.0,nan
10.376187562942505,0.3,0.0,0.0,2.7847407452620017,-30.799999999999997,0.0,0.0,0.0,nan
10.376245498657227,0.3,0.0,0.0,2.8,-30.799999999999997,0.0,0.0,0.0,nan
10.417299509048462,0.3,0.0,0.0,2.7847407452620017,-30.98,0.0,0.0,0.0,nan
10.417418956756592,0.3,0.0,0.0,2.8,-30.98,0.0,0.0,0.0,nan
10.417469024658203,0.3,0.0,0.0,2.8,-31.16,0.0,0.0,0.0,nan
10.417510032653809,0.3,0.0,0.0,2.7694814905240035,-31.16,0.0,0.0,0.0,nan
10.417545318603516,0.3,0.0,0.0,2.8,-31.16,0.0,0.0,0.0,nan
10.417585611343384,0.3,0.0,0.0,2.815259254737998,-31.34,0.0,0.0,0.0,nan
10.458754062652588,0.3,0.0,0.0,2.8,-31.34,0.0,0.0,0.0,nan
10.45889663696289,0.3,0.0,0.0,2.7847407452620017,-31.34,0.0,0.0,0.0,nan
10.458953619003296,0.3,0.0,0.0,2.7847407452620017,-31.52,0.0,0.0,0.0,nan
10.459003210067749,0.3,0.0,0.0,2.8,-31.52,0.0,0.0,0.0,nan
10.459045171737671,0.3,0.0,0.0,2.8,-31.52,0.0,0.0,0.0,nan
10.459083795547485,0.3,0.0,0.0,2.8,-31.7,0.0,0.0,0.0,nan
10.500259160995483,0.3,0.0,0.0,2.7847407452620017,-31.7,0.0,0.0,0.0,nan
10.500383853912354,0.3,0.0,0.0,2.815259254737998,-31.88,0.0,0.0,0.0,nan
10.500422477722168,0.3,0.0,0.0,2.7847407452620017,-31.88,0.0,0.0,0.0,nan
10.500892400741577,0.3,0.0,0.0,2.7847407452620017,-31.88,0.0,0.0,0.0,nan
10.501010179519653,0.3,0.0,0.0,2.7847407452620017,-32.06,0.0,0.0,0.0,nan
10.501047372817993,0.3,0.0,0.0,2.815259254737998,-32.06,0.0,0.0,0.0,nan
10.552563667297363,0.3,0.0,0.0,2.8,-32.24,0.0,0.0,0.0,nan
10.552682161331177,0.3,0.0,0.0,2.7847407452620017,-32.24,0.0,0.0,0.0,nan
10.552719116210938,0.3,0.0,0.0,2.7847407452620017,-32.24,0.0,0.0,0.0,nan
10.5527503490448,0.3,0.0,0.0,2.815259254737998,-32.42,0.0,0.0,0.0,nan
10.552778005599976,0.3,0.0,0.0,2.815259254737998,-32.6,0.0,0.0,0.0,nan
10.552801370620728,0.3,0.0,0.0,2.7694814905240035,-32.6,0.0,0.0,0.0,nan
10.593882322311401,0.3,0.0,0.0,2.8,-32.78,0.0,0.0,0.0,nan
10.593991994857788,0.3,0.0,0.0,2.815259254737998,-32.96,0.0,0.0,0.0,nan
10.594193458557129,0.3,0.0,0.0,2.8,-32.96,0.0,0.0,0.0,nan
10.594242811203003,0.3,0.0,0.0,2.815259254737998,-33.14,0.0,0.0,0.0,nan
10.594275712966919,0.3,0.0,0.0,2.7694814905240035,-33.32,0.0,0.0,0.0,nan
10.635378360748291,0.3,0.0,0.0,2.815259254737998,-33.5,0.0,0.0,0.0,nan
10.635494947433472,0.3,0.0,0.0,2.7847407452620017,-33.5,0.0,0.0,0.0,nan
10.635535478591919,0.3,0.0,0.0,2.815259254737998,-33.68,0.0,0.0,0.0,nan
10.63556981086731,0.3,0.0,0.0,2.8,-33.86,0.0,0.0,0.0,nan
10.635602951049805,0.3,0.0,0.0,2.7694814905240035,-34.04,0.0,0.0,0.0,nan
10.635642290115356,0.3,0.0,0.0,2.8,-34.22,0.0,0.0,0.0,nan
10.676782846450806,0.3,0.0,0.0,2.815259254737998,-34.4,0.0,0.0,0.0,nan
10.676986932754517,0.3,0.0,0.0,2.8,-34.4,0.0,0.0,0.0,nan
10.67706823348999,0.3,0.0,0.0,2.8,-34.58,0.0,0.0,0.0,nan
10.677124977111816,0.3,0.0,0.0,2.7847407452620017,-34.76,0.0,0.0,0.0,nan
10.677188873291016,0.3,0.0,0.0,2.7847407452620017,-34.94,0.0,0.0,0.0,nan
10.677246570587158,0.3,0.0,0.0,2.8,-34.94,0.0,0.0,0.0,nan
10.71836519241333,0.3,0.0,0.0,2.7694814905240035,-35.12,0.0,0.0,0.0,nan
10.718534469604492,0.3,0.0,0.0,2.815259254737998,-35.3,0.0,0.0,0.0,nan
10.718618631362915,0.3,0.0,0.0,2.8,-35.48,0.0,0.0,0.0,nan
10.718682050704956,0.3,0.0,0.0,2.7694814905240035,-35.48,0.0,0.0,0.0,nan
10.718750953674316,0.3,0.0,0.0,2.8,-35.66,0.0,0.0,0.0,nan
10.718810558319092,0.3,0.0,0.0,2.8,-35.84,0.0,0.0,0.0,nan
10.760083436965942,0.3,0.0,0.0,2.8,-35.84,0.0,0.0,0.0,nan
10.760242462158203,0.3,0.0,0.0,2.8,-36.019999999999996,0.0,0.0,0.0,nan
10.76032280921936,0.3,0.0,0.0,2.7847407452620017,-36.2,0.0,0.0,0.0,nan
10.760391473770142,0.3,0.0,0.0,2.7847407452620017,-36.379999999999995,0.0,0.0,0.0,nan
10.76046109199524,0.3,0.0,0.0,2.8,-36.379999999999995,0.0,0.0,0.0,nan
10.760519742965698,0.3,0.0,0.0,2.7847407452620017,-36.56,0.0,0.0,0.0,nan
10.801682233810425,0.3,0.0,0.0,2.7847407452620017,-36.739999999999995,0.0,0.0,0.0,nan
10.801846265792847,0.3,0.0,0.0,2.815259254737998,-36.92,0.0,0.0,0.0,nan
10.801928281784058,0.3,0.0,0.0,2.8,-36.92,0.0,0.0,0.0,nan
10.801995754241943,0.3,0.0,0.0,2.8,-37.099999999999994,0.0,0.0,0.0,nan
10.802060842514038,0.3,0.0,0.0,2.7847407452620017,-37.28,0.0,0.0,0.0,nan
10.802127122879028,0.3,0.0,0.0,2.815259254737998,-37.28,0.0,0.0,0.0,nan
10.853406190872192,0.3,0.0,0.0,2.7847407452620017,-37.46,0.0,0.0,0.0,nan
10.85357117652893,0.3,0.0,0.0,2.7847407452620017,-37.46,0.0,0.0,0.0,nan
10.853658676147461,0.3,0.0,0.0,2.8,-37.64,0.0,0.0,0.0,nan
10.85372805595398,0.3,0.0,0.0,2.7847407452620017,-37.82,0.0,0.0,0.0,nan
10.853792905807495,0.3,0.0,0.0,2.7847407452620017,-37.82,0.0,0.0,0.0,nan
10.853853464126587,0.3,0.0,0.0,2.7694814905240035,-38.0,0.0,0.0,0.0,nan
10.894824504852295,0.3,0.0,0.0,2.8,-38.0,0.0,0.0,0.0,nan
10.894931077957153,0.3,0.0,0.0,2.8,-38.18,0.0,0.0,0.0,nan
10.894962787628174,0.3,0.0,0.0,2.8,-38.18,0.0,0.0,0.0,nan
10.894994020462036,0.3,0.0,0.0,2.8,-38.36,0.0,0.0,0.0,nan
10.895020723342896,0.3,0.0,0.0,2.7847407452620017,-38.54,0.0,0.0,0.0,nan
10.89504885673523,0.3,0.0,0.0,2.815259254737998,-38.54,0.0,0.0,0.0,nan
10.936060905456543,0.3,0.0,0.0,2.7694814905240035,-38.54,0.0,0.0,0.0,nan
10.936226844787598,0.3,0.0,0.0,2.815259254737998,-38.72,0.0,0.0,0.0,nan
10.93630838394165,0.3,0.0,0.0,2.8,-38.72,0.0,0.0,0.0,nan
10.936375141143799,0.3,0.0,0.0,2.7847407452620017,-38.9,0.0,0.0,0.0,nan
10.93643832206726,0.3,0.0,0.0,2.815259254737998,-38.9,0.0,0.0,0.0,nan
10.93649697303772,0.3,0.0,0.0,2.7847407452620017,-39.08,0.0,0.0,0.0,nan
10.977463722229004,0.3,0.0,0.0,2.7694814905240035,-39.26,0.0,0.0,0.0,nan
10.977625608444214,0.3,0.0,0.0,2.7694814905240035,-39.26,0.0,0.0,0.0,nan
10.977705478668213,0.3,0.0,0.0,2.7847407452620017,-39.26,0.0,0.0,0.0,nan
10.977771759033203,0.3,0.0,0.0,2.815259254737998,-39.44,0.0,0.0,0.0,nan
10.97783637046814,0.3,0.0,0.0,2.815259254737998,-39.620000000000005,0.0,0.0,0.0,nan
10.977896451950073,0.3,0.0,0.0,2.7847407452620017,-39.620000000000005,0.0,0.0,0.0,nan
11.019055604934692,0.3,0.0,0.0,2.7694814905240035,-39.8,0.0,0.0,0.0,nan
11.019211292266846,0.3,0.0,0.0,2.8,-39.980000000000004,0.0,0.0,0.0,nan
11.019296646118164,0.3,0.0,0.0,2.7847407452620017,-39.980000000000004,0.0,0.0,0.0,nan
11.019364595413208,0.3,0.0,0.0,2.8,-40.16,0.0,0.0,0.0,nan
11.019432067871094,0.3,0.0,0.0,2.7694814905240035,-40.34,0.0,0.0,0.0,nan
11.019495964050293,0.3,0.0,0.0,2.8,-40.34,0.0,0.0,0.0,nan
11.060503959655762,0.3,0.0,0.0,2.7847407452620017,-40.519999999999996,0.0,0.0,0.0,nan
11.060670375823975,0.3,0.0,0.0,2.8,-40.7,0.0,0.0,0.0,nan
11.060754299163818,0.3,0.0,0.0,2.8,-40.7,0.0,0.0,0.0,nan
11.060816287994385,0.3,0.0,0.0,2.7847407452620017,-40.879999999999995,0.0,0.0,0.0,nan
11.060882329940796,0.3,0.0,0.0,2.7847407452620017,-40.879999999999995,0.0,0.0,0.0,nan
11.112689018249512,0.3,0.0,0.0,2.7847407452620017,-41.06,0.0,0.0,0.0,nan
11.112852811813354,0.3,0.0,0.0,2.830518509475996,-41.239999999999995,0.0,0.0,0.0,nan
11.112935066223145,0.3,0.0,0.0,2.815259254737998,-41.239999999999995,0.0,0.0,0.0,nan
11.11304259300232,0.3,0.0,0.0,2.815259254737998,-41.42,0.0,0.0,0.0,nan
11.113108396530151,0.3,0.0,0.0,2.7847407452620017,-41.42,0.0,0.0,0.0,nan
11.113176822662354,0.3,0.0,0.0,2.7847407452620017,-41.599999999999994,0.0,0.0,0.0,nan
11.154440879821777,0.3,0.0,0.0,2.7847407452620017,-41.599999999999994,0.0,0.0,0.0,nan
11.154612302780151,0.3,0.0,0.0,2.7847407452620017,-41.78,0.0,0.0,0.0,nan
11.154695510864258,0.3,0.0,0.0,2.8,-41.96,0.0,0.0,0.0,nan
11.154763221740723,0.3,0.0,0.0,2.8,-41.96,0.0,0.0,0.0,nan
11.154823780059814,0.3,0.0,0.0,2.7694814905240035,-42.14,0.0,0.0,0.0,nan
11.154881477355957,0.3,0.0,0.0,2.8,-42.14,0.0,0.0,0.0,nan
11.19612455368042,0.3,0.0,0.0,2.8,-42.32,0.0,0.0,0.0,nan
11.196285963058472,0.3,0.0,0.0,2.7847407452620017,-42.5,0.0,0.0,0.0,nan
11.196378469467163,0.3,0.0,0.0,2.815259254737998,-42.5,0.0,0.0,0.0,nan
11.196455955505371,0.3,0.0,0.0,2.8,-42.68,0.0,0.0,0.0,nan
11.19651985168457,0.3,0.0,0.0,2.7694814905240035,-42.86,0.0,0.0,0.0,nan
11.19658374786377,0.3,0.0,0.0,2.7847407452620017,-43.04,0.0,0.0,0.0,nan
11.237725257873535,0.3,0.0,0.0,2.8,-43.04,0.0,0.0,0.0,nan
11.237890720367432,0.3,0.0,0.0,2.7847407452620017,-43.22,0.0,0.0,0.0,nan
11.237972974777222,0.3,0.0,0.0,2.7694814905240035,-43.22,0.0,0.0,0.0,nan
11.238038301467896,0.3,0.0,0.0,2.7847407452620017,-43.4,0.0,0.0,0.0,nan
11.23810338973999,0.3,0.0,0.0,2.7694814905240035,-43.4,0.0,0.0,0.0,nan
11.238165140151978,0.3,0.0,0.0,2.7694814905240035,-43.58,0.0,0.0,0.0,nan
11.279585123062134,0.3,0.0,0.0,2.7847407452620017,-43.58,0.0,0.0,0.0,nan
11.279742240905762,0.3,0.0,0.0,2.8,-43.58,0.0,0.0,0.0,nan
11.279817581176758,0.3,0.0,0.0,2.7847407452620017,-43.58,0.0,0.0,0.0,nan
11.27988600730896,0.3,0.0,0.0,2.8,-43.58,0.0,0.0,0.0,nan
11.279946327209473,0.3,0.0,0.0,2.7847407452620017,-43.58,0.0,0.0,0.0,nan
11.280006647109985,0.3,0.0,0.0,2.8,-43.58,0.0,0.0,0.0,nan
11.321094989776611,0.3,0.0,0.0,2.8,-43.58,0.0,0.0,0.0,nan
11.321250677108765,0.3,0.0,0.0,2.7694814905240035,-43.58,0.0,0.0,0.0,nan
11.321324586868286,0.3,0.0,0.0,2.7847407452620017,-43.58,0.0,0.0,0.0,nan
11.321391820907593,0.3,0.0,0.0,2.8,-43.58,0.0,0.0,0.0,nan
11.321453332901001,0.3,0.0,0.0,2.7847407452620017,-43.58,0.0,0.0,0.0,nan
11.321515083312988,0.3,0.0,0.0,2.7847407452620017,-43.58,0.0,0.0,0.0,nan
11.362667560577393,0.3,0.0,0.0,2.8,-43.58,0.0,0.0,0.0,nan
11.362822532653809,0.3,0.0,0.0,2.7694814905240035,-43.58,0.0,0.0,0.0,nan
11.36289668083191,0.3,0.0,0.0,2.7847407452620017,-43.58,0.0,0.0,0.0,nan
11.362963438034058,0.3,0.0,0.0,2.7694814905240035,-43.58,0.0,0.0,0.0,nan
11.363033533096313,0.3,0.0,0.0,2.7847407452620017,-43.76,0.0,0.0,0.0,nan
11.363090753555298,0.3,0.0,0.0,2.7847407452620017,-43.76,0.0,0.0,0.0,nan
11.414361238479614,0.3,0.0,0.0,2.7694814905240035,-43.76,0.0,0.0,0.0,nan
11.414520978927612,0.3,0.0,0.0,2.7847407452620017,-43.76,0.0,0.0,0.0,nan
11.414599180221558,0.3,0.0,0.0,2.8,-43.76,0.0,0.0,0.0,nan
11.414666175842285,0.3,0.0,0.0,2.7847407452620017,-43.94,0.0,0.0,0.0,nan
11.41472864151001,0.3,0.0,0.0,2.7694814905240035,-43.94,0.0,0.0,0.0,nan
11.41478681564331,0.3,0.0,0.0,2.7847407452620017,-43.94,0.0,0.0,0.0,nan
11.45622181892395,0.3,0.0,0.0,2.8,-43.94,0.0,0.0,0.0,nan
11.456365585327148,0.3,0.0,0.0,2.7847407452620017,-43.94,0.0,0.0,0.0,nan
11.456413269042969,0.3,0.0,0.0,2.7847407452620017,-43.94,0.0,0.0,0.0,nan
11.4564528465271,0.3,0.0,0.0,2.7847407452620017,-43.94,0.0,0.0,0.0,nan
11.456483602523804,0.3,0.0,0.0,2.7847407452620017,-43.94,0.0,0.0,0.0,nan
11.456507205963135,0.3,0.0,0.0,2.815259254737998,-43.94,0.0,0.0,0.0,nan
11.497703075408936,0.3,0.0,0.0,2.8,-43.94,0.0,0.0,0.0,nan
11.497827768325806,0.3,0.0,0.0,2.815259254737998,-44.12,0.0,0.0,0.0,nan
11.497883558273315,0.3,0.0,0.0,2.815259254737998,-44.12,0.0,0.0,0.0,nan
11.497923135757446,0.3,0.0,0.0,2.7694814905240035,-44.12,0.0,0.0,0.0,nan
11.497961044311523,0.3,0.0,0.0,2.8,-44.12,0.0,0.0,0.0,nan
11.539107322692871,0.3,0.0,0.0,2.7847407452620017,-44.12,0.0,0.0,0.0,nan
11.539220809936523,0.3,0.0,0.0,2.8,-44.12,0.0,0.0,0.0,nan
11.539257764816284,0.3,0.0,0.0,2.7847407452620017,-44.12,0.0,0.0,0.0,nan
11.539289712905884,0.3,0.0,0.0,2.7847407452620017,-44.12,0.0,0.0,0.0,nan
11.539318799972534,0.3,0.0,0.0,2.8,-44.12,0.0,0.0,0.0,nan
11.539347648620605,0.3,0.0,0.0,2.7847407452620017,-44.12,0.0,0.0,0.0,nan
11.580402851104736,0.3,0.0,0.0,2.7694814905240035,-44.12,0.0,0.0,0.0,nan
11.580567359924316,0.3,0.0,0.0,2.815259254737998,-44.3,0.0,0.0,0.0,nan
11.580643892288208,0.3,0.0,0.0,2.8,-44.3,0.0,0.0,0.0,nan
11.580708026885986,0.3,0.0,0.0,2.7847407452620017,-44.3,0.0,0.0,0.0,nan
11.580768823623657,0.3,0.0,0.0,2.7694814905240035,-44.3,0.0,0.0,0.0,nan
11.580827236175537,0.3,0.0,0.0,2.815259254737998,-44.3,0.0,0.0,0.0,nan
11.621945858001709,0.3,0.0,0.0,2.8,-44.3,0.0,0.0,0.0,nan
11.62210750579834,0.3,0.0,0.0,2.7694814905240035,-44.3,0.0,0.0,0.0,nan
11.622184991836548,0.3,0.0,0.0,2.7694814905240035,-44.3,0.0,0.0,0.0,nan
11.622251272201538,0.3,0.0,0.0,2.7847407452620017,-44.3,0.0,0.0,0.0,nan
11.622314691543579,0.3,0.0,0.0,2.7847407452620017,-44.3,0.0,0.0,0.0,nan
11.622376203536987,0.3,0.0,0.0,2.7847407452620017,-44.480000000000004,0.0,0.0,0.0,nan
11.66347074508667,0.3,0.0,0.0,2.7694814905240035,-44.480000000000004,0.0,0.0,0.0,nan
11.663635492324829,0.3,0.0,0.0,2.8,-44.480000000000004,0.0,0.0,0.0,nan
11.66371202468872,0.3,0.0,0.0,2.8,-44.480000000000004,0.0,0.0,0.0,nan
11.663780927658081,0.3,0.0,0.0,2.7542222357860053,-44.480000000000004,0.0,0.0,0.0,nan
11.663849830627441,0.3,0.0,0.0,2.815259254737998,-44.480000000000004,0.0,0.0,0.0,nan
11.663909435272217,0.3,0.0,0.0,2.8,-44.480000000000004,0.0,0.0,0.0,nan
11.715231895446777,0.3,0.0,0.0,2.7847407452620017,-44.480000000000004,0.0,0.0,0.0,nan
11.715392589569092,0.3,0.0,0.0,2.8,-44.480000000000004,0.0,0.0,0.0,nan
11.715463876724243,0.3,0.0,0.0,2.7847407452620017,-44.480000000000004,0.0,0.0,0.0,nan
11.715533256530762,0.3,0.0,0.0,2.815259254737998,-44.480000000000004,0.0,0.0,0.0,nan
11.715599775314331,0.3,0.0,0.0,2.7847407452620017,-44.480000000000004,0.0,0.0,0.0,nan
11.715658187866211,0.3,0.0,0.0,2.8,-44.480000000000004,0.0,0.0,0.0,nan
11.756724834442139,0.3,0.0,0.0,2.815259254737998,-44.66,0.0,0.0,0.0,nan
11.756831645965576,0.3,0.0,0.0,2.8,-44.66,0.0,0.0,0.0,nan
11.756868124008179,0.3,0.0,0.0,2.7847407452620017,-44.66,0.0,0.0,0.0,nan
11.756901979446411,0.3,0.0,0.0,2.815259254737998,-44.66,0.0,0.0,0.0,nan
11.756931066513062,0.3,0.0,0.0,2.7847407452620017,-44.66,0.0,0.0,0.0,nan
11.756975173950195,0.3,0.0,0.0,2.7847407452620017,-44.66,0.0,0.0,0.0,nan
11.798074722290039,0.3,0.0,0.0,2.7847407452620017,-44.66,0.0,0.0,0.0,nan
11.798225402832031,0.3,0.0,0.0,2.8,-44.66,0.0,0.0,0.0,nan
11.798295736312866,0.3,0.0,0.0,2.7847407452620017,-44.66,0.0,0.0,0.0,nan
11.798364400863647,0.3,0.0,0.0,2.7847407452620017,-44.66,0.0,0.0,0.0,nan
11.798423051834106,0.3,0.0,0.0,2.7694814905240035,-44.66,0.0,0.0,0.0,nan
11.798482179641724,0.3,0.0,0.0,2.8,-44.66,0.0,0.0,0.0,nan
11.839466333389282,0.3,0.0,0.0,2.7847407452620017,-44.66,0.0,0.0,0.0,nan
11.839569091796875,0.3,0.0,0.0,2.815259254737998,-44.84,0.0,0.0,0.0,nan
11.83960485458374,0.3,0.0,0.0,2.7847407452620017,-44.84,0.0,0.0,0.0,nan
11.839637279510498,0.3,0.0,0.0,2.7542222357860053,-44.84,0.0,0.0,0.0,nan
11.839665651321411,0.3,0.0,0.0,2.8,-44.84,0.0,0.0,0.0,nan
11.83969259262085,0.3,0.0,0.0,2.7694814905240035,-44.84,0.0,0.0,0.0,nan
11.880777597427368,0.3,0.0,0.0,2.815259254737998,-44.84,0.0,0.0,0.0,nan
11.880964517593384,0.3,0.0,0.0,2.7847407452620017,-44.84,0.0,0.0,0.0,nan
11.88105297088623,0.3,0.0,0.0,2.8,-44.84,0.0,0.0,0.0,nan
11.881118774414062,0.3,0.0,0.0,2.815259254737998,-44.84,0.0,0.0,0.0,nan
11.881187200546265,0.3,0.0,0.0,2.815259254737998,-44.84,0.0,0.0,0.0,nan
11.881245136260986,0.3,0.0,0.0,2.7694814905240035,-44.84,0.0,0.0,0.0,nan
11.922349691390991,0.3,0.0,0.0,2.815259254737998,-44.84,0.0,0.0,0.0,nan
11.922513008117676,0.3,0.0,0.0,2.7847407452620017,-44.84,0.0,0.0,0.0,nan
11.922587633132935,0.3,0.0,0.0,2.7694814905240035,-44.84,0.0,0.0,0.0,nan
11.922659397125244,0.3,0.0,0.0,2.8,-45.019999999999996,0.0,0.0,0.0,nan
11.922781229019165,0.3,0.0,0.0,2.8,-45.019999999999996,0.0,0.0,0.0,nan
11.922857284545898,0.3,0.0,0.0,2.815259254737998,-45.019999999999996,0.0,0.0,0.0,nan
11.974043607711792,0.3,0.0,0.0,2.8,-45.019999999999996,0.0,0.0,0.0,nan
11.97414779663086,0.3,0.0,0.0,2.7694814905240035,-45.019999999999996,0.0,0.0,0.0,nan
11.974185943603516,0.3,0.0,0.0,2.8,-45.019999999999996,0.0,0.0,0.0,nan
11.97421669960022,0.3,0.0,0.0,2.7847407452620017,-45.019999999999996,0.0,0.0,0.0,nan
11.974249124526978,0.3,0.0,0.0,2.7694814905240035,-45.019999999999996,0.0,0.0,0.0,nan
12.015362977981567,0.3,0.0,0.0,2.8,-45.019999999999996,0.0,0.0,0.0,nan
12.015522956848145,0.3,0.0,0.0,2.815259254737998,-45.019999999999996,0.0,0.0,0.0,nan
12.015599727630615,0.3,0.0,0.0,2.8,-45.019999999999996,0.0,0.0,0.0,nan
12.015663623809814,0.3,0.0,0.0,2.8,-45.019999999999996,0.0,0.0,0.0,nan
12.015727758407593,0.3,0.0,0.0,2.8,-45.019999999999996,0.0,0.0,0.0,nan
12.015785217285156,0.3,0.0,0.0,2.8,-45.019999999999996,0.0,0.0,0.0,nan
12.056807041168213,0.3,0.0,0.0,2.8,-45.019999999999996,0.0,0.0,0.0,nan
12.056912422180176,0.3,0.0,0.0,2.7694814905240035,-45.019999999999996,0.0,0.0,0.0,nan
12.056967496871948,0.3,0.0,0.0,2.7847407452620017,-45.2,0.0,0.0,0.0,nan
12.05700159072876,0.3,0.0,0.0,2.8,-45.2,0.0,0.0,0.0,nan
12.057031869888306,0.3,0.0,0.0,2.7847407452620017,-45.2,0.0,0.0,0.0,nan
12.05706000328064,0.3,0.0,0.0,2.8,-45.2,0.0,0.0,0.0,nan
12.098056316375732,0.3,0.0,0.0,2.7847407452620017,-45.2,0.0,0.0,0.0,nan
12.098216533660889,0.3,0.0,0.0,2.7694814905240035,-45.2,0.0,0.0,0.0,nan
12.098294973373413,0.3,0.0,0.0,2.7847407452620017,-45.2,0.0,0.0,0.0,nan
12.098363399505615,0.3,0.0,0.0,2.815259254737998,-45.2,0.0,0.0,0.0,nan
12.098428964614868,0.3,0.0,0.0,2.8,-45.019999999999996,0.0,0.0,0.0,nan
12.098490476608276,0.3,0.0,0.0,2.8,-45.019999999999996,0.0,0.0,0.0,nan
12.139606475830078,0.3,0.0,0.0,2.8,-45.019999999999996,0.0,0.0,0.0,nan
12.139763832092285,0.3,0.0,0.0,2.7694814905240035,-45.019999999999996,0.0,0.0,0.0,nan
12.139840364456177,0.3,0.0,0.0,2.8,-45.019999999999996,0.0,0.0,0.0,nan
12.139904499053955,0.3,0.0,0.0,2.7847407452620017,-45.019999999999996,0.0,0.0,0.0,nan
12.139960765838623,0.3,0.0,0.0,2.7847407452620017,-45.019999999999996,0.0,0.0,0.0,nan
12.139999866485596,0.3,0.0,0.0,2.815259254737998,-45.019999999999996,0.0,0.0,0.0,nan
12.18109655380249,0.3,0.0,0.0,2.7847407452620017,-45.019999999999996,0.0,0.0,0.0,nan
12.181257963180542,0.3,0.0,0.0,2.7847407452620017,-45.019999999999996,0.0,0.0,0.0,nan
12.181334733963013,0.3,0.0,0.0,2.8,-45.019999999999996,0.0,0.0,0.0,nan
12.181407928466797,0.3,0.0,0.0,2.815259254737998,-45.019999999999996,0.0,0.0,0.0,nan
12.18147087097168,0.3,0.0,0.0,2.8,-45.019999999999996,0.0,0.0,0.0,nan
12.18152928352356,0.3,0.0,0.0,2.830518509475996,-45.2,0.0,0.0,0.0,nan
12.222479343414307,0.3,0.0,0.0,2.8,-45.2,0.0,0.0,0.0,nan
12.222578763961792,0.3,0.0,0.0,2.7847407452620017,-45.2,0.0,0.0,0.0,nan
12.222613334655762,0.3,0.0,0.0,2.8,-45.2,0.0,0.0,0.0,nan
12.22264289855957,0.3,0.0,0.0,2.7694814905240035,-45.2,0.0,0.0,0.0,nan
12.22266960144043,0.3,0.0,0.0,2.7847407452620017,-45.379999999999995,0.0,0.0,0.0,nan
12.22285532951355,0.3,0.0,0.0,2.8,-45.379999999999995,0.0,0.0,0.0,nan
12.273878574371338,0.3,0.0,0.0,2.8,-45.379999999999995,0.0,0.0,0.0,nan
12.273979902267456,0.3,0.0,0.0,2.8,-45.379999999999995,0.0,0.0,0.0,nan
12.274012565612793,0.3,0.0,0.0,2.7694814905240035,-45.379999999999995,0.0,0.0,0.0,nan
12.274048089981079,0.3,0.0,0.0,2.7847407452620017,-45.379999999999995,0.0,0.0,0.0,nan
12.274080276489258,0.3,0.0,0.0,2.7847407452620017,-45.379999999999995,0.0,0.0,0.0,nan
12.274110078811646,0.3,0.0,0.0,2.7694814905240035,-45.379999999999995,0.0,0.0,0.0,nan
12.315187692642212,0.3,0.0,0.0,2.8,-45.379999999999995,0.0,0.0,0.0,nan
12.315351486206055,0.3,0.0,0.0,2.7847407452620017,-45.379999999999995,0.0,0.0,0.0,nan
12.315431594848633,0.3,0.0,0.0,2.830518509475996,-45.2,0.0,0.0,0.0,nan
12.315495252609253,0.3,0.0,0.0,2.8,-45.2,0.0,0.0,0.0,nan
12.315557718276978,0.3,0.0,0.0,2.8,-45.2,0.0,0.0,0.0,nan
12.3156099319458,0.3,0.0,0.0,2.8,-45.2,0.0,0.0,0.0,nan
12.356530666351318,0.3,0.0,0.0,2.7847407452620017,-45.2,0.0,0.0,0.0,nan
12.356628894805908,0.3,0.0,0.0,2.7847407452620017,-45.2,0.0,0.0,0.0,nan
12.356661558151245,0.3,0.0,0.0,2.8,-45.2,0.0,0.0,0.0,nan
12.356693744659424,0.3,0.0,0.0,2.7847407452620017,-45.2,0.0,0.0,0.0,nan
12.3567214012146,0.3,0.0,0.0,2.815259254737998,-45.2,0.0,0.0,0.0,nan
12.356746435165405,0.3,0.0,0.0,2.7847407452620017,-45.2,0.0,0.0,0.0,nan
12.397708654403687,0.3,0.0,0.0,2.7694814905240035,-45.2,0.0,0.0,0.0,nan
12.397865772247314,0.3,0.0,0.0,2.7847407452620017,-45.2,0.0,0.0,0.0,nan
12.39794135093689,0.3,0.0,0.0,2.7847407452620017,-45.379999999999995,0.0,0.0,0.0,nan
12.398008584976196,0.3,0.0,0.0,2.7847407452620017,-45.379999999999995,0.0,0.0,0.0,nan
12.398070573806763,0.3,0.0,0.0,2.8,-45.379999999999995,0.0,0.0,0.0,nan
12.439286470413208,0.3,0.0,0.0,2.8,-45.379999999999995,0.0,0.0,0.0,nan
12.439446210861206,0.3,0.0,0.0,2.8,-45.379999999999995,0.0,0.0,0.0,nan
12.439504146575928,0.3,0.0,0.0,2.815259254737998,-45.379999999999995,0.0,0.0,0.0,nan
12.439549446105957,0.3,0.0,0.0,2.815259254737998,-45.379999999999995,0.0,0.0,0.0,nan
12.439595699310303,0.3,0.0,0.0,2.8,-45.379999999999995,0.0,0.0,0.0,nan
12.439641952514648,0.3,0.0,0.0,2.7847407452620017,-45.379999999999995,0.0,0.0,0.0,nan
12.480654954910278,0.3,0.0,0.0,2.8,-45.379999999999995,0.0,0.0,0.0,nan
12.480818271636963,0.3,0.0,0.0,2.7847407452620017,-45.379999999999995,0.0,0.0,0.0,nan
12.480899095535278,0.3,0.0,0.0,2.815259254737998,-45.379999999999995,0.0,0.0,0.0,nan
12.480999946594238,0.3,0.0,0.0,2.7694814905240035,-45.379999999999995,0.0,0.0,0.0,nan
12.481072664260864,0.3,0.0,0.0,2.7847407452620017,-45.379999999999995,0.0,0.0,0.0,nan
12.481133699417114,0.3,0.0,0.0,2.8,-45.379999999999995,0.0,0.0,0.0,nan
12.532349109649658,0.3,0.0,0.0,2.8,-45.379999999999995,0.0,0.0,0.0,nan
12.532515525817871,0.3,0.0,0.0,2.815259254737998,-45.379999999999995,0.0,0.0,0.0,nan
12.53259539604187,0.3,0.0,0.0,2.8,-45.379999999999995,0.0,0.0,0.0,nan
12.532661437988281,0.3,0.0,0.0,2.7847407452620017,-45.379999999999995,0.0,0.0,0.0,nan
12.532727241516113,0.3,0.0,0.0,2.8,-45.379999999999995,0.0,0.0,0.0,nan
12.532787084579468,0.3,0.0,0.0,2.7847407452620017,-45.379999999999995,0.0,0.0,0.0,nan
12.573872804641724,0.3,0.0,0.0,2.7694814905240035,-45.379999999999995,0.0,0.0,0.0,nan
12.573981761932373,0.3,0.0,0.0,2.8,-45.379999999999995,0.0,0.0,0.0,nan
12.57401967048645,0.3,0.0,0.0,2.8,-45.379999999999995,0.0,0.0,0.0,nan
12.57405161857605,0.3,0.0,0.0,2.8,-45.379999999999995,0.0,0.0,0.0,nan
12.574081420898438,0.3,0.0,0.0,2.7847407452620017,-45.379999999999995,0.0,0.0,0.0,nan
12.574111938476562,0.3,0.0,0.0,2.7847407452620017,-45.379999999999995,0.0,0.0,0.0,nan
12.61515998840332,0.3,0.0,0.0,2.7694814905240035,-45.379999999999995,0.0,0.0,0.0,nan
12.615322828292847,0.3,0.0,0.0,2.7847407452620017,-45.379999999999995,0.0,0.0,0.0,nan
12.615402936935425,0.3,0.0,0.0,2.7847407452620017,-45.379999999999995,0.0,0.0,0.0,nan
12.615471601486206,0.3,0.0,0.0,2.7694814905240035,-45.379999999999995,0.0,0.0,0.0,nan
12.615539312362671,0.3,0.0,0.0,2.7847407452620017,-45.379999999999995,0.0,0.0,0.0,nan
12.615599632263184,0.3,0.0,0.0,2.8,-45.379999999999995,0.0,0.0,0.0,nan
12.65659761428833,0.3,0.0,0.0,2.8,-45.379999999999995,0.0,0.0,0.0,nan
12.65669870376587,0.3,0.0,0.0,2.8,-45.379999999999995,0.0,0.0,0.0,nan
12.656736612319946,0.3,0.0,0.0,2.815259254737998,-45.379999999999995,0.0,0.0,0.0,nan
12.656773567199707,0.3,0.0,0.0,2.8,-45.379999999999995,0.0,0.0,0.0,nan
12.6568021774292,0.3,0.0,0.0,2.7847407452620017,-45.56,0.0,0.0,0.0,nan
12.656829833984375,0.3,0.0,0.0,2.815259254737998,-45.56,0.0,0.0,0.0,nan
12.697833776473999,0.3,0.0,0.0,2.8,-45.56,0.0,0.0,0.0,nan
12.697981595993042,0.3,0.0,0.0,2.8,-45.56,0.0,0.0,0.0,nan
12.69805121421814,0.3,0.0,0.0,2.7542222357860053,-45.56,0.0,0.0,0.0,nan
12.698118925094604,0.3,0.0,0.0,2.7847407452620017,-45.56,0.0,0.0,0.0,nan
12.698184728622437,0.3,0.0,0.0,2.815259254737998,-45.56,0.0,0.0,0.0,nan
12.69824481010437,0.3,0.0,0.0,2.7694814905240035,-45.56,0.0,0.0,0.0,nan
12.739332437515259,0.3,0.0,0.0,2.7847407452620017,-45.56,0.0,0.0,0.0,nan
12.739468812942505,0.3,0.0,0.0,2.815259254737998,-45.56,0.0,0.0,0.0,nan
12.739520072937012,0.3,0.0,0.0,2.7847407452620017,-45.56,0.0,0.0,0.0,nan
12.73956823348999,0.3,0.0,0.0,2.7847407452620017,-45.56,0.0,0.0,0.0,nan
12.73960280418396,0.3,0.0,0.0,2.8,-45.56,0.0,0.0,0.0,nan
12.739630460739136,0.3,0.0,0.0,2.7847407452620017,-45.56,0.0,0.0,0.0,nan
12.790809392929077,0.3,0.0,0.0,2.815259254737998,-45.56,0.0,0.0,0.0,nan
12.79096269607544,0.3,0.0,0.0,2.7847407452620017,-45.56,0.0,0.0,0.0,nan
12.791035890579224,0.3,0.0,0.0,2.7847407452620017,-45.56,0.0,0.0,0.0,nan
12.791106939315796,0.3,0.0,0.0,2.7694814905240035,-45.56,0.0,0.0,0.0,nan
12.791173934936523,0.3,0.0,0.0,2.8,-45.56,0.0,0.0,0.0,nan
12.791232109069824,0.3,0.0,0.0,2.7847407452620017,-45.56,0.0,0.0,0.0,nan
12.832247734069824,0.3,0.0,0.0,2.8,-45.56,0.0,0.0,0.0,nan
12.832407474517822,0.3,0.0,0.0,2.7694814905240035,-45.56,0.0,0.0,0.0,nan
12.832479000091553,0.3,0.0,0.0,2.815259254737998,-45.56,0.0,0.0,0.0,nan
12.832541942596436,0.3,0.0,0.0,2.7694814905240035,-45.56,0.0,0.0,0.0,nan
12.832602739334106,0.3,0.0,0.0,2.8,-45.56,0.0,0.0,0.0,nan
12.832660913467407,0.3,0.0,0.0,2.8,-45.56,0.0,0.0,0.0,nan
12.873671293258667,0.3,0.0,0.0,2.8,-45.56,0.0,0.0,0.0,nan
12.873781442642212,0.3,0.0,0.0,2.7542222357860053,-45.56,0.0,0.0,0.0,nan
12.873817443847656,0.3,0.0,0.0,2.8,-45.56,0.0,0.0,0.0,nan
12.873849630355835,0.3,0.0,0.0,2.815259254737998,-45.56,0.0,0.0,0.0,nan
12.873879194259644,0.3,0.0,0.0,2.815259254737998,-45.56,0.0,0.0,0.0,nan
12.914970874786377,0.3,0.0,0.0,2.815259254737998,-45.739999999999995,0.0,0.0,0.0,nan
12.915140151977539,0.3,0.0,0.0,2.7847407452620017,-45.739999999999995,0.0,0.0,0.0,nan
12.915218591690063,0.3,0.0,0.0,2.7847407452620017,-45.739999999999995,0.0,0.0,0.0,nan
12.915288209915161,0.3,0.0,0.0,2.7847407452620017,-45.739999999999995,0.0,0.0,0.0,nan
12.91535210609436,0.3,0.0,0.0,2.7694814905240035,-45.739999999999995,0.0,0.0,0.0,nan
12.915411233901978,0.3,0.0,0.0,2.815259254737998,-45.739999999999995,0.0,0.0,0.0,nan
12.956473112106323,0.3,0.0,0.0,2.7694814905240035,-45.739999999999995,0.0,0.0,0.0,nan
12.956638813018799,0.3,0.0,0.0,2.8,-45.739999999999995,0.0,0.0,0.0,nan
12.956714153289795,0.3,0.0,0.0,2.815259254737998,-45.739999999999995,0.0,0.0,0.0,nan
12.956781148910522,0.3,0.0,0.0,2.7847407452620017,-45.739999999999995,0.0,0.0,0.0,nan
12.956847667694092,0.3,0.0,0.0,2.8,-45.739999999999995,0.0,0.0,0.0,nan
12.956908941268921,0.3,0.0,0.0,2.8,-45.739999999999995,0.0,0.0,0.0,nan
12.998010396957397,0.3,0.0,0.0,2.7847407452620017,-45.739999999999995,0.0,0.0,0.0,nan
12.998173475265503,0.3,0.0,0.0,2.815259254737998,-45.739999999999995,0.0,0.0,0.0,nan
12.998244524002075,0.3,0.0,0.0,2.8,-45.739999999999995,0.0,0.0,0.0,nan
12.998307704925537,0.3,0.0,0.0,2.7847407452620017,-45.739999999999995,0.0,0.0,0.0,nan
12.998374223709106,0.3,0.0,0.0,2.815259254737998,-45.739999999999995,0.0,0.0,0.0,nan
12.998432874679565,0.3,0.0,0.0,2.8,-45.739999999999995,0.0,0.0,0.0,nan
13.050414085388184,0.3,0.0,0.0,2.7847407452620017,-45.739999999999995,0.0,0.0,0.0,nan
13.050575733184814,0.3,0.0,0.0,2.7694814905240035,-45.739999999999995,0.0,0.0,0.0,nan
13.050653219223022,0.3,0.0,0.0,2.7847407452620017,-45.739999999999995,0.0,0.0,0.0,nan
13.050719261169434,0.3,0.0,0.0,2.8,-45.739999999999995,0.0,0.0,0.0,nan
13.050781726837158,0.3,0.0,0.0,2.8,-45.739999999999995,0.0,0.0,0.0,nan
13.050838470458984,0.3,0.0,0.0,2.7694814905240035,-45.739999999999995,0.0,0.0,0.0,nan
13.09197735786438,0.3,0.0,0.0,2.815259254737998,-45.739999999999995,0.0,0.0,0.0,nan
13.092138051986694,0.3,0.0,0.0,2.7847407452620017,-45.739999999999995,0.0,0.0,0.0,nan
13.09222149848938,0.3,0.0,0.0,2.8,-45.739999999999995,0.0,0.0,0.0,nan
13.092287540435791,0.3,0.0,0.0,2.7694814905240035,-45.739999999999995,0.0,0.0,0.0,nan
13.092358589172363,0.3,0.0,0.0,2.7847407452620017,-45.739999999999995,0.0,0.0,0.0,nan
13.092419147491455,0.3,0.0,0.0,2.8,-45.739999999999995,0.0,0.0,0.0,nan
13.133538484573364,0.3,0.0,0.0,2.7847407452620017,-45.739999999999995,0.0,0.0,0.0,nan
13.13369870185852,0.3,0.0,0.0,2.7847407452620017,-45.739999999999995,0.0,0.0,0.0,nan
13.133774995803833,0.3,0.0,0.0,2.8,-45.739999999999995,0.0,0.0,0.0,nan
13.133843660354614,0.3,0.0,0.0,2.7847407452620017,-45.739999999999995,0.0,0.0,0.0,nan
13.133920431137085,0.3,0.0,0.0,2.7847407452620017,-45.739999999999995,0.0,0.0,0.0,nan
13.133980989456177,0.3,0.0,0.0,2.815259254737998,-45.739999999999995,0.0,0.0,0.0,nan
13.17492389678955,0.3,0.0,0.0,2.7847407452620017,-45.739999999999995,0.0,0.0,0.0,nan
13.175027132034302,0.3,0.0,0.0,2.7847407452620017,-45.739999999999995,0.0,0.0,0.0,nan
13.175063371658325,0.3,0.0,0.0,2.7847407452620017,-45.739999999999995,0.0,0.0,0.0,nan
13.17509412765503,0.3,0.0,0.0,2.7542222357860053,-45.739999999999995,0.0,0.0,0.0,nan
13.17512321472168,0.3,0.0,0.0,2.815259254737998,-45.739999999999995,0.0,0.0,0.0,nan
13.175150632858276,0.3,0.0,0.0,2.8,-45.739999999999995,0.0,0.0,0.0,nan
13.216240644454956,0.3,0.0,0.0,2.7847407452620017,-45.92,0.0,0.0,0.0,nan
13.216398477554321,0.3,0.0,0.0,2.8,-45.92,0.0,0.0,0.0,nan
13.216480016708374,0.3,0.0,0.0,2.8,-45.92,0.0,0.0,0.0,nan
13.216549158096313,0.3,0.0,0.0,2.8,-45.92,0.0,0.0,0.0,nan
13.216610193252563,0.3,0.0,0.0,2.8,-45.92,0.0,0.0,0.0,nan
13.216665983200073,0.3,0.0,0.0,2.7694814905240035,-45.92,0.0,0.0,0.0,nan
13.257763862609863,0.3,0.0,0.0,2.815259254737998,-45.92,0.0,0.0,0.0,nan
13.257919788360596,0.3,0.0,0.0,2.815259254737998,-45.92,0.0,0.0,0.0,nan
13.257996320724487,0.3,0.0,0.0,2.815259254737998,-45.92,0.0,0.0,0.0,nan
13.258063554763794,0.3,0.0,0.0,2.7847407452620017,-45.92,0.0,0.0,0.0,nan
13.258127450942993,0.3,0.0,0.0,2.8,-45.92,0.0,0.0,0.0,nan
13.258183002471924,0.3,0.0,0.0,2.7847407452620017,-45.92,0.0,0.0,0.0,nan
13.299268007278442,0.3,0.0,0.0,2.8,-45.92,0.0,0.0,0.0,nan
13.299421787261963,0.3,0.0,0.0,2.8,-45.92,0.0,0.0,0.0,nan
13.299497604370117,0.3,0.0,0.0,2.815259254737998,-45.92,0.0,0.0,0.0,nan
13.299563646316528,0.3,0.0,0.0,2.815259254737998,-45.92,0.0,0.0,0.0,nan
13.2996346950531,0.3,0.0,0.0,2.7847407452620017,-45.92,0.0,0.0,0.0,nan
13.351562023162842,0.3,0.0,0.0,2.815259254737998,-45.92,0.0,0.0,0.0,nan
13.351722478866577,0.3,0.0,0.0,2.830518509475996,-45.92,0.0,0.0,0.0,nan
13.351797103881836,0.3,0.0,0.0,2.7847407452620017,-45.92,0.0,0.0,0.0,nan
13.351863145828247,0.3,0.0,0.0,2.7694814905240035,-45.92,0.0,0.0,0.0,nan
13.351929664611816,0.3,0.0,0.0,2.8,-45.92,0.0,0.0,0.0,nan
13.351990699768066,0.3,0.0,0.0,2.7847407452620017,-45.92,0.0,0.0,0.0,nan
13.393462657928467,0.3,0.0,0.0,2.8,-45.92,0.0,0.0,0.0,nan
13.393625736236572,0.3,0.0,0.0,2.8,-45.92,0.0,0.0,0.0,nan
13.393698453903198,0.3,0.0,0.0,2.8,-45.92,0.0,0.0,0.0,nan
13.393760204315186,0.3,0.0,0.0,2.7847407452620017,-45.92,0.0,0.0,0.0,nan
13.393832445144653,0.3,0.0,0.0,2.815259254737998,-45.92,0.0,0.0,0.0,nan
13.393892288208008,0.3,0.0,0.0,2.7694814905240035,-45.92,0.0,0.0,0.0,nan
13.435045957565308,0.3,0.0,0.0,2.7694814905240035,-45.92,0.0,0.0,0.0,nan
13.435211420059204,0.3,0.0,0.0,2.7694814905240035,-45.92,0.0,0.0,0.0,nan
13.43528962135315,0.3,0.0,0.0,2.7847407452620017,-45.92,0.0,0.0,0.0,nan
13.435354232788086,0.3,0.0,0.0,2.7694814905240035,-45.92,0.0,0.0,0.0,nan
13.43541932106018,0.3,0.0,0.0,2.815259254737998,-45.92,0.0,0.0,0.0,nan
13.43548035621643,0.3,0.0,0.0,2.8,-45.92,0.0,0.0,0.0,nan
13.476644515991211,0.3,0.0,0.0,2.7847407452620017,-45.92,0.0,0.0,0.0,nan
13.476808786392212,0.3,0.0,0.0,2.7847407452620017,-45.92,0.0,0.0,0.0,nan
13.476886987686157,0.3,0.0,0.0,2.7847407452620017,-45.92,0.0,0.0,0.0,nan
13.476975679397583,0.3,0.0,0.0,2.7847407452620017,-45.92,0.0,0.0,0.0,nan
13.477044105529785,0.3,0.0,0.0,2.815259254737998,-45.92,0.0,0.0,0.0,nan
13.477107048034668,0.3,0.0,0.0,2.815259254737998,-45.92,0.0,0.0,0.0,nan
13.518353462219238,0.3,0.0,0.0,2.815259254737998,-45.92,0.0,0.0,0.0,nan
13.518509864807129,0.3,0.0,0.0,2.815259254737998,-45.92,0.0,0.0,0.0,nan
13.518581628799438,0.3,0.0,0.0,2.8,-45.92,0.0,0.0,0.0,nan
13.518649578094482,0.3,0.0,0.0,2.7847407452620017,-45.92,0.0,0.0,0.0,nan
13.518723726272583,0.3,0.0,0.0,2.8,-46.099999999999994,0.0,0.0,0.0,nan
13.51878309249878,0.3,0.0,0.0,2.815259254737998,-46.099999999999994,0.0,0.0,0.0,nan
13.559868335723877,0.3,0.0,0.0,2.7847407452620017,-46.099999999999994,0.0,0.0,0.0,nan
13.560025453567505,0.3,0.0,0.0,2.7847407452620017,-46.099999999999994,0.0,0.0,0.0,nan
13.560104846954346,0.3,0.0,0.0,2.7694814905240035,-46.099999999999994,0.0,0.0,0.0,nan
13.560176849365234,0.3,0.0,0.0,2.815259254737998,-46.099999999999994,0.0,0.0,0.0,nan
13.560243368148804,0.3,0.0,0.0,2.7694814905240035,-46.099999999999994,0.0,0.0,0.0,nan
13.560308933258057,0.3,0.0,0.0,2.7694814905240035,-46.099999999999994,0.0,0.0,0.0,nan
13.601492404937744,0.3,0.0,0.0,2.8,-46.099999999999994,0.0,0.0,0.0,nan
13.601651191711426,0.3,0.0,0.0,2.7847407452620017,-46.099999999999994,0.0,0.0,0.0,nan
13.601733922958374,0.3,0.0,0.0,2.7542222357860053,-46.099999999999994,0.0,0.0,0.0,nan
13.601804494857788,0.3,0.0,0.0,2.7694814905240035,-46.099999999999994,0.0,0.0,0.0,nan
13.601868867874146,0.3,0.0,0.0,2.7847407452620017,-46.099999999999994,0.0,0.0,0.0,nan
13.601927757263184,0.3,0.0,0.0,2.7694814905240035,-46.099999999999994,0.0,0.0,0.0,nan
13.64308786392212,0.3,0.0,0.0,2.8,-46.099999999999994,0.0,0.0,0.0,nan
13.643247365951538,0.3,0.0,0.0,2.815259254737998,-46.099999999999994,0.0,0.0,0.0,nan
13.64332628250122,0.3,0.0,0.0,2.815259254737998,-46.099999999999994,0.0,0.0,0.0,nan
13.643396615982056,0.3,0.0,0.0,2.7847407452620017,-46.099999999999994,0.0,0.0,0.0,nan
13.64346170425415,0.3,0.0,0.0,2.7847407452620017,-46.099999999999994,0.0,0.0,0.0,nan
13.643523454666138,0.3,0.0,0.0,2.8,-46.099999999999994,0.0,0.0,0.0,nan
13.694700956344604,0.3,0.0,0.0,2.815259254737998,-46.099999999999994,0.0,0.0,0.0,nan
13.694854736328125,0.3,0.0,0.0,2.7847407452620017,-46.099999999999994,0.0,0.0,0.0,nan
13.694931983947754,0.3,0.0,0.0,2.815259254737998,-46.099999999999994,0.0,0.0,0.0,nan
13.695001125335693,0.3,0.0,0.0,2.815259254737998,-46.099999999999994,0.0,0.0,0.0,nan
13.69506573677063,0.3,0.0,0.0,2.7694814905240035,-46.099999999999994,0.0,0.0,0.0,nan
13.69512391090393,0.3,0.0,0.0,2.815259254737998,-46.099999999999994,0.0,0.0,0.0,nan
13.736058950424194,0.3,0.0,0.0,2.7847407452620017,-46.099999999999994,0.0,0.0,0.0,nan
13.736161947250366,0.3,0.0,0.0,2.7694814905240035,-46.099999999999994,0.0,0.0,0.0,nan
13.736197710037231,0.3,0.0,0.0,2.8,-46.099999999999994,0.0,0.0,0.0,nan
13.736229419708252,0.3,0.0,0.0,2.8,-46.099999999999994,0.0,0.0,0.0,nan
13.73625922203064,0.3,0.0,0.0,2.7847407452620017,-46.099999999999994,0.0,0.0,0.0,nan
13.736287355422974,0.3,0.0,0.0,2.815259254737998,-46.099999999999994,0.0,0.0,0.0,nan
13.777509927749634,0.3,0.0,0.0,2.815259254737998,-46.099999999999994,0.0,0.0,0.0,nan
13.77767539024353,0.3,0.0,0.0,2.7694814905240035,-46.099999999999994,0.0,0.0,0.0,nan
13.777755498886108,0.3,0.0,0.0,2.7542222357860053,-46.099999999999994,0.0,0.0,0.0,nan
13.777825593948364,0.3,0.0,0.0,2.7694814905240035,-46.099999999999994,0.0,0.0,0.0,nan
13.778119325637817,0.3,0.0,0.0,2.8,-46.099999999999994,0.0,0.0,0.0,nan
13.81925106048584,0.3,0.0,0.0,2.8,-46.099999999999994,0.0,0.0,0.0,nan
13.81941533088684,0.3,0.0,0.0,2.8,-46.099999999999994,0.0,0.0,0.0,nan
13.819491863250732,0.3,0.0,0.0,2.815259254737998,-46.099999999999994,0.0,0.0,0.0,nan
13.819561243057251,0.3,0.0,0.0,2.815259254737998,-46.099999999999994,0.0,0.0,0.0,nan
13.819624185562134,0.3,0.0,0.0,2.8,-46.099999999999994,0.0,0.0,0.0,nan
13.819685220718384,0.3,0.0,0.0,2.8,-46.099999999999994,0.0,0.0,0.0,nan
13.860719442367554,0.3,0.0,0.0,2.815259254737998,-46.099999999999994,0.0,0.0,0.0,nan
13.86089301109314,0.3,0.0,0.0,2.8,-46.28,0.0,0.0,0.0,nan
13.861000299453735,0.3,0.0,0.0,2.8,-46.28,0.0,0.0,0.0,nan
13.86107087135315,0.3,0.0,0.0,2.7847407452620017,-46.28,0.0,0.0,0.0,nan
13.861135482788086,0.3,0.0,0.0,2.8,-46.28,0.0,0.0,0.0,nan
13.861196279525757,0.3,0.0,0.0,2.8,-46.28,0.0,0.0,0.0,nan
13.902342557907104,0.3,0.0,0.0,2.8,-46.28,0.0,0.0,0.0,nan
13.902501106262207,0.3,0.0,0.0,2.8,-46.28,0.0,0.0,0.0,nan
13.902573347091675,0.3,0.0,0.0,2.8,-46.28,0.0,0.0,0.0,nan
13.90264344215393,0.3,0.0,0.0,2.8,-46.28,0.0,0.0,0.0,nan
13.90270709991455,0.3,0.0,0.0,2.8,-46.28,0.0,0.0,0.0,nan
13.902765989303589,0.3,0.0,0.0,2.7694814905240035,-46.28,0.0,0.0,0.0,nan
13.954059839248657,0.3,0.0,0.0,2.8,-46.28,0.0,0.0,0.0,nan
13.954222679138184,0.3,0.0,0.0,2.7847407452620017,-46.28,0.0,0.0,0.0,nan
13.95430326461792,0.3,0.0,0.0,2.7847407452620017,-46.28,0.0,0.0,0.0,nan
13.954372882843018,0.3,0.0,0.0,2.7847407452620017,-46.28,0.0,0.0,0.0,nan
13.954436540603638,0.3,0.0,0.0,2.815259254737998,-46.28,0.0,0.0,0.0,nan
13.954498767852783,0.3,0.0,0.0,2.8,-46.28,0.0,0.0,0.0,nan
13.995538711547852,0.3,0.0,0.0,2.7847407452620017,-46.28,0.0,0.0,0.0,nan
13.995695352554321,0.3,0.0,0.0,2.7847407452620017,-46.28,0.0,0.0,0.0,nan
13.995771646499634,0.3,0.0,0.0,2.7694814905240035,-46.28,0.0,0.0,0.0,nan
13.99584174156189,0.3,0.0,0.0,2.8,-46.28,0.0,0.0,0.0,nan
13.99596381187439,0.3,0.0,0.0,2.7847407452620017,-46.28,0.0,0.0,0.0,nan
13.996053695678711,0.3,0.0,0.0,2.7847407452620017,-46.28,0.0,0.0,0.0,nan
14.037149429321289,0.3,0.0,0.0,2.8,-46.28,0.0,0.0,0.0,nan
14.037307024002075,0.3,0.0,0.0,2.7847407452620017,-46.28,0.0,0.0,0.0,nan
14.037385940551758,0.3,0.0,0.0,2.8,-46.28,0.0,0.0,0.0,nan
14.037452936172485,0.3,0.0,0.0,2.7847407452620017,-46.28,0.0,0.0,0.0,nan
14.037517070770264,0.3,0.0,0.0,2.815259254737998,-46.28,0.0,0.0,0.0,nan
14.037576913833618,0.3,0.0,0.0,2.7847407452620017,-46.28,0.0,0.0,0.0,nan
14.078612327575684,0.3,0.0,0.0,2.815259254737998,-46.28,0.0,0.0,0.0,nan
14.078769445419312,0.3,0.0,0.0,2.830518509475996,-46.28,0.0,0.0,0.0,nan
14.078848123550415,0.3,0.0,0.0,2.815259254737998,-46.28,0.0,0.0,0.0,nan
14.078920125961304,0.3,0.0,0.0,2.7694814905240035,-46.28,0.0,0.0,0.0,nan
14.078983783721924,0.3,0.0,0.0,2.8,-46.28,0.0,0.0,0.0,nan
14.07904314994812,0.3,0.0,0.0,2.7847407452620017,-46.28,0.0,0.0,0.0,nan
14.12016487121582,0.3,0.0,0.0,2.7694814905240035,-46.28,0.0,0.0,0.0,nan
14.120324611663818,0.3,0.0,0.0,2.830518509475996,-46.28,0.0,0.0,0.0,nan
14.120401620864868,0.3,0.0,0.0,2.7847407452620017,-46.28,0.0,0.0,0.0,nan
14.120469808578491,0.3,0.0,0.0,2.7847407452620017,-46.28,0.0,0.0,0.0,nan
14.120531797409058,0.3,0.0,0.0,2.815259254737998,-46.28,0.0,0.0,0.0,nan
14.120590686798096,0.3,0.0,0.0,2.8,-46.28,0.0,0.0,0.0,nan
14.161617755889893,0.3,0.0,0.0,2.8,-46.28,0.0,0.0,0.0,nan
14.161773204803467,0.3,0.0,0.0,2.8,-46.28,0.0,0.0,0.0,nan
14.161848783493042,0.3,0.0,0.0,2.7847407452620017,-46.28,0.0,0.0,0.0,nan
14.161922454833984,0.3,0.0,0.0,2.8,-46.28,0.0,0.0,0.0,nan
14.161985635757446,0.3,0.0,0.0,2.7694814905240035,-46.28,0.0,0.0,0.0,nan
14.162044525146484,0.3,0.0,0.0,2.815259254737998,-46.28,0.0,0.0,0.0,nan
14.203452825546265,0.3,0.0,0.0,2.8,-46.28,0.0,0.0,0.0,nan
14.203607082366943,0.3,0.0,0.0,2.8,-46.459999999999994,0.0,0.0,0.0,nan
14.20369267463684,0.3,0.0,0.0,2.815259254737998,-46.459999999999994,0.0,0.0,0.0,nan
14.203768730163574,0.3,0.0,0.0,2.7847407452620017,-46.459999999999994,0.0,0.0,0.0,nan
14.203836679458618,0.3,0.0,0.0,2.8,-46.459999999999994,0.0,0.0,0.0,nan
14.255209684371948,0.3,0.0,0.0,2.7847407452620017,-46.459999999999994,0.0,0.0,0.0,nan
14.255316495895386,0.3,0.0,0.0,2.8,-46.459999999999994,0.0,0.0,0.0,nan
14.255385875701904,0.3,0.0,0.0,2.7847407452620017,-46.459999999999994,0.0,0.0,0.0,nan
14.255517959594727,0.3,0.0,0.0,2.8,-46.459999999999994,0.0,0.0,0.0,nan
14.255561351776123,0.3,0.0,0.0,2.7694814905240035,-46.459999999999994,0.0,0.0,0.0,nan
14.255605936050415,0.3,0.0,0.0,2.7694814905240035,-46.459999999999994,0.0,0.0,0.0,nan
14.296689748764038,0.3,0.0,0.0,2.815259254737998,-46.459999999999994,0.0,0.0,0.0,nan
14.296858310699463,0.3,0.0,0.0,2.7847407452620017,-46.64,0.0,0.0,0.0,nan
14.29697299003601,0.3,0.0,0.0,2.7847407452620017,-46.64,0.0,0.0,0.0,nan
14.297049522399902,0.3,0.0,0.0,2.815259254737998,-46.64,0.0,0.0,0.0,nan
14.297115325927734,0.3,0.0,0.0,2.7847407452620017,-46.64,0.0,0.0,0.0,nan
14.297175407409668,0.3,0.0,0.0,2.815259254737998,-46.64,0.0,0.0,0.0,nan
14.33832311630249,0.3,0.0,0.0,2.8,-46.64,0.0,0.0,0.0,nan
14.338462114334106,0.3,0.0,0.0,2.8,-46.64,0.0,0.0,0.0,nan
14.338512182235718,0.3,0.0,0.0,2.830518509475996,-46.459999999999994,0.0,0.0,0.0,nan
14.33855390548706,0.3,0.0,0.0,2.7847407452620017,-46.459999999999994,0.0,0.0,0.0,nan
14.338586807250977,0.3,0.0,0.0,2.815259254737998,-46.459999999999994,0.0,0.0,0.0,nan
14.338613510131836,0.3,0.0,0.0,2.8,-46.459999999999994,0.0,0.0,0.0,nan
14.379674434661865,0.3,0.0,0.0,2.7694814905240035,-46.459999999999994,0.0,0.0,0.0,nan
14.379837036132812,0.3,0.0,0.0,2.8,-46.459999999999994,0.0,0.0,0.0,nan
14.379911184310913,0.3,0.0,0.0,2.8,-46.459999999999994,0.0,0.0,0.0,nan
14.37998366355896,0.3,0.0,0.0,2.7694814905240035,-46.459999999999994,0.0,0.0,0.0,nan
14.380046844482422,0.3,0.0,0.0,2.815259254737998,-46.459999999999994,0.0,0.0,0.0,nan
14.380106925964355,0.3,0.0,0.0,2.815259254737998,-46.459999999999994,0.0,0.0,0.0,nan
14.42123031616211,0.3,0.0,0.0,2.8,-46.459999999999994,0.0,0.0,0.0,nan
14.421387672424316,0.3,0.0,0.0,2.8,-46.459999999999994,0.0,0.0,0.0,nan
14.42146611213684,0.3,0.0,0.0,2.7847407452620017,-46.459999999999994,0.0,0.0,0.0,nan
14.42154049873352,0.3,0.0,0.0,2.7694814905240035,-46.64,0.0,0.0,0.0,nan
14.42160439491272,0.3,0.0,0.0,2.815259254737998,-46.64,0.0,0.0,0.0,nan
14.42166256904602,0.3,0.0,0.0,2.7542222357860053,-46.64,0.0,0.0,0.0,nan
14.462790966033936,0.3,0.0,0.0,2.815259254737998,-46.64,0.0,0.0,0.0,nan
14.462947368621826,0.3,0.0,0.0,2.815259254737998,-46.64,0.0,0.0,0.0,nan
14.46302580833435,0.3,0.0,0.0,2.7847407452620017,-46.64,0.0,0.0,0.0,nan
14.463095426559448,0.3,0.0,0.0,2.7694814905240035,-46.64,0.0,0.0,0.0,nan
14.46316146850586,0.3,0.0,0.0,2.8,-46.64,0.0,0.0,0.0,nan
14.463220119476318,0.3,0.0,0.0,2.7847407452620017,-46.64,0.0,0.0,0.0,nan
14.50443959236145,0.3,0.0,0.0,2.8,-46.64,0.0,0.0,0.0,nan
14.504603385925293,0.3,0.0,0.0,2.7847407452620017,-46.64,0.0,0.0,0.0,nan
14.504685640335083,0.3,0.0,0.0,2.7847407452620017,-46.64,0.0,0.0,0.0,nan
14.504756212234497,0.3,0.0,0.0,2.815259254737998,-46.64,0.0,0.0,0.0,nan
14.504820823669434,0.3,0.0,0.0,2.8,-46.64,0.0,0.0,0.0,nan
14.504878520965576,0.3,0.0,0.0,2.7847407452620017,-46.64,0.0,0.0,0.0,nan
14.556009769439697,0.3,0.0,0.0,2.8,-46.64,0.0,0.0,0.0,nan
14.556110620498657,0.3,0.0,0.0,2.7847407452620017,-46.64,0.0,0.0,0.0,nan
14.556147336959839,0.3,0.0,0.0,2.7694814905240035,-46.64,0.0,0.0,0.0,nan
14.556182861328125,0.3,0.0,0.0,2.7847407452620017,-46.64,0.0,0.0,0.0,nan
14.556214332580566,0.3,0.0,0.0,2.7847407452620017,-46.64,0.0,0.0,0.0,nan
14.556265354156494,0.3,0.0,0.0,2.7847407452620017,-46.64,0.0,0.0,0.0,nan
14.59732723236084,0.3,0.0,0.0,2.7847407452620017,-46.64,0.0,0.0,0.0,nan
14.59748363494873,0.3,0.0,0.0,2.815259254737998,-46.64,0.0,0.0,0.0,nan
14.597556829452515,0.3,0.0,0.0,2.8,-46.64,0.0,0.0,0.0,nan
14.597623586654663,0.3,0.0,0.0,2.7847407452620017,-46.64,0.0,0.0,0.0,nan
14.59768557548523,0.3,0.0,0.0,2.8,-46.64,0.0,0.0,0.0,nan
14.597740411758423,0.3,0.0,0.0,2.7847407452620017,-46.64,0.0,0.0,0.0,nan
14.639248847961426,0.3,0.0,0.0,2.8,-46.64,0.0,0.0,0.0,nan
14.63940715789795,0.3,0.0,0.0,2.815259254737998,-46.64,0.0,0.0,0.0,nan
14.639482975006104,0.3,0.0,0.0,2.7847407452620017,-46.64,0.0,0.0,0.0,nan
14.639552354812622,0.3,0.0,0.0,2.7847407452620017,-46.64,0.0,0.0,0.0,nan
14.639615058898926,0.3,0.0,0.0,2.8,-46.64,0.0,0.0,0.0,nan
14.639671087265015,0.3,0.0,0.0,2.7847407452620017,-46.64,0.0,0.0,0.0,nan
14.680818796157837,0.3,0.0,0.0,2.8,-46.82,0.0,0.0,0.0,nan
14.681015491485596,0.3,0.0,0.0,2.7847407452620017,-46.82,0.0,0.0,0.0,nan
14.681100845336914,0.3,0.0,0.0,2.8,-46.82,0.0,0.0,0.0,nan
14.68116807937622,0.3,0.0,0.0,2.815259254737998,-46.82,0.0,0.0,0.0,nan
14.681229591369629,0.3,0.0,0.0,2.8,-46.82,0.0,0.0,0.0,nan
14.722182750701904,0.3,0.0,0.0,2.815259254737998,-46.82,0.0,0.0,0.0,nan
14.722289323806763,0.3,0.0,0.0,2.8,-46.82,0.0,0.0,0.0,nan
14.722326040267944,0.3,0.0,0.0,2.8,-46.82,0.0,0.0,0.0,nan
14.722357511520386,0.3,0.0,0.0,2.7694814905240035,-46.82,0.0,0.0,0.0,nan
14.722391366958618,0.3,0.0,0.0,2.8,-46.82,0.0,0.0,0.0,nan
14.722421646118164,0.3,0.0,0.0,2.7694814905240035,-46.64,0.0,0.0,0.0,nan
14.76346206665039,0.3,0.0,0.0,2.8,-46.64,0.0,0.0,0.0,nan
14.763627052307129,0.3,0.0,0.0,2.7847407452620017,-46.64,0.0,0.0,0.0,nan
14.763707637786865,0.3,0.0,0.0,2.7847407452620017,-46.64,0.0,0.0,0.0,nan
14.763774871826172,0.3,0.0,0.0,2.815259254737998,-46.64,0.0,0.0,0.0,nan
14.763842821121216,0.3,0.0,0.0,2.7847407452620017,-46.64,0.0,0.0,0.0,nan
14.763906717300415,0.3,0.0,0.0,2.8,-46.64,0.0,0.0,0.0,nan
14.815459251403809,0.3,0.0,0.0,2.8,-46.64,0.0,0.0,0.0,nan
14.815624237060547,0.3,0.0,0.0,2.7694814905240035,-46.64,0.0,0.0,0.0,nan
14.81570315361023,0.3,0.0,0.0,2.8,-46.64,0.0,0.0,0.0,nan
14.815770149230957,0.3,0.0,0.0,2.8,-46.64,0.0,0.0,0.0,nan
14.815831661224365,0.3,0.0,0.0,2.7847407452620017,-46.64,0.0,0.0,0.0,nan
14.815892457962036,0.3,0.0,0.0,2.815259254737998,-46.64,0.0,0.0,0.0,nan
14.856925010681152,0.3,0.0,0.0,2.815259254737998,-46.64,0.0,0.0,0.0,nan
14.857044458389282,0.3,0.0,0.0,2.7847407452620017,-46.64,0.0,0.0,0.0,nan
14.857081413269043,0.3,0.0,0.0,2.8,-46.64,0.0,0.0,0.0,nan
14.857112169265747,0.3,0.0,0.0,2.7847407452620017,-46.64,0.0,0.0,0.0,nan
14.857144355773926,0.3,0.0,0.0,2.7694814905240035,-46.82,0.0,0.0,0.0,nan
14.857171535491943,0.3,0.0,0.0,2.8,-46.82,0.0,0.0,0.0,nan
14.89833116531372,0.3,0.0,0.0,2.7847407452620017,-46.82,0.0,0.0,0.0,nan
14.89849066734314,0.3,0.0,0.0,2.7694814905240035,-46.82,0.0,0.0,0.0,nan
14.898566007614136,0.3,0.0,0.0,2.8,-46.82,0.0,0.0,0.0,nan
14.898633241653442,0.3,0.0,0.0,2.7847407452620017,-46.82,0.0,0.0,0.0,nan
14.898695468902588,0.3,0.0,0.0,2.8,-46.82,0.0,0.0,0.0,nan
14.898756742477417,0.3,0.0,0.0,2.7847407452620017,-46.82,0.0,0.0,0.0,nan
14.939893960952759,0.3,0.0,0.0,2.8,-46.82,0.0,0.0,0.0,nan
14.94005537033081,0.3,0.0,0.0,2.815259254737998,-46.82,0.0,0.0,0.0,nan
14.940130949020386,0.3,0.0,0.0,2.8,-46.82,0.0,0.0,0.0,nan
14.940197944641113,0.3,0.0,0.0,2.8,-46.82,0.0,0.0,0.0,nan
14.940259218215942,0.3,0.0,0.0,2.8,-46.82,0.0,0.0,0.0,nan
14.940316200256348,0.3,0.0,0.0,2.8,-46.82,0.0,0.0,0.0,nan
14.981341361999512,0.3,0.0,0.0,2.815259254737998,-46.82,0.0,0.0,0.0,nan
14.981496095657349,0.3,0.0,0.0,2.8,-46.82,0.0,0.0,0.0,nan
14.981569290161133,0.3,0.0,0.0,2.7694814905240035,-46.82,0.0,0.0,0.0,nan
14.981637716293335,0.3,0.0,0.0,2.8,-46.82,0.0,0.0,0.0,nan
14.981698036193848,0.3,0.0,0.0,2.8,-46.82,0.0,0.0,0.0,nan
14.981755018234253,0.3,0.0,0.0,2.8,-46.82,0.0,0.0,0.0,nan
15.022851705551147,0.3,0.0,0.0,2.8,-46.82,0.0,0.0,0.0,nan
15.022961139678955,0.3,0.0,0.0,2.7847407452620017,-46.82,0.0,0.0,0.0,nan
15.02299690246582,0.3,0.0,0.0,2.7847407452620017,-46.82,0.0,0.0,0.0,nan
15.023029327392578,0.3,0.0,0.0,2.8,-46.82,0.0,0.0,0.0,nan
15.023058891296387,0.3,0.0,0.0,2.7694814905240035,-46.82,0.0,0.0,0.0,nan
15.023085832595825,0.3,0.0,0.0,2.8,-46.82,0.0,0.0,0.0,nan
15.06415057182312,0.3,0.0,0.0,2.815259254737998,-46.82,0.0,0.0,0.0,nan
15.06431770324707,0.3,0.0,0.0,2.7847407452620017,-46.82,0.0,0.0,0.0,nan
15.064395427703857,0.3,0.0,0.0,2.8,-46.82,0.0,0.0,0.0,nan
15.064461946487427,0.3,0.0,0.0,2.8,-46.82,0.0,0.0,0.0,nan
15.064523220062256,0.3,0.0,0.0,2.7847407452620017,-46.82,0.0,0.0,0.0,nan
15.06467056274414,0.3,0.0,0.0,2.7847407452620017,-46.82,0.0,0.0,0.0,nan
15.11587905883789,0.3,0.0,0.0,2.815259254737998,-46.82,0.0,0.0,0.0,nan
15.116037368774414,0.3,0.0,0.0,2.7847407452620017,-46.82,0.0,0.0,0.0,nan
15.116111755371094,0.3,0.0,0.0,2.815259254737998,-46.82,0.0,0.0,0.0,nan
15.1161789894104,0.3,0.0,0.0,2.7694814905240035,-46.82,0.0,0.0,0.0,nan
15.116240739822388,0.3,0.0,0.0,2.8,-46.82,0.0,0.0,0.0,nan
15.15720796585083,0.3,0.0,0.0,2.7542222357860053,-46.82,0.0,0.0,0.0,nan
15.157320976257324,0.3,0.0,0.0,2.8,-46.82,0.0,0.0,0.0,nan
15.157355308532715,0.3,0.0,0.0,2.8,-46.82,0.0,0.0,0.0,nan
15.157383441925049,0.3,0.0,0.0,2.815259254737998,-46.82,0.0,0.0,0.0,nan
15.157411575317383,0.3,0.0,0.0,2.7847407452620017,-46.82,0.0,0.0,0.0,nan
15.157440900802612,0.3,0.0,0.0,2.7694814905240035,-46.82,0.0,0.0,0.0,nan
15.198439121246338,0.3,0.0,0.0,2.8,-46.82,0.0,0.0,0.0,nan
15.198607206344604,0.3,0.0,0.0,2.7847407452620017,-46.82,0.0,0.0,0.0,nan
15.198686122894287,0.3,0.0,0.0,2.815259254737998,-46.82,0.0,0.0,0.0,nan
15.198752164840698,0.3,0.0,0.0,2.815259254737998,-46.82,0.0,0.0,0.0,nan
15.19881296157837,0.3,0.0,0.0,2.7847407452620017,-46.82,0.0,0.0,0.0,nan
15.198890686035156,0.3,0.0,0.0,2.7847407452620017,-46.82,0.0,0.0,0.0,nan
15.239820957183838,0.3,0.0,0.0,2.8,-46.82,0.0,0.0,0.0,nan
15.2399263381958,0.3,0.0,0.0,2.7847407452620017,-46.82,0.0,0.0,0.0,nan
15.239962816238403,0.3,0.0,0.0,2.8,-46.82,0.0,0.0,0.0,nan
15.239992141723633,0.3,0.0,0.0,2.7694814905240035,-46.82,0.0,0.0,0.0,nan
15.240024089813232,0.3,0.0,0.0,2.815259254737998,-46.82,0.0,0.0,0.0,nan
15.240051031112671,0.3,0.0,0.0,2.7694814905240035,-46.82,0.0,0.0,0.0,nan
15.2810378074646,0.3,0.0,0.0,2.8,-46.82,0.0,0.0,0.0,nan
15.281195640563965,0.3,0.0,0.0,2.8,-46.82,0.0,0.0,0.0,nan
15.281265497207642,0.3,0.0,0.0,2.8,-46.82,0.0,0.0,0.0,nan
15.281328201293945,0.3,0.0,0.0,2.7847407452620017,-46.82,0.0,0.0,0.0,nan
15.281390190124512,0.3,0.0,0.0,2.8,-46.82,0.0,0.0,0.0,nan
15.281446695327759,0.3,0.0,0.0,2.7694814905240035,-46.82,0.0,0.0,0.0,nan
15.32254147529602,0.3,0.0,0.0,2.7847407452620017,-46.82,0.0,0.0,0.0,nan
15.322702646255493,0.3,0.0,0.0,2.8,-46.82,0.0,0.0,0.0,nan
15.322778224945068,0.3,0.0,0.0,2.7694814905240035,-46.82,0.0,0.0,0.0,nan
15.322842121124268,0.3,0.0,0.0,2.7847407452620017,-46.82,0.0,0.0,0.0,nan
15.322904109954834,0.3,0.0,0.0,2.8,-46.82,0.0,0.0,0.0,nan
15.32294225692749,0.3,0.0,0.0,2.8,-46.82,0.0,0.0,0.0,nan
15.374093770980835,0.3,0.0,0.0,2.8,-46.82,0.0,0.0,0.0,nan
15.374247312545776,0.3,0.0,0.0,2.7847407452620017,-46.82,0.0,0.0,0.0,nan
15.374325275421143,0.3,0.0,0.0,2.8,-46.82,0.0,0.0,0.0,nan
15.374391794204712,0.3,0.0,0.0,2.815259254737998,-46.82,0.0,0.0,0.0,nan
15.374454259872437,0.3,0.0,0.0,2.8,-46.82,0.0,0.0,0.0,nan
15.374514102935791,0.3,0.0,0.0,2.7847407452620017,-46.82,0.0,0.0,0.0,nan
15.41560411453247,0.3,0.0,0.0,2.7847407452620017,-46.82,0.0,0.0,0.0,nan
15.415738582611084,0.3,0.0,0.0,2.7694814905240035,-46.82,0.0,0.0,0.0,nan
15.415793180465698,0.3,0.0,0.0,2.815259254737998,-46.82,0.0,0.0,0.0,nan
15.415845155715942,0.3,0.0,0.0,2.8,-47.0,0.0,0.0,0.0,nan
15.415895223617554,0.3,0.0,0.0,2.815259254737998,-47.0,0.0,0.0,0.0,nan
15.415932655334473,0.3,0.0,0.0,2.815259254737998,-47.0,0.0,0.0,0.0,nan
15.457171440124512,0.3,0.0,0.0,2.8,-47.0,0.0,0.0,0.0,nan
15.457309007644653,0.3,0.0,0.0,2.815259254737998,-47.0,0.0,0.0,0.0,nan
15.457360982894897,0.3,0.0,0.0,2.8,-47.0,0.0,0.0,0.0,nan
15.457409620285034,0.3,0.0,0.0,2.7847407452620017,-47.0,0.0,0.0,0.0,nan
15.457444190979004,0.3,0.0,0.0,2.8,-47.0,0.0,0.0,0.0,nan
15.457749366760254,0.3,0.0,0.0,2.830518509475996,-47.0,0.0,0.0,0.0,nan
15.498736381530762,0.3,0.0,0.0,2.815259254737998,-47.0,0.0,0.0,0.0,nan
15.498863220214844,0.3,0.0,0.0,2.7694814905240035,-47.0,0.0,0.0,0.0,nan
15.498916387557983,0.3,0.0,0.0,2.815259254737998,-47.0,0.0,0.0,0.0,nan
15.499144554138184,0.3,0.0,0.0,2.7847407452620017,-47.0,0.0,0.0,0.0,nan
15.499205112457275,0.3,0.0,0.0,2.8,-47.0,0.0,0.0,0.0,nan
15.499242544174194,0.3,0.0,0.0,2.7847407452620017,-47.0,0.0,0.0,0.0,nan
15.540191173553467,0.3,0.0,0.0,2.8,-47.0,0.0,0.0,0.0,nan
15.540289402008057,0.3,0.0,0.0,2.8,-47.0,0.0,0.0,0.0,nan
15.54032301902771,0.3,0.0,0.0,2.7847407452620017,-47.0,0.0,0.0,0.0,nan
15.54035210609436,0.3,0.0,0.0,2.8,-47.0,0.0,0.0,0.0,nan
15.54037880897522,0.3,0.0,0.0,2.7847407452620017,-47.0,0.0,0.0,0.0,nan
15.540403842926025,0.3,0.0,0.0,2.815259254737998,-47.0,0.0,0.0,0.0,nan
15.581395626068115,0.3,0.0,0.0,2.8,-47.0,0.0,0.0,0.0,nan
15.58155345916748,0.3,0.0,0.0,2.7542222357860053,-47.0,0.0,0.0,0.0,nan
15.581631183624268,0.3,0.0,0.0,2.8,-47.0,0.0,0.0,0.0,nan
15.581696033477783,0.3,0.0,0.0,2.7694814905240035,-47.0,0.0,0.0,0.0,nan
15.58176851272583,0.3,0.0,0.0,2.7847407452620017,-47.0,0.0,0.0,0.0,nan
15.633580923080444,0.3,0.0,0.0,2.815259254737998,-47.0,0.0,0.0,0.0,nan
15.633743047714233,0.3,0.0,0.0,2.815259254737998,-47.0,0.0,0.0,0.0,nan
15.633817434310913,0.3,0.0,0.0,2.815259254737998,-47.0,0.0,0.0,0.0,nan
15.633882999420166,0.3,0.0,0.0,2.815259254737998,-47.0,0.0,0.0,0.0,nan
15.633944988250732,0.3,0.0,0.0,2.815259254737998,-47.0,0.0,0.0,0.0,nan
15.63400387763977,0.3,0.0,0.0,2.7847407452620017,-47.0,0.0,0.0,0.0,nan
15.67538046836853,0.3,0.0,0.0,2.815259254737998,-47.0,0.0,0.0,0.0,nan
15.675542116165161,0.3,0.0,0.0,2.7847407452620017,-47.0,0.0,0.0,0.0,nan
15.675620794296265,0.3,0.0,0.0,2.8,-47.0,0.0,0.0,0.0,nan
15.675683736801147,0.3,0.0,0.0,2.8,-47.0,0.0,0.0,0.0,nan
15.675745010375977,0.3,0.0,0.0,2.815259254737998,-47.0,0.0,0.0,0.0,nan
15.675806045532227,0.3,0.0,0.0,2.7847407452620017,-47.0,0.0,0.0,0.0,nan
15.716992855072021,0.3,0.0,0.0,2.8,-47.0,0.0,0.0,0.0,nan
15.717155456542969,0.3,0.0,0.0,2.7847407452620017,-47.0,0.0,0.0,0.0,nan
15.717228174209595,0.3,0.0,0.0,2.7847407452620017,-47.0,0.0,0.0,0.0,nan
15.717292308807373,0.3,0.0,0.0,2.7694814905240035,-47.0,0.0,0.0,0.0,nan
15.71735167503357,0.3,0.0,0.0,2.8,-47.0,0.0,0.0,0.0,nan
15.717409133911133,0.3,0.0,0.0,2.7542222357860053,-47.0,0.0,0.0,0.0,nan
15.758312463760376,0.3,0.0,0.0,2.7847407452620017,-47.0,0.0,0.0,0.0,nan
15.758464097976685,0.3,0.0,0.0,2.7694814905240035,-47.0,0.0,0.0,0.0,nan
15.758531093597412,0.3,0.0,0.0,2.7847407452620017,-47.0,0.0,0.0,0.0,nan
15.758595943450928,0.3,0.0,0.0,2.8,-47.0,0.0,0.0,0.0,nan
15.75865912437439,0.3,0.0,0.0,2.8,-47.0,0.0,0.0,0.0,nan
15.758716821670532,0.3,0.0,0.0,2.7694814905240035,-47.0,0.0,0.0,0.0,nan
15.80008602142334,0.3,0.0,0.0,2.8,-47.0,0.0,0.0,0.0,nan
15.800241708755493,0.3,0.0,0.0,2.7847407452620017,-47.0,0.0,0.0,0.0,nan
15.800315380096436,0.3,0.0,0.0,2.8,-47.0,0.0,0.0,0.0,nan
15.800379991531372,0.3,0.0,0.0,2.8,-47.0,0.0,0.0,0.0,nan
15.80044174194336,0.3,0.0,0.0,2.8,-47.0,0.0,0.0,0.0,nan
15.80049753189087,0.3,0.0,0.0,2.7847407452620017,-47.0,0.0,0.0,0.0,nan
15.84171724319458,0.3,0.0,0.0,2.8,-47.0,0.0,0.0,0.0,nan
15.841876983642578,0.3,0.0,0.0,2.815259254737998,-47.0,0.0,0.0,0.0,nan
15.841954708099365,0.3,0.0,0.0,2.7847407452620017,-47.0,0.0,0.0,0.0,nan
15.84203314781189,0.3,0.0,0.0,2.815259254737998,-47.0,0.0,0.0,0.0,nan
15.842097759246826,0.3,0.0,0.0,2.8,-47.0,0.0,0.0,0.0,nan
15.842153549194336,0.3,0.0,0.0,2.8,-47.0,0.0,0.0,0.0,nan
15.883318424224854,0.3,0.0,0.0,2.7847407452620017,-47.0,0.0,0.0,0.0,nan
15.883486270904541,0.3,0.0,0.0,2.7694814905240035,-47.0,0.0,0.0,0.0,nan
15.883559703826904,0.3,0.0,0.0,2.8,-47.0,0.0,0.0,0.0,nan
15.88362455368042,0.3,0.0,0.0,2.7847407452620017,-47.0,0.0,0.0,0.0,nan
15.883699178695679,0.3,0.0,0.0,2.8,-47.0,0.0,0.0,0.0,nan
15.883758068084717,0.3,0.0,0.0,2.7847407452620017,-47.0,0.0,0.0,0.0,nan
15.924878358840942,0.3,0.0,0.0,2.8,-47.0,0.0,0.0,0.0,nan
15.925073146820068,0.3,0.0,0.0,2.8,-47.0,0.0,0.0,0.0,nan
15.925143957138062,0.3,0.0,0.0,2.7847407452620017,-47.0,0.0,0.0,0.0,nan
15.925211668014526,0.3,0.0,0.0,2.8,-47.0,0.0,0.0,0.0,nan
15.925268650054932,0.3,0.0,0.0,2.7847407452620017,-47.0,0.0,0.0,0.0,nan
15.92532467842102,0.3,0.0,0.0,2.8,-47.0,0.0,0.0,0.0,nan
15.976535558700562,0.3,0.0,0.0,2.7847407452620017,-47.0,0.0,0.0,0.0,nan
15.976690769195557,0.3,0.0,0.0,2.830518509475996,-47.0,0.0,0.0,0.0,nan
15.976768970489502,0.3,0.0,0.0,2.8,-47.0,0.0,0.0,0.0,nan
15.976833820343018,0.3,0.0,0.0,2.7847407452620017,-47.18,0.0,0.0,0.0,nan
15.976897478103638,0.3,0.0,0.0,2.8,-47.18,0.0,0.0,0.0,nan
15.97698974609375,0.3,0.0,0.0,2.7847407452620017,-47.18,0.0,0.0,0.0,nan
16.018007040023804,0.3,0.0,0.0,2.7694814905240035,-47.18,0.0,0.0,0.0,nan
16.01816201210022,0.3,0.0,0.0,2.8,-47.18,0.0,0.0,0.0,nan
16.01823139190674,0.3,0.0,0.0,2.7847407452620017,-47.18,0.0,0.0,0.0,nan
16.01849675178528,0.3,0.0,0.0,2.8,-47.18,0.0,0.0,0.0,nan
16.0185968875885,0.3,0.0,0.0,2.815259254737998,-47.18,0.0,0.0,0.0,nan
16.05970811843872,0.3,0.0,0.0,2.8,-47.18,0.0,0.0,0.0,nan
16.059866666793823,0.3,0.0,0.0,2.7847407452620017,-47.18,0.0,0.0,0.0,nan
16.059942960739136,0.3,0.0,0.0,2.8,-47.18,0.0,0.0,0.0,nan
16.060011625289917,0.3,0.0,0.0,2.8,-47.18,0.0,0.0,0.0,nan
16.0600745677948,0.3,0.0,0.0,2.815259254737998,-47.18,0.0,0.0,0.0,nan
16.060132265090942,0.3,0.0,0.0,2.7847407452620017,-47.18,0.0,0.0,0.0,nan
16.101282596588135,0.3,0.0,0.0,2.7847407452620017,-47.18,0.0,0.0,0.0,nan
16.101444721221924,0.3,0.0,0.0,2.7847407452620017,-47.18,0.0,0.0,0.0,nan
16.101517915725708,0.3,0.0,0.0,2.7847407452620017,-47.18,0.0,0.0,0.0,nan
16.101581573486328,0.3,0.0,0.0,2.8,-47.18,0.0,0.0,0.0,nan
16.101644039154053,0.3,0.0,0.0,2.8,-47.18,0.0,0.0,0.0,nan
16.10178542137146,0.3,0.0,0.0,2.7694814905240035,-47.18,0.0,0.0,0.0,nan
16.142776012420654,0.3,0.0,0.0,2.7847407452620017,-47.18,0.0,0.0,0.0,nan
16.14293646812439,0.3,0.0,0.0,2.815259254737998,-47.18,0.0,0.0,0.0,nan
16.143009424209595,0.3,0.0,0.0,2.8,-47.18,0.0,0.0,0.0,nan
16.14308190345764,0.3,0.0,0.0,2.7847407452620017,-47.18,0.0,0.0,0.0,nan
16.143141508102417,0.3,0.0,0.0,2.8,-47.18,0.0,0.0,0.0,nan
16.143201112747192,0.3,0.0,0.0,2.7847407452620017,-47.18,0.0,0.0,0.0,nan
16.184277772903442,0.3,0.0,0.0,2.815259254737998,-47.18,0.0,0.0,0.0,nan
16.184438705444336,0.3,0.0,0.0,2.7694814905240035,-47.18,0.0,0.0,0.0,nan
16.18450951576233,0.3,0.0,0.0,2.815259254737998,-47.18,0.0,0.0,0.0,nan
16.18457293510437,0.3,0.0,0.0,2.8,-47.18,0.0,0.0,0.0,nan
16.184636116027832,0.3,0.0,0.0,2.8,-47.18,0.0,0.0,0.0,nan
16.184693813323975,0.3,0.0,0.0,2.8,-47.18,0.0,0.0,0.0,nan
16.23587965965271,0.3,0.0,0.0,2.830518509475996,-47.18,0.0,0.0,0.0,nan
16.236029863357544,0.3,0.0,0.0,2.7694814905240035,-47.18,0.0,0.0,0.0,nan
16.236101865768433,0.3,0.0,0.0,2.8,-47.18,0.0,0.0,0.0,nan
16.236167192459106,0.3,0.0,0.0,2.815259254737998,-47.18,0.0,0.0,0.0,nan
16.236266374588013,0.3,0.0,0.0,2.815259254737998,-47.18,0.0,0.0,0.0,nan
16.236350297927856,0.3,0.0,0.0,2.7694814905240035,-47.18,0.0,0.0,0.0,nan
16.277354955673218,0.3,0.0,0.0,2.7847407452620017,-47.18,0.0,0.0,0.0,nan
16.277515411376953,0.3,0.0,0.0,2.7847407452620017,-47.18,0.0,0.0,0.0,nan
16.27759289741516,0.3,0.0,0.0,2.815259254737998,-47.18,0.0,0.0,0.0,nan
16.277658224105835,0.3,0.0,0.0,2.7542222357860053,-47.18,0.0,0.0,0.0,nan
16.27771759033203,0.3,0.0,0.0,2.8,-47.18,0.0,0.0,0.0,nan
16.27777600288391,0.3,0.0,0.0,2.8,-47.18,0.0,0.0,0.0,nan
16.318874835968018,0.3,0.0,0.0,2.7847407452620017,-47.18,0.0,0.0,0.0,nan
16.319039344787598,0.3,0.0,0.0,2.8,-47.18,0.0,0.0,0.0,nan
16.319115161895752,0.3,0.0,0.0,2.7847407452620017,-47.18,0.0,0.0,0.0,nan
16.319180965423584,0.3,0.0,0.0,2.7694814905240035,-47.18,0.0,0.0,0.0,nan
16.319243907928467,0.3,0.0,0.0,2.7847407452620017,-47.18,0.0,0.0,0.0,nan
16.31930422782898,0.3,0.0,0.0,2.8,-47.18,0.0,0.0,0.0,nan
16.360243320465088,0.3,0.0,0.0,2.8,-47.18,0.0,0.0,0.0,nan
16.360406637191772,0.3,0.0,0.0,2.815259254737998,-47.18,0.0,0.0,0.0,nan
16.360486030578613,0.3,0.0,0.0,2.7694814905240035,-47.18,0.0,0.0,0.0,nan
16.36055612564087,0.3,0.0,0.0,2.7847407452620017,-47.18,0.0,0.0,0.0,nan
16.360615968704224,0.3,0.0,0.0,2.8,-47.18,0.0,0.0,0.0,nan
16.360671281814575,0.3,0.0,0.0,2.8,-47.18,0.0,0.0,0.0,nan
16.401938438415527,0.3,0.0,0.0,2.815259254737998,-47.18,0.0,0.0,0.0,nan
16.402097940444946,0.3,0.0,0.0,2.7847407452620017,-47.18,0.0,0.0,0.0,nan
16.402175903320312,0.3,0.0,0.0,2.7847407452620017,-47.18,0.0,0.0,0.0,nan
16.40224552154541,0.3,0.0,0.0,2.8,-47.18,0.0,0.0,0.0,nan
16.40230655670166,0.3,0.0,0.0,2.8,-47.18,0.0,0.0,0.0,nan
16.402360916137695,0.3,0.0,0.0,2.7694814905240035,-47.18,0.0,0.0,0.0,nan
16.443471431732178,0.3,0.0,0.0,2.8,-47.18,0.0,0.0,0.0,nan
16.4436194896698,0.3,0.0,0.0,2.7847407452620017,-47.18,0.0,0.0,0.0,nan
16.443689584732056,0.3,0.0,0.0,2.8,-47.18,0.0,0.0,0.0,nan
16.4437518119812,0.3,0.0,0.0,2.7847407452620017,-47.18,0.0,0.0,0.0,nan
16.443814516067505,0.3,0.0,0.0,2.830518509475996,-47.18,0.0,0.0,0.0,nan
16.443870306015015,0.3,0.0,0.0,2.8,-47.18,0.0,0.0,0.0,nan
16.484792709350586,0.3,0.0,0.0,2.7847407452620017,-47.18,0.0,0.0,0.0,nan
16.484910249710083,0.3,0.0,0.0,2.7847407452620017,-47.18,0.0,0.0,0.0,nan
16.484975814819336,0.3,0.0,0.0,2.815259254737998,-47.18,0.0,0.0,0.0,nan
16.48502230644226,0.3,0.0,0.0,2.7847407452620017,-47.18,0.0,0.0,0.0,nan
16.48506259918213,0.3,0.0,0.0,2.8,-47.18,0.0,0.0,0.0,nan
16.536354303359985,0.3,0.0,0.0,2.8,-47.18,0.0,0.0,0.0,nan
16.536516666412354,0.3,0.0,0.0,2.8,-47.18,0.0,0.0,0.0,nan
16.53659462928772,0.3,0.0,0.0,2.7542222357860053,-47.18,0.0,0.0,0.0,nan
16.53665804862976,0.3,0.0,0.0,2.8,-47.18,0.0,0.0,0.0,nan
16.53672432899475,0.3,0.0,0.0,2.8,-47.18,0.0,0.0,0.0,nan
16.536780834197998,0.3,0.0,0.0,2.815259254737998,-47.18,0.0,0.0,0.0,nan
16.57780647277832,0.3,0.0,0.0,2.7847407452620017,-47.18,0.0,0.0,0.0,nan
16.577917337417603,0.3,0.0,0.0,2.8,-47.18,0.0,0.0,0.0,nan
16.577950477600098,0.3,0.0,0.0,2.8,-47.18,0.0,0.0,0.0,nan
16.57797908782959,0.3,0.0,0.0,2.7847407452620017,-47.18,0.0,0.0,0.0,nan
16.578007698059082,0.3,0.0,0.0,2.8,-47.18,0.0,0.0,0.0,nan
16.578033208847046,0.3,0.0,0.0,2.8,-47.18,0.0,0.0,0.0,nan
16.619157075881958,0.3,0.0,0.0,2.7542222357860053,-47.18,0.0,0.0,0.0,nan
16.61932063102722,0.3,0.0,0.0,2.7694814905240035,-47.18,0.0,0.0,0.0,nan
16.619394302368164,0.3,0.0,0.0,2.8,-47.18,0.0,0.0,0.0,nan
16.619463205337524,0.3,0.0,0.0,2.7847407452620017,-47.18,0.0,0.0,0.0,nan
16.619526147842407,0.3,0.0,0.0,2.7847407452620017,-47.18,0.0,0.0,0.0,nan
16.619585037231445,0.3,0.0,0.0,2.7847407452620017,-47.18,0.0,0.0,0.0,nan
16.660653114318848,0.3,0.0,0.0,2.7847407452620017,-47.18,0.0,0.0,0.0,nan
16.660754442214966,0.3,0.0,0.0,2.8,-47.18,0.0,0.0,0.0,nan
16.660787105560303,0.3,0.0,0.0,2.7847407452620017,-47.18,0.0,0.0,0.0,nan
16.66081714630127,0.3,0.0,0.0,2.8,-47.18,0.0,0.0,0.0,nan
16.660849571228027,0.3,0.0,0.0,2.8,-47.18,0.0,0.0,0.0,nan
16.66087818145752,0.3,0.0,0.0,2.8,-47.36,0.0,0.0,0.0,nan
16.7019100189209,0.3,0.0,0.0,2.8,-47.36,0.0,0.0,0.0,nan
16.702072620391846,0.3,0.0,0.0,2.7847407452620017,-47.36,0.0,0.0,0.0,nan
16.702149868011475,0.3,0.0,0.0,2.8,-47.36,0.0,0.0,0.0,nan
16.702216863632202,0.3,0.0,0.0,2.815259254737998,-47.36,0.0,0.0,0.0,nan
16.702277183532715,0.3,0.0,0.0,2.8,-47.36,0.0,0.0,0.0,nan
16.70233178138733,0.3,0.0,0.0,2.7847407452620017,-47.36,0.0,0.0,0.0,nan
16.744062662124634,0.3,0.0,0.0,2.8,-47.36,0.0,0.0,0.0,nan
16.74417471885681,0.3,0.0,0.0,2.8,-47.36,0.0,0.0,0.0,nan
16.74420928955078,0.3,0.0,0.0,2.8,-47.36,0.0,0.0,0.0,nan
16.744237184524536,0.3,0.0,0.0,2.815259254737998,-47.36,0.0,0.0,0.0,nan
16.744263887405396,0.3,0.0,0.0,2.8,-47.36,0.0,0.0,0.0,nan
16.744293451309204,0.3,0.0,0.0,2.7847407452620017,-47.36,0.0,0.0,0.0,nan
16.786612272262573,0.3,0.0,0.0,2.815259254737998,-47.36,0.0,0.0,0.0,nan
16.786715984344482,0.3,0.0,0.0,2.7847407452620017,-47.36,0.0,0.0,0.0,nan
16.786747932434082,0.3,0.0,0.0,2.8,-47.36,0.0,0.0,0.0,nan
16.786778450012207,0.3,0.0,0.0,2.815259254737998,-47.36,0.0,0.0,0.0,nan
16.7875394821167,0.3,0.0,0.0,2.7847407452620017,-47.36,0.0,0.0,0.0,nan
16.78760313987732,0.3,0.0,0.0,2.7847407452620017,-47.36,0.0,0.0,0.0,nan
16.829076528549194,0.3,0.0,0.0,2.7847407452620017,-47.36,0.0,0.0,0.0,nan
16.829196214675903,0.3,0.0,0.0,2.8,-47.36,0.0,0.0,0.0,nan
16.829235553741455,0.3,0.0,0.0,2.7847407452620017,-47.36,0.0,0.0,0.0,nan
16.82926630973816,0.3,0.0,0.0,2.7847407452620017,-47.36,0.0,0.0,0.0,nan
16.829293489456177,0.3,0.0,0.0,2.8,-47.36,0.0,0.0,0.0,nan
16.82932162284851,0.3,0.0,0.0,2.7847407452620017,-47.36,0.0,0.0,0.0,nan
16.880654335021973,0.3,0.0,0.0,2.7847407452620017,-47.36,0.0,0.0,0.0,nan
16.88077211380005,0.3,0.0,0.0,2.8,-47.36,0.0,0.0,0.0,nan
16.880812644958496,0.3,0.0,0.0,2.7847407452620017,-47.36,0.0,0.0,0.0,nan
16.880853414535522,0.3,0.0,0.0,2.8,-47.36,0.0,0.0,0.0,nan
16.880884885787964,0.3,0.0,0.0,2.8,-47.36,0.0,0.0,0.0,nan
16.88091254234314,0.3,0.0,0.0,2.8,-47.36,0.0,0.0,0.0,nan
16.92190957069397,0.3,0.0,0.0,2.7847407452620017,-47.36,0.0,0.0,0.0,nan
16.922045469284058,0.3,0.0,0.0,2.8,-47.36,0.0,0.0,0.0,nan
16.92210841178894,0.3,0.0,0.0,2.8,-47.36,0.0,0.0,0.0,nan
16.922155618667603,0.3,0.0,0.0,2.8,-47.36,0.0,0.0,0.0,nan
16.922210931777954,0.3,0.0,0.0,2.815259254737998,-47.36,0.0,0.0,0.0,nan
16.96337342262268,0.3,0.0,0.0,2.7847407452620017,-47.36,0.0,0.0,0.0,nan
16.963533401489258,0.3,0.0,0.0,2.7847407452620017,-47.36,0.0,0.0,0.0,nan
16.96361017227173,0.3,0.0,0.0,2.815259254737998,-47.36,0.0,0.0,0.0,nan
16.96367359161377,0.3,0.0,0.0,2.7694814905240035,-47.36,0.0,0.0,0.0,nan
16.963732719421387,0.3,0.0,0.0,2.8,-47.36,0.0,0.0,0.0,nan
16.963796377182007,0.3,0.0,0.0,2.8,-47.36,0.0,0.0,0.0,nan
17.004876375198364,0.3,0.0,0.0,2.8,-47.36,0.0,0.0,0.0,nan
17.005064725875854,0.3,0.0,0.0,2.7694814905240035,-47.36,0.0,0.0,0.0,nan
17.005146265029907,0.3,0.0,0.0,2.8,-47.36,0.0,0.0,0.0,nan
17.00524616241455,0.3,0.0,0.0,2.8,-47.36,0.0,0.0,0.0,nan
17.00531268119812,0.3,0.0,0.0,2.7847407452620017,-47.36,0.0,0.0,0.0,nan
17.005372285842896,0.3,0.0,0.0,2.7694814905240035,-47.36,0.0,0.0,0.0,nan
17.046441316604614,0.3,0.0,0.0,2.8,-47.36,0.0,0.0,0.0,nan
17.04660201072693,0.3,0.0,0.0,2.7694814905240035,-47.36,0.0,0.0,0.0,nan
17.04668402671814,0.3,0.0,0.0,2.7847407452620017,-47.36,0.0,0.0,0.0,nan
17.046757459640503,0.3,0.0,0.0,2.8,-47.36,0.0,0.0,0.0,nan
17.046818733215332,0.3,0.0,0.0,2.815259254737998,-47.36,0.0,0.0,0.0,nan
17.04688286781311,0.3,0.0,0.0,2.7847407452620017,-47.36,0.0,0.0,0.0,nan
17.087980270385742,0.3,0.0,0.0,2.8,-47.36,0.0,0.0,0.0,nan
17.088141441345215,0.3,0.0,0.0,2.815259254737998,-47.36,0.0,0.0,0.0,nan
17.08821725845337,0.3,0.0,0.0,2.815259254737998,-47.36,0.0,0.0,0.0,nan
17.088281869888306,0.3,0.0,0.0,2.7847407452620017,-47.36,0.0,0.0,0.0,nan
17.088404178619385,0.3,0.0,0.0,2.7847407452620017,-47.36,0.0,0.0,0.0,nan
17.088452100753784,0.3,0.0,0.0,2.7694814905240035,-47.36,0.0,0.0,0.0,nan
17.139605045318604,0.3,0.0,0.0,2.7847407452620017,-47.36,0.0,0.0,0.0,nan
17.13970947265625,0.3,0.0,0.0,2.8,-47.36,0.0,0.0,0.0,nan
17.1397442817688,0.3,0.0,0.0,2.815259254737998,-47.36,0.0,0.0,0.0,nan
17.139774084091187,0.3,0.0,0.0,2.8,-47.36,0.0,0.0,0.0,nan
17.13980197906494,0.3,0.0,0.0,2.8,-47.36,0.0,0.0,0.0,nan
17.13982915878296,0.3,0.0,0.0,2.8,-47.36,0.0,0.0,0.0,nan
17.180774927139282,0.3,0.0,0.0,2.8,-47.36,0.0,0.0,0.0,nan
17.18092918395996,0.3,0.0,0.0,2.7847407452620017,-47.36,0.0,0.0,0.0,nan
17.181041717529297,0.3,0.0,0.0,2.8,-47.36,0.0,0.0,0.0,nan
17.1811101436615,0.3,0.0,0.0,2.8,-47.36,0.0,0.0,0.0,nan
17.18117070198059,0.3,0.0,0.0,2.7847407452620017,-47.36,0.0,0.0,0.0,nan
17.181229829788208,0.3,0.0,0.0,2.7847407452620017,-47.36,0.0,0.0,0.0,nan
17.222277402877808,0.3,0.0,0.0,2.7847407452620017,-47.36,0.0,0.0,0.0,nan
17.222384214401245,0.3,0.0,0.0,2.815259254737998,-47.36,0.0,0.0,0.0,nan
17.22242021560669,0.3,0.0,0.0,2.7847407452620017,-47.36,0.0,0.0,0.0,nan
17.2224543094635,0.3,0.0,0.0,2.7694814905240035,-47.36,0.0,0.0,0.0,nan
17.22248411178589,0.3,0.0,0.0,2.7694814905240035,-47.36,0.0,0.0,0.0,nan
17.222511291503906,0.3,0.0,0.0,2.7694814905240035,-47.36,0.0,0.0,0.0,nan
17.263983964920044,0.3,0.0,0.0,2.815259254737998,-47.36,0.0,0.0,0.0,nan
17.264143228530884,0.3,0.0,0.0,2.7847407452620017,-47.36,0.0,0.0,0.0,nan
17.264219522476196,0.3,0.0,0.0,2.7847407452620017,-47.36,0.0,0.0,0.0,nan
17.264286518096924,0.3,0.0,0.0,2.8,-47.36,0.0,0.0,0.0,nan
17.264586925506592,0.3,0.0,0.0,2.8,-47.36,0.0,0.0,0.0,nan
17.264663696289062,0.3,0.0,0.0,2.7694814905240035,-47.36,0.0,0.0,0.0,nan
17.305802822113037,0.3,0.0,0.0,2.8,-47.36,0.0,0.0,0.0,nan
17.305963277816772,0.3,0.0,0.0,2.8,-47.36,0.0,0.0,0.0,nan
17.30604124069214,0.3,0.0,0.0,2.8,-47.36,0.0,0.0,0.0,nan
17.30610728263855,0.3,0.0,0.0,2.815259254737998,-47.36,0.0,0.0,0.0,nan
17.306171417236328,0.3,0.0,0.0,2.8,-47.36,0.0,0.0,0.0,nan
17.306227445602417,0.3,0.0,0.0,2.8,-47.36,0.0,0.0,0.0,nan
17.347765684127808,0.3,0.0,0.0,2.7847407452620017,-47.36,0.0,0.0,0.0,nan
17.347932815551758,0.3,0.0,0.0,2.7542222357860053,-47.36,0.0,0.0,0.0,nan
17.34801173210144,0.3,0.0,0.0,2.7694814905240035,-47.36,0.0,0.0,0.0,nan
17.348079681396484,0.3,0.0,0.0,2.8,-47.36,0.0,0.0,0.0,nan
17.348145246505737,0.3,0.0,0.0,2.8,-47.36,0.0,0.0,0.0,nan
17.348212718963623,0.3,0.0,0.0,2.8,-47.36,0.0,0.0,0.0,nan
17.389284372329712,0.3,0.0,0.0,2.8,-47.36,0.0,0.0,0.0,nan
17.389431476593018,0.3,0.0,0.0,2.7847407452620017,-47.36,0.0,0.0,0.0,nan
17.38950538635254,0.3,0.0,0.0,2.8,-47.36,0.0,0.0,0.0,nan
17.38956642150879,0.3,0.0,0.0,2.7847407452620017,-47.36,0.0,0.0,0.0,nan
17.389626502990723,0.3,0.0,0.0,2.7847407452620017,-47.36,0.0,0.0,0.0,nan
17.44083547592163,0.3,0.0,0.0,2.815259254737998,-47.36,0.0,0.0,0.0,nan
17.441087007522583,0.3,0.0,0.0,2.8,-47.36,0.0,0.0,0.0,nan
17.44125986099243,0.3,0.0,0.0,2.8,-47.36,0.0,0.0,0.0,nan
17.441370248794556,0.3,0.0,0.0,2.815259254737998,-47.36,0.0,0.0,0.0,nan
17.441500186920166,0.3,0.0,0.0,2.7847407452620017,-47.36,0.0,0.0,0.0,nan
17.44159698486328,0.3,0.0,0.0,2.8,-47.36,0.0,0.0,0.0,nan
17.482656240463257,0.3,0.0,0.0,2.7694814905240035,-47.36,0.0,0.0,0.0,nan
17.482815980911255,0.3,0.0,0.0,2.7847407452620017,-47.36,0.0,0.0,0.0,nan
17.482897996902466,0.3,0.0,0.0,2.8,-47.54,0.0,0.0,0.0,nan
17.48296356201172,0.3,0.0,0.0,2.7847407452620017,-47.54,0.0,0.0,0.0,nan
17.483031034469604,0.3,0.0,0.0,2.7694814905240035,-47.54,0.0,0.0,0.0,nan
17.483089923858643,0.3,0.0,0.0,2.8,-47.54,0.0,0.0,0.0,nan
17.523998737335205,0.3,0.0,0.0,2.8,-47.54,0.0,0.0,0.0,nan
17.52414035797119,0.3,0.0,0.0,2.8,-47.54,0.0,0.0,0.0,nan
17.52420926094055,0.3,0.0,0.0,2.8,-47.54,0.0,0.0,0.0,nan
17.524266004562378,0.3,0.0,0.0,2.8,-47.54,0.0,0.0,0.0,nan
17.52432107925415,0.3,0.0,0.0,2.7847407452620017,-47.54,0.0,0.0,0.0,nan
17.524375438690186,0.3,0.0,0.0,2.8,-47.54,0.0,0.0,0.0,nan
17.56533908843994,0.3,0.0,0.0,2.8,-47.54,0.0,0.0,0.0,nan
17.565490007400513,0.3,0.0,0.0,2.7694814905240035,-47.54,0.0,0.0,0.0,nan
17.565579891204834,0.3,0.0,0.0,2.7847407452620017,-47.54,0.0,0.0,0.0,nan
17.56565284729004,0.3,0.0,0.0,2.815259254737998,-47.54,0.0,0.0,0.0,nan
17.56571102142334,0.3,0.0,0.0,2.8,-47.54,0.0,0.0,0.0,nan
17.56576442718506,0.3,0.0,0.0,2.8,-47.54,0.0,0.0,0.0,nan
17.60672092437744,0.3,0.0,0.0,2.8,-47.54,0.0,0.0,0.0,nan
17.606862545013428,0.3,0.0,0.0,2.8,-47.54,0.0,0.0,0.0,nan
17.606932401657104,0.3,0.0,0.0,2.7847407452620017,-47.54,0.0,0.0,0.0,nan
17.607003688812256,0.3,0.0,0.0,2.7847407452620017,-47.54,0.0,0.0,0.0,nan
17.60706615447998,0.3,0.0,0.0,2.7847407452620017,-47.54,0.0,0.0,0.0,nan
17.60713291168213,0.3,0.0,0.0,2.815259254737998,-47.54,0.0,0.0,0.0,nan
17.648258209228516,0.3,0.0,0.0,2.7694814905240035,-47.54,0.0,0.0,0.0,nan
17.64841389656067,0.3,0.0,0.0,2.7847407452620017,-47.54,0.0,0.0,0.0,nan
17.648486852645874,0.3,0.0,0.0,2.815259254737998,-47.54,0.0,0.0,0.0,nan
17.64856195449829,0.3,0.0,0.0,2.7694814905240035,-47.54,0.0,0.0,0.0,nan
17.6486337184906,0.3,0.0,0.0,2.7847407452620017,-47.54,0.0,0.0,0.0,nan
17.64869785308838,0.3,0.0,0.0,2.815259254737998,-47.54,0.0,0.0,0.0,nan
17.699888467788696,0.3,0.0,0.0,2.8,-47.54,0.0,0.0,0.0,nan
17.700044870376587,0.3,0.0,0.0,2.8,-47.54,0.0,0.0,0.0,nan
17.700122117996216,0.3,0.0,0.0,2.815259254737998,-47.54,0.0,0.0,0.0,nan
17.700193881988525,0.3,0.0,0.0,2.7694814905240035,-47.54,0.0,0.0,0.0,nan
17.700259685516357,0.3,0.0,0.0,2.7847407452620017,-47.54,0.0,0.0,0.0,nan
17.70032024383545,0.3,0.0,0.0,2.7694814905240035,-47.54,0.0,0.0,0.0,nan
17.741379499435425,0.3,0.0,0.0,2.7847407452620017,-47.54,0.0,0.0,0.0,nan
17.74153208732605,0.3,0.0,0.0,2.815259254737998,-47.54,0.0,0.0,0.0,nan
17.741605043411255,0.3,0.0,0.0,2.7847407452620017,-47.54,0.0,0.0,0.0,nan
17.741683959960938,0.3,0.0,0.0,2.7694814905240035,-47.54,0.0,0.0,0.0,nan
17.74175238609314,0.3,0.0,0.0,2.8,-47.54,0.0,0.0,0.0,nan
17.7418110370636,0.3,0.0,0.0,2.8,-47.54,0.0,0.0,0.0,nan
17.782964944839478,0.3,0.0,0.0,2.7847407452620017,-47.54,0.0,0.0,0.0,nan
17.783122062683105,0.3,0.0,0.0,2.815259254737998,-47.54,0.0,0.0,0.0,nan
17.783198833465576,0.3,0.0,0.0,2.8,-47.54,0.0,0.0,0.0,nan
17.783271312713623,0.3,0.0,0.0,2.7847407452620017,-47.54,0.0,0.0,0.0,nan
17.78334879875183,0.3,0.0,0.0,2.7847407452620017,-47.54,0.0,0.0,0.0,nan
17.783405780792236,0.3,0.0,0.0,2.7847407452620017,-47.54,0.0,0.0,0.0,nan
17.82443070411682,0.3,0.0,0.0,2.815259254737998,-47.54,0.0,0.0,0.0,nan
17.824583530426025,0.3,0.0,0.0,2.7847407452620017,-47.54,0.0,0.0,0.0,nan
17.8246591091156,0.3,0.0,0.0,2.7847407452620017,-47.54,0.0,0.0,0.0,nan
17.82472538948059,0.3,0.0,0.0,2.830518509475996,-47.54,0.0,0.0,0.0,nan
17.824792623519897,0.3,0.0,0.0,2.8,-47.54,0.0,0.0,0.0,nan
17.865880727767944,0.3,0.0,0.0,2.8,-47.54,0.0,0.0,0.0,nan
17.866041660308838,0.3,0.0,0.0,2.7847407452620017,-47.54,0.0,0.0,0.0,nan
17.866122245788574,0.3,0.0,0.0,2.7847407452620017,-47.54,0.0,0.0,0.0,nan
17.86618661880493,0.3,0.0,0.0,2.815259254737998,-47.54,0.0,0.0,0.0,nan
17.866246461868286,0.3,0.0,0.0,2.8,-47.54,0.0,0.0,0.0,nan
17.866302490234375,0.3,0.0,0.0,2.7694814905240035,-47.54,0.0,0.0,0.0,nan
17.90736413002014,0.3,0.0,0.0,2.815259254737998,-47.54,0.0,0.0,0.0,nan
17.907516717910767,0.3,0.0,0.0,2.815259254737998,-47.54,0.0,0.0,0.0,nan
17.907594442367554,0.3,0.0,0.0,2.8,-47.54,0.0,0.0,0.0,nan
17.90765619277954,0.3,0.0,0.0,2.815259254737998,-47.54,0.0,0.0,0.0,nan
17.90771460533142,0.3,0.0,0.0,2.7847407452620017,-47.54,0.0,0.0,0.0,nan
17.907777547836304,0.3,0.0,0.0,2.8,-47.54,0.0,0.0,0.0,nan
17.948655605316162,0.3,0.0,0.0,2.7847407452620017,-47.54,0.0,0.0,0.0,nan
17.948813915252686,0.3,0.0,0.0,2.8,-47.54,0.0,0.0,0.0,nan
17.948889017105103,0.3,0.0,0.0,2.7847407452620017,-47.54,0.0,0.0,0.0,nan
17.94898796081543,0.3,0.0,0.0,2.8,-47.54,0.0,0.0,0.0,nan
17.94905400276184,0.3,0.0,0.0,2.8,-47.54,0.0,0.0,0.0,nan
17.94911026954651,0.3,0.0,0.0,2.7847407452620017,-47.54,0.0,0.0,0.0,nan
18.00022530555725,0.3,0.0,0.0,2.7847407452620017,-47.54,0.0,0.0,0.0,nan
18.000377893447876,0.3,0.0,0.0,2.7847407452620017,-47.54,0.0,0.0,0.0,nan
18.00045371055603,0.3,0.0,0.0,2.7847407452620017,-47.54,0.0,0.0,0.0,nan
18.000514030456543,0.3,0.0,0.0,2.8,-47.54,0.0,0.0,0.0,nan
18.000571250915527,0.3,0.0,0.0,2.8,-47.54,0.0,0.0,0.0,nan
18.000627279281616,0.3,0.0,0.0,2.8,-47.54,0.0,0.0,0.0,nan
18.041594982147217,0.3,0.0,0.0,2.8,-47.54,0.0,0.0,0.0,nan
18.04175114631653,0.3,0.0,0.0,2.7847407452620017,-47.54,0.0,0.0,0.0,nan
18.04182744026184,0.3,0.0,0.0,2.8,-47.54,0.0,0.0,0.0,nan
18.041889429092407,0.3,0.0,0.0,2.8,-47.54,0.0,0.0,0.0,nan
18.041949033737183,0.3,0.0,0.0,2.7694814905240035,-47.54,0.0,0.0,0.0,nan
18.042007446289062,0.3,0.0,0.0,2.8,-47.54,0.0,0.0,0.0,nan
18.083144426345825,0.3,0.0,0.0,2.7847407452620017,-47.54,0.0,0.0,0.0,nan
18.083306312561035,0.3,0.0,0.0,2.7847407452620017,-47.54,0.0,0.0,0.0,nan
18.083375692367554,0.3,0.0,0.0,2.7847407452620017,-47.54,0.0,0.0,0.0,nan
18.083446741104126,0.3,0.0,0.0,2.7847407452620017,-47.54,0.0,0.0,0.0,nan
18.083510160446167,0.3,0.0,0.0,2.7847407452620017,-47.54,0.0,0.0,0.0,nan
18.08356499671936,0.3,0.0,0.0,2.8,-47.54,0.0,0.0,0.0,nan
18.124544858932495,0.3,0.0,0.0,2.8,-47.54,0.0,0.0,0.0,nan
18.124696731567383,0.3,0.0,0.0,2.7847407452620017,-47.54,0.0,0.0,0.0,nan
18.124771118164062,0.3,0.0,0.0,2.7847407452620017,-47.54,0.0,0.0,0.0,nan
18.12483787536621,0.3,0.0,0.0,2.815259254737998,-47.54,0.0,0.0,0.0,nan
18.124898433685303,0.3,0.0,0.0,2.8,-47.54,0.0,0.0,0.0,nan
18.124986171722412,0.3,0.0,0.0,2.7847407452620017,-47.54,0.0,0.0,0.0,nan
18.16615104675293,0.3,0.0,0.0,2.8,-47.54,0.0,0.0,0.0,nan
18.166529655456543,0.3,0.0,0.0,2.7847407452620017,-47.54,0.0,0.0,0.0,nan
18.166626691818237,0.3,0.0,0.0,2.8,-47.54,0.0,0.0,0.0,nan
18.16669201850891,0.3,0.0,0.0,2.8,-47.54,0.0,0.0,0.0,nan
18.16674780845642,0.3,0.0,0.0,2.8,-47.54,0.0,0.0,0.0,nan
18.16679859161377,0.3,0.0,0.0,2.7694814905240035,-47.54,0.0,0.0,0.0,nan
18.20790696144104,0.3,0.0,0.0,2.7694814905240035,-47.54,0.0,0.0,0.0,nan
18.20806312561035,0.3,0.0,0.0,2.7847407452620017,-47.54,0.0,0.0,0.0,nan
18.208141088485718,0.3,0.0,0.0,2.8,-47.54,0.0,0.0,0.0,nan
18.208210945129395,0.3,0.0,0.0,2.7847407452620017,-47.54,0.0,0.0,0.0,nan
18.208277940750122,0.3,0.0,0.0,2.7847407452620017,-47.72,0.0,0.0,0.0,nan
18.208337783813477,0.3,0.0,0.0,2.8,-47.72,0.0,0.0,0.0,nan
18.259716987609863,0.3,0.0,0.0,2.7694814905240035,-47.72,0.0,0.0,0.0,nan
18.25987958908081,0.3,0.0,0.0,2.7847407452620017,-47.72,0.0,0.0,0.0,nan
18.25996160507202,0.3,0.0,0.0,2.7847407452620017,-47.72,0.0,0.0,0.0,nan
18.260030269622803,0.3,0.0,0.0,2.8,-47.72,0.0,0.0,0.0,nan
18.260090112686157,0.3,0.0,0.0,2.8,-47.72,0.0,0.0,0.0,nan
18.260149717330933,0.3,0.0,0.0,2.8,-47.72,0.0,0.0,0.0,nan
18.30128574371338,0.3,0.0,0.0,2.7694814905240035,-47.72,0.0,0.0,0.0,nan
18.301442623138428,0.3,0.0,0.0,2.8,-47.72,0.0,0.0,0.0,nan
18.301520586013794,0.3,0.0,0.0,2.8,-47.72,0.0,0.0,0.0,nan
18.301585912704468,0.3,0.0,0.0,2.7694814905240035,-47.72,0.0,0.0,0.0,nan
18.301649808883667,0.3,0.0,0.0,2.8,-47.72,0.0,0.0,0.0,nan
18.342710256576538,0.3,0.0,0.0,2.8,-47.72,0.0,0.0,0.0,nan
18.34287190437317,0.3,0.0,0.0,2.8,-47.72,0.0,0.0,0.0,nan
18.34294581413269,0.3,0.0,0.0,2.7847407452620017,-47.72,0.0,0.0,0.0,nan
18.343016862869263,0.3,0.0,0.0,2.7847407452620017,-47.72,0.0,0.0,0.0,nan
18.34308123588562,0.3,0.0,0.0,2.8,-47.72,0.0,0.0,0.0,nan
18.34313988685608,0.3,0.0,0.0,2.8,-47.72,0.0,0.0,0.0,nan
18.384089708328247,0.3,0.0,0.0,2.8,-47.72,0.0,0.0,0.0,nan
18.384246349334717,0.3,0.0,0.0,2.815259254737998,-47.72,0.0,0.0,0.0,nan
18.384319305419922,0.3,0.0,0.0,2.8,-47.72,0.0,0.0,0.0,nan
18.38437843322754,0.3,0.0,0.0,2.815259254737998,-47.72,0.0,0.0,0.0,nan
18.384446144104004,0.3,0.0,0.0,2.8,-47.72,0.0,0.0,0.0,nan
18.384504318237305,0.3,0.0,0.0,2.7847407452620017,-47.72,0.0,0.0,0.0,nan
18.425509452819824,0.3,0.0,0.0,2.8,-47.72,0.0,0.0,0.0,nan
18.42565631866455,0.3,0.0,0.0,2.7847407452620017,-47.72,0.0,0.0,0.0,nan
18.42573118209839,0.3,0.0,0.0,2.815259254737998,-47.72,0.0,0.0,0.0,nan
18.425796270370483,0.3,0.0,0.0,2.7847407452620017,-47.72,0.0,0.0,0.0,nan
18.42586088180542,0.3,0.0,0.0,2.7847407452620017,-47.72,0.0,0.0,0.0,nan
18.42591667175293,0.3,0.0,0.0,2.7847407452620017,-47.72,0.0,0.0,0.0,nan
18.466987133026123,0.3,0.0,0.0,2.815259254737998,-47.72,0.0,0.0,0.0,nan
18.467145204544067,0.3,0.0,0.0,2.8,-47.72,0.0,0.0,0.0,nan
18.46722674369812,0.3,0.0,0.0,2.815259254737998,-47.72,0.0,0.0,0.0,nan
18.46729612350464,0.3,0.0,0.0,2.8,-47.72,0.0,0.0,0.0,nan
18.46735644340515,0.3,0.0,0.0,2.8,-47.72,0.0,0.0,0.0,nan
18.46741557121277,0.3,0.0,0.0,2.8,-47.72,0.0,0.0,0.0,nan
18.5084969997406,0.3,0.0,0.0,2.815259254737998,-47.72,0.0,0.0,0.0,nan
18.508654594421387,0.3,0.0,0.0,2.7694814905240035,-47.72,0.0,0.0,0.0,nan
18.508739948272705,0.3,0.0,0.0,2.7847407452620017,-47.72,0.0,0.0,0.0,nan
18.508819103240967,0.3,0.0,0.0,2.7847407452620017,-47.72,0.0,0.0,0.0,nan
18.50888466835022,0.3,0.0,0.0,2.815259254737998,-47.72,0.0,0.0,0.0,nan
18.508999347686768,0.3,0.0,0.0,2.7847407452620017,-47.72,0.0,0.0,0.0,nan
18.56006407737732,0.3,0.0,0.0,2.8,-47.72,0.0,0.0,0.0,nan
18.56021523475647,0.3,0.0,0.0,2.815259254737998,-47.72,0.0,0.0,0.0,nan
18.560291528701782,0.3,0.0,0.0,2.815259254737998,-47.72,0.0,0.0,0.0,nan
18.560357332229614,0.3,0.0,0.0,2.815259254737998,-47.72,0.0,0.0,0.0,nan
18.56042170524597,0.3,0.0,0.0,2.8,-47.72,0.0,0.0,0.0,nan
18.560478448867798,0.3,0.0,0.0,2.7847407452620017,-47.72,0.0,0.0,0.0,nan
18.601402521133423,0.3,0.0,0.0,2.7847407452620017,-47.72,0.0,0.0,0.0,nan
18.601632118225098,0.3,0.0,0.0,2.7694814905240035,-47.72,0.0,0.0,0.0,nan
18.601778268814087,0.3,0.0,0.0,2.7847407452620017,-47.72,0.0,0.0,0.0,nan
18.601871728897095,0.3,0.0,0.0,2.7694814905240035,-47.72,0.0,0.0,0.0,nan
18.601940870285034,0.3,0.0,0.0,2.8,-47.72,0.0,0.0,0.0,nan
18.602003812789917,0.3,0.0,0.0,2.7847407452620017,-47.72,0.0,0.0,0.0,nan
18.643057823181152,0.3,0.0,0.0,2.8,-47.72,0.0,0.0,0.0,nan
18.64321255683899,0.3,0.0,0.0,2.7694814905240035,-47.72,0.0,0.0,0.0,nan
18.643295526504517,0.3,0.0,0.0,2.7694814905240035,-47.72,0.0,0.0,0.0,nan
18.64335799217224,0.3,0.0,0.0,2.8,-47.72,0.0,0.0,0.0,nan
18.643413543701172,0.3,0.0,0.0,2.8,-47.72,0.0,0.0,0.0,nan
18.64346694946289,0.3,0.0,0.0,2.7847407452620017,-47.72,0.0,0.0,0.0,nan
18.684492826461792,0.3,0.0,0.0,2.7847407452620017,-47.72,0.0,0.0,0.0,nan
18.684643030166626,0.3,0.0,0.0,2.7694814905240035,-47.72,0.0,0.0,0.0,nan
18.68471884727478,0.3,0.0,0.0,2.8,-47.72,0.0,0.0,0.0,nan
18.6847825050354,0.3,0.0,0.0,2.7694814905240035,-47.72,0.0,0.0,0.0,nan
18.684844732284546,0.3,0.0,0.0,2.7694814905240035,-47.72,0.0,0.0,0.0,nan
18.684900760650635,0.3,0.0,0.0,2.7847407452620017,-47.72,0.0,0.0,0.0,nan
18.725836038589478,0.3,0.0,0.0,2.7847407452620017,-47.72,0.0,0.0,0.0,nan
18.72599720954895,0.3,0.0,0.0,2.8,-47.72,0.0,0.0,0.0,nan
18.726074934005737,0.3,0.0,0.0,2.7847407452620017,-47.72,0.0,0.0,0.0,nan
18.726142406463623,0.3,0.0,0.0,2.7694814905240035,-47.72,0.0,0.0,0.0,nan
18.72620415687561,0.3,0.0,0.0,2.7847407452620017,-47.72,0.0,0.0,0.0,nan
18.7671959400177,0.3,0.0,0.0,2.830518509475996,-47.72,0.0,0.0,0.0,nan
18.7674400806427,0.3,0.0,0.0,2.7847407452620017,-47.72,0.0,0.0,0.0,nan
18.76753807067871,0.3,0.0,0.0,2.8,-47.72,0.0,0.0,0.0,nan
18.76760506629944,0.3,0.0,0.0,2.815259254737998,-47.72,0.0,0.0,0.0,nan
18.767669677734375,0.3,0.0,0.0,2.8,-47.72,0.0,0.0,0.0,nan
18.76772713661194,0.3,0.0,0.0,2.8,-47.72,0.0,0.0,0.0,nan
18.818805932998657,0.3,0.0,0.0,2.7847407452620017,-47.72,0.0,0.0,0.0,nan
18.818963289260864,0.3,0.0,0.0,2.7847407452620017,-47.72,0.0,0.0,0.0,nan
18.819044589996338,0.3,0.0,0.0,2.7847407452620017,-47.72,0.0,0.0,0.0,nan
18.819111585617065,0.3,0.0,0.0,2.8,-47.72,0.0,0.0,0.0,nan
18.819174766540527,0.3,0.0,0.0,2.7847407452620017,-47.72,0.0,0.0,0.0,nan
18.819238424301147,0.3,0.0,0.0,2.815259254737998,-47.72,0.0,0.0,0.0,nan
18.860252141952515,0.3,0.0,0.0,2.7847407452620017,-47.72,0.0,0.0,0.0,nan
18.86048913002014,0.3,0.0,0.0,2.8,-47.72,0.0,0.0,0.0,nan
18.860615730285645,0.3,0.0,0.0,2.7694814905240035,-47.72,0.0,0.0,0.0,nan
18.860694646835327,0.3,0.0,0.0,2.7847407452620017,-47.72,0.0,0.0,0.0,nan
18.86076331138611,0.3,0.0,0.0,2.815259254737998,-47.72,0.0,0.0,0.0,nan
18.86082363128662,0.3,0.0,0.0,2.8,-47.72,0.0,0.0,0.0,nan
18.90188241004944,0.3,0.0,0.0,2.8,-47.72,0.0,0.0,0.0,nan
18.902040481567383,0.3,0.0,0.0,2.815259254737998,-47.72,0.0,0.0,0.0,nan
18.902114629745483,0.3,0.0,0.0,2.8,-47.72,0.0,0.0,0.0,nan
18.90217924118042,0.3,0.0,0.0,2.8,-47.72,0.0,0.0,0.0,nan
18.90224027633667,0.3,0.0,0.0,2.7847407452620017,-47.72,0.0,0.0,0.0,nan
18.90230393409729,0.3,0.0,0.0,2.7847407452620017,-47.72,0.0,0.0,0.0,nan
18.94339370727539,0.3,0.0,0.0,2.7694814905240035,-47.72,0.0,0.0,0.0,nan
18.943557739257812,0.3,0.0,0.0,2.8,-47.72,0.0,0.0,0.0,nan
18.943637132644653,0.3,0.0,0.0,2.7694814905240035,-47.72,0.0,0.0,0.0,nan
18.943710803985596,0.3,0.0,0.0,2.7847407452620017,-47.72,0.0,0.0,0.0,nan
18.943779230117798,0.3,0.0,0.0,2.7847407452620017,-47.72,0.0,0.0,0.0,nan
18.943840980529785,0.3,0.0,0.0,2.7847407452620017,-47.72,0.0,0.0,0.0,nan
18.98487877845764,0.3,0.0,0.0,2.8,-47.72,0.0,0.0,0.0,nan
18.98506736755371,0.3,0.0,0.0,2.7847407452620017,-47.72,0.0,0.0,0.0,nan
18.985140085220337,0.3,0.0,0.0,2.8,-47.72,0.0,0.0,0.0,nan
18.985204935073853,0.3,0.0,0.0,2.8,-47.72,0.0,0.0,0.0,nan
18.985265731811523,0.3,0.0,0.0,2.7847407452620017,-47.72,0.0,0.0,0.0,nan
18.98532509803772,0.3,0.0,0.0,2.7847407452620017,-47.72,0.0,0.0,0.0,nan
19.02631950378418,0.3,0.0,0.0,2.8,-47.72,0.0,0.0,0.0,nan
19.026475429534912,0.3,0.0,0.0,2.7694814905240035,-47.72,0.0,0.0,0.0,nan
19.026554822921753,0.3,0.0,0.0,2.815259254737998,-47.72,0.0,0.0,0.0,nan
19.026835918426514,0.3,0.0,0.0,2.7694814905240035,-47.9,0.0,0.0,0.0,nan
19.026920318603516,0.3,0.0,0.0,2.8,-47.9,0.0,0.0,0.0,nan
19.026983737945557,0.3,0.0,0.0,2.7847407452620017,-47.9,0.0,0.0,0.0,nan
19.067819118499756,0.3,0.0,0.0,2.8,-47.9,0.0,0.0,0.0,nan
19.067943572998047,0.3,0.0,0.0,2.7847407452620017,-47.9,0.0,0.0,0.0,nan
19.068023681640625,0.3,0.0,0.0,2.8,-47.9,0.0,0.0,0.0,nan
19.068090677261353,0.3,0.0,0.0,2.8,-47.9,0.0,0.0,0.0,nan
19.068150520324707,0.3,0.0,0.0,2.7847407452620017,-47.9,0.0,0.0,0.0,nan
19.068208932876587,0.3,0.0,0.0,2.7847407452620017,-47.9,0.0,0.0,0.0,nan
19.119436502456665,0.3,0.0,0.0,2.8,-47.9,0.0,0.0,0.0,nan
19.11958336830139,0.3,0.0,0.0,2.7847407452620017,-47.9,0.0,0.0,0.0,nan
19.11966109275818,0.3,0.0,0.0,2.7847407452620017,-47.9,0.0,0.0,0.0,nan
19.119722604751587,0.3,0.0,0.0,2.815259254737998,-47.9,0.0,0.0,0.0,nan
19.119789123535156,0.3,0.0,0.0,2.7694814905240035,-47.9,0.0,0.0,0.0,nan
19.119857788085938,0.3,0.0,0.0,2.7694814905240035,-47.9,0.0,0.0,0.0,nan
19.16072988510132,0.3,0.0,0.0,2.7847407452620017,-47.9,0.0,0.0,0.0,nan
19.16088318824768,0.3,0.0,0.0,2.7694814905240035,-47.9,0.0,0.0,0.0,nan
19.16113781929016,0.3,0.0,0.0,2.7847407452620017,-47.9,0.0,0.0,0.0,nan
19.16124677658081,0.3,0.0,0.0,2.8,-47.9,0.0,0.0,0.0,nan
19.161313772201538,0.3,0.0,0.0,2.7847407452620017,-47.9,0.0,0.0,0.0,nan
19.161372184753418,0.3,0.0,0.0,2.7847407452620017,-47.9,0.0,0.0,0.0,nan
19.202343940734863,0.3,0.0,0.0,2.815259254737998,-47.9,0.0,0.0,0.0,nan
19.20250368118286,0.3,0.0,0.0,2.7847407452620017,-47.9,0.0,0.0,0.0,nan
19.20263171195984,0.3,0.0,0.0,2.815259254737998,-47.9,0.0,0.0,0.0,nan
19.202720403671265,0.3,0.0,0.0,2.8,-47.9,0.0,0.0,0.0,nan
19.20281457901001,0.3,0.0,0.0,2.7847407452620017,-47.9,0.0,0.0,0.0,nan
19.24380326271057,0.3,0.0,0.0,2.815259254737998,-47.9,0.0,0.0,0.0,nan
19.243966102600098,0.3,0.0,0.0,2.8,-47.9,0.0,0.0,0.0,nan
19.244039297103882,0.3,0.0,0.0,2.8,-47.9,0.0,0.0,0.0,nan
19.244099617004395,0.3,0.0,0.0,2.7847407452620017,-47.9,0.0,0.0,0.0,nan
19.24415922164917,0.3,0.0,0.0,2.7847407452620017,-47.9,0.0,0.0,0.0,nan
19.244224309921265,0.3,0.0,0.0,2.7847407452620017,-47.9,0.0,0.0,0.0,nan
19.285194873809814,0.3,0.0,0.0,2.7847407452620017,-47.9,0.0,0.0,0.0,nan
19.285354137420654,0.3,0.0,0.0,2.7847407452620017,-47.9,0.0,0.0,0.0,nan
19.28560733795166,0.3,0.0,0.0,2.7847407452620017,-47.9,0.0,0.0,0.0,nan
19.285710096359253,0.3,0.0,0.0,2.8,-47.9,0.0,0.0,0.0,nan
19.285789728164673,0.3,0.0,0.0,2.7694814905240035,-47.9,0.0,0.0,0.0,nan
19.285850524902344,0.3,0.0,0.0,2.7694814905240035,-47.9,0.0,0.0,0.0,nan
19.32685661315918,0.3,0.0,0.0,2.7694814905240035,-47.9,0.0,0.0,0.0,nan
19.327014684677124,0.3,0.0,0.0,2.815259254737998,-47.9,0.0,0.0,0.0,nan
19.327093601226807,0.3,0.0,0.0,2.7694814905240035,-47.9,0.0,0.0,0.0,nan
19.327160596847534,0.3,0.0,0.0,2.8,-47.9,0.0,0.0,0.0,nan
19.327221393585205,0.3,0.0,0.0,2.815259254737998,-47.9,0.0,0.0,0.0,nan
19.327276468276978,0.3,0.0,0.0,2.7847407452620017,-47.9,0.0,0.0,0.0,nan
19.378463983535767,0.3,0.0,0.0,2.7847407452620017,-47.9,0.0,0.0,0.0,nan
19.37862467765808,0.3,0.0,0.0,2.8,-47.9,0.0,0.0,0.0,nan
19.378702640533447,0.3,0.0,0.0,2.815259254737998,-47.9,0.0,0.0,0.0,nan
19.37876605987549,0.3,0.0,0.0,2.8,-47.9,0.0,0.0,0.0,nan
19.37882399559021,0.3,0.0,0.0,2.8,-47.9,0.0,0.0,0.0,nan
19.37887692451477,0.3,0.0,0.0,2.8,-47.9,0.0,0.0,0.0,nan
19.41991639137268,0.3,0.0,0.0,2.7694814905240035,-47.9,0.0,0.0,0.0,nan
19.4200701713562,0.3,0.0,0.0,2.815259254737998,-47.9,0.0,0.0,0.0,nan
19.420143365859985,0.3,0.0,0.0,2.8,-47.9,0.0,0.0,0.0,nan
19.420204162597656,0.3,0.0,0.0,2.815259254737998,-47.9,0.0,0.0,0.0,nan
19.42026424407959,0.3,0.0,0.0,2.8,-47.9,0.0,0.0,0.0,nan
19.420318126678467,0.3,0.0,0.0,2.815259254737998,-47.9,0.0,0.0,0.0,nan
19.461289644241333,0.3,0.0,0.0,2.815259254737998,-47.9,0.0,0.0,0.0,nan
19.46143651008606,0.3,0.0,0.0,2.8,-47.9,0.0,0.0,0.0,nan
19.461504459381104,0.3,0.0,0.0,2.7542222357860053,-47.9,0.0,0.0,0.0,nan
19.461567640304565,0.3,0.0,0.0,2.7847407452620017,-47.9,0.0,0.0,0.0,nan
19.46163558959961,0.3,0.0,0.0,2.8,-47.9,0.0,0.0,0.0,nan
19.46169638633728,0.3,0.0,0.0,2.7694814905240035,-47.9,0.0,0.0,0.0,nan
19.502636909484863,0.3,0.0,0.0,2.7847407452620017,-47.9,0.0,0.0,0.0,nan
19.502785682678223,0.3,0.0,0.0,2.7847407452620017,-47.9,0.0,0.0,0.0,nan
19.502861738204956,0.3,0.0,0.0,2.7847407452620017,-47.9,0.0,0.0,0.0,nan
19.502925395965576,0.3,0.0,0.0,2.8,-47.9,0.0,0.0,0.0,nan
19.502983331680298,0.3,0.0,0.0,2.7847407452620017,-47.9,0.0,0.0,0.0,nan
19.503043174743652,0.3,0.0,0.0,2.7847407452620017,-47.9,0.0,0.0,0.0,nan
19.544042587280273,0.3,0.0,0.0,2.815259254737998,-47.9,0.0,0.0,0.0,nan
19.54420280456543,0.3,0.0,0.0,2.7847407452620017,-47.9,0.0,0.0,0.0,nan
19.544304132461548,0.3,0.0,0.0,2.8,-47.9,0.0,0.0,0.0,nan
19.54439663887024,0.3,0.0,0.0,2.7694814905240035,-47.9,0.0,0.0,0.0,nan
19.544462203979492,0.3,0.0,0.0,2.815259254737998,-47.9,0.0,0.0,0.0,nan
19.544543266296387,0.3,0.0,0.0,2.8,-47.9,0.0,0.0,0.0,nan
19.58562421798706,0.3,0.0,0.0,2.7847407452620017,-47.9,0.0,0.0,0.0,nan
19.585782527923584,0.3,0.0,0.0,2.7694814905240035,-47.9,0.0,0.0,0.0,nan
19.58585786819458,0.3,0.0,0.0,2.815259254737998,-47.9,0.0,0.0,0.0,nan
19.585926055908203,0.3,0.0,0.0,2.8,-47.9,0.0,0.0,0.0,nan
19.585986137390137,0.3,0.0,0.0,2.8,-47.9,0.0,0.0,0.0,nan
19.58604073524475,0.3,0.0,0.0,2.815259254737998,-47.9,0.0,0.0,0.0,nan
19.637130737304688,0.3,0.0,0.0,2.8,-47.9,0.0,0.0,0.0,nan
19.63727855682373,0.3,0.0,0.0,2.7847407452620017,-47.9,0.0,0.0,0.0,nan
19.637348413467407,0.3,0.0,0.0,2.7694814905240035,-47.9,0.0,0.0,0.0,nan
19.637452363967896,0.3,0.0,0.0,2.7847407452620017,-47.9,0.0,0.0,0.0,nan
19.63753843307495,0.3,0.0,0.0,2.8,-47.9,0.0,0.0,0.0,nan
19.678565979003906,0.3,0.0,0.0,2.7847407452620017,-47.9,0.0,0.0,0.0,nan
19.678718328475952,0.3,0.0,0.0,2.815259254737998,-47.9,0.0,0.0,0.0,nan
19.678816556930542,0.3,0.0,0.0,2.8,-47.9,0.0,0.0,0.0,nan
19.678906440734863,0.3,0.0,0.0,2.7847407452620017,-47.9,0.0,0.0,0.0,nan
19.678971767425537,0.3,0.0,0.0,2.7847407452620017,-47.9,0.0,0.0,0.0,nan
19.679032564163208,0.3,0.0,0.0,2.8,-47.54,0.0,0.18,0.0,nan
19.720211267471313,0.3,0.0,0.0,2.7694814905240035,-47.18,0.0,0.54,0.0,nan
19.72037959098816,0.3,0.0,0.0,2.8,-46.459999999999994,0.0,1.26,0.0,nan
19.72046208381653,0.3,0.0,0.0,2.8,-45.56,0.0,2.16,0.0,nan
19.720529079437256,0.3,0.0,0.0,2.7847407452620017,-44.480000000000004,0.0,3.2399999999999998,0.0,nan
19.720598936080933,0.3,0.0,0.0,2.8,-43.04,0.0,4.5,0.0,nan
19.720691919326782,0.3,0.0,0.0,2.7847407452620017,-41.42,0.0,6.12,0.0,nan
19.761816263198853,0.3,0.0,0.0,2.8,-39.44,0.0,7.92,0.0,nan
19.761982679367065,0.3,0.0,0.0,2.815259254737998,-37.46,0.0,9.9,0.0,nan
19.762065172195435,0.3,0.0,0.0,2.815259254737998,-35.3,0.0,12.059999999999999,0.0,nan
19.76213765144348,0.3,0.0,0.0,2.8,-32.78,0.0,14.399999999999999,0.0,nan
19.762208700180054,0.3,0.0,0.0,2.8,-29.9,0.0,17.099999999999998,0.0,nan
19.76227355003357,0.3,0.0,0.0,2.8,-27.2,0.0,19.62,0.0,nan
19.803390502929688,0.3,0.0,0.0,2.7847407452620017,-24.5,0.0,21.96,0.0,nan
19.803557872772217,0.3,0.0,0.0,2.8,-21.8,0.0,24.119999999999997,0.0,nan
19.803637742996216,0.3,0.0,0.0,2.8,-19.1,0.0,25.919999999999998,0.0,nan
19.80370545387268,0.3,0.0,0.0,2.7847407452620017,-18.2,0.0,26.099999999999998,0.0,nan
19.80377173423767,0.3,0.0,0.0,2.815259254737998,-18.2,0.0,24.48,0.0,nan
19.8038387298584,0.3,0.0,0.0,2.8,-18.38,0.0,22.14,0.0,nan
19.845014095306396,0.3,0.0,0.0,2.8,-19.1,0.0,17.82,0.0,nan
19.84517788887024,0.3,0.0,0.0,2.8,-20.36,0.0,13.68,0.0,nan
19.84525227546692,0.3,0.0,0.0,2.815259254737998,-21.98,0.0,9.54,0.0,nan
19.845320224761963,0.3,0.0,0.0,2.7847407452620017,-23.42,0.0,5.22,0.0,nan
19.845388412475586,0.3,0.0,0.0,2.8,-24.86,0.0,0.54,0.0,nan
19.845447778701782,0.3,0.0,0.0,2.7694814905240035,-24.32,0.0,0.36,0.0,nan
19.886528491973877,0.3,0.0,0.0,2.8,-23.6,0.0,2.16,0.0,nan
19.886688470840454,0.3,0.0,0.0,2.7847407452620017,-23.24,0.0,4.14,0.0,nan
19.88676404953003,0.3,0.0,0.0,2.7847407452620017,-22.16,0.0,6.3,0.0,nan
19.88683032989502,0.3,0.0,0.0,2.7847407452620017,-21.62,0.0,7.92,0.0,nan
19.88710117340088,0.3,0.0,0.0,2.8,-20.9,0.0,9.36,0.0,nan
19.88718843460083,0.3,0.0,0.0,2.7847407452620017,-20.36,0.0,10.62,0.0,nan
19.938469886779785,0.3,0.0,0.0,2.7847407452620017,-20.18,0.0,11.16,0.0,nan
19.938632011413574,0.3,0.0,0.0,2.7847407452620017,-20.54,0.0,11.16,0.0,nan
19.938712120056152,0.3,0.0,0.0,2.7847407452620017,-20.72,0.0,10.98,0.0,nan
19.938786506652832,0.3,0.0,0.0,2.8,-21.08,0.0,10.44,0.0,nan
19.9388484954834,0.3,0.0,0.0,2.8,-21.44,0.0,9.9,0.0,nan
19.93890690803528,0.3,0.0,0.0,2.8,-21.98,0.0,9.36,0.0,nan
19.980130434036255,0.3,0.0,0.0,2.7694814905240035,-22.34,0.0,8.64,0.0,nan
19.980298280715942,0.3,0.0,0.0,2.815259254737998,-22.7,0.0,8.1,0.0,nan
19.98037815093994,0.3,0.0,0.0,2.7847407452620017,-22.7,0.0,7.38,0.0,nan
19.980451107025146,0.3,0.0,0.0,2.815259254737998,-22.7,0.0,7.02,0.0,nan
19.980515718460083,0.3,0.0,0.0,2.8,-22.7,0.0,6.66,0.0,nan
19.9805748462677,0.3,0.0,0.0,2.8,-22.7,0.0,6.4799999999999995,0.0,nan
20.02160930633545,0.3,0.0,0.0,2.8,-22.34,0.0,6.12,0.0,nan
20.021766185760498,0.3,0.0,0.0,2.7847407452620017,-22.16,0.0,5.9399999999999995,0.0,nan
20.021846055984497,0.3,0.0,0.0,2.8,-21.98,0.0,5.58,0.0,nan
20.021912336349487,0.3,0.0,0.0,2.7847407452620017,-21.62,0.0,5.04,0.0,nan
20.021974086761475,0.3,0.0,0.0,2.7847407452620017,-21.62,0.0,4.32,0.0,nan
20.022035598754883,0.3,0.0,0.0,2.7847407452620017,-21.44,0.0,3.5999999999999996,0.0,nan
20.063028573989868,0.3,0.0,0.0,2.830518509475996,-21.62,0.0,2.52,0.0,nan
20.063183784484863,0.3,0.0,0.0,2.7847407452620017,-21.62,0.0,1.44,0.0,nan
20.063257694244385,0.3,0.0,0.0,2.8,-21.62,0.0,0.0,0.0,nan
20.063324213027954,0.3,0.0,0.0,2.8,-21.26,0.0,0.0,0.0,nan
20.06338596343994,0.3,0.0,0.0,2.815259254737998,-21.08,0.0,0.36,0.0,nan
20.063448905944824,0.3,0.0,0.0,2.8,-20.9,0.0,0.36,0.0,nan
20.104533672332764,0.3,0.0,0.0,2.8,-20.9,0.0,0.18,0.0,nan
20.10469388961792,0.3,0.0,0.0,2.7847407452620017,-20.9,0.0,-0.18,0.0,nan
20.104773998260498,0.3,0.0,0.0,2.8,-20.72,0.0,0.0,0.0,nan
20.104841232299805,0.3,0.0,0.0,2.8,-20.9,0.0,0.0,0.0,nan
20.104901790618896,0.3,0.0,0.0,2.7694814905240035,-20.9,0.0,0.0,0.0,nan
20.146008253097534,0.3,0.0,0.0,2.7847407452620017,-21.08,0.0,0.0,0.0,nan
20.146173000335693,0.3,0.0,0.0,2.7694814905240035,-21.26,0.0,0.0,0.0,nan
20.146252870559692,0.3,0.0,0.0,2.7847407452620017,-21.26,0.0,0.0,0.0,nan
20.14632248878479,0.3,0.0,0.0,2.7847407452620017,-21.44,0.0,0.0,0.0,nan
20.146389484405518,0.3,0.0,0.0,2.7847407452620017,-21.44,0.0,0.0,0.0,nan
20.14645004272461,0.3,0.0,0.0,2.7847407452620017,-21.44,0.0,0.0,0.0,nan
20.187487363815308,0.3,0.0,0.0,2.7847407452620017,-21.44,0.0,0.0,0.0,nan
20.187646627426147,0.3,0.0,0.0,2.8,-21.44,0.0,0.0,0.0,nan
20.187718868255615,0.3,0.0,0.0,2.7847407452620017,-21.44,0.0,0.0,0.0,nan
20.188058376312256,0.3,0.0,0.0,2.7694814905240035,-21.44,0.0,0.0,0.0,nan
20.188145875930786,0.3,0.0,0.0,2.8,-21.44,0.0,0.0,0.0,nan
20.18821120262146,0.3,0.0,0.0,2.7847407452620017,-21.44,0.0,0.0,0.0,nan
20.23947763442993,0.3,0.0,0.0,2.7694814905240035,-21.26,0.0,0.0,0.0,nan
20.239638090133667,0.3,0.0,0.0,2.7847407452620017,-21.26,0.0,0.0,0.0,nan
20.239712953567505,0.3,0.0,0.0,2.8,-21.26,0.0,0.0,0.0,nan
20.23977756500244,0.3,0.0,0.0,2.7694814905240035,-21.26,0.0,0.0,0.0,nan
20.2398419380188,0.3,0.0,0.0,2.7847407452620017,-21.26,0.0,0.0,0.0,nan
20.239899396896362,0.3,0.0,0.0,2.7847407452620017,-21.26,0.0,0.0,0.0,nan
20.280991792678833,0.3,0.0,0.0,2.7847407452620017,-21.26,0.0,0.0,0.0,nan
20.281145334243774,0.3,0.0,0.0,2.815259254737998,-21.26,0.0,0.0,0.0,nan
20.281213521957397,0.3,0.0,0.0,2.7847407452620017,-21.26,0.0,0.0,0.0,nan
20.281280517578125,0.3,0.0,0.0,2.7847407452620017,-21.26,0.0,0.0,0.0,nan
20.281351327896118,0.3,0.0,0.0,2.8,-21.26,0.0,0.0,0.0,nan
20.281411170959473,0.3,0.0,0.0,2.7847407452620017,-21.26,0.0,0.0,0.0,nan
20.32239532470703,0.3,0.0,0.0,2.815259254737998,-21.26,0.0,0.0,0.0,nan
20.32255744934082,0.3,0.0,0.0,2.815259254737998,-21.26,0.0,0.0,0.0,nan
20.322629690170288,0.3,0.0,0.0,2.815259254737998,-21.26,0.0,0.0,0.0,nan
20.322699308395386,0.3,0.0,0.0,2.8,-21.26,0.0,0.0,0.0,nan
20.322767734527588,0.3,0.0,0.0,2.8,-21.26,0.0,0.0,0.0,nan
20.32282567024231,0.3,0.0,0.0,2.7694814905240035,-21.26,0.0,0.0,0.0,nan
20.36395525932312,0.3,0.0,0.0,2.8,-21.26,0.0,0.0,0.0,nan
20.364146947860718,0.3,0.0,0.0,2.7847407452620017,-21.26,0.0,0.0,0.0,nan
20.364240407943726,0.3,0.0,0.0,2.8,-21.26,0.0,0.0,0.0,nan
20.364328145980835,0.3,0.0,0.0,2.8,-21.26,0.0,0.0,0.0,nan
20.36440634727478,0.3,0.0,0.0,2.7847407452620017,-21.26,0.0,0.0,0.0,nan
20.364481687545776,0.3,0.0,0.0,2.8,-21.26,0.0,0.0,0.0,nan
20.40560746192932,0.3,0.0,0.0,2.8,-21.26,0.0,0.0,0.0,nan
20.405762910842896,0.3,0.0,0.0,2.7847407452620017,-21.26,0.0,0.0,0.0,nan
20.405838012695312,0.3,0.0,0.0,2.8,-21.26,0.0,0.0,0.0,nan
20.405911207199097,0.3,0.0,0.0,2.7847407452620017,-21.26,0.0,0.0,0.0,nan
20.40597105026245,0.3,0.0,0.0,2.8,-21.26,0.0,0.0,0.0,nan
20.406028985977173,0.3,0.0,0.0,2.7694814905240035,-21.26,0.0,0.0,0.0,nan
20.44704580307007,0.3,0.0,0.0,2.7694814905240035,-21.26,0.0,0.0,0.0,nan
20.447164058685303,0.3,0.0,0.0,2.8,-21.26,0.0,0.0,0.0,nan
20.447202920913696,0.3,0.0,0.0,2.815259254737998,-21.26,0.0,0.0,0.0,nan
20.44725012779236,0.3,0.0,0.0,2.7694814905240035,-21.26,0.0,0.0,0.0,nan
20.44728422164917,0.3,0.0,0.0,2.8,-21.26,0.0,0.0,0.0,nan
20.4473135471344,0.3,0.0,0.0,2.7847407452620017,-21.26,0.0,0.0,0.0,nan
20.498419284820557,0.3,0.0,0.0,2.7847407452620017,-21.26,0.0,0.0,0.0,nan
20.49857234954834,0.3,0.0,0.0,2.815259254737998,-21.26,0.0,0.0,0.0,nan
20.498642921447754,0.3,0.0,0.0,2.7694814905240035,-21.26,0.0,0.0,0.0,nan
20.49871325492859,0.3,0.0,0.0,2.8,-21.26,0.0,0.0,0.0,nan
20.49877119064331,0.3,0.0,0.0,2.815259254737998,-21.26,0.0,0.0,0.0,nan
20.49882435798645,0.3,0.0,0.0,2.8,-21.26,0.0,0.0,0.0,nan
20.539857387542725,0.3,0.0,0.0,2.7847407452620017,-21.26,0.0,0.0,0.0,nan
20.5400128364563,0.3,0.0,0.0,2.8,-21.26,0.0,0.0,0.0,nan
20.54008722305298,0.3,0.0,0.0,2.8,-21.26,0.0,0.0,0.0,nan
20.54014492034912,0.3,0.0,0.0,2.7694814905240035,-21.26,0.0,0.0,0.0,nan
20.540279865264893,0.3,0.0,0.0,2.7694814905240035,-21.26,0.0,0.0,0.0,nan
20.581377267837524,0.3,0.0,0.0,2.7694814905240035,-21.26,0.0,0.0,0.0,nan
20.581535816192627,0.3,0.0,0.0,2.815259254737998,-21.26,0.0,0.0,0.0,nan
20.58161425590515,0.3,0.0,0.0,2.7847407452620017,-21.26,0.0,0.0,0.0,nan
20.581674337387085,0.3,0.0,0.0,2.815259254737998,-21.26,0.0,0.0,0.0,nan
20.58173179626465,0.3,0.0,0.0,2.7847407452620017,-21.26,0.0,0.0,0.0,nan
20.581786394119263,0.3,0.0,0.0,2.815259254737998,-21.26,0.0,0.0,0.0,nan
20.62280535697937,0.3,0.0,0.0,2.8,-21.26,0.0,0.0,0.0,nan
20.62296175956726,0.3,0.0,0.0,2.815259254737998,-21.26,0.0,0.0,0.0,nan
20.623044729232788,0.3,0.0,0.0,2.815259254737998,-21.26,0.0,0.0,0.0,nan
20.62310791015625,0.3,0.0,0.0,2.7847407452620017,-21.26,0.0,0.0,0.0,nan
20.623175382614136,0.3,0.0,0.0,2.7847407452620017,-21.26,0.0,0.0,0.0,nan
20.623236656188965,0.3,0.0,0.0,2.7847407452620017,-21.26,0.0,0.0,0.0,nan
20.664311408996582,0.3,0.0,0.0,2.7847407452620017,-21.26,0.0,0.0,0.0,nan
20.664466857910156,0.3,0.0,0.0,2.7847407452620017,-21.26,0.0,0.0,0.0,nan
20.664535760879517,0.3,0.0,0.0,2.7847407452620017,-21.26,0.0,0.0,0.0,nan
20.66460943222046,0.3,0.0,0.0,2.7694814905240035,-21.26,0.0,0.0,0.0,nan
20.664670705795288,0.3,0.0,0.0,2.7847407452620017,-21.26,0.0,0.0,0.0,nan
20.664729595184326,0.3,0.0,0.0,2.815259254737998,-21.26,0.0,0.0,0.0,nan
20.70581579208374,0.3,0.0,0.0,2.7694814905240035,-21.26,0.0,0.0,0.0,nan
20.705973386764526,0.3,0.0,0.0,2.7847407452620017,-21.26,0.0,0.0,0.0,nan
20.706045389175415,0.3,0.0,0.0,2.8,-21.26,0.0,0.0,0.0,nan
20.70610737800598,0.3,0.0,0.0,2.8,-21.26,0.0,0.0,0.0,nan
20.706174612045288,0.3,0.0,0.0,2.7694814905240035,-21.26,0.0,0.0,0.0,nan
20.706233024597168,0.3,0.0,0.0,2.815259254737998,-21.26,0.0,0.0,0.0,nan
20.747409105300903,0.3,0.0,0.0,2.7847407452620017,-21.26,0.0,0.0,0.0,nan
20.74757218360901,0.3,0.0,0.0,2.8,-21.26,0.0,0.0,0.0,nan
20.7476487159729,0.3,0.0,0.0,2.8,-21.26,0.0,0.0,0.0,nan
20.747714042663574,0.3,0.0,0.0,2.8,-21.26,0.0,0.0,0.0,nan
20.748000621795654,0.3,0.0,0.0,2.7847407452620017,-21.26,0.0,0.0,0.0,nan
20.748076915740967,0.3,0.0,0.0,2.8,-21.08,0.0,0.0,0.0,nan
20.79940700531006,0.3,0.0,0.0,2.8,-21.08,0.0,0.0,0.0,nan
20.799564599990845,0.3,0.0,0.0,2.815259254737998,-21.08,0.0,0.0,0.0,nan
20.79965114593506,0.3,0.0,0.0,2.7694814905240035,-21.08,0.0,0.0,0.0,nan
20.799716472625732,0.3,0.0,0.0,2.8,-21.08,0.0,0.0,0.0,nan
20.799774408340454,0.3,0.0,0.0,2.7694814905240035,-21.08,0.0,0.0,0.0,nan
20.79983162879944,0.3,0.0,0.0,2.8,-21.08,0.0,0.0,0.0,nan
20.840884685516357,0.3,0.0,0.0,2.8,-21.08,0.0,0.0,0.0,nan
20.841323137283325,0.3,0.0,0.0,2.7847407452620017,-21.08,0.0,0.0,0.0,nan
20.84142541885376,0.3,0.0,0.0,2.8,-21.08,0.0,0.0,0.0,nan
20.841506242752075,0.3,0.0,0.0,2.7847407452620017,-21.08,0.0,0.0,0.0,nan
20.841569185256958,0.3,0.0,0.0,2.7694814905240035,-21.08,0.0,0.0,0.0,nan
20.841625928878784,0.3,0.0,0.0,2.7847407452620017,-21.08,0.0,0.0,0.0,nan
20.88264012336731,0.3,0.0,0.0,2.8,-21.08,0.0,0.0,0.0,nan
20.8827908039093,0.3,0.0,0.0,2.8,-21.08,0.0,0.0,0.0,nan
20.882861137390137,0.3,0.0,0.0,2.7694814905240035,-21.08,0.0,0.0,0.0,nan
20.88292646408081,0.3,0.0,0.0,2.7847407452620017,-21.08,0.0,0.0,0.0,nan
20.882985591888428,0.3,0.0,0.0,2.7847407452620017,-21.08,0.0,0.0,0.0,nan
20.883044242858887,0.3,0.0,0.0,2.7847407452620017,-21.08,0.0,0.0,0.0,nan
20.924021005630493,0.3,0.0,0.0,2.8,-21.08,0.0,0.0,0.0,nan
20.924163103103638,0.3,0.0,0.0,2.8,-21.08,0.0,0.0,0.0,nan
20.924232244491577,0.3,0.0,0.0,2.7847407452620017,-21.08,0.0,0.0,0.0,nan
20.924295663833618,0.3,0.0,0.0,2.8,-21.08,0.0,0.0,0.0,nan
20.924354076385498,0.3,0.0,0.0,2.7847407452620017,-21.08,0.0,0.0,0.0,nan
20.92440891265869,0.3,0.0,0.0,2.7847407452620017,-21.08,0.0,0.0,0.0,nan
20.965387105941772,0.3,0.0,0.0,2.7847407452620017,-21.08,0.0,0.0,0.0,nan
20.965551614761353,0.3,0.0,0.0,2.7694814905240035,-21.08,0.0,0.0,0.0,nan
20.96562170982361,0.3,0.0,0.0,2.8,-21.08,0.0,0.0,0.0,nan
20.96568274497986,0.3,0.0,0.0,2.7847407452620017,-21.08,0.0,0.0,0.0,nan
20.96574068069458,0.3,0.0,0.0,2.7847407452620017,-21.08,0.0,0.0,0.0,nan
20.965796947479248,0.3,0.0,0.0,2.815259254737998,-21.08,0.0,0.0,0.0,nan
21.006885051727295,0.3,0.0,0.0,2.8,-21.08,0.0,0.0,0.0,nan
21.007036209106445,0.3,0.0,0.0,2.7847407452620017,-21.08,0.0,0.0,0.0,nan
21.007102966308594,0.3,0.0,0.0,2.7847407452620017,-21.08,0.0,0.0,0.0,nan
21.007160425186157,0.3,0.0,0.0,2.8,-21.08,0.0,0.0,0.0,nan
21.00721573829651,0.3,0.0,0.0,2.8,-21.08,0.0,0.0,0.0,nan
21.04829478263855,0.3,0.0,0.0,2.7847407452620017,-21.08,0.0,0.0,0.0,nan
21.04844903945923,0.3,0.0,0.0,2.8,-21.08,0.0,0.0,0.0,nan
21.048516273498535,0.3,0.0,0.0,2.8,-21.08,0.0,0.0,0.0,nan
21.048579216003418,0.3,0.0,0.0,2.7847407452620017,-21.08,0.0,0.0,0.0,nan
21.04864263534546,0.3,0.0,0.0,2.7847407452620017,-21.08,0.0,0.0,0.0,nan
21.048700094223022,0.3,0.0,0.0,2.7847407452620017,-21.08,0.0,0.0,0.0,nan
21.09994649887085,0.3,0.0,0.0,2.7847407452620017,-21.08,0.0,0.0,0.0,nan
21.100098609924316,0.3,0.0,0.0,2.8,-21.08,0.0,0.0,0.0,nan
21.100168228149414,0.3,0.0,0.0,2.7694814905240035,-21.08,0.0,0.0,0.0,nan
21.100231885910034,0.3,0.0,0.0,2.8,-21.08,0.0,0.0,0.0,nan
21.100294589996338,0.3,0.0,0.0,2.8,-21.08,0.0,0.0,0.0,nan
21.100348234176636,0.3,0.0,0.0,2.815259254737998,-21.08,0.0,0.0,0.0,nan
21.141282558441162,0.3,0.0,0.0,2.7694814905240035,-21.08,0.0,0.0,0.0,nan
21.141436100006104,0.3,0.0,0.0,2.8,-21.08,0.0,0.0,0.0,nan
21.141507863998413,0.3,0.0,0.0,2.7847407452620017,-21.08,0.0,0.0,0.0,nan
21.14157772064209,0.3,0.0,0.0,2.815259254737998,-21.08,0.0,0.0,0.0,nan
21.141639232635498,0.3,0.0,0.0,2.815259254737998,-21.08,0.0,0.0,0.0,nan
21.141700983047485,0.3,0.0,0.0,2.7847407452620017,-21.08,0.0,0.0,0.0,nan
21.182602405548096,0.3,0.0,0.0,2.8,-21.08,0.0,0.0,0.0,nan
21.182748317718506,0.3,0.0,0.0,2.7847407452620017,-21.08,0.0,0.0,0.0,nan
21.18282198905945,0.3,0.0,0.0,2.815259254737998,-21.08,0.0,0.0,0.0,nan
21.182884693145752,0.3,0.0,0.0,2.8,-21.08,0.0,0.0,0.0,nan
21.182947158813477,0.3,0.0,0.0,2.7694814905240035,-21.08,0.0,0.0,0.0,nan
21.183003187179565,0.3,0.0,0.0,2.7847407452620017,-21.08,0.0,0.0,0.0,nan
21.223970413208008,0.3,0.0,0.0,2.8,-21.08,0.0,0.0,0.0,nan
21.224113941192627,0.3,0.0,0.0,2.7847407452620017,-21.08,0.0,0.0,0.0,nan
21.2241849899292,0.3,0.0,0.0,2.7847407452620017,-21.08,0.0,0.0,0.0,nan
21.224255561828613,0.3,0.0,0.0,2.8,-21.08,0.0,0.0,0.0,nan
21.224401235580444,0.3,0.0,0.0,2.8,-21.08,0.0,0.0,0.0,nan
21.22446608543396,0.3,0.0,0.0,2.8,-21.08,0.0,0.0,0.0,nan
21.265487909317017,0.3,0.0,0.0,2.815259254737998,-21.08,0.0,0.0,0.0,nan
21.265644311904907,0.3,0.0,0.0,2.7847407452620017,-21.08,0.0,0.0,0.0,nan
21.2657208442688,0.3,0.0,0.0,2.8,-21.08,0.0,0.0,0.0,nan
21.265788555145264,0.3,0.0,0.0,2.8,-21.08,0.0,0.0,0.0,nan
21.26584792137146,0.3,0.0,0.0,2.7847407452620017,-21.08,0.0,0.0,0.0,nan
21.26590919494629,0.3,0.0,0.0,2.8,-21.08,0.0,0.0,0.0,nan
21.306964874267578,0.3,0.0,0.0,2.8,-21.08,0.0,0.0,0.0,nan
21.307116746902466,0.3,0.0,0.0,2.7847407452620017,-21.08,0.0,0.0,0.0,nan
21.30718994140625,0.3,0.0,0.0,2.8,-21.08,0.0,0.0,0.0,nan
21.307255506515503,0.3,0.0,0.0,2.7847407452620017,-21.26,0.0,0.0,0.0,nan
21.30732297897339,0.3,0.0,0.0,2.7847407452620017,-21.44,0.0,0.0,0.0,nan
21.30738139152527,0.3,0.0,0.0,2.8,-21.8,0.0,0.0,0.0,nan
21.35867166519165,0.3,0.0,0.0,2.7847407452620017,-22.52,0.0,0.0,0.0,nan
21.35882806777954,0.3,0.0,0.0,2.815259254737998,-23.42,0.0,0.0,0.0,nan
21.3589026927948,0.3,0.0,0.0,2.8,-24.5,0.0,0.0,0.0,nan
21.358973026275635,0.3,0.0,0.0,2.8,-25.759999999999998,0.0,-0.18,0.0,nan
21.359042167663574,0.3,0.0,0.0,2.8,-27.2,0.0,0.0,0.0,nan
21.359107732772827,0.3,0.0,0.0,2.8,-29.36,0.0,0.0,0.0,nan
21.40009617805481,0.3,0.0,0.0,2.7847407452620017,-30.799999999999997,0.0,0.0,0.0,nan
21.400261640548706,0.3,0.0,0.0,2.830518509475996,-32.78,0.0,0.0,0.0,nan
21.400330305099487,0.3,0.0,0.0,2.8,-34.58,0.0,0.0,0.0,nan
21.400389671325684,0.3,0.0,0.0,2.7694814905240035,-36.92,0.0,0.0,0.0,nan
21.40044856071472,0.3,0.0,0.0,2.8,-38.72,0.0,0.0,0.0,nan
21.40049910545349,0.3,0.0,0.0,2.8,-40.519999999999996,0.0,0.0,0.0,nan
21.441537618637085,0.3,0.0,0.0,2.7847407452620017,-42.14,0.0,0.36,0.0,nan
21.4416983127594,0.3,0.0,0.0,2.8,-43.58,0.0,0.72,0.0,nan
21.441774129867554,0.3,0.0,0.0,2.815259254737998,-44.84,0.0,1.26,0.0,nan
21.44191813468933,0.3,0.0,0.0,2.8,-45.739999999999995,0.0,1.98,0.0,nan
21.442000150680542,0.3,0.0,0.0,2.7847407452620017,-46.64,0.0,2.88,0.0,nan
21.48305583000183,0.3,0.0,0.0,2.7694814905240035,-47.18,0.0,4.14,0.0,nan
21.483218669891357,0.3,0.0,0.0,2.815259254737998,-47.54,0.0,5.58,0.0,nan
21.483294010162354,0.3,0.0,0.0,2.7847407452620017,-47.72,0.0,7.02,0.0,nan
21.483360528945923,0.3,0.0,0.0,2.7847407452620017,-47.54,0.0,8.82,0.0,nan
21.483535051345825,0.3,0.0,0.0,2.8,-47.36,0.0,10.799999999999999,0.0,nan
21.483616590499878,0.3,0.0,0.0,2.7694814905240035,-47.18,0.0,12.78,0.0,nan
21.524828672409058,0.3,0.0,0.0,2.815259254737998,-46.82,0.0,14.58,0.0,nan
21.525023221969604,0.3,0.0,0.0,2.7847407452620017,-46.28,0.0,16.38,0.0,nan
21.525113582611084,0.3,0.0,0.0,2.7847407452620017,-45.92,0.0,18.54,0.0,nan
21.525177478790283,0.3,0.0,0.0,2.815259254737998,-45.379999999999995,0.0,20.16,0.0,nan
21.525250673294067,0.3,0.0,0.0,2.8,-45.019999999999996,0.0,21.599999999999998,0.0,nan
21.52531361579895,0.3,0.0,0.0,2.8,-44.66,0.0,22.86,0.0,nan
21.566424131393433,0.3,0.0,0.0,2.7847407452620017,-44.480000000000004,0.0,24.3,0.0,nan
21.566589832305908,0.3,0.0,0.0,2.8,-44.480000000000004,0.0,24.84,0.0,nan
21.566673278808594,0.3,0.0,0.0,2.7847407452620017,-44.480000000000004,0.0,25.38,0.0,nan
21.566739082336426,0.3,0.0,0.0,2.7847407452620017,-44.480000000000004,0.0,25.56,0.0,nan
21.56679940223694,0.3,0.0,0.0,2.7847407452620017,-44.84,0.0,25.38,0.0,nan
21.56685447692871,0.3,0.0,0.0,2.815259254737998,-45.019999999999996,0.0,25.2,0.0,nan
21.607873678207397,0.3,0.0,0.0,2.7847407452620017,-45.379999999999995,0.0,24.66,0.0,nan
21.60802984237671,0.3,0.0,0.0,2.7847407452620017,-45.739999999999995,0.0,24.119999999999997,0.0,nan
21.60811471939087,0.3,0.0,0.0,2.8,-45.92,0.0,23.58,0.0,nan
21.60839581489563,0.3,0.0,0.0,2.7694814905240035,-46.099999999999994,0.0,23.04,0.0,nan
21.608491897583008,0.3,0.0,0.0,2.8,-46.28,0.0,22.5,0.0,nan
21.608558893203735,0.3,0.0,0.0,2.815259254737998,-46.459999999999994,0.0,21.96,0.0,nan
21.659767389297485,0.3,0.0,0.0,2.8,-46.459999999999994,0.0,21.419999999999998,0.0,nan
21.66014790534973,0.3,0.0,0.0,2.815259254737998,-46.28,0.0,20.88,0.0,nan
21.660560369491577,0.3,0.0,0.0,2.815259254737998,-46.28,0.0,20.34,0.0,nan
21.660651922225952,0.3,0.0,0.0,2.8,-46.099999999999994,0.0,19.8,0.0,nan
21.66079568862915,0.3,0.0,0.0,2.8,-45.92,0.0,19.08,0.0,nan
21.660868883132935,0.3,0.0,0.0,2.7847407452620017,-45.739999999999995,0.0,18.36,0.0,nan
21.701759099960327,0.3,0.0,0.0,2.815259254737998,-45.739999999999995,0.0,17.46,0.0,nan
21.701912879943848,0.3,0.0,0.0,2.815259254737998,-45.56,0.0,16.56,0.0,nan
21.702048301696777,0.3,0.0,0.0,2.8,-45.56,0.0,15.299999999999999,0.0,nan
21.702123403549194,0.3,0.0,0.0,2.7847407452620017,-45.56,0.0,13.86,0.0,nan
21.702215671539307,0.3,0.0,0.0,2.8,-45.739999999999995,0.0,12.42,0.0,nan
21.702340364456177,0.3,0.0,0.0,2.7847407452620017,-45.739999999999995,0.0,10.799999999999999,0.0,nan
21.743354558944702,0.3,0.0,0.0,2.8,-45.92,0.0,8.64,0.0,nan
21.743494749069214,0.3,0.0,0.0,2.7847407452620017,-46.099999999999994,0.0,7.02,0.0,nan
21.743754386901855,0.3,0.0,0.0,2.7847407452620017,-46.28,0.0,5.04,0.0,nan
21.743868112564087,0.3,0.0,0.0,2.7694814905240035,-46.459999999999994,0.0,3.06,0.0,nan
21.744094133377075,0.3,0.0,0.0,2.7847407452620017,-46.64,0.0,0.54,0.0,nan
21.744325160980225,0.3,0.0,0.0,2.7847407452620017,-45.92,0.0,0.0,0.0,nan
21.78522515296936,0.3,0.0,0.0,2.8,-45.379999999999995,0.0,0.54,0.0,nan
21.785367727279663,0.3,0.0,0.0,2.7847407452620017,-45.019999999999996,0.0,0.72,0.0,nan
21.785613298416138,0.3,0.0,0.0,2.7694814905240035,-44.480000000000004,0.0,0.8999999999999999,0.0,nan
21.78579044342041,0.3,0.0,0.0,2.8,-44.3,0.0,0.72,0.0,nan
21.78588104248047,0.3,0.0,0.0,2.7847407452620017,-44.12,0.0,0.18,0.0,nan
21.78598713874817,0.3,0.0,0.0,2.7847407452620017,-43.94,0.0,-0.18,0.0,nan
21.82707405090332,0.3,0.0,0.0,2.8,-44.12,0.0,0.0,0.0,nan
21.827230215072632,0.3,0.0,0.0,2.7694814905240035,-44.3,0.0,0.0,0.0,nan
21.827304363250732,0.3,0.0,0.0,2.7847407452620017,-44.3,0.0,0.0,0.0,nan
21.82736873626709,0.3,0.0,0.0,2.7694814905240035,-44.480000000000004,0.0,0.0,0.0,nan
21.827436208724976,0.3,0.0,0.0,2.7847407452620017,-44.66,0.0,0.0,0.0,nan
21.827494859695435,0.3,0.0,0.0,2.830518509475996,-45.019999999999996,0.0,0.0,0.0,nan
21.86869978904724,0.3,0.0,0.0,2.815259254737998,-45.379999999999995,0.0,0.0,0.0,nan
21.868860006332397,0.3,0.0,0.0,2.7847407452620017,-45.56,0.0,0.0,0.0,nan
21.868971586227417,0.3,0.0,0.0,2.815259254737998,-45.92,0.0,0.0,0.0,nan
21.86904740333557,0.3,0.0,0.0,2.7847407452620017,-46.099999999999994,0.0,0.0,0.0,nan
21.869121074676514,0.3,0.0,0.0,2.7847407452620017,-46.28,0.0,0.0,0.0,nan
21.869179010391235,0.3,0.0,0.0,2.8,-46.459999999999994,0.0,0.0,0.0,nan
21.910298347473145,0.3,0.0,0.0,2.7847407452620017,-46.64,0.0,0.0,0.0,nan
21.910460948944092,0.3,0.0,0.0,2.8,-46.64,0.0,0.0,0.0,nan
21.910531759262085,0.3,0.0,0.0,2.7847407452620017,-46.64,0.0,0.0,0.0,nan
21.910603761672974,0.3,0.0,0.0,2.7847407452620017,-46.64,0.0,0.0,0.0,nan
21.910664319992065,0.3,0.0,0.0,2.7847407452620017,-46.64,0.0,0.0,0.0,nan
21.961995601654053,0.3,0.0,0.0,2.7847407452620017,-46.64,0.0,0.0,0.0,nan
21.962153911590576,0.3,0.0,0.0,2.7542222357860053,-46.459999999999994,0.0,0.0,0.0,nan
21.96222710609436,0.3,0.0,0.0,2.7847407452620017,-46.28,0.0,0.0,0.0,nan
21.96229362487793,0.3,0.0,0.0,2.8,-46.099999999999994,0.0,0.0,0.0,nan
21.962353229522705,0.3,0.0,0.0,2.7847407452620017,-46.099999999999994,0.0,0.0,0.0,nan
21.962414264678955,0.3,0.0,0.0,2.7847407452620017,-45.92,0.0,0.0,0.0,nan
22.003524780273438,0.3,0.0,0.0,2.8,-45.739999999999995,0.0,0.0,0.0,nan
22.003694772720337,0.3,0.0,0.0,2.7847407452620017,-45.739999999999995,0.0,0.0,0.0,nan
22.003775119781494,0.3,0.0,0.0,2.7847407452620017,-45.56,0.0,0.0,0.0,nan
22.003847122192383,0.3,0.0,0.0,2.8,-45.56,0.0,0.0,0.0,nan
22.003908395767212,0.3,0.0,0.0,2.8,-45.56,0.0,0.0,0.0,nan
22.003966808319092,0.3,0.0,0.0,2.8,-45.56,0.0,0.0,0.0,nan
22.045157432556152,0.3,0.0,0.0,2.7847407452620017,-45.739999999999995,0.0,0.0,0.0,nan
22.04532241821289,0.3,0.0,0.0,2.7694814905240035,-45.739999999999995,0.0,0.0,0.0,nan
22.04540205001831,0.3,0.0,0.0,2.7694814905240035,-45.92,0.0,0.0,0.0,nan
22.045472383499146,0.3,0.0,0.0,2.815259254737998,-46.099999999999994,0.0,0.0,0.0,nan
22.045538187026978,0.3,0.0,0.0,2.8,-46.099999999999994,0.0,0.0,0.0,nan
22.045597076416016,0.3,0.0,0.0,2.8,-46.28,0.0,0.0,0.0,nan
22.0867018699646,0.3,0.0,0.0,2.8,-46.459999999999994,0.0,0.0,0.0,nan
22.086864471435547,0.3,0.0,0.0,2.8,-46.459999999999994,0.0,0.0,0.0,nan
22.086944103240967,0.3,0.0,0.0,2.8,-46.64,0.0,0.0,0.0,nan
22.087012767791748,0.3,0.0,0.0,2.815259254737998,-46.64,0.0,0.0,0.0,nan
22.087072610855103,0.3,0.0,0.0,2.8,-46.64,0.0,0.0,0.0,nan
22.08712673187256,0.3,0.0,0.0,2.7847407452620017,-46.64,0.0,0.0,0.0,nan
22.12811017036438,0.3,0.0,0.0,2.8,-46.64,0.0,0.0,0.0,nan
22.128269910812378,0.3,0.0,0.0,2.7694814905240035,-46.64,0.0,0.0,0.0,nan
22.128345727920532,0.3,0.0,0.0,2.7847407452620017,-46.459999999999994,0.0,0.0,0.0,nan
22.128418922424316,0.3,0.0,0.0,2.8,-46.459999999999994,0.0,0.0,0.0,nan
22.12848424911499,0.3,0.0,0.0,2.7847407452620017,-46.28,0.0,0.0,0.0,nan
22.128544092178345,0.3,0.0,0.0,2.8,-46.28,0.0,0.0,0.0,nan
22.169681072235107,0.3,0.0,0.0,2.7847407452620017,-46.099999999999994,0.0,0.0,0.0,nan
22.16984534263611,0.3,0.0,0.0,2.8,-46.099999999999994,0.0,0.0,0.0,nan
22.169922590255737,0.3,0.0,0.0,2.815259254737998,-46.099999999999994,0.0,0.0,0.0,nan
22.169994354248047,0.3,0.0,0.0,2.7694814905240035,-46.099999999999994,0.0,0.0,0.0,nan
22.170061588287354,0.3,0.0,0.0,2.815259254737998,-46.099999999999994,0.0,0.0,0.0,nan
22.170152187347412,0.3,0.0,0.0,2.738962981048007,-46.099999999999994,0.0,0.0,0.0,nan
22.211132764816284,0.3,0.0,0.0,2.8,-46.28,0.0,0.0,0.0,nan
22.211291074752808,0.3,0.0,0.0,2.815259254737998,-46.28,0.0,0.0,0.0,nan
22.211369037628174,0.3,0.0,0.0,2.8,-46.459999999999994,0.0,0.0,0.0,nan
22.211436986923218,0.3,0.0,0.0,2.7847407452620017,-46.459999999999994,0.0,0.0,0.0,nan
22.211498260498047,0.3,0.0,0.0,2.7847407452620017,-46.64,0.0,0.0,0.0,nan
22.211551189422607,0.3,0.0,0.0,2.815259254737998,-46.64,0.0,0.0,0.0,nan
22.26260757446289,0.3,0.0,0.0,2.7847407452620017,-46.64,0.0,0.0,0.0,nan
22.26276183128357,0.3,0.0,0.0,2.830518509475996,-46.82,0.0,0.0,0.0,nan
22.26283574104309,0.3,0.0,0.0,2.8,-46.82,0.0,0.0,0.0,nan
22.262897491455078,0.3,0.0,0.0,2.8,-46.82,0.0,0.0,0.0,nan
22.262955904006958,0.3,0.0,0.0,2.7694814905240035,-46.64,0.0,0.0,0.0,nan
22.263025283813477,0.3,0.0,0.0,2.8,-46.64,0.0,0.0,0.0,nan
22.30414891242981,0.3,0.0,0.0,2.7847407452620017,-46.64,0.0,0.0,0.0,nan
22.304306268692017,0.3,0.0,0.0,2.7847407452620017,-46.64,0.0,0.0,0.0,nan
22.304380655288696,0.3,0.0,0.0,2.7694814905240035,-46.64,0.0,0.0,0.0,nan
22.304451942443848,0.3,0.0,0.0,2.8,-46.459999999999994,0.0,0.0,0.0,nan
22.304530382156372,0.3,0.0,0.0,2.815259254737998,-46.459999999999994,0.0,0.0,0.0,nan
22.30458927154541,0.3,0.0,0.0,2.7847407452620017,-46.459999999999994,0.0,0.0,0.0,nan
22.345675945281982,0.3,0.0,0.0,2.7847407452620017,-46.459999999999994,0.0,0.0,0.0,nan
22.345825672149658,0.3,0.0,0.0,2.8,-46.64,0.0,0.0,0.0,nan
22.345898628234863,0.3,0.0,0.0,2.830518509475996,-46.64,0.0,0.0,0.0,nan
22.345962285995483,0.3,0.0,0.0,2.7847407452620017,-46.64,0.0,0.0,0.0,nan
22.346022844314575,0.3,0.0,0.0,2.7847407452620017,-46.64,0.0,0.0,0.0,nan
22.387042999267578,0.3,0.0,0.0,2.7847407452620017,-46.64,0.0,0.0,0.0,nan
22.387207746505737,0.3,0.0,0.0,2.815259254737998,-46.64,0.0,0.0,0.0,nan
22.387286901474,0.3,0.0,0.0,2.8,-46.64,0.0,0.0,0.0,nan
22.387349128723145,0.3,0.0,0.0,2.815259254737998,-46.459999999999994,0.0,0.0,0.0,nan
22.3874249458313,0.3,0.0,0.0,2.8,-46.459999999999994,0.0,0.0,0.0,nan
22.38755464553833,0.3,0.0,0.0,2.7847407452620017,-46.459999999999994,0.0,0.0,0.0,nan
22.428999423980713,0.3,0.0,0.0,2.830518509475996,-46.459999999999994,0.0,0.0,0.0,nan
22.42915654182434,0.3,0.0,0.0,2.8,-46.459999999999994,0.0,0.0,0.0,nan
22.42923140525818,0.3,0.0,0.0,2.8,-46.459999999999994,0.0,0.0,0.0,nan
22.42929720878601,0.3,0.0,0.0,2.8,-46.459999999999994,0.0,0.0,0.0,nan
22.429361581802368,0.3,0.0,0.0,2.815259254737998,-46.459999999999994,0.0,0.0,0.0,nan
22.429426670074463,0.3,0.0,0.0,2.7847407452620017,-46.459999999999994,0.0,0.0,0.0,nan
22.470510244369507,0.3,0.0,0.0,2.8,-46.459999999999994,0.0,0.0,0.0,nan
22.470674514770508,0.3,0.0,0.0,2.8,-46.64,0.0,0.0,0.0,nan
22.470750331878662,0.3,0.0,0.0,2.7847407452620017,-46.64,0.0,0.0,0.0,nan
22.471033811569214,0.3,0.0,0.0,2.7694814905240035,-46.64,0.0,0.0,0.0,nan
22.471202611923218,0.3,0.0,0.0,2.8,-46.64,0.0,0.0,0.0,nan
22.471293687820435,0.3,0.0,0.0,2.8,-46.64,0.0,0.0,0.0,nan
22.512349843978882,0.3,0.0,0.0,2.8,-46.64,0.0,0.0,0.0,nan
22.51250648498535,0.3,0.0,0.0,2.8,-46.64,0.0,0.0,0.0,nan
22.51257824897766,0.3,0.0,0.0,2.815259254737998,-46.64,0.0,0.0,0.0,nan
22.512646198272705,0.3,0.0,0.0,2.7847407452620017,-46.64,0.0,0.0,0.0,nan
22.512707233428955,0.3,0.0,0.0,2.8,-46.64,0.0,0.0,0.0,nan
22.512762308120728,0.3,0.0,0.0,2.8,-46.64,0.0,0.0,0.0,nan
22.56395125389099,0.3,0.0,0.0,2.7847407452620017,-46.64,0.0,0.0,0.0,nan
22.564112901687622,0.3,0.0,0.0,2.7847407452620017,-46.64,0.0,0.0,0.0,nan
22.564188480377197,0.3,0.0,0.0,2.7847407452620017,-46.64,0.0,0.0,0.0,nan
22.56425428390503,0.3,0.0,0.0,2.7694814905240035,-46.64,0.0,0.0,0.0,nan
22.5643150806427,0.3,0.0,0.0,2.8,-46.64,0.0,0.0,0.0,nan
22.564375162124634,0.3,0.0,0.0,2.7694814905240035,-46.64,0.0,0.0,0.0,nan
22.605376958847046,0.3,0.0,0.0,2.815259254737998,-46.64,0.0,0.0,0.0,nan
22.605533838272095,0.3,0.0,0.0,2.7847407452620017,-46.64,0.0,0.0,0.0,nan
22.60560441017151,0.3,0.0,0.0,2.8,-46.64,0.0,0.0,0.0,nan
22.605666637420654,0.3,0.0,0.0,2.815259254737998,-46.64,0.0,0.0,0.0,nan
22.60572862625122,0.3,0.0,0.0,2.815259254737998,-46.64,0.0,0.0,0.0,nan
22.605785131454468,0.3,0.0,0.0,2.7847407452620017,-46.64,0.0,0.0,0.0,nan
22.646891593933105,0.3,0.0,0.0,2.8,-46.64,0.0,0.0,0.0,nan
22.647050142288208,0.3,0.0,0.0,2.8,-46.64,0.0,0.0,0.0,nan
22.647119998931885,0.3,0.0,0.0,2.815259254737998,-46.64,0.0,0.0,0.0,nan
22.6471905708313,0.3,0.0,0.0,2.7847407452620017,-46.64,0.0,0.0,0.0,nan
22.64724850654602,0.3,0.0,0.0,2.7847407452620017,-46.64,0.0,0.0,0.0,nan
22.647302865982056,0.3,0.0,0.0,2.7847407452620017,-46.64,0.0,0.0,0.0,nan
22.688283443450928,0.3,0.0,0.0,2.7847407452620017,-46.64,0.0,0.0,0.0,nan
22.688438415527344,0.3,0.0,0.0,2.815259254737998,-46.64,0.0,0.0,0.0,nan
22.688580751419067,0.3,0.0,0.0,2.830518509475996,-46.64,0.0,0.0,0.0,nan
22.688660144805908,0.3,0.0,0.0,2.8,-46.64,0.0,0.0,0.0,nan
22.688724994659424,0.3,0.0,0.0,2.8,-46.64,0.0,0.0,0.0,nan
22.688782453536987,0.3,0.0,0.0,2.7847407452620017,-46.64,0.0,0.0,0.0,nan
22.729793071746826,0.3,0.0,0.0,2.7694814905240035,-46.64,0.0,0.0,0.0,nan
22.729952573776245,0.3,0.0,0.0,2.7847407452620017,-46.64,0.0,0.0,0.0,nan
22.73003125190735,0.3,0.0,0.0,2.8,-46.64,0.0,0.0,0.0,nan
22.730093955993652,0.3,0.0,0.0,2.7847407452620017,-46.82,0.0,0.0,0.0,nan
22.730154991149902,0.3,0.0,0.0,2.830518509475996,-46.82,0.0,0.0,0.0,nan
22.73020648956299,0.3,0.0,0.0,2.7847407452620017,-46.82,0.0,0.0,0.0,nan
22.771297693252563,0.3,0.0,0.0,2.8,-46.82,0.0,0.0,0.0,nan
22.771453619003296,0.3,0.0,0.0,2.8,-46.82,0.0,0.0,0.0,nan
22.77152681350708,0.3,0.0,0.0,2.8,-46.82,0.0,0.0,0.0,nan
22.771586656570435,0.3,0.0,0.0,2.815259254737998,-46.82,0.0,0.0,0.0,nan
22.771647691726685,0.3,0.0,0.0,2.8,-46.82,0.0,0.0,0.0,nan
22.771698713302612,0.3,0.0,0.0,2.7847407452620017,-46.82,0.0,0.0,0.0,nan
22.822935342788696,0.3,0.0,0.0,2.815259254737998,-46.82,0.0,0.0,0.0,nan
22.823081970214844,0.3,0.0,0.0,2.8,-46.82,0.0,0.0,0.0,nan
22.82315421104431,0.3,0.0,0.0,2.7847407452620017,-46.82,0.0,0.0,0.0,nan
22.823220014572144,0.3,0.0,0.0,2.8,-46.82,0.0,0.0,0.0,nan
22.823280572891235,0.3,0.0,0.0,2.7847407452620017,-46.64,0.0,0.0,0.0,nan
22.864217042922974,0.3,0.0,0.0,2.7847407452620017,-46.28,0.0,0.18,0.0,nan
22.864375591278076,0.3,0.0,0.0,2.7847407452620017,-45.739999999999995,0.0,0.54,0.0,nan
22.864460468292236,0.3,0.0,0.0,2.8,-45.2,0.0,1.08,0.0,nan
22.864774227142334,0.3,0.0,0.0,2.8,-44.12,0.0,1.7999999999999998,0.0,nan
22.864869832992554,0.3,0.0,0.0,2.7694814905240035,-43.04,0.0,2.88,0.0,nan
22.86499810218811,0.3,0.0,0.0,2.8,-41.599999999999994,0.0,4.14,0.0,nan
22.906152725219727,0.3,0.0,0.0,2.7694814905240035,-39.980000000000004,0.0,5.58,0.0,nan
22.90628147125244,0.3,0.0,0.0,2.7847407452620017,-38.0,0.0,7.38,0.0,nan
22.906321048736572,0.3,0.0,0.0,2.815259254737998,-35.84,0.0,9.18,0.0,nan
22.90635633468628,0.3,0.0,0.0,2.7847407452620017,-33.68,0.0,11.16,0.0,nan
22.90638756752014,0.3,0.0,0.0,2.7847407452620017,-31.16,0.0,13.32,0.0,nan
22.906418085098267,0.3,0.0,0.0,2.7847407452620017,-28.28,0.0,16.02,0.0,nan
22.947595357894897,0.3,0.0,0.0,2.8,-25.58,0.0,18.36,0.0,nan
22.94771456718445,0.3,0.0,0.0,2.7847407452620017,-22.88,0.0,20.52,0.0,nan
22.947756052017212,0.3,0.0,0.0,2.7847407452620017,-20.54,0.0,22.14,0.0,nan
22.94778847694397,0.3,0.0,0.0,2.8,-18.56,0.0,23.22,0.0,nan
22.947816848754883,0.3,0.0,0.0,2.8,-18.02,0.0,22.86,0.0,nan
22.947845458984375,0.3,0.0,0.0,2.7847407452620017,-18.2,0.0,20.7,0.0,nan
22.98900580406189,0.3,0.0,0.0,2.815259254737998,-18.56,0.0,17.82,0.0,nan
22.98913860321045,0.3,0.0,0.0,2.815259254737998,-19.64,0.0,12.959999999999999,0.0,nan
22.989180088043213,0.3,0.0,0.0,2.8,-21.08,0.0,9.0,0.0,nan
22.989214420318604,0.3,0.0,0.0,2.8,-22.16,0.0,5.3999999999999995,0.0,nan
22.98924446105957,0.3,0.0,0.0,2.815259254737998,-23.6,0.0,1.26,0.0,nan
22.989272832870483,0.3,0.0,0.0,2.7694814905240035,-23.42,0.0,0.72,0.0,nan
23.03055214881897,0.3,0.0,0.0,2.815259254737998,-22.88,0.0,2.6999999999999997,0.0,nan
23.03068780899048,0.3,0.0,0.0,2.8,-22.16,0.0,4.68,0.0,nan
23.03074359893799,0.3,0.0,0.0,2.7847407452620017,-21.44,0.0,6.66,0.0,nan
23.030788898468018,0.3,0.0,0.0,2.7847407452620017,-20.9,0.0,8.64,0.0,nan
23.030832529067993,0.3,0.0,0.0,2.7847407452620017,-20.54,0.0,10.08,0.0,nan
23.03087091445923,0.3,0.0,0.0,2.8,-20.18,0.0,10.98,0.0,nan
23.071808099746704,0.3,0.0,0.0,2.815259254737998,-20.18,0.0,11.52,0.0,nan
23.0719256401062,0.3,0.0,0.0,2.8,-20.54,0.0,11.52,0.0,nan
23.071972370147705,0.3,0.0,0.0,2.7847407452620017,-20.9,0.0,11.52,0.0,nan
23.07201051712036,0.3,0.0,0.0,2.8,-21.26,0.0,11.16,0.0,nan
23.072041749954224,0.3,0.0,0.0,2.815259254737998,-21.62,0.0,10.98,0.0,nan
23.072072744369507,0.3,0.0,0.0,2.8,-21.98,0.0,10.62,0.0,nan
23.123198986053467,0.3,0.0,0.0,2.8,-22.34,0.0,10.26,0.0,nan
23.12334895133972,0.3,0.0,0.0,2.7694814905240035,-22.52,0.0,9.9,0.0,nan
23.123424530029297,0.3,0.0,0.0,2.8,-22.52,0.0,9.9,0.0,nan
23.123493432998657,0.3,0.0,0.0,2.7694814905240035,-22.52,0.0,9.719999999999999,0.0,nan
23.123559951782227,0.3,0.0,0.0,2.8,-22.34,0.0,9.719999999999999,0.0,nan
23.123615980148315,0.3,0.0,0.0,2.830518509475996,-22.16,0.0,9.719999999999999,0.0,nan
23.164780616760254,0.3,0.0,0.0,2.8,-21.98,0.0,9.719999999999999,0.0,nan
23.164973735809326,0.3,0.0,0.0,2.8,-21.62,0.0,9.54,0.0,nan
23.16505742073059,0.3,0.0,0.0,2.815259254737998,-21.44,0.0,9.36,0.0,nan
23.165127515792847,0.3,0.0,0.0,2.815259254737998,-21.44,0.0,9.0,0.0,nan
23.16519284248352,0.3,0.0,0.0,2.7847407452620017,-21.26,0.0,8.459999999999999,0.0,nan
23.165255308151245,0.3,0.0,0.0,2.7694814905240035,-21.44,0.0,7.56,0.0,nan
23.20638942718506,0.3,0.0,0.0,2.8,-21.44,0.0,6.66,0.0,nan
23.206550359725952,0.3,0.0,0.0,2.8,-21.44,0.0,5.76,0.0,nan
23.206631183624268,0.3,0.0,0.0,2.830518509475996,-21.44,0.0,4.68,0.0,nan
23.20669960975647,0.3,0.0,0.0,2.7847407452620017,-21.62,0.0,3.42,0.0,nan
23.206903219223022,0.3,0.0,0.0,2.815259254737998,-21.62,0.0,2.34,0.0,nan
23.206984281539917,0.3,0.0,0.0,2.7694814905240035,-21.62,0.0,1.08,0.0,nan
23.248358726501465,0.3,0.0,0.0,2.7847407452620017,-21.62,0.0,0.0,0.0,nan
23.24851655960083,0.3,0.0,0.0,2.815259254737998,-21.08,0.0,0.18,0.0,nan
23.24859309196472,0.3,0.0,0.0,2.7847407452620017,-20.72,0.0,0.36,0.0,nan
23.248870134353638,0.3,0.0,0.0,2.7847407452620017,-20.54,0.0,0.36,0.0,nan
23.24898624420166,0.3,0.0,0.0,2.8,-20.54,0.0,0.0,0.0,nan
23.290114164352417,0.3,0.0,0.0,2.7847407452620017,-20.36,0.0,0.0,0.0,nan
23.290270566940308,0.3,0.0,0.0,2.8,-20.18,0.0,0.0,0.0,nan
23.290343284606934,0.3,0.0,0.0,2.7847407452620017,-20.36,0.0,0.0,0.0,nan
23.29040837287903,0.3,0.0,0.0,2.815259254737998,-20.54,0.0,0.0,0.0,nan
23.290473461151123,0.3,0.0,0.0,2.7847407452620017,-20.54,0.0,0.0,0.0,nan
23.290536403656006,0.3,0.0,0.0,2.815259254737998,-20.72,0.0,0.0,0.0,nan
23.331680297851562,0.3,0.0,0.0,2.7694814905240035,-20.9,0.0,0.0,0.0,nan
23.331841707229614,0.3,0.0,0.0,2.8,-21.08,0.0,0.0,0.0,nan
23.331921100616455,0.3,0.0,0.0,2.8,-21.26,0.0,0.0,0.0,nan
23.331987142562866,0.3,0.0,0.0,2.815259254737998,-21.26,0.0,0.0,0.0,nan
23.332048177719116,0.3,0.0,0.0,2.7694814905240035,-21.26,0.0,0.0,0.0,nan
23.33210802078247,0.3,0.0,0.0,2.7847407452620017,-21.26,0.0,0.0,0.0,nan
23.3732008934021,0.3,0.0,0.0,2.7847407452620017,-21.26,0.0,0.0,0.0,nan
23.373350381851196,0.3,0.0,0.0,2.815259254737998,-21.26,0.0,0.0,0.0,nan
23.37341809272766,0.3,0.0,0.0,2.7847407452620017,-21.08,0.0,0.0,0.0,nan
23.37348175048828,0.3,0.0,0.0,2.7847407452620017,-21.08,0.0,0.0,0.0,nan
23.37354063987732,0.3,0.0,0.0,2.8,-21.08,0.0,0.0,0.0,nan
23.37359642982483,0.3,0.0,0.0,2.8,-21.08,0.0,0.0,0.0,nan
23.424864053726196,0.3,0.0,0.0,2.8,-21.08,0.0,0.0,0.0,nan
23.425065994262695,0.3,0.0,0.0,2.8,-21.08,0.0,0.0,0.0,nan
23.425140857696533,0.3,0.0,0.0,2.7847407452620017,-21.08,0.0,0.0,0.0,nan
23.425212860107422,0.3,0.0,0.0,2.7847407452620017,-21.08,0.0,0.0,0.0,nan
23.425280332565308,0.3,0.0,0.0,2.7847407452620017,-21.08,0.0,0.0,0.0,nan
23.425341844558716,0.3,0.0,0.0,2.7847407452620017,-21.08,0.0,0.0,0.0,nan
23.46640968322754,0.3,0.0,0.0,2.8,-21.08,0.0,0.0,0.0,nan
23.466559171676636,0.3,0.0,0.0,2.7847407452620017,-21.08,0.0,0.0,0.0,nan
23.466700077056885,0.3,0.0,0.0,2.815259254737998,-21.08,0.0,0.0,0.0,nan
23.466781854629517,0.3,0.0,0.0,2.7847407452620017,-21.08,0.0,0.0,0.0,nan
23.466850519180298,0.3,0.0,0.0,2.7847407452620017,-21.08,0.0,0.0,0.0,nan
23.466910362243652,0.3,0.0,0.0,2.815259254737998,-21.08,0.0,0.0,0.0,nan
23.50783896446228,0.3,0.0,0.0,2.815259254737998,-21.08,0.0,0.0,0.0,nan
23.507978439331055,0.3,0.0,0.0,2.7847407452620017,-21.08,0.0,0.0,0.0,nan
23.508050441741943,0.3,0.0,0.0,2.815259254737998,-21.08,0.0,0.0,0.0,nan
23.508111000061035,0.3,0.0,0.0,2.7847407452620017,-21.08,0.0,0.0,0.0,nan
23.508167505264282,0.3,0.0,0.0,2.830518509475996,-21.08,0.0,0.0,0.0,nan
23.508220672607422,0.3,0.0,0.0,2.8,-21.08,0.0,0.0,0.0,nan
23.549277305603027,0.3,0.0,0.0,2.7694814905240035,-21.08,0.0,0.0,0.0,nan
23.549437999725342,0.3,0.0,0.0,2.8,-21.08,0.0,0.0,0.0,nan
23.549506902694702,0.3,0.0,0.0,2.8,-21.08,0.0,0.0,0.0,nan
23.549570083618164,0.3,0.0,0.0,2.7694814905240035,-21.08,0.0,0.0,0.0,nan
23.54962944984436,0.3,0.0,0.0,2.7694814905240035,-21.08,0.0,0.0,0.0,nan
23.549691200256348,0.3,0.0,0.0,2.7847407452620017,-21.08,0.0,0.0,0.0,nan
23.590760707855225,0.3,0.0,0.0,2.8,-21.08,0.0,0.0,0.0,nan
23.590911388397217,0.3,0.0,0.0,2.8,-20.9,0.0,0.0,0.0,nan
23.590982675552368,0.3,0.0,0.0,2.7694814905240035,-20.9,0.0,0.0,0.0,nan
23.59104633331299,0.3,0.0,0.0,2.8,-20.9,0.0,0.0,0.0,nan
23.59110975265503,0.3,0.0,0.0,2.830518509475996,-20.9,0.0,0.0,0.0,nan
23.591166019439697,0.3,0.0,0.0,2.7847407452620017,-20.9,0.0,0.0,0.0,nan
23.632214307785034,0.3,0.0,0.0,2.8,-20.9,0.0,0.0,0.0,nan
23.63237190246582,0.3,0.0,0.0,2.815259254737998,-20.9,0.0,0.0,0.0,nan
23.632445573806763,0.3,0.0,0.0,2.7847407452620017,-20.9,0.0,0.0,0.0,nan
23.632510900497437,0.3,0.0,0.0,2.7847407452620017,-20.9,0.0,0.0,0.0,nan
23.632571935653687,0.3,0.0,0.0,2.8,-20.9,0.0,0.0,0.0,nan
23.63262677192688,0.3,0.0,0.0,2.8,-20.9,0.0,0.0,0.0,nan
23.68378233909607,0.3,0.0,0.0,2.8,-20.9,0.0,0.0,0.0,nan
23.68392848968506,0.3,0.0,0.0,2.8,-20.9,0.0,0.0,0.0,nan
23.683998107910156,0.3,0.0,0.0,2.8,-20.9,0.0,0.0,0.0,nan
23.684059858322144,0.3,0.0,0.0,2.8,-20.9,0.0,0.0,0.0,nan
23.684117078781128,0.3,0.0,0.0,2.8,-20.9,0.0,0.0,0.0,nan
23.68417525291443,0.3,0.0,0.0,2.8,-20.9,0.0,0.0,0.0,nan
23.72519850730896,0.3,0.0,0.0,2.7847407452620017,-20.9,0.0,0.0,0.0,nan
23.72534942626953,0.3,0.0,0.0,2.7694814905240035,-20.9,0.0,0.0,0.0,nan
23.725430011749268,0.3,0.0,0.0,2.7694814905240035,-20.9,0.0,0.0,0.0,nan
23.72549796104431,0.3,0.0,0.0,2.815259254737998,-20.9,0.0,0.0,0.0,nan
23.725560665130615,0.3,0.0,0.0,2.7847407452620017,-20.9,0.0,0.0,0.0,nan
23.766439199447632,0.3,0.0,0.0,2.7847407452620017,-20.9,0.0,0.0,0.0,nan
23.766575813293457,0.3,0.0,0.0,2.815259254737998,-20.9,0.0,0.0,0.0,nan
23.766647577285767,0.3,0.0,0.0,2.815259254737998,-20.9,0.0,0.0,0.0,nan
23.766942024230957,0.3,0.0,0.0,2.815259254737998,-20.9,0.0,0.0,0.0,nan
23.76705813407898,0.3,0.0,0.0,2.7694814905240035,-20.9,0.0,0.0,0.0,nan
23.767133235931396,0.3,0.0,0.0,2.7847407452620017,-20.9,0.0,0.0,0.0,nan
23.807902812957764,0.3,0.0,0.0,2.830518509475996,-20.9,0.0,0.0,0.0,nan
23.80800747871399,0.3,0.0,0.0,2.7847407452620017,-20.9,0.0,0.0,0.0,nan
23.808075428009033,0.3,0.0,0.0,2.7847407452620017,-20.9,0.0,0.0,0.0,nan
23.808143854141235,0.3,0.0,0.0,2.7847407452620017,-20.9,0.0,0.0,0.0,nan
23.808210849761963,0.3,0.0,0.0,2.7694814905240035,-20.9,0.0,0.0,0.0,nan
23.808270931243896,0.3,0.0,0.0,2.815259254737998,-20.9,0.0,0.0,0.0,nan
23.84906530380249,0.3,0.0,0.0,2.7847407452620017,-20.9,0.0,0.0,0.0,nan
23.84916853904724,0.3,0.0,0.0,2.7694814905240035,-20.9,0.0,0.0,0.0,nan
23.849234104156494,0.3,0.0,0.0,2.8,-20.9,0.0,0.0,0.0,nan
23.84929847717285,0.3,0.0,0.0,2.7847407452620017,-20.9,0.0,0.0,0.0,nan
23.849360704421997,0.3,0.0,0.0,2.7847407452620017,-20.9,0.0,0.0,0.0,nan
23.849421501159668,0.3,0.0,0.0,2.815259254737998,-20.9,0.0,0.0,0.0,nan
23.890416383743286,0.3,0.0,0.0,2.8,-20.9,0.0,0.0,0.0,nan
23.890568733215332,0.3,0.0,0.0,2.8,-20.9,0.0,0.0,0.0,nan
23.890647172927856,0.3,0.0,0.0,2.815259254737998,-20.9,0.0,0.0,0.0,nan
23.890902519226074,0.3,0.0,0.0,2.7847407452620017,-20.9,0.0,0.0,0.0,nan
23.891005754470825,0.3,0.0,0.0,2.8,-20.9,0.0,0.0,0.0,nan
23.891085863113403,0.3,0.0,0.0,2.7847407452620017,-20.9,0.0,0.0,0.0,nan
23.942245960235596,0.3,0.0,0.0,2.7847407452620017,-20.9,0.0,0.0,0.0,nan
23.942399978637695,0.3,0.0,0.0,2.7847407452620017,-20.9,0.0,0.0,0.0,nan
23.94247841835022,0.3,0.0,0.0,2.8,-20.9,0.0,0.0,0.0,nan
23.94254183769226,0.3,0.0,0.0,2.8,-20.9,0.0,0.0,0.0,nan
23.942604541778564,0.3,0.0,0.0,2.815259254737998,-20.9,0.0,0.0,0.0,nan
23.94266176223755,0.3,0.0,0.0,2.8,-20.9,0.0,0.0,0.0,nan
23.98361301422119,0.3,0.0,0.0,2.7847407452620017,-20.9,0.0,0.0,0.0,nan
23.98376703262329,0.3,0.0,0.0,2.8,-20.9,0.0,0.0,0.0,nan
23.98384141921997,0.3,0.0,0.0,2.8,-20.9,0.0,0.0,0.0,nan
23.983903169631958,0.3,0.0,0.0,2.8,-20.9,0.0,0.0,0.0,nan
23.983957767486572,0.3,0.0,0.0,2.8,-20.9,0.0,0.0,0.0,nan
23.984010696411133,0.3,0.0,0.0,2.8,-20.9,0.0,0.0,0.0,nan
24.025056838989258,0.3,0.0,0.0,2.7847407452620017,-20.9,0.0,0.0,0.0,nan
24.025397062301636,0.3,0.0,0.0,2.8,-20.9,0.0,0.0,0.0,nan
24.02553915977478,0.3,0.0,0.0,2.815259254737998,-20.9,0.0,0.0,0.0,nan
24.025625705718994,0.3,0.0,0.0,2.8,-20.9,0.0,0.0,0.0,nan
24.025688886642456,0.3,0.0,0.0,2.7694814905240035,-20.9,0.0,0.0,0.0,nan
24.025747537612915,0.3,0.0,0.0,2.8,-20.9,0.0,0.0,0.0,nan
24.066882848739624,0.3,0.0,0.0,2.830518509475996,-20.9,0.0,0.0,0.0,nan
24.06703495979309,0.3,0.0,0.0,2.815259254737998,-20.9,0.0,0.0,0.0,nan
24.067169189453125,0.3,0.0,0.0,2.8,-20.9,0.0,0.0,0.0,nan
24.06724262237549,0.3,0.0,0.0,2.7694814905240035,-20.9,0.0,0.0,0.0,nan
24.06731152534485,0.3,0.0,0.0,2.8,-20.9,0.0,0.0,0.0,nan
24.067366123199463,0.3,0.0,0.0,2.8,-20.9,0.0,0.0,0.0,nan
24.108283042907715,0.3,0.0,0.0,2.8,-20.9,0.0,0.0,0.0,nan
24.10843324661255,0.3,0.0,0.0,2.8,-20.9,0.0,0.0,0.0,nan
24.10850739479065,0.3,0.0,0.0,2.8,-21.08,0.0,0.0,0.0,nan
24.10857129096985,0.3,0.0,0.0,2.7694814905240035,-21.08,0.0,0.0,0.0,nan
24.1086323261261,0.3,0.0,0.0,2.8,-21.44,0.0,0.0,0.0,nan
24.10869288444519,0.3,0.0,0.0,2.8,-21.8,0.0,0.0,0.0,nan
24.149463891983032,0.3,0.0,0.0,2.8,-22.34,0.0,0.0,0.0,nan
24.150012731552124,0.3,0.0,0.0,2.8,-23.24,0.0,0.0,0.0,nan
24.150123119354248,0.3,0.0,0.0,2.7694814905240035,-24.32,0.0,0.0,0.0,nan
24.150204181671143,0.3,0.0,0.0,2.8,-25.58,0.0,0.0,0.0,nan
24.1502685546875,0.3,0.0,0.0,2.8,-27.02,0.0,0.0,0.0,nan
24.19124174118042,0.3,0.0,0.0,2.7847407452620017,-28.82,0.0,0.0,0.0,nan
24.191382884979248,0.3,0.0,0.0,2.8,-30.619999999999997,0.0,0.0,0.0,nan
24.191460847854614,0.3,0.0,0.0,2.7694814905240035,-32.6,0.0,0.0,0.0,nan
24.19152283668518,0.3,0.0,0.0,2.7847407452620017,-34.4,0.0,0.0,0.0,nan
24.19159436225891,0.3,0.0,0.0,2.7847407452620017,-36.739999999999995,0.0,0.0,0.0,nan
24.191678524017334,0.3,0.0,0.0,2.8,-38.36,0.0,0.0,0.0,nan
24.24280619621277,0.3,0.0,0.0,2.8,-40.16,0.0,0.0,0.0,nan
24.243132829666138,0.3,0.0,0.0,2.815259254737998,-41.78,0.0,0.18,0.0,nan
24.243438005447388,0.3,0.0,0.0,2.7847407452620017,-43.58,0.0,0.54,0.0,nan
24.243696212768555,0.3,0.0,0.0,2.8,-44.84,0.0,1.08,0.0,nan
24.243842601776123,0.3,0.0,0.0,2.8,-45.92,0.0,1.7999999999999998,0.0,nan
24.244017839431763,0.3,0.0,0.0,2.7542222357860053,-46.64,0.0,2.6999999999999997,0.0,nan
24.28492045402527,0.3,0.0,0.0,2.7847407452620017,-47.36,0.0,3.96,0.0,nan
24.285069227218628,0.3,0.0,0.0,2.8,-47.72,0.0,5.22,0.0,nan
24.285199642181396,0.3,0.0,0.0,2.7847407452620017,-47.72,0.0,6.84,0.0,nan
24.285454034805298,0.3,0.0,0.0,2.8,-47.72,0.0,8.459999999999999,0.0,nan
24.285548210144043,0.3,0.0,0.0,2.7847407452620017,-47.54,0.0,10.62,0.0,nan
24.285622119903564,0.3,0.0,0.0,2.8,-47.18,0.0,12.6,0.0,nan
24.326526165008545,0.3,0.0,0.0,2.8,-46.82,0.0,14.399999999999999,0.0,nan
24.326658248901367,0.3,0.0,0.0,2.7847407452620017,-46.459999999999994,0.0,16.38,0.0,nan
24.326736211776733,0.3,0.0,0.0,2.8,-45.92,0.0,18.36,0.0,nan
24.32687211036682,0.3,0.0,0.0,2.8,-45.379999999999995,0.0,20.16,0.0,nan
24.326940298080444,0.3,0.0,0.0,2.7847407452620017,-45.019999999999996,0.0,21.599999999999998,0.0,nan
24.327004194259644,0.3,0.0,0.0,2.8,-44.84,0.0,22.86,0.0,nan
24.36813521385193,0.3,0.0,0.0,2.8,-44.480000000000004,0.0,24.119999999999997,0.0,nan
24.368293046951294,0.3,0.0,0.0,2.8,-44.480000000000004,0.0,24.84,0.0,nan
24.368366479873657,0.3,0.0,0.0,2.8,-44.480000000000004,0.0,25.38,0.0,nan
24.36847233772278,0.3,0.0,0.0,2.7847407452620017,-44.480000000000004,0.0,25.56,0.0,nan
24.368542909622192,0.3,0.0,0.0,2.7847407452620017,-44.84,0.0,25.56,0.0,nan
24.368601322174072,0.3,0.0,0.0,2.815259254737998,-45.019999999999996,0.0,25.2,0.0,nan
24.40971326828003,0.3,0.0,0.0,2.8,-45.379999999999995,0.0,24.84,0.0,nan
24.40986394882202,0.3,0.0,0.0,2.8,-45.739999999999995,0.0,24.3,0.0,nan
24.409947156906128,0.3,0.0,0.0,2.815259254737998,-45.92,0.0,23.58,0.0,nan
24.410011291503906,0.3,0.0,0.0,2.7847407452620017,-46.28,0.0,23.04,0.0,nan
24.410072088241577,0.3,0.0,0.0,2.8,-46.28,0.0,22.5,0.0,nan
24.410132884979248,0.3,0.0,0.0,2.7847407452620017,-46.459999999999994,0.0,21.96,0.0,nan
24.45116877555847,0.3,0.0,0.0,2.8,-46.459999999999994,0.0,21.419999999999998,0.0,nan
24.451322555541992,0.3,0.0,0.0,2.7847407452620017,-46.28,0.0,20.88,0.0,nan
24.451400756835938,0.3,0.0,0.0,2.815259254737998,-46.28,0.0,20.34,0.0,nan
24.451476335525513,0.3,0.0,0.0,2.7847407452620017,-46.099999999999994,0.0,19.8,0.0,nan
24.451540231704712,0.3,0.0,0.0,2.8,-45.92,0.0,19.08,0.0,nan
24.451601028442383,0.3,0.0,0.0,2.7847407452620017,-45.92,0.0,18.36,0.0,nan
24.492738485336304,0.3,0.0,0.0,2.8,-45.739999999999995,0.0,17.46,0.0,nan
24.492902755737305,0.3,0.0,0.0,2.7694814905240035,-45.739999999999995,0.0,16.56,0.0,nan
24.49302887916565,0.3,0.0,0.0,2.7847407452620017,-45.56,0.0,15.299999999999999,0.0,nan
24.493127584457397,0.3,0.0,0.0,2.8,-45.56,0.0,14.04,0.0,nan
24.493191719055176,0.3,0.0,0.0,2.7847407452620017,-45.56,0.0,12.6,0.0,nan
24.493250131607056,0.3,0.0,0.0,2.815259254737998,-45.739999999999995,0.0,10.98,0.0,nan
24.544565439224243,0.3,0.0,0.0,2.830518509475996,-45.739999999999995,0.0,9.18,0.0,nan
24.5447199344635,0.3,0.0,0.0,2.7694814905240035,-45.92,0.0,7.199999999999999,0.0,nan
24.544797897338867,0.3,0.0,0.0,2.8,-46.099999999999994,0.0,5.3999999999999995,0.0,nan
24.544869899749756,0.3,0.0,0.0,2.7847407452620017,-46.28,0.0,3.42,0.0,nan
24.544939041137695,0.3,0.0,0.0,2.7694814905240035,-46.28,0.0,0.72,0.0,nan
24.545050621032715,0.3,0.0,0.0,2.7694814905240035,-46.099999999999994,0.0,-0.36,0.0,nan
24.586148738861084,0.3,0.0,0.0,2.8,-45.2,0.0,0.36,0.0,nan
24.586305141448975,0.3,0.0,0.0,2.7694814905240035,-45.019999999999996,0.0,0.72,0.0,nan
24.58638596534729,0.3,0.0,0.0,2.8,-44.3,0.0,0.8999999999999999,0.0,nan
24.586453437805176,0.3,0.0,0.0,2.815259254737998,-44.12,0.0,0.72,0.0,nan
24.5865159034729,0.3,0.0,0.0,2.7847407452620017,-44.12,0.0,0.18,0.0,nan
24.58657431602478,0.3,0.0,0.0,2.8,-43.94,0.0,-0.18,0.0,nan
24.62760329246521,0.3,0.0,0.0,2.7847407452620017,-43.94,0.0,0.0,0.0,nan
24.62776780128479,0.3,0.0,0.0,2.7847407452620017,-44.12,0.0,0.0,0.0,nan
24.627843141555786,0.3,0.0,0.0,2.8,-44.3,0.0,0.0,0.0,nan
24.62790846824646,0.3,0.0,0.0,2.815259254737998,-44.480000000000004,0.0,0.0,0.0,nan
24.627975463867188,0.3,0.0,0.0,2.815259254737998,-44.66,0.0,0.0,0.0,nan
24.669094562530518,0.3,0.0,0.0,2.8,-45.019999999999996,0.0,0.0,0.0,nan
24.66925048828125,0.3,0.0,0.0,2.8,-45.2,0.0,0.0,0.0,nan
24.669323205947876,0.3,0.0,0.0,2.7694814905240035,-45.56,0.0,0.0,0.0,nan
24.66938829421997,0.3,0.0,0.0,2.8,-45.92,0.0,0.0,0.0,nan
24.66945195198059,0.3,0.0,0.0,2.7847407452620017,-46.099999999999994,0.0,0.0,0.0,nan
24.669516801834106,0.3,0.0,0.0,2.8,-46.28,0.0,0.0,0.0,nan
24.710497617721558,0.3,0.0,0.0,2.8,-46.459999999999994,0.0,0.0,0.0,nan
24.710655689239502,0.3,0.0,0.0,2.7847407452620017,-46.64,0.0,0.0,0.0,nan
24.710731506347656,0.3,0.0,0.0,2.8,-46.64,0.0,0.0,0.0,nan
24.71079397201538,0.3,0.0,0.0,2.7847407452620017,-46.64,0.0,0.0,0.0,nan
24.71085476875305,0.3,0.0,0.0,2.8,-46.64,0.0,0.0,0.0,nan
24.710909605026245,0.3,0.0,0.0,2.7847407452620017,-46.64,0.0,0.0,0.0,nan
24.75189232826233,0.3,0.0,0.0,2.7847407452620017,-46.459999999999994,0.0,0.0,0.0,nan
24.752043962478638,0.3,0.0,0.0,2.8,-46.459999999999994,0.0,0.0,0.0,nan
24.752117395401,0.3,0.0,0.0,2.8,-46.28,0.0,0.0,0.0,nan
24.752182006835938,0.3,0.0,0.0,2.7847407452620017,-46.099999999999994,0.0,0.0,0.0,nan
24.752245903015137,0.3,0.0,0.0,2.8,-45.92,0.0,0.0,0.0,nan
24.7523033618927,0.3,0.0,0.0,2.7847407452620017,-45.92,0.0,0.0,0.0,nan
24.80345344543457,0.3,0.0,0.0,2.8,-45.739999999999995,0.0,0.0,0.0,nan
24.803606033325195,0.3,0.0,0.0,2.815259254737998,-45.56,0.0,0.0,0.0,nan
24.80368137359619,0.3,0.0,0.0,2.7847407452620017,-45.56,0.0,0.0,0.0,nan
24.803746223449707,0.3,0.0,0.0,2.7847407452620017,-45.56,0.0,0.0,0.0,nan
24.803810358047485,0.3,0.0,0.0,2.815259254737998,-45.56,0.0,0.0,0.0,nan
24.803874492645264,0.3,0.0,0.0,2.8,-45.56,0.0,0.0,0.0,nan
24.844823360443115,0.3,0.0,0.0,2.8,-45.56,0.0,0.0,0.0,nan
24.845009088516235,0.3,0.0,0.0,2.8,-45.739999999999995,0.0,0.0,0.0,nan
24.84509515762329,0.3,0.0,0.0,2.8,-45.92,0.0,0.0,0.0,nan
24.84516167640686,0.3,0.0,0.0,2.7847407452620017,-45.92,0.0,0.0,0.0,nan
24.845229387283325,0.3,0.0,0.0,2.7694814905240035,-46.099999999999994,0.0,0.0,0.0,nan
24.845290184020996,0.3,0.0,0.0,2.7847407452620017,-46.28,0.0,0.0,0.0,nan
24.88630175590515,0.3,0.0,0.0,2.8,-46.459999999999994,0.0,0.0,0.0,nan
24.886454343795776,0.3,0.0,0.0,2.7694814905240035,-46.459999999999994,0.0,0.0,0.0,nan
24.886534214019775,0.3,0.0,0.0,2.8,-46.64,0.0,0.0,0.0,nan
24.886594772338867,0.3,0.0,0.0,2.7847407452620017,-46.64,0.0,0.0,0.0,nan
24.886651515960693,0.3,0.0,0.0,2.7847407452620017,-46.64,0.0,0.0,0.0,nan
24.886711359024048,0.3,0.0,0.0,2.815259254737998,-46.64,0.0,0.0,0.0,nan
24.927669048309326,0.3,0.0,0.0,2.7847407452620017,-46.64,0.0,0.0,0.0,nan
24.927820205688477,0.3,0.0,0.0,2.7847407452620017,-46.64,0.0,0.0,0.0,nan
24.92807388305664,0.3,0.0,0.0,2.8,-46.459999999999994,0.0,0.0,0.0,nan
24.92815852165222,0.3,0.0,0.0,2.8,-46.459999999999994,0.0,0.0,0.0,nan
24.928229570388794,0.3,0.0,0.0,2.815259254737998,-46.28,0.0,0.0,0.0,nan
24.928290843963623,0.3,0.0,0.0,2.8,-46.28,0.0,0.0,0.0,nan
24.96929693222046,0.3,0.0,0.0,2.815259254737998,-46.099999999999994,0.0,0.0,0.0,nan
24.969664096832275,0.3,0.0,0.0,2.7694814905240035,-46.099999999999994,0.0,0.0,0.0,nan
24.969757556915283,0.3,0.0,0.0,2.7847407452620017,-46.099999999999994,0.0,0.0,0.0,nan
24.96983027458191,0.3,0.0,0.0,2.8,-46.099999999999994,0.0,0.0,0.0,nan
24.969893217086792,0.3,0.0,0.0,2.7847407452620017,-46.099999999999994,0.0,0.0,0.0,nan
24.969955682754517,0.3,0.0,0.0,2.7847407452620017,-46.099999999999994,0.0,0.0,0.0,nan
25.010942697525024,0.3,0.0,0.0,2.8,-46.28,0.0,0.0,0.0,nan
25.011082649230957,0.3,0.0,0.0,2.7847407452620017,-46.28,0.0,0.0,0.0,nan
25.011155366897583,0.3,0.0,0.0,2.815259254737998,-46.459999999999994,0.0,0.0,0.0,nan
25.01122212409973,0.3,0.0,0.0,2.815259254737998,-46.459999999999994,0.0,0.0,0.0,nan
25.01128602027893,0.3,0.0,0.0,2.815259254737998,-46.64,0.0,0.0,0.0,nan
25.01134705543518,0.3,0.0,0.0,2.7847407452620017,-46.64,0.0,0.0,0.0,nan
25.05228066444397,0.3,0.0,0.0,2.7847407452620017,-46.64,0.0,0.0,0.0,nan
25.052451372146606,0.3,0.0,0.0,2.815259254737998,-46.82,0.0,0.0,0.0,nan
25.052531242370605,0.3,0.0,0.0,2.8,-46.82,0.0,0.0,0.0,nan
25.052597284317017,0.3,0.0,0.0,2.8,-46.82,0.0,0.0,0.0,nan
25.052656888961792,0.3,0.0,0.0,2.8,-46.64,0.0,0.0,0.0,nan
25.10359835624695,0.3,0.0,0.0,2.7694814905240035,-46.64,0.0,0.0,0.0,nan
25.103718042373657,0.3,0.0,0.0,2.8,-46.64,0.0,0.0,0.0,nan
25.103788375854492,0.3,0.0,0.0,2.7847407452620017,-46.64,0.0,0.0,0.0,nan
25.103851079940796,0.3,0.0,0.0,2.7694814905240035,-46.64,0.0,0.0,0.0,nan
25.10391664505005,0.3,0.0,0.0,2.8,-46.459999999999994,0.0,0.0,0.0,nan
25.103975296020508,0.3,0.0,0.0,2.8,-46.459999999999994,0.0,0.0,0.0,nan
25.14463758468628,0.3,0.0,0.0,2.8,-46.459999999999994,0.0,0.0,0.0,nan
25.14472985267639,0.3,0.0,0.0,2.8,-46.459999999999994,0.0,0.0,0.0,nan
25.144795894622803,0.3,0.0,0.0,2.815259254737998,-46.459999999999994,0.0,0.0,0.0,nan
25.144859075546265,0.3,0.0,0.0,2.8,-46.64,0.0,0.0,0.0,nan
25.1451153755188,0.3,0.0,0.0,2.7847407452620017,-46.64,0.0,0.0,0.0,nan
25.1452054977417,0.3,0.0,0.0,2.7847407452620017,-46.64,0.0,0.0,0.0,nan
25.18596124649048,0.3,0.0,0.0,2.815259254737998,-46.64,0.0,0.0,0.0,nan
25.186100006103516,0.3,0.0,0.0,2.8,-46.64,0.0,0.0,0.0,nan
25.186188459396362,0.3,0.0,0.0,2.815259254737998,-46.64,0.0,0.0,0.0,nan
25.186264991760254,0.3,0.0,0.0,2.8,-46.82,0.0,0.0,0.0,nan
25.18633723258972,0.3,0.0,0.0,2.815259254737998,-46.82,0.0,0.0,0.0,nan
25.186405897140503,0.3,0.0,0.0,2.8,-46.82,0.0,0.0,0.0,nan
25.227109670639038,0.3,0.0,0.0,2.7847407452620017,-46.82,0.0,0.0,0.0,nan
25.227206230163574,0.3,0.0,0.0,2.815259254737998,-46.82,0.0,0.0,0.0,nan
25.22727942466736,0.3,0.0,0.0,2.815259254737998,-46.82,0.0,0.0,0.0,nan
25.227505207061768,0.3,0.0,0.0,2.7542222357860053,-46.82,0.0,0.0,0.0,nan
25.227607250213623,0.3,0.0,0.0,2.8,-46.82,0.0,0.0,0.0,nan
25.22769570350647,0.3,0.0,0.0,2.8,-46.82,0.0,0.0,0.0,nan
25.268392086029053,0.3,0.0,0.0,2.7694814905240035,-46.82,0.0,0.0,0.0,nan
25.26848530769348,0.3,0.0,0.0,2.8,-46.82,0.0,0.0,0.0,nan
25.268565893173218,0.3,0.0,0.0,2.8,-46.82,0.0,0.0,0.0,nan
25.268625736236572,0.3,0.0,0.0,2.7847407452620017,-46.82,0.0,0.0,0.0,nan
25.268688678741455,0.3,0.0,0.0,2.815259254737998,-46.82,0.0,0.0,0.0,nan
25.2687509059906,0.3,0.0,0.0,2.7694814905240035,-46.82,0.0,0.0,0.0,nan
25.31970763206482,0.3,0.0,0.0,2.7847407452620017,-46.82,0.0,0.0,0.0,nan
25.319849729537964,0.3,0.0,0.0,2.815259254737998,-46.64,0.0,0.0,0.0,nan
25.31993842124939,0.3,0.0,0.0,2.7847407452620017,-46.64,0.0,0.0,0.0,nan
25.320003986358643,0.3,0.0,0.0,2.8,-46.64,0.0,0.0,0.0,nan
25.320069074630737,0.3,0.0,0.0,2.8,-46.64,0.0,0.0,0.0,nan
25.32012701034546,0.3,0.0,0.0,2.7847407452620017,-46.459999999999994,0.0,0.0,0.0,nan
25.36140775680542,0.3,0.0,0.0,2.8,-46.459999999999994,0.0,0.0,0.0,nan
25.361560106277466,0.3,0.0,0.0,2.8,-46.459999999999994,0.0,0.0,0.0,nan
25.361635208129883,0.3,0.0,0.0,2.7847407452620017,-46.459999999999994,0.0,0.0,0.0,nan
25.361719131469727,0.3,0.0,0.0,2.815259254737998,-46.459999999999994,0.0,0.0,0.0,nan
25.361788511276245,0.3,0.0,0.0,2.7847407452620017,-46.459999999999994,0.0,0.0,0.0,nan
25.361849784851074,0.3,0.0,0.0,2.7847407452620017,-46.459999999999994,0.0,0.0,0.0,nan
25.402952432632446,0.3,0.0,0.0,2.8,-46.64,0.0,0.0,0.0,nan
25.40311074256897,0.3,0.0,0.0,2.7847407452620017,-46.64,0.0,0.0,0.0,nan
25.403188467025757,0.3,0.0,0.0,2.7847407452620017,-46.64,0.0,0.0,0.0,nan
25.403255701065063,0.3,0.0,0.0,2.7694814905240035,-46.82,0.0,0.0,0.0,nan
25.403316259384155,0.3,0.0,0.0,2.7542222357860053,-46.82,0.0,0.0,0.0,nan
25.40337085723877,0.3,0.0,0.0,2.7847407452620017,-46.82,0.0,0.0,0.0,nan
25.444672346115112,0.3,0.0,0.0,2.8,-46.82,0.0,0.0,0.0,nan
25.44478440284729,0.3,0.0,0.0,2.8,-46.82,0.0,0.0,0.0,nan
25.44482660293579,0.3,0.0,0.0,2.7847407452620017,-47.0,0.0,0.0,0.0,nan
25.44486713409424,0.3,0.0,0.0,2.8,-47.0,0.0,0.0,0.0,nan
25.444902658462524,0.3,0.0,0.0,2.8,-47.0,0.0,0.0,0.0,nan
25.444932460784912,0.3,0.0,0.0,2.8,-47.0,0.0,0.0,0.0,nan
25.486186504364014,0.3,0.0,0.0,2.7847407452620017,-46.82,0.0,0.0,0.0,nan
25.48630666732788,0.3,0.0,0.0,2.7847407452620017,-46.82,0.0,0.0,0.0,nan
25.48634910583496,0.3,0.0,0.0,2.815259254737998,-46.82,0.0,0.0,0.0,nan
25.486385822296143,0.3,0.0,0.0,2.7694814905240035,-46.82,0.0,0.0,0.0,nan
25.48642134666443,0.3,0.0,0.0,2.8,-46.82,0.0,0.0,0.0,nan
25.486451864242554,0.3,0.0,0.0,2.7847407452620017,-46.82,0.0,0.0,0.0,nan
25.527584314346313,0.3,0.0,0.0,2.8,-46.64,0.0,0.0,0.0,nan
25.527690410614014,0.3,0.0,0.0,2.8,-46.64,0.0,0.0,0.0,nan
25.527753114700317,0.3,0.0,0.0,2.7847407452620017,-46.64,0.0,0.0,0.0,nan
25.527811765670776,0.3,0.0,0.0,2.8,-46.64,0.0,0.0,0.0,nan
25.52786612510681,0.3,0.0,0.0,2.815259254737998,-46.64,0.0,0.0,0.0,nan
25.568998098373413,0.3,0.0,0.0,2.8,-46.64,0.0,0.0,0.0,nan
25.56915783882141,0.3,0.0,0.0,2.8,-46.64,0.0,0.0,0.0,nan
25.56922721862793,0.3,0.0,0.0,2.7847407452620017,-46.64,0.0,0.0,0.0,nan
25.56929063796997,0.3,0.0,0.0,2.8,-46.64,0.0,0.0,0.0,nan
25.569348096847534,0.3,0.0,0.0,2.8,-46.64,0.0,0.0,0.0,nan
25.56940484046936,0.3,0.0,0.0,2.815259254737998,-46.82,0.0,0.0,0.0,nan
25.620715856552124,0.3,0.0,0.0,2.815259254737998,-46.82,0.0,0.0,0.0,nan
25.62087845802307,0.3,0.0,0.0,2.8457777642139943,-46.82,0.0,0.0,0.0,nan
25.620981454849243,0.3,0.0,0.0,2.7694814905240035,-46.82,0.0,0.0,0.0,nan
25.621057748794556,0.3,0.0,0.0,2.7847407452620017,-47.0,0.0,0.0,0.0,nan
25.62112307548523,0.3,0.0,0.0,2.8,-47.0,0.0,0.0,0.0,nan
25.621183395385742,0.3,0.0,0.0,2.8,-47.0,0.0,0.0,0.0,nan
25.662161588668823,0.3,0.0,0.0,2.8,-47.0,0.0,0.0,0.0,nan
25.662320375442505,0.3,0.0,0.0,2.8,-47.0,0.0,0.0,0.0,nan
25.66239285469055,0.3,0.0,0.0,2.8,-47.0,0.0,0.0,0.0,nan
25.66245698928833,0.3,0.0,0.0,2.8,-47.0,0.0,0.0,0.0,nan
25.662524223327637,0.3,0.0,0.0,2.8,-47.0,0.0,0.0,0.0,nan
25.662580728530884,0.3,0.0,0.0,2.8,-47.0,0.0,0.0,0.0,nan
25.703509092330933,0.3,0.0,0.0,2.7847407452620017,-46.64,0.0,0.18,0.0,nan
25.703665494918823,0.3,0.0,0.0,2.8,-46.28,0.0,0.54,0.0,nan
25.703737020492554,0.3,0.0,0.0,2.7847407452620017,-45.739999999999995,0.0,1.08,0.0,nan
25.703806161880493,0.3,0.0,0.0,2.830518509475996,-44.84,0.0,1.7999999999999998,0.0,nan
25.70386815071106,0.3,0.0,0.0,2.7694814905240035,-43.94,0.0,2.6999999999999997,0.0,nan
25.703927040100098,0.3,0.0,0.0,2.7847407452620017,-42.32,0.0,4.14,0.0,nan
25.744999170303345,0.3,0.0,0.0,2.8,-40.879999999999995,0.0,5.3999999999999995,0.0,nan
25.7451651096344,0.3,0.0,0.0,2.7847407452620017,-39.08,0.0,7.02,0.0,nan
25.74523901939392,0.3,0.0,0.0,2.815259254737998,-37.28,0.0,8.82,0.0,nan
25.745312929153442,0.3,0.0,0.0,2.7847407452620017,-34.76,0.0,11.16,0.0,nan
25.745378255844116,0.3,0.0,0.0,2.7847407452620017,-32.42,0.0,13.32,0.0,nan
25.74543523788452,0.3,0.0,0.0,2.7847407452620017,-29.9,0.0,15.66,0.0,nan
25.786318063735962,0.3,0.0,0.0,2.815259254737998,-27.2,0.0,18.0,0.0,nan
25.78642702102661,0.3,0.0,0.0,2.7847407452620017,-24.14,0.0,20.7,0.0,nan
25.786499500274658,0.3,0.0,0.0,2.8,-21.62,0.0,22.86,0.0,nan
25.786568880081177,0.3,0.0,0.0,2.7847407452620017,-19.64,0.0,24.3,0.0,nan
25.786633729934692,0.3,0.0,0.0,2.8,-18.2,0.0,24.84,0.0,nan
25.786964893341064,0.3,0.0,0.0,2.8,-18.2,0.0,23.04,0.0,nan
25.828043222427368,0.3,0.0,0.0,2.815259254737998,-18.38,0.0,20.34,0.0,nan
25.828197956085205,0.3,0.0,0.0,2.8,-18.92,0.0,17.46,0.0,nan
25.828269481658936,0.3,0.0,0.0,2.8,-20.0,0.0,13.68,0.0,nan
25.8283371925354,0.3,0.0,0.0,2.8,-21.8,0.0,8.459999999999999,0.0,nan
25.82839870452881,0.3,0.0,0.0,2.815259254737998,-23.24,0.0,4.32,0.0,nan
25.828458070755005,0.3,0.0,0.0,2.7847407452620017,-24.5,0.0,0.36,0.0,nan
25.879826545715332,0.3,0.0,0.0,2.7694814905240035,-23.96,0.0,0.54,0.0,nan
25.88000226020813,0.3,0.0,0.0,2.7847407452620017,-23.24,0.0,2.6999999999999997,0.0,nan
25.880083799362183,0.3,0.0,0.0,2.7847407452620017,-22.52,0.0,4.5,0.0,nan
25.880150318145752,0.3,0.0,0.0,2.7847407452620017,-21.62,0.0,6.4799999999999995,0.0,nan
25.88021445274353,0.3,0.0,0.0,2.8,-21.08,0.0,8.1,0.0,nan
25.880269527435303,0.3,0.0,0.0,2.815259254737998,-20.54,0.0,9.719999999999999,0.0,nan
25.921306610107422,0.3,0.0,0.0,2.7847407452620017,-20.0,0.0,10.62,0.0,nan
25.921470642089844,0.3,0.0,0.0,2.8,-20.0,0.0,10.98,0.0,nan
25.92154836654663,0.3,0.0,0.0,2.815259254737998,-20.36,0.0,10.98,0.0,nan
25.92161798477173,0.3,0.0,0.0,2.7847407452620017,-20.72,0.0,10.62,0.0,nan
25.921677827835083,0.3,0.0,0.0,2.7847407452620017,-21.08,0.0,10.26,0.0,nan
25.921741008758545,0.3,0.0,0.0,2.8,-21.26,0.0,9.9,0.0,nan
25.962766408920288,0.3,0.0,0.0,2.815259254737998,-21.8,0.0,9.36,0.0,nan
25.9629225730896,0.3,0.0,0.0,2.7847407452620017,-22.16,0.0,8.64,0.0,nan
25.962994813919067,0.3,0.0,0.0,2.8,-22.34,0.0,8.1,0.0,nan
25.96305561065674,0.3,0.0,0.0,2.8,-22.52,0.0,7.739999999999999,0.0,nan
25.963115453720093,0.3,0.0,0.0,2.8,-22.52,0.0,7.38,0.0,nan
26.00414800643921,0.3,0.0,0.0,2.7847407452620017,-22.34,0.0,7.02,0.0,nan
26.00431728363037,0.3,0.0,0.0,2.7847407452620017,-22.16,0.0,6.84,0.0,nan
26.00439476966858,0.3,0.0,0.0,2.815259254737998,-21.98,0.0,6.66,0.0,nan
26.004462718963623,0.3,0.0,0.0,2.8,-21.8,0.0,6.4799999999999995,0.0,nan
26.004530668258667,0.3,0.0,0.0,2.815259254737998,-21.44,0.0,5.9399999999999995,0.0,nan
26.004594326019287,0.3,0.0,0.0,2.8,-21.44,0.0,5.3999999999999995,0.0,nan
26.045725107192993,0.3,0.0,0.0,2.815259254737998,-21.26,0.0,4.859999999999999,0.0,nan
26.04589605331421,0.3,0.0,0.0,2.815259254737998,-21.26,0.0,3.96,0.0,nan
26.045973539352417,0.3,0.0,0.0,2.815259254737998,-21.44,0.0,2.6999999999999997,0.0,nan
26.046045303344727,0.3,0.0,0.0,2.815259254737998,-21.44,0.0,1.6199999999999999,0.0,nan
26.046114206314087,0.3,0.0,0.0,2.8,-21.44,0.0,0.36,0.0,nan
26.046173334121704,0.3,0.0,0.0,2.8,-21.44,0.0,-0.18,0.0,nan
26.087198734283447,0.3,0.0,0.0,2.7847407452620017,-20.9,0.0,0.36,0.0,nan
26.08735466003418,0.3,0.0,0.0,2.8,-20.72,0.0,0.36,0.0,nan
26.08742880821228,0.3,0.0,0.0,2.815259254737998,-20.54,0.0,0.36,0.0,nan
26.087493181228638,0.3,0.0,0.0,2.8,-20.72,0.0,0.0,0.0,nan
26.087555408477783,0.3,0.0,0.0,2.8,-20.54,0.0,0.0,0.0,nan
26.08761167526245,0.3,0.0,0.0,2.7847407452620017,-20.54,0.0,0.0,0.0,nan
26.128737449645996,0.3,0.0,0.0,2.7694814905240035,-20.72,0.0,0.0,0.0,nan
26.128854513168335,0.3,0.0,0.0,2.8,-20.72,0.0,0.0,0.0,nan
26.128889799118042,0.3,0.0,0.0,2.7847407452620017,-20.9,0.0,0.0,0.0,nan
26.128920078277588,0.3,0.0,0.0,2.815259254737998,-20.9,0.0,0.0,0.0,nan
26.128966808319092,0.3,0.0,0.0,2.8,-21.08,0.0,0.0,0.0,nan
26.12899875640869,0.3,0.0,0.0,2.7847407452620017,-21.08,0.0,0.0,0.0,nan
26.180134057998657,0.3,0.0,0.0,2.8,-21.26,0.0,0.0,0.0,nan
26.180283784866333,0.3,0.0,0.0,2.815259254737998,-21.26,0.0,0.0,0.0,nan
26.180351495742798,0.3,0.0,0.0,2.7847407452620017,-21.26,0.0,0.0,0.0,nan
26.180415153503418,0.3,0.0,0.0,2.815259254737998,-21.26,0.0,0.0,0.0,nan
26.180477619171143,0.3,0.0,0.0,2.8,-21.26,0.0,0.0,0.0,nan
26.180535078048706,0.3,0.0,0.0,2.815259254737998,-21.08,0.0,0.0,0.0,nan
26.22172474861145,0.3,0.0,0.0,2.7694814905240035,-21.08,0.0,0.0,0.0,nan
26.22188425064087,0.3,0.0,0.0,2.7847407452620017,-21.08,0.0,0.0,0.0,nan
26.221957445144653,0.3,0.0,0.0,2.7847407452620017,-21.08,0.0,0.0,0.0,nan
26.22203254699707,0.3,0.0,0.0,2.7847407452620017,-21.08,0.0,0.0,0.0,nan
26.222094535827637,0.3,0.0,0.0,2.8,-21.08,0.0,0.0,0.0,nan
26.22215700149536,0.3,0.0,0.0,2.7847407452620017,-21.08,0.0,0.0,0.0,nan
26.263225555419922,0.3,0.0,0.0,2.7847407452620017,-21.08,0.0,0.0,0.0,nan
26.263389348983765,0.3,0.0,0.0,2.7694814905240035,-21.08,0.0,0.0,0.0,nan
26.26346707344055,0.3,0.0,0.0,2.8,-21.08,0.0,0.0,0.0,nan
26.263535499572754,0.3,0.0,0.0,2.7847407452620017,-21.08,0.0,0.0,0.0,nan
26.263603925704956,0.3,0.0,0.0,2.8,-21.08,0.0,0.0,0.0,nan
26.263662576675415,0.3,0.0,0.0,2.8,-21.08,0.0,0.0,0.0,nan
26.304686546325684,0.3,0.0,0.0,2.7694814905240035,-21.08,0.0,0.0,0.0,nan
26.304848670959473,0.3,0.0,0.0,2.7847407452620017,-21.08,0.0,0.0,0.0,nan
26.304924726486206,0.3,0.0,0.0,2.8,-21.08,0.0,0.0,0.0,nan
26.305030584335327,0.3,0.0,0.0,2.7847407452620017,-21.08,0.0,0.0,0.0,nan
26.305086374282837,0.3,0.0,0.0,2.7847407452620017,-21.08,0.0,0.0,0.0,nan
26.305122137069702,0.3,0.0,0.0,2.8,-21.08,0.0,0.0,0.0,nan
26.34604811668396,0.3,0.0,0.0,2.7847407452620017,-21.08,0.0,0.0,0.0,nan
26.346214056015015,0.3,0.0,0.0,2.8,-21.08,0.0,0.0,0.0,nan
26.34629535675049,0.3,0.0,0.0,2.8,-21.08,0.0,0.0,0.0,nan
26.346359252929688,0.3,0.0,0.0,2.7694814905240035,-21.08,0.0,0.0,0.0,nan
26.346422910690308,0.3,0.0,0.0,2.815259254737998,-21.08,0.0,0.0,0.0,nan
26.346482515335083,0.3,0.0,0.0,2.7694814905240035,-21.08,0.0,0.0,0.0,nan
26.387585163116455,0.3,0.0,0.0,2.8,-21.08,0.0,0.0,0.0,nan
26.3877432346344,0.3,0.0,0.0,2.830518509475996,-21.08,0.0,0.0,0.0,nan
26.38781976699829,0.3,0.0,0.0,2.815259254737998,-21.08,0.0,0.0,0.0,nan
26.38788342475891,0.3,0.0,0.0,2.7847407452620017,-21.08,0.0,0.0,0.0,nan
26.387943983078003,0.3,0.0,0.0,2.8,-21.08,0.0,0.0,0.0,nan
26.38801121711731,0.3,0.0,0.0,2.7847407452620017,-21.08,0.0,0.0,0.0,nan
26.43903112411499,0.3,0.0,0.0,2.7847407452620017,-21.08,0.0,0.0,0.0,nan
26.4391348361969,0.3,0.0,0.0,2.8,-21.08,0.0,0.0,0.0,nan
26.439170598983765,0.3,0.0,0.0,2.7847407452620017,-21.08,0.0,0.0,0.0,nan
26.439201593399048,0.3,0.0,0.0,2.7694814905240035,-21.08,0.0,0.0,0.0,nan
26.439231634140015,0.3,0.0,0.0,2.8,-21.08,0.0,0.0,0.0,nan
26.48015856742859,0.3,0.0,0.0,2.8,-21.08,0.0,0.0,0.0,nan
26.480294227600098,0.3,0.0,0.0,2.815259254737998,-21.08,0.0,0.0,0.0,nan
26.480347394943237,0.3,0.0,0.0,2.8,-21.08,0.0,0.0,0.0,nan
26.480393886566162,0.3,0.0,0.0,2.8,-21.08,0.0,0.0,0.0,nan
26.48043155670166,0.3,0.0,0.0,2.8,-21.08,0.0,0.0,0.0,nan
26.480467319488525,0.3,0.0,0.0,2.8,-21.08,0.0,0.0,0.0,nan
26.522132635116577,0.3,0.0,0.0,2.815259254737998,-21.08,0.0,0.0,0.0,nan
26.522265434265137,0.3,0.0,0.0,2.7847407452620017,-21.08,0.0,0.0,0.0,nan
26.522319793701172,0.3,0.0,0.0,2.8,-21.08,0.0,0.0,0.0,nan
26.52235221862793,0.3,0.0,0.0,2.7542222357860053,-21.08,0.0,0.0,0.0,nan
26.522382497787476,0.3,0.0,0.0,2.7847407452620017,-21.08,0.0,0.0,0.0,nan
26.522411584854126,0.3,0.0,0.0,2.815259254737998,-21.08,0.0,0.0,0.0,nan
26.563605308532715,0.3,0.0,0.0,2.8,-21.08,0.0,0.0,0.0,nan
26.56377363204956,0.3,0.0,0.0,2.8,-21.08,0.0,0.0,0.0,nan
26.5638484954834,0.3,0.0,0.0,2.8,-21.08,0.0,0.0,0.0,nan
26.563918590545654,0.3,0.0,0.0,2.8,-21.08,0.0,0.0,0.0,nan
26.563982486724854,0.3,0.0,0.0,2.8,-21.08,0.0,0.0,0.0,nan
26.564040660858154,0.3,0.0,0.0,2.815259254737998,-21.08,0.0,0.0,0.0,nan
26.605519771575928,0.3,0.0,0.0,2.8,-21.08,0.0,0.0,0.0,nan
26.605671882629395,0.3,0.0,0.0,2.8,-21.08,0.0,0.0,0.0,nan
26.6057071685791,0.3,0.0,0.0,2.7847407452620017,-21.08,0.0,0.0,0.0,nan
26.60573935508728,0.3,0.0,0.0,2.7847407452620017,-21.08,0.0,0.0,0.0,nan
26.605767488479614,0.3,0.0,0.0,2.7847407452620017,-21.08,0.0,0.0,0.0,nan
26.60579800605774,0.3,0.0,0.0,2.8,-21.08,0.0,0.0,0.0,nan
26.64728021621704,0.3,0.0,0.0,2.8,-21.08,0.0,0.0,0.0,nan
26.647446155548096,0.3,0.0,0.0,2.8,-21.08,0.0,0.0,0.0,nan
26.647525310516357,0.3,0.0,0.0,2.7847407452620017,-21.08,0.0,0.0,0.0,nan
26.647595643997192,0.3,0.0,0.0,2.7694814905240035,-21.08,0.0,0.0,0.0,nan
26.64765977859497,0.3,0.0,0.0,2.8,-21.08,0.0,0.0,0.0,nan
26.647719621658325,0.3,0.0,0.0,2.7694814905240035,-21.08,0.0,0.0,0.0,nan
26.689245462417603,0.3,0.0,0.0,2.815259254737998,-21.08,0.0,0.0,0.0,nan
26.689382791519165,0.3,0.0,0.0,2.8,-21.08,0.0,0.0,0.0,nan
26.689434051513672,0.3,0.0,0.0,2.8,-21.08,0.0,0.0,0.0,nan
26.68947148323059,0.3,0.0,0.0,2.8,-21.08,0.0,0.0,0.0,nan
26.68949818611145,0.3,0.0,0.0,2.815259254737998,-21.08,0.0,0.0,0.0,nan
26.68953251838684,0.3,0.0,0.0,2.7847407452620017,-21.08,0.0,0.0,0.0,nan
26.740859270095825,0.3,0.0,0.0,2.815259254737998,-21.08,0.0,0.0,0.0,nan
26.741044759750366,0.3,0.0,0.0,2.8,-21.08,0.0,0.0,0.0,nan
26.741122484207153,0.3,0.0,0.0,2.7847407452620017,-21.08,0.0,0.0,0.0,nan
26.74118709564209,0.3,0.0,0.0,2.7847407452620017,-21.08,0.0,0.0,0.0,nan
26.7412428855896,0.3,0.0,0.0,2.7847407452620017,-21.08,0.0,0.0,0.0,nan
26.7413010597229,0.3,0.0,0.0,2.8,-21.08,0.0,0.0,0.0,nan
26.78235149383545,0.3,0.0,0.0,2.7847407452620017,-21.08,0.0,0.0,0.0,nan
26.782503843307495,0.3,0.0,0.0,2.7847407452620017,-21.08,0.0,0.0,0.0,nan
26.782576084136963,0.3,0.0,0.0,2.7847407452620017,-21.08,0.0,0.0,0.0,nan
26.78264093399048,0.3,0.0,0.0,2.7847407452620017,-21.08,0.0,0.0,0.0,nan
26.78270411491394,0.3,0.0,0.0,2.7847407452620017,-21.08,0.0,0.0,0.0,nan
26.78276252746582,0.3,0.0,0.0,2.8,-21.08,0.0,0.0,0.0,nan
26.823741674423218,0.3,0.0,0.0,2.815259254737998,-21.08,0.0,0.0,0.0,nan
26.823848247528076,0.3,0.0,0.0,2.815259254737998,-21.08,0.0,0.0,0.0,nan
26.82388162612915,0.3,0.0,0.0,2.8,-21.08,0.0,0.0,0.0,nan
26.823912382125854,0.3,0.0,0.0,2.7847407452620017,-21.08,0.0,0.0,0.0,nan
26.823941469192505,0.3,0.0,0.0,2.7847407452620017,-21.08,0.0,0.0,0.0,nan
26.82396626472473,0.3,0.0,0.0,2.7847407452620017,-21.08,0.0,0.0,0.0,nan
26.865105152130127,0.3,0.0,0.0,2.7694814905240035,-21.08,0.0,0.0,0.0,nan
26.865266799926758,0.3,0.0,0.0,2.7694814905240035,-21.08,0.0,0.0,0.0,nan
26.865342378616333,0.3,0.0,0.0,2.7847407452620017,-21.08,0.0,0.0,0.0,nan
26.865410089492798,0.3,0.0,0.0,2.7847407452620017,-21.08,0.0,0.0,0.0,nan
26.86547303199768,0.3,0.0,0.0,2.8,-21.08,0.0,0.0,0.0,nan
26.906466722488403,0.3,0.0,0.0,2.815259254737998,-21.08,0.0,0.0,0.0,nan
26.906572341918945,0.3,0.0,0.0,2.7847407452620017,-21.08,0.0,0.0,0.0,nan
26.90660834312439,0.3,0.0,0.0,2.8,-21.08,0.0,0.0,0.0,nan
26.90663981437683,0.3,0.0,0.0,2.7847407452620017,-21.08,0.0,0.0,0.0,nan
26.906670093536377,0.3,0.0,0.0,2.8,-21.08,0.0,0.0,0.0,nan
26.906697750091553,0.3,0.0,0.0,2.8,-21.08,0.0,0.0,0.0,nan
26.94778561592102,0.3,0.0,0.0,2.7694814905240035,-21.08,0.0,0.0,0.0,nan
26.94794511795044,0.3,0.0,0.0,2.8,-21.08,0.0,0.0,0.0,nan
26.948017358779907,0.3,0.0,0.0,2.815259254737998,-21.08,0.0,0.0,0.0,nan
26.94807767868042,0.3,0.0,0.0,2.7694814905240035,-21.08,0.0,0.0,0.0,nan
26.948150873184204,0.3,0.0,0.0,2.7694814905240035,-21.08,0.0,0.0,0.0,nan
26.94821834564209,0.3,0.0,0.0,2.8,-21.08,0.0,0.0,0.0,nan
26.989526510238647,0.3,0.0,0.0,2.8,-21.08,0.0,0.0,0.0,nan
26.98969054222107,0.3,0.0,0.0,2.815259254737998,-21.08,0.0,0.0,0.0,nan
26.989765167236328,0.3,0.0,0.0,2.8,-21.08,0.0,0.0,0.0,nan
26.98982858657837,0.3,0.0,0.0,2.7847407452620017,-21.08,0.0,0.0,0.0,nan
26.989891052246094,0.3,0.0,0.0,2.815259254737998,-21.08,0.0,0.0,0.0,nan
26.989954710006714,0.3,0.0,0.0,2.8,-21.08,0.0,0.0,0.0,nan
27.041082620620728,0.3,0.0,0.0,2.8,-21.08,0.0,0.0,0.0,nan
27.041247129440308,0.3,0.0,0.0,2.8,-21.08,0.0,0.0,0.0,nan
27.041319370269775,0.3,0.0,0.0,2.8,-21.08,0.0,0.0,0.0,nan
27.041383981704712,0.3,0.0,0.0,2.7694814905240035,-21.08,0.0,0.0,0.0,nan
27.041443586349487,0.3,0.0,0.0,2.8,-21.08,0.0,0.0,0.0,nan
27.041501998901367,0.3,0.0,0.0,2.7847407452620017,-21.08,0.0,0.0,0.0,nan
27.082621812820435,0.3,0.0,0.0,2.8,-21.08,0.0,0.0,0.0,nan
27.08279061317444,0.3,0.0,0.0,2.7847407452620017,-21.08,0.0,0.0,0.0,nan
27.082874536514282,0.3,0.0,0.0,2.7847407452620017,-21.08,0.0,0.0,0.0,nan
27.082939863204956,0.3,0.0,0.0,2.8,-21.08,0.0,0.0,0.0,nan
27.08299970626831,0.3,0.0,0.0,2.8,-21.08,0.0,0.0,0.0,nan
27.08306074142456,0.3,0.0,0.0,2.8,-21.08,0.0,0.0,0.0,nan
27.124167442321777,0.3,0.0,0.0,2.815259254737998,-21.08,0.0,0.0,0.0,nan
27.124273777008057,0.3,0.0,0.0,2.7694814905240035,-21.08,0.0,0.0,0.0,nan
27.124439239501953,0.3,0.0,0.0,2.8,-21.08,0.0,0.0,0.0,nan
27.12452793121338,0.3,0.0,0.0,2.7847407452620017,-21.08,0.0,0.0,0.0,nan
27.12459421157837,0.3,0.0,0.0,2.7847407452620017,-21.08,0.0,0.0,0.0,nan
27.124688148498535,0.3,0.0,0.0,2.8,-21.08,0.0,0.0,0.0,nan
27.165876388549805,0.3,0.0,0.0,2.7847407452620017,-21.08,0.0,0.0,0.0,nan
27.166035652160645,0.3,0.0,0.0,2.7694814905240035,-21.08,0.0,0.0,0.0,nan
27.166113138198853,0.3,0.0,0.0,2.7847407452620017,-21.08,0.0,0.0,0.0,nan
27.166182041168213,0.3,0.0,0.0,2.8,-21.08,0.0,0.0,0.0,nan
27.16624426841736,0.3,0.0,0.0,2.7847407452620017,-21.08,0.0,0.0,0.0,nan
27.16630458831787,0.3,0.0,0.0,2.7847407452620017,-21.08,0.0,0.0,0.0,nan
27.20729088783264,0.3,0.0,0.0,2.7847407452620017,-21.08,0.0,0.0,0.0,nan
27.20739507675171,0.3,0.0,0.0,2.815259254737998,-21.08,0.0,0.0,0.0,nan
27.207430839538574,0.3,0.0,0.0,2.7694814905240035,-21.08,0.0,0.0,0.0,nan
27.207462787628174,0.3,0.0,0.0,2.815259254737998,-21.08,0.0,0.0,0.0,nan
27.207493782043457,0.3,0.0,0.0,2.8,-21.08,0.0,0.0,0.0,nan
27.20752239227295,0.3,0.0,0.0,2.8,-21.08,0.0,0.0,0.0,nan
27.248574256896973,0.3,0.0,0.0,2.815259254737998,-21.08,0.0,0.0,0.0,nan
27.248735666275024,0.3,0.0,0.0,2.7847407452620017,-21.08,0.0,0.0,0.0,nan
27.248812913894653,0.3,0.0,0.0,2.7847407452620017,-21.08,0.0,0.0,0.0,nan
27.24887752532959,0.3,0.0,0.0,2.7694814905240035,-21.08,0.0,0.0,0.0,nan
27.24893546104431,0.3,0.0,0.0,2.8,-21.08,0.0,0.0,0.0,nan
27.249038696289062,0.3,0.0,0.0,2.815259254737998,-21.08,0.0,0.0,0.0,nan
27.300264596939087,0.3,0.0,0.0,2.8,-21.08,0.0,0.0,0.0,nan
27.300422191619873,0.3,0.0,0.0,2.7694814905240035,-21.08,0.0,0.0,0.0,nan
27.300496816635132,0.3,0.0,0.0,2.7694814905240035,-21.08,0.0,0.0,0.0,nan
27.300565719604492,0.3,0.0,0.0,2.815259254737998,-21.08,0.0,0.0,0.0,nan
27.30062699317932,0.3,0.0,0.0,2.7694814905240035,-21.08,0.0,0.0,0.0,nan
27.300682544708252,0.3,0.0,0.0,2.7847407452620017,-21.08,0.0,0.0,0.0,nan
27.341713666915894,0.3,0.0,0.0,2.8,-21.08,0.0,0.0,0.0,nan
27.341875791549683,0.3,0.0,0.0,2.7694814905240035,-21.08,0.0,0.0,0.0,nan
27.34194588661194,0.3,0.0,0.0,2.8,-21.08,0.0,0.0,0.0,nan
27.34201669692993,0.3,0.0,0.0,2.7847407452620017,-21.08,0.0,0.0,0.0,nan
27.342147827148438,0.3,0.0,0.0,2.7847407452620017,-21.08,0.0,0.0,0.0,nan
27.383225202560425,0.3,0.0,0.0,2.8,-21.08,0.0,0.0,0.0,nan
27.383382081985474,0.3,0.0,0.0,2.7694814905240035,-21.08,0.0,0.0,0.0,nan
27.383453607559204,0.3,0.0,0.0,2.8,-21.08,0.0,0.0,0.0,nan
27.38351845741272,0.3,0.0,0.0,2.815259254737998,-20.9,0.0,0.0,0.0,nan
27.383578777313232,0.3,0.0,0.0,2.8,-20.9,0.0,0.0,0.0,nan
27.38363766670227,0.3,0.0,0.0,2.7847407452620017,-20.9,0.0,0.0,0.0,nan
27.42478346824646,0.3,0.0,0.0,2.7847407452620017,-20.9,0.0,0.0,0.0,nan
27.424976110458374,0.3,0.0,0.0,2.7694814905240035,-20.72,0.0,0.0,0.0,nan
27.425066232681274,0.3,0.0,0.0,2.7847407452620017,-20.72,0.0,0.0,0.0,nan
27.425130367279053,0.3,0.0,0.0,2.7847407452620017,-20.72,0.0,0.0,0.0,nan
27.425190687179565,0.3,0.0,0.0,2.7694814905240035,-20.72,0.0,0.0,0.0,nan
27.425246238708496,0.3,0.0,0.0,2.7847407452620017,-20.72,0.0,0.0,0.0,nan
27.466259717941284,0.3,0.0,0.0,2.7542222357860053,-20.72,0.0,0.0,0.0,nan
27.466418981552124,0.3,0.0,0.0,2.7542222357860053,-20.72,0.0,0.0,0.0,nan
27.466495752334595,0.3,0.0,0.0,2.815259254737998,-20.72,0.0,0.0,0.0,nan
27.4665629863739,0.3,0.0,0.0,2.8,-20.72,0.0,0.0,0.0,nan
27.466624975204468,0.3,0.0,0.0,2.8,-20.72,0.0,0.0,0.0,nan
27.466682195663452,0.3,0.0,0.0,2.7847407452620017,-20.72,0.0,0.0,0.0,nan
27.507821083068848,0.3,0.0,0.0,2.7694814905240035,-20.72,0.0,0.0,0.0,nan
27.507980346679688,0.3,0.0,0.0,2.8,-20.72,0.0,0.0,0.0,nan
27.50805926322937,0.3,0.0,0.0,2.7847407452620017,-20.72,0.0,0.0,0.0,nan
27.50812816619873,0.3,0.0,0.0,2.7847407452620017,-20.72,0.0,0.0,0.0,nan
27.508190155029297,0.3,0.0,0.0,2.7694814905240035,-20.72,0.0,0.0,0.0,nan
27.508247137069702,0.3,0.0,0.0,2.8,-20.72,0.0,0.0,0.0,nan
27.54927659034729,0.3,0.0,0.0,2.830518509475996,-20.72,0.0,0.0,0.0,nan
27.549663543701172,0.3,0.0,0.0,2.8,-20.72,0.0,0.0,0.0,nan
27.549766778945923,0.3,0.0,0.0,2.7847407452620017,-20.72,0.0,0.0,0.0,nan
27.549834489822388,0.3,0.0,0.0,2.7694814905240035,-20.72,0.0,0.0,0.0,nan
27.549898147583008,0.3,0.0,0.0,2.8,-20.72,0.0,0.0,0.0,nan
27.549957275390625,0.3,0.0,0.0,2.7847407452620017,-20.72,0.0,0.0,0.0,nan
27.60136914253235,0.3,0.0,0.0,2.7847407452620017,-20.72,0.0,0.0,0.0,nan
27.60153031349182,0.3,0.0,0.0,2.7847407452620017,-20.72,0.0,0.0,0.0,nan
27.601606607437134,0.3,0.0,0.0,2.7847407452620017,-20.72,0.0,0.0,0.0,nan
27.601677894592285,0.3,0.0,0.0,2.815259254737998,-20.72,0.0,0.0,0.0,nan
27.601739406585693,0.3,0.0,0.0,2.7847407452620017,-20.72,0.0,0.0,0.0,nan
27.601795196533203,0.3,0.0,0.0,2.8,-20.72,0.0,0.0,0.0,nan
27.642924308776855,0.3,0.0,0.0,2.8,-20.72,0.0,0.0,0.0,nan
27.643086194992065,0.3,0.0,0.0,2.7847407452620017,-20.72,0.0,0.0,0.0,nan
27.6431667804718,0.3,0.0,0.0,2.8,-20.72,0.0,0.0,0.0,nan
27.643234729766846,0.3,0.0,0.0,2.7847407452620017,-20.72,0.0,0.0,0.0,nan
27.643293619155884,0.3,0.0,0.0,2.8,-20.72,0.0,0.0,0.0,nan
27.643346786499023,0.3,0.0,0.0,2.7847407452620017,-20.72,0.0,0.0,0.0,nan
27.684443712234497,0.3,0.0,0.0,2.8,-20.72,0.0,0.0,0.0,nan
27.68460440635681,0.3,0.0,0.0,2.8,-20.72,0.0,0.0,0.0,nan
27.684678316116333,0.3,0.0,0.0,2.8,-20.72,0.0,0.0,0.0,nan
27.68474507331848,0.3,0.0,0.0,2.7847407452620017,-20.72,0.0,0.0,0.0,nan
27.684808254241943,0.3,0.0,0.0,2.815259254737998,-20.72,0.0,0.0,0.0,nan
27.684866905212402,0.3,0.0,0.0,2.8,-20.72,0.0,0.0,0.0,nan
27.726012468338013,0.3,0.0,0.0,2.7847407452620017,-20.72,0.0,0.0,0.0,nan
27.72617506980896,0.3,0.0,0.0,2.8,-20.72,0.0,0.0,0.0,nan
27.726255893707275,0.3,0.0,0.0,2.7694814905240035,-20.72,0.0,0.0,0.0,nan
27.72632670402527,0.3,0.0,0.0,2.8,-20.72,0.0,0.0,0.0,nan
27.72639226913452,0.3,0.0,0.0,2.815259254737998,-20.72,0.0,0.0,0.0,nan
27.726453065872192,0.3,0.0,0.0,2.7847407452620017,-20.72,0.0,0.0,0.0,nan
27.767570734024048,0.3,0.0,0.0,2.7847407452620017,-20.72,0.0,0.0,0.0,nan
27.767729997634888,0.3,0.0,0.0,2.8,-20.72,0.0,0.0,0.0,nan
27.76781916618347,0.3,0.0,0.0,2.7847407452620017,-20.72,0.0,0.0,0.0,nan
27.767890453338623,0.3,0.0,0.0,2.7847407452620017,-20.72,0.0,0.0,0.0,nan
27.767953872680664,0.3,0.0,0.0,2.815259254737998,-20.72,0.0,0.0,0.0,nan
27.809160709381104,0.3,0.0,0.0,2.7847407452620017,-20.72,0.0,0.0,0.0,nan
27.809330463409424,0.3,0.0,0.0,2.815259254737998,-20.72,0.0,0.0,0.0,nan
27.809407949447632,0.3,0.0,0.0,2.7847407452620017,-20.72,0.0,0.0,0.0,nan
27.809476613998413,0.3,0.0,0.0,2.7847407452620017,-20.72,0.0,0.0,0.0,nan
27.809537887573242,0.3,0.0,0.0,2.7847407452620017,-20.72,0.0,0.0,0.0,nan
27.80959463119507,0.3,0.0,0.0,2.8,-20.72,0.0,0.0,0.0,nan
27.850704431533813,0.3,0.0,0.0,2.8,-20.72,0.0,0.0,0.0,nan
27.850866079330444,0.3,0.0,0.0,2.8,-20.72,0.0,0.0,0.0,nan
27.850942850112915,0.3,0.0,0.0,2.8,-20.72,0.0,0.0,0.0,nan
27.85100793838501,0.3,0.0,0.0,2.7847407452620017,-20.72,0.0,0.0,0.0,nan
27.851070642471313,0.3,0.0,0.0,2.8,-20.72,0.0,0.0,0.0,nan
27.851128101348877,0.3,0.0,0.0,2.8,-20.72,0.0,0.0,0.0,nan
27.902441263198853,0.3,0.0,0.0,2.7847407452620017,-20.72,0.0,0.0,0.0,nan
27.902611017227173,0.3,0.0,0.0,2.8,-20.72,0.0,0.0,0.0,nan
27.902689933776855,0.3,0.0,0.0,2.8,-20.72,0.0,0.0,0.0,nan
27.90275502204895,0.3,0.0,0.0,2.8,-20.72,0.0,0.0,0.0,nan
27.902817964553833,0.3,0.0,0.0,2.7847407452620017,-20.72,0.0,0.0,0.0,nan
27.902877807617188,0.3,0.0,0.0,2.7847407452620017,-20.72,0.0,0.0,0.0,nan
27.94410252571106,0.3,0.0,0.0,2.8,-20.72,0.0,0.0,0.0,nan
27.94426703453064,0.3,0.0,0.0,2.815259254737998,-20.72,0.0,0.0,0.0,nan
27.944345474243164,0.3,0.0,0.0,2.8,-20.72,0.0,0.0,0.0,nan
27.94441270828247,0.3,0.0,0.0,2.7847407452620017,-20.72,0.0,0.0,0.0,nan
27.94447636604309,0.3,0.0,0.0,2.7847407452620017,-20.72,0.0,0.0,0.0,nan
27.944534063339233,0.3,0.0,0.0,2.7847407452620017,-20.72,0.0,0.0,0.0,nan
27.98563838005066,0.3,0.0,0.0,2.7847407452620017,-20.72,0.0,0.0,0.0,nan
27.98579978942871,0.3,0.0,0.0,2.8,-20.72,0.0,0.0,0.0,nan
27.985877513885498,0.3,0.0,0.0,2.8,-20.72,0.0,0.0,0.0,nan
27.985939264297485,0.3,0.0,0.0,2.8,-20.72,0.0,0.0,0.0,nan
27.985997438430786,0.3,0.0,0.0,2.8,-20.72,0.0,0.0,0.0,nan
27.98605179786682,0.3,0.0,0.0,2.8,-20.72,0.0,0.0,0.0,nan
28.027188539505005,0.3,0.0,0.0,2.7694814905240035,-20.72,0.0,0.0,0.0,nan
28.027353525161743,0.3,0.0,0.0,2.8,-20.72,0.0,0.0,0.0,nan
28.027432918548584,0.3,0.0,0.0,2.815259254737998,-20.72,0.0,0.0,0.0,nan
28.027499198913574,0.3,0.0,0.0,2.7847407452620017,-20.72,0.0,0.0,0.0,nan
28.02756381034851,0.3,0.0,0.0,2.815259254737998,-20.72,0.0,0.0,0.0,nan
28.02762484550476,0.3,0.0,0.0,2.8,-20.72,0.0,0.0,0.0,nan
28.0686137676239,0.3,0.0,0.0,2.8,-20.72,0.0,0.0,0.0,nan
28.068720817565918,0.3,0.0,0.0,2.8,-20.72,0.0,0.0,0.0,nan
28.068756818771362,0.3,0.0,0.0,2.7847407452620017,-20.72,0.0,0.0,0.0,nan
28.068787097930908,0.3,0.0,0.0,2.8,-20.72,0.0,0.0,0.0,nan
28.068816900253296,0.3,0.0,0.0,2.8,-20.72,0.0,0.0,0.0,nan
28.06884455680847,0.3,0.0,0.0,2.8,-20.72,0.0,0.0,0.0,nan
28.11002206802368,0.3,0.0,0.0,2.815259254737998,-20.72,0.0,0.0,0.0,nan
28.11018204689026,0.3,0.0,0.0,2.8,-20.72,0.0,0.0,0.0,nan
28.110261917114258,0.3,0.0,0.0,2.830518509475996,-20.72,0.0,0.0,0.0,nan
28.110336542129517,0.3,0.0,0.0,2.8,-20.72,0.0,0.0,0.0,nan
28.110409021377563,0.3,0.0,0.0,2.8,-20.72,0.0,0.0,0.0,nan
28.11047053337097,0.3,0.0,0.0,2.8,-20.72,0.0,0.0,0.0,nan
28.16174054145813,0.3,0.0,0.0,2.7847407452620017,-20.72,0.0,0.0,0.0,nan
28.161901235580444,0.3,0.0,0.0,2.7847407452620017,-20.72,0.0,0.0,0.0,nan
28.161980628967285,0.3,0.0,0.0,2.8,-20.72,0.0,0.0,0.0,nan
28.162044763565063,0.3,0.0,0.0,2.8,-20.72,0.0,0.0,0.0,nan
28.1621036529541,0.3,0.0,0.0,2.8,-20.72,0.0,0.0,0.0,nan
28.162155151367188,0.3,0.0,0.0,2.7847407452620017,-20.72,0.0,0.0,0.0,nan
28.203234910964966,0.3,0.0,0.0,2.8,-20.72,0.0,0.0,0.0,nan
28.20339822769165,0.3,0.0,0.0,2.7694814905240035,-20.72,0.0,0.0,0.0,nan
28.20348048210144,0.3,0.0,0.0,2.8,-20.72,0.0,0.0,0.0,nan
28.203548192977905,0.3,0.0,0.0,2.7694814905240035,-20.72,0.0,0.0,0.0,nan
28.203614234924316,0.3,0.0,0.0,2.7847407452620017,-20.72,0.0,0.0,0.0,nan
28.203673362731934,0.3,0.0,0.0,2.7694814905240035,-20.72,0.0,0.0,0.0,nan
28.24458336830139,0.3,0.0,0.0,2.7694814905240035,-20.72,0.0,0.0,0.0,nan
28.244688749313354,0.3,0.0,0.0,2.8,-20.72,0.0,0.0,0.0,nan
28.2447247505188,0.3,0.0,0.0,2.8,-20.72,0.0,0.0,0.0,nan
28.244756937026978,0.3,0.0,0.0,2.8,-20.72,0.0,0.0,0.0,nan
28.244786739349365,0.3,0.0,0.0,2.8,-20.72,0.0,0.0,0.0,nan
28.28597354888916,0.3,0.0,0.0,2.8,-20.72,0.0,0.0,0.0,nan
28.286146640777588,0.3,0.0,0.0,2.7847407452620017,-20.72,0.0,0.0,0.0,nan
28.286227464675903,0.3,0.0,0.0,2.8,-20.72,0.0,0.0,0.0,nan
28.286293029785156,0.3,0.0,0.0,2.7694814905240035,-20.72,0.0,0.0,0.0,nan
28.28635859489441,0.3,0.0,0.0,2.7847407452620017,-20.72,0.0,0.0,0.0,nan
28.286421060562134,0.3,0.0,0.0,2.815259254737998,-20.72,0.0,0.0,0.0,nan
28.32748579978943,0.3,0.0,0.0,2.8,-20.72,0.0,0.0,0.0,nan
28.327647924423218,0.3,0.0,0.0,2.815259254737998,-20.72,0.0,0.0,0.0,nan
28.327725887298584,0.3,0.0,0.0,2.7847407452620017,-20.72,0.0,0.0,0.0,nan
28.327795028686523,0.3,0.0,0.0,2.7847407452620017,-20.72,0.0,0.0,0.0,nan
28.327860116958618,0.3,0.0,0.0,2.7847407452620017,-20.72,0.0,0.0,0.0,nan
28.32792043685913,0.3,0.0,0.0,2.8,-20.72,0.0,0.0,0.0,nan
28.36893391609192,0.3,0.0,0.0,2.7847407452620017,-20.72,0.0,0.0,0.0,nan
28.369136571884155,0.3,0.0,0.0,2.815259254737998,-20.72,0.0,0.0,0.0,nan
28.369214057922363,0.3,0.0,0.0,2.8,-20.72,0.0,0.0,0.0,nan
28.36928105354309,0.3,0.0,0.0,2.815259254737998,-20.72,0.0,0.0,0.0,nan
28.3693425655365,0.3,0.0,0.0,2.815259254737998,-20.72,0.0,0.0,0.0,nan
28.369399785995483,0.3,0.0,0.0,2.7694814905240035,-20.72,0.0,0.0,0.0,nan
28.410362005233765,0.3,0.0,0.0,2.8,-20.72,0.0,0.0,0.0,nan
28.410522937774658,0.3,0.0,0.0,2.8,-20.72,0.0,0.0,0.0,nan
28.410592794418335,0.3,0.0,0.0,2.8,-20.72,0.0,0.0,0.0,nan
28.41065549850464,0.3,0.0,0.0,2.8,-20.72,0.0,0.0,0.0,nan
28.410712480545044,0.3,0.0,0.0,2.8,-20.72,0.0,0.0,0.0,nan
28.410777807235718,0.3,0.0,0.0,2.8,-20.72,0.0,0.0,0.0,nan
28.462292909622192,0.3,0.0,0.0,2.7694814905240035,-20.72,0.0,0.0,0.0,nan
28.462456464767456,0.3,0.0,0.0,2.7847407452620017,-20.72,0.0,0.0,0.0,nan
28.46253490447998,0.3,0.0,0.0,2.7847407452620017,-20.72,0.0,0.0,0.0,nan
28.46261978149414,0.3,0.0,0.0,2.7847407452620017,-20.72,0.0,0.0,0.0,nan
28.46268320083618,0.3,0.0,0.0,2.7542222357860053,-20.72,0.0,0.0,0.0,nan
28.46273922920227,0.3,0.0,0.0,2.8,-20.72,0.0,0.0,0.0,nan
28.50393509864807,0.3,0.0,0.0,2.7847407452620017,-20.72,0.0,0.0,0.0,nan
28.504097938537598,0.3,0.0,0.0,2.830518509475996,-20.72,0.0,0.0,0.0,nan
28.50417947769165,0.3,0.0,0.0,2.815259254737998,-20.72,0.0,0.0,0.0,nan
28.504252672195435,0.3,0.0,0.0,2.7847407452620017,-20.72,0.0,0.0,0.0,nan
28.504318475723267,0.3,0.0,0.0,2.815259254737998,-20.72,0.0,0.0,0.0,nan
28.504376649856567,0.3,0.0,0.0,2.7847407452620017,-20.72,0.0,0.0,0.0,nan
28.54546093940735,0.3,0.0,0.0,2.815259254737998,-20.72,0.0,0.0,0.0,nan
28.545624017715454,0.3,0.0,0.0,2.815259254737998,-20.72,0.0,0.0,0.0,nan
28.545700311660767,0.3,0.0,0.0,2.8,-20.72,0.0,0.0,0.0,nan
28.54576325416565,0.3,0.0,0.0,2.7847407452620017,-20.72,0.0,0.0,0.0,nan
28.545830726623535,0.3,0.0,0.0,2.7694814905240035,-20.72,0.0,0.0,0.0,nan
28.54589033126831,0.3,0.0,0.0,2.7542222357860053,-20.72,0.0,0.0,0.0,nan
28.58695888519287,0.3,0.0,0.0,2.7847407452620017,-20.72,0.0,0.0,0.0,nan
28.587119340896606,0.3,0.0,0.0,2.7847407452620017,-20.72,0.0,0.0,0.0,nan
28.58719563484192,0.3,0.0,0.0,2.7694814905240035,-20.72,0.0,0.0,0.0,nan
28.587266445159912,0.3,0.0,0.0,2.7542222357860053,-20.72,0.0,0.0,0.0,nan
28.587328910827637,0.3,0.0,0.0,2.8,-20.72,0.0,0.0,0.0,nan
28.587387561798096,0.3,0.0,0.0,2.8,-20.72,0.0,0.0,0.0,nan
28.629194736480713,0.3,0.0,0.0,2.8,-20.72,0.0,0.0,0.0,nan
28.629350900650024,0.3,0.0,0.0,2.815259254737998,-20.72,0.0,0.0,0.0,nan
28.629428386688232,0.3,0.0,0.0,2.8,-20.72,0.0,0.0,0.0,nan
28.629491567611694,0.3,0.0,0.0,2.7847407452620017,-20.72,0.0,0.0,0.0,nan
28.629558324813843,0.3,0.0,0.0,2.7847407452620017,-20.72,0.0,0.0,0.0,nan
28.629615306854248,0.3,0.0,0.0,2.7847407452620017,-20.72,0.0,0.0,0.0,nan
28.671502590179443,0.3,0.0,0.0,2.7847407452620017,-20.72,0.0,0.0,0.0,nan
28.671682596206665,0.3,0.0,0.0,2.8,-20.72,0.0,0.0,0.0,nan
28.671814441680908,0.3,0.0,0.0,2.7847407452620017,-20.72,0.0,0.0,0.0,nan
28.671889066696167,0.3,0.0,0.0,2.7694814905240035,-20.72,0.0,0.0,0.0,nan
28.671952724456787,0.3,0.0,0.0,2.7847407452620017,-20.72,0.0,0.0,0.0,nan
28.713180541992188,0.3,0.0,0.0,2.815259254737998,-20.72,0.0,0.0,0.0,nan
28.713343381881714,0.3,0.0,0.0,2.7847407452620017,-20.72,0.0,0.0,0.0,nan
28.713422060012817,0.3,0.0,0.0,2.7847407452620017,-20.72,0.0,0.0,0.0,nan
28.71348786354065,0.3,0.0,0.0,2.8,-20.72,0.0,0.0,0.0,nan
28.713549852371216,0.3,0.0,0.0,2.8,-20.72,0.0,0.0,0.0,nan
28.713610410690308,0.3,0.0,0.0,2.7694814905240035,-20.72,0.0,0.0,0.0,nan
28.75522494316101,0.3,0.0,0.0,2.815259254737998,-20.72,0.0,0.0,0.0,nan
28.755407094955444,0.3,0.0,0.0,2.8,-20.72,0.0,0.0,0.0,nan
28.755468368530273,0.3,0.0,0.0,2.7847407452620017,-20.72,0.0,0.0,0.0,nan
28.75554919242859,0.3,0.0,0.0,2.8,-20.72,0.0,0.0,0.0,nan
28.75558614730835,0.3,0.0,0.0,2.8,-20.72,0.0,0.0,0.0,nan
28.75561547279358,0.3,0.0,0.0,2.7542222357860053,-20.72,0.0,0.0,0.0,nan
28.80735731124878,0.3,0.0,0.0,2.7847407452620017,-20.72,0.0,0.0,0.0,nan
28.8075168132782,0.3,0.0,0.0,2.8,-20.72,0.0,0.0,0.0,nan
28.80755615234375,0.3,0.0,0.0,2.8,-20.72,0.0,0.0,0.0,nan
28.807587385177612,0.3,0.0,0.0,2.7847407452620017,-20.72,0.0,0.0,0.0,nan
28.80764365196228,0.3,0.0,0.0,2.830518509475996,-20.72,0.0,0.0,0.0,nan
28.80767846107483,0.3,0.0,0.0,2.7847407452620017,-20.72,0.0,0.0,0.0,nan
28.848990201950073,0.3,0.0,0.0,2.830518509475996,-20.72,0.0,0.0,0.0,nan
28.84915828704834,0.3,0.0,0.0,2.8,-20.72,0.0,0.0,0.0,nan
28.849236488342285,0.3,0.0,0.0,2.815259254737998,-20.72,0.0,0.0,0.0,nan
28.84930109977722,0.3,0.0,0.0,2.7847407452620017,-20.72,0.0,0.0,0.0,nan
28.849360466003418,0.3,0.0,0.0,2.7847407452620017,-20.72,0.0,0.0,0.0,nan
28.84941840171814,0.3,0.0,0.0,2.815259254737998,-20.72,0.0,0.0,0.0,nan
28.890474557876587,0.3,0.0,0.0,2.7847407452620017,-20.72,0.0,0.0,0.0,nan
28.890636920928955,0.3,0.0,0.0,2.8,-20.72,0.0,0.0,0.0,nan
28.890714168548584,0.3,0.0,0.0,2.7847407452620017,-20.72,0.0,0.0,0.0,nan
28.890780210494995,0.3,0.0,0.0,2.8,-20.72,0.0,0.0,0.0,nan
28.890844345092773,0.3,0.0,0.0,2.815259254737998,-20.72,0.0,0.0,0.0,nan
28.89090919494629,0.3,0.0,0.0,2.7847407452620017,-20.72,0.0,0.0,0.0,nan
28.931964874267578,0.3,0.0,0.0,2.7847407452620017,-20.72,0.0,0.0,0.0,nan
28.932128429412842,0.3,0.0,0.0,2.7847407452620017,-20.72,0.0,0.0,0.0,nan
28.93220615386963,0.3,0.0,0.0,2.8,-20.72,0.0,0.0,0.0,nan
28.93226957321167,0.3,0.0,0.0,2.8,-20.72,0.0,0.0,0.0,nan
28.932325839996338,0.3,0.0,0.0,2.815259254737998,-20.72,0.0,0.0,0.0,nan
28.93238091468811,0.3,0.0,0.0,2.7694814905240035,-20.72,0.0,0.0,0.0,nan
28.973421096801758,0.3,0.0,0.0,2.7847407452620017,-20.72,0.0,0.0,0.0,nan
28.973527669906616,0.3,0.0,0.0,2.8,-20.72,0.0,0.0,0.0,nan
28.973561763763428,0.3,0.0,0.0,2.7847407452620017,-20.72,0.0,0.0,0.0,nan
28.973591804504395,0.3,0.0,0.0,2.7847407452620017,-20.72,0.0,0.0,0.0,nan
28.973620414733887,0.3,0.0,0.0,2.7847407452620017,-20.72,0.0,0.0,0.0,nan
28.973647594451904,0.3,0.0,0.0,2.8,-20.72,0.0,0.0,0.0,nan
29.01471781730652,0.3,0.0,0.0,2.8,-20.72,0.0,0.0,0.0,nan
29.014872074127197,0.3,0.0,0.0,2.815259254737998,-20.72,0.0,0.0,0.0,nan
29.014947175979614,0.3,0.0,0.0,2.8,-20.72,0.0,0.0,0.0,nan
29.015010833740234,0.3,0.0,0.0,2.8,-20.72,0.0,0.0,0.0,nan
29.015074729919434,0.3,0.0,0.0,2.7542222357860053,-20.72,0.0,0.0,0.0,nan
29.015141010284424,0.3,0.0,0.0,2.8,-20.72,0.0,0.0,0.0,nan
29.056236028671265,0.3,0.0,0.0,2.7847407452620017,-20.72,0.0,0.0,0.0,nan
29.05633807182312,0.3,0.0,0.0,2.7847407452620017,-20.72,0.0,0.0,0.0,nan
29.056370735168457,0.3,0.0,0.0,2.7847407452620017,-20.72,0.0,0.0,0.0,nan
29.056400537490845,0.3,0.0,0.0,2.7847407452620017,-20.72,0.0,0.0,0.0,nan
29.05642867088318,0.3,0.0,0.0,2.8,-20.72,0.0,0.0,0.0,nan
29.056453943252563,0.3,0.0,0.0,2.8,-20.72,0.0,0.0,0.0,nan
29.10757327079773,0.3,0.0,0.0,2.7847407452620017,-20.72,0.0,0.0,0.0,nan
29.107727527618408,0.3,0.0,0.0,2.8,-20.72,0.0,0.0,0.0,nan
29.107808828353882,0.3,0.0,0.0,2.8,-20.72,0.0,0.0,0.0,nan
29.107871770858765,0.3,0.0,0.0,2.7847407452620017,-20.72,0.0,0.0,0.0,nan
29.10793113708496,0.3,0.0,0.0,2.8,-20.72,0.0,0.0,0.0,nan
29.107983112335205,0.3,0.0,0.0,2.8,-20.72,0.0,0.0,0.0,nan
29.149022579193115,0.3,0.0,0.0,2.815259254737998,-20.72,0.0,0.0,0.0,nan
29.14917778968811,0.3,0.0,0.0,2.8,-20.72,0.0,0.0,0.0,nan
29.149247646331787,0.3,0.0,0.0,2.7847407452620017,-20.72,0.0,0.0,0.0,nan
29.149311304092407,0.3,0.0,0.0,2.8,-20.72,0.0,0.0,0.0,nan
29.149370670318604,0.3,0.0,0.0,2.8,-20.72,0.0,0.0,0.0,nan
29.190593957901,0.3,0.0,0.0,2.7847407452620017,-20.72,0.0,0.0,0.0,nan
29.19073486328125,0.3,0.0,0.0,2.8,-20.72,0.0,0.0,0.0,nan
29.19078254699707,0.3,0.0,0.0,2.8,-20.72,0.0,0.0,0.0,nan
29.190819025039673,0.3,0.0,0.0,2.7694814905240035,-20.72,0.0,0.0,0.0,nan
29.19085383415222,0.3,0.0,0.0,2.830518509475996,-20.72,0.0,0.0,0.0,nan
29.190887212753296,0.3,0.0,0.0,2.7694814905240035,-20.72,0.0,0.0,0.0,nan
29.232048273086548,0.3,0.0,0.0,2.7847407452620017,-20.72,0.0,0.0,0.0,nan
29.23218035697937,0.3,0.0,0.0,2.815259254737998,-20.72,0.0,0.0,0.0,nan
29.232218742370605,0.3,0.0,0.0,2.7847407452620017,-20.72,0.0,0.0,0.0,nan
29.23224902153015,0.3,0.0,0.0,2.7847407452620017,-20.72,0.0,0.0,0.0,nan
29.232277631759644,0.3,0.0,0.0,2.7847407452620017,-20.72,0.0,0.0,0.0,nan
29.232306957244873,0.3,0.0,0.0,2.7847407452620017,-20.72,0.0,0.0,0.0,nan
29.27349305152893,0.3,0.0,0.0,2.8,-20.72,0.0,0.0,0.0,nan
29.273620128631592,0.3,0.0,0.0,2.8,-20.72,0.0,0.0,0.0,nan
29.273659467697144,0.3,0.0,0.0,2.7847407452620017,-20.72,0.0,0.0,0.0,nan
29.27368927001953,0.3,0.0,0.0,2.8,-20.72,0.0,0.0,0.0,nan
29.273725271224976,0.3,0.0,0.0,2.8,-20.72,0.0,0.0,0.0,nan
29.273754119873047,0.3,0.0,0.0,2.8,-20.72,0.0,0.0,0.0,nan
29.31485629081726,0.3,0.0,0.0,2.7847407452620017,-20.72,0.0,0.0,0.0,nan
29.314964532852173,0.3,0.0,0.0,2.8,-20.72,0.0,0.0,0.0,nan
29.31517243385315,0.3,0.0,0.0,2.7847407452620017,-20.72,0.0,0.0,0.0,nan
29.31521964073181,0.3,0.0,0.0,2.7847407452620017,-20.72,0.0,0.0,0.0,nan
29.315248250961304,0.3,0.0,0.0,2.7694814905240035,-20.72,0.0,0.0,0.0,nan
29.315274953842163,0.3,0.0,0.0,2.8,-20.72,0.0,0.0,0.0,nan
29.36642360687256,0.3,0.0,0.0,2.815259254737998,-20.72,0.0,0.0,0.0,nan
29.36658239364624,0.3,0.0,0.0,2.8,-20.72,0.0,0.0,0.0,nan
29.366660118103027,0.3,0.0,0.0,2.8,-20.72,0.0,0.0,0.0,nan
29.36672854423523,0.3,0.0,0.0,2.8,-20.72,0.0,0.0,0.0,nan
29.366853713989258,0.3,0.0,0.0,2.8,-20.72,0.0,0.0,0.0,nan
29.36693811416626,0.3,0.0,0.0,2.8,-20.72,0.0,0.0,0.0,nan
29.408165216445923,0.3,0.0,0.0,2.7847407452620017,-20.72,0.0,0.0,0.0,nan
29.408328771591187,0.3,0.0,0.0,2.815259254737998,-20.72,0.0,0.0,0.0,nan
29.408403396606445,0.3,0.0,0.0,2.7694814905240035,-20.72,0.0,0.0,0.0,nan
29.40847110748291,0.3,0.0,0.0,2.7694814905240035,-20.72,0.0,0.0,0.0,nan
29.408533096313477,0.3,0.0,0.0,2.7847407452620017,-20.72,0.0,0.0,0.0,nan
29.408591747283936,0.3,0.0,0.0,2.8,-20.72,0.0,0.0,0.0,nan
29.45002055168152,0.3,0.0,0.0,2.7847407452620017,-20.72,0.0,0.0,0.0,nan
29.45016384124756,0.3,0.0,0.0,2.815259254737998,-20.72,0.0,0.0,0.0,nan
29.450222730636597,0.3,0.0,0.0,2.7694814905240035,-20.72,0.0,0.0,0.0,nan
29.45027494430542,0.3,0.0,0.0,2.7847407452620017,-20.72,0.0,0.0,0.0,nan
29.450324296951294,0.3,0.0,0.0,2.815259254737998,-20.72,0.0,0.0,0.0,nan
29.450366735458374,0.3,0.0,0.0,2.8,-20.72,0.0,0.0,0.0,nan
29.491652727127075,0.3,0.0,0.0,2.8,-20.72,0.0,0.0,0.0,nan
29.49181604385376,0.3,0.0,0.0,2.8,-20.72,0.0,0.0,0.0,nan
29.491893768310547,0.3,0.0,0.0,2.8,-20.72,0.0,0.0,0.0,nan
29.491955757141113,0.3,0.0,0.0,2.8,-20.72,0.0,0.0,0.0,nan
29.492011547088623,0.3,0.0,0.0,2.7847407452620017,-20.72,0.0,0.0,0.0,nan
29.492067337036133,0.3,0.0,0.0,2.7847407452620017,-20.72,0.0,0.0,0.0,nan
29.533310651779175,0.3,0.0,0.0,2.8,-20.72,0.0,0.0,0.0,nan
29.53347420692444,0.3,0.0,0.0,2.8,-20.72,0.0,0.0,0.0,nan
29.53354549407959,0.3,0.0,0.0,2.815259254737998,-20.72,0.0,0.0,0.0,nan
29.533605575561523,0.3,0.0,0.0,2.8,-20.72,0.0,0.0,0.0,nan
29.53366255760193,0.3,0.0,0.0,2.7847407452620017,-20.72,0.0,0.0,0.0,nan
29.533716201782227,0.3,0.0,0.0,2.8,-20.72,0.0,0.0,0.0,nan
29.575138807296753,0.3,0.0,0.0,2.7847407452620017,-20.72,0.0,0.0,0.0,nan
29.57530665397644,0.3,0.0,0.0,2.7694814905240035,-20.72,0.0,0.0,0.0,nan
29.575397491455078,0.3,0.0,0.0,2.7847407452620017,-20.72,0.0,0.0,0.0,nan
29.57546639442444,0.3,0.0,0.0,2.7847407452620017,-20.72,0.0,0.0,0.0,nan
29.575528144836426,0.3,0.0,0.0,2.7847407452620017,-20.72,0.0,0.0,0.0,nan
29.616713523864746,0.3,0.0,0.0,2.7847407452620017,-20.72,0.0,0.0,0.0,nan
29.617004871368408,0.3,0.0,0.0,2.7847407452620017,-20.72,0.0,0.0,0.0,nan
29.61711096763611,0.3,0.0,0.0,2.7847407452620017,-20.72,0.0,0.0,0.0,nan
29.617175340652466,0.3,0.0,0.0,2.8,-20.72,0.0,0.0,0.0,nan
29.61721158027649,0.3,0.0,0.0,2.7847407452620017,-20.72,0.0,0.0,0.0,nan
29.61725664138794,0.3,0.0,0.0,2.815259254737998,-20.72,0.0,0.0,0.0,nan
29.668656826019287,0.3,0.0,0.0,2.8,-20.72,0.0,0.0,0.0,nan
29.668819665908813,0.3,0.0,0.0,2.7847407452620017,-20.72,0.0,0.0,0.0,nan
29.66889214515686,0.3,0.0,0.0,2.7847407452620017,-20.72,0.0,0.0,0.0,nan
29.668991327285767,0.3,0.0,0.0,2.8,-20.72,0.0,0.0,0.0,nan
29.669060707092285,0.3,0.0,0.0,2.7542222357860053,-20.72,0.0,0.0,0.0,nan
29.66912531852722,0.3,0.0,0.0,2.7694814905240035,-20.72,0.0,0.0,0.0,nan
29.71010160446167,0.3,0.0,0.0,2.7847407452620017,-20.72,0.0,0.0,0.0,nan
29.71025514602661,0.3,0.0,0.0,2.7847407452620017,-20.72,0.0,0.0,0.0,nan
29.710322618484497,0.3,0.0,0.0,2.8,-20.72,0.0,0.0,0.0,nan
29.710383415222168,0.3,0.0,0.0,2.8,-20.72,0.0,0.0,0.0,nan
29.71044111251831,0.3,0.0,0.0,2.815259254737998,-20.72,0.0,0.0,0.0,nan
29.710498094558716,0.3,0.0,0.0,2.815259254737998,-20.72,0.0,0.0,0.0,nan
29.75159525871277,0.3,0.0,0.0,2.7847407452620017,-20.72,0.0,0.0,0.0,nan
29.751749992370605,0.3,0.0,0.0,2.815259254737998,-20.72,0.0,0.0,0.0,nan
29.75182318687439,0.3,0.0,0.0,2.7847407452620017,-20.72,0.0,0.0,0.0,nan
29.751883029937744,0.3,0.0,0.0,2.7847407452620017,-20.72,0.0,0.0,0.0,nan
29.751944303512573,0.3,0.0,0.0,2.815259254737998,-20.72,0.0,0.0,0.0,nan
29.75200605392456,0.3,0.0,0.0,2.7847407452620017,-20.72,0.0,0.0,0.0,nan
29.79302716255188,0.3,0.0,0.0,2.815259254737998,-20.72,0.0,0.0,0.0,nan
29.793184280395508,0.3,0.0,0.0,2.815259254737998,-20.72,0.0,0.0,0.0,nan
29.793253421783447,0.3,0.0,0.0,2.7847407452620017,-20.72,0.0,0.0,0.0,nan
29.79331636428833,0.3,0.0,0.0,2.8,-20.72,0.0,0.0,0.0,nan
29.793376922607422,0.3,0.0,0.0,2.7847407452620017,-20.72,0.0,0.0,0.0,nan
29.7934353351593,0.3,0.0,0.0,2.7847407452620017,-20.72,0.0,0.0,0.0,nan
29.835047006607056,0.3,0.0,0.0,2.8,-20.72,0.0,0.0,0.0,nan
29.835200309753418,0.3,0.0,0.0,2.7847407452620017,-20.72,0.0,0.0,0.0,nan
29.835278749465942,0.3,0.0,0.0,2.8,-20.72,0.0,0.0,0.0,nan
29.835344552993774,0.3,0.0,0.0,2.815259254737998,-20.72,0.0,0.0,0.0,nan
29.83540368080139,0.3,0.0,0.0,2.815259254737998,-20.72,0.0,0.0,0.0,nan
29.835461616516113,0.3,0.0,0.0,2.8,-20.72,0.0,0.0,0.0,nan
29.876551866531372,0.3,0.0,0.0,2.8,-20.72,0.0,0.0,0.0,nan
29.876715183258057,0.3,0.0,0.0,2.7847407452620017,-20.72,0.0,0.0,0.0,nan
29.876792430877686,0.3,0.0,0.0,2.815259254737998,-20.72,0.0,0.0,0.0,nan
29.876861572265625,0.3,0.0,0.0,2.7847407452620017,-20.72,0.0,0.0,0.0,nan
29.876925706863403,0.3,0.0,0.0,2.8,-20.72,0.0,0.0,0.0,nan
29.87702465057373,0.3,0.0,0.0,2.8,-20.72,0.0,0.0,0.0,nan
29.91818904876709,0.3,0.0,0.0,2.8,-20.72,0.0,0.0,0.0,nan
29.918346643447876,0.3,0.0,0.0,2.815259254737998,-20.72,0.0,0.0,0.0,nan
29.91842484474182,0.3,0.0,0.0,2.7847407452620017,-20.72,0.0,0.0,0.0,nan
29.91849422454834,0.3,0.0,0.0,2.8,-20.72,0.0,0.0,0.0,nan
29.91855788230896,0.3,0.0,0.0,2.815259254737998,-20.72,0.0,0.0,0.0,nan
29.918615579605103,0.3,0.0,0.0,2.815259254737998,-20.72,0.0,0.0,0.0,nan
29.969845294952393,0.3,0.0,0.0,2.7847407452620017,-20.72,0.0,0.0,0.0,nan
29.970007181167603,0.3,0.0,0.0,2.8,-20.72,0.0,0.0,0.0,nan
29.9700870513916,0.3,0.0,0.0,2.815259254737998,-20.72,0.0,0.0,0.0,nan
29.97015404701233,0.3,0.0,0.0,2.8,-20.72,0.0,0.0,0.0,nan
29.970218896865845,0.3,0.0,0.0,2.8,-20.72,0.0,0.0,0.0,nan
29.970277547836304,0.3,0.0,0.0,2.8,-20.72,0.0,0.0,0.0,nan
30.01120948791504,0.3,0.0,0.0,2.7542222357860053,-20.72,0.0,0.0,0.0,nan
30.01136589050293,0.3,0.0,0.0,2.7847407452620017,-20.72,0.0,0.0,0.0,nan
30.01143789291382,0.3,0.0,0.0,2.8,-20.72,0.0,0.0,0.0,nan
30.01150417327881,0.3,0.0,0.0,2.7847407452620017,-20.72,0.0,0.0,0.0,nan
30.011565446853638,0.3,0.0,0.0,2.8,-20.72,0.0,0.0,0.0,nan
30.01162362098694,0.3,0.0,0.0,2.8,-20.72,0.0,0.0,0.0,nan
30.052734375,0.3,0.0,0.0,2.8,-20.72,0.0,0.0,0.0,nan
30.052886962890625,0.3,0.0,0.0,2.7694814905240035,-20.72,0.0,0.0,0.0,nan
30.052993535995483,0.3,0.0,0.0,2.7847407452620017,-20.72,0.0,0.0,0.0,nan
30.05307102203369,0.3,0.0,0.0,2.8,-20.72,0.0,0.0,0.0,nan
30.05313491821289,0.3,0.0,0.0,2.7847407452620017,-20.72,0.0,0.0,0.0,nan
30.09414315223694,0.3,0.0,0.0,2.8,-20.72,0.0,0.0,0.0,nan
30.09430241584778,0.3,0.0,0.0,2.7847407452620017,-20.72,0.0,0.0,0.0,nan
30.09437608718872,0.3,0.0,0.0,2.7847407452620017,-20.72,0.0,0.0,0.0,nan
30.094440460205078,0.3,0.0,0.0,2.7847407452620017,-20.72,0.0,0.0,0.0,nan
30.094504594802856,0.3,0.0,0.0,2.815259254737998,-20.72,0.0,0.0,0.0,nan
30.09456777572632,0.3,0.0,0.0,2.7847407452620017,-20.72,0.0,0.0,0.0,nan
30.135424852371216,0.3,0.0,0.0,2.8,-20.72,0.0,0.0,0.0,nan
30.13558554649353,0.3,0.0,0.0,2.7847407452620017,-20.72,0.0,0.0,0.0,nan
30.13565444946289,0.3,0.0,0.0,2.7847407452620017,-20.72,0.0,0.0,0.0,nan
30.135717630386353,0.3,0.0,0.0,2.815259254737998,-20.72,0.0,0.0,0.0,nan
30.135777473449707,0.3,0.0,0.0,2.815259254737998,-20.72,0.0,0.0,0.0,nan
30.13584041595459,0.3,0.0,0.0,2.7847407452620017,-20.72,0.0,0.0,0.0,nan
30.17707657814026,0.3,0.0,0.0,2.8,-20.72,0.0,0.0,0.0,nan
30.177237510681152,0.3,0.0,0.0,2.7847407452620017,-20.72,0.0,0.0,0.0,nan
30.177310705184937,0.3,0.0,0.0,2.7847407452620017,-20.72,0.0,0.0,0.0,nan
30.17737603187561,0.3,0.0,0.0,2.7847407452620017,-20.72,0.0,0.0,0.0,nan
30.17765188217163,0.3,0.0,0.0,2.7694814905240035,-20.72,0.0,0.0,0.0,nan
30.177738428115845,0.3,0.0,0.0,2.7847407452620017,-20.72,0.0,0.0,0.0,nan
30.218886852264404,0.3,0.0,0.0,2.7694814905240035,-20.72,0.0,0.0,0.0,nan
30.219045877456665,0.3,0.0,0.0,2.8,-20.72,0.0,0.0,0.0,nan
30.2191162109375,0.3,0.0,0.0,2.815259254737998,-20.72,0.0,0.0,0.0,nan
30.219184160232544,0.3,0.0,0.0,2.7847407452620017,-20.72,0.0,0.0,0.0,nan
30.21924614906311,0.3,0.0,0.0,2.8,-20.72,0.0,0.0,0.0,nan
30.219305276870728,0.3,0.0,0.0,2.8,-20.72,0.0,0.0,0.0,nan
30.270587682724,0.3,0.0,0.0,2.7847407452620017,-20.72,0.0,0.0,0.0,nan
30.270692348480225,0.3,0.0,0.0,2.830518509475996,-20.72,0.0,0.0,0.0,nan
30.270726680755615,0.3,0.0,0.0,2.8,-20.72,0.0,0.0,0.0,nan
30.27076029777527,0.3,0.0,0.0,2.815259254737998,-20.72,0.0,0.0,0.0,nan
30.270787477493286,0.3,0.0,0.0,2.8,-20.72,0.0,0.0,0.0,nan
30.270811796188354,0.3,0.0,0.0,2.7694814905240035,-20.72,0.0,0.0,0.0,nan
30.31194043159485,0.3,0.0,0.0,2.7847407452620017,-20.72,0.0,0.0,0.0,nan
30.312100648880005,0.3,0.0,0.0,2.815259254737998,-20.72,0.0,0.0,0.0,nan
30.312193393707275,0.3,0.0,0.0,2.7694814905240035,-20.72,0.0,0.0,0.0,nan
30.312264442443848,0.3,0.0,0.0,2.7847407452620017,-20.72,0.0,0.0,0.0,nan
30.31232976913452,0.3,0.0,0.0,2.815259254737998,-20.72,0.0,0.0,0.0,nan
30.312390089035034,0.3,0.0,0.0,2.7694814905240035,-20.72,0.0,0.0,0.0,nan
30.35349154472351,0.3,0.0,0.0,2.815259254737998,-20.72,0.0,0.0,0.0,nan
30.353618621826172,0.3,0.0,0.0,2.8,-20.72,0.0,0.0,0.0,nan
30.353665113449097,0.3,0.0,0.0,2.7694814905240035,-20.72,0.0,0.0,0.0,nan
30.35369634628296,0.3,0.0,0.0,2.7847407452620017,-20.72,0.0,0.0,0.0,nan
30.353723287582397,0.3,0.0,0.0,2.815259254737998,-20.72,0.0,0.0,0.0,nan
30.353750467300415,0.3,0.0,0.0,2.7847407452620017,-20.72,0.0,0.0,0.0,nan
30.394843816757202,0.3,0.0,0.0,2.8,-20.72,0.0,0.0,0.0,nan
30.39500594139099,0.3,0.0,0.0,2.8,-20.72,0.0,0.0,0.0,nan
30.395082235336304,0.3,0.0,0.0,2.7847407452620017,-20.72,0.0,0.0,0.0,nan
30.395148277282715,0.3,0.0,0.0,2.8,-20.72,0.0,0.0,0.0,nan
30.39521074295044,0.3,0.0,0.0,2.7847407452620017,-20.72,0.0,0.0,0.0,nan
30.39526629447937,0.3,0.0,0.0,2.7847407452620017,-20.72,0.0,0.0,0.0,nan
30.436245441436768,0.3,0.0,0.0,2.8,-20.72,0.0,0.0,0.0,nan
30.436357259750366,0.3,0.0,0.0,2.815259254737998,-20.72,0.0,0.0,0.0,nan
30.436394929885864,0.3,0.0,0.0,2.7847407452620017,-20.72,0.0,0.0,0.0,nan
30.436431407928467,0.3,0.0,0.0,2.815259254737998,-20.72,0.0,0.0,0.0,nan
30.436463117599487,0.3,0.0,0.0,2.7847407452620017,-20.72,0.0,0.0,0.0,nan
30.436493635177612,0.3,0.0,0.0,2.8,-20.72,0.0,0.0,0.0,nan
30.4776611328125,0.3,0.0,0.0,2.815259254737998,-20.72,0.0,0.0,0.0,nan
30.477774620056152,0.3,0.0,0.0,2.815259254737998,-20.72,0.0,0.0,0.0,nan
30.477810859680176,0.3,0.0,0.0,2.8,-20.72,0.0,0.0,0.0,nan
30.477843284606934,0.3,0.0,0.0,2.7847407452620017,-20.72,0.0,0.0,0.0,nan
30.47787380218506,0.3,0.0,0.0,2.8,-20.72,0.0,0.0,0.0,nan
30.529324293136597,0.3,0.0,0.0,2.7542222357860053,-20.72,0.0,0.0,0.0,nan
30.529441356658936,0.3,0.0,0.0,2.7847407452620017,-20.72,0.0,0.0,0.0,nan
30.529472827911377,0.3,0.0,0.0,2.7847407452620017,-20.72,0.0,0.0,0.0,nan
30.52950119972229,0.3,0.0,0.0,2.815259254737998,-20.72,0.0,0.0,0.0,nan
30.529531002044678,0.3,0.0,0.0,2.8,-20.72,0.0,0.0,0.0,nan
30.52955651283264,0.3,0.0,0.0,2.815259254737998,-20.72,0.0,0.0,0.0,nan
30.570734977722168,0.3,0.0,0.0,2.7847407452620017,-20.72,0.0,0.0,0.0,nan
30.57085418701172,0.3,0.0,0.0,2.7847407452620017,-20.72,0.0,0.0,0.0,nan
30.57088875770569,0.3,0.0,0.0,2.815259254737998,-20.72,0.0,0.0,0.0,nan
30.570918321609497,0.3,0.0,0.0,2.7847407452620017,-20.72,0.0,0.0,0.0,nan
30.570947647094727,0.3,0.0,0.0,2.7847407452620017,-20.72,0.0,0.0,0.0,nan
30.57097554206848,0.3,0.0,0.0,2.8,-20.72,0.0,0.0,0.0,nan
30.611972332000732,0.3,0.0,0.0,2.8,-20.72,0.0,0.0,0.0,nan
30.61209535598755,0.3,0.0,0.0,2.7847407452620017,-20.72,0.0,0.0,0.0,nan
30.612138986587524,0.3,0.0,0.0,2.8,-20.72,0.0,0.0,0.0,nan
30.612176418304443,0.3,0.0,0.0,2.8,-20.72,0.0,0.0,0.0,nan
30.612213373184204,0.3,0.0,0.0,2.7694814905240035,-20.72,0.0,0.0,0.0,nan
30.612250089645386,0.3,0.0,0.0,2.7847407452620017,-20.72,0.0,0.0,0.0,nan
30.653352737426758,0.3,0.0,0.0,2.7847407452620017,-20.72,0.0,0.0,0.0,nan
30.653510093688965,0.3,0.0,0.0,2.7847407452620017,-20.72,0.0,0.0,0.0,nan
30.653583526611328,0.3,0.0,0.0,2.7847407452620017,-20.72,0.0,0.0,0.0,nan
30.653647661209106,0.3,0.0,0.0,2.815259254737998,-20.72,0.0,0.0,0.0,nan
30.653708934783936,0.3,0.0,0.0,2.8,-20.72,0.0,0.0,0.0,nan
30.65377426147461,0.3,0.0,0.0,2.7847407452620017,-20.72,0.0,0.0,0.0,nan
30.694713592529297,0.3,0.0,0.0,2.815259254737998,-20.72,0.0,0.0,0.0,nan
30.69486117362976,0.3,0.0,0.0,2.8,-20.72,0.0,0.0,0.0,nan
30.694928646087646,0.3,0.0,0.0,2.830518509475996,-20.72,0.0,0.0,0.0,nan
30.6949942111969,0.3,0.0,0.0,2.7847407452620017,-20.72,0.0,0.0,0.0,nan
30.695056915283203,0.3,0.0,0.0,2.7847407452620017,-20.72,0.0,0.0,0.0,nan
30.69511914253235,0.3,0.0,0.0,2.7694814905240035,-20.72,0.0,0.0,0.0,nan
30.736655473709106,0.3,0.0,0.0,2.815259254737998,-20.72,0.0,0.0,0.0,nan
30.736817598342896,0.3,0.0,0.0,2.7847407452620017,-20.72,0.0,0.0,0.0,nan
30.73689556121826,0.3,0.0,0.0,2.8,-20.72,0.0,0.0,0.0,nan
30.736979484558105,0.3,0.0,0.0,2.7694814905240035,-20.72,0.0,0.0,0.0,nan
30.737044095993042,0.3,0.0,0.0,2.7847407452620017,-20.72,0.0,0.0,0.0,nan
30.73710608482361,0.3,0.0,0.0,2.8,-20.72,0.0,0.0,0.0,nan
30.778284549713135,0.3,0.0,0.0,2.7542222357860053,-20.72,0.0,0.0,0.0,nan
30.778443098068237,0.3,0.0,0.0,2.815259254737998,-20.72,0.0,0.0,0.0,nan
30.778518438339233,0.3,0.0,0.0,2.815259254737998,-20.72,0.0,0.0,0.0,nan
30.778581142425537,0.3,0.0,0.0,2.7847407452620017,-20.72,0.0,0.0,0.0,nan
30.778637886047363,0.3,0.0,0.0,2.815259254737998,-20.72,0.0,0.0,0.0,nan
30.7786922454834,0.3,0.0,0.0,2.7847407452620017,-20.72,0.0,0.0,0.0,nan
30.829989910125732,0.3,0.0,0.0,2.7847407452620017,-20.72,0.0,0.0,0.0,nan
30.830151081085205,0.3,0.0,0.0,2.7694814905240035,-20.72,0.0,0.0,0.0,nan
30.83022975921631,0.3,0.0,0.0,2.8,-20.72,0.0,0.0,0.0,nan
30.830300092697144,0.3,0.0,0.0,2.7694814905240035,-20.72,0.0,0.0,0.0,nan
30.830366373062134,0.3,0.0,0.0,2.7847407452620017,-20.72,0.0,0.0,0.0,nan
30.830425024032593,0.3,0.0,0.0,2.815259254737998,-20.72,0.0,0.0,0.0,nan
30.871514558792114,0.3,0.0,0.0,2.7847407452620017,-20.72,0.0,0.0,0.0,nan
30.871668100357056,0.3,0.0,0.0,2.7847407452620017,-20.72,0.0,0.0,0.0,nan
30.871737480163574,0.3,0.0,0.0,2.7847407452620017,-20.72,0.0,0.0,0.0,nan
30.871798992156982,0.3,0.0,0.0,2.7847407452620017,-20.72,0.0,0.0,0.0,nan
30.87185549736023,0.3,0.0,0.0,2.7694814905240035,-20.72,0.0,0.0,0.0,nan
30.871917963027954,0.3,0.0,0.0,2.7847407452620017,-20.72,0.0,0.0,0.0,nan
30.913031816482544,0.3,0.0,0.0,2.8,-20.72,0.0,0.0,0.0,nan
30.913195371627808,0.3,0.0,0.0,2.7694814905240035,-20.72,0.0,0.0,0.0,nan
30.913273334503174,0.3,0.0,0.0,2.8,-20.72,0.0,0.0,0.0,nan
30.91333842277527,0.3,0.0,0.0,2.8,-20.72,0.0,0.0,0.0,nan
30.913400411605835,0.3,0.0,0.0,2.8,-20.72,0.0,0.0,0.0,nan
30.913456439971924,0.3,0.0,0.0,2.815259254737998,-20.72,0.0,0.0,0.0,nan
30.954383373260498,0.3,0.0,0.0,2.7847407452620017,-20.72,0.0,0.0,0.0,nan
30.954544067382812,0.3,0.0,0.0,2.815259254737998,-20.72,0.0,0.0,0.0,nan
30.954620838165283,0.3,0.0,0.0,2.7847407452620017,-20.72,0.0,0.0,0.0,nan
30.95469069480896,0.3,0.0,0.0,2.8,-20.72,0.0,0.0,0.0,nan
30.954752445220947,0.3,0.0,0.0,2.815259254737998,-20.72,0.0,0.0,0.0,nan
30.99577522277832,0.3,0.0,0.0,2.7847407452620017,-20.72,0.0,0.0,0.0,nan
30.99592685699463,0.3,0.0,0.0,2.8,-20.72,0.0,0.0,0.0,nan
30.99599575996399,0.3,0.0,0.0,2.7847407452620017,-20.72,0.0,0.0,0.0,nan
30.99606204032898,0.3,0.0,0.0,2.8,-20.72,0.0,0.0,0.0,nan
30.996122360229492,0.3,0.0,0.0,2.7847407452620017,-20.72,0.0,0.0,0.0,nan
30.996181964874268,0.3,0.0,0.0,2.8,-20.72,0.0,0.0,0.0,nan
31.037318229675293,0.3,0.0,0.0,2.8,-20.72,0.0,0.0,0.0,nan
31.037481784820557,0.3,0.0,0.0,2.8,-20.72,0.0,0.0,0.0,nan
31.03755521774292,0.3,0.0,0.0,2.7847407452620017,-20.72,0.0,0.0,0.0,nan
31.037621021270752,0.3,0.0,0.0,2.815259254737998,-20.72,0.0,0.0,0.0,nan
31.037954568862915,0.3,0.0,0.0,2.7847407452620017,-20.72,0.0,0.0,0.0,nan
31.03804922103882,0.3,0.0,0.0,2.815259254737998,-20.72,0.0,0.0,0.0,nan
31.089158296585083,0.3,0.0,0.0,2.8,-20.72,0.0,0.0,0.0,nan
31.08926248550415,0.3,0.0,0.0,2.8,-20.72,0.0,0.0,0.0,nan
31.089295387268066,0.3,0.0,0.0,2.815259254737998,-20.72,0.0,0.0,0.0,nan
31.08932638168335,0.3,0.0,0.0,2.7847407452620017,-20.72,0.0,0.0,0.0,nan
31.089354515075684,0.3,0.0,0.0,2.8,-20.72,0.0,0.0,0.0,nan
31.089380502700806,0.3,0.0,0.0,2.8,-20.72,0.0,0.0,0.0,nan
31.130343675613403,0.3,0.0,0.0,2.815259254737998,-20.72,0.0,0.0,0.0,nan
31.130501985549927,0.3,0.0,0.0,2.8,-20.72,0.0,0.0,0.0,nan
31.13057255744934,0.3,0.0,0.0,2.8,-20.72,0.0,0.0,0.0,nan
31.13063335418701,0.3,0.0,0.0,2.7847407452620017,-20.72,0.0,0.0,0.0,nan
31.13069796562195,0.3,0.0,0.0,2.815259254737998,-20.72,0.0,0.0,0.0,nan
31.13077712059021,0.3,0.0,0.0,2.7847407452620017,-20.72,0.0,0.0,0.0,nan
31.171995162963867,0.3,0.0,0.0,2.7847407452620017,-20.72,0.0,0.0,0.0,nan
31.172123432159424,0.3,0.0,0.0,2.7694814905240035,-20.72,0.0,0.0,0.0,nan
31.172180652618408,0.3,0.0,0.0,2.7542222357860053,-20.72,0.0,0.0,0.0,nan
31.172229766845703,0.3,0.0,0.0,2.8,-20.72,0.0,0.0,0.0,nan
31.172271251678467,0.3,0.0,0.0,2.7847407452620017,-20.72,0.0,0.0,0.0,nan
31.172313928604126,0.3,0.0,0.0,2.8,-20.72,0.0,0.0,0.0,nan
31.213600397109985,0.3,0.0,0.0,2.815259254737998,-20.72,0.0,0.0,0.0,nan
31.21375870704651,0.3,0.0,0.0,2.8,-20.72,0.0,0.0,0.0,nan
31.213830947875977,0.3,0.0,0.0,2.8,-20.72,0.0,0.0,0.0,nan
31.213895320892334,0.3,0.0,0.0,2.8,-20.72,0.0,0.0,0.0,nan
31.21395707130432,0.3,0.0,0.0,2.7694814905240035,-20.72,0.0,0.0,0.0,nan
31.214020252227783,0.3,0.0,0.0,2.8,-20.72,0.0,0.0,0.0,nan
