time,cmd_DF,cmd_F,cmd_G,meas_DF,meas_F,meas_G,ang_wrist,ang_hand,p_flag_recv
0.041429758071899414,0.3,0.0,0.0,-0.0039687103856228655,-0.003539453177196365,-0.00019427001429895253,-1.08,-0.0,0.0
0.04154229164123535,0.3,0.0,0.0,-0.003855673764954498,-0.01253174708599942,-0.0035442617588108006,-1.08,-0.0,0.0
0.041570425033569336,0.3,0.0,0.0,-0.00839516899704995,-0.008922839936972944,-0.003697764022215339,-1.08,-0.0,0.0
0.04159283638000488,0.3,0.0,0.0,-0.006476421106502768,-0.015792957147980385,-0.007898946258825012,-1.08,-0.0,0.0
0.041613101959228516,0.3,0.0,0.0,-0.008114114883551241,0.004776220337290263,-0.005564531630923849,-1.08,-0.0,0.0
0.04163312911987305,0.3,0.0,0.0,-0.017698798952837744,0.00036236632516630825,-0.002848659062969188,-1.08,-0.0,0.0
0.04165291786193848,0.3,0.0,0.0,-0.01855276474389529,-0.009059412469714366,-0.005437178220644266,-1.08,-0.0,0.0
0.0416722297668457,0.3,0.0,0.0,-0.009858251615282167,0.006060102434898583,-0.005137080729930353,-1.08,-0.0,0.0
0.04169034957885742,0.3,0.0,0.0,0.0039409239644214175,-0.006987659684702145,-0.0011396981352748486,-1.08,-0.0,0.0
0.08288908004760742,0.3,0.0,0.0,-0.006264676416478897,0.0018703870201290014,-0.005108250498999854,-1.08,-0.0,0.0
0.08302760124206543,0.3,0.0,0.0,-0.011660772248550142,-0.007110543931588239,-0.010117295881053708,-1.08,-0.0,0.0
0.08307933807373047,0.3,0.0,0.0,-0.002368483711428993,-0.0034681645170893606,-0.006643194040822678,-1.08,-0.0,0.0
0.08312559127807617,0.3,0.0,0.0,-0.00919167922596723,-0.010753072072222505,0.0014846016288677499,-1.08,-0.0,0.0
0.08316373825073242,0.3,0.0,0.0,-0.010479536896045652,-0.013430760467868154,-0.0006149318745653203,-1.08,-0.0,0.0
0.08320474624633789,0.3,0.0,0.0,-0.005326317344664231,-0.010211151776398369,-0.010177965306227773,-1.08,-0.0,0.0
0.08324480056762695,0.3,0.0,0.0,-0.005823954852987365,-0.012701598968772798,-0.011259585450209341,-1.08,-0.0,0.0
0.08328723907470703,0.3,0.0,0.0,-0.003353753873072529,-0.01693716223048056,-0.008201726431863857,-1.08,-0.0,0.0
0.08332490921020508,0.3,0.0,0.0,-0.0030217677394207003,-0.01262079835176605,-0.013189155428093232,-1.08,-0.0,0.0
0.0833594799041748,0.3,0.0,0.0,-0.007104229864330136,-0.014385560705962312,-0.01235362173301399,-1.08,-0.0,0.0
0.1347489356994629,0.3,0.0,0.0,-0.002293797241331585,-0.015714660363983616,-0.00834582143662742,-1.08,-0.0,0.0
0.1348896026611328,0.3,0.0,0.0,-0.00545573630314101,-0.006823643616437834,-0.018871078282975705,-1.08,-0.0,0.0
0.13494324684143066,0.3,0.0,0.0,-0.0012422978797927903,-0.008202273527816948,-0.003533387870809133,-1.08,-0.0,0.0
0.13498973846435547,0.3,0.0,0.0,-0.008550684450602334,-0.0019009237225156887,-0.01275846468123525,-1.08,-0.0,0.0
0.13503789901733398,0.3,0.0,0.0,0.0011782038484534677,-0.004748287249408825,-0.010053124834251019,-1.08,-0.0,0.0
0.13508057594299316,0.3,0.0,0.0,-0.007115475739919956,-0.00986170659134292,-0.014851022750369102,-1.08,-0.0,0.0
0.13511943817138672,0.3,0.0,0.0,-0.011214213167554197,-0.004148274819614391,-0.006538261931848723,-1.08,-0.0,0.0
0.13515496253967285,0.3,0.0,0.0,-0.014614178509148415,-0.007379481351282847,-0.004434825677168324,-1.08,-0.0,0.0
0.13518953323364258,0.3,0.0,0.0,-0.011931453892269656,-0.015294864609928748,-0.004805554631718814,-1.08,-0.0,0.0
0.1352238655090332,0.3,0.0,0.0,-0.013724451948305997,0.005775249600296284,-0.005119641586880342,-1.08,-0.0,0.0
0.17629480361938477,0.3,0.0,0.0,-0.011160457980810964,-0.006146184674926823,-0.0003535820986083515,-1.08,-0.0,0.0
0.17642450332641602,0.3,0.0,0.0,-0.01068606021789637,0.0014328321783823206,-0.00011752020436802437,-1.08,-0.0,0.0
0.17647361755371094,0.3,0.0,0.0,-0.002670341461786315,0.004819820716758299,-0.0071243957254071575,-1.08,-0.0,0.0
0.17651677131652832,0.3,0.0,0.0,-0.00910748529071527,-0.006956984251655239,-0.007603103382465578,-1.08,-0.0,0.0
0.1765880584716797,0.3,0.0,0.0,-0.006077408617167946,0.004708859373722557,-0.008949807762891475,-1.08,-0.0,0.0
0.17663192749023438,0.3,0.0,0.0,-0.015824672834048165,-0.009199385746211994,-0.003489391496392908,-1.08,-0.0,0.0
0.1766982078552246,0.3,0.0,0.0,-0.007546470017433757,-0.015265027228426745,-0.005270258441799017,-1.08,-0.0,0.0
0.17676639556884766,0.3,0.0,0.0,-0.020149985430661554,-0.00498673740268837,-0.006416893531345227,-1.08,-0.0,0.0
0.1768331527709961,0.3,0.0,0.0,-0.010799992373031303,-0.014072743720734875,-0.005508047824308439,-1.08,-0.0,0.0
0.17687320709228516,0.3,0.0,0.0,-0.00730767055245088,-0.003164867167991955,-0.005528182269572551,-1.08,-0.0,0.0
0.21852827072143555,0.3,0.0,0.0,-0.020867223377222795,0.0035556704446412794,-0.011087611060722953,-1.08,-0.0,0.0
0.21866154670715332,0.3,0.0,0.0,-0.010376494306533895,-0.002821588716244456,-0.0019344017103269304,-1.08,-0.0,0.0
0.21874141693115234,0.3,0.0,0.0,-0.012144456251868456,-0.015116383826316353,-0.0006885638675076046,-1.08,-0.0,0.0
0.2188096046447754,0.3,0.0,0.0,-0.00468289687744259,-0.006835985081406153,-0.0020146644224651603,-1.08,-0.0,0.0
0.2188549041748047,0.3,0.0,0.0,-0.004932462527211904,-0.005914251010677645,0.004959198448414778,-1.08,-0.0,0.0
0.21891021728515625,0.3,0.0,0.0,-0.017051706563209524,-0.002133272153903566,-0.0017933698766320846,-1.08,-0.0,0.0
0.21895289421081543,0.3,0.0,0.0,-0.002718649029892333,-0.00657355950494072,-0.005301338524292809,-1.08,-0.0,0.0
0.21900725364685059,0.3,0.0,0.0,-0.0014877775606391393,-0.011312228013616666,-0.0010682553568856124,-1.08,-0.0,0.0
0.21906423568725586,0.3,0.0,0.0,-0.0029278070866683207,-0.008459782781117585,-0.009833617255879314,-1.08,-0.0,0.0
0.2191150188446045,0.3,0.0,0.0,-0.007227937464525132,-0.02421030646496,-0.005300550689370728,-1.08,-0.0,0.0
0.25997185707092285,0.3,0.0,0.0,0.003473909274098587,-0.018793100195229867,-0.004347241575780513,-1.08,-0.0,0.0
0.26009559631347656,0.3,0.0,0.0,-0.011285767209708605,-0.02026870630814864,-0.005225690116842966,-1.08,-0.0,0.0
0.2601766586303711,0.3,0.0,0.0,-0.021724473912250672,0.0027247638658719087,-0.0024615909721745176,-1.08,-0.0,0.0
0.260221004486084,0.3,0.0,0.0,-0.008963274893872818,-0.011184299243300177,-0.005947284249514985,-1.08,-0.0,0.0
0.2602570056915283,0.3,0.0,0.0,-0.00964929353387323,-0.010556930290888791,-0.009190133103330524,-1.08,-0.0,0.0
0.2602956295013428,0.3,0.0,0.0,-0.01626995534040374,-0.009442302143454973,-0.00468655725696321,-1.08,-0.0,0.0
0.26033473014831543,0.3,0.0,0.0,-0.007494767596601891,-0.007910847327949569,-0.009095391462059073,-1.08,-0.0,0.0
0.2604103088378906,0.3,0.0,0.0,-0.015675273037469236,-0.024347668416786972,-0.008378583021365968,-1.08,-0.0,0.0
0.2604715824127197,0.3,0.0,0.0,-0.00965437222660192,-0.01751868307960867,-0.009251364015377246,-1.08,-0.0,0.0
0.26056885719299316,0.3,0.0,0.0,-0.006668314400368128,-0.020685506274753948,-0.0011016225062512135,-1.08,-0.0,0.0
0.30158376693725586,0.3,0.0,0.0,0.000233973326305532,-0.009313077519885206,-0.004508926057144677,-1.08,-0.0,0.0
0.3017444610595703,0.3,0.0,0.0,0.0021646087183227283,-0.012179566577313332,0.0017986113970429166,-1.08,-0.0,0.0
0.30179762840270996,0.3,0.0,0.0,-0.011381340641674237,-0.005184449862949768,-0.004829165200404824,-1.08,-0.0,0.0
0.30184268951416016,0.3,0.0,0.0,-0.009988868840462833,-0.011017558846624639,-0.008920813279867691,-1.08,-0.0,0.0
0.3018820285797119,0.3,0.0,0.0,-0.005582082376899798,-0.008077245870323591,-0.010238105564349263,-1.08,-0.0,0.0
0.30193018913269043,0.3,0.0,0.0,-0.02219326074945241,-0.01993500074573573,-0.005072100207471998,-1.08,-0.0,0.0
0.3019700050354004,0.3,0.0,0.0,-0.0304616400293775,-0.010103992344940005,-0.0005967592293951625,-1.08,-0.0,0.0
0.3020145893096924,0.3,0.0,0.0,-0.01306047154932215,-0.007162069582599485,-0.005262961538872045,-1.08,-0.0,0.0
0.3020493984222412,0.3,0.0,0.0,-0.016082741520172177,-0.01424949849745031,0.001945929490210192,-1.08,-0.0,0.0
0.30208325386047363,0.3,0.0,0.0,-0.01680994588677489,-0.015218860513876577,-0.011320273403103322,-1.08,-0.0,0.0
0.3431122303009033,0.3,0.0,0.0,-0.013572595846360365,-0.016578651162841303,0.0014940438361424,-1.08,-0.0,0.0
0.34324026107788086,0.3,0.0,0.0,0.005572152307129623,-0.037236218000515145,0.0013630328869791758,-1.08,-0.0,0.0
0.3432950973510742,0.3,0.0,0.0,0.0045424266512151526,-0.0455236442988901,-0.00042831994578455465,-1.08,-0.0,0.0
0.3435640335083008,0.3,0.0,0.0,0.011486616427690307,-0.029302397110625048,-0.0035604733669617485,-1.08,-0.0,0.0
0.3436317443847656,0.3,0.0,0.0,-0.006532032860043734,-0.028138868984705988,-0.015463466530896166,-1.08,-0.0,0.0
0.34367847442626953,0.3,0.0,0.0,-0.024384854913081403,-0.016952058907123306,-0.010875470043103639,-1.08,-0.0,0.0
0.3437356948852539,0.3,0.0,0.0,-0.02773356241672183,-0.017619577768272658,-0.010854513452578825,-1.08,-0.0,0.0
0.34377264976501465,0.3,0.0,0.0,-0.02614416453178178,-0.007497041577664007,-0.011149756112352568,-1.08,-0.0,0.0
0.3438072204589844,0.3,0.0,0.0,-0.011850438059536152,-0.012183504591098094,-0.012989723063552361,-1.08,-0.0,0.0
0.3438417911529541,0.3,0.0,0.0,0.003722277819553045,-0.012177115078214203,-0.007733671380185072,-1.08,-0.0,0.0
0.385051965713501,0.3,0.0,0.0,0.018750658265166992,-0.012365082972277472,-0.0056393687850741754,-1.08,-0.0,0.0
0.38518691062927246,0.3,0.0,0.0,0.01791443723233004,-0.01845371653337479,0.0014510058064844495,-1.08,-0.0,0.0
0.38524556159973145,0.3,0.0,0.0,0.014557395444803351,-0.014329881714614414,0.004019929193212472,-1.08,-0.0,0.0
0.385286808013916,0.3,0.0,0.0,-0.000628649158366343,-0.017609844212807715,-0.004660974879014622,-1.08,-0.0,0.0
0.3853263854980469,0.3,0.0,0.0,-0.007417311444699052,-0.020280871157785405,-0.007967412674611233,-1.08,-0.0,0.0
0.3853635787963867,0.3,0.0,0.0,-0.00664464054243728,-0.01243043510004658,-0.007216246892604386,-1.08,-0.0,0.0
0.38539958000183105,0.3,0.0,0.0,-0.015563612962392564,-0.009171243864507794,-0.011261422904210092,-1.08,-0.0,0.0
0.3854362964630127,0.3,0.0,0.0,-0.003801875319266115,-0.00849957754177776,-0.016669514217557514,-1.08,-0.0,0.0
0.3854706287384033,0.3,0.0,0.0,-0.0016423587901709998,-0.012882057764276002,-0.004693378639173472,-1.08,-0.0,0.0
0.38550734519958496,0.3,0.0,0.0,-0.01709897788477159,-0.004857656341885723,-0.004988802485316738,-1.08,-0.0,0.0
0.42662858963012695,0.3,0.0,0.0,-0.026376544447115666,-0.004442649724269303,0.002718459440016971,-1.08,-0.0,0.0
0.4267611503601074,0.3,0.0,0.0,-0.014113276364446805,0.00024797335726035804,-1.2603280723225306e-05,-1.08,-0.0,0.0
0.42682886123657227,0.3,0.0,0.0,0.008109484951933095,-0.0028718614372232176,0.0034219680422738936,-1.08,-0.0,0.0
0.42687129974365234,0.3,0.0,0.0,0.0026343839543704907,-0.008167350790259216,0.0033016407046877606,-1.08,-0.0,0.0
0.42691493034362793,0.3,0.0,0.0,-0.01565737508433922,-0.013291239162336394,0.0037586523722876425,-1.08,-0.0,0.0
0.42695188522338867,0.3,0.0,0.0,-0.02076196503164284,-0.01017589111665772,-0.006681202413088172,-1.08,-0.0,0.0
0.42699694633483887,0.3,0.0,0.0,-0.003012831504399725,-0.009878795575744748,-0.006142496374646593,-1.08,-0.0,0.0
0.4270346164703369,0.3,0.0,0.0,-0.0037215786700782014,-0.011808272265603329,-0.010721231585141986,-1.08,-0.0,0.0
0.4270768165588379,0.3,0.0,0.0,-0.004108574745631795,-0.020864692354266846,-0.005937763841955648,-1.08,-0.0,0.0
0.427112340927124,0.3,0.0,0.0,-0.024246186429772224,-0.009627345271149893,-0.006849593516370584,-1.08,-0.0,0.0
0.47852444648742676,0.3,0.0,0.0,-0.016990622736514326,-0.0006103967675435586,-0.0037437535580210485,-1.08,-0.0,0.0
0.4786686897277832,0.3,0.0,0.0,-0.008964942364865636,-0.011175707156155455,-0.003946909815896664,-1.08,-0.0,0.0
0.47872018814086914,0.3,0.0,0.0,0.005094851550930078,-0.012162723730237393,-0.007924327349540182,-1.08,-0.0,0.0
0.47876763343811035,0.3,0.0,0.0,-0.0018249388773841477,-0.0032617808744256653,0.0002326987054185826,-1.08,-0.0,0.0
0.4788084030151367,0.3,0.0,0.0,-0.004742985117261346,-0.010214933883598279,-0.002219044113680745,-1.08,-0.0,0.0
0.47884607315063477,0.3,0.0,0.0,-0.0172077868699791,-0.007268161649578903,-0.006874798933686925,-1.08,-0.0,0.0
0.4788818359375,0.3,0.0,0.0,-0.002291080136366574,-0.019443376577131702,-0.014827142300460474,-1.08,-0.0,0.0
0.47892045974731445,0.3,0.0,0.0,0.011671485093000176,-0.018187143163265376,-0.008976205834260141,-1.08,-0.0,0.0
0.4791111946105957,0.3,0.0,0.0,0.006770402084260897,-0.022273829632012472,-0.007061613700502503,-1.08,-0.0,0.0
0.4794039726257324,0.3,0.0,0.0,-0.0017471486105284412,-0.0212260174327759,-0.004963268643671858,-1.08,-0.0,0.0
0.5204110145568848,0.3,0.0,0.0,-0.012359005244048902,-0.03123611704957702,-0.0019160833172071185,-1.08,-0.0,0.0
0.5205478668212891,0.3,0.0,0.0,-0.023336283188509777,-0.025058795716106613,-0.014344199805304509,-1.08,-0.0,0.0
0.520601749420166,0.3,0.0,0.0,-0.031352305528464214,-0.011751230140402974,-0.010036975669816933,-1.08,-0.0,0.0
0.520646333694458,0.3,0.0,0.0,-0.03358444218225265,-0.017263599886461096,-0.014853527259775793,-1.08,-0.0,0.0
0.5206918716430664,0.3,0.0,0.0,-0.032683265501401736,-0.013252947974010837,-0.003482034416876637,-1.08,-0.0,0.0
0.5207316875457764,0.3,0.0,0.0,-0.008046324902037261,-0.0011365056942680195,-0.004276439516652979,-1.08,-0.0,0.0
0.5207726955413818,0.3,0.0,0.0,0.011697531800801577,-0.011022566010676239,-0.007958141561167136,-1.08,-0.0,0.0
0.5208134651184082,0.3,0.0,0.0,-0.010047502719641235,-0.019818450711739474,-0.00939574461919791,-1.08,-0.0,0.0
0.5208530426025391,0.3,0.0,0.0,-0.021335889639920145,-0.016569120596050778,-0.005160285371844679,-1.08,-0.0,0.0
0.520890474319458,0.3,0.0,0.0,-0.011439983128601653,-0.014200960806784211,0.0017403911820351597,-1.08,-0.0,0.0
0.5619583129882812,0.3,0.0,0.0,-0.02124516523214668,-0.017716031873063726,-0.00045685837589508853,-1.08,-0.0,0.0
0.5620942115783691,0.3,0.0,0.0,-0.031031685688742462,-0.013523580830408267,2.3632856173541116e-06,-1.08,-0.0,0.0
0.562157154083252,0.3,0.0,0.0,-0.01986358400891879,-0.008975663419025821,-0.002197310344940214,-1.08,-0.0,0.0
0.5622034072875977,0.3,0.0,0.0,-0.004244679694271696,-0.012780251016239707,-0.0006742467965473778,-1.08,-0.0,0.0
0.5622467994689941,0.3,0.0,0.0,-0.01011716876008298,-0.007210047921406692,0.0017205169322252367,-1.08,-0.0,0.0
0.5622913837432861,0.3,0.0,0.0,0.001735898732428598,-0.015241303023222956,-0.0048967227517140175,-1.08,-0.0,0.0
0.5623338222503662,0.3,0.0,0.0,0.008214419022692994,-0.025365214307256252,-0.0010792688664587047,-1.08,-0.0,0.0
0.5623750686645508,0.3,0.0,0.0,-0.008567159062344459,-0.023224445894353775,-0.013893127805301702,-1.08,-0.0,0.0
0.562415361404419,0.3,0.0,0.0,-0.007853603725192155,-0.018464657098812027,-0.0104920420710552,-1.08,-0.0,0.0
0.6037445068359375,0.3,0.0,0.0,0.005276689513104745,-0.02307914026638869,-0.005582727847589949,-1.08,-0.0,0.0
0.6038861274719238,0.3,0.0,0.0,0.01827716782950896,-0.004230134784211446,-0.008984746897272149,-1.08,-0.0,0.0
0.6039385795593262,0.3,0.0,0.0,0.014861314980882263,-0.015832872812426613,-0.0124620590533981,-1.08,-0.0,0.0
0.603980541229248,0.3,0.0,0.0,-0.0024000184482943446,-0.011534278764431378,-0.013516327799757893,-1.08,-0.0,0.0
0.604027271270752,0.3,0.0,0.0,-0.01786157415965274,-0.007937885513567104,-0.007455828561934972,-1.08,-0.0,0.0
0.6040704250335693,0.3,0.0,0.0,0.0006694626243796499,-0.007678153375895466,-0.010025059705324421,-1.08,-0.0,0.0
0.6041111946105957,0.3,0.0,0.0,0.010060588991898555,-0.014741571028759223,-0.012253955390733323,-1.08,-0.0,0.0
0.6042001247406006,0.3,0.0,0.0,0.01803662227576837,0.00013773400619552682,-0.008953164010577531,-1.08,-0.0,0.0
0.6042473316192627,0.3,0.0,0.0,0.0064672143615356215,-0.01821312632490737,-0.009373738307468078,-1.08,-0.0,0.0
0.6042866706848145,0.3,0.0,0.0,-0.00932061611258003,-0.009465000540181078,-0.017085305937545713,-1.08,-0.0,0.0
0.6454641819000244,0.3,0.0,0.0,-0.018143251623168825,-0.0184909959489287,-0.017522379421857803,-1.08,-0.0,0.0
0.6455831527709961,0.3,0.0,0.0,-0.026537590454019426,-0.03228755861079845,-0.011759138757138507,-1.08,-0.0,0.0
0.6456222534179688,0.3,0.0,0.0,-0.036392003699114564,-0.007359250156253851,-0.010266149654421693,-1.08,-0.0,0.0
0.6456542015075684,0.3,0.0,0.0,-0.030144305910689125,-0.006258755448154761,-0.005891107253307076,-1.08,-0.0,0.0
0.6456804275512695,0.3,0.0,0.0,-0.005743546444042419,-0.017506560953181254,-0.003099707762360788,-1.08,-0.0,0.0
0.6457068920135498,0.3,0.0,0.0,-0.016773721998119592,-0.023529675509939004,0.0006066874806985929,-1.08,-0.0,0.0
0.6459090709686279,0.3,0.0,0.0,-0.01716367050417174,-0.005087256272608354,0.00221137127436083,-1.08,-0.0,0.0
0.6459550857543945,0.3,0.0,0.0,-0.008165099624860629,-0.013486279095729466,-0.00883459763164252,-1.08,-0.0,0.0
0.6459825038909912,0.3,0.0,0.0,-0.010864517261679862,-0.011638985398963627,-0.0008272436377164693,-1.08,-0.0,0.0
0.6460123062133789,0.3,0.0,0.0,-0.008973180707392453,-0.012398854807152436,0.0016318861346269824,-1.08,-0.0,0.0
0.6875064373016357,0.3,0.0,0.0,-0.021513637520984286,-0.013634242409534567,0.0010047811124545146,-1.08,-0.0,0.0
0.6876261234283447,0.3,0.0,0.0,-0.022968984872662294,-0.002885116529431882,-0.004095037992333417,-1.08,-0.0,0.0
0.6876623630523682,0.3,0.0,0.0,-0.005992155758436127,0.002737380068383891,9.668533671756332e-05,-1.08,-0.0,0.0
0.6877012252807617,0.3,0.0,0.0,-0.012933851384992043,-0.0016637838305321884,-0.0012109131804022445,-1.08,-0.0,0.0
0.6877334117889404,0.3,0.0,0.0,-0.015676528422395995,-0.004907591877587482,-0.00353653235483157,-1.08,-0.0,0.0
0.6877615451812744,0.3,0.0,0.0,-0.008432632024671307,-0.0018027005544912567,0.0023187135326520965,-1.08,-0.0,0.0
0.6877894401550293,0.3,0.0,0.0,-0.014649502237066002,-0.023163731239171283,0.002438850345516248,-1.08,-0.0,0.0
0.687816858291626,0.3,0.0,0.0,-0.014066274127446965,-0.01867589036137841,-0.0033664776982008757,-1.08,-0.0,0.0
0.6878409385681152,0.3,0.0,0.0,-0.009480189410186284,-0.010862609404068444,-0.007231675336921672,-1.08,-0.0,0.0
0.6878700256347656,0.3,0.0,0.0,-0.016856898742557542,-0.013738734359853413,-0.0025120161019427573,-1.08,-0.0,0.0
0.7294301986694336,0.3,0.0,0.0,0.000980859989623904,-0.01629288693086182,-0.0028001716379549004,-1.08,-0.0,0.0
0.7295680046081543,0.3,0.0,0.0,-0.005519261038495662,-0.016042818781099664,-0.0047001820522579165,-1.08,-0.0,0.0
0.729625940322876,0.3,0.0,0.0,0.002320710931339845,-0.012891963582643877,-0.008125586832101987,-1.08,-0.0,0.0
0.7296714782714844,0.3,0.0,0.0,0.009933162371516624,-0.0027924476075446925,0.0005909703034748569,-1.08,-0.0,0.0
0.7297191619873047,0.3,0.0,0.0,-0.001906512405481951,-0.013664939139661459,-0.001933298503583707,-1.08,-0.0,0.0
0.7297565937042236,0.3,0.0,0.0,-0.006826550981625388,-0.015998025293247814,0.004314998167817872,-1.08,-0.0,0.0
0.7298991680145264,0.3,0.0,0.0,0.003151236166100385,-0.007704519214688078,0.00043514375595758416,-1.08,-0.0,0.0
0.7299542427062988,0.3,0.0,0.0,-0.008227857263900592,0.00023353886517688363,-0.005581123324939605,-1.08,-0.0,0.0
0.7299928665161133,0.3,0.0,0.0,-0.0008651919604348813,-0.0065411937535472895,-0.0023383102261546425,-1.08,-0.0,0.0
0.7300341129302979,0.3,0.0,0.0,0.0029265086009331574,0.013813204976851056,-0.0011326432287199237,-1.08,-0.0,0.0
0.7711145877838135,0.3,0.0,0.0,-0.013106409334165826,0.007841171440229083,-0.005586242629036983,-1.08,-0.0,0.0
0.7712562084197998,0.3,0.0,0.0,-0.024679838910598443,-0.011007300328615962,-0.008601466837405031,-1.08,-0.0,0.0
0.771310567855835,0.3,0.0,0.0,-0.03139900582696889,-0.003851997059993695,-0.005731512249135639,-1.08,-0.0,0.0
0.771359920501709,0.3,0.0,0.0,-0.037618789117770175,-0.016093805021725634,-0.0022519328114022695,-1.08,-0.0,0.0
0.77140212059021,0.3,0.0,0.0,-0.036503553289245864,-0.006774112514763919,-0.011549778496143108,-1.08,-0.0,0.0
0.7714407444000244,0.3,0.0,0.0,-0.018278713726783108,-0.005530002743749206,-0.005722141621147097,-1.08,-0.0,0.0
0.7714803218841553,0.3,0.0,0.0,-0.01999962458519113,-0.008477101800509541,-0.00668396950143539,-1.08,-0.0,0.0
0.7715213298797607,0.3,0.0,0.0,-0.025463375677325196,-0.017880546566641037,0.0016597057229755545,-1.08,-0.0,0.0
0.7715590000152588,0.3,0.0,0.0,-0.021690394038523225,-0.01787373670094792,-0.004405881217433016,-1.08,-0.0,0.0
0.7715969085693359,0.3,0.0,0.0,-0.014964399081762031,-0.02212312933951549,-0.006085325120201746,-1.08,-0.0,0.0
0.8229506015777588,0.3,0.0,0.0,-0.015401322724009105,-0.014642524299644542,-0.00788246568843578,-1.08,-0.0,0.0
0.8230862617492676,0.3,0.0,0.0,-0.017170737738206127,-0.014088308042967798,-0.010549057026369026,-1.08,-0.0,0.0
0.8231353759765625,0.3,0.0,0.0,0.0026443310040216027,-0.021981507643830077,-0.006799950417603886,-1.08,-0.0,0.0
0.8231732845306396,0.3,0.0,0.0,0.017483567244308103,-0.03606727743825946,-0.0007590042358089531,-1.08,-0.0,0.0
0.8232235908508301,0.3,0.0,0.0,-0.010353497148317759,-0.013890297575871633,0.004747561537465091,-1.08,-0.0,0.0
0.8232648372650146,0.3,0.0,0.0,-0.011557283096980602,-0.02058572335144079,-0.003113428503919961,-1.08,-0.0,0.0
0.8233048915863037,0.3,0.0,0.0,-0.00923033849989784,-0.014270639079222259,-0.004129708111943996,-1.08,-0.0,0.0
0.8233437538146973,0.3,0.0,0.0,-0.01692366860307381,-0.024046964682396733,-0.0025507922726047154,-1.08,-0.0,0.0
0.8233838081359863,0.3,0.0,0.0,0.001993578233434546,-0.003852462923317131,-0.005449593820642484,-1.08,-0.0,0.0
0.8234236240386963,0.3,0.0,0.0,-0.006001129962786833,-0.002458440640776655,-0.01139546736646756,-1.08,-0.0,0.0
0.8645024299621582,0.3,0.0,0.0,-0.007003698526700819,-0.007103623640519974,-0.006839761579674046,-1.08,-0.0,0.0
0.8646292686462402,0.3,0.0,0.0,0.003455749332737692,-0.005549277406883593,-0.013106373129458088,-1.08,-0.0,0.0
0.8646774291992188,0.3,0.0,0.0,-0.015323477717370138,-0.016521685527158613,-0.009376819764984575,-1.08,-0.0,0.0
0.8647184371948242,0.3,0.0,0.0,-0.022955123085510443,-0.0083272073521971,-0.004757559927679395,-1.08,-0.0,0.0
0.864757776260376,0.3,0.0,0.0,-0.012368088380186479,-0.0138370143293962,-0.0010760487042204845,-1.08,-0.0,0.0
0.8648014068603516,0.3,0.0,0.0,-0.0036902383860816634,-0.011235126529172756,0.0006186885785878481,-1.08,-0.0,0.0
0.8648440837860107,0.3,0.0,0.0,-0.015011128630304271,-0.02474213054667495,-0.005754310516853024,-1.08,-0.0,0.0
0.8648831844329834,0.3,0.0,0.0,-0.024692358274029533,-0.014227088364628522,-0.006006171128398157,-1.08,-0.0,0.0
0.8649249076843262,0.3,0.0,0.0,-0.008062257387589809,-0.012963692115561698,-0.015509048328462524,-1.08,-0.0,0.0
0.8649606704711914,0.3,0.0,0.0,0.010328823492899914,-0.007998324095436143,-0.011162213345570339,-1.08,-0.0,0.0
0.9060592651367188,0.3,0.0,0.0,0.00612786951557951,-0.011789604641414432,-0.013306890247625106,-1.08,-0.0,0.0
0.9062025547027588,0.3,0.0,0.0,0.00844770625518328,-0.02202470625277374,-0.013563373400289716,-1.08,-0.0,0.0
0.9062573909759521,0.3,0.0,0.0,-0.009678851112228678,-0.023999310343140956,-0.002967834741587702,-1.08,-0.0,0.0
0.906303882598877,0.3,0.0,0.0,-0.019487204320833396,-0.009489663641318136,-0.007782940083830158,-1.08,-0.0,0.0
0.906343936920166,0.3,0.0,0.0,-0.0014023742684337486,-0.006461987126678091,-0.00666898274082444,-1.08,-0.0,0.0
0.9063851833343506,0.3,0.0,0.0,0.00903006984470431,-0.022307168189119736,-0.00801081278297155,-1.08,-0.0,0.0
0.9064273834228516,0.3,0.0,0.0,-0.004605869084371563,-0.01975120211837214,-0.012221387751205844,-1.08,-0.0,0.0
0.9064695835113525,0.3,0.0,0.0,0.0005091548475021413,-0.02814580631370323,-0.02091827015547196,-1.08,-0.0,0.0
0.9065072536468506,0.3,0.0,0.0,0.004597899068198335,-0.030163317261734143,-0.016682172247025243,-1.08,-0.0,0.0
0.9065425395965576,0.3,0.0,0.0,0.007499604183704847,-0.015354121540173682,-0.013508112296328333,-1.08,-0.0,0.0
0.9476900100708008,0.3,0.0,0.0,-0.0006691982536820527,-0.025377782896894976,-0.014137150611108951,-1.08,-0.0,0.0
0.9478280544281006,0.3,0.0,0.0,-0.012653196384867399,-0.007863804473188723,-0.018998286368422084,-1.08,-0.0,0.0
0.9478778839111328,0.3,0.0,0.0,-0.018057926920340812,-0.014366981321752015,-0.022849710386367357,-1.08,-0.0,0.0
0.9479200839996338,0.3,0.0,0.0,-0.013035565641247545,-0.006561154471874672,-0.010555335995268662,-1.08,-0.0,0.0
0.9479598999023438,0.3,0.0,0.0,-0.008594462523347553,-0.017135604010232373,-0.008107912329441991,-1.08,-0.0,0.0
0.9480023384094238,0.3,0.0,0.0,0.001025963171086456,-0.001464648458675376,-0.001681514942483542,-1.08,-0.0,0.0
0.9480428695678711,0.3,0.0,0.0,0.011819430252462147,-0.008339250326834803,-0.008826960176365433,-1.08,-0.0,0.0
0.9480812549591064,0.3,0.0,0.0,-0.006340041701798141,-0.008571202843193156,-0.005821416333180642,-1.08,-0.0,0.0
0.9484255313873291,0.3,0.0,0.0,-0.006870922253521383,-0.007119707882858572,-0.010249256232547922,-1.08,-0.0,0.0
0.9485006332397461,0.3,0.0,0.0,0.00543529971287685,-0.010948129120774433,-0.01569242342198563,-1.08,-0.0,0.0
0.9896197319030762,0.3,0.0,0.0,0.006198014109940275,-0.02117165588248429,-0.017190932067866063,-1.08,-0.0,0.0
0.9897589683532715,0.3,0.0,0.0,-0.005068171043301371,-0.02352468671073106,-0.01802392200529683,-1.08,-0.0,0.0
0.989814043045044,0.3,0.0,0.0,-0.008493058223634137,-0.01684384822963618,-0.01230840715125686,-1.08,-0.0,0.0
0.9898545742034912,0.3,0.0,0.0,-0.008772078112099752,-0.00825693031643452,-0.003743058250577671,-1.08,-0.0,0.0
0.9898984432220459,0.3,0.0,0.0,0.0084747163047027,-0.0052168524029888716,-0.0014277457783742826,-1.08,-0.0,0.0
0.990229606628418,0.3,0.0,0.0,-0.001197645215327063,-0.00405844155473739,0.00016716160105882146,-1.08,-0.0,0.0
0.990300178527832,0.3,0.0,0.0,0.011365069773166741,-0.009410528802083633,-0.008224128754980091,-1.08,-0.0,0.0
0.9903504848480225,0.3,0.0,0.0,0.0014326553297204449,-0.012739376735157083,-0.014250600319179593,-1.08,-0.0,0.0
0.990391731262207,0.3,0.0,0.0,0.0007681199716758927,-0.011341825363350046,-0.009868524152490931,-1.08,-0.0,0.0
0.9904298782348633,0.3,0.0,0.0,0.0007637805549522503,-0.013214567976983942,-0.005241999202446165,-1.08,-0.0,0.0
1.031735897064209,0.3,0.0,0.0,0.00013720379659679354,-0.005379040572969496,-0.007949265147839193,-1.08,-0.0,0.0
1.0318787097930908,0.3,0.0,0.0,-0.002069403941816327,-0.005469725493099501,-0.0009245059052771024,-1.08,-0.0,0.0
1.0319304466247559,0.3,0.0,0.0,-0.01570532877879078,-0.004645713019866714,-0.0027643207888219724,-1.08,-0.0,0.0
1.0319721698760986,0.3,0.0,0.0,-0.023874547560909502,-0.011535154046626042,-0.008076502853168074,-1.08,-0.0,0.0
1.0321528911590576,0.3,0.0,0.0,-0.015450097155155225,-0.007058649306158797,-0.00673609716282178,-1.08,-0.0,0.0
1.0322492122650146,0.3,0.0,0.0,-0.01169090509043178,-0.017820770709151307,-0.0007768129389689675,-1.08,-0.0,0.0
1.0323021411895752,0.3,0.0,0.0,-0.005713924513233303,-0.007879357080896534,0.0007248197094130783,-1.08,-0.0,0.0
1.0323395729064941,0.3,0.0,0.0,-0.010811715254522198,-0.012464182604617272,0.0033113623414768585,-1.08,-0.0,0.0
1.0323748588562012,0.3,0.0,0.0,-0.016113810068790185,-0.025575034822508804,0.0032701883662864008,-1.08,-0.0,0.0
1.03240966796875,0.3,0.0,0.0,-0.03080672108109702,-0.01929485072995853,-0.003795506064474577,-1.08,-0.0,0.0
1.0736098289489746,0.3,0.0,0.0,-0.01964740224855729,-0.01915312564243422,-0.00959218779127688,-1.08,-0.0,0.0
1.0737416744232178,0.3,0.0,0.0,-0.003414505489694761,-0.02186360304593077,-0.010709655760606004,-1.08,-0.0,0.0
1.0738003253936768,0.3,0.0,0.0,-0.005246439338845789,-0.020957653621266687,-0.006058285646257853,-1.08,-0.0,0.0
1.0738470554351807,0.3,0.0,0.0,-0.019855112593449097,-0.012747805792000745,-0.009435165023019408,-1.08,-0.0,0.0
1.073887586593628,0.3,0.0,0.0,-0.00934731734430177,-0.017116416483070628,-0.011473236717432665,-1.08,-0.0,0.0
1.0739281177520752,0.3,0.0,0.0,-0.0026810803693577217,-0.012310903786150624,-0.011602889691700442,-1.08,-0.0,0.0
1.0740361213684082,0.3,0.0,0.0,-0.007797558218927783,-0.01752348131593126,-0.007498709730856852,-1.08,-0.0,0.0
1.0741467475891113,0.3,0.0,0.0,-0.002680133145146401,-0.005155977578158697,-0.0019841760523565187,-1.08,-0.0,0.0
1.0742719173431396,0.3,0.0,0.0,0.006176382447967889,-0.0055833686740574965,0.0035861310956196084,-1.08,-0.0,0.0
1.115349292755127,0.3,0.0,0.0,0.016198414340085086,-0.002355936715141388,0.0025576375215317225,-1.08,-0.0,0.0
1.1154780387878418,0.3,0.0,0.0,0.02557164619108788,-0.01197339587060697,-0.007251522480022762,-1.08,-0.0,0.0
1.1155288219451904,0.3,0.0,0.0,0.019631371116694545,-0.006852550505725863,0.001249933957847347,-1.08,-0.0,0.0
1.1155729293823242,0.3,0.0,0.0,0.006011667446989271,-0.014130684635776667,0.0013089553841514308,-1.08,-0.0,0.0
1.1156749725341797,0.3,0.0,0.0,-0.0014472005683397726,-0.011553097357842658,0.001957927457431558,-1.08,-0.0,0.0
1.115734338760376,0.3,0.0,0.0,-0.002169162700850611,-0.02112581528664538,-0.0014522403191282347,-1.08,-0.0,0.0
1.1159133911132812,0.3,0.0,0.0,-0.018176234158236538,-0.01737512310157526,-0.004943669239052798,-1.08,-0.0,0.0
1.116192102432251,0.3,0.0,0.0,-0.024570911254779264,-0.010346771756735068,-0.008975797163370483,-1.08,-0.0,0.0
1.1162664890289307,0.3,0.0,0.0,-0.030434417514722107,-0.01144588030296778,-0.01072237648678186,-1.08,-0.0,0.0
1.1163113117218018,0.3,0.0,0.0,-0.02538828638466396,-0.004370808026431662,-0.011469041151025056,-1.08,-0.0,0.0
1.1675300598144531,0.3,0.0,0.0,-0.016853211483818863,-0.017251352633621198,-0.008614399230884966,-1.08,-0.0,0.0
1.167661428451538,0.3,0.0,0.0,-0.010789327385811995,-0.017707336636630225,-0.006001949298334092,-1.08,-0.0,0.0
1.1677169799804688,0.3,0.0,0.0,-0.007357390651336785,-0.003615518364041364,0.0017311220543191413,-1.08,-0.0,0.0
1.1677601337432861,0.3,0.0,0.0,0.000788272855744744,-0.007296000206393181,1.6467148526858523e-05,-1.08,-0.0,0.0
1.1678078174591064,0.3,0.0,0.0,-0.0006295113136577997,0.004677896504644079,-0.00870701642449726,-1.08,-0.0,0.0
1.1678466796875,0.3,0.0,0.0,-0.0072801628523595455,0.0016931986304502494,-0.006846087438966224,-1.08,-0.0,0.0
1.1678850650787354,0.3,0.0,0.0,-0.01813099725351237,-0.004866526229692284,-0.006474866410735821,-1.08,-0.0,0.0
1.1679208278656006,0.3,0.0,0.0,-0.023369694409452548,-0.002243369614725766,-0.0007516107325427423,-1.08,-0.0,0.0
1.167963981628418,0.3,0.0,0.0,-0.030248963408380524,-0.0028119524738282066,-0.006831241027366645,-1.08,-0.0,0.0
1.1680045127868652,0.3,0.0,0.0,-0.00755110298617579,-0.00843766309582118,-0.005035990898131568,-1.08,-0.0,0.0
1.2090187072753906,0.3,0.0,0.0,0.00042089833812500007,-0.006678428707545216,-0.0010537649542933228,-1.08,-0.0,0.0
1.2091567516326904,0.3,0.0,0.0,-0.00015877779741421406,0.006517020221649997,-0.00887409179163282,-1.08,-0.0,0.0
1.2092156410217285,0.3,0.0,0.0,0.0023215186572816326,-0.018034657747990387,-0.0026272119711805773,-1.08,-0.0,0.0
1.2092561721801758,0.3,0.0,0.0,-0.0027670391451982655,-0.010160401584645333,-0.007912862155284636,-1.08,-0.0,0.0
1.2092986106872559,0.3,0.0,0.0,0.0030539241073900014,-0.010586542681077464,-0.0026009301388077517,-1.08,-0.0,0.0
1.2093403339385986,0.3,0.0,0.0,0.00464126316752041,-0.00893476583781814,-0.0012389603115498236,-1.08,-0.0,0.0
1.2093825340270996,0.3,0.0,0.0,-0.005273889545689696,-0.022521073829889094,-0.0011783401723681126,-1.08,-0.0,0.0
1.209423303604126,0.3,0.0,0.0,-0.00987809879969747,-0.016086398662657743,-0.0020107283907589797,-1.08,-0.0,0.0
1.209463119506836,0.3,0.0,0.0,-0.011171199003169398,-0.021414933307563166,-0.007911529158720568,-1.08,-0.0,0.0
1.2095084190368652,0.3,0.0,0.0,-0.021217766358322374,-0.01597611901693479,-0.00199849758985335,-1.08,-0.0,0.0
1.2505154609680176,0.3,0.0,0.0,-0.020716025757771154,-0.018958892407893915,-0.00020837182678683472,-1.08,-0.0,0.0
1.250645399093628,0.3,0.0,0.0,-0.015642004995904613,-0.016809731487840786,-0.0031224400116356137,-1.08,-0.0,0.0
1.2506933212280273,0.3,0.0,0.0,-0.01747284933407086,-0.013126602644657443,0.002273838649855773,-1.08,-0.0,0.0
1.2507412433624268,0.3,0.0,0.0,-0.020943638188876852,-0.01817684531469036,-0.004869181805465656,-1.08,-0.0,0.0
1.2507789134979248,0.3,0.0,0.0,-0.02194629161419005,-0.0171973613082919,-0.007890662339309046,-1.08,-0.0,0.0
1.2508141994476318,0.3,0.0,0.0,-0.014415658267383804,-0.002854767413037732,-0.011715718559150054,-1.08,-0.0,0.0
1.2508668899536133,0.3,0.0,0.0,-0.014309078537092738,-0.016982149378468432,-0.006171143684595884,-1.08,-0.0,0.0
1.2509148120880127,0.3,0.0,0.0,-0.024472610543912712,-0.018704347440588215,-0.009669536957937503,-1.08,-0.0,0.0
1.2509551048278809,0.3,0.0,0.0,-0.016158940332687617,-0.005069174926954327,-0.010234547741698465,-1.08,-0.0,0.0
1.2509937286376953,0.3,0.0,0.0,0.0005562715045673987,-0.011173264892573464,-0.010771188082572427,-1.08,-0.0,0.0
1.2919862270355225,0.3,0.0,0.0,0.013455253441139426,0.006115240392841742,-0.012613630852566676,-1.08,-0.0,0.0
1.2926726341247559,0.3,0.0,0.0,0.014128795182493525,-0.00726205528217816,-0.003081806956145626,-1.08,-0.0,0.0
1.2927660942077637,0.3,0.0,0.0,-0.0016942710395294052,-0.015684685894325562,-0.004196701929192781,-1.08,-0.0,0.0
1.2928268909454346,0.3,0.0,0.0,0.003159825734983436,-0.018031088484788182,-0.003990671169161149,-1.08,-0.0,0.0
1.2930095195770264,0.3,0.0,0.0,0.0012240734051932093,-0.01615509949563922,0.0028497502183491108,-1.08,-0.0,0.0
1.2930703163146973,0.3,0.0,0.0,0.01194745719245315,-0.011708077628357936,0.0027767747087615187,-1.08,-0.0,0.0
1.2931220531463623,0.3,0.0,0.0,3.326695878259075e-05,-0.005089083144523048,-0.0012978134622319765,-1.08,-0.0,0.0
1.2932202816009521,0.3,0.0,0.0,-0.01118765141430994,-0.003302103626142513,0.0007339168167570097,-1.08,-0.0,0.0
1.2932775020599365,0.3,0.0,0.0,-0.022291055063051148,-0.010161789738658894,-0.003078249966222635,-0.8999999999999999,-0.0,0.0
1.293321132659912,0.3,0.0,0.0,-0.019710035490608787,-0.013275943393076872,0.006193781474666132,-0.8999999999999999,-0.0,0.0
1.334486484527588,0.3,0.0,0.0,-0.0035653792200198045,-0.004740930592216823,0.00792802804574249,-0.8999999999999999,-0.0,0.0
1.3346211910247803,0.3,0.0,0.0,-0.0030805650791973045,-0.01372648955682313,0.0002970235503096012,-0.8999999999999999,-0.0,0.0
1.3346748352050781,0.3,0.0,0.0,-0.004124176266085809,-0.01964982397041709,0.005964383819652436,-0.8999999999999999,-0.0,0.0
1.3347179889678955,0.3,0.0,0.0,-0.019253429804458103,-0.03372809273340751,0.0025281779011270887,-0.8999999999999999,-0.0,0.0
1.3350324630737305,0.3,0.0,0.0,-0.02613827168901926,-0.018977561820462115,-0.0016338971479805142,-0.8999999999999999,-0.0,0.0
1.3351287841796875,0.3,0.0,0.0,-0.032469568323240126,-0.017153930316997253,-0.004075099836390009,-0.8999999999999999,-0.0,0.0
1.3351852893829346,0.3,0.0,0.0,-0.012140195151126357,-0.011771870261077722,-0.0015919696120490503,-0.8999999999999999,-0.0,0.0
1.3352303504943848,0.3,0.0,0.0,0.004033037969280806,0.0006212641232511483,0.0007435706595903374,-0.8999999999999999,-0.0,0.0
1.335273265838623,0.3,0.0,0.0,0.004246632411480395,-0.012622886518217058,-0.004643459095778901,-0.8999999999999999,-0.0,0.0
1.3353209495544434,0.3,0.0,0.0,0.002596716181320228,-0.009020227692497992,-0.0018126285376130814,-0.8999999999999999,-0.0,0.0
1.3763651847839355,0.3,0.0,0.0,0.016273819473197056,-0.001531610977658422,0.00016848535491624267,-0.8999999999999999,-0.0,0.0
1.3765017986297607,0.3,0.0,0.0,0.023832004465565087,-0.014720829159320525,0.0012073213832705112,-0.8999999999999999,-0.0,0.0
1.3765630722045898,0.3,0.0,0.0,0.016993272920347715,-0.005245461015245002,-0.0032225276138728816,-0.8999999999999999,-0.0,0.0
1.3766050338745117,0.3,0.0,0.0,0.0005715534305165391,-0.023721838881645342,-0.0014263315268601745,-0.8999999999999999,-0.0,0.0
1.3766460418701172,0.3,0.0,0.0,-0.007896910743302695,-0.010313191223790425,-0.008059601478095752,-0.8999999999999999,-0.0,0.0
1.3766980171203613,0.3,0.0,0.0,-0.009460776011388202,-0.010076135477587966,-0.008434716108501125,-0.8999999999999999,-0.0,0.0
1.3767433166503906,0.3,0.0,0.0,-0.017811228650006096,-0.02099176502648453,-0.007138823239143597,-0.8999999999999999,-0.0,0.0
1.3767821788787842,0.3,0.0,0.0,-0.025977065468048777,-0.011254495031862285,-0.00844268799122988,-0.8999999999999999,-0.0,0.0
1.3768246173858643,0.3,0.0,0.0,-0.018367987558216236,-0.026579856428641482,-0.013820474585229652,-0.8999999999999999,-0.0,0.0
1.3768656253814697,0.3,0.0,0.0,-0.0018385020259040923,-0.019492216964854474,-0.014890242087182957,-0.8999999999999999,-0.0,0.0
1.418050765991211,0.3,0.0,0.0,0.009938271530905065,-0.010081394404781278,-0.002167416747133926,-0.8999999999999999,-0.0,0.0
1.4184057712554932,0.3,0.0,0.0,0.013801054320151425,-0.008938992395024558,-0.00034744954989604553,-0.8999999999999999,-0.0,0.0
1.4184973239898682,0.3,0.0,0.0,0.011997418356474549,-0.004447374360004831,0.0020837826357222988,-0.8999999999999999,-0.0,0.0
1.4185490608215332,0.3,0.0,0.0,0.014448715723768988,-0.0076388023188199775,0.0005601131449438586,-0.8999999999999999,-0.0,0.0
1.418593406677246,0.3,0.0,0.0,0.019938249146825016,-0.00890758452115073,-0.00030764252111856253,-0.8999999999999999,-0.0,0.0
1.418635606765747,0.3,0.0,0.0,0.014593169856121736,-0.011321519151308256,0.0032810548355865178,-0.8999999999999999,-0.0,0.0
1.4186756610870361,0.3,0.0,0.0,0.011138054953423399,-0.024090432363355955,-0.00634427324919441,-0.8999999999999999,-0.0,0.0
1.4187147617340088,0.3,0.0,0.0,-0.007403832963870542,-0.008378498718704172,-0.006465360914979144,-0.8999999999999999,-0.0,0.0
1.4187569618225098,0.3,0.0,0.0,-0.01943769951721187,-0.020918786654777786,-0.004805274381250866,-0.8999999999999999,-0.0,0.0
1.4188437461853027,0.3,0.0,0.0,-0.028481599541087227,-0.01272404762072369,-0.004298735730132682,-0.8999999999999999,-0.0,0.0
1.459904670715332,0.3,0.0,0.0,-0.03334133310940937,-0.024178856945998535,-0.00499189393580122,-0.8999999999999999,-0.0,0.0
1.4602863788604736,0.3,0.0,0.0,-0.03891302264027918,-0.017835933451061887,-0.010097687636070043,-0.8999999999999999,-0.0,0.0
1.4604387283325195,0.3,0.0,0.0,-0.03378774150700938,-0.014796444036257217,-0.01147237444413679,-0.8999999999999999,-0.0,0.0
1.460522174835205,0.3,0.0,0.0,-0.03524307006202805,-0.011844458513962722,-0.005800679006530203,-0.8999999999999999,-0.0,0.0
1.4605720043182373,0.3,0.0,0.0,-0.03011570952170213,-0.0051001334224230034,-0.013858762139758797,-0.8999999999999999,-0.0,0.0
1.4606115818023682,0.3,0.0,0.0,-0.030872158235487692,-0.003382761001692198,-0.002482968679826129,-0.8999999999999999,-0.0,0.0
1.46065092086792,0.3,0.0,0.0,-0.008785376167384095,-0.018593904204950686,-0.005938286236604414,-0.8999999999999999,-0.0,0.0
1.4606881141662598,0.3,0.0,0.0,0.0036089630378983335,-0.007859120420080018,-0.006970332903770018,-0.8999999999999999,-0.0,0.0
1.4607248306274414,0.3,0.0,0.0,0.0036494402768392476,-0.010898077791552602,-8.829859147809255e-05,-0.8999999999999999,-0.0,0.0
1.4607713222503662,0.3,0.0,0.0,-0.017296061100256915,-0.0027159889837908074,-0.008926265614059339,-0.8999999999999999,-0.0,0.0
1.5119187831878662,0.3,0.0,0.0,-0.014064583616282144,-0.022789538881130767,-0.015009117705652499,-0.8999999999999999,-0.0,0.0
1.5120513439178467,0.3,0.0,0.0,0.0010466285969772345,-0.01739379532968173,-0.008814758588225682,-0.8999999999999999,-0.0,0.0
1.5121097564697266,0.3,0.0,0.0,0.01338550356356994,-0.0045367013677650074,-0.00815860573188517,-0.8999999999999999,-0.0,0.0
1.5121967792510986,0.3,0.0,0.0,0.020245558610034662,-0.006835231357404913,-0.012855778027233021,-0.8999999999999999,-0.0,0.0
1.5122466087341309,0.3,0.0,0.0,0.012167153638401483,-0.0025160621657512854,-0.0106989227668537,-0.8999999999999999,-0.0,0.0
1.5122895240783691,0.3,0.0,0.0,0.011404114199564183,-0.003718122137369098,9.856400433329799e-05,-0.8999999999999999,-0.0,0.0
1.5123388767242432,0.3,0.0,0.0,0.0036039646874858906,-0.023016910856080115,-0.007782448318801429,-0.8999999999999999,-0.0,0.0
1.5123836994171143,0.3,0.0,0.0,-0.009451643334109557,-0.030482512647898592,-0.00790784128217982,-0.8999999999999999,-0.0,0.0
1.512425422668457,0.3,0.0,0.0,-0.005101880102425811,-0.018794494453495722,-0.009748786491770974,-0.8999999999999999,-0.0,0.0
1.512467384338379,0.3,0.0,0.0,0.005160772099430792,-0.0027120250239883177,-0.006182177688066108,-0.8999999999999999,-0.0,0.0
1.553541660308838,0.3,0.0,0.0,-0.00857854957681316,-0.008666977495981585,0.00520021115031527,-0.8999999999999999,-0.0,0.0
1.553682804107666,0.3,0.0,0.0,-0.005070029153840158,-0.005241261039084363,-0.00843014956279188,-0.8999999999999999,-0.0,0.0
1.553739309310913,0.3,0.0,0.0,0.005150288849429228,0.005370473288770949,-0.011234734467788226,-0.8999999999999999,-0.0,0.0
1.5537803173065186,0.3,0.0,0.0,-0.00859244320955619,-0.015144058172078426,-0.005292343413411633,-0.8999999999999999,-0.0,0.0
1.553819179534912,0.3,0.0,0.0,-0.018404319977399285,-0.003672193970796208,-0.007949419920320527,-0.8999999999999999,-0.0,0.0
1.5541372299194336,0.3,0.0,0.0,-0.019888684829435222,-0.017566911076806888,-0.005567716372062462,-0.8999999999999999,-0.0,0.0
1.554396152496338,0.3,0.0,0.0,-0.0131614091301659,-0.02213538023736006,-0.004236256923183334,-0.8999999999999999,-0.0,0.0
1.5545263290405273,0.3,0.0,0.0,0.0018847791748893832,-0.016663341739563412,-0.0097010465534818,-0.8999999999999999,-0.0,0.0
1.5545828342437744,0.3,0.0,0.0,0.009898357057606853,-0.011040825809251325,0.0025743481964962257,-0.8999999999999999,-0.0,0.0
1.554626226425171,0.3,0.0,0.0,0.011540613985110098,-0.012970976331348893,0.001384269727205695,-0.8999999999999999,-0.0,0.0
1.5959949493408203,0.3,0.0,0.0,-0.014777462356956053,-0.0015781839872860003,8.445401519331643e-05,-0.8999999999999999,-0.0,0.0
1.596179723739624,0.3,0.0,0.0,-0.025481903923091933,-0.009236558150766004,0.00035568723484182956,-0.8999999999999999,-0.0,0.0
1.596236228942871,0.3,0.0,0.0,-0.0343716763704594,-0.009831097196497895,-0.0003457627595523927,-0.8999999999999999,-0.0,0.0
1.5962738990783691,0.3,0.0,0.0,-0.026875228392889083,-0.02406366823699703,0.00011438547827535462,-0.8999999999999999,-0.0,0.0
1.5963084697723389,0.3,0.0,0.0,-0.025674230365939518,-0.006025219911909352,-0.002527076538925845,-0.8999999999999999,-0.0,0.0
1.5963423252105713,0.3,0.0,0.0,-0.007047660327449138,-0.009186333374370647,0.002373615228994417,-0.8999999999999999,-0.0,0.0
1.5963740348815918,0.3,0.0,0.0,-0.008352807643406039,-0.01882137693604349,-0.006798793824220325,-0.8999999999999999,-0.0,0.0
1.5964038372039795,0.3,0.0,0.0,-0.01725852678911492,-0.010207651757171478,-0.0070757961367705685,-0.8999999999999999,-0.0,0.0
1.5964350700378418,0.3,0.0,0.0,-0.012802759869467049,-0.017131643070649814,-0.006223512184273716,-0.8999999999999999,-0.0,0.0
1.5964655876159668,0.3,0.0,0.0,0.001322480080051305,-0.006027328777984382,-0.0020337094624832516,-0.8999999999999999,-0.0,0.0
1.6377708911895752,0.3,0.0,0.0,0.008196704571921556,-0.008147089235662505,-0.0029598111781887686,-0.8999999999999999,-0.0,0.0
1.637882947921753,0.3,0.0,0.0,0.011168753606768318,-0.011172324986751431,-0.0006014344652173876,-0.8999999999999999,-0.0,0.0
1.6379191875457764,0.3,0.0,0.0,-0.008104828697073988,-0.017505981845787034,-0.008717870753141841,-0.8999999999999999,-0.0,0.0
1.637943983078003,0.3,0.0,0.0,-0.016171381477393713,-0.0014683272052719936,-0.006590566661648481,-0.8999999999999999,-0.0,0.0
1.6379663944244385,0.3,0.0,0.0,-0.010517952665945185,0.0033561144609598383,-0.007440734953497169,-0.8999999999999999,-0.0,0.0
1.6379899978637695,0.3,0.0,0.0,-0.002902776587993901,-0.0008654328303480673,-0.006017797933083791,-0.8999999999999999,-0.0,0.0
1.6380131244659424,0.3,0.0,0.0,0.011179750527722609,-0.018821998318371835,-0.0014169209056632273,-0.8999999999999999,-0.0,0.0
1.6380348205566406,0.3,0.0,0.0,-0.0005992539871202318,-0.02064941751881582,-0.00963301944224186,-0.8999999999999999,-0.0,0.0
1.6380581855773926,0.3,0.0,0.0,-0.011189637260515061,-0.024259418171477167,-0.005257602363498377,-0.8999999999999999,-0.0,0.0
1.6793372631072998,0.3,0.0,0.0,-0.0067511808778357935,-0.018475377570817787,0.0010791721993279415,-0.8999999999999999,-0.0,0.0
1.6794452667236328,0.3,0.0,0.0,-0.003321904835442844,-0.030875802252626233,-0.005101804205991501,-0.8999999999999999,-0.0,0.0
1.6794793605804443,0.3,0.0,0.0,-0.007986165516980276,-0.016313234190177436,-0.008006245846758358,-0.8999999999999999,-0.0,0.0
1.6795032024383545,0.3,0.0,0.0,-0.02042098254198425,-0.014143146369943332,-0.007176802285567949,-0.8999999999999999,-0.0,0.0
1.6795246601104736,0.3,0.0,0.0,-0.019647125527597654,-0.008305291873772123,-0.008231041817385746,-0.8999999999999999,-0.0,0.0
1.6795470714569092,0.3,0.0,0.0,-0.0022108494007692845,-0.01841685385238136,-0.002457984882283555,-0.8999999999999999,-0.0,0.0
1.6795692443847656,0.3,0.0,0.0,-0.0035587592153348163,-0.016064058181211024,-9.741165616167878e-05,-0.8999999999999999,-0.0,0.0
1.6795971393585205,0.3,0.0,0.0,-0.008861775757663027,-0.012810207966594992,-0.002829715034777061,-0.8999999999999999,-0.0,0.0
1.6796181201934814,0.3,0.0,0.0,-0.00041437181778489847,-0.019891538005975894,-0.007065353151793692,-0.8999999999999999,-0.0,0.0
1.6796400547027588,0.3,0.0,0.0,-0.010250621087739012,-0.015941428812504377,-0.006423081434880855,-0.8999999999999999,-0.0,0.0
1.7209265232086182,0.3,0.0,0.0,-0.017177787761634367,-0.0252372812799997,-0.004366236862150315,-0.8999999999999999,-0.0,0.0
1.7210328578948975,0.3,0.0,0.0,-0.02513593006430953,-0.02000601877437417,-0.00583550696945854,-0.8999999999999999,-0.0,0.0
1.7210593223571777,0.3,0.0,0.0,-0.008340947456152391,-0.017213630884479622,-0.014943077044320761,-0.8999999999999999,-0.0,0.0
1.7210791110992432,0.3,0.0,0.0,0.004426282379867342,-0.019253708216018954,-0.00373656884232129,-0.8999999999999999,-0.0,0.0
1.7210972309112549,0.3,0.0,0.0,0.00585709833520446,-0.00953225190870963,-0.006707096586177744,-0.8999999999999999,-0.0,0.0
1.7211146354675293,0.3,0.0,0.0,0.008270450024362407,-0.003319857265231239,-0.010961862933498828,-0.8999999999999999,-0.0,0.0
1.7211332321166992,0.3,0.0,0.0,0.017534653239057337,-0.00806517241937652,-0.00908890757447882,-0.8999999999999999,-0.0,0.0
1.7211530208587646,0.3,0.0,0.0,0.001738438594900278,-0.0009459703119349248,-0.004751230092801398,-0.8999999999999999,-0.0,0.0
1.72117280960083,0.3,0.0,0.0,-0.014014019495779559,-0.006260527369104587,-0.00464099723463805,-0.8999999999999999,-0.0,0.0
1.7211902141571045,0.3,0.0,0.0,-0.015889903681460822,-0.013050769868132398,-0.007601786039178514,-0.8999999999999999,-0.0,0.0
1.7622804641723633,0.3,0.0,0.0,-0.0007217333398160459,-0.015821386470844273,-0.007751160623674213,-0.8999999999999999,-0.0,0.0
1.7624223232269287,0.3,0.0,0.0,0.006407003761514675,-0.0187415852528028,-0.013043804712372431,-0.8999999999999999,-0.0,0.0
1.7624776363372803,0.3,0.0,0.0,0.008045501222191682,-0.02379344185559718,-0.008591590032217211,-0.8999999999999999,-0.0,0.0
1.7625236511230469,0.3,0.0,0.0,-0.0006928861934674697,-0.018858317437993235,-0.008034802276347404,-0.8999999999999999,-0.0,0.0
1.7625722885131836,0.3,0.0,0.0,-0.003940223072831636,-0.023124668655740938,-0.006921840536413215,-0.8999999999999999,-0.0,0.0
1.7626161575317383,0.3,0.0,0.0,-0.013068763688874972,-0.005866401114126133,-0.004791002235323637,-0.8999999999999999,-0.0,0.0
1.7626585960388184,0.3,0.0,0.0,-0.02263489820131317,-0.015785973115562676,-0.00363394100642856,-0.8999999999999999,-0.0,0.0
1.7626996040344238,0.3,0.0,0.0,-0.007968835111932419,-0.006684299523454718,-0.001969537846818735,-0.8999999999999999,-0.0,0.0
1.7627387046813965,0.3,0.0,0.0,-0.00529632961907838,-0.009109325252326734,-0.0027135796555865606,-0.8999999999999999,-0.0,0.0
1.7627792358398438,0.3,0.0,0.0,-0.014779338654361266,-0.01019661563287014,-0.001138577646638332,-0.8999999999999999,-0.0,0.0
1.8139853477478027,0.3,0.0,0.0,-0.017750749075733055,-0.012995787995486577,-0.007481010157173342,-0.8999999999999999,-0.0,0.0
1.8141207695007324,0.3,0.0,0.0,-0.0070537747848823116,-0.012193711558009107,-0.007850033218419919,-0.8999999999999999,-0.0,0.0
1.8141732215881348,0.3,0.0,0.0,0.005817197202104236,-0.005351244041817279,-0.009992285056270945,-0.8999999999999999,-0.0,0.0
1.814216136932373,0.3,0.0,0.0,0.0172112543673498,-0.0051459249287508085,-0.006434106801021884,-0.8999999999999999,-0.0,0.0
1.8142638206481934,0.3,0.0,0.0,0.02042065492275868,-0.007878547782107063,0.0010805380013442242,-0.8999999999999999,-0.0,0.0
1.8143093585968018,0.3,0.0,0.0,0.02370959864693839,0.0017479560913976893,-0.004413181121874421,-0.8999999999999999,-0.0,0.0
1.814349889755249,0.3,0.0,0.0,0.010735657552318497,-0.009336077932015652,-0.007678305450264076,-0.8999999999999999,-0.0,0.0
1.8143868446350098,0.3,0.0,0.0,0.01304716366110024,-0.004303986264072288,-0.00833854381176337,-0.8999999999999999,-0.0,0.0
1.814422607421875,0.3,0.0,0.0,0.022616823105728177,-5.559760807938963e-05,-0.01263742987148716,-0.8999999999999999,-0.0,0.0
1.814467191696167,0.3,0.0,0.0,0.025122778525925756,-0.017126402667720114,-0.0054614310142343196,-0.8999999999999999,-0.0,0.0
1.8555643558502197,0.3,0.0,0.0,0.021947567305078453,0.0037496773693206395,-0.004208838473448453,-0.8999999999999999,-0.0,0.0
1.8559048175811768,0.3,0.0,0.0,0.01295895675059303,-0.0007339519463989744,-0.013191282046914521,-0.8999999999999999,-0.0,0.0
1.855973482131958,0.3,0.0,0.0,0.004845626170507197,0.00011822447618383982,-0.015590530458912353,-0.8999999999999999,-0.0,0.0
1.8560278415679932,0.3,0.0,0.0,-0.006411273648483113,-0.015568757166519644,-0.006648067696752675,-0.8999999999999999,-0.0,0.0
1.8560676574707031,0.3,0.0,0.0,-0.021883638141034955,0.005419115976353295,-0.006821884851657724,-0.8999999999999999,-0.0,0.0
1.8561112880706787,0.3,0.0,0.0,-0.025199634060842916,-0.006225847546779954,-0.014902230295204695,-0.8999999999999999,-0.0,0.0
1.856191873550415,0.3,0.0,0.0,-0.016409615195871564,-0.0013143410926089692,-0.016155441769842727,-0.8999999999999999,-0.0,0.0
1.856231689453125,0.3,0.0,0.0,-0.01964563485466721,-0.0019728566321888944,-0.015591568895717169,-0.8999999999999999,-0.0,0.0
1.856271505355835,0.3,0.0,0.0,-0.008615931262256765,0.0035096818940339035,-0.00884092841893188,-0.8999999999999999,-0.0,0.0
1.8563125133514404,0.3,0.0,0.0,-0.004141409311982443,-0.010420870969006416,-0.0029465283442552397,-0.8999999999999999,-0.0,0.0
1.8974123001098633,0.3,0.0,0.0,-0.011595335789396975,-0.013629747200509195,-0.005113294000717156,-0.8999999999999999,-0.0,0.0
1.8975505828857422,0.3,0.0,0.0,-0.02805640788747274,-0.014591628041940242,-0.005738451806601086,-0.8999999999999999,-0.0,0.0
1.8976106643676758,0.3,0.0,0.0,-0.011249283106385951,-0.002726856290675741,-0.0019162044743980308,-0.8999999999999999,-0.0,0.0
1.897660493850708,0.3,0.0,0.0,-0.009282351518597284,-0.014859167927677752,-0.009358946172695736,-0.8999999999999999,-0.0,0.0
1.8977041244506836,0.3,0.0,0.0,-0.012556712463481523,-0.01709773818886399,-0.004273376018580795,-0.8999999999999999,-0.0,0.0
1.8977456092834473,0.3,0.0,0.0,-0.013437220758768218,-0.01813334545074492,-0.008355233760910309,-0.8999999999999999,-0.0,0.0
1.897791862487793,0.3,0.0,0.0,-0.004807838905256451,-0.015187795930824002,0.00542230072082392,-0.8999999999999999,-0.0,0.0
1.8978357315063477,0.3,0.0,0.0,-0.006670279760299771,-0.013728387491347034,-0.0024425986377577275,-0.8999999999999999,-0.0,0.0
1.897876501083374,0.3,0.0,0.0,-0.012878288313151789,-0.033210346875375975,-0.002473317810657301,-0.8999999999999999,-0.0,0.0
1.8979134559631348,0.3,0.0,0.0,-0.014727081761477644,-0.02413648180799397,0.004550393029424257,-0.8999999999999999,-0.0,0.0
1.9391417503356934,0.3,0.0,0.0,-0.026707852174693972,-0.023965193890743895,0.0007506553880445309,-0.8999999999999999,-0.0,0.0
1.939284086227417,0.3,0.0,0.0,-0.026784155727036317,-0.026731012516917417,0.0018522320120287592,-0.8999999999999999,-0.0,0.0
1.939342975616455,0.3,0.0,0.0,-0.011714914004559061,-0.01942331741306056,0.0064233452206933165,-0.8999999999999999,-0.0,0.0
1.9393844604492188,0.3,0.0,0.0,-0.004301105333220777,-0.011907700720912876,0.005289437673347009,-0.8999999999999999,-0.0,0.0
1.9394240379333496,0.3,0.0,0.0,-0.005653566033011656,-0.012078420726234817,0.0037967809477580964,-0.8999999999999999,-0.0,0.0
1.9394705295562744,0.3,0.0,0.0,0.004198716692547391,-0.014436537602234144,0.0036107676792324303,-0.8999999999999999,-0.0,0.0
1.9395134449005127,0.3,0.0,0.0,0.012259773139018828,-0.018948193283379648,-0.005619907025231376,-0.8999999999999999,-0.0,0.0
1.9395544528961182,0.3,0.0,0.0,0.01138343558175512,-0.016008719360837278,-0.002641079301814799,-0.8999999999999999,-0.0,0.0
1.9395930767059326,0.3,0.0,0.0,0.005004899377235168,-0.006771152320369401,-0.0025771780161442845,-0.8999999999999999,-0.0,0.0
1.939631462097168,0.3,0.0,0.0,-0.010934403594709163,-0.0015562062555711422,-0.0025098224685593394,-0.8999999999999999,-0.0,0.0
1.9808554649353027,0.3,0.0,0.0,-0.012054554004268898,-0.002152724211184738,-0.0053867554060481534,-0.8999999999999999,-0.0,0.0
1.9809956550598145,0.3,0.0,0.0,-0.0052445309235228214,-0.012766716909235436,-0.006804158208602071,-0.8999999999999999,-0.0,0.0
1.9810566902160645,0.3,0.0,0.0,0.000637188503961796,-0.010159059094426964,-0.01727637046235648,-0.8999999999999999,-0.0,0.0
1.9811053276062012,0.3,0.0,0.0,-0.01501980722614574,-0.019300115439332983,-0.010700991655621722,-0.8999999999999999,-0.0,0.0
1.981152057647705,0.3,0.0,0.0,-0.015814732192115197,-0.021422055137005853,-0.012868955996205876,-0.8999999999999999,-0.0,0.0
1.9811947345733643,0.3,0.0,0.0,-0.004363405787584561,-0.010051144443201697,-0.007176294989711239,-0.8999999999999999,-0.0,0.0
1.9812371730804443,0.3,0.0,0.0,0.00893652323332759,-0.01948220426543699,-0.011966601799568887,-0.8999999999999999,-0.0,0.0
1.9812793731689453,0.3,0.0,0.0,0.00621155835314752,-0.0014278497976419255,-0.015136210534053209,-0.8999999999999999,-0.0,0.0
1.9813232421875,0.3,0.0,0.0,0.0036773329682617275,-0.0049178701763638675,-0.014969697193961318,-0.8999999999999999,-0.0,0.0
1.9813659191131592,0.3,0.0,0.0,-0.021157100739899577,-0.009707610954233056,-0.005283185358922795,-0.8999999999999999,-0.0,0.0
2.02247953414917,0.3,0.0,0.0,-0.02140710918776357,-0.02349028617044343,-0.011245880268187009,-0.8999999999999999,-0.0,0.0
2.022620439529419,0.3,0.0,0.0,-0.02688767771069217,-0.0126589195647412,-0.009381354109755423,-0.8999999999999999,-0.0,0.0
2.0226798057556152,0.3,0.0,0.0,-0.006285077888482191,-0.012982717510959942,-0.008183468045229304,-0.8999999999999999,-0.0,0.0
2.0227227210998535,0.3,0.0,0.0,-0.01636598937527023,-0.013586225523899402,-0.00839794699817169,-0.8999999999999999,-0.0,0.0
2.0227677822113037,0.3,0.0,0.0,-0.0049898569481577485,-0.008163752194430522,-0.0016183680468127995,-0.8999999999999999,-0.0,0.0
2.0228166580200195,0.3,0.0,0.0,-0.0038948151745100434,-0.016378800911784237,-0.001517744836718707,-0.8999999999999999,-0.0,0.0
2.0228638648986816,0.3,0.0,0.0,0.0004852806727501932,-0.004756181607536231,-0.0047138762700671775,-0.8999999999999999,-0.0,0.0
2.022904872894287,0.3,0.0,0.0,-0.01204925849352681,-0.012155850586683857,-0.0086400954586218,-0.8999999999999999,-0.0,0.0
2.0230157375335693,0.3,0.0,0.0,-0.022374941239996234,-0.006521721919177103,-0.0066645497353549415,-0.8999999999999999,-0.0,0.0
2.023073434829712,0.3,0.0,0.0,-0.03012486918311945,0.0036923272251780386,-0.011882039249025488,-0.8999999999999999,-0.0,0.0
2.064094066619873,0.3,0.0,0.0,-0.02304276947020238,-0.014035671297721531,-0.007952635230743582,-0.8999999999999999,-0.0,0.0
2.0642600059509277,0.3,0.0,0.0,-0.010280187734784441,-0.017401698466466383,-0.004897190358752676,-0.8999999999999999,-0.0,0.0
2.0643162727355957,0.3,0.0,0.0,0.0044315024860720215,-0.004877094294266394,0.0013041482968239298,-0.8999999999999999,-0.0,0.0
2.0643699169158936,0.3,0.0,0.0,0.0232331455377929,-0.0021056959913404723,-0.0025533820770734846,-0.8999999999999999,-0.0,0.0
2.06441593170166,0.3,0.0,0.0,0.020460609693318397,-0.01653996338186917,-0.0033258393361559647,-0.8999999999999999,-0.0,0.0
2.0644609928131104,0.3,0.0,0.0,0.007005123558773589,-0.009509263846727699,-0.003077445137974299,-0.8999999999999999,-0.0,0.0
2.064504384994507,0.3,0.0,0.0,0.003129568601427841,-0.019773859547665796,-1.1965083068420074e-05,-0.8999999999999999,-0.0,0.0
2.0645904541015625,0.3,0.0,0.0,0.007204786292292724,-0.01193961102967341,-0.0016729729754092826,-0.8999999999999999,-0.0,0.0
2.064640522003174,0.3,0.0,0.0,0.016744140733164263,-0.006621996259259811,-0.002897583398811646,-0.8999999999999999,-0.0,0.0
2.064682960510254,0.3,0.0,0.0,0.024161178216657857,-0.004892997695493244,-0.001298797069963359,-0.8999999999999999,-0.0,0.0
2.115609645843506,0.3,0.0,0.0,0.018189072480816956,-0.0038260713027509895,-0.008537990328194196,-0.8999999999999999,-0.0,0.0
2.11572003364563,0.3,0.0,0.0,0.015489918297310548,-0.002728342420829088,-0.013692150679402207,-0.8999999999999999,-0.0,0.0
2.1157705783843994,0.3,0.0,0.0,0.012202469835003392,-0.0011192022462654678,-0.0037914456657852356,-0.8999999999999999,-0.0,0.0
2.1158106327056885,0.3,0.0,0.0,0.0189423155220716,-0.010140771651119023,-0.012193630766191793,-0.8999999999999999,-0.0,0.0
2.11584734916687,0.3,0.0,0.0,0.02351859264497035,-0.005771198406143566,-0.00206948924097381,-0.8999999999999999,-0.0,0.0
2.116067409515381,0.3,0.0,0.0,0.0231479373181017,-0.011898694492874926,0.002319228434324384,-0.8999999999999999,-0.0,0.0
2.1161530017852783,0.3,0.0,0.0,0.01448456389005035,-0.014666983861145568,-0.008504449838729892,-0.8999999999999999,-0.0,0.0
2.1162071228027344,0.3,0.0,0.0,0.011993866851916802,-0.015351957414612294,-0.0038599404932277456,-0.8999999999999999,-0.0,0.0
2.1162538528442383,0.3,0.0,0.0,-0.0011055950696362846,-0.013680594405452958,0.0026190304123081556,-0.8999999999999999,-0.0,0.0
2.116297721862793,0.3,0.0,0.0,-0.012694086080449331,-0.01056839495710089,0.0009245747924413009,-0.8999999999999999,-0.0,0.0
2.15724778175354,0.3,0.0,0.0,-0.022690450133127902,-0.013610796241910224,0.001981119121467185,-0.8999999999999999,-0.0,0.0
2.15736722946167,0.3,0.0,0.0,-0.021507197770865703,-0.0069678352475641735,0.000992297835598846,-0.8999999999999999,-0.0,0.0
2.157414436340332,0.3,0.0,0.0,-0.015062006983054734,-0.004292194410934982,-0.0093695480432207,-0.8999999999999999,-0.0,0.0
2.1574547290802,0.3,0.0,0.0,-0.006188201794613615,0.004367457792595474,-0.005823042559843861,-0.8999999999999999,-0.0,0.0
2.1574954986572266,0.3,0.0,0.0,0.007807927825226712,-0.00982104798995806,0.00028949932447906723,-0.8999999999999999,-0.0,0.0
2.157545328140259,0.3,0.0,0.0,0.015085966205187599,-0.012484234900094333,-0.006715423884212424,-0.8999999999999999,-0.0,0.0
2.157583713531494,0.3,0.0,0.0,0.012139988214753724,-0.018398449930531587,-0.008739299800562114,-0.8999999999999999,-0.0,0.0
2.157623052597046,0.3,0.0,0.0,0.003569974244017487,-0.03016853355577421,-0.012342968189041036,-0.8999999999999999,-0.0,0.0
2.157665491104126,0.3,0.0,0.0,4.4252197205913975e-05,-0.025563315000835238,-0.012068887800484242,-0.8999999999999999,-0.0,0.0
2.1987743377685547,0.3,0.0,0.0,-0.009203252512106574,-0.008752051969755772,-0.0032517640913208444,-0.8999999999999999,-0.0,0.0
2.1989128589630127,0.3,0.0,0.0,-0.01624567531173497,0.004007478858287629,-0.004126076341028527,-0.8999999999999999,-0.0,0.0
2.198967456817627,0.3,0.0,0.0,-0.003078434419855841,0.00467861357925622,-0.003909666271722189,-0.8999999999999999,-0.0,0.0
2.199012279510498,0.3,0.0,0.0,-0.016193413430674042,-0.0016276279351637212,-0.0036428573437730896,-0.8999999999999999,-0.0,0.0
2.199061632156372,0.3,0.0,0.0,-0.020986572437176693,0.005429402505134887,-0.004737221407799792,-0.8999999999999999,-0.0,0.0
2.1991050243377686,0.3,0.0,0.0,-0.030281606969763057,0.0018755453009496833,-0.010745961714668031,-0.8999999999999999,-0.0,0.0
2.1991491317749023,0.3,0.0,0.0,-0.03541311512683113,-0.0067389385074591406,-0.007007541634440743,-0.8999999999999999,-0.0,0.0
2.199192762374878,0.3,0.0,0.0,-0.022148263667686068,-0.012376412671782371,-0.005412074928748621,-0.8999999999999999,-0.0,0.0
2.199235200881958,0.3,0.0,0.0,-0.005218632840618598,-0.0037038560254551785,-0.014174075502022092,-0.8999999999999999,-0.0,0.0
2.1992714405059814,0.3,0.0,0.0,0.005412550213972309,-0.009242936165637141,-0.0053800058907009386,-0.8999999999999999,-0.0,0.0
2.240476369857788,0.3,0.0,0.0,-0.004322397538369296,-0.017232823546116553,-0.0047525863840697765,-0.8999999999999999,-0.0,0.0
2.240614175796509,0.3,0.0,0.0,-0.013959801943775425,-0.019333138624404635,-0.005672359829050966,-0.8999999999999999,-0.0,0.0
2.2406702041625977,0.3,0.0,0.0,-0.02408724118028436,-0.009257467185399226,-0.010353698792858562,-0.8999999999999999,-0.0,0.0
2.2407147884368896,0.3,0.0,0.0,-0.021923731562060855,-0.015475656093871774,-0.004221986458313102,-0.8999999999999999,-0.0,0.0
2.240755558013916,0.3,0.0,0.0,-0.01850473356806865,-0.023594717676925718,-0.003010129088607737,-0.8999999999999999,-0.0,0.0
2.2407991886138916,0.3,0.0,0.0,-0.008958129222254713,-0.021214947376141133,-0.0008161449198653555,-0.8999999999999999,-0.0,0.0
2.240842819213867,0.3,0.0,0.0,0.00306041956328862,-0.02148823047326823,-0.01181446495799308,-0.8999999999999999,-0.0,0.0
2.2408838272094727,0.3,0.0,0.0,-0.01141467370301082,-0.012996681591806582,-0.0070618459891983254,-0.8999999999999999,-0.0,0.0
2.2409238815307617,0.3,0.0,0.0,-0.023092360415599332,-0.024487161093113708,-0.003038900951846672,-0.8999999999999999,-0.0,0.0
2.2409636974334717,0.3,0.0,0.0,-0.018231888452084788,-0.013549296909259897,-0.005879838570501925,-0.8999999999999999,-0.0,0.0
2.2820651531219482,0.3,0.0,0.0,-0.025329555008194185,-0.014069289789692558,0.008130173184135118,-0.8999999999999999,-0.0,0.0
2.2822000980377197,0.3,0.0,0.0,-0.02035431338272509,0.0018476080030820686,0.005935226330332499,-0.8999999999999999,-0.0,0.0
2.2822539806365967,0.3,0.0,0.0,-0.030135435956784928,-0.010779836606347641,0.006483244272622347,-0.8999999999999999,-0.0,0.0
2.2822978496551514,0.3,0.0,0.0,-0.038075801465935914,-0.009230306751038928,-0.0019342016124243738,-0.8999999999999999,-0.0,0.0
2.282341241836548,0.3,0.0,0.0,-0.03310663100103086,-0.01136759290036737,-0.003515453671563773,-0.8999999999999999,-0.0,0.0
2.2827203273773193,0.3,0.0,0.0,-0.02595147813243764,-0.004733527311418666,0.0017248268197991845,-0.8999999999999999,-0.0,0.0
2.2827932834625244,0.3,0.0,0.0,-0.005340642331913867,-0.006642680880277032,-0.005234977526007859,-0.8999999999999999,-0.0,0.0
2.2828447818756104,0.3,0.0,0.0,-0.009043793859213594,0.008193471288751246,-0.011154999422863918,-0.8999999999999999,-0.0,0.0
2.2828869819641113,0.3,0.0,0.0,-0.020008306602978643,-0.005475304931586211,-0.004977737807580186,-0.8999999999999999,-0.0,0.0
2.282924175262451,0.3,0.0,0.0,-0.00012169951206630269,-0.0035975151122307003,0.0034894980821083325,-0.8999999999999999,-0.0,0.0
2.324162721633911,0.3,0.0,0.0,-0.007173360632929969,-0.002368471104505977,-0.007945744282944282,-0.8999999999999999,-0.0,0.0
2.3243014812469482,0.3,0.0,0.0,-0.01593968953845127,-0.016128917269454986,-0.00926385057940331,-0.8999999999999999,-0.0,0.0
2.3243567943573,0.3,0.0,0.0,-0.006592222481232073,-0.015939655840497398,-0.0030268503728981926,-0.8999999999999999,-0.0,0.0
2.3244025707244873,0.3,0.0,0.0,0.007204008606607108,-0.018408257685765345,-0.0029376766846925637,-0.8999999999999999,-0.0,0.0
2.3244471549987793,0.3,0.0,0.0,0.003965362724183755,-0.011413920723552764,-0.009301339999069642,-0.8999999999999999,-0.0,0.0
2.3244845867156982,0.3,0.0,0.0,-0.009926977056321869,-0.005520063962607256,-0.011716064021254786,-0.8999999999999999,-0.0,0.0
2.324528217315674,0.3,0.0,0.0,-0.0032077680320652907,-0.02136853919698468,-0.012970398199561235,-0.8999999999999999,-0.0,0.0
2.324568748474121,0.3,0.0,0.0,-0.00958870258464757,-0.01603543144671706,-0.004294245897198073,-0.8999999999999999,-0.0,0.0
2.324608325958252,0.3,0.0,0.0,-0.007829229524874134,-0.013819586920712487,-0.0025399751042567407,-0.8999999999999999,-0.0,0.0
2.3246490955352783,0.3,0.0,0.0,-0.012038261290824326,-0.00043533826955139136,-0.005125440189173232,-0.8999999999999999,-0.0,0.0
2.365734577178955,0.3,0.0,0.0,-0.0008246338399229704,-0.008072936605375293,-0.005748061631002365,-0.8999999999999999,-0.0,0.0
2.365828037261963,0.3,0.0,0.0,-0.012680016209298133,0.0055526955684300555,-0.001266640410277992,-0.8999999999999999,-0.0,0.0
2.365851879119873,0.3,0.0,0.0,-0.023132267201466133,-0.0015762305132999558,-5.2752326700800455e-06,-0.8999999999999999,-0.0,0.0
2.365877866744995,0.3,0.0,0.0,-0.008502486407057976,-0.008073230820793548,-0.0024861975223069957,-0.8999999999999999,-0.0,0.0
2.3658978939056396,0.3,0.0,0.0,-0.0018746346923377765,-0.0015436867203397534,-0.004996989617164182,-0.8999999999999999,-0.0,0.0
2.3659169673919678,0.3,0.0,0.0,-0.005014558100276726,-0.020212268864783545,-0.0016868648334984462,-0.8999999999999999,-0.0,0.0
2.365936517715454,0.3,0.0,0.0,-0.015171489449165517,-0.020732569232910544,-0.006324305500946148,-0.8999999999999999,-0.0,0.0
2.3659558296203613,0.3,0.0,0.0,-0.013202559257658234,-0.021704961895246518,-0.012271064054967173,-0.8999999999999999,-0.0,0.0
2.365973949432373,0.3,0.0,0.0,-0.02059542691910428,-0.01912209389755467,-0.01851224313055341,-0.8999999999999999,-0.0,0.0
2.365992307662964,0.3,0.0,0.0,-0.02397800049337517,-0.022560931646207632,-0.011993734977851694,-0.8999999999999999,-0.0,0.0
2.407137632369995,0.3,0.0,0.0,-0.012096038971385555,-0.03430235924563035,-0.009464752075809175,-0.8999999999999999,-0.0,0.0
2.4074671268463135,0.3,0.0,0.0,-0.01581689998067539,-0.032380613226173166,-0.007601891517643289,-0.8999999999999999,-0.0,0.0
2.4075396060943604,0.3,0.0,0.0,-0.02488651910426899,-0.02351933743416128,-0.0030266135983516634,-0.8999999999999999,-0.0,0.0
2.407585859298706,0.3,0.0,0.0,-0.016874107533625747,-0.03556007946713334,-0.00791118386323474,-0.8999999999999999,-0.0,0.0
2.4076285362243652,0.3,0.0,0.0,-0.0027383685625106567,-0.014882523819406742,-0.004411827363394357,-0.8999999999999999,-0.0,0.0
2.407668113708496,0.3,0.0,0.0,-0.010742849400172658,-0.027821121927780072,-0.004720631458743358,-0.8999999999999999,-0.0,0.0
2.4077110290527344,0.3,0.0,0.0,0.0008785718503981393,-0.021825380199790908,-0.003495717046152936,-0.8999999999999999,-0.0,0.0
2.40775465965271,0.3,0.0,0.0,0.015116934393860033,-0.021166278727854138,-0.0007597964010160283,-0.8999999999999999,-0.0,0.0
2.4077935218811035,0.3,0.0,0.0,0.0004698014803332309,-0.019546250897780993,-0.006802520169023185,-0.8999999999999999,-0.0,0.0
2.4078447818756104,0.3,0.0,0.0,-0.01776532277510612,-0.014145459037392952,-7.024048079034031e-05,-0.8999999999999999,-0.0,0.0
2.4592361450195312,0.3,0.0,0.0,-0.00324196142500394,-0.022049126180125184,-0.0009013072593806125,-0.8999999999999999,-0.0,0.0
2.4593780040740967,0.3,0.0,0.0,-0.020040194750487964,-0.013761962580420884,-0.006969271320759487,-0.8999999999999999,-0.0,0.0
2.459434747695923,0.3,0.0,0.0,-0.020292413799782652,-0.010448435813691988,0.004390310141901913,-0.8999999999999999,-0.0,0.0
2.4594826698303223,0.3,0.0,0.0,-0.014777866030626027,-0.0007529458713701075,0.004197704841961873,-0.8999999999999999,-0.0,0.0
2.4595248699188232,0.3,0.0,0.0,-0.02263056502571381,-0.006124942110373543,0.0024154021805035857,-0.8999999999999999,-0.0,0.0
2.4595677852630615,0.3,0.0,0.0,-0.021176913741058963,-0.010817319164516401,-0.015278551163881406,-0.8999999999999999,-0.0,0.0
2.459606647491455,0.3,0.0,0.0,-0.01683561037471252,-0.009255995049394169,-0.01316851307217643,-0.8999999999999999,-0.0,0.0
2.4596476554870605,0.3,0.0,0.0,-0.007382228896808889,-0.009717571783103578,-0.007277158860048304,-0.8999999999999999,-0.0,0.0
2.459688425064087,0.3,0.0,0.0,-0.015289052906434113,-0.02227284612922094,-0.009462250309497999,-0.8999999999999999,-0.0,0.0
2.459724187850952,0.3,0.0,0.0,-0.014843636548951766,-0.017115574189127066,-0.011383284665068386,-0.8999999999999999,-0.0,0.0
2.5009562969207764,0.3,0.0,0.0,0.00034034434045364316,-0.018028276203635025,-0.010005235717147582,-0.8999999999999999,-0.0,0.0
2.501098394393921,0.3,0.0,0.0,0.0008811469935206645,-0.021762838695875537,-0.007579711956901476,-0.8999999999999999,-0.0,0.0
2.501154899597168,0.3,0.0,0.0,-0.007957149108564057,0.0019878115811507733,-0.014600553144270383,-0.8999999999999999,-0.0,0.0
2.5012032985687256,0.3,0.0,0.0,0.0036370272601783764,-0.0014198125996764009,-0.012418096736126531,-0.8999999999999999,-0.0,0.0
2.5012435913085938,0.3,0.0,0.0,-0.011189045495989881,-0.004856069061601793,-0.0057636766341538255,-0.8999999999999999,-0.0,0.0
2.5012834072113037,0.3,0.0,0.0,-0.011616228883223851,-0.016341477080084283,-0.010938423296890518,-0.8999999999999999,-0.0,0.0
2.501387119293213,0.3,0.0,0.0,-0.006331565113314715,-0.01655772238450238,-0.009486373165219771,-0.8999999999999999,-0.0,0.0
2.5014383792877197,0.3,0.0,0.0,-0.007852825286050143,-0.00743370125790028,-0.007063598807155679,-0.8999999999999999,-0.0,0.0
2.5014805793762207,0.3,0.0,0.0,-0.012957616794509911,-0.01017353500381691,-0.010209939888333961,-0.8999999999999999,-0.0,0.0
2.5015220642089844,0.3,0.0,0.0,0.000994591259473682,-0.00868392232172188,-0.006336816484529248,-0.8999999999999999,-0.0,0.0
2.5428221225738525,0.3,0.0,0.0,-0.0035862964483340627,0.006766098212534747,-0.00459802308351806,-0.8999999999999999,-0.0,0.0
2.54296612739563,0.3,0.0,0.0,-0.01752569832888021,-0.00622579914244704,-0.00522563438153545,-0.8999999999999999,-0.0,0.0
2.5430219173431396,0.3,0.0,0.0,-0.006068477460284392,-0.002189893001019929,-0.009335787626688664,-0.8999999999999999,-0.0,0.0
2.543069362640381,0.3,0.0,0.0,-0.005133314157459687,0.005346092607103023,-0.0012843894665580233,-0.8999999999999999,-0.0,0.0
2.5431149005889893,0.3,0.0,0.0,-0.012131214740710135,-0.006320413350706406,-0.010901178941307625,-0.8999999999999999,-0.0,0.0
2.54315447807312,0.3,0.0,0.0,-0.005043073218407141,-0.010928557108514356,-0.004213089181665773,-0.8999999999999999,-0.0,0.0
2.543191909790039,0.3,0.0,0.0,-0.005233617199071963,-0.002456679767477395,-0.0034162361255780298,-0.8999999999999999,-0.0,0.0
2.5432305335998535,0.3,0.0,0.0,0.0014895284524875127,-0.0041467277999159185,-0.016297777757136853,-0.8999999999999999,-0.0,0.0
2.54327654838562,0.3,0.0,0.0,-0.00144683839739913,-0.009832818291109985,-0.007812454239944189,-0.8999999999999999,-0.0,0.0
2.5433270931243896,0.3,0.0,0.0,0.009752080534473496,-0.01150023554037551,-0.008150679508330105,-0.8999999999999999,-0.0,0.0
2.584591865539551,0.3,0.0,0.0,0.015875036867794977,-0.006704422705709023,0.0010461401023473444,-0.8999999999999999,-0.0,0.0
2.584693670272827,0.3,0.0,0.0,0.00015756777282512248,0.010647301293577488,0.003521265095996715,-0.8999999999999999,-0.0,0.0
2.5847198963165283,0.3,0.0,0.0,0.009009811581058649,-0.009016462281055524,-0.007011165732594567,-0.8999999999999999,-0.0,0.0
2.584742546081543,0.3,0.0,0.0,0.007970718869235517,-0.004110420143069548,-0.010776233999006938,-0.8999999999999999,-0.0,0.0
2.5847606658935547,0.3,0.0,0.0,-0.0065729054750815405,-0.0203885051842654,-0.010363412069526217,-0.8999999999999999,-0.0,0.0
2.5847790241241455,0.3,0.0,0.0,-0.00977917461799618,0.0009349986265599096,-0.0076130527807070445,-0.8999999999999999,-0.0,0.0
2.5847976207733154,0.3,0.0,0.0,-0.02174095406789932,-0.00267681100873054,-0.01012814714974911,-0.8999999999999999,-0.0,0.0
2.584815502166748,0.3,0.0,0.0,-0.006951503826981683,-0.022347248927719037,-0.009308941140842584,-0.8999999999999999,-0.0,0.0
2.5848326683044434,0.3,0.0,0.0,0.009291200464426304,-0.016185539192288562,-0.008787505184756041,-0.8999999999999999,-0.0,0.0
2.5848495960235596,0.3,0.0,0.0,0.01173553073891036,-0.017768501397640104,-0.007612411226702421,-0.8999999999999999,-0.0,0.0
2.6260294914245605,0.3,0.0,0.0,0.004407452029058766,-0.012982520223897334,-0.006091710823200027,-0.8999999999999999,-0.0,0.0
2.626168966293335,0.3,0.0,0.0,0.013399188762944112,-0.014397758732253917,-0.0066312306831135545,-0.8999999999999999,-0.0,0.0
2.626225471496582,0.3,0.0,0.0,-0.00017051670101025953,-0.011328715309462618,-0.011943765527334482,-0.8999999999999999,-0.0,0.0
2.6262755393981934,0.3,0.0,0.0,-0.015727841002802515,-0.007621865088139908,-0.0024539557054023475,-0.8999999999999999,-0.0,0.0
2.6263198852539062,0.3,0.0,0.0,-0.021678432368043694,-0.013903079261403132,-0.007788598796519334,-0.8999999999999999,-0.0,0.0
2.6263601779937744,0.3,0.0,0.0,-0.004313869368332762,-0.014927180798111683,-0.012883379952387334,-0.8999999999999999,-0.0,0.0
2.6264076232910156,0.3,0.0,0.0,-0.013488662008612824,-0.009285233835267553,-0.012760368673403409,-0.8999999999999999,-0.0,0.0
2.6264517307281494,0.3,0.0,0.0,-0.010932294744558707,-0.0005997390722972741,-0.010832085494546619,-0.8999999999999999,-0.0,0.0
2.6264967918395996,0.3,0.0,0.0,-0.018139736139813824,-0.0005449010493602488,-0.008152001790728919,-0.8999999999999999,-0.0,0.0
2.6265389919281006,0.3,0.0,0.0,-0.017891282358427716,-0.010443917397327373,-0.006572925634335084,-0.8999999999999999,-0.0,0.0
2.667689561843872,0.3,0.0,0.0,0.0028877824294495703,-0.008169832102881936,-0.003600395156717287,-0.8999999999999999,-0.0,0.0
2.667786121368408,0.3,0.0,0.0,0.003747274991931976,-0.015436151553537978,-0.0010772244504688062,-0.8999999999999999,-0.0,0.0
2.6678121089935303,0.3,0.0,0.0,0.010465463097323763,-0.006668954152608367,0.0050388779186966,-0.8999999999999999,-0.0,0.0
2.6678340435028076,0.3,0.0,0.0,-0.004149489205289002,-0.009928765537077545,0.0042786609290781305,-0.8999999999999999,-0.0,0.0
2.6678545475006104,0.3,0.0,0.0,-0.023358184775511735,-0.00797659656606008,-0.0023131040155114193,-0.8999999999999999,-0.0,0.0
2.668022632598877,0.3,0.0,0.0,-0.018357901088221818,-0.008598845409836362,-0.0039399983749856485,-0.8999999999999999,-0.0,0.0
2.6680526733398438,0.3,0.0,0.0,-0.0038244835543928134,-0.009321466412722846,0.004776395485008011,-0.8999999999999999,-0.0,0.0
2.6680760383605957,0.3,0.0,0.0,0.004350033087936272,-0.00928906477395034,0.0032720551316782766,-0.8999999999999999,-0.0,0.0
2.6680984497070312,0.3,0.0,0.0,0.004404867738384342,0.0010465064933484474,-0.0054894568025496285,-0.8999999999999999,-0.0,0.0
2.66813063621521,0.3,0.0,0.0,-0.01434580034771006,0.004735272384757169,-0.007018693217912577,-0.8999999999999999,-0.0,0.0
2.709383964538574,0.3,0.0,0.0,-0.009405148195430743,-0.0011886779156230008,-0.005654384005629645,-0.8999999999999999,-0.0,0.0
2.709522247314453,0.3,0.0,0.0,-0.002563329070187831,-0.0068337227624497504,-0.01478795439234087,-0.8999999999999999,-0.0,0.0
2.709577798843384,0.3,0.0,0.0,0.0012698409298967962,-0.0019011086325905681,-0.009958147163994032,-0.8999999999999999,-0.0,0.0
2.7096261978149414,0.3,0.0,0.0,-0.001054864354633417,-0.0027840258000031274,-0.014042927084848517,-0.8999999999999999,-0.0,0.0
2.7096750736236572,0.3,0.0,0.0,-0.0015151066962571286,-0.009999466083569636,-0.007380617440501529,-0.8999999999999999,-0.0,0.0
2.7097182273864746,0.3,0.0,0.0,-0.018627803530453735,-0.02047860297359208,-0.012224425574712278,-0.8999999999999999,-0.0,0.0
2.709760904312134,0.3,0.0,0.0,-0.024922416792415206,-0.01610162239153347,-0.008064051228870746,-0.8999999999999999,-0.0,0.0
2.7098052501678467,0.3,0.0,0.0,-0.030655657762354765,-0.005597916817066996,-0.013464089780551195,-0.8999999999999999,-0.0,0.0
2.7098546028137207,0.3,0.0,0.0,-0.015965806082034652,-0.007323418881930596,-0.014365442800434017,-0.8999999999999999,-0.0,0.0
2.7612464427948,0.3,0.0,0.0,-0.011559963337890255,-0.007287562903940512,-0.009163824054355271,-0.8999999999999999,-0.0,0.0
2.7613863945007324,0.3,0.0,0.0,-0.02205431905863365,-0.004614840433580423,-0.012135765955134796,-0.8999999999999999,-0.0,0.0
2.7614493370056152,0.3,0.0,0.0,-0.028944869252879032,-0.015656930540580587,-0.005657047459527991,-0.8999999999999999,-0.0,0.0
2.761503219604492,0.3,0.0,0.0,-0.0052533754868452215,-0.01673761503643217,-0.0010787373215448593,-0.8999999999999999,-0.0,0.0
2.761549949645996,0.3,0.0,0.0,-0.004279538662015714,-0.011456434780992559,-0.0008840367562871744,-0.8999999999999999,-0.0,0.0
2.7615981101989746,0.3,0.0,0.0,-0.017009153471304665,-0.01593077398893299,-0.005306756070840089,-0.8999999999999999,-0.0,0.0
2.7616376876831055,0.3,0.0,0.0,-0.01166358404294506,-0.011039625701565579,-0.008107431800760574,-0.8999999999999999,-0.0,0.0
2.7616801261901855,0.3,0.0,0.0,0.0013026274930963344,-0.01802955507125448,-0.008713915509773951,-0.8999999999999999,-0.0,0.0
2.7617175579071045,0.3,0.0,0.0,-5.64666477037012e-05,-0.012815333606154923,-0.004613958697965276,-0.8999999999999999,-0.0,0.0
2.7617616653442383,0.3,0.0,0.0,-0.008461684597295674,0.00020171633659983444,-0.001413203439220925,-0.8999999999999999,-0.0,0.0
2.8030800819396973,0.3,0.0,0.0,-0.0035750754721777744,-0.014727698315988172,0.0033821839540792275,-0.8999999999999999,-0.0,0.0
2.803220272064209,0.3,0.0,0.0,0.0024600640847275207,-0.015177097297933357,0.007514940812007699,-0.8999999999999999,-0.0,0.0
2.8032796382904053,0.3,0.0,0.0,0.010772001932521875,-0.025733804410919034,0.0033626772127954103,-0.8999999999999999,-0.0,0.0
2.80332612991333,0.3,0.0,0.0,0.0002414735193057298,-0.019970461189287723,-0.014041515608590285,-0.8999999999999999,-0.0,0.0
2.8033738136291504,0.3,0.0,0.0,-0.004245018578517008,-0.016444329996155305,-0.004933144540275769,-0.8999999999999999,-0.0,0.0
2.8034253120422363,0.3,0.0,0.0,0.0007652881179106166,-0.008952500410218124,-0.007462864502881313,-0.8999999999999999,-0.0,0.0
2.8034701347351074,0.3,0.0,0.0,0.0022037771855176673,-0.015041673536051386,0.002624090230629781,-0.8999999999999999,-0.0,0.0
2.8035101890563965,0.3,0.0,0.0,-0.00831957696177444,-0.02288227244006098,-0.003277794985028753,-0.8999999999999999,-0.0,0.0
2.80355167388916,0.3,0.0,0.0,0.005161079527363785,-0.01881328707378232,-0.006079890340246465,-0.8999999999999999,-0.0,0.0
2.803591251373291,0.3,0.0,0.0,0.00957373493791478,-0.00659240523061335,-0.0009376818929180591,-0.8999999999999999,-0.0,0.0
2.8446943759918213,0.3,0.0,0.0,0.02185126925443012,-0.004755247991291975,-0.006712732660492659,-0.8999999999999999,-0.0,0.0
2.8447813987731934,0.3,0.0,0.0,0.004152237893944165,-0.014038977779217194,-0.006888776192015237,-0.8999999999999999,-0.0,0.0
2.8448030948638916,0.3,0.0,0.0,-0.005958387545140041,-0.00932201720656103,-0.012477086361104065,-0.8999999999999999,-0.0,0.0
2.844820499420166,0.3,0.0,0.0,-0.019960078442504532,-0.009586959975886789,-0.015166733874512252,-0.8999999999999999,-0.0,0.0
2.8448381423950195,0.3,0.0,0.0,-0.015361145306027148,-0.0048520813773417085,-0.008047487466447222,-0.8999999999999999,-0.0,0.0
2.8448634147644043,0.3,0.0,0.0,-0.013282053960141725,-0.008321282098983088,-0.006862770791087288,-0.8999999999999999,-0.0,0.0
2.844884157180786,0.3,0.0,0.0,-0.019818212379884032,-0.016383581496553633,0.0006153183527136694,-0.8999999999999999,-0.0,0.0
2.8449039459228516,0.3,0.0,0.0,-0.029790074790381156,-0.012483583949094483,-0.004742078761735015,-0.8999999999999999,-0.0,0.0
2.844923973083496,0.3,0.0,0.0,-0.010408875510381693,-0.007048013686027806,-0.0010155588594910805,-0.8999999999999999,-0.0,0.0
2.8449411392211914,0.3,0.0,0.0,-0.008482590502857051,-0.005849484075615458,-0.007301042046309407,-0.8999999999999999,-0.0,0.0
2.886157512664795,0.3,0.0,0.0,-0.020813759029418955,0.0010196221402201835,-0.011214415627560785,-0.8999999999999999,-0.0,0.0
2.8863022327423096,0.3,0.0,0.0,-0.004079575166263141,0.0024625674880967463,-0.0035182772234650626,-0.8999999999999999,-0.0,0.0
2.886359453201294,0.3,0.0,0.0,0.007939297743516403,-0.012171704563683449,-0.003565897306298904,-0.8999999999999999,-0.0,0.0
2.8864059448242188,0.3,0.0,0.0,0.012346754401289652,-0.020939728926047962,-0.005216124881465775,-0.8999999999999999,-0.0,0.0
2.88645076751709,0.3,0.0,0.0,0.011090524392826765,-0.0026508729482197283,0.00020085225311640534,-0.8999999999999999,-0.0,0.0
2.886498212814331,0.3,0.0,0.0,-0.009089250681942303,-0.0010352009054860666,-0.010135801787076683,-0.8999999999999999,-0.0,0.0
2.886543035507202,0.3,0.0,0.0,0.0037795210815099217,0.0010330510008006064,-0.002674127537974201,-0.8999999999999999,-0.0,0.0
2.8865854740142822,0.3,0.0,0.0,-0.0035233713952760857,5.061184375057691e-05,-0.003909416950280575,-0.8999999999999999,-0.0,0.0
2.8866360187530518,0.3,0.0,0.0,-0.00853055738166335,-0.005382106994407537,-0.002836524447284664,-0.8999999999999999,-0.0,0.0
2.8866772651672363,0.3,0.0,0.0,0.005817609510273995,-0.008891953081683949,0.002394713302188792,-0.8999999999999999,-0.0,0.0
2.9278340339660645,0.3,0.0,0.0,-0.0072479128922065955,-0.010826268634001445,0.004679074928557636,-0.8999999999999999,-0.0,0.0
2.927929401397705,0.3,0.0,0.0,-0.02210229215928288,-0.010688316915909681,-0.0013744814795313008,-0.8999999999999999,-0.0,0.0
2.9279561042785645,0.3,0.0,0.0,-0.026132103246953135,-0.013745516652109959,-0.0010084694078546597,-0.8999999999999999,-0.0,0.0
2.927978038787842,0.3,0.0,0.0,-0.013587015445176319,-0.010287358507676739,-0.0016188894129704839,-0.8999999999999999,-0.0,0.0
2.927997350692749,0.3,0.0,0.0,-0.021249139615891664,-0.018564229816236642,-0.004457149071258552,-0.8999999999999999,-0.0,0.0
2.9280142784118652,0.3,0.0,0.0,-0.007290244391265394,-0.005384993929098668,-0.011765588137874148,-0.8999999999999999,-0.0,0.0
2.928030252456665,0.3,0.0,0.0,-0.01392891855376425,-0.011405262399202249,-0.010180859788679232,-0.8999999999999999,-0.0,0.0
2.928046703338623,0.3,0.0,0.0,-0.021068885994940306,-0.016917982894193575,-0.011518015481173696,-0.8999999999999999,-0.0,0.0
2.9280624389648438,0.3,0.0,0.0,-0.015142041684134274,-0.025933191639115602,-0.008265507469889877,-0.8999999999999999,-0.0,0.0
2.9280788898468018,0.3,0.0,0.0,-0.02093492472666979,-0.010514677767783519,-0.003933492477515317,-0.8999999999999999,-0.0,0.0
2.969346046447754,0.3,0.0,0.0,-0.01109145822248534,-0.011602484978611716,-0.0042576214657993735,-0.8999999999999999,-0.0,0.0
2.96946382522583,0.3,0.0,0.0,-0.01232808919874052,-0.01991879088886708,-0.00317059073195827,-0.8999999999999999,-0.0,0.0
2.9695053100585938,0.3,0.0,0.0,0.004722651703043819,-0.002558077660894139,2.0430805753169718e-05,-0.8999999999999999,-0.0,0.0
2.969545602798462,0.3,0.0,0.0,-0.0008147216433356288,-0.0142806398267096,-0.007794147916477873,-0.8999999999999999,-0.0,0.0
2.969578504562378,0.3,0.0,0.0,0.006008700700593948,-0.02145646161975181,-0.004562055801070778,-0.8999999999999999,-0.0,0.0
2.9696037769317627,0.3,0.0,0.0,8.441171703921177e-05,-0.008450789109710052,-0.001048665447806197,-0.8999999999999999,-0.0,0.0
2.969635009765625,0.3,0.0,0.0,0.003156282060616226,-0.005927846984278076,-0.0057137740519368095,-0.8999999999999999,-0.0,0.0
2.969660758972168,0.3,0.0,0.0,-0.006467077247314444,-0.004027122432203542,-0.008344912230703818,-0.8999999999999999,-0.0,0.0
2.9696855545043945,0.3,0.0,0.0,-0.01340878243656064,-0.006453837076171043,-0.00680591984617278,-0.8999999999999999,-0.0,0.0
2.969709634780884,0.3,0.0,0.0,-0.007988141128256836,-0.02253744813687961,-0.010937325412633814,-0.8999999999999999,-0.0,0.0
3.0108580589294434,0.3,0.0,0.0,-0.0202552814566902,-0.008598683030202775,-0.006805822490682849,-0.8999999999999999,-0.0,0.0
3.0109903812408447,0.3,0.0,0.0,-0.010265527793056556,-0.01747836234744452,-0.00208685001864073,-0.8999999999999999,-0.0,0.0
3.0110182762145996,0.3,0.0,0.0,-0.024518647971868198,-0.011751798655579413,0.00602332410046676,-0.8999999999999999,-0.0,0.0
3.0110397338867188,0.3,0.0,0.0,-0.011549355456514426,-0.013583560609568435,0.0028681731226806416,-0.8999999999999999,-0.0,0.0
3.0110602378845215,0.3,0.0,0.0,-0.011151099057940851,-0.014815901084360556,0.003450440270378352,-0.8999999999999999,-0.0,0.0
3.0110809803009033,0.3,0.0,0.0,-0.018079651265717887,-0.017795447190416515,1.4991275867090438e-05,-0.8999999999999999,-0.0,0.0
3.011106491088867,0.3,0.0,0.0,-0.012609955707171898,-0.01842751785661749,-0.008565066564673257,-0.8999999999999999,-0.0,0.0
3.011129379272461,0.3,0.0,0.0,0.0040004559867917585,-0.018953657758063486,0.001286925936113074,-0.8999999999999999,-0.0,0.0
3.0111491680145264,0.3,0.0,0.0,-0.00459953786432898,-0.005628076568374535,-0.00510175449446982,-0.8999999999999999,-0.0,0.0
3.0111653804779053,0.3,0.0,0.0,-0.005189357160608958,-0.006136786508893265,-0.00850782309939431,-0.8999999999999999,-0.0,0.0
3.062718152999878,0.3,0.0,0.0,-0.010031749928775478,0.0006506289190782126,-0.006374359974808248,-0.8999999999999999,-0.0,0.0
3.0628132820129395,0.3,0.0,0.0,-0.012558860609149724,-0.0019069361117294698,0.003544509768164644,-0.8999999999999999,-0.0,0.0
3.0628397464752197,0.3,0.0,0.0,-0.024126616545885913,-0.008292594837289741,-0.002140253440127539,-0.8999999999999999,-0.0,0.0
3.0628604888916016,0.3,0.0,0.0,-0.0314384035945912,-0.007949936944104154,-0.006486492842875795,-0.8999999999999999,-0.0,0.0
3.062880516052246,0.3,0.0,0.0,-0.010291786486652106,-0.0074650328014798225,-0.0057225281840286,-0.8999999999999999,-0.0,0.0
3.062901496887207,0.3,0.0,0.0,0.0036939813538342066,-0.02358868069782933,0.0022645286676204746,-0.8999999999999999,-0.0,0.0
3.0629186630249023,0.3,0.0,0.0,-0.01184488058781453,-0.011047803601135761,-0.0025727085241263395,-0.8999999999999999,-0.0,0.0
3.0629360675811768,0.3,0.0,0.0,-0.009281591106208891,-0.028588327982745472,0.0052681580318060415,-0.8999999999999999,-0.0,0.0
3.062952756881714,0.3,0.0,0.0,-0.020073761699862247,-0.00867706704273413,-0.003769454181734262,-0.8999999999999999,-0.0,0.0
3.0629684925079346,0.3,0.0,0.0,-0.003831633768143224,-0.006630464153844015,-0.012487873478424534,-0.8999999999999999,-0.0,0.0
3.104046106338501,0.3,0.0,0.0,0.0026954502893478133,-0.009070807088208274,-0.0014398627457664368,-0.8999999999999999,-0.0,0.0
3.104210615158081,0.3,0.0,0.0,-0.014008472827541765,-0.017766889688934022,-0.008603766337401814,-0.8999999999999999,-0.0,0.0
3.1042697429656982,0.3,0.0,0.0,-0.005264106548624988,-0.02604488620253034,-0.011223602470659257,-0.8999999999999999,-0.0,0.0
3.1043131351470947,0.3,0.0,0.0,0.0008791327742270165,-0.013775402928556661,-0.011058960704453166,-0.8999999999999999,-0.0,0.0
3.104356527328491,0.3,0.0,0.0,-0.005401298615541486,-0.024497820754824887,-0.009178521170714044,-0.8999999999999999,-0.0,0.0
3.104396343231201,0.3,0.0,0.0,-0.00612952080366307,-0.02435943869756104,-0.004603194004945122,-0.8999999999999999,-0.0,0.0
3.104438066482544,0.3,0.0,0.0,0.0009143836493204117,-0.019189801660558958,0.0027217394602014637,-0.8999999999999999,-0.0,0.0
3.1044764518737793,0.3,0.0,0.0,-0.0016176263713687797,-0.017797079615670303,-0.0025438078943718374,-0.8999999999999999,-0.0,0.0
3.104517698287964,0.3,0.0,0.0,-0.01096448409094855,-0.009511973088342288,-0.005499738994831679,-0.8999999999999999,-0.0,0.0
3.104562282562256,0.3,0.0,0.0,-0.0012958160485104372,-0.011806277664603014,-0.0008148845377665775,-0.8999999999999999,-0.0,0.0
3.1456286907196045,0.3,0.0,0.0,0.0007635888857372786,-0.011090398260559253,-0.014980479608400626,-0.8999999999999999,-0.0,0.0
3.1457295417785645,0.3,0.0,0.0,-0.009492511178437623,-0.0003700204858313723,-0.008255503944609006,-0.8999999999999999,-0.0,0.0
3.1457581520080566,0.3,0.0,0.0,0.0057090167011446214,-0.009940082523031912,-0.007421550277283399,-0.8999999999999999,-0.0,0.0
3.145780324935913,0.3,0.0,0.0,-0.005218083330891825,-0.02104418257373334,0.0009125036018053904,-0.8999999999999999,-0.0,0.0
3.1458001136779785,0.3,0.0,0.0,-0.01896292003222309,-0.02148685461745263,-0.012231996009408368,-0.8999999999999999,-0.0,0.0
3.1458187103271484,0.3,0.0,0.0,-0.010440307603886522,-0.023422511581181353,-0.013050363752157632,-0.8999999999999999,-0.0,0.0
3.145836114883423,0.3,0.0,0.0,-0.01160310781054789,-0.03518302774751893,-0.009451807905356812,-0.8999999999999999,-0.0,0.0
3.145852565765381,0.3,0.0,0.0,-0.01720255271667012,-0.023507020008915757,-0.00507441126760058,-0.8999999999999999,-0.0,0.0
3.145869493484497,0.3,0.0,0.0,-0.004189632192062863,-0.02980284489306769,-0.007457104520736906,-0.8999999999999999,-0.0,0.0
3.1458849906921387,0.3,0.0,0.0,0.009098018568551868,-0.017639395425022016,-0.010116283741653413,-0.8999999999999999,-0.0,0.0
3.1871602535247803,0.3,0.0,0.0,0.003452826883977427,-0.025748675797477413,-0.007882275756978205,-0.8999999999999999,-0.0,0.0
3.187300205230713,0.3,0.0,0.0,0.00682504585646019,-0.014963069422024682,-0.00523713243065076,-0.8999999999999999,-0.0,0.0
3.1873552799224854,0.3,0.0,0.0,0.01323486088806845,-0.016135435227593226,-0.01563495111401114,-0.8999999999999999,-0.0,0.0
3.1873996257781982,0.3,0.0,0.0,-0.007459909721471066,-0.008879591625229041,-0.0006861844768380616,-0.8999999999999999,-0.0,0.0
3.187446355819702,0.3,0.0,0.0,-0.004116464245336443,-0.007630482112383893,-0.014539202172026193,-0.8999999999999999,-0.0,0.0
3.1874914169311523,0.3,0.0,0.0,-0.0025899025871903287,-0.021020087302460078,-0.013230783295699601,-0.8999999999999999,-0.0,0.0
3.1875298023223877,0.3,0.0,0.0,-0.01152058965149864,-0.016892244427006226,-0.014423280322511863,-0.8999999999999999,-0.0,0.0
3.1875662803649902,0.3,0.0,0.0,0.002994013788119083,-0.012620610290748778,-0.005906558080801871,-0.8999999999999999,-0.0,0.0
3.18760347366333,0.3,0.0,0.0,-0.008451963348774816,-0.016331648166940795,-0.0007228016834781219,-0.8999999999999999,-0.0,0.0
3.1876416206359863,0.3,0.0,0.0,-0.009310709141167928,-0.012049969440914967,-0.00660646917497771,-0.8999999999999999,-0.0,0.0
3.2291226387023926,0.3,0.0,0.0,-0.006107507475693638,-0.014999582216144948,-0.0019127080100498984,-0.8999999999999999,-0.0,0.0
3.2292916774749756,0.3,0.0,0.0,-0.0032552858089182936,-0.004579730259810814,-0.004292788860749506,-0.8999999999999999,-0.0,0.0
3.2293500900268555,0.3,0.0,0.0,-0.010371382942019489,-0.007269114641431163,-0.00842792413852279,-0.8999999999999999,-0.0,0.0
3.2293975353240967,0.3,0.0,0.0,-0.02387474476453146,-0.0014617944221605246,-0.006771369096378644,-0.8999999999999999,-0.0,0.0
3.2294423580169678,0.3,0.0,0.0,-0.007725434829278738,-0.0005098684090358013,-0.010703409549848303,-0.8999999999999999,-0.0,0.0
3.2296860218048096,0.3,0.0,0.0,-0.012189552182634124,0.007318408759598511,-0.006465871329352179,-0.8999999999999999,-0.0,0.0
3.2297475337982178,0.3,0.0,0.0,0.0027956238446214363,-0.0019058514995060642,-0.007129029168292845,-0.8999999999999999,-0.0,0.0
3.229792594909668,0.3,0.0,0.0,0.0059184528609764015,-0.005052007738728557,-0.0006403775223476478,-0.8999999999999999,-0.0,0.0
3.2298355102539062,0.3,0.0,0.0,-0.014707342353731737,-0.007434320675129064,-0.005641040689085644,-0.8999999999999999,-0.0,0.0
3.271021604537964,0.3,0.0,0.0,-0.01717776500620114,-0.000562380992071211,-0.0029465647159675,-0.8999999999999999,-0.0,0.0
3.2711682319641113,0.3,0.0,0.0,-0.02006074804563038,0.005236666992392475,-0.005716645907655939,-0.8999999999999999,-0.0,0.0
3.2712323665618896,0.3,0.0,0.0,-0.014458590549261413,0.000259995939866084,-0.006234160266392614,-0.8999999999999999,-0.0,0.0
3.271287202835083,0.3,0.0,0.0,-0.006607983734421542,-0.013718972466948419,-0.0054507042143441395,-0.8999999999999999,-0.0,0.0
3.271333932876587,0.3,0.0,0.0,-0.015065632867373316,-0.01362798475350058,-0.01056003451389712,-0.8999999999999999,-0.0,0.0
3.2713727951049805,0.3,0.0,0.0,-0.011955855251307757,-0.016523829876028334,-0.004593973328853892,-0.8999999999999999,-0.0,0.0
3.271411657333374,0.3,0.0,0.0,0.006304463542561562,-0.004875143049012303,-0.012704763917314755,-0.8999999999999999,-0.0,0.0
3.271449089050293,0.3,0.0,0.0,0.001382518538819866,-0.011259574884532976,-0.003998658291168677,-0.8999999999999999,-0.0,0.0
3.271494150161743,0.3,0.0,0.0,-0.003915901631725556,-0.007362521526152612,-0.0089170947956283,-0.8999999999999999,-0.0,0.0
3.2715342044830322,0.3,0.0,0.0,-0.008953262643081888,-0.008748244242140211,-0.0071299509163168465,-0.8999999999999999,-0.0,0.0
3.3126542568206787,0.3,0.0,0.0,-0.005983898543188909,-0.01866728202428774,-0.003867040510542229,-0.8999999999999999,-0.0,0.0
3.3127479553222656,0.3,0.0,0.0,-0.016151386061003508,-0.012450566147640854,-0.01173085597480127,-0.8999999999999999,-0.0,0.0
3.312835216522217,0.3,0.0,0.0,-0.008075128838119429,-0.014071914841141736,-0.0033756689890509887,-0.8999999999999999,-0.0,0.0
3.312866687774658,0.3,0.0,0.0,-0.007799340522863322,-0.0089221867914756,0.0019724528132474325,-0.8999999999999999,-0.0,0.0
3.312894582748413,0.3,0.0,0.0,0.0008108953783441017,-0.016062748240138546,0.0017586233457354253,-0.8999999999999999,-0.0,0.0
3.3129165172576904,0.3,0.0,0.0,-0.010327993057817618,-0.016598160428683378,-0.0018224718891430452,-0.8999999999999999,-0.0,0.0
3.3129587173461914,0.3,0.0,0.0,-0.010756266293247172,-0.02041568877756559,0.004245531441088729,-0.8999999999999999,-0.0,0.0
3.312999725341797,0.3,0.0,0.0,-0.010124153843305408,-0.0124955917400398,-0.004367856990879382,-0.8999999999999999,-0.0,0.0
3.313039541244507,0.3,0.0,0.0,-0.005190449981631908,-0.007344055393766712,-0.001685541462148381,-0.8999999999999999,-0.0,0.0
3.3130807876586914,0.3,0.0,0.0,-0.008526058041658666,-0.013564927404148816,0.0009224122457078457,-0.8999999999999999,-0.0,0.0
3.3542442321777344,0.3,0.0,0.0,-0.021133378856152095,-0.0032976626389722274,-0.00037575984966429555,-0.8999999999999999,-0.0,0.0
3.3543689250946045,0.3,0.0,0.0,-0.022425703101567857,0.004070546888009335,-0.008128950509241952,-0.8999999999999999,-0.0,0.0
3.3544154167175293,0.3,0.0,0.0,-0.013005263044417391,-0.013714238806058638,-0.008045708729171605,-0.8999999999999999,-0.0,0.0
3.354454278945923,0.3,0.0,0.0,-0.021619397420732846,-0.006599289228395162,-0.0009827393552983847,-0.8999999999999999,-0.0,0.0
3.3544929027557373,0.3,0.0,0.0,-0.010066176305019927,-0.012765295081860714,-0.012892832024920331,-0.8999999999999999,-0.0,0.0
3.354529857635498,0.3,0.0,0.0,-0.015733056080053136,-0.0041442949049911235,-0.005788772393836044,-0.8999999999999999,-0.0,0.0
3.354567766189575,0.3,0.0,0.0,-0.011233911509540416,0.014868547222081656,-0.003324854335534822,-0.8999999999999999,-0.0,0.0
3.3546085357666016,0.3,0.0,0.0,-0.01646950494549301,-0.006617575011631987,-0.0032361712083297982,-0.8999999999999999,-0.0,0.0
3.3546462059020996,0.3,0.0,0.0,-0.0014161520064387512,-0.013269266016250229,-0.009219135745819534,-0.8999999999999999,-0.0,0.0
3.3546841144561768,0.3,0.0,0.0,-0.0052274122726763475,-0.012226529567909455,-0.005786607181222645,-0.8999999999999999,-0.0,0.0
3.406055450439453,0.3,0.0,0.0,-0.0017899021890816034,-0.01771078368981426,-0.0015886879146831269,-0.8999999999999999,-0.0,0.0
3.4062047004699707,0.3,0.0,0.0,-0.0021250043834574505,-0.02405129584151536,-0.01272932010786245,-0.8999999999999999,-0.0,0.0
3.4062633514404297,0.3,0.0,0.0,-0.0021061153057939136,-0.010880677016248782,-0.015748449834844688,-0.8999999999999999,-0.0,0.0
3.406311273574829,0.3,0.0,0.0,-0.003912472754160871,-0.020160078250726434,-0.01607168037690158,-0.8999999999999999,-0.0,0.0
3.4063518047332764,0.3,0.0,0.0,-0.01856702955386267,-0.02863126153977159,-0.004564235502328741,-0.8999999999999999,-0.0,0.0
3.406390428543091,0.3,0.0,0.0,-0.02635281032851683,-0.024194600048946566,0.0013252596662244147,-0.8999999999999999,-0.0,0.0
3.4064300060272217,0.3,0.0,0.0,-0.036240364696280364,-0.02190757280707919,-0.003367916412885453,-0.8999999999999999,-0.0,0.0
3.4064667224884033,0.3,0.0,0.0,-0.011439206258887948,-0.0224977864004349,-0.0037699663035974077,-0.8999999999999999,-0.0,0.0
3.406503915786743,0.3,0.0,0.0,-0.0037682511411266223,-0.021581663925216765,-0.00965801497785247,-0.8999999999999999,-0.0,0.0
3.4065499305725098,0.3,0.0,0.0,-0.016046374507315442,-0.018765104773816196,-0.005365404870293097,-0.8999999999999999,-0.0,0.0
3.4476797580718994,0.3,0.0,0.0,-0.007693118480148265,-0.020353407148286942,-0.00866760304729234,-0.8999999999999999,-0.0,0.0
3.447819471359253,0.3,0.0,0.0,-0.008070263684260308,-0.011072781651582672,-0.0159952150364944,-0.8999999999999999,-0.0,0.0
3.447880506515503,0.3,0.0,0.0,-0.016782481258774667,-0.01324225537422462,-0.014188057039193198,-0.8999999999999999,-0.0,0.0
3.447932243347168,0.3,0.0,0.0,-0.0019078204214866754,-0.0007413558760326604,-0.0005790584322222314,-0.8999999999999999,-0.0,0.0
3.4479846954345703,0.3,0.0,0.0,-0.004100404867816225,-0.008109883768493158,0.0007597454323477205,-0.8999999999999999,-0.0,0.0
3.448030471801758,0.3,0.0,0.0,0.009310790225169193,-0.004429497145366848,-0.0067569884942936765,-0.8999999999999999,-0.0,0.0
3.448073387145996,0.3,0.0,0.0,-0.00036946364340778717,-0.009845234643285086,-0.007699528805544989,-0.8999999999999999,-0.0,0.0
3.4481399059295654,0.3,0.0,0.0,-0.006089835551485934,-0.015899747764888228,0.0004837615147970502,-0.8999999999999999,-0.0,0.0
3.448190450668335,0.3,0.0,0.0,-0.004330048474334313,-0.020387205169966498,-0.007501333393649078,-0.8999999999999999,-0.0,0.0
3.448235273361206,0.3,0.0,0.0,0.004923312680653704,-0.017993604899404717,-0.008719472521692369,-0.8999999999999999,-0.0,0.0
3.4895617961883545,0.3,0.0,0.0,-0.010337400078345925,-0.012429999908011805,-0.01429176559676544,-0.8999999999999999,-0.0,0.0
3.4896981716156006,0.3,0.0,0.0,-0.0062329986014870355,-0.01496445089837518,-0.011485544017189687,-0.8999999999999999,-0.0,0.0
3.489753007888794,0.3,0.0,0.0,-0.002457922636227588,-0.008118564582457025,0.001517953302582979,-0.8999999999999999,-0.0,0.0
3.4898011684417725,0.3,0.0,0.0,-0.015167975388197074,-0.009000036830417675,-0.01111097946575788,-0.8999999999999999,-0.0,0.0
3.4898455142974854,0.3,0.0,0.0,-0.01297666745220832,-0.01424802316648184,-0.01399925000249522,-0.8999999999999999,-0.0,0.0
3.489887237548828,0.3,0.0,0.0,-0.019996952676100244,-0.028554235815913924,-0.00294776045887679,-0.8999999999999999,-0.0,0.0
3.4899299144744873,0.3,0.0,0.0,-0.01580872940227716,-0.010032724319327719,-0.004952155920585983,-0.8999999999999999,-0.0,0.0
3.4899702072143555,0.3,0.0,0.0,-0.017102654099931325,-0.005282910655410111,-0.009771657337260004,-0.8999999999999999,-0.0,0.0
3.490010976791382,0.3,0.0,0.0,-0.011770913258709591,-0.008532398542857336,-0.0038633794227703874,-0.8999999999999999,-0.0,0.0
3.4900503158569336,0.3,0.0,0.0,-0.002930416712736997,-0.0191520580679831,-0.0025580282620158946,-0.8999999999999999,-0.0,0.0
3.5315866470336914,0.3,0.0,0.0,-0.015112588267466202,-0.016758178345066512,-0.0055724254037151115,-0.8999999999999999,-0.0,0.0
3.5317025184631348,0.3,0.0,0.0,-0.0067984016339786655,-0.026446656004312112,-0.000672443776599523,-0.8999999999999999,-0.0,0.0
3.531731605529785,0.3,0.0,0.0,-0.02281853198399809,-0.00879197614991688,-0.012185198241054917,-0.8999999999999999,-0.0,0.0
3.5317540168762207,0.3,0.0,0.0,-0.00858464790480218,-0.0076352884728870165,-0.01613873533068897,-0.8999999999999999,-0.0,0.0
3.531799554824829,0.3,0.0,0.0,-0.01388021533542874,-0.013872052059642077,-0.014092098019806118,-0.8999999999999999,-0.0,0.0
3.5318403244018555,0.3,0.0,0.0,-0.012272595743563982,-0.006575965060179538,-0.012627316797760317,-0.8999999999999999,-0.0,0.0
3.5318610668182373,0.3,0.0,0.0,-0.007061169760946468,-0.013037514602495182,-0.008176550946042081,-0.8999999999999999,-0.0,0.0
3.5318806171417236,0.3,0.0,0.0,-0.008062301757251896,-0.013712271120220243,-0.013516331683488363,-0.8999999999999999,-0.0,0.0
3.5318984985351562,0.3,0.0,0.0,-0.001683351984806845,-0.005154571916657758,-0.002644969572528003,-0.8999999999999999,-0.0,0.0
3.531954765319824,0.3,0.0,0.0,-0.0028608179833410395,-0.011323209163071415,-0.0009429750447643873,-0.8999999999999999,-0.0,0.0
3.573005199432373,0.3,0.0,0.0,0.0005788318601478472,-0.020803988154163622,-0.0027601949145709417,-0.8999999999999999,-0.0,0.0
3.5731091499328613,0.3,0.0,0.0,-0.0070481765045723906,-0.015022618213688456,0.001625677401989665,-0.8999999999999999,-0.0,0.0
3.573139190673828,0.3,0.0,0.0,-0.010474737252226566,-0.012232599426217568,-0.008442364536140355,-0.8999999999999999,-0.0,0.0
3.5731658935546875,0.3,0.0,0.0,-0.002353288887241039,-0.016325967942753327,-0.0010486662507895555,-0.8999999999999999,-0.0,0.0
3.573190450668335,0.3,0.0,0.0,0.00019904665203243594,-0.01940810824230991,-0.0013103580316383412,-0.8999999999999999,-0.0,0.0
3.573213577270508,0.3,0.0,0.0,0.00345760567817294,-0.014243962103615875,-0.006480566231716355,-0.8999999999999999,-0.0,0.0
3.5732364654541016,0.3,0.0,0.0,-0.003112775003589552,-0.015218015281807096,-0.007731267998755684,-0.8999999999999999,-0.0,0.0
3.573258876800537,0.3,0.0,0.0,-0.009620085649397588,-0.003722037156024096,0.0041331312347226735,-0.8999999999999999,-0.0,0.0
3.573280096054077,0.3,0.0,0.0,-0.014547343376612669,-0.004747269369107222,0.006906407426905987,-0.8999999999999999,-0.0,0.0
3.57330060005188,0.3,0.0,0.0,-0.004945542752053127,-0.004527723229207582,0.0040527537656938105,-0.8999999999999999,-0.0,0.0
3.614358901977539,0.3,0.0,0.0,0.008450980460896136,-0.012809137547424326,-0.004132999271510192,-0.8999999999999999,-0.0,0.0
3.6144604682922363,0.3,0.0,0.0,-0.009046983981332822,-0.011152124249146802,0.004417613295214287,-0.8999999999999999,-0.0,0.0
3.6144864559173584,0.3,0.0,0.0,-0.0027920419496888092,-0.002557090997694112,-0.005343804666090791,-0.8999999999999999,-0.0,0.0
3.6145079135894775,0.3,0.0,0.0,0.0053597901606947515,-0.005688212596331823,-0.004941192533360141,-0.8999999999999999,-0.0,0.0
3.614527940750122,0.3,0.0,0.0,-0.000414334799747998,-0.014146022154383429,-0.00371409345901101,-0.8999999999999999,-0.0,0.0
3.6145482063293457,0.3,0.0,0.0,-0.015160615013590208,-0.011175239529851177,-0.004325197558936848,-0.8999999999999999,-0.0,0.0
3.6145660877227783,0.3,0.0,0.0,-0.01837441559855398,-0.007354744567336853,0.0004167370728410183,-0.8999999999999999,-0.0,0.0
3.614584445953369,0.3,0.0,0.0,-0.011366992699506018,-0.02667454371833987,-0.006236713598363911,-0.8999999999999999,-0.0,0.0
3.6146018505096436,0.3,0.0,0.0,-0.003931022281067902,-0.008290997077357191,-0.0032101616753668614,-0.8999999999999999,-0.0,0.0
3.614619016647339,0.3,0.0,0.0,-0.02031839586253397,-0.005635906079881361,-0.009326143891517261,-0.8999999999999999,-0.0,0.0
3.6556806564331055,0.3,0.0,0.0,-0.016147726181040514,-0.002022889035200139,-0.012865147497419715,-0.8999999999999999,-0.0,0.0
3.6558053493499756,0.3,0.0,0.0,-0.0003535741743285683,-0.00938703606345595,-0.011867939731689266,-0.8999999999999999,-0.0,0.0
3.6558492183685303,0.3,0.0,0.0,-0.012630052423452444,-0.012025545227304448,-0.006701305979304061,-0.8999999999999999,-0.0,0.0
3.655883312225342,0.3,0.0,0.0,-0.021114790994074966,-0.010570952532970019,0.002225138896055445,-0.8999999999999999,-0.0,0.0
3.655916690826416,0.3,0.0,0.0,-0.03104140304884556,-0.012555122358505233,-0.00844372646551574,-0.8999999999999999,-0.0,0.0
3.655949831008911,0.3,0.0,0.0,-0.023375216382139626,-0.009334115965578194,0.0009722456623678097,-0.8999999999999999,-0.0,0.0
3.655982255935669,0.3,0.0,0.0,-0.012299737471800857,-0.006618851331019464,-0.006958458844224375,-0.8999999999999999,-0.0,0.0
3.656014919281006,0.3,0.0,0.0,-0.015814500314146725,-0.017440140538249414,-0.008777998676192444,-0.8999999999999999,-0.0,0.0
3.656050205230713,0.3,0.0,0.0,-0.010659168749956035,-0.00809520074707892,0.003869876593254881,-0.8999999999999999,-0.0,0.0
3.6560816764831543,0.3,0.0,0.0,-0.009580826879854648,0.00287210696513984,0.0052031370286534945,-0.8999999999999999,-0.0,0.0
3.707491874694824,0.3,0.0,0.0,-0.0038890743297707565,-0.0023889061614174797,0.003798675357122596,-0.8999999999999999,-0.0,0.0
3.70763897895813,0.3,0.0,0.0,-0.013415725033954249,-0.005053401403308948,0.000444600552981553,-0.8999999999999999,-0.0,0.0
3.7077035903930664,0.3,0.0,0.0,-0.013705716873413565,0.004458350984668506,-0.0027310312369326004,-0.8999999999999999,-0.0,0.0
3.7077512741088867,0.3,0.0,0.0,-0.02441423389341314,0.0002598564337128657,-0.00810948378932061,-0.8999999999999999,-0.0,0.0
3.707796812057495,0.3,0.0,0.0,-0.018848993422052686,-0.008556948698044613,-0.005660346862229159,-0.8999999999999999,-0.0,0.0
3.7078397274017334,0.3,0.0,0.0,-0.020392965976463198,-0.013106418850504115,-0.01057319524017767,-0.8999999999999999,-0.0,0.0
3.7078804969787598,0.3,0.0,0.0,-0.0006275765259718969,-0.0009973597268562358,-0.01775132477804306,-0.8999999999999999,-0.0,0.0
3.707923650741577,0.3,0.0,0.0,-0.002766454383302087,-0.004090163664005336,-0.011244898024358988,-0.8999999999999999,-0.0,0.0
3.7079622745513916,0.3,0.0,0.0,0.0008953826315737819,8.434806659294912e-05,-0.0053823958072283925,-0.8999999999999999,-0.0,0.0
3.70801043510437,0.3,0.0,0.0,-0.0018539233172365991,-0.007611994509853476,-0.014943887981715644,-0.8999999999999999,-0.0,0.0
3.74916934967041,0.3,0.0,0.0,0.0015770588320298,-0.020457663082823502,-0.007515654020072041,-0.8999999999999999,-0.0,0.0
3.7493085861206055,0.3,0.0,0.0,0.00209258778964934,-0.01932561016526719,-0.0032648873848186324,-0.8999999999999999,-0.0,0.0
3.7493650913238525,0.3,0.0,0.0,0.003351322195936959,-0.017691795929502027,-0.006024827529406173,-0.8999999999999999,-0.0,0.0
3.7494094371795654,0.3,0.0,0.0,0.015807720764185854,-0.013195948312794834,-0.01253719901335899,-0.8999999999999999,-0.0,0.0
3.7494475841522217,0.3,0.0,0.0,-0.004463543114769177,-0.015074823112628706,-0.0110108158844694,-0.8999999999999999,-0.0,0.0
3.7494876384735107,0.3,0.0,0.0,-0.002899067305589181,-0.025009036068360295,-0.008449722746088793,-0.8999999999999999,-0.0,0.0
3.7495276927948,0.3,0.0,0.0,-0.003519538461431001,-0.023577587321737516,-0.0046632614212945445,-0.8999999999999999,-0.0,0.0
3.7495670318603516,0.3,0.0,0.0,0.004750667694021961,-0.014008000578459936,0.0024716752166765122,-0.8999999999999999,-0.0,0.0
3.749617099761963,0.3,0.0,0.0,-0.004055715942416661,-0.013135367888397401,-0.003521060676400791,-0.8999999999999999,-0.0,0.0
3.7496590614318848,0.3,0.0,0.0,-0.006949426099902241,-0.012155075075441205,-0.0016081834437078747,-0.8999999999999999,-0.0,0.0
3.7909483909606934,0.3,0.0,0.0,0.0020235201112501137,-0.02005695028084725,0.00017991448405182107,-0.8999999999999999,-0.0,0.0
3.7910802364349365,0.3,0.0,0.0,-0.0017728529363467615,-0.01658870175946047,6.403710158039165e-05,-0.8999999999999999,-0.0,0.0
3.7911376953125,0.3,0.0,0.0,0.0066067651158898425,-0.008352171300434166,0.006387741388057532,-0.8999999999999999,-0.0,0.0
3.791181802749634,0.3,0.0,0.0,0.006837007336754806,0.0014855938665940128,-0.00314972777469173,-0.8999999999999999,-0.0,0.0
3.791428327560425,0.3,0.0,0.0,-0.00595411268194833,-0.015701266249027068,-0.000858593187921396,-0.8999999999999999,-0.0,0.0
3.791492223739624,0.3,0.0,0.0,-0.0027630879472691034,-0.012737654962583772,-0.010387560853588943,-0.8999999999999999,-0.0,0.0
3.791545867919922,0.3,0.0,0.0,0.00030689796971969087,-0.0176712284316022,-0.0022169426977688683,-0.8999999999999999,-0.0,0.0
3.7915942668914795,0.3,0.0,0.0,0.004319509695979951,-0.01831782578601617,0.001654236012818649,-0.8999999999999999,-0.0,0.0
3.791635513305664,0.3,0.0,0.0,-0.011742748917569988,-0.01653128289436601,0.002802473524416453,-0.8999999999999999,-0.0,0.0
3.8327813148498535,0.3,0.0,0.0,-0.004486037029522975,-0.0071634016426300315,-0.008366360904315133,-0.8999999999999999,-0.0,0.0
3.832876205444336,0.3,0.0,0.0,-0.007477510062708184,9.534884293513358e-05,-0.006097848090453366,-0.8999999999999999,-0.0,0.0
3.8329076766967773,0.3,0.0,0.0,0.0006567570440789641,0.000867008737494044,-2.1347007539389656e-05,-0.8999999999999999,-0.0,0.0
3.8329317569732666,0.3,0.0,0.0,-0.004186448796559451,0.0031147808137909324,0.00030426017893520334,-0.8999999999999999,-0.0,0.0
3.832953929901123,0.3,0.0,0.0,-0.01085867323706882,-0.009777617168449586,-0.005664623225712179,-0.8999999999999999,-0.0,0.0
3.8329708576202393,0.3,0.0,0.0,-9.266143875614937e-05,-0.009579721382848913,-0.012190834483789647,-0.8999999999999999,-0.0,0.0
3.832988977432251,0.3,0.0,0.0,-0.016241856145949862,-0.016056208444930605,0.00023545454441196526,-0.8999999999999999,-0.0,0.0
3.8330066204071045,0.3,0.0,0.0,-0.004172573360678758,-0.01761677381040924,-0.006082557825399591,-0.8999999999999999,-0.0,0.0
3.8330235481262207,0.3,0.0,0.0,-0.013955690050662975,-0.013200469395645354,0.005874164228553767,-0.8999999999999999,-0.0,0.0
3.8330395221710205,0.3,0.0,0.0,-0.0062264399933509,-0.018632920548049332,0.0004333385191103821,-0.8999999999999999,-0.0,0.0
3.8741443157196045,0.3,0.0,0.0,0.003209094481438802,-0.010241079591891323,-0.005073531448394619,-0.8999999999999999,-0.0,0.0
3.874293804168701,0.3,0.0,0.0,-0.002260539143016568,-0.02424079697309186,-0.00796599563892091,-0.8999999999999999,-0.0,0.0
3.8743510246276855,0.3,0.0,0.0,0.0038596647666950886,-0.022561414543815193,0.0019332799991500101,-0.8999999999999999,-0.0,0.0
3.874394416809082,0.3,0.0,0.0,0.002900308322174614,-0.021144590195665006,-0.0009851632063092818,-0.8999999999999999,-0.0,0.0
3.874441146850586,0.3,0.0,0.0,0.007313506637930196,-0.02405051609060954,0.005061293150003558,-0.8999999999999999,-0.0,0.0
3.874483585357666,0.3,0.0,0.0,-0.004891595934857654,-0.01651266916019684,-0.01016157185842002,-0.8999999999999999,-0.0,0.0
3.874521493911743,0.3,0.0,0.0,-0.005387659884479704,-0.016637013323989997,-0.0003677755997853789,-0.8999999999999999,-0.0,0.0
3.874561309814453,0.3,0.0,0.0,-0.0013294870747377811,-0.004415321603401816,-0.0095314481714153,-0.8999999999999999,-0.0,0.0
3.874598741531372,0.3,0.0,0.0,-0.016526229379675333,-0.004663336639860292,-0.014935063750752778,-0.8999999999999999,-0.0,0.0
3.874635934829712,0.3,0.0,0.0,-0.007065059022760566,0.0021165964154138393,-0.004617388780648554,-0.8999999999999999,-0.0,0.0
3.9156644344329834,0.3,0.0,0.0,0.002083666717669898,-0.004389136261377305,-0.003262495146975744,-0.8999999999999999,-0.0,0.0
3.9157581329345703,0.3,0.0,0.0,-0.0008811384818754157,-0.01521882100802043,0.0063063953275749205,-0.8999999999999999,-0.0,0.0
3.915786027908325,0.3,0.0,0.0,-0.0023079292528283618,-0.010921309956327691,-0.0072910469281935505,-0.8999999999999999,-0.0,0.0
3.9158084392547607,0.3,0.0,0.0,-3.580362824106613e-05,-0.03017956567298537,-0.007658745919190713,-0.8999999999999999,-0.0,0.0
3.9158363342285156,0.3,0.0,0.0,-0.0068930549902842765,-0.019107288226334177,-0.006219368213167464,-0.8999999999999999,-0.0,0.0
3.9158546924591064,0.3,0.0,0.0,-0.012960972204773262,-0.018288697426807304,-0.012736479356969688,-0.8999999999999999,-0.0,0.0
3.915877103805542,0.3,0.0,0.0,-0.01434568656962796,-0.018689812391921485,-0.008681558224580674,-0.8999999999999999,-0.0,0.0
3.9158976078033447,0.3,0.0,0.0,-0.006342899712201143,-0.013223110877532293,-0.0026631042053298607,-0.8999999999999999,-0.0,0.0
3.9159138202667236,0.3,0.0,0.0,-0.013526549644886834,-0.018274893380316303,-0.007936762012968945,-0.8999999999999999,-0.0,0.0
3.9159295558929443,0.3,0.0,0.0,-0.002826233689011814,-0.019850571019719484,-0.011082270684536644,-0.8999999999999999,-0.0,0.0
3.957101345062256,0.3,0.0,0.0,-0.007218196919240682,-0.008209262694837098,-0.01435724909651817,-0.8999999999999999,-0.0,0.0
3.9572436809539795,0.3,0.0,0.0,-0.006531314893941164,-0.013874184891875193,-0.0018713021920429564,-0.8999999999999999,-0.0,0.0
3.9573018550872803,0.3,0.0,0.0,-0.006810444427767061,-0.026216925555241456,-0.005398667310153093,-0.8999999999999999,-0.0,0.0
3.9573493003845215,0.3,0.0,0.0,-0.0019239533355407301,-0.025979194915084304,-0.015542540947976493,-0.8999999999999999,-0.0,0.0
3.9573934078216553,0.3,0.0,0.0,0.0026508257165554967,-0.012979802090786719,-0.0015652601717646886,-0.8999999999999999,-0.0,0.0
3.957437038421631,0.3,0.0,0.0,-0.010422246081011596,-0.008451480904229581,-0.005079102731395403,-0.8999999999999999,-0.0,0.0
3.957479238510132,0.3,0.0,0.0,0.0017627875830414153,0.00018103168953547612,-0.005625974392861106,-0.8999999999999999,-0.0,0.0
3.9575228691101074,0.3,0.0,0.0,-0.0023563848332999178,-0.004928752346265502,-0.0023028255364527976,-0.8999999999999999,-0.0,0.0
3.957563638687134,0.3,0.0,0.0,-0.018391550066409808,-0.0027350559183287717,-0.002446247033271715,-0.8999999999999999,-0.0,0.0
3.9576046466827393,0.3,0.0,0.0,-0.004184339511862297,-0.005372386231595926,-0.00582605342043455,-0.8999999999999999,-0.0,0.0
4.0088465213775635,0.3,0.0,0.0,-0.019159804060559858,-0.014335938210663994,-0.0018869310300485822,-0.8999999999999999,-0.0,0.0
4.0089826583862305,0.3,0.0,0.0,-0.0026729104434924053,-0.01100773554092734,0.004497554636942164,-0.8999999999999999,-0.0,0.0
4.009036540985107,0.3,0.0,0.0,-0.007843453767232481,-0.018249346680351643,-0.004768538996958651,-0.8999999999999999,-0.0,0.0
4.009079694747925,0.3,0.0,0.0,0.007397732274038113,-0.017995577972628605,0.006401267414493693,-0.8999999999999999,-0.0,0.0
4.009121656417847,0.3,0.0,0.0,0.00029320031846361754,-0.021130877863699656,-0.002558897180085894,-0.8999999999999999,-0.0,0.0
4.009167909622192,0.3,0.0,0.0,-0.009378384666754426,-0.014608152847625221,-0.004485681502643875,-0.8999999999999999,-0.0,0.0
4.009209632873535,0.3,0.0,0.0,-0.0020781154539443705,-0.010662737126785254,0.0051835023360241065,-0.8999999999999999,-0.0,0.0
4.009251832962036,0.3,0.0,0.0,-0.005320262517685164,-0.0075766218716097,0.003490709567165142,-0.8999999999999999,-0.0,0.0
4.009293556213379,0.3,0.0,0.0,-0.014512874520149438,-0.009073398238888558,0.010575829210550471,-0.8999999999999999,-0.0,0.0
4.009334087371826,0.3,0.0,0.0,-0.011677532755306586,0.0006173698509199202,-0.001920211746459669,-0.8999999999999999,-0.0,0.0
4.050397872924805,0.3,0.0,0.0,-0.014987996469981179,0.006602089197104712,-0.005538479577628881,-0.8999999999999999,-0.0,0.0
4.050534009933472,0.3,0.0,0.0,-0.0035953306212269122,-0.002887998020111819,-0.00810353200799767,-0.8999999999999999,-0.0,0.0
4.050582408905029,0.3,0.0,0.0,-0.012399810193549504,-0.0007008513159277146,-0.009021529346076713,-0.8999999999999999,-0.0,0.0
4.0506274700164795,0.3,0.0,0.0,-0.0040965379906478545,-0.005759980377964823,-0.0072314227854728035,-0.8999999999999999,-0.0,0.0
4.050666332244873,0.3,0.0,0.0,-0.00048151904104447996,-0.014042109202007123,0.0056294863143487115,-0.8999999999999999,-0.0,0.0
4.050711631774902,0.3,0.0,0.0,-0.0007925650127136675,-0.009246875163333978,-0.0075239788461973255,-0.8999999999999999,-0.0,0.0
4.0507612228393555,0.3,0.0,0.0,-0.007240881906062173,-0.014304875679700202,-9.428839275130255e-05,-0.8999999999999999,-0.0,0.0
4.05080771446228,0.3,0.0,0.0,-0.008099930063252568,-0.01403692510337835,-0.005881904882619726,-0.8999999999999999,-0.0,0.0
4.050853490829468,0.3,0.0,0.0,0.006912065677668918,-0.013597862437886233,0.00475800995699388,-0.8999999999999999,-0.0,0.0
4.051074743270874,0.3,0.0,0.0,0.0029944778488807857,-0.02835645392881803,-0.0028742858095155603,-0.8999999999999999,-0.0,0.0
4.092351675033569,0.3,0.0,0.0,-0.0073294932850766865,-0.01751403173844203,-0.010592606999093365,-0.8999999999999999,-0.0,0.0
4.092485189437866,0.3,0.0,0.0,0.004031100991962987,-0.018913868757543615,-0.007296639341933309,-0.8999999999999999,-0.0,0.0
4.092538118362427,0.3,0.0,0.0,-0.004595652264222688,-0.01517721439024657,-0.013099501194560551,-0.8999999999999999,-0.0,0.0
4.09258246421814,0.3,0.0,0.0,-0.0028465491968255744,-0.016857160754213986,-0.022165220112821543,-0.8999999999999999,-0.0,0.0
4.092623710632324,0.3,0.0,0.0,-0.0076073842569962845,-0.0042822441346143485,-0.015311311051219233,-0.8999999999999999,-0.0,0.0
4.092665910720825,0.3,0.0,0.0,-0.006525351565241987,-0.008144353638831748,-0.015184357235765854,-0.8999999999999999,-0.0,0.0
4.0927064418792725,0.3,0.0,0.0,-0.010874345143925618,-0.0074356835508532955,-0.004514573557225218,-0.8999999999999999,-0.0,0.0
4.092746734619141,0.3,0.0,0.0,-0.010403245910088711,-0.017141745892324083,-0.0020762447807523557,-0.8999999999999999,-0.0,0.0
4.092785358428955,0.3,0.0,0.0,-0.018341601777599664,-0.01305174190068204,-0.001972138901417614,-0.8999999999999999,-0.0,0.0
4.09282374382019,0.3,0.0,0.0,-0.011151684583683836,-0.014187215518550764,-0.0022145006043506957,-0.8999999999999999,-0.0,0.0
4.133871793746948,0.3,0.0,0.0,-0.011437201175182845,-0.013336776826596798,-0.0008822857859657769,-0.8999999999999999,-0.0,0.0
4.134213447570801,0.3,0.0,0.0,1.1271126675483192e-05,-0.019402754927042614,-0.00868572292436318,-0.8999999999999999,-0.0,0.0
4.134291648864746,0.3,0.0,0.0,-0.01537819341065091,-0.027576351768016608,-0.009725759758213283,-0.8999999999999999,-0.0,0.0
4.1343419551849365,0.3,0.0,0.0,-0.009105851660349978,-0.026439798697029622,-0.002940409663666946,-0.8999999999999999,-0.0,0.0
4.134394407272339,0.3,0.0,0.0,-0.013685287871114562,-0.015403094641878822,-0.0008424333171524428,-0.8999999999999999,-0.0,0.0
4.134436845779419,0.3,0.0,0.0,-0.00754095616126382,-0.009131966823871053,0.0023314289497572333,-0.8999999999999999,-0.0,0.0
4.134522438049316,0.3,0.0,0.0,-0.013836871955405018,-0.011603877762802747,0.0018317662296051687,-0.8999999999999999,-0.0,0.0
4.13457179069519,0.3,0.0,0.0,-0.00910771752569061,-0.007370730116493088,-0.001933926795793528,-0.8999999999999999,-0.0,0.0
4.134615659713745,0.3,0.0,0.0,-0.0015498654391857744,-0.007098687425652923,-0.00577233839931596,-0.8999999999999999,-0.0,0.0
4.134653806686401,0.3,0.0,0.0,-0.007587130241979146,-0.012699848948148686,-0.006043909436627278,-0.8999999999999999,-0.0,0.0
4.175784587860107,0.3,0.0,0.0,-0.014507867591518626,-0.020129927256421473,-0.0035362741839349192,-0.8999999999999999,-0.0,0.0
4.175928115844727,0.3,0.0,0.0,-0.013670672689147697,-0.024232730517238857,-0.002889138871638379,-0.8999999999999999,-0.0,0.0
4.1759912967681885,0.3,0.0,0.0,-0.01200401492625749,-0.028693608027319316,-0.005654889707215113,-0.8999999999999999,-0.0,0.0
4.176039934158325,0.3,0.0,0.0,-0.014157720694780778,-0.022143621977021726,0.001283102872495909,-0.8999999999999999,-0.0,0.0
4.176090717315674,0.3,0.0,0.0,-0.01774134262859767,-0.020302298142422393,0.00019664969692430643,-0.8999999999999999,-0.0,0.0
4.1761674880981445,0.3,0.0,0.0,-0.004511987917382127,-0.0186585154470934,-0.0065570985735836545,-0.8999999999999999,-0.0,0.0
4.176215410232544,0.3,0.0,0.0,-0.020945165121527814,-0.019241968718136743,-0.0009352058828412827,-0.8999999999999999,-0.0,0.0
4.176255226135254,0.3,0.0,0.0,-0.01174881870715665,-0.01781676841886791,-0.008475057337958157,-0.8999999999999999,-0.0,0.0
4.176295757293701,0.3,0.0,0.0,-0.013611864567553806,-0.008161629093827418,-0.007943883813242084,-0.8999999999999999,-0.0,0.0
4.176336765289307,0.3,0.0,0.0,-0.012091197695230335,-0.011731834655278037,-0.01461855967162293,-0.8999999999999999,-0.0,0.0
4.217813014984131,0.3,0.0,0.0,-0.004140526868302272,-0.016841081797876366,-0.015443190527584787,-0.8999999999999999,-0.0,0.0
4.217955112457275,0.3,0.0,0.0,-0.011837073783337848,-0.015962916082110448,-0.0036480805523177577,-0.8999999999999999,-0.0,0.0
4.218014478683472,0.3,0.0,0.0,-0.01004734372227328,-0.024539717955117477,-0.0017372760596288763,-0.8999999999999999,-0.0,0.0
4.218061685562134,0.3,0.0,0.0,-0.01683836413579776,-0.00886336716135754,0.00483228460035563,-0.8999999999999999,-0.0,0.0
4.218106746673584,0.3,0.0,0.0,0.001012769139791622,-0.0028221645706930634,-0.0013026863838473712,-0.8999999999999999,-0.0,0.0
4.218151569366455,0.3,0.0,0.0,-0.004530682694742546,-0.001968540873522412,-0.010988594785656421,-0.8999999999999999,-0.0,0.0
4.218190431594849,0.3,0.0,0.0,-0.004970507946264469,0.0014165742786200568,-0.009172600375762976,-0.8999999999999999,-0.0,0.0
4.218229293823242,0.3,0.0,0.0,0.003099606748083423,-0.014926708391760985,-0.006353047888788504,-0.8999999999999999,-0.0,0.0
4.218270778656006,0.3,0.0,0.0,-0.0026537568385353503,-0.010058178993681596,0.0029603985087189853,-0.8999999999999999,-0.0,0.0
4.218313217163086,0.3,0.0,0.0,0.0006536934360670702,-0.016602339822000857,0.011862494011147837,-0.8999999999999999,-0.0,0.0
4.2595860958099365,0.3,0.0,0.0,0.010094873685544915,-0.017787583987695303,-0.006267964231313359,-0.8999999999999999,-0.0,0.0
4.259733200073242,0.3,0.0,0.0,0.009405353326449586,-0.015077713492057753,-0.010405535642839924,-0.8999999999999999,-0.0,0.0
4.259807825088501,0.3,0.0,0.0,0.0024060790700089745,-0.013690449948668866,-0.00011593954597314934,-0.8999999999999999,-0.0,0.0
4.259860038757324,0.3,0.0,0.0,-0.00718269617807093,-0.0116397591202239,-0.00804442253067456,-0.8999999999999999,-0.0,0.0
4.259905099868774,0.3,0.0,0.0,0.0056677981915335225,-0.004550595310260566,-0.004029656947794442,-0.8999999999999999,-0.0,0.0
4.259954452514648,0.3,0.0,0.0,-0.0067561048531752845,0.009901701363012468,0.0014682567577178909,-0.8999999999999999,-0.0,0.0
4.25999903678894,0.3,0.0,0.0,0.0036661591395088797,0.003237974051985729,-0.009100279603897438,-0.8999999999999999,-0.0,0.0
4.260042190551758,0.3,0.0,0.0,-0.003736004642976655,0.003672674620473793,-0.010386220502775712,-0.8999999999999999,-0.0,0.0
4.26008415222168,0.3,0.0,0.0,0.0008160199592299343,-0.009069332175057248,-0.019678981791047684,-0.8999999999999999,-0.0,0.0
4.260168552398682,0.3,0.0,0.0,-0.0020310961665309006,0.00921744541391998,-0.01209362352133046,-0.8999999999999999,-0.0,0.0
4.301391363143921,0.3,0.0,0.0,-0.0077425475633139335,-0.01570167191916962,-0.012057849519277544,-0.8999999999999999,-0.0,0.0
4.301533460617065,0.3,0.0,0.0,-0.00264609765148664,-0.01029758138447402,-0.012535901765969295,-0.8999999999999999,-0.0,0.0
4.3015851974487305,0.3,0.0,0.0,-0.011932066307373963,-0.01015313102134957,-0.015509613797598033,-0.8999999999999999,-0.0,0.0
4.301628112792969,0.3,0.0,0.0,-0.01688312179182569,-0.013822738985694166,-0.01681897645167993,-0.8999999999999999,-0.0,0.0
4.301674127578735,0.3,0.0,0.0,-0.006356720635852597,-0.011425481231808043,-0.009603530718510053,-0.8999999999999999,-0.0,0.0
4.301716327667236,0.3,0.0,0.0,-0.00798130909415307,-0.016207629691043526,-0.0028662734699643126,-0.8999999999999999,-0.0,0.0
4.301753997802734,0.3,0.0,0.0,0.00027468399629774863,-0.013031919196414098,-0.012103959801896094,-0.8999999999999999,-0.0,0.0
4.301793575286865,0.3,0.0,0.0,-0.006180655863843544,-0.011601813125042597,-0.009145052699018155,-0.8999999999999999,-0.0,0.0
4.301830053329468,0.3,0.0,0.0,-0.01249136217560591,-0.01636450017576996,-0.012703042341611497,-0.8999999999999999,-0.0,0.0
4.353273153305054,0.3,0.0,0.0,-0.0005466546860604016,-0.023940805238194772,-0.005634572132151713,-0.8999999999999999,-0.0,0.0
4.353416681289673,0.3,0.0,0.0,-0.007174277223785876,-0.008849529082122738,-0.007346126353894746,-0.8999999999999999,-0.0,0.0
4.353470802307129,0.3,0.0,0.0,-0.0014594381888069006,-0.01543627019563992,-0.0031816156125478723,-0.8999999999999999,-0.0,0.0
4.353519678115845,0.3,0.0,0.0,-0.0175141768413254,-0.00907734202934079,-0.01683652700147862,-0.8999999999999999,-0.0,0.0
4.353567123413086,0.3,0.0,0.0,-0.00713168300614717,-0.012742177050181455,-0.01639126103387287,-0.8999999999999999,-0.0,0.0
4.353800535202026,0.3,0.0,0.0,-0.012809558507603935,-0.0020743998472885403,-0.006246419618512663,-0.8999999999999999,-0.0,0.0
4.353859186172485,0.3,0.0,0.0,-0.016400885333682703,-0.002801560136448336,0.002375948252235886,-0.8999999999999999,-0.0,0.0
4.353903293609619,0.3,0.0,0.0,-0.016192482954284944,-0.005967985041114419,-0.005513372322898549,-0.8999999999999999,-0.0,0.0
4.353945255279541,0.3,0.0,0.0,-0.014474784547522223,-0.010370643509905235,-0.004161386967997914,-0.8999999999999999,-0.0,0.0
4.3539879322052,0.3,0.0,0.0,-0.020351342769944377,-0.006597433853291875,-0.012503901975298676,-0.8999999999999999,-0.0,0.0
4.395041227340698,0.3,0.0,0.0,-0.017352292179815567,-0.016530708392631308,-0.013088018868711707,-0.8999999999999999,-0.0,0.0
4.395174264907837,0.3,0.0,0.0,0.00018184938476717874,-0.021808704817025553,-0.005445125140331793,-0.8999999999999999,-0.0,0.0
4.395236253738403,0.3,0.0,0.0,-0.004699708516722443,-0.013343072620263388,-0.0057947160128177634,-0.8999999999999999,-0.0,0.0
4.395282745361328,0.3,0.0,0.0,0.0025968375665291307,-0.005586471766278752,-0.009729266153090345,-0.8999999999999999,-0.0,0.0
4.39532995223999,0.3,0.0,0.0,-0.002850791886058906,-0.0023005902265055755,-0.0071421784019146065,-0.8999999999999999,-0.0,0.0
4.395370244979858,0.3,0.0,0.0,-0.0033560784051324868,-0.01192374645077206,-0.0007799367698061949,-0.8999999999999999,-0.0,0.0
4.395414352416992,0.3,0.0,0.0,-0.017152134382285578,-0.0081461497210243,0.003698622393377935,-0.8999999999999999,-0.0,0.0
4.395458221435547,0.3,0.0,0.0,-0.01939865247312876,-0.005134209573813412,-0.0018030300821579538,-0.8999999999999999,-0.0,0.0
4.395500898361206,0.3,0.0,0.0,-0.008993388838454451,-0.012926481321252634,-0.008848411165661426,-0.8999999999999999,-0.0,0.0
4.395546197891235,0.3,0.0,0.0,-0.01935397820108309,-0.006276981781268651,0.0007169481016493788,-0.8999999999999999,-0.0,0.0
4.436635494232178,0.3,0.0,0.0,-0.008799941874976042,-0.013815693236359845,-0.0015242337521008944,-0.8999999999999999,-0.0,0.0
4.436781167984009,0.3,0.0,0.0,-0.01619141965890431,-0.012799906032989146,-0.01019595799559536,-0.8999999999999999,-0.0,0.0
4.436841249465942,0.3,0.0,0.0,-0.0032689547556950436,-0.010975440931279203,0.0013549841030045342,-0.8999999999999999,-0.0,0.0
4.43688440322876,0.3,0.0,0.0,-0.014485533180908736,-0.005788363576530223,-0.003090755817497021,-0.8999999999999999,-0.0,0.0
4.436928033828735,0.3,0.0,0.0,-0.015520605320722834,-0.005745324319459856,-0.0051616144814725755,-0.8999999999999999,-0.0,0.0
4.436969518661499,0.3,0.0,0.0,-0.014341790577971728,-0.014545824159681486,-0.010787428690659039,-0.8999999999999999,-0.0,0.0
4.437010288238525,0.3,0.0,0.0,-0.010629516997398922,-0.015004604319030935,-0.0034754152777556474,-0.8999999999999999,-0.0,0.0
4.437052965164185,0.3,0.0,0.0,-0.017419774110660716,-0.010452612113540982,0.001261748327533192,-0.8999999999999999,-0.0,0.0
4.437093019485474,0.3,0.0,0.0,-0.008917076530904405,0.00011634231843872677,-0.0002278807502420863,-0.8999999999999999,-0.0,0.0
4.43713641166687,0.3,0.0,0.0,-0.004207646687584825,-0.011471011931585161,-0.005054091099617957,-0.8999999999999999,-0.0,0.0
4.47823429107666,0.3,0.0,0.0,-0.009428605527141122,-0.01299158626447444,-0.00733140330663292,-0.8999999999999999,-0.0,0.0
4.4783711433410645,0.3,0.0,0.0,0.0005438339421004971,-0.010865354181506687,-0.010243278245474352,-0.8999999999999999,-0.0,0.0
4.478433609008789,0.3,0.0,0.0,-0.004341456336286898,-0.019201028997813906,-0.013205106113302728,-0.8999999999999999,-0.0,0.0
4.47847580909729,0.3,0.0,0.0,0.002033087725460724,-0.01768213531529081,-0.01094285736420097,-0.8999999999999999,-0.0,0.0
4.478519916534424,0.3,0.0,0.0,0.0074037329174676285,-0.009567452020005817,-0.015687591595768487,-0.8999999999999999,-0.0,0.0
4.478564500808716,0.3,0.0,0.0,-0.0034418454774614634,-0.0043254496930682325,-0.018154695101667766,-0.8999999999999999,-0.0,0.0
4.478610277175903,0.3,0.0,0.0,-0.0019381952755401154,-0.0027278495688303644,-0.007645954564453352,-0.8999999999999999,-0.0,0.0
4.4786529541015625,0.3,0.0,0.0,-0.0077502336235873975,-0.009517892209047049,-0.004164415437562447,-0.8999999999999999,-0.0,0.0
4.47869086265564,0.3,0.0,0.0,-0.01831627103392233,-0.005120169586090695,-0.0067867440420377985,-0.8999999999999999,-0.0,0.0
4.478729248046875,0.3,0.0,0.0,-0.017796643631478384,-0.0074293168669234315,0.00022484029990848715,-0.8999999999999999,-0.0,0.0
4.519981384277344,0.3,0.0,0.0,-0.007209508017537329,-0.005951756766053071,0.001956637414364175,-0.8999999999999999,-0.0,0.0
4.520160913467407,0.3,0.0,0.0,-0.017147920745784067,-0.014291543121882754,-0.004618303325160632,-0.8999999999999999,-0.0,0.0
4.520226240158081,0.3,0.0,0.0,0.005470708064337902,-0.01381399246915787,0.011629318955783455,-0.8999999999999999,-0.0,0.0
4.52026891708374,0.3,0.0,0.0,-0.005596223265490202,-0.021515029058520062,0.0037217630359956616,-0.8999999999999999,-0.0,0.0
4.5203118324279785,0.3,0.0,0.0,-0.009131254977948011,-0.01884645048960913,-0.0022593544643193064,-0.8999999999999999,-0.0,0.0
4.5203657150268555,0.3,0.0,0.0,-0.01432298770642539,-0.011227117447097687,-0.010015448660947744,-0.8999999999999999,-0.0,0.0
4.520416259765625,0.3,0.0,0.0,-0.004557780845898693,-0.018625544265357088,-0.0023681976969480035,-0.8999999999999999,-0.0,0.0
4.520460367202759,0.3,0.0,0.0,-0.011135539762297446,-0.029015856176907433,-0.0037809081973268033,-0.8999999999999999,-0.0,0.0
4.520498991012573,0.3,0.0,0.0,-0.007855179986442652,-0.011917222821396473,-0.00811220619225055,-0.8999999999999999,-0.0,0.0
4.520539999008179,0.3,0.0,0.0,-0.0153215384949554,-0.020134636681045148,-0.007792451595318379,-0.8999999999999999,-0.0,0.0
4.561571359634399,0.3,0.0,0.0,-0.007088879906860668,-0.02510551396489926,-0.01323003448653073,-0.8999999999999999,-0.0,0.0
4.561720371246338,0.3,0.0,0.0,-0.012682252090228212,-0.017687595048409742,-0.01019579235533374,-0.8999999999999999,-0.0,0.0
4.561770677566528,0.3,0.0,0.0,-0.010506632420634451,-0.008377165565306372,-0.01386434905218136,-0.8999999999999999,-0.0,0.0
4.5618274211883545,0.3,0.0,0.0,-0.015435504103888654,-0.0013371752560147202,-0.012145376280106033,-0.8999999999999999,-0.0,0.0
4.561881065368652,0.3,0.0,0.0,-0.003225323020905379,0.006118724878663369,-0.005546588976486392,-0.8999999999999999,-0.0,0.0
4.56192684173584,0.3,0.0,0.0,-0.01854740903956431,0.0019319252766154863,-0.005697569891634823,-0.8999999999999999,-0.0,0.0
4.561967372894287,0.3,0.0,0.0,-0.0050510490983858665,-0.0047728421029375225,-0.00902839366065181,-0.8999999999999999,-0.0,0.0
4.562005043029785,0.3,0.0,0.0,-0.014560745552283209,-0.01251603709774235,-0.007928626122322717,-0.8999999999999999,-0.0,0.0
4.562041521072388,0.3,0.0,0.0,-0.009406330304104845,-0.014335320784703136,-0.008478357139186132,-0.8999999999999999,-0.0,0.0
4.562081813812256,0.3,0.0,0.0,0.005081237777816033,0.0012564958005490323,-0.010244803866845769,-0.8999999999999999,-0.0,0.0
4.603274583816528,0.3,0.0,0.0,0.0126572253509361,-0.004970187677237691,-0.003107478880485475,-0.8999999999999999,-0.0,0.0
4.603418350219727,0.3,0.0,0.0,0.020071363925502243,-0.005846806250334566,0.0027096472625241686,-0.8999999999999999,-0.0,0.0
4.60347843170166,0.3,0.0,0.0,0.01551701910879076,0.0019525536342668171,0.009142867065278257,-0.8999999999999999,-0.0,0.0
4.603522300720215,0.3,0.0,0.0,0.009821114351233774,0.0009956361610525912,-0.005344570735298823,-0.8999999999999999,-0.0,0.0
4.603807210922241,0.3,0.0,0.0,0.01617072669559452,0.0026294148997324067,0.004899801694237256,-0.8999999999999999,-0.0,0.0
4.603941917419434,0.3,0.0,0.0,0.024581671800666102,-0.011318896641602407,-0.0005128799594806031,-0.8999999999999999,-0.0,0.0
4.60415506362915,0.3,0.0,0.0,0.01146349985540542,-0.005067718347845404,-0.003737585298466362,-0.8999999999999999,-0.0,0.0
4.604294776916504,0.3,0.0,0.0,0.007388139264927964,-0.003266634314183119,-0.002977333477255955,-0.8999999999999999,-0.0,0.0
4.604556083679199,0.3,0.0,0.0,-0.0010595702928945946,-0.0036872411234607776,-0.001003687138795419,-0.8999999999999999,-0.0,0.0
4.604648113250732,0.3,0.0,0.0,0.0020691497117699587,-0.003214727176501642,0.001951436768990105,-0.8999999999999999,-0.0,0.0
4.646652936935425,0.3,0.0,0.0,-0.0014166267113830415,-0.010222225348490026,-0.000800882008096834,-0.8999999999999999,-0.0,0.0
4.646804094314575,0.3,0.0,0.0,-0.012413802708492853,-0.011332723710130495,-0.010668760635645022,-0.8999999999999999,-0.0,0.0
4.646865129470825,0.3,0.0,0.0,-0.004925155718387424,-0.009318531683066535,0.0033151443573479476,-0.8999999999999999,-0.0,0.0
4.646918296813965,0.3,0.0,0.0,-0.008686292125583694,-0.003935934852792347,5.651566738757852e-05,-0.8999999999999999,-0.0,0.0
4.646970272064209,0.3,0.0,0.0,-0.009543319709745528,-0.012230399176018574,-0.007834965878909698,-0.8999999999999999,-0.0,0.0
4.64701247215271,0.3,0.0,0.0,-0.01343366659569902,-0.01575588823078626,-0.007998169814590074,-0.8999999999999999,-0.0,0.0
4.64731240272522,0.3,0.0,0.0,-0.01954765613230408,-0.014582916188077234,-0.010904680272513723,-0.8999999999999999,-0.0,0.0
4.647403001785278,0.3,0.0,0.0,-0.006191083100412339,-0.02076554072746082,-0.006654995413111916,-0.8999999999999999,-0.0,0.0
4.647453308105469,0.3,0.0,0.0,-0.012590048939786658,-0.02054043158501729,0.0001263231486674283,-0.8999999999999999,-0.0,0.0
4.647494554519653,0.3,0.0,0.0,-0.004987467405057337,-0.005889372810990383,0.004733479543589143,-0.8999999999999999,-0.0,0.0
4.698891639709473,0.3,0.0,0.0,0.0026576812445119114,-0.008336640608487652,0.010141746047049878,-0.8999999999999999,-0.0,0.0
4.699032306671143,0.3,0.0,0.0,-0.009419846316645856,-0.01681122009091758,0.0004553065366377431,-0.8999999999999999,-0.0,0.0
4.699093580245972,0.3,0.0,0.0,-0.0033856943712586526,-0.013890369955630338,0.0016969541033081247,-0.8999999999999999,-0.0,0.0
4.6991376876831055,0.3,0.0,0.0,-0.003157618458830418,-0.0157158483568145,-0.0033405401227716257,-0.8999999999999999,-0.0,0.0
4.69917631149292,0.3,0.0,0.0,0.008446122309061842,-0.012135444818231391,-0.010995923906640618,-0.8999999999999999,-0.0,0.0
4.6992127895355225,0.3,0.0,0.0,-0.008834024071387529,-0.011164550314875689,-0.005081397781229236,-0.8999999999999999,-0.0,0.0
4.699251890182495,0.3,0.0,0.0,-0.0012117515070897097,-0.011351881890680227,-0.00011534906754034223,-0.8999999999999999,-0.0,0.0
4.699291944503784,0.3,0.0,0.0,-0.004197391918259326,-0.0012512680664835555,-0.005502880579556943,-0.8999999999999999,-0.0,0.0
4.6993279457092285,0.3,0.0,0.0,-0.013354851096550002,-0.011719973519451966,-0.004856467201276218,-0.8999999999999999,-0.0,0.0
4.699374437332153,0.3,0.0,0.0,-0.014694857298449578,-0.015335775019801236,-0.000829858969711151,-0.8999999999999999,-0.0,0.0
4.740679025650024,0.3,0.0,0.0,-9.970143398520744e-05,-0.018356429969861088,-0.010887958583068015,-0.8999999999999999,-0.0,0.0
4.740830183029175,0.3,0.0,0.0,-0.007056474476449427,-0.016585878349974142,-0.0042799180970684095,-0.8999999999999999,-0.0,0.0
4.740885496139526,0.3,0.0,0.0,-0.007897654298694295,-0.00249300815252523,-0.00921061858124526,-0.8999999999999999,-0.0,0.0
4.740934610366821,0.3,0.0,0.0,0.002276459256143242,-0.011479092523393195,-0.007763960285244758,-0.8999999999999999,-0.0,0.0
4.7409772872924805,0.3,0.0,0.0,0.0071678960480357126,-0.01346722386667638,-0.0034290229334321158,-0.8999999999999999,-0.0,0.0
4.741021633148193,0.3,0.0,0.0,-0.005567623611630369,-0.014606295269163511,-0.006416995148932014,-0.8999999999999999,-0.0,0.0
4.7410619258880615,0.3,0.0,0.0,-0.0007286975995077858,-0.029415790960883252,-0.0015528088527347686,-0.8999999999999999,-0.0,0.0
4.741102457046509,0.3,0.0,0.0,-0.017482197893822417,-0.015866912125817225,-0.005034707950231813,-0.8999999999999999,-0.0,0.0
4.741154432296753,0.3,0.0,0.0,-0.011412927608437425,-0.01749837042217606,-0.010458032361950866,-0.8999999999999999,-0.0,0.0
4.741199016571045,0.3,0.0,0.0,0.0012445269494231043,-0.014375699450280513,-0.008106962434024914,-0.8999999999999999,-0.0,0.0
4.782402753829956,0.3,0.0,0.0,0.013652861076308464,-0.009187124992965008,-0.01070092711757141,-0.8999999999999999,-0.0,0.0
4.782531023025513,0.3,0.0,0.0,-0.00218344666359393,-0.013377320995562315,-0.010439841208087884,-0.8999999999999999,-0.0,0.0
4.782582759857178,0.3,0.0,0.0,0.0019171346959585272,-0.005357790051579615,-0.014601703141923193,-0.8999999999999999,-0.0,0.0
4.78262734413147,0.3,0.0,0.0,-0.007897402613319459,0.0014546985560638887,-0.008310525800201455,-0.8999999999999999,-0.0,0.0
4.782667636871338,0.3,0.0,0.0,-0.013096471205714366,-0.0008067290814681607,-0.0008242842303275292,-0.8999999999999999,-0.0,0.0
4.782711505889893,0.3,0.0,0.0,-0.0031589595458129892,-0.00819431844960358,-0.009624176481039753,-0.8999999999999999,-0.0,0.0
4.782751560211182,0.3,0.0,0.0,-0.002980071155792283,-0.019957664599563493,-0.004655499340002109,-0.8999999999999999,-0.0,0.0
4.78278923034668,0.3,0.0,0.0,0.001339093531183038,-0.020938589263961607,0.0009748605113702571,-0.8999999999999999,-0.0,0.0
4.782837152481079,0.3,0.0,0.0,-0.0006626999340726225,-0.021151083121115452,-0.0012748762688414045,-0.8999999999999999,-0.0,0.0
4.782881259918213,0.3,0.0,0.0,-0.007844358112801169,-0.009909943766810314,-0.005116364377788923,-0.8999999999999999,-0.0,0.0
4.824044466018677,0.3,0.0,0.0,-0.014758429169143463,-0.011412695531839394,-0.0057489278780209685,-0.8999999999999999,-0.0,0.0
4.82421350479126,0.3,0.0,0.0,-0.016409966192108893,-0.013472360794886833,-0.0048243428170743645,-0.8999999999999999,-0.0,0.0
4.82427453994751,0.3,0.0,0.0,-0.011433647058029815,-0.01175533045349134,-0.0010676401586117413,-0.8999999999999999,-0.0,0.0
4.824317455291748,0.3,0.0,0.0,-0.0037890131520193484,-0.013999830248096845,0.00272607212303682,-0.8999999999999999,-0.0,0.0
4.824355363845825,0.3,0.0,0.0,-0.00567276998480333,-0.012255819190063553,-0.009437881338903007,-0.8999999999999999,-0.0,0.0
4.824392795562744,0.3,0.0,0.0,0.004483841381731215,-0.004950490188784667,-0.010812294370528903,-0.8999999999999999,-0.0,0.0
4.824436902999878,0.3,0.0,0.0,0.005835077036263888,0.0005398698277646393,-0.012918787640254673,-0.8999999999999999,-0.0,0.0
4.824477195739746,0.3,0.0,0.0,-0.0018400322695661638,0.001677511764869497,-0.013769339883860487,-0.8999999999999999,-0.0,0.0
4.8245155811309814,0.3,0.0,0.0,-0.00890571199065125,-0.005853748806316954,-0.0076138850692866545,-0.8999999999999999,-0.0,0.0
4.824556827545166,0.3,0.0,0.0,-0.006417260941000172,-0.006322175552852381,-0.0031201861718208835,-0.8999999999999999,-0.0,0.0
4.86568284034729,0.3,0.0,0.0,-0.011082197082106672,-0.0016434878185943428,-0.010572845391571262,-0.8999999999999999,-0.0,0.0
4.865822076797485,0.3,0.0,0.0,-0.0155672749659419,0.002700179122673124,-0.012869652022059384,-0.8999999999999999,-0.0,0.0
4.865880250930786,0.3,0.0,0.0,-0.004041247397868741,-0.005618607302765808,-0.002125821278296597,-0.8999999999999999,-0.0,0.0
4.86592698097229,0.3,0.0,0.0,-0.01247644868441242,-4.5941013247621353e-07,-0.0061426707413068694,-0.8999999999999999,-0.0,0.0
4.865981578826904,0.3,0.0,0.0,-0.021528797798731958,-0.005792022510329837,-0.005840215581516823,-0.8999999999999999,-0.0,0.0
4.866026163101196,0.3,0.0,0.0,-0.013251660190824813,-0.009105897945100859,-0.005070643735217405,-0.8999999999999999,-0.0,0.0
4.866072654724121,0.3,0.0,0.0,-0.016580796129309277,-0.011710755416187896,-0.013601441932574631,-0.8999999999999999,-0.0,0.0
4.8661110401153564,0.3,0.0,0.0,-0.010391831366166926,-0.008325965615956662,-0.01537758887309322,-0.8999999999999999,-0.0,0.0
4.866147994995117,0.3,0.0,0.0,-0.002902481786186211,-0.0007273935103395698,-0.010862501082372737,-0.8999999999999999,-0.0,0.0
4.907228231430054,0.3,0.0,0.0,-0.0077049503132429935,-0.0009216826514570065,-0.00396003080290169,-0.8999999999999999,-0.0,0.0
4.9073708057403564,0.3,0.0,0.0,-0.0035776589234991904,-0.0008615162744949045,-0.005586894279793191,-0.8999999999999999,-0.0,0.0
4.907428026199341,0.3,0.0,0.0,-0.012469431753891641,-0.004441994116065524,-0.0007649776704785819,-0.8999999999999999,-0.0,0.0
4.907473087310791,0.3,0.0,0.0,-0.015855609744271856,-0.011354898794215274,-0.0019197101628429755,-0.8999999999999999,-0.0,0.0
4.90751576423645,0.3,0.0,0.0,-0.009248037462203684,-0.014996901651382136,-0.0021912204154939737,-0.8999999999999999,-0.0,0.0
4.9075608253479,0.3,0.0,0.0,-0.005271121829771288,-0.00824296993539693,-0.01039350172028208,-0.8999999999999999,-0.0,0.0
4.907795667648315,0.3,0.0,0.0,-0.01400575004810787,-0.007300064895546552,-0.009610600014551609,-0.8999999999999999,-0.0,0.0
4.9078528881073,0.3,0.0,0.0,-0.0034566354692020154,0.004185881383829684,-0.006297699263263365,-0.8999999999999999,-0.0,0.0
4.90789794921875,0.3,0.0,0.0,-0.002836750577609498,0.0019083772538505321,-0.01353823858105134,-0.8999999999999999,-0.0,0.0
4.907939195632935,0.3,0.0,0.0,0.000307160267061968,-0.004590812140502803,-0.012235696391872592,-0.8999999999999999,-0.0,0.0
4.949050664901733,0.3,0.0,0.0,-0.005001918451463203,-0.018038592867143616,-0.012057994978958052,-0.8999999999999999,-0.0,0.0
4.949183464050293,0.3,0.0,0.0,-0.007508368547379884,-0.011493422577673142,-0.006087832890410702,-0.8999999999999999,-0.0,0.0
4.949235916137695,0.3,0.0,0.0,-0.00430077367074096,-0.010892608441574664,-0.0062446261889099,-0.8999999999999999,-0.0,0.0
4.949280500411987,0.3,0.0,0.0,0.0015638309544584027,-0.008415220830048907,-0.002115076933513392,-0.8999999999999999,-0.0,0.0
4.949328184127808,0.3,0.0,0.0,-0.004885095448122991,-0.012489602450872677,0.005213736348258302,-0.8999999999999999,-0.0,0.0
4.949383497238159,0.3,0.0,0.0,-0.012458966374223064,-0.018506100734929448,0.009436691309660026,-0.8999999999999999,-0.0,0.0
4.94942831993103,0.3,0.0,0.0,-0.004144925543135832,-0.01524008643345134,-0.0008461192576483181,-0.8999999999999999,-0.0,0.0
4.94947361946106,0.3,0.0,0.0,-0.01755552724557984,-0.008356089558744773,0.011140863993278356,-0.8999999999999999,-0.0,0.0
4.949515342712402,0.3,0.0,0.0,-0.007642279603869907,-0.009567457215780796,0.009780846437449052,-0.8999999999999999,-0.0,0.0
4.949553728103638,0.3,0.0,0.0,-0.0010645948109153063,-0.013231883351962816,0.008953375492451185,-0.8999999999999999,-0.0,0.0
4.990817070007324,0.3,0.0,0.0,-0.006636062855103204,-0.0165877498162176,0.003356319213962557,-0.8999999999999999,-0.0,0.0
4.990955591201782,0.3,0.0,0.0,-0.010044201459555062,-0.021140281946643007,0.004323014401203495,-0.8999999999999999,-0.0,0.0
4.991011381149292,0.3,0.0,0.0,-0.0015372516228730473,-0.016577117805346892,0.007802230655029302,-0.8999999999999999,-0.0,0.0
4.991055250167847,0.3,0.0,0.0,0.0011401846550402337,-0.019200760221861964,-0.0003589930589281252,-0.8999999999999999,-0.0,0.0
4.9911017417907715,0.3,0.0,0.0,0.007339363327741207,-0.018921052420238216,-0.009983172872495059,-0.8999999999999999,-0.0,0.0
4.991141319274902,0.3,0.0,0.0,-0.000710396001927619,-0.013950658326531336,-0.011339964146827834,-0.8999999999999999,-0.0,0.0
4.9911816120147705,0.3,0.0,0.0,0.0013957572314766023,-0.011651587217352733,-0.001842920794431434,-0.8999999999999999,-0.0,0.0
4.991219520568848,0.3,0.0,0.0,-0.006424908831342251,-0.016701334941681908,-0.003425785891257374,-0.8999999999999999,-0.0,0.0
4.99125599861145,0.3,0.0,0.0,-0.0013124892643767907,-0.01886377947585191,-0.002396633941678382,-0.8999999999999999,-0.0,0.0
4.991292476654053,0.3,0.0,0.0,-0.0009442894335679465,-0.015936939392502382,-0.008594414774473438,-0.8999999999999999,-0.0,0.0
5.042742967605591,0.3,0.0,0.0,-0.008846127630229341,-0.009715101480939205,-0.0032789235586792743,-0.8999999999999999,-0.0,0.0
5.042882204055786,0.3,0.0,0.0,-0.021363579794597774,-0.020046166615840178,-0.011047388510971892,-0.8999999999999999,-0.0,0.0
5.042936563491821,0.3,0.0,0.0,-0.018160114505170494,-0.025262433506239804,-0.011376310593717066,-0.8999999999999999,-0.0,0.0
5.042981863021851,0.3,0.0,0.0,-0.009413144379199939,-0.020427860363243126,-0.006549459125586086,-0.8999999999999999,-0.0,0.0
5.0430309772491455,0.3,0.0,0.0,-0.00813581158723824,-0.016759406552712738,-0.00409201803750655,-0.8999999999999999,-0.0,0.0
5.043074607849121,0.3,0.0,0.0,-0.002821924410631124,-0.012762013772408943,0.0015184760049761997,-0.8999999999999999,-0.0,0.0
5.0431177616119385,0.3,0.0,0.0,-0.007536645580576272,-0.014116346267725193,-0.0012732391392058153,-0.8999999999999999,-0.0,0.0
5.043160438537598,0.3,0.0,0.0,-0.005522106468434375,-0.01736183778622394,-0.0036260327723705204,-0.8999999999999999,-0.0,0.0
5.043199777603149,0.3,0.0,0.0,-0.010705822540526894,-0.005510027062230288,-0.005799190710796547,-0.8999999999999999,-0.0,0.0
5.043238639831543,0.3,0.0,0.0,-0.006393694496364362,-0.01733719897861957,-0.00418318164658837,-0.8999999999999999,-0.0,0.0
5.084135293960571,0.3,0.0,0.0,0.010056281800784219,-0.017626315347441326,0.0021672996724907355,-0.8999999999999999,-0.0,0.0
5.0842649936676025,0.3,0.0,0.0,-0.011379667583810957,-0.01423132751672967,-0.008402700507200036,-0.8999999999999999,-0.0,0.0
5.084315538406372,0.3,0.0,0.0,-0.008484066056161232,-0.0175070811924279,-0.005132726965158321,-0.8999999999999999,-0.0,0.0
5.08435583114624,0.3,0.0,0.0,-0.01082480587769623,-0.013643271027574157,-0.0010870812005073622,-0.8999999999999999,-0.0,0.0
5.084398031234741,0.3,0.0,0.0,-0.0023048079577926953,-0.008318192523608476,-0.0024944490701077036,-0.8999999999999999,-0.0,0.0
5.0844385623931885,0.3,0.0,0.0,-0.016575268321574136,-0.006654144550721822,0.00235766840322455,-0.8999999999999999,-0.0,0.0
5.084478378295898,0.3,0.0,0.0,-0.003665442341219191,0.005523850911490571,0.0002449672251035025,-0.8999999999999999,-0.0,0.0
5.084520101547241,0.3,0.0,0.0,-0.018669105375123177,-0.0033017429129884074,0.0007650863802827481,-0.8999999999999999,-0.0,0.0
5.084559679031372,0.3,0.0,0.0,-0.017652676650284506,-0.016904045521427415,-0.0047907168799142235,-0.8999999999999999,-0.0,0.0
5.084598541259766,0.3,0.0,0.0,-0.009399858687629046,-0.008918052578234506,-0.012449137327629155,-0.8999999999999999,-0.0,0.0
5.125488519668579,0.3,0.0,0.0,-0.013636303805232973,0.0013905852688367998,-0.01090594092271318,-0.8999999999999999,-0.0,0.0
5.1256139278411865,0.3,0.0,0.0,-0.014212559284900684,-0.0016165479521054837,-0.012031568905708818,-0.8999999999999999,-0.0,0.0
5.125673770904541,0.3,0.0,0.0,-0.010594905466809882,-0.00333730020717401,-0.008424005898267093,-0.8999999999999999,-0.0,0.0
5.125712871551514,0.3,0.0,0.0,-0.01786235831053958,-0.012618893568359222,-0.0075401536659528085,-0.8999999999999999,-0.0,0.0
5.125750303268433,0.3,0.0,0.0,-0.014675625219061527,-0.016794082725066717,-0.011884602831340428,-0.8999999999999999,-0.0,0.0
5.125790596008301,0.3,0.0,0.0,-0.001837098655962535,-0.01248795109537259,-0.013826816627632984,-0.8999999999999999,-0.0,0.0
5.125836133956909,0.3,0.0,0.0,-0.0039799502097558415,-0.011473651420931413,-0.013578479591522764,-0.8999999999999999,-0.0,0.0
5.1258745193481445,0.3,0.0,0.0,0.0017804803364975263,-0.01216011694697551,-0.008183433037896584,-0.8999999999999999,-0.0,0.0
5.125913619995117,0.3,0.0,0.0,-0.004105473355328713,-0.01636165142271838,-0.003450637125353123,-0.8999999999999999,-0.0,0.0
5.125951766967773,0.3,0.0,0.0,0.0014880504407091544,-0.013402878552371694,-0.010514796936215615,-0.8999999999999999,-0.0,0.0
5.1671295166015625,0.3,0.0,0.0,0.0015185935292040963,-0.008294754281430403,-0.0041688236184388916,-0.8999999999999999,-0.0,0.0
5.167269945144653,0.3,0.0,0.0,-0.0057798761036446265,-0.012984336634521079,-0.0033117689237306953,-0.8999999999999999,-0.0,0.0
5.16732382774353,0.3,0.0,0.0,-0.01134898920587902,-0.015689257800654624,-0.010129525225919339,-0.8999999999999999,-0.0,0.0
5.167364597320557,0.3,0.0,0.0,-0.007462219130030028,-0.010113353943448103,-0.0059720269097216245,-0.8999999999999999,-0.0,0.0
5.167406797409058,0.3,0.0,0.0,-0.01034085546161464,-0.01557632049534849,-0.01717552780886656,-0.8999999999999999,-0.0,0.0
5.167452812194824,0.3,0.0,0.0,-0.011295811241635673,-0.015171349727464789,-0.011958918011578952,-0.8999999999999999,-0.0,0.0
5.1674909591674805,0.3,0.0,0.0,-0.008646420715566382,-0.020098727542914082,-0.009299936558155392,-0.8999999999999999,-0.0,0.0
5.1675286293029785,0.3,0.0,0.0,-0.003945021950859302,-0.009028401624868416,-0.004608847255166035,-0.8999999999999999,-0.0,0.0
5.167564153671265,0.3,0.0,0.0,-0.006348394669346697,-0.0019290451859247284,-0.007739869353446385,-0.8999999999999999,-0.0,0.0
5.167600393295288,0.3,0.0,0.0,-0.013606214641511558,-0.008238517880449254,-0.011083143236865822,-0.8999999999999999,-0.0,0.0
5.20918083190918,0.3,0.0,0.0,-0.011153641281820725,-0.0027046859352297817,-0.00944152032887403,-0.8999999999999999,-0.0,0.0
5.209521055221558,0.3,0.0,0.0,-0.0023759601685415413,-0.006235513557372688,-0.0166717254130649,-0.8999999999999999,-0.0,0.0
5.2095983028411865,0.3,0.0,0.0,0.0004974597833969709,-0.013468262844357393,-0.007477797024407283,-0.8999999999999999,-0.0,0.0
5.209726333618164,0.3,0.0,0.0,-0.0025740217693265323,-0.007184547363880609,-0.003457417864384683,-0.8999999999999999,-0.0,0.0
5.209776401519775,0.3,0.0,0.0,0.002687269250156728,-0.00847454158892059,-0.007437158618231171,-0.8999999999999999,-0.0,0.0
5.209824085235596,0.3,0.0,0.0,-0.005654739761498527,-0.022108707321486107,-0.0023543296412906075,-0.8999999999999999,-0.0,0.0
5.209865570068359,0.3,0.0,0.0,-0.0047906459114240366,-0.01642681792657663,-0.006011229680153286,-0.8999999999999999,-0.0,0.0
5.209903240203857,0.3,0.0,0.0,-0.004659440629240538,0.0020197984537446375,-0.008950183444022614,-0.8999999999999999,-0.0,0.0
5.209939956665039,0.3,0.0,0.0,-0.010592905275112485,-0.0014236299311441675,-0.005522475527916568,-0.8999999999999999,-0.0,0.0
5.209981203079224,0.3,0.0,0.0,-0.015343207915978282,-0.0059357854417520185,-0.00738500233113831,-0.8999999999999999,-0.0,0.0
5.251145124435425,0.3,0.0,0.0,-0.014704063318883045,-0.017625826184521073,-0.015727091859455478,-0.8999999999999999,-0.0,0.0
5.251282215118408,0.3,0.0,0.0,-0.010830998622433936,-0.01579068552221808,-0.012219133213258845,-0.8999999999999999,-0.0,0.0
5.251336336135864,0.3,0.0,0.0,-0.018781038136973023,-0.014396679641820329,-0.007783783659201229,-0.8999999999999999,-0.0,0.0
5.251385688781738,0.3,0.0,0.0,-0.00800014906154653,-0.018141607891977215,-0.015086899716591733,-0.8999999999999999,-0.0,0.0
5.2514283657073975,0.3,0.0,0.0,0.0012814360654586653,-0.014238887902551758,-0.016525376977372625,-0.8999999999999999,-0.0,0.0
5.251469135284424,0.3,0.0,0.0,-0.01373691406332985,-0.01234073279031644,-0.0056787686907152765,-0.8999999999999999,-0.0,0.0
5.251506567001343,0.3,0.0,0.0,-0.0033076690740233804,-0.0023440332956440883,-0.008478627240856134,-0.8999999999999999,-0.0,0.0
5.251545429229736,0.3,0.0,0.0,-0.0017728587527416652,-0.0007838406835179639,-0.0016262394546776985,-0.8999999999999999,-0.0,0.0
5.251586198806763,0.3,0.0,0.0,-0.001273529846827207,-0.002106789393193434,-0.004018995268578637,-0.8999999999999999,-0.0,0.0
5.251621961593628,0.3,0.0,0.0,-0.009996718210679562,-0.001953466492369924,0.00041384904851911704,-0.8999999999999999,-0.0,0.0
5.292932987213135,0.3,0.0,0.0,-0.012340313690184788,-0.00878259483944375,-0.006134738326299289,-0.8999999999999999,-0.0,0.0
5.293071508407593,0.3,0.0,0.0,-0.010560359813022193,-0.01032316841044296,-0.005520433536664701,-0.8999999999999999,-0.0,0.0
5.293123960494995,0.3,0.0,0.0,-0.015857790383208826,-0.022537353893551465,-0.01060279310834296,-0.8999999999999999,-0.0,0.0
5.293170690536499,0.3,0.0,0.0,-0.018702105804405646,-0.015829692091652657,-0.012249342834576307,-0.8999999999999999,-0.0,0.0
5.293209552764893,0.3,0.0,0.0,-0.013937245191072449,-0.023366834979563246,-0.00871160614493221,-0.8999999999999999,-0.0,0.0
5.293252468109131,0.3,0.0,0.0,-0.011000746086449478,-0.02271726312304476,-0.0010178203243905771,-0.8999999999999999,-0.0,0.0
5.293306350708008,0.3,0.0,0.0,-0.006024381156276282,-0.020928997401621272,0.0036255790458086597,-0.8999999999999999,-0.0,0.0
5.293347120285034,0.3,0.0,0.0,0.002668124828338577,-0.0194552410474331,0.005162066335414623,-0.8999999999999999,-0.0,0.0
5.293388605117798,0.3,0.0,0.0,-0.001957937872058421,-0.014471038506717111,-0.002247978421859652,-0.8999999999999999,-0.0,0.0
5.2934277057647705,0.3,0.0,0.0,-0.006884149075029104,-0.0049996998367751715,-0.005260744920849834,-0.8999999999999999,-0.0,0.0
5.334629058837891,0.3,0.0,0.0,-0.009265974661846223,-0.00584838141777034,0.00043248871941901906,-0.8999999999999999,-0.0,0.0
5.334771156311035,0.3,0.0,0.0,-0.010875697213773274,-0.019881354286945426,-0.0009433880764798354,-0.8999999999999999,-0.0,0.0
5.334828853607178,0.3,0.0,0.0,-0.01570219965554047,-0.010168773540370997,-0.0044367102969033075,-0.8999999999999999,-0.0,0.0
5.3348708152771,0.3,0.0,0.0,-0.012751295349827586,-0.020502669695856,0.0006799867250424846,-0.8999999999999999,-0.0,0.0
5.3349199295043945,0.3,0.0,0.0,-0.012227611283025934,-0.018331385467574436,0.0006169643582040655,-0.8999999999999999,-0.0,0.0
5.334963321685791,0.3,0.0,0.0,-0.007360622608568187,-0.006358522441540582,-0.0033509933529194858,-0.8999999999999999,-0.0,0.0
5.335009813308716,0.3,0.0,0.0,-0.0033863916543446808,-0.010884062207306458,-0.006416018148500421,-0.8999999999999999,-0.0,0.0
5.335052967071533,0.3,0.0,0.0,-0.011430682532157505,-0.0031227320270437123,-0.0011627592914652122,-0.8999999999999999,-0.0,0.0
5.33509635925293,0.3,0.0,0.0,-0.004576808630937354,0.0011271963611985873,-0.00557675627072447,-0.8999999999999999,-0.0,0.0
5.3351335525512695,0.3,0.0,0.0,-0.010398457869983568,-0.0097168988432836,-0.0068718702372340245,-0.8999999999999999,-0.0,0.0
5.386306047439575,0.3,0.0,0.0,-0.004751093481484291,-0.0033193191920971132,-0.006418911933677995,-0.8999999999999999,-0.0,0.0
5.386436462402344,0.3,0.0,0.0,-0.003866581698442077,-0.0024246131713448536,-0.009559014739951126,-0.8999999999999999,-0.0,0.0
5.386494159698486,0.3,0.0,0.0,-0.011976516933531106,-0.009417571140181076,-0.008459287076820506,-0.8999999999999999,-0.0,0.0
5.386534929275513,0.3,0.0,0.0,-0.019275234851218025,-0.018573848893226736,-0.00967633457667335,-0.8999999999999999,-0.0,0.0
5.386582374572754,0.3,0.0,0.0,-0.0023582289231441687,-0.015687250621528065,-0.008394011168979674,-0.8999999999999999,-0.0,0.0
5.386626243591309,0.3,0.0,0.0,0.0017500139969331323,-0.012524569352884084,-0.008421548375600817,-0.8999999999999999,-0.0,0.0
5.38666844367981,0.3,0.0,0.0,0.004147719611907166,-0.006507334287791567,-0.013320496812854675,-0.8999999999999999,-0.0,0.0
5.386707544326782,0.3,0.0,0.0,-0.009190179774035547,-0.01103418186630306,-0.0029038537546840198,-0.8999999999999999,-0.0,0.0
5.386749505996704,0.3,0.0,0.0,-0.010571306485558226,-0.017479351088459445,-0.00506329135716733,-0.8999999999999999,-0.0,0.0
5.42783260345459,0.3,0.0,0.0,-0.010410079074494297,-0.006400378751762032,-0.0003573600090274917,-0.8999999999999999,-0.0,0.0
5.42796778678894,0.3,0.0,0.0,-0.0071370866342471626,-0.013034551873767833,-0.003937460056590665,-0.8999999999999999,-0.0,0.0
5.428030014038086,0.3,0.0,0.0,-0.0019362689026180494,-0.02847427927776878,-0.0055138791859405106,-0.8999999999999999,-0.0,0.0
5.428075313568115,0.3,0.0,0.0,-0.006448303596513658,-0.016041866446027973,-0.0015658151048114086,-0.8999999999999999,-0.0,0.0
5.428160667419434,0.3,0.0,0.0,-0.008250235606115982,-0.0023223898130696886,-0.006148850654261004,-0.8999999999999999,-0.0,0.0
5.428208589553833,0.3,0.0,0.0,-0.007263609025430621,-0.0112265101110838,0.00407192595057291,-0.8999999999999999,-0.0,0.0
5.42824912071228,0.3,0.0,0.0,-0.0016141546598070218,-0.014846702541366738,3.5002738122894066e-05,-0.8999999999999999,-0.0,0.0
5.428297281265259,0.3,0.0,0.0,-0.0008342492364376988,-0.003030073147456356,-0.0024878977359974823,-0.8999999999999999,-0.0,0.0
5.428338527679443,0.3,0.0,0.0,0.004808675718631993,0.0012277783588251618,-0.013341134894565641,-0.8999999999999999,-0.0,0.0
5.428379535675049,0.3,0.0,0.0,-0.005467119447052493,-0.007006035630158217,-0.008485771120575589,-0.72,-0.0,0.0
5.469414472579956,0.3,0.0,0.0,-0.009970978503581087,-0.01637609736822465,-0.0025141703665337847,-0.72,-0.0,0.0
5.469539642333984,0.3,0.0,0.0,-0.013306991651004737,-0.010707058523973372,-0.010223274555637667,-0.72,-0.0,0.0
5.4695885181427,0.3,0.0,0.0,-0.0007579344339902286,-0.020928000223942752,0.0009231186039792863,-0.72,-0.0,0.0
5.469632148742676,0.3,0.0,0.0,-0.009457334342125128,-0.022341530980804384,-0.005313203085748048,-0.72,-0.0,0.0
5.469671964645386,0.3,0.0,0.0,-0.007168761642555408,-0.0036464025469434636,-0.008211946728013505,-0.72,-0.0,0.0
5.469717025756836,0.3,0.0,0.0,-0.01678190514968633,-0.009831881166019529,-0.007261216352439834,-0.72,-0.0,0.0
5.4697606563568115,0.3,0.0,0.0,-0.005059233872820043,-0.0010046257281576807,-0.012133963042945683,-0.72,-0.0,0.0
5.469995498657227,0.3,0.0,0.0,-0.005961702729035364,-0.007194112357807736,-0.008601121338373393,-0.72,-0.0,0.0
5.4700586795806885,0.3,0.0,0.0,-0.0024718105426423634,-0.0031903725267530612,-0.014274679367444938,-0.72,-0.0,0.0
5.470107316970825,0.3,0.0,0.0,0.0015190399575516205,-0.014588338001429484,-0.013893337858100449,-0.72,-0.0,0.0
5.511310338973999,0.3,0.0,0.0,-0.010906959830931283,-0.023914881416523707,-0.010771218248462826,-0.72,-0.0,0.0
5.511441946029663,0.3,0.0,0.0,-0.009617035793323273,-0.007700519131494855,-0.001441229207636917,-0.72,-0.0,0.0
5.511644601821899,0.3,0.0,0.0,-0.010432080547749483,-0.007294133930522387,-0.007539437188657495,-0.72,-0.0,0.0
5.51174783706665,0.3,0.0,0.0,-0.004240948663241974,-0.0016685916694719424,-0.007668137999770554,-0.72,-0.0,0.0
5.511836051940918,0.3,0.0,0.0,-0.012139227193733592,-0.0050966574308162396,-0.010848101536601666,-0.72,-0.0,0.0
5.511927843093872,0.3,0.0,0.0,-0.0007796833795459935,-0.003378870552224128,-0.005127589111453318,-0.72,-0.0,0.0
5.512012958526611,0.3,0.0,0.0,-0.006670248803483473,-0.011523864945021554,-0.005309852409908659,-0.72,-0.0,0.0
5.512103319168091,0.3,0.0,0.0,-0.0023498853515106642,-0.004389791981840678,-0.008460068313911674,-0.72,-0.0,0.0
5.512223720550537,0.3,0.0,0.0,-0.009391270663256566,-0.008558758079556918,-0.005504371711155899,-0.72,-0.0,0.0
5.512316942214966,0.3,0.0,0.0,-0.011035703230580255,-0.011564468072570068,-0.003104584422454901,-0.72,-0.0,0.0
5.553676128387451,0.0,0.0,0.0,-0.013867125585405695,-0.017365130079396163,-0.005716330816042881,-0.72,-0.0,0.0
5.5538084506988525,0.0,0.0,0.0,-0.01512352322982851,-0.014387076506183745,-0.010624567567195967,-0.72,-0.0,0.0
5.553864002227783,0.0,0.0,0.0,-0.004604417699647062,-0.011948732783674806,-0.0042368106625728635,-0.72,-0.0,0.0
5.553910732269287,0.0,0.0,0.0,-0.010008478671250955,-0.012329838093361807,0.003351371900243441,-0.72,-0.0,0.0
5.553954839706421,0.0,0.0,0.0,-0.013752132941964784,-0.004656955782729029,-0.00021873669104379245,-0.72,-0.0,0.0
5.553999423980713,0.0,0.0,0.0,-0.011339223672389192,0.0023534210892468916,-0.0024668893441825166,-0.72,-0.0,0.0
5.5540406703948975,0.0,0.0,0.0,-0.00976565039931063,-0.005345628818987055,-0.00570849695354157,-0.72,-0.0,0.0
5.554083824157715,0.0,0.0,0.0,-0.005842894297214787,0.006056727789559847,-0.007024955313757528,-0.72,-0.0,0.0
5.5541229248046875,0.0,0.0,0.0,-0.010851332787570118,0.0005227685030414845,-0.00864256190476704,-0.72,-0.0,0.0
5.554165363311768,0.0,0.0,0.0,-0.016223095774210248,-0.00444866400985004,-0.012891470866877364,-0.72,-0.0,0.0
5.5953590869903564,0.0,0.0,0.0,-0.012156877126228526,-0.005813474258431282,-0.0055718922168550445,-0.72,-0.0,0.0
5.595590829849243,0.0,0.0,0.0,-0.0023557262218965457,-0.006369621474171303,-0.013977271417833245,-0.72,-0.0,0.0
5.595707893371582,0.0,0.0,0.0,-0.010321314192532533,-0.01581749387395404,-0.002133600814155603,-0.72,-0.0,0.0
5.595888614654541,0.0,0.0,0.0,-0.0022685357908401016,-0.019101369953364332,-0.0019242268128722261,-0.72,-0.0,0.0
5.595984220504761,0.0,0.0,0.0,-0.014218780478920091,-0.022372082125758405,-0.008453861444110282,-0.72,-0.0,0.0
5.596039295196533,0.0,0.0,0.0,-0.021946692200293487,-0.021855553985752816,-0.0150365783408882,-0.72,-0.0,0.0
5.596179246902466,0.0,0.0,0.0,-0.006574571137695108,-0.024684679527015186,-0.005441721315761248,-0.72,-0.0,0.0
5.596230983734131,0.0,0.0,0.0,-0.010232124510538525,-0.025593108853232967,-0.008959876787992871,-0.72,-0.0,0.0
5.596310615539551,0.0,0.0,0.0,-0.0028089451831233314,-0.013050667769503217,-0.0036031193749414617,-0.72,-0.0,0.0
5.596384286880493,0.0,0.0,0.0,-0.003692330987500419,-0.013294934170874573,-0.004900982909079012,-0.72,-0.0,0.0
5.637637376785278,0.0,0.0,0.0,-0.006630333551181919,-0.010879856848162502,-0.0023672217972580466,-0.72,-0.0,0.0
5.637777328491211,0.0,0.0,0.0,-0.011884749232682294,7.766497645715457e-05,-0.014559598804450732,-0.72,-0.0,0.0
5.637838363647461,0.0,0.0,0.0,-0.012452407394530489,-0.011839317302073209,-0.011234826643216613,-0.72,-0.0,0.0
5.637882947921753,0.0,0.0,0.0,-0.0011475651574653276,-0.013015230075237246,-0.018820572360791404,-0.72,-0.0,0.0
5.637925863265991,0.0,0.0,0.0,-0.0020932622063775212,-0.01694586995411802,-0.010995042512029297,-0.72,-0.0,0.0
5.637966871261597,0.0,0.0,0.0,-0.004007398397601595,-0.023024846704552723,-0.01606460654006561,-0.72,-0.0,0.0
5.6380085945129395,0.0,0.0,0.0,0.0025559561932462804,-0.017415347031069933,-0.013761221651938741,-0.72,-0.0,0.0
5.638051509857178,0.0,0.0,0.0,-0.0002985101785079919,-0.01881431536097943,-0.009806313288036769,-0.72,-0.0,0.0
5.638091564178467,0.0,0.0,0.0,-0.0002292954737656277,-0.0034287710906500406,-0.013326957061455714,-0.72,-0.0,0.0
5.638131380081177,0.0,0.0,0.0,-0.009809215594774769,-0.009195479165653296,-0.01735518848761456,-0.72,-0.0,0.0
5.679308652877808,0.0,0.0,0.0,-0.0015404155725942056,-0.010794661647545771,-0.008543980446059876,-0.72,-0.0,0.0
5.679444074630737,0.0,0.0,0.0,0.0028851332329543253,-0.012522563517269996,-0.01977800010479483,-0.72,-0.0,0.0
5.679600238800049,0.0,0.0,0.0,-0.0011392099948524662,-0.007649930232161872,-0.0190447706558893,-0.72,-0.0,0.0
5.679699659347534,0.0,0.0,0.0,0.0004863644710404382,-0.014675970390070722,-0.019618095108899974,-0.72,-0.0,0.0
5.679792642593384,0.0,0.0,0.0,-0.0025166403118114045,-0.015089949584467527,-0.0175509443625753,-0.72,-0.0,0.0
5.679852485656738,0.0,0.0,0.0,-0.005632836002899958,-0.018073565789613662,-0.0140634266486554,-0.72,-0.0,0.0
5.679894924163818,0.0,0.0,0.0,-0.004327194988468218,-0.011654388271210899,-0.010187113561931091,-0.72,-0.0,0.0
5.679935693740845,0.0,0.0,0.0,-0.005461232884627305,-0.005013339954550172,-0.009890209954221543,-0.72,-0.0,0.0
5.6799845695495605,0.0,0.0,0.0,-0.0028725463333790086,-0.004348317084431974,-0.0032874223662824453,-0.72,-0.0,0.0
5.680026292800903,0.0,0.0,0.0,-0.0028366361746756017,-0.008651053187800347,-0.0045714053879911945,-0.72,-0.0,0.0
5.731386423110962,0.0,0.0,0.0,-0.004614716513388325,-0.010883661538256482,-0.003758715232193054,-0.72,-0.0,0.0
5.731520414352417,0.0,0.0,0.0,-0.008523231572429334,-0.006789542728206383,-0.007206817725849408,-0.72,-0.0,0.0
5.7315709590911865,0.0,0.0,0.0,0.0010146210744511166,-0.012214280381113567,-0.011568402112890024,-0.72,-0.0,0.0
5.731618165969849,0.0,0.0,0.0,0.008890518370432005,-0.01307447950088995,-0.01943390419315786,-0.72,-0.0,0.0
5.731662034988403,0.0,0.0,0.0,-0.011289419223829736,-0.011018702973708131,-0.007346552283066407,-0.72,-0.0,0.0
5.731700897216797,0.0,0.0,0.0,-0.002279689908991135,-0.009198587763504174,-0.011809233541316655,-0.72,-0.0,0.0
5.73173975944519,0.0,0.0,0.0,-0.009944206853436565,-0.0070100026909508326,-0.01443555376719394,-0.72,-0.0,0.0
5.731788873672485,0.0,0.0,0.0,-0.016618775264244278,-0.012396238688648812,-0.01501424876281982,-0.72,-0.0,0.0
5.731823921203613,0.0,0.0,0.0,-0.012601104162714935,-0.004370494051823424,-0.009493181600742919,-0.72,-0.0,0.0
5.731858491897583,0.0,0.0,0.0,-0.00892661868292491,-0.006334706557112324,-0.007355466255065256,-0.72,-0.0,0.0
5.772917032241821,0.0,0.0,0.0,-0.005599745179203125,-0.008712433614719127,-0.015374669388097026,-0.72,-0.0,0.0
5.773056745529175,0.0,0.0,0.0,-0.0059140384372467925,-0.008776381965682617,-0.009673636848844185,-0.72,-0.0,0.0
5.773110389709473,0.0,0.0,0.0,0.0003407968788045961,-0.016750938350571988,-0.016659438369840626,-0.72,-0.0,0.0
5.773157358169556,0.0,0.0,0.0,-0.0007400114395536606,-0.011057461345533027,-0.013246199398127859,-0.72,-0.0,0.0
5.7732014656066895,0.0,0.0,0.0,-0.009350323262837199,-0.017379625306129704,-0.00593426674629869,-0.72,-0.0,0.0
5.773243427276611,0.0,0.0,0.0,-0.011469880763818975,-0.015106973799143754,-0.006778061327923878,-0.72,-0.0,0.0
5.7732834815979,0.0,0.0,0.0,-0.01508769459512506,-0.02119789038037237,0.002863529063307623,-0.72,-0.0,0.0
5.7733235359191895,0.0,0.0,0.0,-0.00833362991731533,-0.027733425700639414,0.003548999005032438,-0.72,-0.0,0.0
5.773372650146484,0.0,0.0,0.0,-0.01330906617116705,-0.018008027437017356,-0.0044104397912699675,-0.72,-0.0,0.0
5.773410081863403,0.0,0.0,0.0,-0.008676575064681457,-0.01997489452444108,0.0009893154579833261,-0.72,-0.0,0.0
5.814685106277466,0.0,0.0,0.0,-0.01466747201111644,-0.023676226713575145,0.003671343206130036,-0.72,-0.0,0.0
5.814820289611816,0.0,0.0,0.0,-0.004611068563378031,-0.024582216779020023,-0.003544576658369848,-0.72,-0.0,0.0
5.814886093139648,0.0,0.0,0.0,-0.006439826769023546,-0.016040707410251306,-0.0028879330900493686,-0.72,-0.0,0.0
5.814927816390991,0.0,0.0,0.0,-0.006955746130887285,-0.023454093954318807,-0.0017593222987797765,-0.72,-0.0,0.0
5.814970016479492,0.0,0.0,0.0,-0.002936000770597905,-0.029375774150823226,-0.003515800653115533,-0.72,-0.0,0.0
5.81501317024231,0.0,0.0,0.0,-0.006745948003474318,-0.019137983675306752,-0.012009888444606407,-0.72,-0.0,0.0
5.815054178237915,0.0,0.0,0.0,-0.004014339340391205,-0.014677004379569274,-0.005287997235673845,-0.72,-0.0,0.0
5.815091609954834,0.0,0.0,0.0,-0.005533938507858655,-0.006565839325655659,-0.015580376797904333,-0.72,-0.0,0.0
5.815129280090332,0.0,0.0,0.0,-0.0029316002846620126,-0.007030116532321894,-0.007736807160075505,-0.72,-0.0,0.0
5.815167427062988,0.0,0.0,0.0,-0.004319341859087087,-0.005170721580334226,-0.011792955476440681,-0.72,-0.0,0.0
5.8563103675842285,0.0,0.0,0.0,-0.0044057020169228035,-0.011682224928201198,-0.01429236236068401,-0.72,-0.0,0.0
5.856527805328369,0.0,0.0,0.0,-0.00908304073257431,-0.019201500127454363,-0.0009429123253800032,-0.72,-0.0,0.0
5.856662034988403,0.0,0.0,0.0,-0.007911936660922414,-0.017961490414841717,-0.011291687014298925,-0.72,-0.0,0.0
5.8567399978637695,0.0,0.0,0.0,-0.013314242414128727,-0.024934725364824592,-0.006598539786358923,-0.72,-0.0,0.0
5.856789827346802,0.0,0.0,0.0,-0.011930040272566785,-0.015747790959464852,0.0015565139955126936,-0.72,-0.0,0.0
5.8568336963653564,0.0,0.0,0.0,-0.017797418154518744,-0.006976854839079048,-0.009429911888858453,-0.72,-0.0,0.0
5.8568830490112305,0.0,0.0,0.0,-0.013732439656941622,-0.004093950966160789,-0.003615424463329144,-0.72,-0.0,0.0
5.856923580169678,0.0,0.0,0.0,-0.006966000849690607,-0.0071465067887602025,-0.00513902005203763,-0.72,-0.0,0.0
5.856963634490967,0.0,0.0,0.0,-0.0006045017191714981,-0.02498196943531618,-0.0034299970415033777,-0.72,-0.0,0.0
5.857004165649414,0.0,0.0,0.0,-0.0014989520587369905,-0.02788889473222219,-0.005869033534897042,-0.72,-0.0,0.0
5.898057222366333,0.0,0.0,0.0,-0.002776114351618261,-0.021498214359644913,-0.004367597704638578,-0.72,-0.0,0.0
5.898188829421997,0.0,0.0,0.0,-0.009175112810184365,-0.023984997210246387,0.0060157685218831325,-0.72,-0.0,0.0
5.898243427276611,0.0,0.0,0.0,-0.012097005148075973,-0.0015868455363410175,0.002857082780576873,-0.72,-0.0,0.0
5.898294925689697,0.0,0.0,0.0,-0.013516508305900593,-0.014235809217228971,0.0037532110186538434,-0.72,-0.0,0.0
5.898342609405518,0.0,0.0,0.0,-0.011652516711550109,-0.016445031722263304,-0.0020262592095527756,-0.72,-0.0,0.0
5.8983848094940186,0.0,0.0,0.0,-0.009866599771075136,-0.01648168635976185,-0.00552427638002529,-0.72,-0.0,0.0
5.8984293937683105,0.0,0.0,0.0,-0.01023830276466858,-0.014836319591696035,-0.0043287709242551395,-0.72,-0.0,0.0
5.898467779159546,0.0,0.0,0.0,-0.014366954466238615,-0.013664247075182049,-0.008997225808701778,-0.72,-0.0,0.0
5.898507595062256,0.0,0.0,0.0,-0.016262673458924456,-0.018084816018707345,-0.013787210991124465,-0.72,-0.0,0.0
5.898542642593384,0.0,0.0,0.0,-0.005837537939717879,-0.004876225370401553,-0.008859033324572909,-0.72,-0.0,0.0
5.9396092891693115,0.0,0.0,0.0,-0.0057870256105401925,-0.007573298088037012,-0.011021259843112087,-0.72,-0.0,0.0
5.939743518829346,0.0,0.0,0.0,-0.007223205739715961,-0.01645121872522696,-0.009533779226701209,-0.72,-0.0,0.0
5.93979811668396,0.0,0.0,0.0,-0.012110115316651356,-0.014958340030896881,-0.005196366708785587,-0.72,-0.0,0.0
5.939842462539673,0.0,0.0,0.0,-0.015889836594250504,-0.022833990955064346,-0.0034851540936881847,-0.72,-0.0,0.0
5.93988299369812,0.0,0.0,0.0,-0.01361943829671715,-0.021019105390652354,-0.0038651828245643794,-0.72,-0.0,0.0
5.939923286437988,0.0,0.0,0.0,-0.009399848877102672,-0.011051952073083461,-6.290421357953155e-05,-0.72,-0.0,0.0
5.93997859954834,0.0,0.0,0.0,-0.009509550776319185,-0.017536416540272295,-0.005124037143330641,-0.72,-0.0,0.0
5.94002890586853,0.0,0.0,0.0,-0.007100237261077553,-0.007671208094868171,-0.0036833726670749173,-0.72,-0.0,0.0
5.9400718212127686,0.0,0.0,0.0,-0.005371278803653759,-0.013703179898780728,-0.005304730969962949,-0.72,-0.0,0.0
5.980880260467529,0.0,0.0,0.0,-0.011592063032568446,-0.012629983245863539,-0.0015030810123120245,-0.72,-0.0,0.0
5.980999231338501,0.0,0.0,0.0,-0.01640223290479992,-0.012608840275075299,-0.0036385602885071495,-0.72,-0.0,0.0
5.981053113937378,0.0,0.0,0.0,-0.008123006672097992,-0.000693718638978075,0.0015948086815051566,-0.72,-0.0,0.0
5.981094837188721,0.0,0.0,0.0,-0.013713399297150278,-0.007425960133607927,-0.0068536849351640014,-0.72,-0.0,0.0
5.9811320304870605,0.0,0.0,0.0,-0.009350714842365054,-0.014384060489631131,-0.006194737414100105,-0.72,-0.0,0.0
5.981167316436768,0.0,0.0,0.0,-0.009582735719858876,-0.010167875418952633,-0.002418559697630317,-0.72,-0.0,0.0
5.9812023639678955,0.0,0.0,0.0,-0.021276836012583705,-0.018083999747454345,0.008101571452491877,-0.72,-0.0,0.0
5.981238126754761,0.0,0.0,0.0,-0.014385086122566091,-0.01676783514454987,0.006917813081128964,-0.72,-0.0,0.0
5.981282711029053,0.0,0.0,0.0,-0.008430145370322134,-0.016059203873057024,0.003034158949082314,-0.72,-0.0,0.0
5.981322765350342,0.0,0.0,0.0,-0.005255713192373595,-0.011752791663676248,-0.0015622173274540798,-0.72,-0.0,0.0
6.032288551330566,0.0,0.0,0.0,0.002481914416928482,-0.011203399479560137,-0.009848628606383174,-0.72,-0.0,0.0
6.032406330108643,0.0,0.0,0.0,0.0017491902407499819,-0.01025423456276273,-0.010913699862617764,-0.72,-0.0,0.0
6.032458543777466,0.0,0.0,0.0,-0.004015678375392994,-0.019227836104026286,-0.00927023295845478,-0.72,-0.0,0.0
6.032496690750122,0.0,0.0,0.0,-0.009171272934217899,-0.012637824290832054,-0.00938633433911343,-0.72,-0.0,0.0
6.032533168792725,0.0,0.0,0.0,-0.008935767151845561,-0.0025055448908835407,-0.009987556521615974,-0.72,-0.0,0.0
6.032569646835327,0.0,0.0,0.0,-0.014065192119949312,-0.01702357380511422,-0.0004964342811505921,-0.72,-0.0,0.0
6.032607316970825,0.0,0.0,0.0,-0.012102423320491123,-0.014983456302634899,-0.0029896353647740105,-0.72,-0.0,0.0
6.032642602920532,0.0,0.0,0.0,-0.01328495620144646,-0.015244929105556223,-0.008280969808911192,-0.72,-0.0,0.0
6.032676696777344,0.0,0.0,0.0,-0.00869244614433665,-0.008568914968447486,-0.00746498298908525,-0.72,-0.0,0.0
6.032710313796997,0.0,0.0,0.0,-0.016238304045613324,-0.0026290332494745003,-0.0031713608062246246,-0.72,-0.0,0.0
6.07344388961792,0.0,0.0,0.0,-0.009065866941135453,0.007221560015339237,-0.0046196589329854446,-0.72,-0.0,0.0
6.073562383651733,0.0,0.0,0.0,-0.018723692099908065,-0.003694582412410633,0.004496040736438968,-0.72,-0.0,0.0
6.0736143589019775,0.0,0.0,0.0,-0.006280801861953422,-0.00012337234319542887,-0.007832385137344633,-0.72,-0.0,0.0
6.0736565589904785,0.0,0.0,0.0,-0.013102731284769215,0.00823319539403246,0.0002050066095113096,-0.72,-0.0,0.0
6.073694467544556,0.0,0.0,0.0,-0.017923229447336365,-0.005781619032814274,0.0024456006035831718,-0.72,-0.0,0.0
6.073732137680054,0.0,0.0,0.0,-0.013964662762270354,0.0013499027181771163,0.00015950761790514337,-0.72,-0.0,0.0
6.0737693309783936,0.0,0.0,0.0,-0.016425981374987488,-0.0020367225458947542,0.0014583144062819482,-0.72,-0.0,0.0
6.073805093765259,0.0,0.0,0.0,-0.010323911692181042,0.004743563358421574,0.005763760591010387,-0.72,-0.0,0.0
6.073846101760864,0.0,0.0,0.0,-0.010892207233480332,-0.0003091270593903217,0.004509269115564701,-0.72,-0.0,0.0
6.0738890171051025,0.0,0.0,0.0,-0.006897790935837939,-0.012896185828594102,0.0014699736188872943,-0.72,-0.0,0.0
6.1147143840789795,0.0,0.0,0.0,0.0014270854072860484,-0.006465709429736745,0.0007996114454444305,-0.72,-0.0,0.0
6.114821910858154,0.0,0.0,0.0,-0.0006552776001052895,-0.007441585075536814,-9.879407185301615e-05,-0.72,-0.0,0.0
6.114881992340088,0.0,0.0,0.0,-0.003623241748958206,-0.005794624623715017,-0.004132295238463739,-0.72,-0.0,0.0
6.114920377731323,0.0,0.0,0.0,-0.002094045210206631,-0.01009345223292342,-0.003277044879038709,-0.72,-0.0,0.0
6.115150213241577,0.0,0.0,0.0,-0.006253815016516713,-0.005370538595732282,-0.006625870256011028,-0.72,-0.0,0.0
6.115215539932251,0.0,0.0,0.0,0.0006282717639083112,-0.015703521667313265,-0.011422986902886184,-0.72,-0.0,0.0
6.115255832672119,0.0,0.0,0.0,-0.00814152102052049,-0.018340147584571052,-0.007395354914173781,-0.72,-0.0,0.0
6.115292072296143,0.0,0.0,0.0,-0.008811501943089458,-0.022669573967539856,-0.00821132039349223,-0.72,-0.0,0.0
6.1153271198272705,0.0,0.0,0.0,-0.01121832243609181,-0.022856724588779256,0.004276694204158234,-0.72,-0.0,0.0
6.1153624057769775,0.0,0.0,0.0,-0.01592281412155538,-0.015413505233887766,-0.0004488617163598219,-0.72,-0.0,0.0
6.156252861022949,0.0,0.0,0.0,-0.02151238468872989,-0.003754828586315872,0.00573247790138491,-0.72,-0.0,0.0
6.156366586685181,0.0,0.0,0.0,-0.01934688233276262,0.0001470919021077841,-0.004410895338686806,-0.72,-0.0,0.0
6.156421422958374,0.0,0.0,0.0,-0.026266087691829795,-0.00043550157872827773,0.0005008959031366839,-0.72,-0.0,0.0
6.156462907791138,0.0,0.0,0.0,-0.02292949273570211,-0.003805823683554386,-0.0005492370415446094,-0.72,-0.0,0.0
6.156499624252319,0.0,0.0,0.0,-0.015063597207729106,0.0030228643420005612,-0.00415379218045737,-0.72,-0.0,0.0
6.1565351486206055,0.0,0.0,0.0,-0.013236831126922961,-0.0024529859759431596,-0.009401236915988069,-0.72,-0.0,0.0
6.156571388244629,0.0,0.0,0.0,-0.005643275249758502,0.003149896558250969,-0.006725701504240373,-0.72,-0.0,0.0
6.156606674194336,0.0,0.0,0.0,0.002645149827832604,-0.0036706441978230607,0.002887483161522426,-0.72,-0.0,0.0
6.156641006469727,0.0,0.0,0.0,-0.0041981417287369665,-0.01644939749046202,-0.003535911866498606,-0.72,-0.0,0.0
6.156681776046753,0.0,0.0,0.0,-0.0020993995674839466,-0.01373555022146233,-0.010207941653230466,-0.72,-0.0,0.0
6.19751501083374,0.0,0.0,0.0,-0.00259702078990838,-0.004660907006507777,-0.006294877551352319,-0.72,-0.0,0.0
6.197634220123291,0.0,0.0,0.0,-0.004030661680479207,-0.006275490644756553,-0.002052142436383498,-0.72,-0.0,0.0
6.197688817977905,0.0,0.0,0.0,-0.0072415530183296125,-0.009538041724412248,-0.002782949700944094,-0.72,-0.0,0.0
6.19772744178772,0.0,0.0,0.0,-0.012978406708506933,-0.01330619942182412,-0.008130796491875637,-0.72,-0.0,0.0
6.197762966156006,0.0,0.0,0.0,-0.007929255844674122,-0.01655281089321778,-0.010030653512826877,-0.72,-0.0,0.0
6.197798490524292,0.0,0.0,0.0,-0.010776392552833821,-0.011045358128458022,-0.009616139040007365,-0.72,-0.0,0.0
6.197833061218262,0.0,0.0,0.0,-0.014181976743074125,-0.015374299422913884,-0.002125216056425173,-0.72,-0.0,0.0
6.197868347167969,0.0,0.0,0.0,-0.017884404761987268,-0.017743289131014917,0.0027706341483458427,-0.72,-0.0,0.0
6.197903394699097,0.0,0.0,0.0,-0.018948001819437954,-0.014089050303250496,-0.007515840458632179,-0.72,-0.0,0.0
6.19793701171875,0.0,0.0,0.0,-0.014543491656931007,-0.01708600172109576,-0.009390891299797949,-0.72,-0.0,0.0
6.238803863525391,0.0,0.0,0.0,-0.019974743421210903,-0.010788326653734916,-0.009505171451487947,-0.72,-0.0,0.0
6.238923788070679,0.0,0.0,0.0,-0.017122613368379676,-0.013318190446413438,-0.0026369388632187496,-0.72,-0.0,0.0
6.238970994949341,0.0,0.0,0.0,-0.004499049582133778,-0.019816873461874454,0.003773625381110086,-0.72,-0.0,0.0
6.23901104927063,0.0,0.0,0.0,-0.008049632912969383,-0.010739805785608413,-0.0108375517686603,-0.72,-0.0,0.0
6.239049196243286,0.0,0.0,0.0,0.0007903596838085345,-0.014307848565134148,-0.018032690175515065,-0.72,-0.0,0.0
6.239089488983154,0.0,0.0,0.0,0.000292189285247769,-0.011732607111665202,-0.0059285967286446545,-0.72,-0.0,0.0
6.239128589630127,0.0,0.0,0.0,-0.0018056434228271275,-0.01745935081666681,-0.004707168955218316,-0.72,-0.0,0.0
6.2391676902771,0.0,0.0,0.0,0.00037727090533329967,-0.013560340138320772,-0.008145741296009763,-0.72,-0.0,0.0
6.239205837249756,0.0,0.0,0.0,-0.0004336937571675175,-0.020666084188709355,-0.011310578126191302,-0.72,-0.0,0.0
6.239243268966675,0.0,0.0,0.0,0.0026615097715353177,-0.018099113816924462,-0.006357058394167965,-0.72,-0.0,0.0
6.290509223937988,0.0,0.0,0.0,-0.0011232885812645478,-0.021102643907783335,-0.0054317023721658485,-0.72,-0.0,0.0
6.290639162063599,0.0,0.0,0.0,-0.00038861165277434155,-0.01635673343271198,-0.009805893949731862,-0.72,-0.0,0.0
6.290694236755371,0.0,0.0,0.0,-0.003911629533041153,-0.015469722356885415,-0.01462242917929842,-0.72,-0.0,0.0
6.290736675262451,0.0,0.0,0.0,-0.010034957842246808,-0.010653906311175833,-0.002378439470563253,-0.72,-0.0,0.0
6.2907798290252686,0.0,0.0,0.0,-0.010012199836726835,-0.015993319097503834,-0.005365680088622329,-0.72,-0.0,0.0
6.290820598602295,0.0,0.0,0.0,-0.012356132368542235,-0.011054622189826198,-0.0017207179727242936,-0.72,-0.0,0.0
6.29086446762085,0.0,0.0,0.0,-0.020830752151032094,-0.0054691940657800395,-0.011373578833870112,-0.72,-0.0,0.0
6.290905475616455,0.0,0.0,0.0,-0.015444494915199308,-0.012647088646187792,-0.014449069143460941,-0.72,-0.0,0.0
6.290943145751953,0.0,0.0,0.0,-0.006408893024748244,-0.018133575198298602,-0.011560071345013698,-0.72,-0.0,0.0
6.290979862213135,0.0,0.0,0.0,-0.010206074853922505,-0.013769225088555848,-0.0017289710555647608,-0.72,-0.0,0.0
6.332165479660034,0.0,0.0,0.0,-0.009811163596115485,-0.021833072262354425,-0.005671971372491303,-0.72,-0.0,0.0
6.332310438156128,0.0,0.0,0.0,-0.0009171855094592352,-0.006585546390901854,-0.011568182948800748,-0.72,-0.0,0.0
6.332370281219482,0.0,0.0,0.0,0.0030683272109200315,0.004189902202357704,-0.010721597378867404,-0.72,-0.0,0.0
6.332417011260986,0.0,0.0,0.0,0.005225024835115629,0.0037024899672646184,-0.00926372789085627,-0.72,-0.0,0.0
6.332458257675171,0.0,0.0,0.0,-0.0064473327166520876,-0.001945909250962706,-0.009585006822650104,-0.72,-0.0,0.0
6.332500457763672,0.0,0.0,0.0,-0.0062623782376819105,-0.005454109814401433,-0.01252983674934405,-0.72,-0.0,0.0
6.332543134689331,0.0,0.0,0.0,-0.017758411826890218,-0.008285830389422058,0.000627504370843484,-0.72,-0.0,0.0
6.332584381103516,0.0,0.0,0.0,-0.010164312432802414,-0.014088241488304827,-0.004687481826974773,-0.72,-0.0,0.0
6.332625150680542,0.0,0.0,0.0,-0.007390921170965137,-0.024227985995978724,-0.008740747152799608,-0.72,-0.0,0.0
6.332664489746094,0.0,0.0,0.0,-0.0023753018836424815,-0.007753126757992686,-0.013299078476796468,-0.72,-0.0,0.0
6.373793363571167,0.0,0.0,0.0,0.0013798842376029634,-0.01729942069181704,-0.01561814830192303,-0.72,-0.0,0.0
6.373928785324097,0.0,0.0,0.0,7.899689036910904e-05,-0.009056266779531209,-0.008302005842018694,-0.72,-0.0,0.0
6.3739914894104,0.0,0.0,0.0,0.0011575055395709806,-0.0123304339929786,-0.016503056601508238,-0.72,-0.0,0.0
6.374041795730591,0.0,0.0,0.0,0.0047893147164013,-0.01828005404944318,-0.008530369294704692,-0.72,-0.0,0.0
6.374083995819092,0.0,0.0,0.0,0.004491208104263867,-0.0036030080145909426,-0.010590635733111878,-0.72,-0.0,0.0
6.374128580093384,0.0,0.0,0.0,-0.007968971535777834,0.00010330432798729302,-0.014606816317598224,-0.72,-0.0,0.0
6.374171257019043,0.0,0.0,0.0,-0.0014951686567049138,-0.006937183577085593,-0.010379403794606794,-0.72,-0.0,0.0
6.37421441078186,0.0,0.0,0.0,-0.0035174368041214128,-0.008071119465034516,-0.018164485531994436,-0.72,-0.0,0.0
6.374255180358887,0.0,0.0,0.0,-0.00014939388226447133,-0.005154834478231963,-0.00977670284376853,-0.72,-0.0,0.0
6.374294996261597,0.0,0.0,0.0,-0.0022715783784319037,0.0027015315259080112,-0.0063963614004286014,-0.72,-0.0,0.0
6.415428876876831,0.0,0.0,0.0,-0.0039048491105435367,-0.004675211099870759,-0.007401403683783845,-0.72,-0.0,0.0
6.415558338165283,0.0,0.0,0.0,0.0026496711426572312,-0.0031042753605522804,-0.0114008556455632,-0.72,-0.0,0.0
6.415611028671265,0.0,0.0,0.0,-0.0068158033379626705,-0.0026272135304910888,-0.0091236473126505,-0.72,-0.0,0.0
6.415656566619873,0.0,0.0,0.0,0.001502643296779894,-0.0038745243008190327,-0.006987896549423603,-0.72,-0.0,0.0
6.41569709777832,0.0,0.0,0.0,-0.003564290451449499,-0.008099338036059927,-0.0064711102856764334,-0.72,-0.0,0.0
6.415736436843872,0.0,0.0,0.0,-0.0074428531491005775,-0.005567373158526333,-0.004243744562714083,-0.72,-0.0,0.0
6.41577410697937,0.0,0.0,0.0,-0.003479847116777783,-0.011682510297109462,-0.004872843818850319,-0.72,-0.0,0.0
6.416001796722412,0.0,0.0,0.0,-9.119144648416525e-05,0.0011316281728744424,-0.007836781225189668,-0.72,-0.0,0.0
6.4160685539245605,0.0,0.0,0.0,-0.0031229300152680935,-0.0010374873320886577,-0.014907378075723678,-0.72,-0.0,0.0
6.416159629821777,0.0,0.0,0.0,-0.00579480794523447,0.0032417445847207974,-0.010216984365318788,-0.72,-0.0,0.0
6.456998348236084,0.0,0.0,0.0,-0.008836118364232794,0.0008328681239732054,-0.0022546215676388158,-0.72,-0.0,0.0
6.45712423324585,0.0,0.0,0.0,-0.0029537716933011105,-0.007496541401966478,-0.004885658785229913,-0.72,-0.0,0.0
6.4571754932403564,0.0,0.0,0.0,-0.0009695127764064992,-0.002275213959983335,-0.0082533436703633,-0.72,-0.0,0.0
6.457215309143066,0.0,0.0,0.0,-0.009356557704315748,-0.011344175545394651,-0.003860171679857821,-0.72,-0.0,0.0
6.457251310348511,0.0,0.0,0.0,-0.015191758894121173,-0.010622517292487896,-0.0047219367238131036,-0.72,-0.0,0.0
6.457294940948486,0.0,0.0,0.0,-0.011253319510875413,-0.018725707438186898,0.005678493759489498,-0.72,-0.0,0.0
6.457337856292725,0.0,0.0,0.0,-0.005011689957448873,-0.011795081258147107,0.004599328768320065,-0.72,-0.0,0.0
6.457376956939697,0.0,0.0,0.0,-0.007160703885516555,-0.0038830466151610287,-0.002452672915018466,-0.72,-0.0,0.0
6.457417249679565,0.0,0.0,0.0,-0.009325211552006295,-0.0095714659808593,-0.0065525357459622555,-0.72,-0.0,0.0
6.498603105545044,0.0,0.0,0.0,-0.008036071982885964,-0.01678307608093445,-0.009873891340030267,-0.72,-0.0,0.0
6.4987406730651855,0.0,0.0,0.0,-0.006862842053045465,-0.013743494659036381,-0.01887773442686814,-0.72,-0.0,0.0
6.498791933059692,0.0,0.0,0.0,-0.006791883466803829,-0.006952966857390774,-0.012174785686622443,-0.72,-0.0,0.0
6.498838663101196,0.0,0.0,0.0,0.002387014139078603,-0.007862289605803761,-0.014490649992964592,-0.72,-0.0,0.0
6.498877763748169,0.0,0.0,0.0,0.006798141589019011,-0.0012807841046849134,-0.006470223170304423,-0.72,-0.0,0.0
6.498922109603882,0.0,0.0,0.0,-0.006905856891261641,0.004264269821629671,-0.016077294427316386,-0.72,-0.0,0.0
6.498971223831177,0.0,0.0,0.0,-0.009179277840180397,0.008979080346625161,-0.008655335945755441,-0.72,-0.0,0.0
6.499013662338257,0.0,0.0,0.0,-0.013244421602470378,-0.0031500903573368193,-0.005717966336067769,-0.72,-0.0,0.0
6.499050140380859,0.0,0.0,0.0,-0.009276866313469348,-0.00454318576451195,-0.006771847181156475,-0.72,-0.0,0.0
6.4990904331207275,0.0,0.0,0.0,-0.0021746230658758214,-0.012784407490133896,0.003539845002856901,-0.72,-0.0,0.0
6.540337562561035,0.0,0.0,0.0,-0.002717552840696672,-0.017726393868782265,0.0008979165136561615,-0.72,-0.0,0.0
6.540477514266968,0.0,0.0,0.0,-0.002910872209759876,-0.01760054883431098,0.0028463366347052338,-0.72,-0.0,0.0
6.540541887283325,0.0,0.0,0.0,-0.007835543493647084,-0.010001265578029859,-0.0051167961608505645,-0.72,-0.0,0.0
6.540582895278931,0.0,0.0,0.0,-0.00029137388604148247,-0.013600751363842901,0.0031187352386096634,-0.72,-0.0,0.0
6.540632724761963,0.0,0.0,0.0,0.0059906871024474374,-0.018014858194586186,0.005978837921122751,-0.72,-0.0,0.0
6.540669679641724,0.0,0.0,0.0,0.0037508784611339605,-0.017125163104248827,-0.0010972458340369,-0.72,-0.0,0.0
6.540707349777222,0.0,0.0,0.0,0.00277557201327716,-0.017846985472352188,-0.003305219773839935,-0.72,-0.0,0.0
6.54074764251709,0.0,0.0,0.0,-0.0007212405154834746,-0.02725936062768333,-0.0010397917613979993,-0.72,-0.0,0.0
6.540791988372803,0.0,0.0,0.0,-0.008036316839079433,-0.02280505940879814,0.0011987175854773918,-0.72,-0.0,0.0
6.540831565856934,0.0,0.0,0.0,-0.00024963407011808667,-0.021624600015238242,-0.006347644900576147,-0.72,-0.0,0.0
6.592394113540649,0.0,0.0,0.0,-0.0007491551029244209,-0.021864482454714118,-0.007185841435223105,-0.72,-0.0,0.0
6.592503309249878,0.0,0.0,0.0,-0.006264327908122874,-0.01321324326655087,-0.002875022881089193,-0.72,-0.0,0.0
6.592537879943848,0.0,0.0,0.0,-0.002658063963322865,-0.006028520867387937,-0.003968765813774952,-0.72,-0.0,0.0
6.592567443847656,0.0,0.0,0.0,-0.004616350939542332,-0.010430268133506346,-0.0013331956995450956,-0.72,-0.0,0.0
6.592591285705566,0.0,0.0,0.0,-0.009289265618699576,-0.010604577800533156,-0.0016881828574424008,-0.72,-0.0,0.0
6.59261417388916,0.0,0.0,0.0,-0.004511278744501359,-0.01717014454373393,-0.004770515866999061,-0.72,-0.0,0.0
6.592635631561279,0.0,0.0,0.0,-0.0013602093397163748,-0.01816936867098476,-0.005838569909631601,-0.72,-0.0,0.0
6.592662334442139,0.0,0.0,0.0,-0.006570732398662308,-0.006633280492482665,-0.0031621571676436495,-0.72,-0.0,0.0
6.592688083648682,0.0,0.0,0.0,-0.006187565913311537,-0.0027866386743755607,0.001935363723682357,-0.72,-0.0,0.0
6.592711448669434,0.0,0.0,0.0,-0.013504921708239357,0.0032460500548196,-0.001962097414406203,-0.72,-0.0,0.0
6.63405442237854,0.0,0.0,0.0,-0.009633836525884756,-0.000615836034419658,-0.0068508510503270175,-0.72,-0.0,0.0
6.634186267852783,0.0,0.0,0.0,-0.009771940447987022,-0.004607198769397906,-0.010401817616497543,-0.72,-0.0,0.0
6.63422417640686,0.0,0.0,0.0,0.00015080663822832123,-0.015496272118076446,-0.018455298870715276,-0.72,-0.0,0.0
6.63425350189209,0.0,0.0,0.0,0.000977920797126317,-0.012386526879063213,-0.015036294195662174,-0.72,-0.0,0.0
6.634281396865845,0.0,0.0,0.0,0.0037241259661020785,-0.0026298544251892155,-0.004393552161554842,-0.72,-0.0,0.0
6.634306907653809,0.0,0.0,0.0,-0.0038852799599578118,-0.010334812855962133,-0.0088671313481526,-0.72,-0.0,0.0
6.6343324184417725,0.0,0.0,0.0,-0.0018476894191927996,-0.018494226273743274,-0.005718587788378339,-0.72,-0.0,0.0
6.634357929229736,0.0,0.0,0.0,-0.009345110758942263,-0.019395897699140477,0.0011667233242853641,-0.72,-0.0,0.0
6.634383678436279,0.0,0.0,0.0,-0.0029020049168447365,-0.015111532452825063,-0.00931484255867797,-0.72,-0.0,0.0
6.634407997131348,0.0,0.0,0.0,-0.006146794296476712,-0.017043200481774823,-0.007631222670354843,-0.72,-0.0,0.0
6.676038026809692,0.0,0.0,0.0,-0.00458113327177866,-0.019731341147411784,-0.0017261458623751044,-0.72,-0.0,0.0
6.676178216934204,0.0,0.0,0.0,0.004243461653232495,-0.023580421027649973,-0.003605326967622017,-0.72,-0.0,0.0
6.676210165023804,0.0,0.0,0.0,0.00669492729859926,-0.008920661799338184,-0.0004632233574513249,-0.72,-0.0,0.0
6.676233530044556,0.0,0.0,0.0,-0.0002257352530730183,-0.0037970780964048448,-0.005064866615500531,-0.72,-0.0,0.0
6.67625617980957,0.0,0.0,0.0,-0.008113018532159424,-0.01254910543302387,-0.0014035004366694857,-0.72,-0.0,0.0
6.6762847900390625,0.0,0.0,0.0,-0.009734152514890217,-0.01350241472825246,-0.0018744813094930118,-0.72,-0.0,0.0
6.67630672454834,0.0,0.0,0.0,-0.011082466442355516,-0.0019856966698767195,-0.002801392559692831,-0.72,-0.0,0.0
6.676326513290405,0.0,0.0,0.0,-0.0013088912512932073,-0.0048671508919697825,-0.011612166606807653,-0.72,-0.0,0.0
6.676346063613892,0.0,0.0,0.0,-0.010079578149289928,-0.011802111248537809,-0.0026331833785234538,-0.72,-0.0,0.0
6.676365375518799,0.0,0.0,0.0,-0.006566329452454886,-0.010213604302687394,-0.0004356480641258236,-0.72,-0.0,0.0
6.717910051345825,0.0,0.0,0.0,-0.011846319179488885,-0.008231750507258506,-0.0020463522399030596,-0.72,-0.0,0.0
6.718019485473633,0.0,0.0,0.0,-0.01041693085231124,-0.009012467615481594,-0.004316009482852859,-0.72,-0.0,0.0
6.718051195144653,0.0,0.0,0.0,-0.00033317728816321447,-0.010098085495849158,-0.0015019454675629822,-0.72,-0.0,0.0
6.718078136444092,0.0,0.0,0.0,-0.010805335983488559,-0.01774109133553897,-0.00534352563438853,-0.72,-0.0,0.0
6.71809983253479,0.0,0.0,0.0,-0.00767961883054822,-0.006618592246384213,-0.009383884086352823,-0.72,-0.0,0.0
6.71812105178833,0.0,0.0,0.0,-0.0029876190335312454,-0.0033388136998585387,0.0026106116532023035,-0.72,-0.0,0.0
6.718142986297607,0.0,0.0,0.0,-0.000799270295575855,-0.011711457358592253,-0.003067835825990815,-0.72,-0.0,0.0
6.718164682388306,0.0,0.0,0.0,0.006957140401578873,-0.01231728586678015,0.0016998054515710971,-0.72,-0.0,0.0
6.718184947967529,0.0,0.0,0.0,0.004749754652281584,-0.0248653151123399,0.005462503102939696,-0.72,-0.0,0.0
6.7182042598724365,0.0,0.0,0.0,-0.0004807447512872951,-0.02303535657965857,0.007160745826046876,-0.72,-0.0,0.0
6.759381532669067,0.0,0.0,0.0,0.010289149950175326,-0.02963322218714495,0.008546266448624572,-0.72,-0.0,0.0
6.759648323059082,0.0,0.0,0.0,0.00812831451116832,-0.021199493067464017,0.00783403194973471,-0.72,-0.0,0.0
6.759693622589111,0.0,0.0,0.0,0.0009079078026529186,-0.014364081703757456,-0.0004817101869291492,-0.72,-0.0,0.0
6.759907484054565,0.0,0.0,0.0,-0.0012230547640809993,-0.010316239210616907,-0.003292484157749682,-0.72,-0.0,0.0
6.7599875926971436,0.0,0.0,0.0,-0.006743219722336186,-0.012026764980669355,-0.00023478838194709016,-0.72,-0.0,0.0
6.760036945343018,0.0,0.0,0.0,-0.0122894513812396,-0.017650131975114555,-0.006024846836417007,-0.72,-0.0,0.0
6.76006817817688,0.0,0.0,0.0,-0.01618090515706949,-0.019884119046986018,-0.004040316939028017,-0.72,-0.0,0.0
6.7600953578948975,0.0,0.0,0.0,-0.02404469717291128,-0.020324834479234923,-0.003564474178828269,-0.72,-0.0,0.0
6.760151147842407,0.0,0.0,0.0,-0.022135861775106822,-0.016703492229716906,-0.0019965184175093583,-0.72,-0.0,0.0
6.760181188583374,0.0,0.0,0.0,-0.01610699243400953,-0.018701694135611173,-0.007553844839230383,-0.72,-0.0,0.0
6.801401615142822,0.0,0.0,0.0,-0.014636443782280751,-0.009009799888413425,-0.005012325500871493,-0.72,-0.0,0.0
6.80153751373291,0.0,0.0,0.0,-0.01313465889690609,-0.012042805734498906,-0.008572533262174645,-0.72,-0.0,0.0
6.801595687866211,0.0,0.0,0.0,-0.010174492715047351,-0.010763396875852992,-0.01296569170553423,-0.72,-0.0,0.0
6.8016345500946045,0.0,0.0,0.0,0.00492967982442351,-0.015555320758852813,-0.019783618386718552,-0.72,-0.0,0.0
6.801672697067261,0.0,0.0,0.0,-0.0082743084009049,-0.011697630884251251,-0.011668610043490438,-0.72,-0.0,0.0
6.8017168045043945,0.0,0.0,0.0,0.003018549021922486,-0.01519627242420711,-0.010312283884642552,-0.72,-0.0,0.0
6.801867246627808,0.0,0.0,0.0,0.00855230066607426,-0.007587009925156183,-0.020446095914430498,-0.72,-0.0,0.0
6.801926136016846,0.0,0.0,0.0,-0.002197593582245564,-0.020176896478840398,-0.01297019135745556,-0.72,-0.0,0.0
6.801967620849609,0.0,0.0,0.0,-0.0037208283925743097,-0.013595634184930934,-0.014893003910141766,-0.72,-0.0,0.0
6.8020102977752686,0.0,0.0,0.0,-0.005148926054030779,-0.004214270834694044,-0.013259433482525168,-0.72,-0.0,0.0
6.843102216720581,0.0,0.0,0.0,-0.007275533147805821,-5.7100926607830625e-05,-0.002076328633273122,-0.72,-0.0,0.0
6.84323525428772,0.0,0.0,0.0,-0.01098513886133395,0.012316558895246995,0.0015501918005257742,-0.72,-0.0,0.0
6.843291282653809,0.0,0.0,0.0,-0.0037410595895256663,0.003973932256197346,0.0007678872919379201,-0.72,-0.0,0.0
6.843336820602417,0.0,0.0,0.0,-0.005610746484666988,-0.010902200328329068,-0.0019541462240721826,-0.72,-0.0,0.0
6.843374490737915,0.0,0.0,0.0,-0.002303134502834832,-0.004712630128839958,-0.005750393635901675,-0.72,-0.0,0.0
6.843416690826416,0.0,0.0,0.0,-0.00823076106740637,-0.008413593487787622,-0.0047742622937212605,-0.72,-0.0,0.0
6.843459844589233,0.0,0.0,0.0,-0.005216651049970128,-0.004096152064820892,-0.0021682702876877503,-0.72,-0.0,0.0
6.843500137329102,0.0,0.0,0.0,-0.007395851791453656,-0.005211292096008445,-0.0006152448860800374,-0.72,-0.0,0.0
6.843538522720337,0.0,0.0,0.0,-0.017519262721811913,-0.002018165300892311,-0.009754173707886218,-0.72,-0.0,0.0
6.843578100204468,0.0,0.0,0.0,-0.009036803659213275,-0.0073533267563722065,-0.005898609362663811,-0.72,-0.0,0.0
6.884722948074341,0.0,0.0,0.0,-0.01306668001780744,0.0010647359849949374,-0.004194499277089188,-0.72,-0.0,0.0
6.884856462478638,0.0,0.0,0.0,-0.007010556770792251,-0.005579933296983647,-0.007938038839097357,-0.72,-0.0,0.0
6.884911060333252,0.0,0.0,0.0,-0.0006231049496194066,-0.0013219282551334857,-0.006451511795408927,-0.72,-0.0,0.0
6.884958744049072,0.0,0.0,0.0,-0.007439256029908401,-0.005956525020279693,-0.0029418528196297014,-0.72,-0.0,0.0
6.885072708129883,0.0,0.0,0.0,-0.010124333973388697,-0.007075797390771944,-0.004479126385687773,-0.72,-0.0,0.0
6.885138988494873,0.0,0.0,0.0,-0.013910890907183998,-0.00869281260509173,-0.014717013422556097,-0.72,-0.0,0.0
6.88518762588501,0.0,0.0,0.0,-0.00861997196330373,-0.008486202184912481,-0.014129375247711571,-0.72,-0.0,0.0
6.8852245807647705,0.0,0.0,0.0,-0.00960019005856761,-0.0032903557727630085,-0.018162265124621484,-0.72,-0.0,0.0
6.885261058807373,0.0,0.0,0.0,-0.012544734839337286,0.011441967406891795,-0.006772224702053024,-0.72,-0.0,0.0
6.885296106338501,0.0,0.0,0.0,-0.0144192524873656,0.010351566238481057,-0.007365378686108561,-0.72,-0.0,0.0
6.936606407165527,0.0,0.0,0.0,-0.014893478087921595,-0.007497639890398455,-0.00801507289443051,-0.72,-0.0,0.0
6.936746120452881,0.0,0.0,0.0,-0.011746115047706384,-0.008168578191534367,-0.008384511799866238,-0.72,-0.0,0.0
6.936809062957764,0.0,0.0,0.0,-0.013657044721904417,-0.013577143875642328,-0.0011425140333909804,-0.72,-0.0,0.0
6.9368510246276855,0.0,0.0,0.0,-0.006901473348386301,-0.010250620580466283,-0.0043423362372388245,-0.72,-0.0,0.0
6.936889171600342,0.0,0.0,0.0,-0.005086448491019441,-0.019003618295233247,-0.005275032227170776,-0.72,-0.0,0.0
6.936943292617798,0.0,0.0,0.0,-0.009973799103378547,-0.014274003050693885,0.002831225646960895,-0.72,-0.0,0.0
6.93699049949646,0.0,0.0,0.0,-0.006174896508441586,-0.015565529705158357,-0.00394705564425182,-0.72,-0.0,0.0
6.937031984329224,0.0,0.0,0.0,-0.004453105176446143,-0.012671285303631038,-0.004388052593856004,-0.72,-0.0,0.0
6.937077045440674,0.0,0.0,0.0,-0.0019494793276597796,-0.009656019734411783,0.0006240024774662636,-0.72,-0.0,0.0
6.937122583389282,0.0,0.0,0.0,-0.0072275187547084846,-0.006832907718030266,-0.002125678557876803,-0.72,-0.0,0.0
6.978105545043945,0.0,0.0,0.0,-0.01515729610968396,-0.015264819922170252,-0.01021758396910405,-0.72,-0.0,0.0
6.978239059448242,0.0,0.0,0.0,-0.017133819840047252,-0.013935055626548572,-0.0029519280204487854,-0.72,-0.0,0.0
6.978296756744385,0.0,0.0,0.0,-0.004790689693591164,-0.006169427314611881,-0.006217151068915344,-0.72,-0.0,0.0
6.978339910507202,0.0,0.0,0.0,-0.0021104961028319386,0.0016901129721055789,-0.006467087434681405,-0.72,-0.0,0.0
6.978379726409912,0.0,0.0,0.0,-0.006053572420103257,-0.0038491682667568016,-0.005157392767114671,-0.72,-0.0,0.0
6.978416681289673,0.0,0.0,0.0,-0.0007294723366153597,-0.010003659002568903,-0.00848329617242076,-0.72,-0.0,0.0
6.978456258773804,0.0,0.0,0.0,-0.0003902737698175814,-0.0074510947698982755,-0.014419810376701958,-0.72,-0.0,0.0
6.978506088256836,0.0,0.0,0.0,0.0017771584882991078,0.0015252722358592714,-0.0012029584719701414,-0.72,-0.0,0.0
6.97855019569397,0.0,0.0,0.0,0.0009646150105074104,-0.012344710183699745,-0.0011731938211831825,-0.72,-0.0,0.0
6.978593111038208,0.0,0.0,0.0,-0.004813713680724262,-0.01649546730050932,0.000976097633460809,-0.72,-0.0,0.0
7.019642114639282,0.0,0.0,0.0,-0.004595076001686618,-0.009798591651148486,0.005665730472035782,-0.72,-0.0,0.0
7.01977276802063,0.0,0.0,0.0,-0.005806329196854807,-0.009409570573217915,-0.003110477688330399,-0.72,-0.0,0.0
7.019819259643555,0.0,0.0,0.0,-0.003672529656279512,-0.010590542529555437,0.0010383859430063455,-0.72,-0.0,0.0
7.019863605499268,0.0,0.0,0.0,-0.008112722723806528,-0.002549603404566574,-0.0033173073873521064,-0.72,-0.0,0.0
7.019913911819458,0.0,0.0,0.0,-0.015009716057027648,-0.008752122318379834,-0.0038871874551521758,-0.72,-0.0,0.0
7.019956350326538,0.0,0.0,0.0,-0.016437410671079306,-0.0034728981180873228,-0.01325413517710262,-0.72,-0.0,0.0
7.019998550415039,0.0,0.0,0.0,-0.003438583828999222,-0.01099451971721747,-0.010685671714990744,-0.72,-0.0,0.0
7.020038843154907,0.0,0.0,0.0,-0.00657441860032084,-0.00789497736232625,-0.011430256858312752,-0.72,-0.0,0.0
7.0200769901275635,0.0,0.0,0.0,-0.005620570834160945,-0.005985089660697843,-0.006630074071203399,-0.72,-0.0,0.0
7.0612030029296875,0.0,0.0,0.0,-0.006227889838297965,-0.0044461988687893444,0.0008519928679621274,-0.72,-0.0,0.0
7.061339855194092,0.0,0.0,0.0,-0.0022018575310063667,-0.0032819834021124345,0.0010025595315128284,-0.72,-0.0,0.0
7.061399459838867,0.0,0.0,0.0,-0.0015174505489638397,-0.005090901247135787,0.006127342436162421,-0.72,-0.0,0.0
7.061440467834473,0.0,0.0,0.0,-0.007424035689342186,-0.00925365314127901,0.002782430783542107,-0.72,-0.0,0.0
7.061479330062866,0.0,0.0,0.0,-0.00559495611235627,-0.013940804079479927,-0.009799125192643067,-0.72,-0.0,0.0
7.061692476272583,0.0,0.0,0.0,-0.0037721650152595003,-0.003504462165319722,-0.014736425591258526,-0.72,-0.0,0.0
7.061748266220093,0.0,0.0,0.0,6.853097246642752e-05,-0.013148274330667295,-0.01466381023183466,-0.72,-0.0,0.0
7.061795711517334,0.0,0.0,0.0,-0.002450438452549434,-0.017133146556776415,-0.007321671307700645,-0.72,-0.0,0.0
7.061833143234253,0.0,0.0,0.0,7.567411663307735e-05,-0.027920754850665478,-0.009397718839567049,-0.72,-0.0,0.0
7.0618815422058105,0.0,0.0,0.0,-0.002551429804349726,-0.021605859016913698,-0.004429685763575518,-0.72,-0.0,0.0
7.1029369831085205,0.0,0.0,0.0,-0.008721324840805691,-0.01596334757895552,-0.005398010885844548,-0.72,-0.0,0.0
7.103068828582764,0.0,0.0,0.0,-0.013794415273281083,-0.006143092585207457,-0.011929138375534923,-0.72,-0.0,0.0
7.10312032699585,0.0,0.0,0.0,-0.01913909049381464,0.0010582167137491729,-0.012387579144226528,-0.72,-0.0,0.0
7.103166103363037,0.0,0.0,0.0,-0.019338883552480316,0.002279715005025901,-0.01570598657178744,-0.72,-0.0,0.0
7.103208065032959,0.0,0.0,0.0,-0.02012648958374585,-0.0020901985078930103,-0.012902351679333787,-0.72,-0.0,0.0
7.103248834609985,0.0,0.0,0.0,-0.01937146018252932,-0.003772690739418807,-0.010685403950278925,-0.72,-0.0,0.0
7.103301525115967,0.0,0.0,0.0,-0.01529448165987106,-0.009918393440612384,-0.008190289619305081,-0.72,-0.0,0.0
7.1033430099487305,0.0,0.0,0.0,-0.01802828755968492,-0.01652542036810063,0.0008493779591363553,-0.72,-0.0,0.0
7.103382587432861,0.0,0.0,0.0,-0.013076454349955273,-0.00656996815458051,0.0005631265142932057,-0.72,-0.0,0.0
7.1034228801727295,0.0,0.0,0.0,-0.00938792982242253,-0.0010702098737302617,-0.0054543516276554845,-0.72,-0.0,0.0
7.1445863246917725,0.0,0.0,0.0,-0.006589886621538549,0.0017958035320772253,-0.0043303724653426185,-0.72,-0.0,0.0
7.144729375839233,0.0,0.0,0.0,-0.0061840389540332545,-0.0012946778382453771,-0.004835638014513003,-0.72,-0.0,0.0
7.144779682159424,0.0,0.0,0.0,-0.007395812890352368,-0.017351435980574665,-0.007486638223414311,-0.72,-0.0,0.0
7.144820213317871,0.0,0.0,0.0,-0.00229589010595359,-0.01894323356642351,-0.006893338817980502,-0.72,-0.0,0.0
7.144859790802002,0.0,0.0,0.0,-0.00693705877089385,-0.022268679805145478,0.0013417072639150876,-0.72,-0.0,0.0
7.1448974609375,0.0,0.0,0.0,-0.0056113382224920036,-0.007638853267941744,-0.0009957130449966098,-0.72,-0.0,0.0
7.1449432373046875,0.0,0.0,0.0,-0.007462341065334887,-0.007430163497744919,-0.003014788992080989,-0.72,-0.0,0.0
7.144980430603027,0.0,0.0,0.0,-0.016183307361924634,-0.007054884950883885,-0.012357228345341219,-0.72,-0.0,0.0
7.145022869110107,0.0,0.0,0.0,-0.016838107072680505,-0.009083758540705008,-0.012482331843377055,-0.72,-0.0,0.0
7.145066499710083,0.0,0.0,0.0,-0.01749122607103,-0.015359818624086563,-0.011384118331770068,-0.72,-0.0,0.0
7.186205625534058,0.0,0.0,0.0,-0.0072691336272352955,-0.019613011277653022,-0.00956607963096776,-0.72,-0.0,0.0
7.186339855194092,0.0,0.0,0.0,-0.002296785668382496,-0.022863513582107538,-0.012186514050260371,-0.72,-0.0,0.0
7.186392784118652,0.0,0.0,0.0,-0.005020885583999222,-0.019770056507352505,-0.0060323108130457175,-0.72,-0.0,0.0
7.186438322067261,0.0,0.0,0.0,0.0003167142021404314,-0.01661470306156461,-0.01574572066135139,-0.72,-0.0,0.0
7.18648362159729,0.0,0.0,0.0,-0.0022680888487504798,-0.01825530515887082,-0.010740427197124505,-0.72,-0.0,0.0
7.186527729034424,0.0,0.0,0.0,-0.00771988346202361,-0.030651797581552363,-0.007209322895136003,-0.72,-0.0,0.0
7.186569929122925,0.0,0.0,0.0,-0.004760418507532097,-0.02397213495179308,-0.012813860920482506,-0.72,-0.0,0.0
7.186612367630005,0.0,0.0,0.0,0.0027739313069143155,-0.014048663565413459,-0.010598863196835517,-0.72,-0.0,0.0
7.1866514682769775,0.0,0.0,0.0,-4.5897109274741075e-05,-0.009788774284839269,-0.008572549508292551,-0.72,-0.0,0.0
7.186696290969849,0.0,0.0,0.0,-0.004820903370197997,-0.004369360668447302,-0.010415865638637847,-0.72,-0.0,0.0
7.237714529037476,0.0,0.0,0.0,-0.007711406975731436,-0.017188946616876706,-0.008546008782648246,-0.72,-0.0,0.0
7.237834930419922,0.0,0.0,0.0,-0.018541505546433953,-0.028579753301917418,-0.007325621110721218,-0.72,-0.0,0.0
7.238024473190308,0.0,0.0,0.0,-0.012487618945300599,-0.025606551213869514,-0.005485897950134363,-0.72,-0.0,0.0
7.238110303878784,0.0,0.0,0.0,-0.008229246939771218,-0.02028686472584745,-0.011395092924063717,-0.72,-0.0,0.0
7.238195896148682,0.0,0.0,0.0,-0.013404262019390397,-0.024593792225567672,-0.006613320345404137,-0.72,-0.0,0.0
7.238276243209839,0.0,0.0,0.0,-0.005494938392284395,-0.01480574857704342,-0.002210022916834958,-0.72,-0.0,0.0
7.238331317901611,0.0,0.0,0.0,-0.006315586706554705,-0.016503764904334427,0.002941192034893372,-0.72,-0.0,0.0
7.238407611846924,0.0,0.0,0.0,-0.004932546937758503,-0.00716525278717603,-0.007010057916343757,-0.72,-0.0,0.0
7.238479137420654,0.0,0.0,0.0,-0.004397147546336406,-0.012443182200463265,0.0010818642140755313,-0.72,-0.0,0.0
7.2385475635528564,0.0,0.0,0.0,-0.0019859794307777222,-0.007260130324343605,-0.010773055034962419,-0.72,-0.0,0.0
7.279287338256836,0.0,0.0,0.0,0.0025805017280887722,-0.010315714132993368,-0.002181586817400249,-0.72,-0.0,0.0
7.279437065124512,0.0,0.0,0.0,-0.001495531864023499,-0.02020449598003295,-0.004968146722212579,-0.72,-0.0,0.0
7.279536008834839,0.0,0.0,0.0,0.0009770528230449288,-0.011088373706661447,0.004141875268452232,-0.72,-0.0,0.0
7.279619216918945,0.0,0.0,0.0,-0.0019883411526118986,-0.018721882886184774,0.0014669098526906318,-0.72,-0.0,0.0
7.279695987701416,0.0,0.0,0.0,-0.008120305047782975,-0.012971530483669379,0.0008197250855249382,-0.72,-0.0,0.0
7.2797486782073975,0.0,0.0,0.0,-0.016611182717124306,-0.015749652035067063,-0.001767503088327924,-0.72,-0.0,0.0
7.279819965362549,0.0,0.0,0.0,-0.010642432540058354,-0.014037948597464786,-0.01461585597428211,-0.72,-0.0,0.0
7.279884576797485,0.0,0.0,0.0,-0.00034627405442375374,-0.014514021601464106,-0.0003731951749416856,-0.72,-0.0,0.0
7.2799530029296875,0.0,0.0,0.0,-0.0061360796859550905,-0.00544920143892748,-0.0008970743388063207,-0.72,-0.0,0.0
7.279996156692505,0.0,0.0,0.0,-0.006841262447768284,-0.01180020580482561,0.003296189345639652,-0.72,-0.0,0.0
7.320857524871826,0.0,0.0,0.0,0.0005577114794966402,-0.010633036534939739,-0.010019476405257258,-0.72,-0.0,0.0
7.3211510181427,0.0,0.0,0.0,0.003456218479855268,-0.007103749581280172,-0.012385015921469173,-0.72,-0.0,0.0
7.321232557296753,0.0,0.0,0.0,-0.0011747507687371456,-0.013053881309726435,-0.004679241515429186,-0.72,-0.0,0.0
7.3212785720825195,0.0,0.0,0.0,-0.004002139977476344,-0.007628422241749834,-0.009045447098896226,-0.72,-0.0,0.0
7.321316957473755,0.0,0.0,0.0,0.0011269374261337675,-0.004702415539780197,0.007058559615963715,-0.72,-0.0,0.0
7.321354627609253,0.0,0.0,0.0,-0.009683589925684391,-0.007476847749251898,-0.0016934227842495641,-0.72,-0.0,0.0
7.3213911056518555,0.0,0.0,0.0,-0.006469306415589727,-0.01871211731053324,0.004031691836679322,-0.72,-0.0,0.0
7.321426630020142,0.0,0.0,0.0,-0.00499929037488966,-0.015400622419706864,-0.005433936140286808,-0.72,-0.0,0.0
7.321460723876953,0.0,0.0,0.0,-0.007768348114724042,-0.017137203833908803,-0.013349411410025594,-0.72,-0.0,0.0
7.321570873260498,0.0,0.0,0.0,-0.004559529498006375,-0.0121039698397978,-0.009033355033582616,-0.72,-0.0,0.0
7.3626649379730225,0.0,0.0,0.0,-0.001707717972912868,-0.016979359037685583,0.002398510266082917,-0.72,-0.0,0.0
7.362804174423218,0.0,0.0,0.0,-0.0075634615846767615,-0.009663584638848283,-0.007662192973946403,-0.72,-0.0,0.0
7.362853765487671,0.0,0.0,0.0,-0.010100241541897693,-0.008794494776595213,-0.011686443200049655,-0.72,-0.0,0.0
7.362900495529175,0.0,0.0,0.0,-0.007464557257034987,-0.008317488445910627,-0.009178876335730068,-0.72,-0.0,0.0
7.3629419803619385,0.0,0.0,0.0,-0.003406280006330603,-0.0022520220745714885,-0.015535675937675377,-0.72,-0.0,0.0
7.362982273101807,0.0,0.0,0.0,-0.009384586408531004,0.00012427866447951004,-0.008682125200733031,-0.72,-0.0,0.0
7.363026857376099,0.0,0.0,0.0,-0.005959362675337812,-0.01852510235885968,-0.009589766368371572,-0.72,-0.0,0.0
7.363063812255859,0.0,0.0,0.0,-0.013772038414132265,-0.02442205497909278,-0.0081898857133117,-0.72,-0.0,0.0
7.363306999206543,0.0,0.0,0.0,-0.012676928306219484,-0.02091392237336212,-0.003824269056120569,-0.72,-0.0,0.0
7.363372802734375,0.0,0.0,0.0,-0.01229891703013001,-0.024804133548419423,-0.0022996566860751353,-0.72,-0.0,0.0
7.404388666152954,0.0,0.0,0.0,-0.001184338384944196,-0.015055786967252795,-0.004551540583515894,-0.72,-0.0,0.0
7.404527425765991,0.0,0.0,0.0,0.0016202737390406475,0.0010126345446916966,-0.007022809263554384,-0.72,-0.0,0.0
7.404582738876343,0.0,0.0,0.0,-0.005662380918202861,-0.00500483789916041,-0.007581818269180036,-0.72,-0.0,0.0
7.404628038406372,0.0,0.0,0.0,0.003537961441626524,0.0030393085808844856,-0.009288895976937894,-0.72,-0.0,0.0
7.404670476913452,0.0,0.0,0.0,-0.006521819611311481,-0.00023668526799999534,-0.007980246676898011,-0.72,-0.0,0.0
7.404715061187744,0.0,0.0,0.0,-0.012201026600406388,-0.012483238576932131,-0.01391138095478009,-0.72,-0.0,0.0
7.4047582149505615,0.0,0.0,0.0,0.0012494514164970928,-0.0074279409006398405,-0.016112633337653077,-0.72,-0.0,0.0
7.404810667037964,0.0,0.0,0.0,-0.0047665206704404365,-0.0028935402337784996,-0.003861243750687497,-0.72,-0.0,0.0
7.404848575592041,0.0,0.0,0.0,-0.002178145078296501,-0.0025442714745465876,-0.014817857859049469,-0.72,-0.0,0.0
7.404884099960327,0.0,0.0,0.0,-0.009462859635121125,-0.0072894959529094866,-0.0048621932331159605,-0.72,-0.0,0.0
7.445996284484863,0.0,0.0,0.0,-0.009550712245971833,-0.011995133335446153,-0.005663848980613621,-0.72,-0.0,0.0
7.446123838424683,0.0,0.0,0.0,-0.006197443502738861,-0.005597768906493781,-0.0012841175108276065,-0.72,-0.0,0.0
7.446182489395142,0.0,0.0,0.0,-0.0015401332601515875,0.0007100950139036514,-0.002292641310972863,-0.72,-0.0,0.0
7.446226119995117,0.0,0.0,0.0,-0.003030160529858323,-0.012369743887855715,-0.0046199380705778505,-0.72,-0.0,0.0
7.44627046585083,0.0,0.0,0.0,-0.004743751796036094,-0.01449277114201256,-0.006422039985617644,-0.72,-0.0,0.0
7.446317434310913,0.0,0.0,0.0,-0.01014729864673539,-0.019556417495101022,6.748882292088564e-05,-0.72,-0.0,0.0
7.446369171142578,0.0,0.0,0.0,-0.015689460477140062,-0.018477250652969804,0.008823719859847177,-0.72,-0.0,0.0
7.446407318115234,0.0,0.0,0.0,-0.004136206096631859,-0.011680495244038512,-0.009324016280155946,-0.72,-0.0,0.0
7.4464430809021,0.0,0.0,0.0,-0.009060671006102063,-0.005360358567603135,0.0036316408521814597,-0.72,-0.0,0.0
7.446478843688965,0.0,0.0,0.0,-0.008542055670002074,-0.015428701142150477,-0.004739710769000256,-0.72,-0.0,0.0
7.487476110458374,0.0,0.0,0.0,-0.0061011413853257835,-0.013863030074102976,-0.007273916105410162,-0.72,-0.0,0.0
7.487602233886719,0.0,0.0,0.0,0.003970513771326618,-0.014818564249173032,0.0020213474658727143,-0.72,-0.0,0.0
7.487656831741333,0.0,0.0,0.0,0.0017541347152693935,-0.018823997373797252,-0.0075106213759883605,-0.72,-0.0,0.0
7.487701177597046,0.0,0.0,0.0,0.005198349409662592,-0.016126222735971144,-0.008761936800573156,-0.72,-0.0,0.0
7.487740755081177,0.0,0.0,0.0,0.004839656335377684,-0.012830432285213658,-0.020179889784875817,-0.72,-0.0,0.0
7.48777961730957,0.0,0.0,0.0,0.0028080136008368146,-0.006600419894218059,-0.013414326813989996,-0.72,-0.0,0.0
7.487817764282227,0.0,0.0,0.0,0.010999009817830118,-0.011145711310269044,-0.009852845365487856,-0.72,-0.0,0.0
7.487860202789307,0.0,0.0,0.0,0.004964922127116358,-0.008960870843061748,-0.020472968797328538,-0.72,-0.0,0.0
7.487907886505127,0.0,0.0,0.0,0.004128511897667305,-0.011747946650882652,-0.007900852533545685,-0.72,-0.0,0.0
7.487946510314941,0.0,0.0,0.0,0.005047286711298046,-0.014991308891427463,-0.017004279911546575,-0.72,-0.0,0.0
7.539199113845825,0.0,0.0,0.0,-0.004183480071678877,-0.020346428123478824,0.000421891711989968,-0.72,-0.0,0.0
7.5393383502960205,0.0,0.0,0.0,-0.01602560725848748,-0.025481995889531678,-0.0020501897064321125,-0.72,-0.0,0.0
7.539393663406372,0.0,0.0,0.0,-0.014714589526618728,-0.01217234724229593,-0.01329607879887336,-0.72,-0.0,0.0
7.53944730758667,0.0,0.0,0.0,-0.008629612595263542,-0.01862282472823658,-0.007286091627016279,-0.72,-0.0,0.0
7.539485454559326,0.0,0.0,0.0,-0.013056716699358959,-0.020161818128378913,-0.001517398490709437,-0.72,-0.0,0.0
7.539524078369141,0.0,0.0,0.0,-0.007653957274613708,-0.022369998306079966,-0.002897778504654187,-0.72,-0.0,0.0
7.539560794830322,0.0,0.0,0.0,-0.015054387943392108,-0.01640199403675591,-0.008139881880266788,-0.72,-0.0,0.0
7.53960394859314,0.0,0.0,0.0,-0.02061518630759117,-0.01401458958413402,-0.0028228444992340783,-0.72,-0.0,0.0
7.539647102355957,0.0,0.0,0.0,-0.014585495711263255,-0.010853907282762207,0.0033604221870183566,-0.72,-0.0,0.0
7.580785751342773,0.0,0.0,0.0,-0.016889112967398572,-0.011711036311986906,-0.0011957313214663672,-0.72,-0.0,0.0
7.580919027328491,0.0,0.0,0.0,-0.006171656524621682,-0.00989627929748604,0.009029595245124354,-0.72,-0.0,0.0
7.580981016159058,0.0,0.0,0.0,-0.004154919362635247,-0.015975113067180066,-0.0057658151625975965,-0.72,-0.0,0.0
7.581030607223511,0.0,0.0,0.0,-0.008453064253812571,-0.0179381912846549,-0.006847466568603575,-0.72,-0.0,0.0
7.581074476242065,0.0,0.0,0.0,-0.012549315596701222,-0.012084696534321584,-0.00439939105809987,-0.72,-0.0,0.0
7.581111669540405,0.0,0.0,0.0,-0.005638764354059836,-0.007336910971533875,0.00031208014203380156,-0.72,-0.0,0.0
7.581151008605957,0.0,0.0,0.0,-0.0056959028419402815,-0.006910951029992682,-0.013067387686324636,-0.72,-0.0,0.0
7.581190347671509,0.0,0.0,0.0,-0.012173163125387776,0.0016440271319470923,-0.004182344354677223,-0.72,-0.0,0.0
7.581231355667114,0.0,0.0,0.0,-0.006094234615580929,-0.0013735842673301762,-0.009361739924173045,-0.72,-0.0,0.0
7.581275463104248,0.0,0.0,0.0,-0.01039726076125795,-0.012329561096061219,-0.008804323656965155,-0.72,-0.0,0.0
7.622427701950073,0.0,0.0,0.0,-0.009366049505637098,-0.022576716364817246,-0.013606508053559627,-0.72,-0.0,0.0
7.622571706771851,0.0,0.0,0.0,-0.006027433774761447,-0.029401814387925287,-0.003169587336204941,-0.72,-0.0,0.0
7.622630834579468,0.0,0.0,0.0,-0.005743382984425833,-0.016865943945721208,-0.004594988017085025,-0.72,-0.0,0.0
7.622671365737915,0.0,0.0,0.0,-0.012920076788498339,-0.00542206737076192,-0.011464978104080042,-0.72,-0.0,0.0
7.622732400894165,0.0,0.0,0.0,-0.012004369476487208,-0.011528428106842908,-0.002165825047078639,-0.72,-0.0,0.0
7.6227710247039795,0.0,0.0,0.0,-0.0076063017868845395,-0.008478824677579095,0.0039331860006664165,-0.72,-0.0,0.0
7.622809886932373,0.0,0.0,0.0,-0.0034447038677944035,-0.008446370824022217,-0.007429510061978083,-0.72,-0.0,0.0
7.622846841812134,0.0,0.0,0.0,0.00040559723214230424,-0.011818507215613294,-0.00932669659545787,-0.72,-0.0,0.0
7.622891902923584,0.0,0.0,0.0,-0.009753413026565917,-0.019426724867817324,-0.0026556545331457102,-0.72,-0.0,0.0
7.622928619384766,0.0,0.0,0.0,-0.0013215698578838064,-0.019677560791201143,0.00035181052178518877,-0.72,-0.0,0.0
7.6641528606414795,0.0,0.0,0.0,-0.0035228431153838838,-0.020351121941573933,-0.014143626257560632,-0.72,-0.0,0.0
7.664297342300415,0.0,0.0,0.0,-0.003086151205095561,-0.02215433878676514,-0.001348302122794737,-0.72,-0.0,0.0
7.664350271224976,0.0,0.0,0.0,-0.010241131201468981,-0.01992284123417955,-0.00641225405630357,-0.72,-0.0,0.0
7.664391756057739,0.0,0.0,0.0,-0.011909369302716973,-0.016209962974163925,-0.001475309355013583,-0.72,-0.0,0.0
7.664430856704712,0.0,0.0,0.0,-0.016958893149096058,-0.007661788025443392,0.0036701740171757626,-0.72,-0.0,0.0
7.6644675731658936,0.0,0.0,0.0,-0.01239476852311047,-0.007493712533326417,-0.0013871608806162593,-0.72,-0.0,0.0
7.664505481719971,0.0,0.0,0.0,-0.016271221727564168,-0.0023795089448534913,-0.001030857395774911,-0.72,-0.0,0.0
7.664541959762573,0.0,0.0,0.0,-0.014337932223637467,-0.0007982811484708511,-0.008395287613236909,-0.72,-0.0,0.0
7.664580583572388,0.0,0.0,0.0,-0.009125334593197467,-0.0058589469696021905,-0.012577480915835021,-0.72,-0.0,0.0
7.664616584777832,0.0,0.0,0.0,-0.013597313330288255,-0.0166691844762501,-0.014404814382540276,-0.72,-0.0,0.0
7.705690622329712,0.0,0.0,0.0,-0.011888315870929908,-0.02337034513229197,-0.005234487439795356,-0.72,-0.0,0.0
7.7058329582214355,0.0,0.0,0.0,-0.005497243754822411,-0.020420599185795803,-0.004222230598024984,-0.72,-0.0,0.0
7.706075191497803,0.0,0.0,0.0,-0.012335960811474067,-0.022596968614981817,-0.004351226797283833,-0.72,-0.0,0.0
7.706140995025635,0.0,0.0,0.0,-0.003663354565761994,-0.01577788489165296,-0.0015479843334159514,-0.72,-0.0,0.0
7.70618462562561,0.0,0.0,0.0,-0.0014816337148611041,-0.01121984949430855,-0.006980515635262887,-0.72,-0.0,0.0
7.706221342086792,0.0,0.0,0.0,-0.0016987097316952576,-0.008757780980197223,-0.008288428683551594,-0.72,-0.0,0.0
7.70625901222229,0.0,0.0,0.0,-0.0025197553497104458,-0.021987806923907866,-0.0024205745499903514,-0.72,-0.0,0.0
7.706294059753418,0.0,0.0,0.0,0.002606140149321173,-0.008506992535874482,-0.009283238452589526,-0.72,-0.0,0.0
7.706334352493286,0.0,0.0,0.0,-0.0012094886970381768,-0.011865310151540747,0.0021428547477558135,-0.72,-0.0,0.0
7.706369876861572,0.0,0.0,0.0,0.0009708721727124365,-0.011603765962593023,-0.010372953428477237,-0.72,-0.0,0.0
7.747458219528198,0.0,0.0,0.0,-0.0002386653895115884,-0.007365842469505686,-0.002978050315577812,-0.72,-0.0,0.0
7.747600078582764,0.0,0.0,0.0,-0.010662038204888261,0.0012008006791558656,0.006392049092853729,-0.72,-0.0,0.0
7.74765944480896,0.0,0.0,0.0,-0.005503300367579192,0.002585383244842185,0.008960407930833358,-0.72,-0.0,0.0
7.747699737548828,0.0,0.0,0.0,-0.007507257982401182,-0.01353697499299154,0.0012209506204226284,-0.72,-0.0,0.0
7.747737646102905,0.0,0.0,0.0,0.007221035631362102,-0.007273957539613442,-0.007319766995471753,-0.72,-0.0,0.0
7.747777938842773,0.0,0.0,0.0,-0.0009811671907407513,-0.006118251061501122,0.001672870148235598,-0.72,-0.0,0.0
7.747824668884277,0.0,0.0,0.0,0.00034516806869959395,-0.001836035011272987,-0.0068845712269600245,-0.72,-0.0,0.0
7.747865200042725,0.0,0.0,0.0,-0.0047730492228628026,-0.012795074092243907,-0.003847042410134325,-0.72,-0.0,0.0
7.747912168502808,0.0,0.0,0.0,-0.008261944437980458,-0.011794322430595479,-0.005982434826506843,-0.72,-0.0,0.0
7.747948169708252,0.0,0.0,0.0,-0.007678262690540995,-0.011989542904601285,-0.0039772147652531046,-0.72,-0.0,0.0
7.789267063140869,0.0,0.0,0.0,-0.002017834778686447,-0.01073878955815746,0.002226665585807654,-0.72,-0.0,0.0
7.78940486907959,0.0,0.0,0.0,-0.007840948274726698,-0.00034092766015668624,-0.0043681528264647536,-0.72,-0.0,0.0
7.789463996887207,0.0,0.0,0.0,-0.013905122300625619,-0.00532438074873304,-0.0008255789999223616,-0.72,-0.0,0.0
7.789547681808472,0.0,0.0,0.0,-0.015080854376194967,-0.00908512817463579,0.005128918537978842,-0.72,-0.0,0.0
7.789608955383301,0.0,0.0,0.0,-0.005839628979996355,-0.007945294801583649,0.0006333240164544382,-0.72,-0.0,0.0
7.789669990539551,0.0,0.0,0.0,0.002334294495653981,-0.00998158753600655,0.0034508391433986517,-0.72,-0.0,0.0
7.789715766906738,0.0,0.0,0.0,-0.0008261409717209336,-0.01717340687141476,-0.005671070153522551,-0.72,-0.0,0.0
7.789777994155884,0.0,0.0,0.0,-0.002275973213877373,-0.007933274602819057,-0.0038098981323295695,-0.72,-0.0,0.0
7.789959192276001,0.0,0.0,0.0,0.000729249767703692,-0.0122197718255021,-0.008553488215343198,-0.72,-0.0,0.0
7.790150165557861,0.0,0.0,0.0,-0.01116470384424974,-0.004479757631788904,-0.003679796183167425,-0.72,-0.0,0.0
7.831913471221924,0.0,0.0,0.0,-0.008295950637904625,-0.011566273233445029,0.0027588301988477684,-0.72,-0.0,0.0
7.832049131393433,0.0,0.0,0.0,-0.014359247971670042,-0.0023628429649933057,0.0067569639980875965,-0.72,-0.0,0.0
7.8321051597595215,0.0,0.0,0.0,-0.007998904193382615,-0.013108119022559445,0.001423353793186863,-0.72,-0.0,0.0
7.832195997238159,0.0,0.0,0.0,-0.0032053040095085463,-0.018683020636543094,-0.010134463178267729,-0.72,-0.0,0.0
7.832242727279663,0.0,0.0,0.0,-0.004411519684905491,-0.0174019780194962,-0.008820518840025628,-0.72,-0.0,0.0
7.832422733306885,0.0,0.0,0.0,-0.00969324522857108,-0.009410024069676951,0.0011517267256905541,-0.72,-0.0,0.0
7.832634687423706,0.0,0.0,0.0,-0.01159056722977542,-0.011244882245162294,-0.011209074987208332,-0.72,-0.0,0.0
7.8327085971832275,0.0,0.0,0.0,-0.012134863068998804,-0.01552148882068904,-0.004912955852090583,-0.72,-0.0,0.0
7.832760810852051,0.0,0.0,0.0,-0.01843795780734073,-0.022443623027113578,-0.007046446305502984,-0.72,-0.0,0.0
7.832801580429077,0.0,0.0,0.0,-0.017310145929296302,-0.0173054432501075,-0.006922555883617997,-0.72,-0.0,0.0
7.883907079696655,0.0,0.0,0.0,-0.011299409865034086,-0.014387948632292596,-0.005085242746840595,-0.72,-0.0,0.0
7.884046316146851,0.0,0.0,0.0,-0.006128517841180419,-0.005411957198692028,-0.00916819050427655,-0.72,-0.0,0.0
7.8840978145599365,0.0,0.0,0.0,-0.001189980127728986,-0.012589088136342446,-0.010937727435047642,-0.72,-0.0,0.0
7.884176254272461,0.0,0.0,0.0,-0.005039323951853959,-0.013116174465076881,-0.010616169573119456,-0.72,-0.0,0.0
7.884218692779541,0.0,0.0,0.0,-0.008029088244502726,-0.007785582900442427,-0.008148755170486655,-0.72,-0.0,0.0
7.88425612449646,0.0,0.0,0.0,-0.01776880264139071,-0.014548970728876648,-0.006102382184101811,-0.72,-0.0,0.0
7.884296655654907,0.0,0.0,0.0,-0.008913057700439776,-0.014533878135720171,-0.010386011941436912,-0.72,-0.0,0.0
7.884335994720459,0.0,0.0,0.0,-0.008609319146454969,-0.020070455575282163,-0.012218337418754515,-0.72,-0.0,0.0
7.884382724761963,0.0,0.0,0.0,-0.0014711134265798427,-0.012026510509384244,-0.0034339892566303126,-0.72,-0.0,0.0
7.884420156478882,0.0,0.0,0.0,-0.005965421067260981,-0.015162370790606382,-0.00238667556353136,-0.72,-0.0,0.0
7.925160884857178,0.0,0.0,0.0,-0.00395683933469613,-0.011609049420600414,-0.00046850793275582316,-0.72,-0.0,0.0
7.925265312194824,0.0,0.0,0.0,-0.013105560573574654,-0.014154374713692207,-0.008133892617198248,-0.72,-0.0,0.0
7.925315856933594,0.0,0.0,0.0,-0.0060044872757507375,-0.009763920730472577,-0.008661411953620747,-0.72,-0.0,0.0
7.925354480743408,0.0,0.0,0.0,-0.010996318447761005,-0.0052246552524343485,-0.005131392020210748,-0.72,-0.0,0.0
7.925392150878906,0.0,0.0,0.0,-0.020809324283593743,-0.0030746103727496425,-0.006722331810370925,-0.72,-0.0,0.0
7.925441026687622,0.0,0.0,0.0,-0.01671919276910964,-0.004994367967496382,-0.003397109332886786,-0.72,-0.0,0.0
7.925489187240601,0.0,0.0,0.0,-0.011085305297044592,-0.00736355597554815,-0.0035549512552009435,-0.72,-0.0,0.0
7.925529956817627,0.0,0.0,0.0,-0.01267958527012682,-0.017582169808611756,-0.006431102667070925,-0.72,-0.0,0.0
7.925565004348755,0.0,0.0,0.0,-0.008134685350364454,-0.019506320353457285,0.0024654629001615957,-0.72,-0.0,0.0
7.92560076713562,0.0,0.0,0.0,-0.007740418720101653,-0.012466339032756896,-0.005379895839275568,-0.72,-0.0,0.0
7.96636176109314,0.0,0.0,0.0,-0.006719898524803942,-0.013496659011986156,-0.010496990329114412,-0.72,-0.0,0.0
7.966453313827515,0.0,0.0,0.0,-0.0063505686912665995,-0.008619732854927072,-0.014279667749719357,-0.72,-0.0,0.0
7.966504096984863,0.0,0.0,0.0,-0.0031970447673660093,-0.012993736334581322,-0.012436944016215321,-0.72,-0.0,0.0
7.966540336608887,0.0,0.0,0.0,-0.001159574083130168,-0.008957334792187127,-0.0011319797106385983,-0.72,-0.0,0.0
7.966576814651489,0.0,0.0,0.0,-0.014269545157435474,-0.00867847235128873,-0.006505221689172348,-0.72,-0.0,0.0
7.966617107391357,0.0,0.0,0.0,-0.018456926912703547,-0.006890365125556334,-0.006382843094038673,-0.72,-0.0,0.0
7.966657876968384,0.0,0.0,0.0,-0.011798280350775733,-0.0077555878893014706,-0.0015355440583660004,-0.72,-0.0,0.0
7.966695547103882,0.0,0.0,0.0,-0.018637686205748533,-0.015097637204038544,-0.0006843809153871222,-0.72,-0.0,0.0
7.966736555099487,0.0,0.0,0.0,-0.018404127415608942,-0.01586392718190526,-0.008805015390883781,-0.72,-0.0,0.0
7.966775417327881,0.0,0.0,0.0,-0.01259700463223516,-0.0039372109671916315,-0.009054503148670524,-0.72,-0.0,0.0
8.007751703262329,0.0,0.0,0.0,-0.018628074920489405,-0.006106492027192794,-0.002436145065328489,-0.72,-0.0,0.0
8.007844924926758,0.0,0.0,0.0,-0.00783607487705312,-0.004569660281799455,-0.0021066733600824555,-0.72,-0.0,0.0
8.007871627807617,0.0,0.0,0.0,-0.0062702680145325694,-0.013655883686376146,0.003452849146216526,-0.72,-0.0,0.0
8.007889986038208,0.0,0.0,0.0,-0.004401859640501722,-0.01573546149379104,-0.009467413672847902,-0.72,-0.0,0.0
8.007907390594482,0.0,0.0,0.0,-0.013083785229918326,-0.009850398937524428,-0.0026560897494163228,-0.72,-0.0,0.0
8.008049964904785,0.0,0.0,0.0,-0.0054913902402527175,-0.010698385015486015,-0.0014929669481113263,-0.72,-0.0,0.0
8.008080005645752,0.0,0.0,0.0,-0.009481221286341615,-0.012867044227866982,-0.00857029150172078,-0.72,-0.0,0.0
8.008222818374634,0.0,0.0,0.0,-0.013125368047527607,-0.0036948624504087664,-0.002757534281074275,-0.72,-0.0,0.0
8.00825023651123,0.0,0.0,0.0,-0.002873366928038278,0.006327408308773398,-0.006783401871684335,-0.72,-0.0,0.0
8.008272409439087,0.0,0.0,0.0,0.004324914422186002,0.0011063084885329204,-0.0006511742250943507,-0.72,-0.0,0.0
8.049298286437988,0.0,0.0,0.0,0.003090168136813516,0.0013949421418173599,-0.004966125908672386,-0.72,-0.0,0.0
8.049403429031372,0.0,0.0,0.0,-0.0005582694674429752,0.004082628534088676,-0.0052595440157113755,-0.72,-0.0,0.0
8.049439907073975,0.0,0.0,0.0,-0.0026180529600271798,-0.008092676368032127,-0.01001600717234664,-0.72,-0.0,0.0
8.049469470977783,0.0,0.0,0.0,0.005252245905511186,-0.006888638560782277,-0.015235997581506996,-0.72,-0.0,0.0
8.049495935440063,0.0,0.0,0.0,0.011409549519775972,-0.0017227692476897364,-0.017975320678713363,-0.72,-0.0,0.0
8.049522876739502,0.0,0.0,0.0,-0.0017383476714370235,-0.0006534442224802329,-0.007539238409709583,-0.72,-0.0,0.0
8.049550771713257,0.0,0.0,0.0,-0.0035560645915158583,0.0027788751174530335,-0.004524425623445625,-0.72,-0.0,0.0
8.049575567245483,0.0,0.0,0.0,-0.0032794389499587575,-0.009882637300370251,-0.008349081901733401,-0.72,-0.0,0.0
8.04960012435913,0.0,0.0,0.0,-0.0011483538145601467,-0.005021568906826077,-0.01647108270439388,-0.72,-0.0,0.0
8.0496244430542,0.0,0.0,0.0,-0.004244197747877291,9.746342034555723e-05,-0.01061432148601379,-0.72,-0.0,0.0
8.090802669525146,0.0,0.0,0.0,-0.006441635722338584,-0.01943483853668458,-0.013149991760594976,-0.72,-0.0,0.0
8.090932607650757,0.0,0.0,0.0,-0.00857304212433455,-0.010218644232823421,-0.011498237106562658,-0.72,-0.0,0.0
8.090979099273682,0.0,0.0,0.0,-0.011753509929261276,-0.017244914683981503,-0.014928376281354128,-0.72,-0.0,0.0
8.091018438339233,0.0,0.0,0.0,-0.012357946110079215,-0.0026146242796459135,-0.012668911041336146,-0.72,-0.0,0.0
8.091055393218994,0.0,0.0,0.0,-0.012911694641742655,-0.003521008595637581,-0.010878124507242288,-0.72,-0.0,0.0
8.091100454330444,0.0,0.0,0.0,-0.01712064270413861,-0.011591377133117505,-0.012320615808520898,-0.72,-0.0,0.0
8.091134309768677,0.0,0.0,0.0,-0.014208830270488559,-0.007485586713191247,-0.0029589130985314188,-0.72,-0.0,0.0
8.091166734695435,0.0,0.0,0.0,-0.008289359402217169,-0.011770643009982228,-0.0035811449492002293,-0.72,-0.0,0.0
8.091201066970825,0.0,0.0,0.0,-0.007011613119212611,-0.017318724768921625,0.00023869092822821001,-0.72,-0.0,0.0
8.142576694488525,0.0,0.0,0.0,-0.01004705159811325,-0.007515387268275526,-0.000701302990757376,-0.72,-0.0,0.0
8.142715454101562,0.0,0.0,0.0,-0.008048128686926913,-0.010493571523359425,-0.00922890831048021,-0.72,-0.0,0.0
8.142770051956177,0.0,0.0,0.0,-0.0021645312584100862,-0.01584784613187942,-0.008005900823746314,-0.72,-0.0,0.0
8.142815589904785,0.0,0.0,0.0,0.0008932967336694808,-0.008969073003777585,-0.013868018525912636,-0.72,-0.0,0.0
8.142868041992188,0.0,0.0,0.0,-0.009401039120556134,-0.0167850139309918,-0.009337456358214395,-0.72,-0.0,0.0
8.142913579940796,0.0,0.0,0.0,0.0014284703563420345,-0.02015628613182125,0.0009344951795186979,-0.72,-0.0,0.0
8.142958879470825,0.0,0.0,0.0,-0.009530242527363427,-0.016600583064112023,-0.009383507706308865,-0.72,-0.0,0.0
8.142998933792114,0.0,0.0,0.0,-0.014303943432973146,-0.0159607921500974,-0.01585026082277839,-0.72,-0.0,0.0
8.143043994903564,0.0,0.0,0.0,-0.010535382641761702,-0.020862026643708252,-0.01535297790993694,-0.72,-0.0,0.0
8.143085479736328,0.0,0.0,0.0,-0.003982169486102784,-0.024714098554559794,-0.009739767935101024,-0.72,-0.0,0.0
8.184341430664062,0.0,0.0,0.0,0.00232303958957806,-0.016039524846948962,-0.0019759905242260722,-0.72,-0.0,0.0
8.18448257446289,0.0,0.0,0.0,-0.004061891891676374,-0.014252366425782353,-0.0038798498415251676,-0.72,-0.0,0.0
8.1845383644104,0.0,0.0,0.0,-0.005010606140271668,-0.01220669278755637,-0.0046597979725412665,-0.72,-0.0,0.0
8.184587001800537,0.0,0.0,0.0,-0.0033107923780148715,-0.01584330392028827,-0.005425318444443619,-0.72,-0.0,0.0
8.184629440307617,0.0,0.0,0.0,-0.002963390267014271,-0.008479925373172667,-0.00569192012551242,-0.72,-0.0,0.0
8.184674978256226,0.0,0.0,0.0,-0.0024151908739182973,-0.006552603107287009,-0.004565238318565104,-0.72,-0.0,0.0
8.184714555740356,0.0,0.0,0.0,0.0022574237672097065,-0.003208416123882827,8.356813436811746e-05,-0.72,-0.0,0.0
8.184760570526123,0.0,0.0,0.0,-0.0024294110261835426,-0.01728407331398134,0.0009591130887266432,-0.72,-0.0,0.0
8.184800386428833,0.0,0.0,0.0,-0.002475252379815065,-0.015455847126261198,0.0003073778299273181,-0.72,-0.0,0.0
8.184866428375244,0.0,0.0,0.0,-0.006462744548532429,-0.016563452626051398,-0.009582867402429647,-0.72,-0.0,0.0
8.226083278656006,0.0,0.0,0.0,-0.00042186278520886067,-0.02276550432773813,-0.010219379759901375,-0.72,-0.0,0.0
8.226226091384888,0.0,0.0,0.0,0.010823996221561398,-0.020042420177266106,-0.0036965030034429155,-0.72,-0.0,0.0
8.226286172866821,0.0,0.0,0.0,0.0018370948215676302,-0.020113845214892935,-0.007113912816518201,-0.72,-0.0,0.0
8.226344108581543,0.0,0.0,0.0,-0.002016912532834481,-0.013398377704251601,-0.005386670200626645,-0.72,-0.0,0.0
8.22639012336731,0.0,0.0,0.0,-0.010864941107860909,-0.017382569132679927,-0.004280366534580066,-0.72,-0.0,0.0
8.226430654525757,0.0,0.0,0.0,-0.013261337221504783,-0.0005195699368798033,-0.009825883655920145,-0.72,-0.0,0.0
8.226468086242676,0.0,0.0,0.0,-0.008787497178739974,-0.0030727347610879532,-0.0004442993314904758,-0.72,-0.0,0.0
8.226502895355225,0.0,0.0,0.0,-0.0009379621737905038,-0.0076875604777752815,-0.008698143330164651,-0.72,-0.0,0.0
8.226539134979248,0.0,0.0,0.0,-7.393224636166257e-05,-0.013391874318930333,-0.01571773397643738,-0.72,-0.0,0.0
8.226580381393433,0.0,0.0,0.0,-0.00014638209561562243,-0.018944313797567204,-0.010050810517227874,-0.72,-0.0,0.0
8.267716884613037,0.0,0.0,0.0,-0.007820537737527078,-0.010721665225605768,-0.0033064274508448925,-0.72,-0.0,0.0
8.267850875854492,0.0,0.0,0.0,-0.01476051021305879,-0.010282572477131236,-0.0044857665585295746,-0.72,-0.0,0.0
8.26790189743042,0.0,0.0,0.0,-0.010787235675864962,-0.015323327623895686,-0.011197928022809295,-0.72,-0.0,0.0
8.267943859100342,0.0,0.0,0.0,-0.0025832361169137036,-0.0220472827000383,-0.014542407421109276,-0.72,-0.0,0.0
8.26798415184021,0.0,0.0,0.0,-0.010005870005637813,-0.014395192118763306,-0.007817849790004187,-0.72,-0.0,0.0
8.268026351928711,0.0,0.0,0.0,-0.005880147950611071,-0.007703599242775823,-0.006564548518256626,-0.72,-0.0,0.0
8.268063306808472,0.0,0.0,0.0,-0.0043021764218725235,-0.011124510747055645,-0.0008658756657823268,-0.72,-0.0,0.0
8.268100261688232,0.0,0.0,0.0,-0.006030331066635549,-0.021606206735983163,0.001530631694574204,-0.72,-0.0,0.0
8.26818299293518,0.0,0.0,0.0,-0.00041600443963309787,-0.012708001037354451,-0.005760418977881311,-0.72,-0.0,0.0
8.268226146697998,0.0,0.0,0.0,-0.012505715103132276,-0.009455301956880099,-0.0011749406927123824,-0.72,-0.0,0.0
8.309283018112183,0.0,0.0,0.0,-0.013690672783124268,-0.009320554523305019,0.004226700491216998,-0.72,-0.0,0.0
8.309417724609375,0.0,0.0,0.0,-0.014349369111698615,-0.00698581200182306,0.002036388566139208,-0.72,-0.0,0.0
8.30947208404541,0.0,0.0,0.0,-0.006712346682266783,1.9728500235058178e-05,0.0001354359384331721,-0.72,-0.0,0.0
8.309524059295654,0.0,0.0,0.0,-0.013610117849006476,-0.0036030134966379915,-0.005862389450794269,-0.72,-0.0,0.0
8.30956506729126,0.0,0.0,0.0,-0.008673252759650371,-0.009495214812543347,-7.570075440323367e-05,-0.72,-0.0,0.0
8.309606075286865,0.0,0.0,0.0,-0.003988864743504839,-0.015773545751477012,-0.004881543085148899,-0.72,-0.0,0.0
8.3096444606781,0.0,0.0,0.0,-0.007581443198406404,-0.01474128768835463,-0.004689507155432329,-0.72,-0.0,0.0
8.309683799743652,0.0,0.0,0.0,0.0046654245965247875,-0.013000410743265132,-0.001623625424285216,-0.72,-0.0,0.0
8.30972146987915,0.0,0.0,0.0,0.002747084659676323,-0.009831254873342047,-0.0010960179576861788,-0.72,-0.0,0.0
8.30994462966919,0.0,0.0,0.0,0.0002914877373245832,-0.020433594986604547,-0.005245917811128148,-0.72,-0.0,0.0
8.351099491119385,0.0,0.0,0.0,0.0035775689973997055,-0.005477447123758579,-0.002909957122367003,-0.72,-0.0,0.0
8.35123348236084,0.0,0.0,0.0,-0.0038079458903797258,-0.000748354486164295,-0.007436424778443675,-0.72,-0.0,0.0
8.351287841796875,0.0,0.0,0.0,-0.015538462031800523,-0.005872932172820679,-0.014282152641195542,-0.72,-0.0,0.0
8.351332902908325,0.0,0.0,0.0,-0.01904192001398726,-0.0031952845416828805,-0.006429179211989454,-0.72,-0.0,0.0
8.351378440856934,0.0,0.0,0.0,-0.007983798219508322,-0.008861288940275979,-0.0066845833704528455,-0.72,-0.0,0.0
8.351419687271118,0.0,0.0,0.0,-0.009487630597164405,-0.007481715246211778,-0.009323934567671277,-0.72,-0.0,0.0
8.351458072662354,0.0,0.0,0.0,-0.008789233907057976,-0.0012753105898296127,-0.010748423436869152,-0.72,-0.0,0.0
8.351497411727905,0.0,0.0,0.0,-0.006920492980086912,-0.00985760822735695,0.0006417191108450856,-0.72,-0.0,0.0
8.351537942886353,0.0,0.0,0.0,-0.004680541395344387,-0.018219730601775175,0.00018576243018679226,-0.72,-0.0,0.0
8.351576328277588,0.0,0.0,0.0,0.007512158254792601,-0.022196665983320773,0.0015233855818509493,-0.72,-0.0,0.0
8.392643690109253,0.0,0.0,0.0,0.0005859637325289369,-0.015668981475879324,0.005876112287180123,-0.72,-0.0,0.0
8.392783880233765,0.0,0.0,0.0,0.0008815446749745929,-0.006301627335711474,-0.009774713403982624,-0.72,-0.0,0.0
8.392840147018433,0.0,0.0,0.0,-0.003191930895693659,-0.004959865442999476,-0.004438438190205169,-0.72,-0.0,0.0
8.392883062362671,0.0,0.0,0.0,-0.009257479286367314,-0.010935053211704373,-0.0033217420566875795,-0.72,-0.0,0.0
8.392924785614014,0.0,0.0,0.0,-0.005614958140192734,-0.008713012689673493,-0.005223191313378989,-0.72,-0.0,0.0
8.392965316772461,0.0,0.0,0.0,-0.0019392255082985445,-0.008009091679773636,-0.007275528154458332,-0.72,-0.0,0.0
8.393005132675171,0.0,0.0,0.0,-0.012981219712618694,-0.0054320035837695764,-0.0064135181213862795,-0.72,-0.0,0.0
8.393043279647827,0.0,0.0,0.0,-0.009464455436496795,-0.00502348567367875,-0.004952272815451656,-0.72,-0.0,0.0
8.393080949783325,0.0,0.0,0.0,-0.004355367316118894,-0.0011971537285362455,-0.003149757930947044,-0.72,-0.0,0.0
8.393118381500244,0.0,0.0,0.0,-0.00247002712204024,-0.008176869993465256,-0.003978947456304391,-0.72,-0.0,0.0
8.444399356842041,0.0,0.0,0.0,-0.002149305001075704,-0.017385446685497023,-0.0024236180666648657,-0.72,-0.0,0.0
8.444531440734863,0.0,0.0,0.0,-0.008903119154032404,-0.018562940183288357,-0.002927886446797919,-0.72,-0.0,0.0
8.444585800170898,0.0,0.0,0.0,-0.011994977648442444,-0.006263325415616667,-0.0028922575980822717,-0.72,-0.0,0.0
8.444629907608032,0.0,0.0,0.0,-0.00790309600308645,-0.008040634781107036,-0.0028040351193092156,-0.72,-0.0,0.0
8.444674491882324,0.0,0.0,0.0,-0.016698735646583793,-0.005600042376304542,-0.000837150916616281,-0.72,-0.0,0.0
8.444717407226562,0.0,0.0,0.0,-0.012379567512111727,-0.0009064847640189945,0.0016114457845841275,-0.72,-0.0,0.0
8.444761037826538,0.0,0.0,0.0,-0.008631765938168601,-0.0076818925463698565,0.0037409353100313833,-0.72,-0.0,0.0
8.444801807403564,0.0,0.0,0.0,-0.012857256678267936,-0.010632852998113774,0.006341323771905342,-0.72,-0.0,0.0
8.444840908050537,0.0,0.0,0.0,-0.019901666035198256,-0.013786681937849975,0.009813811822074742,-0.72,-0.0,0.0
8.444880962371826,0.0,0.0,0.0,-0.019090315661150555,-0.007937775006880296,-0.00613957003289611,-0.72,-0.0,0.0
8.485848665237427,0.0,0.0,0.0,-0.01137579317916618,0.0006765414892404371,-0.007590637946741361,-0.72,-0.0,0.0
8.485980033874512,0.0,0.0,0.0,-0.0063433562293847565,0.002474761313792138,-0.007446672374203667,-0.72,-0.0,0.0
8.48603367805481,0.0,0.0,0.0,-0.005011148593373387,0.0035016303070102227,-0.016587379219096986,-0.72,-0.0,0.0
8.486074924468994,0.0,0.0,0.0,-0.0006201634491941281,-0.0007870273601788623,-0.0213990040120126,-0.72,-0.0,0.0
8.486113786697388,0.0,0.0,0.0,-0.012547566597334074,-0.0006054239505525112,-0.01683098199417908,-0.72,-0.0,0.0
8.486155986785889,0.0,0.0,0.0,-0.006957031185378241,-0.0015335776431844605,-0.012421826574078905,-0.72,-0.0,0.0
8.486198902130127,0.0,0.0,0.0,-0.0030740093356892598,-0.015964349333717376,-0.011088315314999835,-0.72,-0.0,0.0
8.486238479614258,0.0,0.0,0.0,0.0030951902531874713,-0.008090118894117074,-0.004108453263416753,-0.72,-0.0,0.0
8.486278295516968,0.0,0.0,0.0,0.0018986374087065258,-0.009990132426517537,-0.004196985215333894,-0.72,-0.0,0.0
8.48632287979126,0.0,0.0,0.0,0.005582529873421648,-0.0031794641623444832,0.0027866528468846697,-0.72,-0.0,0.0
8.527636766433716,0.0,0.0,0.0,-0.0006243691686948984,0.0024770559221665577,0.007991052966106246,-0.72,-0.0,0.0
8.527764797210693,0.0,0.0,0.0,-0.003307429152979112,-0.006274346594787087,0.0019828183059101825,-0.72,-0.0,0.0
8.527813196182251,0.0,0.0,0.0,-0.010383082654593366,0.001532361793377217,-0.005269932777575018,-0.72,-0.0,0.0
8.527856826782227,0.0,0.0,0.0,-0.0036891395958122833,-0.004181759216360269,-0.006974237771919576,-0.72,-0.0,0.0
8.527899026870728,0.0,0.0,0.0,-0.001695578770254142,0.00033244339263624294,-0.016199422543304472,-0.72,-0.0,0.0
8.527941465377808,0.0,0.0,0.0,-0.0017338741507475213,0.005602738595946408,-0.006267638341270284,-0.72,-0.0,0.0
8.52798342704773,0.0,0.0,0.0,-0.010511173659222479,0.00042383544407642625,-0.0058584157935641975,-0.72,-0.0,0.0
8.52802562713623,0.0,0.0,0.0,-0.004473396785366741,0.002758033114871952,-0.005880079324713665,-0.72,-0.0,0.0
8.528064489364624,0.0,0.0,0.0,-0.00487021475377718,-0.003723294678416939,-0.005849606040000627,-0.72,-0.0,0.0
8.528102159500122,0.0,0.0,0.0,-0.007732987140652725,-0.0015441163418388945,0.005576779583909391,-0.72,-0.0,0.0
8.56925654411316,0.0,0.0,0.0,-0.006167406161117602,-0.01775425428264804,0.0015411213495374143,-0.72,-0.0,0.0
8.569396734237671,0.0,0.0,0.0,0.0021075055202268533,-0.008885277712856795,0.005593481626364249,-0.72,-0.0,0.0
8.569456577301025,0.0,0.0,0.0,-0.001299341344601118,-0.008874823279200174,-0.0009145637095507139,-0.72,-0.0,0.0
8.569506645202637,0.0,0.0,0.0,-0.010360891873703286,-0.005237187496545865,0.0015214823225159848,-0.72,-0.0,0.0
8.569550514221191,0.0,0.0,0.0,-0.014270797455220781,-0.011395439832240482,0.006220424641527182,-0.72,-0.0,0.0
8.569591283798218,0.0,0.0,0.0,-0.010168822186443853,-0.009595458105367022,0.006971069388091481,-0.72,-0.0,0.0
8.569631576538086,0.0,0.0,0.0,-0.01028930856466089,-0.0024140933537421918,0.002761054207057015,-0.72,-0.0,0.0
8.569673776626587,0.0,0.0,0.0,-0.011955782109887831,-0.013084165012253573,-0.0009371302894215021,-0.72,-0.0,0.0
8.569713830947876,0.0,0.0,0.0,-0.013717356005803339,-0.01636132583437511,-0.003710750258178589,-0.72,-0.0,0.0
8.569751501083374,0.0,0.0,0.0,-0.00721564150039004,-0.02501469838214617,0.0028495780862159933,-0.72,-0.0,0.0
8.610879898071289,0.0,0.0,0.0,4.3637611352711716e-05,-0.019921238018693135,-0.0019645233411530105,-0.72,-0.0,0.0
8.611019134521484,0.0,0.0,0.0,0.008303088933265293,-0.010630745572087917,-0.016070917080576837,-0.72,-0.0,0.0
8.611074209213257,0.0,0.0,0.0,-0.00031234286387505505,-0.015604860397303279,-0.016040649464410972,-0.72,-0.0,0.0
8.61112117767334,0.0,0.0,0.0,-0.00642496889519859,-0.012695404023098782,-0.009020633070233203,-0.72,-0.0,0.0
8.611170768737793,0.0,0.0,0.0,-0.004765001699671711,-0.018755228223770345,-0.0031324278050865488,-0.72,-0.0,0.0
8.611209392547607,0.0,0.0,0.0,-0.0018599619829636864,-0.010597117884486109,-0.0030705466116993214,-0.72,-0.0,0.0
8.611246109008789,0.0,0.0,0.0,-0.005251902373590975,-0.009777732421799912,0.0009870066712960124,-0.72,-0.0,0.0
8.611284494400024,0.0,0.0,0.0,-0.013983708264765964,-0.014166813142410755,-0.009000727280040303,-0.72,-0.0,0.0
8.611320495605469,0.0,0.0,0.0,-0.015718896453495054,-0.02255163875998234,-0.011007502019656673,-0.72,-0.0,0.0
8.652387857437134,0.0,0.0,0.0,-0.017387536229991972,-0.01516425437023951,-0.011077709962300316,-0.72,-0.0,0.0
8.652522802352905,0.0,0.0,0.0,-0.016382031705958734,-0.009416469813143055,-0.0070589368200870565,-0.72,-0.0,0.0
8.652743101119995,0.0,0.0,0.0,-0.01417337612816835,-0.01769122531460179,0.002786389510042292,-0.72,-0.0,0.0
8.653020143508911,0.0,0.0,0.0,-0.013083228282409425,-0.014299169012775129,0.0004779403427860728,-0.72,-0.0,0.0
8.65318512916565,0.0,0.0,0.0,-0.009314923790877502,-0.009526423427269946,-0.008859970328561746,-0.72,-0.0,0.0
8.653304100036621,0.0,0.0,0.0,-0.00815814065882446,-0.0010191805424804637,-0.009210839834389134,-0.72,-0.0,0.0
8.653366088867188,0.0,0.0,0.0,0.0016966679806418572,-0.007701730558944792,-0.015201579590647097,-0.72,-0.0,0.0
8.653512954711914,0.0,0.0,0.0,0.001895760082076558,-0.009992055430405104,-0.008286306343482772,-0.72,-0.0,0.0
8.653591632843018,0.0,0.0,0.0,0.002248217998631082,0.0026911249240605234,-0.013683187414183473,-0.72,-0.0,0.0
8.653655290603638,0.0,0.0,0.0,0.002909721040852945,-0.0013692394084686055,-0.011224588885542184,-0.72,-0.0,0.0
8.694834470748901,0.0,0.0,0.0,-0.002400178370504892,-0.00641328381591828,-0.00044693132855128705,-0.72,-0.0,0.0
8.694974660873413,0.0,0.0,0.0,-0.00012653396910254814,-0.003902816853828014,-0.01028027119665074,-0.72,-0.0,0.0
8.695030689239502,0.0,0.0,0.0,-0.01491068281427756,-0.006324296744821258,-0.0065761150515355245,-0.72,-0.0,0.0
8.695075273513794,0.0,0.0,0.0,-0.009799747500566482,-0.011658025380601905,-0.0012646783519526619,-0.72,-0.0,0.0
8.695115804672241,0.0,0.0,0.0,0.0005568255281554448,-0.005323284170893316,0.0019064936558767262,-0.72,-0.0,0.0
8.695156812667847,0.0,0.0,0.0,-0.0013555544018253303,-0.01251754265565317,-4.815689785851365e-05,-0.72,-0.0,0.0
8.695205450057983,0.0,0.0,0.0,-0.011766399568364923,-0.009841801912954175,0.00273707166859877,-0.72,-0.0,0.0
8.69524884223938,0.0,0.0,0.0,-0.019010221478200775,-0.003446328675349268,-0.005179237796741796,-0.72,-0.0,0.0
8.69528865814209,0.0,0.0,0.0,-0.022180508316913608,0.004256386721281744,-0.0030243171328958422,-0.72,-0.0,0.0
8.695330142974854,0.0,0.0,0.0,-0.013595336017351259,-0.009174093244051858,-0.008158696002401078,-0.72,-0.0,0.0
8.736386060714722,0.0,0.0,0.0,-0.025308769097615515,-0.003929820077956492,-0.0008005911219395632,-0.72,-0.0,0.0
8.736521244049072,0.0,0.0,0.0,-0.022350362954492303,-0.011132016411321588,0.0011580240439201012,-0.72,-0.0,0.0
8.736576557159424,0.0,0.0,0.0,-0.021857066847629465,-0.016393267192786234,0.006132393027774955,-0.72,-0.0,0.0
8.736620664596558,0.0,0.0,0.0,-0.009504651576735622,-0.02439719262990705,0.004606776307504438,-0.72,-0.0,0.0
8.736662149429321,0.0,0.0,0.0,-0.0071091619408769164,-0.014601637107785274,0.007154130353262762,-0.72,-0.0,0.0
8.736707210540771,0.0,0.0,0.0,-0.011646660850938328,-0.02565305274407163,0.005226546107673159,-0.72,-0.0,0.0
8.736748933792114,0.0,0.0,0.0,-0.00861642840685086,-0.016734964608300703,-0.006610073901829062,-0.72,-0.0,0.0
8.73678970336914,0.0,0.0,0.0,-0.000933858661254838,-0.01027324040737859,-0.013815226523032362,-0.72,-0.0,0.0
8.736831903457642,0.0,0.0,0.0,-0.0032062843362182817,-0.014533069900082018,-0.01055844256049562,-0.72,-0.0,0.0
8.736870288848877,0.0,0.0,0.0,-0.0074050274719902965,-0.007049225374160829,-0.005360817273869231,-0.72,-0.0,0.0
8.78818416595459,0.0,0.0,0.0,-0.00877659780047375,-0.025231745173394854,-0.00928173842390231,-0.72,-0.0,0.0
8.788330078125,0.0,0.0,0.0,-0.002639115178138435,-0.018630510867238333,-0.012768871630552495,-0.72,-0.0,0.0
8.788392782211304,0.0,0.0,0.0,-0.004786039444816386,-0.011938506257023763,-0.009705008127960687,-0.72,-0.0,0.0
8.788443326950073,0.0,0.0,0.0,-0.003162863742039733,-0.01853678845931628,-0.00428042261178091,-0.72,-0.0,0.0
8.788485527038574,0.0,0.0,0.0,0.003719346426402878,-0.006783178198174854,-0.01306696326564039,-0.72,-0.0,0.0
8.788528203964233,0.0,0.0,0.0,-0.0008714093765488761,-0.005029290073941969,-0.010204275737537434,-0.72,-0.0,0.0
8.788571834564209,0.0,0.0,0.0,-0.0023227563509093615,-0.023784918029305727,-0.001775222613562018,-0.72,-0.0,0.0
8.78861141204834,0.0,0.0,0.0,-0.0011818044617297142,-0.014910868843298883,-0.002971833606503195,-0.72,-0.0,0.0
8.788650751113892,0.0,0.0,0.0,-0.01188537290438055,-0.014555874070946707,0.0024170940916875892,-0.72,-0.0,0.0
8.788689136505127,0.0,0.0,0.0,-0.00675689566521082,-0.016161583950083443,0.0013251696826747622,-0.72,-0.0,0.0
8.82972264289856,0.0,0.0,0.0,-0.011370598261137359,-0.011285987020689765,0.00535919955578924,-0.72,-0.0,0.0
8.829862594604492,0.0,0.0,0.0,-0.00319825803379637,-0.0180389892963477,-0.0024306148094360783,-0.72,-0.0,0.0
8.829912185668945,0.0,0.0,0.0,-0.007557682952475821,-0.017765572075795648,-0.0011524544260330095,-0.72,-0.0,0.0
8.829954624176025,0.0,0.0,0.0,-0.002411553791650375,-0.01370334359526976,-0.005802393698174068,-0.72,-0.0,0.0
8.829992532730103,0.0,0.0,0.0,-0.0058809670711816265,-0.008254931400831889,0.0014696453752686507,-0.72,-0.0,0.0
8.83003044128418,0.0,0.0,0.0,-0.010467722900077733,-0.007010670160349615,-0.01072643234612567,-0.72,-0.0,0.0
8.83006763458252,0.0,0.0,0.0,-0.0020313629388921347,-0.011902675483916535,-0.006152425183829984,-0.72,-0.0,0.0
8.830104351043701,0.0,0.0,0.0,-0.009838678935362916,-0.014000209225965014,-0.004640120219488787,-0.72,-0.0,0.0
8.830140829086304,0.0,0.0,0.0,-0.014232786419082986,-0.0175900547755209,-0.013942079491503914,-0.72,-0.0,0.0
8.830175399780273,0.0,0.0,0.0,-0.00851052681446835,-0.017713881407469944,-0.0035619911554321242,-0.72,-0.0,0.0
8.871381282806396,0.0,0.0,0.0,-0.005101940333881266,-0.0006287481746497432,-0.0032829077390388478,-0.72,-0.0,0.0
8.871522426605225,0.0,0.0,0.0,-0.009506272331907144,-0.005239552684193343,-0.004745649066329091,-0.72,-0.0,0.0
8.871577024459839,0.0,0.0,0.0,-0.00702867192389565,-0.008481016718070708,-0.002199043949330066,-0.72,-0.0,0.0
8.871617794036865,0.0,0.0,0.0,-0.005831399798930728,-0.011897476370035463,0.00031634526954441255,-0.72,-0.0,0.0
8.87166166305542,0.0,0.0,0.0,-0.010346077572459802,-0.008659298430903737,-0.010224868328204361,-0.72,-0.0,0.0
8.871711730957031,0.0,0.0,0.0,-0.011375873165568918,-0.015168748585735794,-0.011681582925528403,-0.72,-0.0,0.0
8.871752500534058,0.0,0.0,0.0,-0.004068436938084829,-0.024398704029623294,-0.010456297574621121,-0.72,-0.0,0.0
8.871795892715454,0.0,0.0,0.0,-0.006572193866813054,-0.009054387766754922,-0.011057803365397384,-0.72,-0.0,0.0
8.871834754943848,0.0,0.0,0.0,-0.004513051736450024,-0.006780531779709236,-0.006161846437867821,-0.72,-0.0,0.0
8.871875047683716,0.0,0.0,0.0,-0.006221033233908538,-0.0030399824217708024,0.0031330655444548115,-0.72,-0.0,0.0
8.913046598434448,0.0,0.0,0.0,-0.010862269599827943,-0.015084865209183652,0.007593547474529224,-0.72,-0.0,0.0
8.913378715515137,0.0,0.0,0.0,-0.012753237194765192,-0.013476422215456769,-0.006615628145234267,-0.72,-0.0,0.0
8.91346287727356,0.0,0.0,0.0,-0.01425197257990812,-0.007723776272777285,0.00510803750767448,-0.72,-0.0,0.0
8.9135160446167,0.0,0.0,0.0,-0.01441914399681111,-0.014850310632497796,-0.006026682175491604,-0.72,-0.0,0.0
8.913567781448364,0.0,0.0,0.0,-0.0068310415270677275,-0.004301971568194987,-0.016263358557165136,-0.72,-0.0,0.0
8.913615703582764,0.0,0.0,0.0,-0.0055173264020631696,-0.00395052046352329,-0.006481116042474109,-0.72,-0.0,0.0
8.913663148880005,0.0,0.0,0.0,-0.008519621059889015,-0.01721708754273953,-0.00020388305720861997,-0.72,-0.0,0.0
8.913710117340088,0.0,0.0,0.0,-0.009956703113102856,-0.017078147342119966,-0.0036979503881507535,-0.72,-0.0,0.0
8.913754224777222,0.0,0.0,0.0,-0.003973927748677898,-0.017909100480659065,0.002286797992425467,-0.54,-0.0,0.0
8.91379427909851,0.0,0.0,0.0,-0.0034349124840206448,-0.012268207182976242,0.006591822217214351,-0.54,-0.0,0.0
8.954850673675537,0.0,0.0,0.0,-0.004729828673008118,-0.011642895364239705,0.0027198170397002563,-0.54,-0.0,0.0
8.954987525939941,0.0,0.0,0.0,-0.010633303613082658,-0.012111973352753318,0.01325377567995368,-0.54,-0.0,0.0
8.955041646957397,0.0,0.0,0.0,-0.004895547183791943,-0.01970461807734817,0.002386868692931285,-0.54,-0.0,0.0
8.955084085464478,0.0,0.0,0.0,-0.0015107241150619838,-0.01938048651987059,0.007828000775513301,-0.54,-0.0,0.0
8.955125331878662,0.0,0.0,0.0,-5.272132551134546e-05,-0.01987917211275825,0.007426881970760802,-0.54,-0.0,0.0
8.955172300338745,0.0,0.0,0.0,0.004220521926555573,-0.024705904929280768,-0.001203387899884308,-0.54,-0.0,0.0
8.95541262626648,0.0,0.0,0.0,-0.003152874394517591,-0.015406558750911611,0.004798256661760148,-0.36,-0.0,0.0
8.955470085144043,0.0,0.0,0.0,-0.004589561765513795,-0.010060155944054558,-0.005117300829274835,-0.36,-0.0,0.0
8.955517053604126,0.0,0.0,0.0,0.0020192971166068034,-0.0034063576242603427,-0.009058313303464313,-0.36,-0.0,0.0
8.955561637878418,0.0,0.0,0.0,-0.0057150367721950064,-0.0021885253917619412,-0.0023290987181245615,-0.36,-0.0,0.0
8.996559381484985,0.0,0.0,0.0,-0.015952682485684405,-0.004643021603553587,0.004160510301395466,-0.54,-0.0,0.0
8.996689796447754,0.0,0.0,0.0,-0.009703090975439472,0.0070101475906687635,0.0037406799240139606,-0.54,-0.0,0.0
8.996748447418213,0.0,0.0,0.0,-0.015012396040363446,-0.015928628655689538,-0.010385394632638266,-0.54,-0.0,0.0
8.996787309646606,0.0,0.0,0.0,-0.005111033994259985,-0.019797633669335558,-0.016443151372757207,-0.54,-0.0,0.0
8.99682331085205,0.0,0.0,0.0,-0.0018145274946741582,-0.01312666270278134,-0.001112055365198939,-0.54,-0.0,0.0
8.99686074256897,0.0,0.0,0.0,-0.01479719885764465,-0.015408328415317108,0.0011099805298262833,-0.54,-0.0,0.0
8.996896505355835,0.0,0.0,0.0,-0.00571610460526736,-0.01382786568263434,-0.0019098174297659347,-0.72,-0.0,0.0
8.9969322681427,0.0,0.0,0.0,-0.0029454738699936298,-0.010636469907263146,-0.004163072568249764,-0.72,-0.0,0.0
8.996965169906616,0.0,0.0,0.0,-0.01407505676387131,-0.00811764778347096,-0.0024523176910136034,-0.72,-0.0,0.0
8.9970064163208,0.0,0.0,0.0,-0.0030218089151310243,-0.008934518269557089,-0.006566201808047808,-0.72,-0.0,0.0
9.038113355636597,0.0,0.0,0.0,-0.00814881492071196,-0.010649469862572722,0.0016768823389346475,-0.72,-0.0,0.0
9.038252592086792,0.0,0.0,0.0,-0.006848080128251657,-0.012901942305774676,-0.0036879860712949906,-0.8999999999999999,-0.0,0.0
9.038316011428833,0.0,0.0,0.0,-0.010043123794338965,-0.016814739272811373,0.001121250630197198,-0.8999999999999999,-0.0,0.0
9.038360118865967,0.0,0.0,0.0,-0.013894740312444503,-0.009099453668801678,-0.002938862217226952,-0.8999999999999999,-0.0,0.0
9.038400411605835,0.0,0.0,0.0,-0.016262227512805677,-0.015479805319610759,0.0015197532628505187,-0.8999999999999999,-0.0,0.0
9.038445472717285,0.0,0.0,0.0,-0.0032141139658347865,-0.01566528929588244,-0.00737204629820592,-0.8999999999999999,-0.0,0.0
9.038485050201416,0.0,0.0,0.0,-0.0030176428246515064,-0.00855459111280139,0.0007720682990945085,-0.8999999999999999,-0.0,0.0
9.038527727127075,0.0,0.0,0.0,-0.0016829021304311485,-0.00988665706644537,-0.005338681286672109,-0.8999999999999999,-0.0,0.0
9.038572788238525,0.0,0.0,0.0,0.0014660076766212621,-0.010202388592923555,0.0026894487138418373,-0.8999999999999999,-0.0,0.0
9.038610458374023,0.0,0.0,0.0,0.006175940321344464,-0.012722720991688606,-0.004135529758084752,-0.8999999999999999,-0.0,0.0
9.089956760406494,0.0,0.0,0.0,-0.0059640478564259225,-0.014320996783313418,0.0027020815156461563,-0.72,-0.0,0.0
9.090339422225952,0.0,0.0,0.0,-0.005062768413487965,-0.02157280963344198,-0.00364380529783905,-0.72,-0.0,0.0
9.090437412261963,0.0,0.0,0.0,-0.007656274323617722,-0.012083684339830482,-0.0006631569381473223,-0.72,-0.0,0.0
9.090619087219238,0.0,0.0,0.0,-0.008836976939864566,-0.016360315136931602,0.005071542514221538,-0.72,-0.0,0.0
9.09069275856018,0.0,0.0,0.0,-0.004968617623377822,-0.017153840555462985,0.003105818968505232,-0.72,-0.0,0.0
9.091026544570923,0.0,0.0,0.0,-0.0076099266653149615,-0.029540333225547326,-0.0010518078437279298,-0.72,-0.0,0.0
9.09111475944519,0.0,0.0,0.0,-0.001129186096575918,-0.023105565740643617,0.0024758662393724457,-0.72,-0.0,0.0
9.091164588928223,0.0,0.0,0.0,-0.005137861317370194,-0.026674640115005675,0.0036441132486308117,-0.54,-0.0,0.0
9.09121298789978,0.0,0.0,0.0,-0.00638331309555261,-0.02357910927489877,-0.0009522268181275335,-0.54,-0.0,0.0
9.091254711151123,0.0,0.0,0.0,-0.014031877390500023,-0.01825851083577742,-0.0038077549167071113,-0.54,-0.0,0.0
9.132479667663574,0.0,0.0,0.0,-0.008650129517243352,-0.008666824575964321,-0.006642878850458074,-0.54,-0.0,0.0
9.132615089416504,0.0,0.0,0.0,-0.0020745572579797074,-0.008252820984581338,0.0004344299957484511,-0.54,-0.0,0.0
9.132670164108276,0.0,0.0,0.0,-0.005313930060571475,-0.01531785816555941,0.005008399831804553,-0.54,-0.0,0.0
9.13271427154541,0.0,0.0,0.0,-0.00917442004223709,-0.010598130942991174,-0.004415123395942761,-0.54,-0.0,0.0
9.13275957107544,0.0,0.0,0.0,-0.013290145272435279,-0.012997550506032246,-0.0012805731537637634,-0.54,-0.0,0.0
9.132803201675415,0.0,0.0,0.0,-0.009038648914971794,-0.011276533983755749,-0.011601067295669138,-0.54,-0.0,0.0
9.1328444480896,0.0,0.0,0.0,-0.00028818855076308915,-0.0012487971688863759,-0.0039366296304161105,-0.54,-0.0,0.0
9.132888555526733,0.0,0.0,0.0,0.002616202782993156,-0.014440472173420146,0.004854485189824279,-0.54,-0.0,0.0
9.132928133010864,0.0,0.0,0.0,0.003303244849846466,-0.02484576056442789,-0.004407895787571532,-0.54,-0.0,0.0
9.13296365737915,0.0,0.0,0.0,-0.0009953993687836166,-0.027989437146874154,-0.0009304150000346691,-0.54,-0.0,0.0
9.173964023590088,0.0,0.0,0.0,0.0033321310274960097,-0.02777895045227467,0.0036682727443558983,-0.54,-0.0,0.0
9.174092054367065,0.0,0.0,0.0,0.003982528346009089,-0.013967920794062937,0.0023748596162812352,-0.54,-0.0,0.0
9.174142122268677,0.0,0.0,0.0,-0.005483450523624195,-0.017626969947764817,-0.0016622234219449393,-0.54,-0.0,0.0
9.174185037612915,0.0,0.0,0.0,-0.0010358941957491607,-0.017810029347180546,0.0001333882650181022,-0.54,-0.0,0.0
9.174239158630371,0.0,0.0,0.0,0.0018858304931325086,-0.02072386346210725,-0.0040930136687833876,-0.54,-0.0,0.0
9.174277782440186,0.0,0.0,0.0,0.006555080336829541,-0.010362058657449536,-0.007479245506957165,-0.54,-0.0,0.0
9.17431378364563,0.0,0.0,0.0,0.0011791696598438138,-0.017472306107742468,-0.00933588980563108,-0.54,-0.0,0.0
9.174354553222656,0.0,0.0,0.0,0.0026385607427398057,-0.010809952149475846,-0.002902860693301702,-0.72,-0.0,0.0
9.17439603805542,0.0,0.0,0.0,-0.00410951307722986,-0.006082478119324912,-0.01016457163124418,-0.72,-0.0,0.0
9.21545958518982,0.0,0.0,0.0,-0.004380745838268524,-0.004616307479098416,-0.007205477873480853,-0.72,-0.0,0.0
9.215590953826904,0.0,0.0,0.0,-6.117365205352369e-05,-0.0076495844049401475,-0.004088756288718948,-0.72,-0.0,0.0
9.215652704238892,0.0,0.0,0.0,-0.004174336895094596,-0.00924382174536978,-0.013386930754759599,-0.72,-0.0,0.0
9.21569013595581,0.0,0.0,0.0,-0.0015771510699475106,-0.010642566231523848,-0.0028255730260028805,-0.8999999999999999,-0.0,0.0
9.215729475021362,0.0,0.0,0.0,-0.001032329625122714,-0.006481659178851968,-0.00964834910843737,-0.8999999999999999,-0.0,0.0
9.21576714515686,0.0,0.0,0.0,0.0024825803448408667,0.000854623166165661,-0.0015383288180318,-0.8999999999999999,-0.0,0.0
9.215888500213623,0.0,0.0,0.0,0.0010106227723631692,-0.010414498361679065,-0.0011503312683630636,-0.8999999999999999,-0.0,0.0
9.215961694717407,0.0,0.0,0.0,-0.007666059553384659,-0.004221653659926875,-0.011092650830234144,-0.8999999999999999,-0.0,0.0
9.216007709503174,0.0,0.0,0.0,-0.006138037040876287,-0.004924954838832748,-0.0060629028586011635,-0.8999999999999999,-0.0,0.0
9.216048955917358,0.0,0.0,0.0,-0.008670841212595426,-0.01096579192199556,-0.0063200655793510755,-0.8999999999999999,-0.0,0.0
9.257025480270386,0.0,0.0,0.0,-0.0053891121121251405,-0.006657944602009877,-0.008720131664082828,-0.8999999999999999,-0.0,0.0
9.257156372070312,0.0,0.0,0.0,-0.015118638134371318,-0.011873617666657739,-0.006445436214832134,-0.72,-0.0,0.0
9.257215976715088,0.0,0.0,0.0,-0.014667448621261727,-0.005699856496404998,-0.0014151608601631028,-0.72,-0.0,0.0
9.257255792617798,0.0,0.0,0.0,-0.014531019727015228,-0.003588054551475445,0.0006292440610600183,-0.72,-0.0,0.0
9.25729489326477,0.0,0.0,0.0,-0.011436427397672368,-0.015069677112540248,-0.0015115532828273014,-0.72,-0.0,0.0
9.257330417633057,0.0,0.0,0.0,-0.01278603607262146,-0.02111700655952537,-0.008173927899322867,-0.72,-0.0,0.0
9.25736689567566,0.0,0.0,0.0,-0.012561332453045264,-0.008121469107659707,-0.00660936847210462,-0.72,-0.0,0.0
9.257592678070068,0.0,0.0,0.0,-0.011780853758927875,-0.013019589817507695,-0.003719080533755525,-0.72,-0.0,0.0
9.257967710494995,0.0,0.0,0.0,-0.018021078205555534,-0.009953277638933574,-0.005082719281121256,-0.72,-0.0,0.0
9.258055210113525,0.0,0.0,0.0,-0.009535109710967134,0.0025326271965111537,-0.006417960236436086,-0.54,-0.0,0.0
9.299145936965942,0.0,0.0,0.0,-0.017882357288366495,-0.006760935385971392,-0.003960162222432778,-0.54,-0.0,0.0
9.299274921417236,0.0,0.0,0.0,-0.017110313979060404,-0.002450653472719926,-0.004328244580810085,-0.54,-0.0,0.0
9.299331426620483,0.0,0.0,0.0,-0.00799297299423503,-0.015031167685674938,-0.006894461020692638,-0.54,-0.0,0.0
9.299373149871826,0.0,0.0,0.0,-0.003255200095090435,-0.008775735666719638,0.004227708111500565,-0.54,-0.0,0.0
9.299463272094727,0.0,0.0,0.0,-0.012470313490662386,-0.013021335566912404,-0.0014087342021085524,-0.54,-0.0,0.0
9.299692153930664,0.0,0.0,0.0,-0.008754126726452004,-0.014267680265634387,-0.006525868916937186,-0.36,-0.0,0.0
9.299747943878174,0.0,0.0,0.0,-0.0011347024219303923,-0.020006577712489308,-0.005889408631132501,-0.36,-0.0,0.0
9.299790620803833,0.0,0.0,0.0,-0.005674571358446875,-0.016467238487950155,-0.010693932031843328,-0.36,-0.0,0.0
9.299826622009277,0.0,0.0,0.0,-0.0029931315882635954,-0.021345372707879676,-0.00036439284369119856,-0.36,-0.0,0.0
9.29997992515564,0.0,0.0,0.0,-0.006859117436445305,-0.01581349523103358,2.9581634910627877e-05,-0.36,-0.0,0.0
9.341107606887817,0.0,0.0,0.0,-0.00822542675384995,-0.014008447478406719,-0.013987276657251036,-0.36,-0.0,0.0
9.341238737106323,0.0,0.0,0.0,-0.002528689705945464,-0.006914324909580427,-0.00903278587979019,-0.36,-0.0,0.0
9.341296911239624,0.0,0.0,0.0,-0.011725598325989335,-0.010236867765655938,-0.010279374925963213,-0.54,-0.0,0.0
9.341338157653809,0.0,0.0,0.0,-0.013588366789029244,-0.009829428900152006,-0.0014427849338171951,-0.54,-0.0,0.0
9.341379165649414,0.0,0.0,0.0,-0.016874473084609296,-0.005971895546483906,-0.011709484665337158,-0.54,-0.0,0.0
9.341428279876709,0.0,0.0,0.0,-0.01767319197544915,-0.010873308377634007,-0.0034435894708546196,-0.54,-0.0,0.0
9.341470718383789,0.0,0.0,0.0,-0.016636690346556175,-0.008306813864243867,-0.010211518836367056,-0.72,-0.0,0.0
9.341691493988037,0.0,0.0,0.0,-0.014661430211423949,-0.00869612954110966,-0.0034898278616931097,-0.72,-0.0,0.0
9.341792821884155,0.0,0.0,0.0,-0.011487190986062927,-0.010849572615909605,-0.01025626058106884,-0.72,-0.0,0.0
9.341848611831665,0.0,0.0,0.0,-0.01680894288086053,-0.011915260423859531,-0.006593281711195021,-0.8999999999999999,-0.0,0.0
9.382980585098267,0.0,0.0,0.0,-0.005579277475708901,-0.01142599113938644,-0.008287683393876229,-0.8999999999999999,-0.0,0.0
9.383239269256592,0.0,0.0,0.0,-0.005060160344524791,-0.014102723192142386,-0.0028326363576593573,-0.8999999999999999,-0.0,0.0
9.383391618728638,0.0,0.0,0.0,-0.012793079599584959,-0.00886331500045467,-0.00418922468310648,-0.8999999999999999,-0.0,0.0
9.383527278900146,0.0,0.0,0.0,-0.0039900413411390065,-0.003460262476971211,-0.006941475361126858,-0.8999999999999999,-0.0,0.0
9.383634805679321,0.0,0.0,0.0,-0.007906614119518967,-0.0037423422354810397,-0.011041407492647842,-0.8999999999999999,-0.0,0.0
9.383726119995117,0.0,0.0,0.0,-0.0061507646384134215,-0.00826229293864221,-0.005494071374502872,-0.8999999999999999,-0.0,0.0
9.38382339477539,0.0,0.0,0.0,-0.009847318949840131,-0.0051985271962618415,-0.0034817797392944537,-0.8999999999999999,-0.0,0.0
9.384066581726074,0.0,0.0,0.0,-0.004996885994945168,-0.017176905641238513,0.0020723332429916585,-0.8999999999999999,-0.0,0.0
9.384180307388306,0.0,0.0,0.0,0.0030042948001234087,-0.0028910735256444564,-0.007521085742756521,-0.8999999999999999,-0.0,0.0
9.384228467941284,0.0,0.0,0.0,-0.003161929912587878,-0.009638443038957663,0.006714259755631042,-0.8999999999999999,-0.0,0.0
9.425420999526978,0.0,0.0,0.0,-0.0016236335270292568,-0.009024512633199344,0.0032439942512196658,-0.8999999999999999,-0.0,0.0
9.425562381744385,0.0,0.0,0.0,-0.0011881134873125763,-0.014514074901017467,0.000896375860822622,-0.8999999999999999,-0.0,0.0
9.425621747970581,0.0,0.0,0.0,-0.0026743567642596973,-0.009241954692403461,-0.0016541231259408207,-0.72,-0.0,0.0
9.425669193267822,0.0,0.0,0.0,0.005272765489217771,-0.011793559953711555,-0.002498462571613522,-0.72,-0.0,0.0
9.425711154937744,0.0,0.0,0.0,0.0006501540550483494,-0.011613844196418406,-0.013989107774756617,-0.72,-0.0,0.0
9.425753355026245,0.0,0.0,0.0,0.006111032917156685,-0.0051764038938446905,-0.00923144203229529,-0.72,-0.0,0.0
9.425795316696167,0.0,0.0,0.0,-0.004414615910738039,-0.01068583864968483,-0.005199097364100569,-0.72,-0.0,0.0
9.425835609436035,0.0,0.0,0.0,0.001506856979418391,-0.007073373631365612,-0.004456260081418073,-0.54,-0.0,0.0
9.42587661743164,0.0,0.0,0.0,-0.003904935328232329,0.0005074138824384984,-0.00864957573675102,-0.54,-0.0,0.0
9.425915241241455,0.0,0.0,0.0,-0.004529314515583199,-0.014026039119449649,-0.006245814760636986,-0.54,-0.0,0.0
9.477262496948242,0.0,0.0,0.0,-0.0019283187405969235,-0.01659242155073397,-0.004235901312447296,-0.54,-0.0,0.0
9.477404356002808,0.0,0.0,0.0,0.0022446547454574093,-0.011116330963127528,-0.0015556443173279076,-0.54,-0.0,0.0
9.477462768554688,0.0,0.0,0.0,-0.005266592837269194,-0.008442282670209685,-0.0028610113862962963,-0.54,-0.0,0.0
9.4775071144104,0.0,0.0,0.0,0.0011304347177354163,-0.0015350089129535353,-0.003751123822692963,-0.54,-0.0,0.0
9.477552652359009,0.0,0.0,0.0,-0.009032311619030169,0.0018232717469101698,-0.003964601368664652,-0.54,-0.0,0.0
9.477596282958984,0.0,0.0,0.0,-0.0031907658346541287,-0.009760622352168206,-0.001162182908516023,-0.54,-0.0,0.0
9.477637767791748,0.0,0.0,0.0,0.0031770752038725106,-0.0007826355389786142,-0.0008292544753895694,-0.72,-0.0,0.0
9.477679252624512,0.0,0.0,0.0,0.008249221618411535,-0.009171740116566567,-0.0027091362923668937,-0.72,-0.0,0.0
9.477718114852905,0.0,0.0,0.0,-0.0018015235513193038,0.002866624166053169,0.004576441284828321,-0.72,-0.0,0.0
9.477757453918457,0.0,0.0,0.0,-0.008790963488247535,-0.016704585703799797,-0.0002850055952141198,-0.72,-0.0,0.0
9.518837451934814,0.0,0.0,0.0,-0.0064780107045622785,-0.005481243925784471,-0.008355067521219811,-0.72,-0.0,0.0
9.51896333694458,0.0,0.0,0.0,-0.007448122386848658,0.002265390279067792,-0.007917108627235651,-0.72,-0.0,0.0
9.519014835357666,0.0,0.0,0.0,-0.007528295388557311,-0.008844926979043197,-0.0016262082573794486,-0.72,-0.0,0.0
9.51906156539917,0.0,0.0,0.0,-0.006477693918986717,-0.008454820612679418,-0.007025627835096992,-0.72,-0.0,0.0
9.519100427627563,0.0,0.0,0.0,-0.010750970972556536,-0.008609307630023422,-0.007553873839093243,-0.8999999999999999,-0.0,0.0
9.519142389297485,0.0,0.0,0.0,-0.007251375100231221,-0.01201498187934275,-0.010454695063281368,-0.8999999999999999,-0.0,0.0
9.51918339729309,0.0,0.0,0.0,-0.011535202965461514,-0.020544177259585593,-0.008788044111398559,-0.8999999999999999,-0.0,0.0
9.5192232131958,0.0,0.0,0.0,-0.002646048264809205,-0.008657097232439973,-0.009133746291737304,-0.8999999999999999,-0.0,0.0
9.519267320632935,0.0,0.0,0.0,-0.0040931420167236564,-0.014538373404355693,-0.009752008623771572,-0.8999999999999999,-0.0,0.0
9.519304990768433,0.0,0.0,0.0,-0.003933305677204419,-0.019666218547403344,-0.005517771488752243,-0.72,-0.0,0.0
9.56027340888977,0.0,0.0,0.0,-0.006662746563819815,-0.014965922185124257,-0.0005950725404776677,-0.72,-0.0,0.0
9.560404777526855,0.0,0.0,0.0,-0.005353668536895306,-0.008387642629067084,-0.0023851267916741754,-0.72,-0.0,0.0
9.560455322265625,0.0,0.0,0.0,-0.006662500616214166,-0.012449718949548945,-0.003274515455920291,-0.72,-0.0,0.0
9.560497283935547,0.0,0.0,0.0,-0.013219645358482164,-0.010337404100830644,-0.002276871915529353,-0.72,-0.0,0.0
9.560536861419678,0.0,0.0,0.0,-0.007735722775311014,-0.013501595202636637,-0.005635776651357838,-0.72,-0.0,0.0
9.560576438903809,0.0,0.0,0.0,-0.007420299677358028,-0.011402772814116178,-0.008856095080670826,-0.72,-0.0,0.0
9.560617208480835,0.0,0.0,0.0,-0.013993191714911781,-0.010485326972091607,-0.012105301140119606,-0.72,-0.0,0.0
9.56066107749939,0.0,0.0,0.0,-0.01585074798939362,-0.02374998105733505,-0.008255044052030727,-0.72,-0.0,0.0
9.5608811378479,0.0,0.0,0.0,-0.017824015030111034,-0.014584005230490076,-0.009501222295844615,-0.72,-0.0,0.0
9.560938358306885,0.0,0.0,0.0,-0.01405277081431232,-0.012043161461474028,-0.008985005496080377,-0.72,-0.0,0.0
9.601937532424927,0.0,0.0,0.0,-0.008499406915156557,-0.012232455610891658,-0.011467248299404667,-0.72,-0.0,0.0
9.602072477340698,0.0,0.0,0.0,-0.013086953903554781,-0.008944361698558535,-0.002098190098267954,-0.72,-0.0,0.0
9.602132081985474,0.0,0.0,0.0,-0.006733329886646901,-0.005805186536560296,-0.003263607142144789,-0.72,-0.0,0.0
9.602174520492554,0.0,0.0,0.0,0.001550583182465792,-0.0018383686549156217,-0.0061134434145533635,-0.72,-0.0,0.0
9.60221552848816,0.0,0.0,0.0,0.004214477278715149,-0.002265766242012368,-0.014168385948034858,-0.72,-0.0,0.0
9.602253198623657,0.0,0.0,0.0,0.00281576934977957,0.0016893142794650205,-0.023658249461284437,-0.72,-0.0,0.0
9.602292537689209,0.0,0.0,0.0,-0.0025252375377092617,-0.0015267562612088232,-0.015968047554253836,-0.72,-0.0,0.0
9.602332353591919,0.0,0.0,0.0,0.004840732622607911,0.003112973857116108,-0.01440268431114644,-0.72,-0.0,0.0
9.602375268936157,0.0,0.0,0.0,-0.0008333616709307665,-0.003661846541918492,-0.011618974610938177,-0.72,-0.0,0.0
9.602413415908813,0.0,0.0,0.0,0.009504820659083287,-0.008582675307223007,-0.0009429310660226557,-0.72,-0.0,0.0
9.643624305725098,0.0,0.0,0.0,0.006722739976837349,-0.012271192734544738,-6.20540532460433e-05,-0.72,-0.0,0.0
9.643776416778564,0.0,0.0,0.0,-0.0035667585967382683,-0.015814254801097646,-0.0004791982677467013,-0.72,-0.0,0.0
9.644045352935791,0.0,0.0,0.0,-0.0019116269534009995,-0.021007750306254125,0.003744237043601295,-0.72,-0.0,0.0
9.644264459609985,0.0,0.0,0.0,7.440730970731026e-05,-0.020546770451849924,-0.003045558815088849,-0.72,-0.0,0.0
9.644349098205566,0.0,0.0,0.0,0.0007639108017975518,-0.012843923904366035,-0.005375699760058718,-0.72,-0.0,0.0
9.644405603408813,0.0,0.0,0.0,-0.0006653628069214337,-0.020467055491385867,-0.0011779129308215192,-0.72,-0.0,0.0
9.644463777542114,0.0,0.0,0.0,-0.0019176558691437085,-0.01928494699485774,0.000754727251256641,-0.72,-0.0,0.0
9.644672632217407,0.0,0.0,0.0,-0.005585633015194461,-0.015807728742066846,-0.00665002597890378,-0.72,-0.0,0.0
9.64476728439331,0.0,0.0,0.0,-0.0031050037574854206,-0.01893731968963487,-0.013233601927567623,-0.72,-0.0,0.0
9.644816875457764,0.0,0.0,0.0,0.0003688992921679396,-0.021587632133448893,-0.017631762824915142,-0.72,-0.0,0.0
9.68577241897583,0.0,0.0,0.0,-0.0025090585000105753,-0.01340306543848319,-0.018599750387485823,-0.72,-0.0,0.0
9.686074495315552,0.0,0.0,0.0,0.005941270477413078,-0.010903559120171697,-0.01797389088238655,-0.72,-0.0,0.0
9.686152458190918,0.0,0.0,0.0,-0.001973055063140365,-0.009084794559198162,-0.01758021749310493,-0.72,-0.0,0.0
9.686269998550415,0.0,0.0,0.0,-0.004776976614779745,-0.012777472602818765,-0.00396281745583694,-0.72,-0.0,0.0
9.68632197380066,0.0,0.0,0.0,-0.0016475893288664869,-0.010576387610892463,-0.0036557742903800144,-0.72,-0.0,0.0
9.68648362159729,0.0,0.0,0.0,-0.009277440922681892,-0.009314166385581076,-0.007702977932829551,-0.72,-0.0,0.0
9.686731576919556,0.0,0.0,0.0,-0.011175442585367554,-0.005970748525661561,-0.0021316338653709073,-0.72,-0.0,0.0
9.686803817749023,0.0,0.0,0.0,-0.005483704050186717,-0.002364109819774921,-0.0035706382540111087,-0.72,-0.0,0.0
9.686945676803589,0.0,0.0,0.0,0.006678593219356166,-0.000831025094133211,0.005742854297750314,-0.72,-0.0,0.0
9.728067874908447,0.0,0.0,0.0,-0.003433776813787279,-0.0001972047710847041,-0.004615901100049607,-0.72,-0.0,0.0
9.728246450424194,0.0,0.0,0.0,-0.001064062349403957,0.0066400900994761656,-0.009741956715160548,-0.72,-0.0,0.0
9.728309392929077,0.0,0.0,0.0,0.0015025538134124574,-0.0063485897180502,-0.0013912695137006353,-0.72,-0.0,0.0
9.728353261947632,0.0,0.0,0.0,0.003953031129659728,-0.007212585174079295,-0.002589165423834227,-0.72,-0.0,0.0
9.728397607803345,0.0,0.0,0.0,0.0015069168553996778,-0.0016580581315610134,-0.0014463746126018144,-0.72,-0.0,0.0
9.728440999984741,0.0,0.0,0.0,-0.00774281992331804,-0.008334031785693523,0.003090568056809912,-0.72,-0.0,0.0
9.72848391532898,0.0,0.0,0.0,-0.013351208138016692,-0.017732807798341795,-0.0073141336707106324,-0.72,-0.0,0.0
9.728524208068848,0.0,0.0,0.0,-0.015366788879482741,-0.007227128791267273,-0.012712232008485442,-0.72,-0.0,0.0
9.72856593132019,0.0,0.0,0.0,-0.01794568895759494,-0.005038620808275925,-0.016014628695098163,-0.72,-0.0,0.0
9.728605270385742,0.0,0.0,0.0,-0.017587616153967655,-0.008030660625213596,-0.014420050334434623,-0.72,-0.0,0.0
9.769726514816284,0.0,0.0,0.0,-0.013931857871915122,-0.005293570051120135,-0.00870843375851477,-0.72,-0.0,0.0
9.769859790802002,0.0,0.0,0.0,-0.01057942070125132,-0.002055673797188029,-0.009794815431565386,-0.72,-0.0,0.0
9.769911050796509,0.0,0.0,0.0,-0.013329401429278112,-0.006848661200576929,-0.002025603997472088,-0.72,-0.0,0.0
9.769955396652222,0.0,0.0,0.0,-0.008912015480239717,-0.012323817545428647,-0.012625763057774225,-0.72,-0.0,0.0
9.76999545097351,0.0,0.0,0.0,-0.01160744160093106,-0.015164559130557805,-0.015551680889083099,-0.72,-0.0,0.0
9.770034551620483,0.0,0.0,0.0,-0.0050167494933021275,-0.018418020210432203,-0.017426191831998842,-0.72,-0.0,0.0
9.770075559616089,0.0,0.0,0.0,0.002954400748961926,-0.009596629607843948,-0.012650029323754789,-0.72,-0.0,0.0
9.770114660263062,0.0,0.0,0.0,-0.0078235374354447,-0.012732506252770868,-0.00395974085115055,-0.72,-0.0,0.0
9.770155906677246,0.0,0.0,0.0,-0.006480631023215108,-0.022187756060899694,-0.011272569394785544,-0.72,-0.0,0.0
9.770199298858643,0.0,0.0,0.0,-0.0032584212190691483,-0.01953744758505267,-0.003811875330657063,-0.72,-0.0,0.0
9.812584638595581,0.0,0.0,0.0,-0.003779252334749132,-0.016111484081156084,-0.004892350688479836,-0.72,-0.0,0.0
9.812720537185669,0.0,0.0,0.0,-0.011732758929957399,-0.011693698439586162,-0.007561729100975991,-0.72,-0.0,0.0
9.812775373458862,0.0,0.0,0.0,-0.010452603421429438,-0.005130442736373254,-0.015957163271768757,-0.72,-0.0,0.0
9.812820672988892,0.0,0.0,0.0,-0.012103610591504596,-0.008356204526430756,-0.01430029266031144,-0.72,-0.0,0.0
9.812863111495972,0.0,0.0,0.0,-0.014570388937468357,0.0007052036434800547,-0.009880104896598345,-0.72,-0.0,0.0
9.81290864944458,0.0,0.0,0.0,-0.002034777144792984,0.002915507835576526,-0.0010841412295309423,-0.72,-0.0,0.0
9.812950134277344,0.0,0.0,0.0,-0.0030429192897647515,0.014267701111710947,0.0008702686262459102,-0.72,-0.0,0.0
9.81299090385437,0.0,0.0,0.0,-0.005734223712603018,-0.004097603379527334,-0.011447986296847604,-0.72,-0.0,0.0
9.813026666641235,0.0,0.0,0.0,-0.007078566076700443,-0.005360274333800683,-0.0014958355101582386,-0.72,-0.0,0.0
9.81306529045105,0.0,0.0,0.0,-0.01390900519114302,-0.002193755930590353,-0.004642939178504739,-0.72,-0.0,0.0
9.864339828491211,0.0,0.0,0.0,-0.007650084640817663,-0.015037806350040876,-0.0023719794985470883,-0.72,-0.0,0.0
9.864468097686768,0.0,0.0,0.0,-0.010634956639289008,-0.014940390716903,0.010516437051686901,-0.72,-0.0,0.0
9.864516973495483,0.0,0.0,0.0,-0.009501333110670664,-0.026099009661472883,-0.007093339422781127,-0.72,-0.0,0.0
9.864564180374146,0.0,0.0,0.0,-0.002919783850663863,-0.017432119917837635,-0.006786476541201812,-0.72,-0.0,0.0
9.864605188369751,0.0,0.0,0.0,-0.01233466108990475,-0.012917295209921041,-0.0027464036086687917,-0.72,-0.0,0.0
9.864644289016724,0.0,0.0,0.0,-0.013297952704915957,-0.0088463877547718,0.00025888871589867067,-0.72,-0.0,0.0
9.8646879196167,0.0,0.0,0.0,-0.00815874700407753,-0.011905782079485913,-0.007682679964599028,-0.72,-0.0,0.0
9.864727973937988,0.0,0.0,0.0,-0.010035616906450086,-0.008321064300613638,-0.0023084051087821538,-0.72,-0.0,0.0
9.864767074584961,0.0,0.0,0.0,-0.015622633122465649,-0.004741153678239004,-0.004012837844229469,-0.72,-0.0,0.0
9.864805459976196,0.0,0.0,0.0,-0.018418131057485538,-0.011183265522526551,-0.006372965329476143,-0.72,-0.0,0.0
9.905911922454834,0.0,0.0,0.0,-0.018676708344572558,-0.009592179981969864,-0.015302562509333002,-0.72,-0.0,0.0
9.906045198440552,0.0,0.0,0.0,-0.015533370699071878,-0.01851034188115933,-0.017276577777464785,-0.72,-0.0,0.0
9.906296968460083,0.0,0.0,0.0,-0.01284495490721357,-0.01234921079576181,-0.005109495850362619,-0.72,-0.0,0.0
9.90636134147644,0.0,0.0,0.0,-0.007012662807930117,-0.008775458625872234,-0.005855905552292415,-0.72,-0.0,0.0
9.906407833099365,0.0,0.0,0.0,-0.008439621819589146,-0.016680360461081952,-0.009832219010645219,-0.72,-0.0,0.0
9.906450986862183,0.0,0.0,0.0,-0.005598443035474766,-0.015573217415780187,-0.008503443536580727,-0.72,-0.0,0.0
9.906489610671997,0.0,0.0,0.0,-0.006747483853546752,-0.021358967230529137,-0.007570558780958209,-0.72,-0.0,0.0
9.906525611877441,0.0,0.0,0.0,-0.01270093769737467,-0.011812038304122037,-0.011529845367949088,-0.72,-0.0,0.0
9.906561136245728,0.0,0.0,0.0,-0.018380498016606708,-0.014594938147613042,-0.004289281397896567,-0.72,-0.0,0.0
9.90659499168396,0.0,0.0,0.0,-0.00850813016390002,-0.023455940798589092,-0.0011367880888368109,-0.72,-0.0,0.0
9.947827339172363,0.0,0.0,0.0,-0.006993987219734234,-0.01818298139179355,-0.009695224903328931,-0.72,-0.0,0.0
9.947963237762451,0.0,0.0,0.0,-0.01382153704992683,-0.015593011066146136,-0.0005110937431932371,-0.72,-0.0,0.0
9.948021650314331,0.0,0.0,0.0,-0.004656976647000324,-0.0040550649013901905,0.0028769024507261302,-0.72,-0.0,0.0
9.948065042495728,0.0,0.0,0.0,-0.0018563648000458506,0.0006803842690386138,-0.003106973259261113,-0.72,-0.0,0.0
9.948108673095703,0.0,0.0,0.0,-0.00990671258567996,-0.007010517664219223,-0.007791150184241253,-0.72,-0.0,0.0
9.948186159133911,0.0,0.0,0.0,-0.012571525353470574,-0.007098282425576832,-0.0007395445281597895,-0.72,-0.0,0.0
9.948233604431152,0.0,0.0,0.0,-0.00976752880830807,-0.006451750041771491,-0.0021846177651026347,-0.72,-0.0,0.0
9.948274374008179,0.0,0.0,0.0,-0.011312451449952923,-0.010019495628627728,-0.0027966604895111494,-0.72,-0.0,0.0
9.948318243026733,0.0,0.0,0.0,-0.008231058604523184,-0.011836962867501827,-0.0027376884889311406,-0.72,-0.0,0.0
9.948357105255127,0.0,0.0,0.0,-0.015149156210054733,-0.008750364001328621,-0.00344569462514417,-0.72,-0.0,0.0
9.98942494392395,0.0,0.0,0.0,-0.022405610206824682,-0.005872589848982467,-0.007260280014057855,-0.72,-0.0,0.0
9.989556789398193,0.0,0.0,0.0,-0.016474470916208808,-0.0004267793558365057,0.0024387588969311666,-0.72,-0.0,0.0
9.989612579345703,0.0,0.0,0.0,-0.014894064557705602,0.00047084992364012295,-0.007492670697281873,-0.72,-0.0,0.0
9.989654779434204,0.0,0.0,0.0,-0.01799788079308548,0.0036070042576915274,-0.0014012717599442485,-0.72,-0.0,0.0
9.989701986312866,0.0,0.0,0.0,-0.01915054725733963,0.006029148193443928,0.00527928354684636,-0.72,-0.0,0.0
9.989748239517212,0.0,0.0,0.0,-0.019152333363447904,0.0015477524314822084,-0.004356319834151502,-0.72,-0.0,0.0
9.989791631698608,0.0,0.0,0.0,-0.01547330082866044,-0.005716149775888207,-0.0016797496367961496,-0.72,-0.0,0.0
9.989831447601318,0.0,0.0,0.0,-0.007389919114310347,-0.00727881140768008,0.0006530563432565333,-0.72,-0.0,0.0
9.989871740341187,0.0,0.0,0.0,-0.009625827026513522,-0.01624363942590888,-0.006417253327049092,-0.72,-0.0,0.0
9.989906072616577,0.0,0.0,0.0,-0.00077014163664769,-0.006684775811835473,-0.005410693322592999,-0.72,-0.0,0.0
10.031042575836182,0.0,0.0,0.0,-0.012402989869622983,-0.010051384809399936,-0.0032832402005676204,-0.72,-0.0,0.0
10.03117823600769,0.0,0.0,0.0,-0.014862632171969144,-0.013407271177133905,-0.013023669556470717,-0.72,-0.0,0.0
10.031237363815308,0.0,0.0,0.0,-0.005340080927123754,-0.011859340330724869,-0.008650703626664993,-0.72,-0.0,0.0
10.031278610229492,0.0,0.0,0.0,-0.00588656038282418,-0.015979865643150848,-0.0006966798950983261,-0.72,-0.0,0.0
10.03132152557373,0.0,0.0,0.0,-0.014234378297628457,-0.016693215038448984,-0.01250779284192921,-0.72,-0.0,0.0
10.031347513198853,0.0,0.0,0.0,-0.0108329701446075,-0.014524944958344593,-0.007780272708698625,-0.72,-0.0,0.0
10.031371831893921,0.0,0.0,0.0,-0.0065324689859637165,-0.015802829632202944,-0.002506606131001078,-0.72,-0.0,0.0
10.031397581100464,0.0,0.0,0.0,-0.01565638885859864,-0.01808739222712367,-0.005245175578670886,-0.72,-0.0,0.0
10.031421422958374,0.0,0.0,0.0,-0.009652846906218392,-0.018990740292481878,-0.011036823883695064,-0.72,-0.0,0.0
10.031444787979126,0.0,0.0,0.0,-0.0024964814884467757,0.004901134833158565,0.0014529778730478261,-0.72,-0.0,0.0
10.072832107543945,0.0,0.0,0.0,-0.008008964942785248,-0.009837698820162184,-0.0004948449291544598,-0.72,-0.0,0.0
10.072969675064087,0.0,0.0,0.0,-0.00825239529963894,-0.007360397401572631,-0.004280273245246253,-0.72,-0.0,0.0
10.073022603988647,0.0,0.0,0.0,-0.008941041503753864,-0.005662466925302101,-0.016077699337121016,-0.72,-0.0,0.0
10.073065757751465,0.0,0.0,0.0,0.001970719984368632,-0.009005774604318893,-0.014937974116004902,-0.72,-0.0,0.0
10.073107957839966,0.0,0.0,0.0,-0.005213391275624399,-0.012035640376574641,-0.010819423397179348,-0.72,-0.0,0.0
10.07315468788147,0.0,0.0,0.0,-0.006570140556786237,-0.011855477507694652,-0.009573287987285095,-0.72,-0.0,0.0
10.073195695877075,0.0,0.0,0.0,-0.00992458224373087,-0.0028471393460474956,-0.008486007160178381,-0.72,-0.0,0.0
10.073243141174316,0.0,0.0,0.0,-0.015734893299482213,0.0005925901904365186,-0.002783780781908151,-0.72,-0.0,0.0
10.07328748703003,0.0,0.0,0.0,-0.012983636179724322,-0.000528582630163878,-0.001801736126477298,-0.72,-0.0,0.0
10.073324203491211,0.0,0.0,0.0,-0.019960962299769368,0.0073461708125053485,0.0013933814309736853,-0.72,-0.0,0.0
10.114709377288818,0.0,0.0,0.0,-0.004862832569551146,0.002087891750468422,-0.0006235597487984171,-0.72,-0.0,0.0
10.114845752716064,0.0,0.0,0.0,-0.009441124737587634,-0.003999227365008597,-0.005902436286499575,-0.72,-0.0,0.0
10.114895105361938,0.0,0.0,0.0,-0.0025827790770846645,-0.011200931710615198,-0.005661906206293006,-0.72,-0.0,0.0
10.11494255065918,0.0,0.0,0.0,-0.00929508927130655,-0.010647924926871777,-0.006894466099852524,-0.72,-0.0,0.0
10.114981651306152,0.0,0.0,0.0,-0.0007811407501241657,-0.010673504740846159,-0.006723891807985042,-0.72,-0.0,0.0
10.115025043487549,0.0,0.0,0.0,-0.003728873145209799,-0.0011952250766068334,-0.003858586848305669,-0.72,-0.0,0.0
10.115064859390259,0.0,0.0,0.0,-0.004838610139580638,-0.0001252795828084244,-0.0034456581084950453,-0.72,-0.0,0.0
10.115103006362915,0.0,0.0,0.0,-0.004715272685716443,0.008709604505185905,-0.00644526688955527,-0.72,-0.0,0.0
10.115142345428467,0.0,0.0,0.0,-0.009832637367929095,-0.009998146413771898,-0.0054851050043511805,-0.72,-0.0,0.0
10.115182876586914,0.0,0.0,0.0,-0.004359800359733258,-0.013799058894883141,-0.00285561582836559,-0.72,-0.0,0.0
10.16645359992981,0.0,0.0,0.0,-0.004737162925069916,-0.00910035320935039,-0.010836911630829015,-0.72,-0.0,0.0
10.166547536849976,0.0,0.0,0.0,0.0001978702845881408,-0.015369033467086839,-0.001365982452576577,-0.72,-0.0,0.0
10.166574239730835,0.0,0.0,0.0,-0.0021149609300495807,-0.010330970036319498,0.00139777668501337,-0.72,-0.0,0.0
10.1665940284729,0.0,0.0,0.0,-0.0015195901900679593,-0.011157283172937774,0.0009105098849843668,-0.72,-0.0,0.0
10.166614294052124,0.0,0.0,0.0,-0.006300176285726347,-0.005023312533314343,-0.003290224712577275,-0.72,-0.0,0.0
10.166648387908936,0.0,0.0,0.0,-0.0019882188078285934,-0.01111370895520722,0.00426773929898004,-0.72,-0.0,0.0
10.166669130325317,0.0,0.0,0.0,-0.007083154995943814,-0.010359390365595484,0.0005344615810534979,-0.72,-0.0,0.0
10.166687250137329,0.0,0.0,0.0,-0.002581203646541147,-0.013391655358598542,-0.004864171017369588,-0.72,-0.0,0.0
10.166704654693604,0.0,0.0,0.0,-0.008330046923897388,-0.0033222563219642734,-0.0016626746055948048,-0.72,-0.0,0.0
10.166721105575562,0.0,0.0,0.0,0.0015465179949015377,-0.008834677134338663,-0.006952886027395838,-0.72,-0.0,0.0
10.208034038543701,0.0,0.0,0.0,-0.011335300190374762,0.0007060334692193211,-0.007378093953284542,-0.72,-0.0,0.0
10.208208799362183,0.0,0.0,0.0,-0.0043304000346650355,0.006937819611127857,-0.01339824371460882,-0.72,-0.0,0.0
10.208266735076904,0.0,0.0,0.0,-0.003983996746352235,-0.006330480506506729,-0.010323366869220288,-0.72,-0.0,0.0
10.208310842514038,0.0,0.0,0.0,-0.010111804406643499,-0.010040512064146091,-0.015609301784779596,-0.72,-0.0,0.0
10.20861029624939,0.0,0.0,0.0,-0.0067066846114170854,-0.010342199141064278,-0.016558763681333695,-0.72,-0.0,0.0
10.208676099777222,0.0,0.0,0.0,-0.009101214817711048,-0.011241290195482357,-0.01954452575345019,-0.72,-0.0,0.0
10.208725452423096,0.0,0.0,0.0,-0.0068006116776618015,-0.005331839984239881,-0.01570356359709044,-0.72,-0.0,0.0
10.20876669883728,0.0,0.0,0.0,-0.006343494682717381,-0.01985234402725267,-0.01796005942954688,-0.72,-0.0,0.0
10.208807945251465,0.0,0.0,0.0,-0.005188146401722046,-0.017383015765793743,-0.005008808621292039,-0.72,-0.0,0.0
10.208847522735596,0.0,0.0,0.0,-0.002738801858656034,-0.0071921857366219755,-0.00837673848740474,-0.72,-0.0,0.0
10.25020432472229,0.0,0.0,0.0,-0.0032641075314110172,-0.020515229262853603,-0.008750008853725273,-0.72,-0.0,0.0
10.25032353401184,0.0,0.0,0.0,-0.0006030614339692298,0.004429585481032544,-0.012254928764842871,-0.72,-0.0,0.0
10.250362396240234,0.0,0.0,0.0,-0.002843293503827242,-0.002610658509032476,0.001954343172260123,-0.72,-0.0,0.0
10.250396966934204,0.0,0.0,0.0,0.0033956444695820943,-0.015037572277489034,0.007387828679591252,-0.72,-0.0,0.0
10.2504243850708,0.0,0.0,0.0,0.00047651434430554115,-0.0034596926916927616,-0.004763744526016785,-0.72,-0.0,0.0
10.250450611114502,0.0,0.0,0.0,0.0006548657080470979,-0.011839557532159425,-0.00545967275117,-0.72,-0.0,0.0
10.250494718551636,0.0,0.0,0.0,-0.0002778128037576132,-0.011414977343065,-0.006936294574716116,-0.72,-0.0,0.0
10.250524520874023,0.0,0.0,0.0,-0.005819806932387165,-0.004767171285805828,-0.008244224657635163,-0.72,-0.0,0.0
10.250551700592041,0.0,0.0,0.0,-0.008739864084149358,0.0017052967836626745,-0.004571579817806222,-0.72,-0.0,0.0
10.291733264923096,0.0,0.0,0.0,-0.006369447000359395,-0.00658132034315282,0.003296415364254675,-0.72,-0.0,0.0
10.29185438156128,0.0,0.0,0.0,-0.004872285445590226,-0.017607795072760113,0.008910212276803284,-0.72,-0.0,0.0
10.291898250579834,0.0,0.0,0.0,-0.001267951006569464,-0.024481746169693626,0.008283425840060086,-0.72,-0.0,0.0
10.291935443878174,0.0,0.0,0.0,-0.008477775789966358,-0.011404885997517508,0.0034015340072106387,-0.72,-0.0,0.0
10.291969537734985,0.0,0.0,0.0,-0.005924067914523072,-0.015417713048166134,0.0035823942174945177,-0.72,-0.0,0.0
10.292001962661743,0.0,0.0,0.0,-0.006381450138075905,-0.02044245520441482,0.003214362671593316,-0.72,-0.0,0.0
10.292033672332764,0.0,0.0,0.0,-0.005783826193877514,-0.015522555923297677,-0.002518749989743811,-0.72,-0.0,0.0
10.292064428329468,0.0,0.0,0.0,-0.008757057406606305,-0.013400773240112863,0.0008604009501134137,-0.72,-0.0,0.0
10.292097330093384,0.0,0.0,0.0,-0.0013008300814152122,-0.01735552211149741,-0.001301661931839201,-0.72,-0.0,0.0
10.292158126831055,0.0,0.0,0.0,-0.006058256103888681,-0.0157869054129246,-0.0021341902289849345,-0.72,-0.0,0.0
10.333370208740234,0.0,0.0,0.0,-0.01649757566746396,-0.0275105665887449,0.0011963771028758194,-0.72,-0.0,0.0
10.333470106124878,0.0,0.0,0.0,-0.013022470144042168,-0.024234878972891415,-0.005992678522767114,-0.72,-0.0,0.0
10.333496332168579,0.0,0.0,0.0,-0.0028141567369796613,-0.019531439508855004,-0.006533374958017357,-0.72,-0.0,0.0
10.33351755142212,0.0,0.0,0.0,-0.004108741894727047,-0.025188927159048236,-0.019151229396489437,-0.72,-0.0,0.0
10.333537340164185,0.0,0.0,0.0,-0.007566952106402538,-0.025614831371754916,-0.003982578957419662,-0.72,-0.0,0.0
10.333556175231934,0.0,0.0,0.0,-0.00909032426941164,-0.007670658006781113,-0.011681623729917502,-0.72,-0.0,0.0
10.33357572555542,0.0,0.0,0.0,-0.008813257642317752,-0.004037802338965044,-0.013100661636947545,-0.72,-0.0,0.0
10.333595275878906,0.0,0.0,0.0,-0.016823625581661058,0.0007995091824079215,-0.016794053273484523,-0.72,-0.0,0.0
10.33361530303955,0.0,0.0,0.0,-0.013404937590955462,0.00022185021982461,-0.0064492120695824485,-0.72,-0.0,0.0
10.333860397338867,0.0,0.0,0.0,-0.013801764581045062,-0.003038129638569955,-0.007940153228830748,-0.72,-0.0,0.0
10.375346422195435,0.0,0.0,0.0,-0.004024165138761718,-0.015471718636876679,-0.013348311677949889,-0.72,-0.0,0.0
10.37549376487732,0.0,0.0,0.0,0.0037409344061801126,-0.003580766166611352,-0.015187888786699516,-0.72,-0.0,0.0
10.375553131103516,0.0,0.0,0.0,-0.008439806880630679,-0.001746005249544941,-0.013091295732473222,-0.72,-0.0,0.0
10.375600337982178,0.0,0.0,0.0,-0.016038648990295366,-0.0017369211208584313,-0.00938758851573804,-0.72,-0.0,0.0
10.375642776489258,0.0,0.0,0.0,-0.013477472053046984,-0.000494900353230378,-0.005469847022020062,-0.72,-0.0,0.0
10.375683784484863,0.0,0.0,0.0,-0.005419051087639218,-0.0006273050617245333,-0.004151293716324495,-0.72,-0.0,0.0
10.375722646713257,0.0,0.0,0.0,-4.9231190809977204e-05,-0.008225002232204235,-0.0070039404575689065,-0.72,-0.0,0.0
10.375767230987549,0.0,0.0,0.0,-0.007315522607465093,-0.016149006812572742,-0.012693040468530347,-0.72,-0.0,0.0
10.375804424285889,0.0,0.0,0.0,-0.014334477253939186,-0.011194718666216257,-0.010392819009946472,-0.72,-0.0,0.0
10.37584400177002,0.0,0.0,0.0,-0.008929176067250121,-0.016826393507559722,-0.010065366175644333,-0.72,-0.0,0.0
10.417129039764404,0.0,0.0,0.0,-0.006527423323206983,-0.015821973207813204,-0.008192301158680377,-0.72,-0.0,0.0
10.417220115661621,0.0,0.0,0.0,-0.00798735526318191,-0.015091162996352483,-0.007079666351781288,-0.72,-0.0,0.0
10.417257070541382,0.0,0.0,0.0,-0.008670366912658658,-0.010825643686549405,-0.0038862659774638896,-0.72,-0.0,0.0
10.417296648025513,0.0,0.0,0.0,-0.013691369545187787,-0.006950380368486561,-0.006431568905397746,-0.72,-0.0,0.0
10.417364597320557,0.0,0.0,0.0,-0.00978959719459558,-0.011260482302646264,-0.0009155600295311557,-0.72,-0.0,0.0
10.417404651641846,0.0,0.0,0.0,-0.0021516016812565633,-0.018249404916869175,-0.005642252174915181,-0.72,-0.0,0.0
10.417441606521606,0.0,0.0,0.0,0.008511470981924027,-0.01167240990700221,-0.004083670494394783,-0.72,-0.0,0.0
10.41748571395874,0.0,0.0,0.0,0.007564146376943619,-0.0027833816775589934,-0.00627961261519927,-0.72,-0.0,0.0
10.417526483535767,0.0,0.0,0.0,0.009986447845731551,-0.0048451691500560395,-0.01046585372696554,-0.72,-0.0,0.0
10.417564868927002,0.0,0.0,0.0,-0.006169305643552093,-0.01077068692623435,-0.005745520955040082,-0.72,-0.0,0.0
10.459106922149658,0.0,0.0,0.0,-0.002168994796789851,-0.0022693157729932203,-0.0058666874476236705,-0.72,-0.0,0.0
10.45921540260315,0.0,0.0,0.0,0.0038901459687654735,-0.0042819207330002645,-0.013450046717927044,-0.72,-0.0,0.0
10.459254264831543,0.0,0.0,0.0,-0.0012516876509263443,0.01041718367328542,-0.016378649109684236,-0.72,-0.0,0.0
10.459280490875244,0.0,0.0,0.0,-0.0005898203289318453,-0.0017168643618600207,-0.010416769771015466,-0.72,-0.0,0.0
10.459308624267578,0.0,0.0,0.0,0.006501196774579552,-0.008757689476333515,-0.00919415134759028,-0.72,-0.0,0.0
10.459335565567017,0.0,0.0,0.0,0.0036036390369264086,-0.0037375602827141884,-0.019366867037054883,-0.72,-0.0,0.0
10.459363222122192,0.0,0.0,0.0,0.008344668474254524,-0.012285714232303306,-0.010452972049272279,-0.72,-0.0,0.0
10.459410667419434,0.0,0.0,0.0,0.004293227491650109,-0.020710840981833768,-0.01338727376031904,-0.72,-0.0,0.0
10.459439992904663,0.0,0.0,0.0,-0.008969153132758074,-0.012538079597266865,-0.011628767955354889,-0.72,-0.0,0.0
10.459465503692627,0.0,0.0,0.0,-0.011448767788445113,-0.012445252395909526,-0.012695587443374168,-0.72,-0.0,0.0
10.500852823257446,0.0,0.0,0.0,-0.009924377971823602,-0.0033531051450229237,-0.019476485685476056,-0.72,-0.0,0.0
10.500967741012573,0.0,0.0,0.0,-0.003788090371993158,0.0002650206950932974,-0.011685824574595736,-0.72,-0.0,0.0
10.501009464263916,0.0,0.0,0.0,0.00011150499675124728,-0.005208946393704431,-0.008737447475132123,-0.72,-0.0,0.0
10.501041412353516,0.0,0.0,0.0,-0.0017924231238710898,-0.0051340499246943,-0.005005047606058205,-0.72,-0.0,0.0
10.501070976257324,0.0,0.0,0.0,0.00265729680078209,-0.013026606990212207,-0.004325540455304033,-0.72,-0.0,0.0
10.501099586486816,0.0,0.0,0.0,-0.006422027719177343,-0.02291452119277927,-0.00503259020540747,-0.72,-0.0,0.0
10.501128435134888,0.0,0.0,0.0,-0.015242044741055281,-0.024150426497927913,-0.00947816726301674,-0.72,-0.0,0.0
10.501306772232056,0.0,0.0,0.0,-8.859457371772484e-05,-0.016664843971870003,-0.015009405050800357,-0.72,-0.0,0.0
10.501356840133667,0.0,0.0,0.0,-0.0012291854343173601,-0.021063693195161978,-0.006568626951324499,-0.72,-0.0,0.0
10.50139045715332,0.0,0.0,0.0,-0.010549886483924418,-0.010603339680619665,-0.011988028601029906,-0.72,-0.0,0.0
10.552638530731201,0.0,0.0,0.0,-0.00741452703536311,-0.005807755275297797,-0.01635111096935338,-0.72,-0.0,0.0
10.552762746810913,0.0,0.0,0.0,-0.0053002870514229534,-0.010056426822505505,-0.008388463037215209,-0.72,-0.0,0.0
10.552810907363892,0.0,0.0,0.0,-0.011082496072093419,-0.010664585849071482,-0.009811048863234537,-0.72,-0.0,0.0
10.552847623825073,0.0,0.0,0.0,-0.009679451174166997,-0.00830117690027445,-0.013709142108171778,-0.72,-0.0,0.0
10.552881002426147,0.0,0.0,0.0,-0.011744676531966954,-0.0203338598198382,-0.0052535810159825,-0.72,-0.0,0.0
10.552915096282959,0.0,0.0,0.0,-0.005698192267435366,-0.013521259515139808,-0.013224579970451131,-0.72,-0.0,0.0
10.552950859069824,0.0,0.0,0.0,-0.004656964481958936,-0.01515590864651722,-0.005967345639887369,-0.72,-0.0,0.0
10.55298376083374,0.0,0.0,0.0,-0.0023225880878270156,-0.014833980725146176,-0.006172792131332549,-0.72,-0.0,0.0
10.55301308631897,0.0,0.0,0.0,-0.0047588576148276125,-0.0008057646949997674,-0.011231491008143406,-0.72,-0.0,0.0
10.553044557571411,0.0,0.0,0.0,0.0001651865439850952,-0.0074396198876915095,-0.005037425924556291,-0.72,-0.0,0.0
10.594130754470825,0.0,0.0,0.0,-0.006718766559707557,-0.009011466191919863,0.00435133466382018,-0.72,-0.0,0.0
10.594222784042358,0.0,0.0,0.0,0.0010246132134214857,-0.015911280813301433,0.0002055202801592363,-0.72,-0.0,0.0
10.59425401687622,0.0,0.0,0.0,0.0034377422136240353,-0.010271137458126679,0.005806406997570979,-0.72,-0.0,0.0
10.59433126449585,0.0,0.0,0.0,0.0036749712449024754,-0.008474942844334032,-0.0012327487515971748,-0.72,-0.0,0.0
10.594358682632446,0.0,0.0,0.0,0.0073330418495158355,-0.016063441251121316,-0.00012555272503510364,-0.72,-0.0,0.0
10.594380617141724,0.0,0.0,0.0,0.005700981241979262,-0.01973030248157813,-0.0049272747369993545,-0.72,-0.0,0.0
10.594400882720947,0.0,0.0,0.0,0.0029088994224572297,-0.012810267754651803,-0.0035894609105753114,-0.72,-0.0,0.0
10.594419240951538,0.0,0.0,0.0,-0.0059000307678711145,-0.003929615251664546,-0.004206010451290647,-0.72,-0.0,0.0
10.594438076019287,0.0,0.0,0.0,-0.010965301041041155,-0.011055477018821029,-0.005647603433902175,-0.72,-0.0,0.0
10.594456195831299,0.0,0.0,0.0,-0.012843953294621374,-0.019770972607611695,-0.005781897175500401,-0.72,-0.0,0.0
10.635771036148071,0.0,0.0,0.0,-0.008842170144674422,-0.012880479443781656,-0.006418760618250838,-0.72,-0.0,0.0
10.63590955734253,0.0,0.0,0.0,-0.012902457942703095,-0.011660272345468192,0.0034390211952930036,-0.72,-0.0,0.0
10.635964393615723,0.0,0.0,0.0,-0.005102813719167198,-0.010876708537297603,-0.003759545366838693,-0.72,-0.0,0.0
10.636013984680176,0.0,0.0,0.0,-0.020399007142790842,-0.01589644052136644,0.0007076879683569093,-0.72,-0.0,0.0
10.636056900024414,0.0,0.0,0.0,-0.01821615270272163,-0.019555423692507307,0.004021289844342471,-0.72,-0.0,0.0
10.63609504699707,0.0,0.0,0.0,-0.012141979280000369,-0.01623278624688433,0.001641219458620887,-0.72,-0.0,0.0
10.636276245117188,0.0,0.0,0.0,-0.011165854390941046,-0.012877627574418828,-0.010701412564097571,-0.72,-0.0,0.0
10.636332750320435,0.0,0.0,0.0,-0.010450839243697262,-0.013010188092709062,-0.006991573229118792,-0.72,-0.0,0.0
10.636374711990356,0.0,0.0,0.0,-0.009995547428883035,-0.013145765815491983,-0.002714631251269099,-0.72,-0.0,0.0
10.636425018310547,0.0,0.0,0.0,-0.007256916675841868,0.004742671465460609,-0.008733379052162238,-0.72,-0.0,0.0
10.677900075912476,0.0,0.0,0.0,-0.012668065970753645,0.003916218860834323,-0.002669872941577986,-0.72,-0.0,0.0
10.678221225738525,0.0,0.0,0.0,-0.012421768487781738,0.005533882471793026,-0.012846763453247862,-0.72,-0.0,0.0
10.67824912071228,0.0,0.0,0.0,-0.011467973240225906,-0.00018196805462749295,-0.005131849211872141,-0.72,-0.0,0.0
10.678272247314453,0.0,0.0,0.0,-0.012476076755108909,-0.01085830842076716,-0.010325021895276522,-0.72,-0.0,0.0
10.67829179763794,0.0,0.0,0.0,-0.015451097798865773,-0.012238552335779043,-0.007652121709083528,-0.72,-0.0,0.0
10.678308725357056,0.0,0.0,0.0,-0.004157625030232964,-0.01527994536521388,-0.005744336312950704,-0.72,-0.0,0.0
10.678324937820435,0.0,0.0,0.0,-0.006812486046137845,-0.008339965238622526,-0.003309534887319263,-0.72,-0.0,0.0
10.678347826004028,0.0,0.0,0.0,-0.007449753780676836,-0.0043197229122237165,0.0036149902770406975,-0.72,-0.0,0.0
10.678368091583252,0.0,0.0,0.0,-0.009777850443630423,-0.0077179198593767045,0.0057028881411833035,-0.72,-0.0,0.0
10.678385972976685,0.0,0.0,0.0,-0.00576168082527089,-0.011552582623039164,-0.0036520948183445126,-0.72,-0.0,0.0
10.719659805297852,0.0,0.0,0.0,-0.013374856087351391,-0.008935657790529109,0.002542195652399719,-0.72,-0.0,0.0
10.719779968261719,0.0,0.0,0.0,-0.0010501408419045042,-0.013979115478905322,-0.006478060641054548,-0.72,-0.0,0.0
10.719830513000488,0.0,0.0,0.0,0.006349476515560079,-0.020003123337879937,-0.004707989739859798,-0.72,-0.0,0.0
10.719873428344727,0.0,0.0,0.0,0.002055168100591851,-0.018412718462377325,-0.006421161740248019,-0.72,-0.0,0.0
10.719912767410278,0.0,0.0,0.0,0.0012429129459651986,-0.019237775442660053,-0.00946136402183754,-0.72,-0.0,0.0
10.719970226287842,0.0,0.0,0.0,0.0030753303735203377,-0.020543901446596863,-0.012462020777862471,-0.72,-0.0,0.0
10.720012187957764,0.0,0.0,0.0,0.0003997221522895647,-0.017885301537201796,-0.008447788633405404,-0.72,-0.0,0.0
10.72005319595337,0.0,0.0,0.0,0.005424430774584415,-0.021246000698127213,-0.004531068044310925,-0.72,-0.0,0.0
10.720094919204712,0.0,0.0,0.0,-0.004329469529681112,-0.014387683814568106,-0.006091996565352911,-0.72,-0.0,0.0
10.720172643661499,0.0,0.0,0.0,-0.0003379121369875783,-0.015114541143395414,-0.01351118286083202,-0.72,-0.0,0.0
10.761292219161987,0.0,0.0,0.0,0.0014358148446945687,-0.013095887939222495,-0.010762246357196519,-0.72,-0.0,0.0
10.761384963989258,0.0,0.0,0.0,0.0005319260005054225,-0.008805073070836764,-0.01624154911544607,-0.72,-0.0,0.0
10.761412143707275,0.0,0.0,0.0,-0.0015892972137961626,-0.012319698495793712,-0.004915192438610938,-0.72,-0.0,0.0
10.76143503189087,0.0,0.0,0.0,-0.0006971479247570982,-0.008313790131705264,-0.019584709166827252,-0.72,-0.0,0.0
10.761453628540039,0.0,0.0,0.0,-0.004320800193906792,-0.008648945566369548,-0.023093792493462027,-0.72,-0.0,0.0
10.761470794677734,0.0,0.0,0.0,0.003316858733004201,0.003336853706815539,-0.02199466922004725,-0.72,-0.0,0.0
10.761489868164062,0.0,0.0,0.0,-0.0017597987005382716,0.0021589949186164286,-0.01375378896472881,-0.72,-0.0,0.0
10.761508703231812,0.0,0.0,0.0,0.0006143000003089716,0.008117020884473337,-0.0077739013767836275,-0.72,-0.0,0.0
10.761529207229614,0.0,0.0,0.0,-0.008175410721054408,-0.014092113956406787,-0.016436531768864636,-0.72,-0.0,0.0
10.802730083465576,0.0,0.0,0.0,2.767847285976038e-05,-0.016293752315564014,-0.013600243577630535,-0.72,-0.0,0.0
10.802878618240356,0.0,0.0,0.0,-0.007377423362672791,-0.01999108546438833,-0.00868537528172625,-0.72,-0.0,0.0
10.802942276000977,0.0,0.0,0.0,-0.006062161172891485,-0.01816890470570264,-0.009867770812919502,-0.72,-0.0,0.0
10.802990913391113,0.0,0.0,0.0,-0.010733932454704881,-0.006013259601814061,-0.008766995521393156,-0.72,-0.0,0.0
10.803037643432617,0.0,0.0,0.0,-0.01058993824726368,-0.01357850757787381,0.00018183070986387548,-0.72,-0.0,0.0
10.803081512451172,0.0,0.0,0.0,-0.01205638742062385,0.0005743808766808992,-0.009586247608986716,-0.72,-0.0,0.0
10.803120851516724,0.0,0.0,0.0,-0.007773049540930622,-0.022541014124223355,-0.0013268868724665218,-0.72,-0.0,0.0
10.803158044815063,0.0,0.0,0.0,-0.012913401481285005,-0.012584969938514655,-0.0066311321701922,-0.72,-0.0,0.0
10.803194761276245,0.0,0.0,0.0,-0.0046879838257966894,-0.011616310736863294,0.005832003321599421,-0.72,-0.0,0.0
10.803229808807373,0.0,0.0,0.0,-0.00991573415404655,-0.01808775606962799,-0.0019964497028238724,-0.72,-0.0,0.0
10.854738712310791,0.0,0.0,0.0,-0.025543554516648866,-0.011660160932807433,-0.00854917892789588,-0.72,-0.0,0.0
10.854875326156616,0.0,0.0,0.0,-0.010938767983664624,-0.012746168811441003,-0.015296204676195916,-0.72,-0.0,0.0
10.854930877685547,0.0,0.0,0.0,0.0009745964365777783,-0.005546454554610671,-0.005070961351719893,-0.72,-0.0,0.0
10.854976177215576,0.0,0.0,0.0,-0.004590330644475797,0.002060406047185552,-0.0018894775569606467,-0.72,-0.0,0.0
10.855019569396973,0.0,0.0,0.0,-0.014103693382662054,0.00250721510966731,-0.002247432585789644,-0.72,-0.0,0.0
10.855064630508423,0.0,0.0,0.0,-0.015422691170806664,-0.007541768844546513,-0.009979082436709303,-0.72,-0.0,0.0
10.855109453201294,0.0,0.0,0.0,-0.009327622348634492,-0.0040866803423067,-0.012761617397290467,-0.72,-0.0,0.0
10.855148553848267,0.0,0.0,0.0,-0.004716759209040954,0.0020869386590541632,-0.004157164119764675,-0.72,-0.0,0.0
10.855187177658081,0.0,0.0,0.0,-0.003992087665963769,0.0013404820997634356,0.0038753220794409734,-0.72,-0.0,0.0
10.855226516723633,0.0,0.0,0.0,-0.007547088139007893,-0.008353452136436366,-0.008967558506595088,-0.72,-0.0,0.0
10.896285057067871,0.0,0.0,0.0,0.00020885189026297358,-0.0015571034218809271,-0.008106192851202756,-0.72,-0.0,0.0
10.896430492401123,0.0,0.0,0.0,0.0025459505744095563,-0.0038781503309376244,0.0030284513675334296,-0.72,-0.0,0.0
10.89645767211914,0.0,0.0,0.0,0.001460863426547023,0.003592991016036126,-0.006550481557776587,-0.72,-0.0,0.0
10.896482706069946,0.0,0.0,0.0,-0.0011864011592132905,0.006541408617755474,-0.0010791691555688497,-0.72,-0.0,0.0
10.896500825881958,0.0,0.0,0.0,-0.004516322389322928,0.006893381504757279,0.0032560650609993287,-0.72,-0.0,0.0
10.89652943611145,0.0,0.0,0.0,-0.0037971081846298414,0.0005085227882848967,-0.0005762112246830553,-0.72,-0.0,0.0
10.896582126617432,0.0,0.0,0.0,-0.0059694108271569355,-0.0031753939662993447,-0.009822243749198517,-0.72,-0.0,0.0
10.896620273590088,0.0,0.0,0.0,-0.005825107585185645,-0.010510112314249304,0.0032744378879802773,-0.72,-0.0,0.0
10.896656036376953,0.0,0.0,0.0,-0.006780281535994895,-0.009124041725421361,0.014906428555172109,-0.72,-0.0,0.0
10.896726131439209,0.0,0.0,0.0,-0.008342439776833795,-0.009083167073268708,0.013032333337351962,-0.72,-0.0,0.0
10.938161611557007,0.0,0.0,0.0,-0.003658877973377956,-0.009145592523739414,0.006696771222355622,-0.72,-0.0,0.0
10.938364028930664,0.0,0.0,0.0,-0.007692730559180475,-0.014053718490886123,-0.006901135787712452,-0.72,-0.0,0.0
10.938428163528442,0.0,0.0,0.0,-0.0036119173081103776,-0.015273482160288945,-0.003768506444934058,-0.72,-0.0,0.0
10.938466310501099,0.0,0.0,0.0,-0.005319883471746219,-0.008072197400546113,-0.010688681970027914,-0.72,-0.0,0.0
10.938518524169922,0.0,0.0,0.0,-0.01017912672850162,-0.011947863462234908,-0.015383688030823366,-0.72,-0.0,0.0
10.938552141189575,0.0,0.0,0.0,-0.013691032294715872,-0.009640243713498071,-0.008240682554817294,-0.72,-0.0,0.0
10.938583135604858,0.0,0.0,0.0,-0.008476951097669778,-0.020317847746979048,-0.005792712220956241,-0.72,-0.0,0.0
10.93861174583435,0.0,0.0,0.0,-0.006157397801649244,-0.01525287258906479,-0.010277582191285281,-0.72,-0.0,0.0
10.93864631652832,0.0,0.0,0.0,-0.005866945482231933,-0.008884574993932744,-0.0006317161457483216,-0.72,-0.0,0.0
10.938733339309692,0.0,0.0,0.0,-0.009375284100972074,-0.004693036501262372,0.003911977614123668,-0.72,-0.0,0.0
10.979949951171875,0.0,0.0,0.0,-0.014583643806521572,-0.005354666647785854,0.006527660973903951,-0.72,-0.0,0.0
10.980040073394775,0.0,0.0,0.0,-0.005494392266751007,-0.012015716108454252,0.009425858062157701,-0.72,-0.0,0.0
10.980066537857056,0.0,0.0,0.0,-0.010123374901473345,-0.01311130378237391,0.00350974494111807,-0.72,-0.0,0.0
10.980087757110596,0.0,0.0,0.0,-0.008015617191768973,-0.014186544527402777,0.0036712905170388646,-0.72,-0.0,0.0
10.98010778427124,0.0,0.0,0.0,-0.0029139988306448633,-0.01799778713405998,0.0035279443469815935,-0.72,-0.0,0.0
10.98014760017395,0.0,0.0,0.0,-0.007009570573542063,-0.018733753368127343,-0.005110793130251879,-0.72,-0.0,0.0
10.980168581008911,0.0,0.0,0.0,-0.0037205138765499463,-0.014440964570087863,-0.013665825272718549,-0.72,-0.0,0.0
10.980189323425293,0.0,0.0,0.0,-0.008582393179185452,-0.026308126229720726,-0.00897651128428596,-0.72,-0.0,0.0
10.980213165283203,0.0,0.0,0.0,-0.0015295919234069697,-0.03258940491598945,-0.006144047106478112,-0.72,-0.0,0.0
10.980257034301758,0.0,0.0,0.0,-0.0028366389326291517,-0.033920272620680245,-0.011173213405196086,-0.72,-0.0,0.0
11.021547794342041,0.0,0.0,0.0,-0.011518382651957603,-0.024653793410389455,-0.014179626486017683,-0.72,-0.0,0.0
11.021659851074219,0.0,0.0,0.0,-0.008332833435542716,-0.027154214448005254,-0.003949118442404936,-0.72,-0.0,0.0
11.02169418334961,0.0,0.0,0.0,-0.008803282280434312,-0.03211639052140722,-0.007246854037961939,-0.72,-0.0,0.0
11.021721601486206,0.0,0.0,0.0,-0.004335087479228813,-0.028226539101102593,-0.0015754432762972227,-0.72,-0.0,0.0
11.021749019622803,0.0,0.0,0.0,0.004862746236138075,-0.01646978860783156,-0.008936319466120422,-0.72,-0.0,0.0
11.021774291992188,0.0,0.0,0.0,-0.010848376083331295,-0.005984069563357258,-0.01762263284783705,-0.72,-0.0,0.0
11.021800756454468,0.0,0.0,0.0,-0.009550267486748334,0.002893111427848844,-0.0056907480326395905,-0.72,-0.0,0.0
11.021839380264282,0.0,0.0,0.0,-0.008320492252259509,-0.011578324999152676,-0.008177151275043978,-0.72,-0.0,0.0
11.02186632156372,0.0,0.0,0.0,-0.008798305747676144,-0.010218081284820409,-0.002558053183252873,-0.72,-0.0,0.0
11.02189326286316,0.0,0.0,0.0,-0.0079723830011053,-0.01009684337756024,-0.004789977690083643,-0.72,-0.0,0.0
11.063307523727417,0.0,0.0,0.0,-0.0053527949619542456,-0.02526341570627602,-0.002167502940301305,-0.72,-0.0,0.0
11.063397884368896,0.0,0.0,0.0,-0.007062734771317623,-0.008969497044338859,-0.004444616052040048,-0.72,-0.0,0.0
11.06342363357544,0.0,0.0,0.0,-0.013162359917519585,-0.008252528486413798,0.0029235190080174737,-0.72,-0.0,0.0
11.063442468643188,0.0,0.0,0.0,-0.010661950474884281,-0.00845421369853473,-0.004302438735710974,-0.72,-0.0,0.0
11.063461542129517,0.0,0.0,0.0,-0.006228759333696385,-0.005605987286370798,0.003357356566185469,-0.72,-0.0,0.0
11.06347918510437,0.0,0.0,0.0,-0.004922956086380725,-0.006808951648678026,-0.012904182281479737,-0.72,-0.0,0.0
11.063498258590698,0.0,0.0,0.0,-0.009314779974251139,-0.004520411894309885,-0.008166034965367469,-0.72,-0.0,0.0
11.063515901565552,0.0,0.0,0.0,-0.007187390000080141,-0.004252283633059299,-0.006298051254758158,-0.72,-0.0,0.0
11.063532590866089,0.0,0.0,0.0,-0.006123574524851734,0.0008245035707418423,-0.015215583692415078,-0.72,-0.0,0.0
11.063550472259521,0.0,0.0,0.0,-0.015912295596253744,-0.0036376817516074605,-0.00865598307973323,-0.72,-0.0,0.0
11.104517936706543,0.0,0.0,0.0,-0.020384798038556626,-0.009588366855990044,0.0034947321980025496,-0.72,-0.0,0.0
11.10465407371521,0.0,0.0,0.0,-0.013823647334080305,-0.008391808716176192,-0.0009548424944501394,-0.72,-0.0,0.0
11.104719638824463,0.0,0.0,0.0,-0.010498642585090822,-0.011888089429876186,-0.007158236588234087,-0.72,-0.0,0.0
11.104771375656128,0.0,0.0,0.0,-0.014578948150955475,-0.0095855988643275,-0.015036512769245947,-0.72,-0.0,0.0
11.104821681976318,0.0,0.0,0.0,-0.00683654446071697,-0.019496273346096556,-0.0008637721691418877,-0.72,-0.0,0.0
11.104866743087769,0.0,0.0,0.0,-0.005162207057194865,-0.01439752090355436,0.0062375310711587605,-0.72,-0.0,0.0
11.104909420013428,0.0,0.0,0.0,-0.008196852364773433,-0.007549659651401651,-0.0075392070065050925,-0.72,-0.0,0.0
11.104957580566406,0.0,0.0,0.0,-0.00837105231264714,-0.0037725194471548837,-0.0073965553539808515,-0.72,-0.0,0.0
11.104998350143433,0.0,0.0,0.0,-0.011157156477169514,-0.006006037029756261,-0.019869820029394147,-0.72,-0.0,0.0
11.105036973953247,0.0,0.0,0.0,-0.009362335826263361,-0.013383134978904863,-0.011060891573344025,-0.72,-0.0,0.0
11.156144618988037,0.0,0.0,0.0,-0.012272540489711528,-0.019171108069901535,-0.011549641830132984,-0.72,-0.0,0.0
11.156243085861206,0.0,0.0,0.0,-0.010170057390586056,-0.022563714940235464,-0.009267915242655295,-0.72,-0.0,0.0
11.156427383422852,0.0,0.0,0.0,-0.007019938617707556,-0.017008583082057504,-0.008725728325506353,-0.72,-0.0,0.0
11.156461715698242,0.0,0.0,0.0,-0.009631669129491425,-0.01249454778007985,-0.013038263983133073,-0.72,-0.0,0.0
11.156483888626099,0.0,0.0,0.0,-0.009969789026836826,-0.009148158805773767,-0.013541566625359727,-0.72,-0.0,0.0
11.156504392623901,0.0,0.0,0.0,-0.012348082630313825,-0.008418168121042654,-0.003346697274135386,-0.72,-0.0,0.0
11.15652585029602,0.0,0.0,0.0,-0.0033144155433381377,-0.01120729593558655,-0.007148845697062097,-0.72,-0.0,0.0
11.156545400619507,0.0,0.0,0.0,-0.008090473685129126,-0.015625364775261906,-0.010131253227502943,-0.72,-0.0,0.0
11.15656328201294,0.0,0.0,0.0,-0.015422347076905884,-0.006057141805244862,-0.0024664555849823193,-0.72,-0.0,0.0
11.156583547592163,0.0,0.0,0.0,-0.0041610478230999295,-0.012849203656906217,-0.007012481903606025,-0.72,-0.0,0.0
11.197726726531982,0.0,0.0,0.0,-0.014152291561729377,-0.010391718224815206,-0.0030015089249524718,-0.72,-0.0,0.0
11.19785737991333,0.0,0.0,0.0,-0.02288867171487935,-0.01453494944079962,-0.00841431319972854,-0.72,-0.0,0.0
11.197906970977783,0.0,0.0,0.0,-0.024358059996339023,-0.014531904025731276,-0.011529193621138098,-0.72,-0.0,0.0
11.197950839996338,0.0,0.0,0.0,-0.022859739710733892,-0.003578811840340242,-0.018852278879132447,-0.72,-0.0,0.0
11.197992086410522,0.0,0.0,0.0,-0.020208725524819775,-0.0101532382024681,-0.01630638136892437,-0.72,-0.0,0.0
11.19803237915039,0.0,0.0,0.0,-0.01382695760408972,-0.02141505913174465,-0.006095893802143311,-0.72,-0.0,0.0
11.19807505607605,0.0,0.0,0.0,-0.006325146289574875,-0.016551862458116007,-0.0072058089523402815,-0.72,-0.0,0.0
11.198116779327393,0.0,0.0,0.0,-0.002673503932955294,-0.006637497296585379,0.0016764990542638151,-0.72,-0.0,0.0
11.198161602020264,0.0,0.0,0.0,-0.0023649390753443605,-0.008758326590077883,-0.003315629432547736,-0.72,-0.0,0.0
11.198201179504395,0.0,0.0,0.0,-0.00559872887634312,-0.008202782821988663,-0.01054786516773728,-0.72,-0.0,0.0
11.239367485046387,0.0,0.0,0.0,-0.007052658118188872,-0.016603778699304416,-0.005253848452583775,-0.72,-0.0,0.0
11.239503383636475,0.0,0.0,0.0,-0.01347090375772649,-0.011912589030604433,-0.010884386889938957,-0.72,-0.0,0.0
11.239556789398193,0.0,0.0,0.0,-0.011508753897520234,-0.0237276763483643,-0.010960006729226592,-0.72,-0.0,0.0
11.239599704742432,0.0,0.0,0.0,-0.0020565263860495555,-0.01858593503195245,-0.010912045601361048,-0.72,-0.0,0.0
11.239644289016724,0.0,0.0,0.0,0.004177402728594628,-0.007118102868634154,-0.008186094802661454,-0.72,-0.0,0.0
11.239681959152222,0.0,0.0,0.0,-0.00473106266329303,-0.00785111093480011,-0.013567667178760899,-0.72,-0.0,0.0
11.239720582962036,0.0,0.0,0.0,-0.010889717993952249,-0.011755412801990753,-0.009309012586478174,-0.72,-0.0,0.0
11.239760398864746,0.0,0.0,0.0,-0.009685892845121303,-0.015021949795912547,-0.007082070935935693,-0.72,-0.0,0.0
11.239800930023193,0.0,0.0,0.0,-0.008996644542578822,-0.017118477175890556,-0.0009600199000382927,-0.72,-0.0,0.0
11.23984694480896,0.0,0.0,0.0,-0.011438956762531632,-0.01155461854971344,-0.009907482966751747,-0.72,-0.0,0.0
11.281291961669922,0.0,0.0,0.0,-0.010122720156305703,-0.019344865811539404,-0.005227702907107076,-0.72,-0.0,0.0
11.281429767608643,0.0,0.0,0.0,-0.007965349697855067,-0.004762330320809422,-0.011470571254698705,-0.72,-0.0,0.0
11.281492471694946,0.0,0.0,0.0,-0.007881041216770034,-0.006644678910115949,-0.008176399525968428,-0.72,-0.0,0.0
11.28153371810913,0.0,0.0,0.0,-0.0035736053859215487,-0.008219595348476284,-0.008941910069025059,-0.72,-0.0,0.0
11.281575918197632,0.0,0.0,0.0,-0.01588408995608906,-0.01646900721891141,-0.004880705925496603,-0.72,-0.0,0.0
11.281625270843506,0.0,0.0,0.0,-0.011518152421197131,-0.01733917821147959,-0.002283916237219038,-0.72,-0.0,0.0
11.281661987304688,0.0,0.0,0.0,-0.015271289047656327,-0.009253226427395818,-0.004749585462335937,-0.72,-0.0,0.0
11.281698226928711,0.0,0.0,0.0,-0.011083881458422502,-0.012953502108655797,-0.0035106417864493155,-0.72,-0.0,0.0
11.281734943389893,0.0,0.0,0.0,-0.001113048165161044,-0.007916317174242763,-0.006019716373897482,-0.72,-0.0,0.0
11.281770706176758,0.0,0.0,0.0,-0.0001492770659010695,-0.0033380216479093295,-0.0004134424347196056,-0.72,-0.0,0.0
11.322793960571289,0.0,0.0,0.0,-0.0004318536136301562,-0.015651853858962842,-0.005414668346335462,-0.72,-0.0,0.0
11.322892189025879,0.0,0.0,0.0,0.003877062312408299,-0.006134108410558164,-0.01366932104678657,-0.72,-0.0,0.0
11.322918891906738,0.0,0.0,0.0,-0.0030821429276782857,-0.006357776644259589,-0.013457449534646157,-0.72,-0.0,0.0
11.322939395904541,0.0,0.0,0.0,-0.001956505172090823,-0.008518540997867965,-0.004603536921428238,-0.72,-0.0,0.0
11.322958946228027,0.0,0.0,0.0,-0.006191491804052067,-0.011148238205227609,-0.008949869846892968,-0.72,-0.0,0.0
11.322975873947144,0.0,0.0,0.0,-0.00553135342807698,-0.013852881409357566,0.003961625929748164,-0.72,-0.0,0.0
11.32299280166626,0.0,0.0,0.0,-0.00517301651930336,-0.011506531213374046,-0.003317738652096212,-0.72,-0.0,0.0
11.323009014129639,0.0,0.0,0.0,-0.010406195312484073,-0.009261510540331658,-0.001938970392691499,-0.72,-0.0,0.0
11.323025465011597,0.0,0.0,0.0,-0.010598023101404237,-0.014237433973376281,0.002994838046245084,-0.72,-0.0,0.0
11.364068031311035,0.0,0.0,0.0,-0.008940448286583799,-0.011362255749613548,-0.009556543558908408,-0.72,-0.0,0.0
11.364325523376465,0.0,0.0,0.0,-0.004853905302138116,-0.02018360607026067,-0.0013794288558499808,-0.72,-0.0,0.0
11.36438798904419,0.0,0.0,0.0,-0.007561041964615839,-0.009030286294454369,-0.0021167372021916003,-0.72,-0.0,0.0
11.36443281173706,0.0,0.0,0.0,-0.010850551033812772,-0.004020285141879093,0.0002731410399931902,-0.72,-0.0,0.0
11.364474534988403,0.0,0.0,0.0,-0.00823656797253749,-0.01339432625740402,0.001662801848608,-0.72,-0.0,0.0
11.364516973495483,0.0,0.0,0.0,-0.0049897791769249675,-0.012797030336293798,-0.003688938505675568,-0.72,-0.0,0.0
11.36455488204956,0.0,0.0,0.0,-0.000410259921990633,-0.009493510826641101,-0.004742391932216893,-0.72,-0.0,0.0
11.364595890045166,0.0,0.0,0.0,0.0022755052741665676,-0.008516201990393438,-0.01661890926304571,-0.72,-0.0,0.0
11.364635944366455,0.0,0.0,0.0,-0.0032088658832413785,-0.011650625863116652,0.0006343139507119575,-0.72,-0.0,0.0
11.364672183990479,0.0,0.0,0.0,-0.01094035613265562,-0.016357683780284713,-0.009479829455159232,-0.72,-0.0,0.0
11.405782699584961,0.0,0.0,0.0,-0.005880450213429795,-0.02394249827884264,-0.015542327993618894,-0.72,-0.0,0.0
11.405921459197998,0.0,0.0,0.0,-0.005986763043223961,-0.016106537588048073,-0.0022252786401815833,-0.72,-0.0,0.0
11.405976057052612,0.0,0.0,0.0,-0.0005145822347389308,-0.011261031447690285,-0.0006309209651545239,-0.72,-0.0,0.0
11.406026363372803,0.0,0.0,0.0,-0.0043384131743468245,-0.00015166346222196926,0.002045086996529802,-0.72,-0.0,0.0
11.406069278717041,0.0,0.0,0.0,-0.009337844212159644,-0.009518939821435462,-0.009111206946617158,-0.72,-0.0,0.0
11.406108140945435,0.0,0.0,0.0,-0.010130308023524373,-0.011855748895251999,-0.0100998476489393,-0.72,-0.0,0.0
11.406148910522461,0.0,0.0,0.0,-0.003316783036371294,-0.005132474663828843,-0.007631883589025011,-0.72,-0.0,0.0
11.40618896484375,0.0,0.0,0.0,0.002620591803251881,-0.016848225414229402,-0.005268953366195758,-0.72,-0.0,0.0
11.406227827072144,0.0,0.0,0.0,0.0018953072003544595,-0.01078019647173492,-0.008210128887807354,-0.72,-0.0,0.0
11.406274795532227,0.0,0.0,0.0,0.0025996521412219036,-0.014462137523105042,-0.007091576754427828,-0.72,-0.0,0.0
11.457537412643433,0.0,0.0,0.0,-0.0029220752219348053,-0.00544665539689531,-0.0005403403493040512,-0.72,-0.0,0.0
11.457633018493652,0.0,0.0,0.0,-0.003694840870839589,0.0030174151523293573,0.004949666021508028,-0.72,-0.0,0.0
11.457657098770142,0.0,0.0,0.0,-0.011120268807629376,0.006564519471134176,-0.007728180271242254,-0.72,-0.0,0.0
11.457676649093628,0.0,0.0,0.0,-0.015156603228159123,-0.00446282919034562,-0.010069892782001474,-0.72,-0.0,0.0
11.457693815231323,0.0,0.0,0.0,-0.012756319801974345,-0.010101249004609259,0.005283708386747317,-0.72,-0.0,0.0
11.457853555679321,0.0,0.0,0.0,-0.00765941821763189,-0.017986756691382694,0.0072692908421301775,-0.72,-0.0,0.0
11.45788288116455,0.0,0.0,0.0,0.0014330872086172036,-0.015178940131044602,-0.0025661639494278204,-0.72,-0.0,0.0
11.457903385162354,0.0,0.0,0.0,-0.004055359105949936,-0.015801849029475717,-0.015844563667692574,-0.72,-0.0,0.0
11.45792031288147,0.0,0.0,0.0,-0.01333538182418115,-0.014770470281670944,-0.011500201195203974,-0.72,-0.0,0.0
11.457937002182007,0.0,0.0,0.0,-0.008848615385431548,-0.014511855745596809,-0.0051444465599763825,-0.72,-0.0,0.0
11.499130487442017,0.0,0.0,0.0,-0.0028160924697843708,-0.00739457902924893,-0.011894935226618567,-0.72,-0.0,0.0
11.49928092956543,0.0,0.0,0.0,0.003265311840536063,-0.010951212288940897,0.0019024732686217845,-0.72,-0.0,0.0
11.499335050582886,0.0,0.0,0.0,-0.003006393664753265,-0.022870362913063765,-0.009801122747913352,-0.72,-0.0,0.0
11.499383926391602,0.0,0.0,0.0,-0.010225434578869864,-0.010350488034596513,-0.01001368186211621,-0.72,-0.0,0.0
11.499428510665894,0.0,0.0,0.0,-0.006894050453820909,-0.006209869808709254,0.0007504119834837512,-0.72,-0.0,0.0
11.499468564987183,0.0,0.0,0.0,0.0008878802717468429,-0.008700644499612997,-0.003210833963360904,-0.72,-0.0,0.0
11.499506711959839,0.0,0.0,0.0,-0.007270624234251342,-0.008377895761558172,-0.007618830226412265,-0.72,-0.0,0.0
11.499542951583862,0.0,0.0,0.0,-0.000134420963302876,-0.01289975187493177,-0.00826758486892083,-0.72,-0.0,0.0
11.499583005905151,0.0,0.0,0.0,-0.00043992960116080905,-0.010625838540422953,-0.005246276319126347,-0.72,-0.0,0.0
11.499624967575073,0.0,0.0,0.0,-0.0020616739452368324,-0.021028913456800913,0.001919537266541449,-0.72,-0.0,0.0
11.540833950042725,0.0,0.0,0.0,-0.011599858861486314,-0.010384523196798811,-0.00730236335148976,-0.72,-0.0,0.0
11.540976762771606,0.0,0.0,0.0,-0.004611783613505236,-0.016626568087706406,0.003043979831736333,-0.72,-0.0,0.0
11.54103422164917,0.0,0.0,0.0,-0.002119935489815118,-0.013841705482932584,-0.008845951464069888,-0.72,-0.0,0.0
11.54108452796936,0.0,0.0,0.0,0.007768229582239717,-0.020329879728693566,-0.00063068845639119,-0.72,-0.0,0.0
11.541133165359497,0.0,0.0,0.0,-0.0030803810297246946,-0.01613747962361197,-0.0045552350172930285,-0.72,-0.0,0.0
11.541175127029419,0.0,0.0,0.0,-0.002429407917805453,-0.01749227735457416,-0.002805574914026781,-0.72,-0.0,0.0
11.541215658187866,0.0,0.0,0.0,-0.010058436167612385,-0.02556881321170498,-0.010716087138026452,-0.72,-0.0,0.0
11.541253328323364,0.0,0.0,0.0,0.0017214606835256403,-0.031014569010756513,-0.004779682616042001,-0.72,-0.0,0.0
11.54129672050476,0.0,0.0,0.0,0.00038232481729073527,-0.017966141025576962,-0.0030456058484648013,-0.72,-0.0,0.0
11.541337013244629,0.0,0.0,0.0,0.0031593465323271823,-0.02066491826693053,-0.008009836578921506,-0.72,-0.0,0.0
11.582415103912354,0.0,0.0,0.0,-0.004900962518270569,-0.013548542648180565,-0.0030327379861017426,-0.72,-0.0,0.0
11.58253812789917,0.0,0.0,0.0,-0.010490846530363253,-0.017627733790423872,-0.014629937936338017,-0.72,-0.0,0.0
11.582584857940674,0.0,0.0,0.0,-0.007799543468119852,-0.0076681924332153385,-0.01519712255055171,-0.72,-0.0,0.0
11.582623720169067,0.0,0.0,0.0,-0.0023128987744354093,-0.00207022807346902,-0.010689819959050176,-0.72,-0.0,0.0
11.582663297653198,0.0,0.0,0.0,-0.0017831969479207195,-0.006343904709928079,-0.017100319138324452,-0.72,-0.0,0.0
11.582702398300171,0.0,0.0,0.0,-0.00511693189620449,-0.0055797771564678866,-0.013171126949141257,-0.72,-0.0,0.0
11.58274221420288,0.0,0.0,0.0,-0.0044768996408981136,-0.006784021007727671,-0.006366446687666283,-0.72,-0.0,0.0
11.582781314849854,0.0,0.0,0.0,-0.0002249559839748266,-0.012707323433147222,-0.005310439624840422,-0.72,-0.0,0.0
11.582818508148193,0.0,0.0,0.0,-0.0078819933220045,-0.021714394414971,-0.0018104627411812508,-0.72,-0.0,0.0
11.582855701446533,0.0,0.0,0.0,-0.00968481490896518,-0.025106678744654238,0.011545644165905151,-0.72,-0.0,0.0
11.624064683914185,0.0,0.0,0.0,-0.00844887776705477,-0.015138224978965296,-0.00458874376975977,-0.72,-0.0,0.0
11.624234437942505,0.0,0.0,0.0,-0.010406450736107749,-0.01068818095507199,0.0009651522642674151,-0.72,-0.0,0.0
11.624296426773071,0.0,0.0,0.0,-0.003917490590236378,-0.0043411945309401135,-0.0028795378845180223,-0.72,-0.0,0.0
11.624343872070312,0.0,0.0,0.0,-0.005944511106399876,-0.009480322198755563,-0.005509505856786774,-0.72,-0.0,0.0
11.624385595321655,0.0,0.0,0.0,-0.010491072517389323,-0.009451532207494565,-0.003984452157181366,-0.72,-0.0,0.0
11.624431133270264,0.0,0.0,0.0,-0.003690394283932732,-0.016633279405150782,-0.006164587408359813,-0.72,-0.0,0.0
11.624472618103027,0.0,0.0,0.0,-0.012763689170482907,-0.009144448735158265,-0.005304763667018217,-0.72,-0.0,0.0
11.62451982498169,0.0,0.0,0.0,-0.013195145621527455,-0.01550206317739202,0.002589444915135939,-0.72,-0.0,0.0
11.624559164047241,0.0,0.0,0.0,-0.001835323651767697,-0.01709604685903044,-0.009249310901438504,-0.72,-0.0,0.0
11.62459921836853,0.0,0.0,0.0,-0.011971691020506945,-0.00788547836087294,-0.004928494397982987,-0.72,-0.0,0.0
11.665807962417603,0.0,0.0,0.0,-0.011635894980400973,-0.0036915408583824707,-0.00028778833623423097,-0.72,-0.0,0.0
11.665950298309326,0.0,0.0,0.0,-0.0017719285743839517,0.006518504808585705,-0.003713318949773329,-0.72,-0.0,0.0
11.666013717651367,0.0,0.0,0.0,-0.0033168356919427103,0.00019784496163783013,-0.007278598824489896,-0.72,-0.0,0.0
11.666057825088501,0.0,0.0,0.0,-0.009915794253749416,-0.0002196102038894659,-0.0004468273848689436,-0.72,-0.0,0.0
11.666101694107056,0.0,0.0,0.0,-0.017064899770137688,0.00021072727713519003,0.0042867546105895705,-0.72,-0.0,0.0
11.66614055633545,0.0,0.0,0.0,-0.018661675038329762,-0.008250069266559797,-0.007634429049038426,-0.72,-0.0,0.0
11.666182041168213,0.0,0.0,0.0,-0.015274812013126138,-0.009201966945316886,-0.0020135289643836603,-0.72,-0.0,0.0
11.66622257232666,0.0,0.0,0.0,-0.019315539474779382,-0.0029417830522676133,-0.005493485332077576,-0.72,-0.0,0.0
11.666261672973633,0.0,0.0,0.0,-0.014078129618231168,-0.007002541831722301,-0.012078466985874963,-0.72,-0.0,0.0
11.666298866271973,0.0,0.0,0.0,-0.007977149014075528,-0.006341844665646652,-0.021922801070315287,-0.72,-0.0,0.0
11.707521438598633,0.0,0.0,0.0,-0.0021635103878152244,-0.009550709351902635,-0.01706498964333049,-0.72,-0.0,0.0
11.707661628723145,0.0,0.0,0.0,-0.00962850272573489,-0.00010933466708278606,-0.007244927460963118,-0.72,-0.0,0.0
11.707720279693604,0.0,0.0,0.0,-0.009383861944546852,-0.011153274591653687,-0.0034535319515423125,-0.72,-0.0,0.0
11.707763433456421,0.0,0.0,0.0,-0.004987021263800037,-0.010348510184703211,-0.002251187990388606,-0.72,-0.0,0.0
11.707804679870605,0.0,0.0,0.0,-0.006048400710018871,-0.01916123793319694,-0.006664642155267938,-0.72,-0.0,0.0
11.707844018936157,0.0,0.0,0.0,-0.006598168474787746,-0.015640524994981888,-0.015728123086826386,-0.72,-0.0,0.0
11.707883596420288,0.0,0.0,0.0,-0.0047944755243328405,-0.012239640077980467,-0.010862560129610862,-0.72,-0.0,0.0
11.707921504974365,0.0,0.0,0.0,-0.014336769152597129,-0.021771724972362485,-0.01020572748653151,-0.72,-0.0,0.0
11.7079598903656,0.0,0.0,0.0,-0.005679077560212084,-0.013276473341909413,-0.005898317810627368,-0.72,-0.0,0.0
11.707998991012573,0.0,0.0,0.0,-0.005094434004028151,-0.012384003434201742,-0.009825072173275334,-0.72,-0.0,0.0
11.75945258140564,0.0,0.0,0.0,-0.016043371416438933,-0.027618844869861187,-0.008239179314234256,-0.72,-0.0,0.0
11.759591579437256,0.0,0.0,0.0,-0.008509959761465218,-0.02688912906921823,-0.0006561169479531075,-0.72,-0.0,0.0
11.759650468826294,0.0,0.0,0.0,-0.005284610680615509,-0.032411224680309055,-0.013473702457485599,-0.72,-0.0,0.0
11.759692430496216,0.0,0.0,0.0,-0.006976505353693398,-0.02967238312537932,-0.01020870865832297,-0.72,-0.0,0.0
11.759734630584717,0.0,0.0,0.0,0.002195651505586343,-0.015881760834493247,-0.007053026562398852,-0.72,-0.0,0.0
11.759775161743164,0.0,0.0,0.0,0.0011747026686267977,-0.00618932852964283,-0.002396765455212158,-0.72,-0.0,0.0
11.759816884994507,0.0,0.0,0.0,-0.0020706065076091106,-0.010933756922983583,-0.004679785035233676,-0.72,-0.0,0.0
11.76004695892334,0.0,0.0,0.0,-0.002345160111380053,-0.009819892533094149,-0.00396807305860464,-0.72,-0.0,0.0
11.760102272033691,0.0,0.0,0.0,-0.00659164960004237,-0.017405776679720073,-0.007723514838917279,-0.72,-0.0,0.0
11.760166645050049,0.0,0.0,0.0,-0.002693063617288884,-0.027109251885292406,-0.0030108159816299817,-0.72,-0.0,0.0
11.80104374885559,0.0,0.0,0.0,-0.008617296705857962,-0.018828780290118103,-0.012250149165620597,-0.72,-0.0,0.0
11.801138877868652,0.0,0.0,0.0,-0.008028784979884329,-0.009189264779124224,-0.014988600728211683,-0.72,-0.0,0.0
11.801162242889404,0.0,0.0,0.0,-0.014481981458103373,-0.011019763135454124,-0.007174190162914684,-0.72,-0.0,0.0
11.801180362701416,0.0,0.0,0.0,-0.01201289165354644,-0.013601288401698344,-0.008392876695994849,-0.72,-0.0,0.0
11.80119800567627,0.0,0.0,0.0,-0.004452505805387519,-0.013717805674576351,-0.0004418992465914302,-0.72,-0.0,0.0
11.801221370697021,0.0,0.0,0.0,-0.0013695472149864137,-0.015619757445458416,-0.006461774481808776,-0.72,-0.0,0.0
11.801241159439087,0.0,0.0,0.0,-0.003029028844650675,-0.022316417943433427,-0.0176734694348779,-0.72,-0.0,0.0
11.80125904083252,0.0,0.0,0.0,-0.004555549352915005,-0.021753166142652852,-0.0032790657529634015,-0.72,-0.0,0.0
11.801275968551636,0.0,0.0,0.0,-0.017843387925104842,-0.021274190197968456,-0.010906089278758586,-0.72,-0.0,0.0
11.801292419433594,0.0,0.0,0.0,-0.02113153868447852,-0.022984084173749888,-0.001966616039162081,-0.72,-0.0,0.0
11.842477083206177,0.0,0.0,0.0,-0.008736684857617522,-0.020829486063544463,0.00036821406603588364,-0.72,-0.0,0.0
11.842620849609375,0.0,0.0,0.0,-0.006660598208131915,-0.011367398480018115,0.0020687032332837828,-0.72,-0.0,0.0
11.84268045425415,0.0,0.0,0.0,-0.0012474508095605653,-0.01660575520270873,-0.008213162817401344,-0.72,-0.0,0.0
11.842729330062866,0.0,0.0,0.0,0.0010171038762750502,-0.023574250594655878,-0.01295258706111005,-0.72,-0.0,0.0
11.842772245407104,0.0,0.0,0.0,-0.0008743666143335367,-0.03489324636093101,-0.009667958921245027,-0.72,-0.0,0.0
11.84281301498413,0.0,0.0,0.0,-0.006688603625120376,-0.031916498751848134,-0.012137685033375718,-0.72,-0.0,0.0
11.842851161956787,0.0,0.0,0.0,-0.006937369705411319,-0.02375200347209839,-0.004195432333539383,-0.72,-0.0,0.0
11.842889547348022,0.0,0.0,0.0,-0.0027044014703001334,-0.012852803983491281,-0.012865841483451957,-0.72,-0.0,0.0
11.842928409576416,0.0,0.0,0.0,-0.001091462666262457,-0.021581733604973386,-0.013067375737708524,-0.72,-0.0,0.0
11.88405728340149,0.0,0.0,0.0,-0.009825710366479074,-0.018526847667348866,-0.004506885999142765,-0.72,-0.0,0.0
11.884228944778442,0.0,0.0,0.0,-0.014872986808087466,-0.017889437196333506,-0.012852963112631592,-0.72,-0.0,0.0
11.884290218353271,0.0,0.0,0.0,-0.010894838448735322,-0.014664177832834946,-0.008677193092460145,-0.72,-0.0,0.0
11.884336709976196,0.0,0.0,0.0,-0.004607655089856827,-0.01726146262779592,-0.011600598401225263,-0.72,-0.0,0.0
11.884377717971802,0.0,0.0,0.0,-0.015605240620852667,-0.01105353399949293,-0.02024125530582825,-0.72,-0.0,0.0
11.88441777229309,0.0,0.0,0.0,-0.01789977202827147,-0.002766566021119192,-0.022713402450384865,-0.72,-0.0,0.0
11.884458303451538,0.0,0.0,0.0,-0.024902334595661744,-0.017359039501598367,-0.009749863829889955,-0.72,-0.0,0.0
11.88449740409851,0.0,0.0,0.0,-0.021993587748905242,-0.017646401807476873,-0.019255449915512438,-0.72,-0.0,0.0
11.884536266326904,0.0,0.0,0.0,-0.008965450089328695,-0.029348597249354333,-0.010484114874570868,-0.72,-0.0,0.0
11.884575128555298,0.0,0.0,0.0,-0.012126054094327893,-0.01940377667806819,-0.008279292309749768,-0.72,-0.0,0.0
11.925775527954102,0.0,0.0,0.0,-0.006860780261573997,-0.023051981120748886,-0.014309943733944652,-0.72,-0.0,0.0
11.92592453956604,0.0,0.0,0.0,-0.011414313799853974,-0.020470639592216792,-0.011779683219862117,-0.72,-0.0,0.0
11.925982236862183,0.0,0.0,0.0,0.0033241939638786995,-0.01100553638467574,-0.002030854359898428,-0.72,-0.0,0.0
11.926028490066528,0.0,0.0,0.0,0.0037262603203655383,-0.012644934362962951,0.0027394939220447578,-0.72,-0.0,0.0
11.926069736480713,0.0,0.0,0.0,-0.002122709835657312,-0.024211364934792288,-0.0059978792761875045,-0.72,-0.0,0.0
11.926110982894897,0.0,0.0,0.0,-7.400741760511341e-05,-0.01394343021272349,0.000719929960926435,-0.72,-0.0,0.0
11.926162958145142,0.0,0.0,0.0,0.0016035109600637401,-0.008601525886882962,0.009206184091939297,-0.72,-0.0,0.0
11.926206111907959,0.0,0.0,0.0,-0.0008102205896133313,-0.01576790839537716,0.0026150792129175284,-0.72,-0.0,0.0
11.926247835159302,0.0,0.0,0.0,-0.0018540694777390118,-0.019391257343856494,0.005835635517556037,-0.72,-0.0,0.0
11.926287412643433,0.0,0.0,0.0,-0.010517316369274542,-0.023074675387134966,0.0003961659319854481,-0.72,-0.0,0.0
11.967306852340698,0.0,0.0,0.0,-0.012218549637506388,-0.010345788589964513,0.006940836299873166,-0.72,-0.0,0.0
11.96739935874939,0.0,0.0,0.0,-0.012749288711183271,-0.010659452294888877,0.004646488824463427,-0.72,-0.0,0.0
11.967424869537354,0.0,0.0,0.0,-0.01486473431602186,-0.0009388958446828133,-0.0040377778344653234,-0.72,-0.0,0.0
11.967446327209473,0.0,0.0,0.0,-0.01728859083338235,0.0016059797853438258,0.004024233104016514,-0.72,-0.0,0.0
11.967465162277222,0.0,0.0,0.0,-0.0008034088719597308,-0.008653861562054197,-0.005575084707123239,-0.72,-0.0,0.0
11.9674813747406,0.0,0.0,0.0,-0.00404578854795293,-0.016950018334650565,-0.004288648215355337,-0.72,-0.0,0.0
11.967497825622559,0.0,0.0,0.0,0.0012688857193688039,-0.0230083952034418,-0.0035790131192113476,-0.72,-0.0,0.0
11.967514276504517,0.0,0.0,0.0,-0.009374401862657592,-0.019993321597418606,0.0004663996289032271,-0.72,-0.0,0.0
11.967530488967896,0.0,0.0,0.0,-0.007314164709905986,-0.020111448220413036,-0.00012814617854291625,-0.72,-0.0,0.0
11.967546463012695,0.0,0.0,0.0,-0.010919412015624587,-0.027938905319995485,-0.007377003280208164,-0.72,-0.0,0.0
12.008795261383057,0.0,0.0,0.0,-0.0060512261013772935,-0.027984714468153142,0.002037421673048511,-0.72,-0.0,0.0
12.008907794952393,0.0,0.0,0.0,-0.0026131900720026907,-0.015527605993334592,-0.009029412990154952,-0.72,-0.0,0.0
12.00895094871521,0.0,0.0,0.0,-0.0017082752599413393,-0.007172367178240153,-0.0008695567605121166,-0.72,-0.0,0.0
12.00898027420044,0.0,0.0,0.0,-0.004047976893698612,-0.003839486354918541,-0.012531553972486682,-0.72,-0.0,0.0
12.009004592895508,0.0,0.0,0.0,8.339281507532934e-05,-0.008187360717973541,-0.005237000475408334,-0.72,-0.0,0.0
12.009035348892212,0.0,0.0,0.0,-0.012888851909268771,-0.00760440277219569,-0.01318757000404161,-0.72,-0.0,0.0
12.009060859680176,0.0,0.0,0.0,-0.0033733466572052812,-0.008330626307679055,-0.006939513004313287,-0.72,-0.0,0.0
12.009084224700928,0.0,0.0,0.0,-0.01086602305949007,-0.015226621317239428,-0.0015382458124317724,-0.72,-0.0,0.0
12.009106874465942,0.0,0.0,0.0,0.0017973678610399718,-0.006171881220664552,0.009905992351162013,-0.72,-0.0,0.0
12.009130001068115,0.0,0.0,0.0,0.007217063197980864,-0.00941290241301697,0.003480344409442525,-0.72,-0.0,0.0
12.060883522033691,0.0,0.0,0.0,-0.003363265656707437,-0.0001268698003379258,-0.0018503555399011773,-0.72,-0.0,0.0
12.060990571975708,0.0,0.0,0.0,0.0031225241273267453,6.909920478690737e-05,-0.0012413346245983919,-0.72,-0.0,0.0
12.061028003692627,0.0,0.0,0.0,0.0015897560751782177,-0.003959968891648966,-0.001430564864643339,-0.72,-0.0,0.0
12.061051845550537,0.0,0.0,0.0,-0.0028424655100372613,0.00038642738513342727,-0.0017151317405700803,-0.72,-0.0,0.0
12.061074495315552,0.0,0.0,0.0,-0.003399292492438877,0.0022295375404223503,-0.012951298942098802,-0.72,-0.0,0.0
12.061094760894775,0.0,0.0,0.0,0.0031231269861108873,0.0052775400667093054,-0.016106223350385057,-0.72,-0.0,0.0
12.061116218566895,0.0,0.0,0.0,0.01191380040381943,-0.011847926455411177,-0.007764551815073938,-0.72,-0.0,1.0
12.061137437820435,0.0,0.0,0.0,0.006189753823283846,-0.005857421403988764,-0.008157520938255664,-0.72,-0.0,1.0
12.061157703399658,0.0,0.0,0.0,0.007498356768713005,-0.008847351952254046,-0.01724176632770307,-0.72,-0.0,1.0
12.061177015304565,0.0,0.0,0.0,-0.0013444070754314438,-0.013694272900459,-0.014679821437976772,-0.72,-0.0,1.0
12.102767705917358,0.0,0.0,0.0,-0.0005760891950724071,-0.018029768503337495,-0.02037004973031018,-0.72,-0.0,1.0
12.10287070274353,0.0,0.0,0.0,-0.0008966110335579998,-0.006418461131072572,-0.011058394820040736,-0.72,-0.0,1.0
12.102897644042969,0.0,0.0,0.0,-0.005079863827598568,-0.013133306027133279,-0.012164679214379928,-0.72,-0.0,1.0
12.102916717529297,0.0,0.0,0.0,-0.003083366353445155,-0.014214637233179851,-0.01872865424813737,-0.72,-0.0,1.0
12.102934837341309,0.0,0.0,0.0,-0.005529087396024045,-0.017008833279027115,-0.017113695577884246,-0.72,-0.0,1.0
12.10303544998169,0.0,0.0,0.0,-0.007141781858561717,-0.012042962874823813,-0.008256817504643358,-0.72,-0.0,1.0
12.103151559829712,0.0,0.0,0.0,-0.010437004357112879,-0.010499285663351328,-0.0020417534309286017,-0.72,-0.0,1.0
12.103215217590332,0.0,0.0,0.0,-0.01827594131330246,-0.017754004615451263,-0.009284457397924705,-0.72,-0.0,1.0
12.103243350982666,0.0,0.0,0.0,-0.014768634487423828,-0.010675055005485712,-0.000970124527343707,-0.72,-0.0,1.0
12.10326600074768,0.0,0.0,0.0,-0.014890335077114732,-0.005811415769329236,-0.006168888826657837,-0.72,-0.0,1.0
12.144582509994507,0.0,0.0,0.0,-0.013652604204671202,-0.0050484216609082,-0.0041561476973213645,-0.72,-0.0,1.0
12.144680261611938,0.0,0.0,0.0,-0.001813640301434333,-0.005854258470782037,-0.0028958387384801637,-0.72,-0.0,1.0
12.144709587097168,0.0,0.0,0.0,-0.01050080848743654,-0.01776309803538557,-0.0021707146716487425,-0.72,-0.0,1.0
12.144734859466553,0.0,0.0,0.0,-0.0018195961656395094,-0.01151908998702496,-0.008152540043228965,-0.72,-0.0,1.0
12.144756078720093,0.0,0.0,0.0,-0.009943785925772745,-0.015544600048064837,-0.005256382209028979,-0.72,-0.0,1.0
12.144777536392212,0.0,0.0,0.0,-0.007573331331317818,-0.008114491738741325,-0.010752473010674057,-0.72,-0.0,1.0
12.144800186157227,0.0,0.0,0.0,-0.003974439585702956,-0.018444985629947112,-0.016949509582464228,-0.72,-0.0,1.0
12.144909620285034,0.0,0.0,0.0,-0.0029392691139162605,-0.009128613649035408,-0.020521130962815444,-0.72,-0.0,1.0
12.144952774047852,0.0,0.0,0.0,0.0022684715574925796,-0.004231625558141844,-0.017942477060684532,-0.72,-0.0,1.0
12.144973754882812,0.0,0.0,0.0,0.008467734276458968,0.0039327104908349125,-0.0040427606674553985,-0.72,-0.0,1.0
12.1860511302948,0.0,0.0,0.0,0.007012502108615341,-0.008362589767602903,-0.011584454694065747,-0.72,-0.0,1.0
12.186166524887085,0.0,0.0,0.0,-4.173386542560362e-05,-0.019643517971725984,-0.019420277518292048,-0.72,-0.0,1.0
12.186219453811646,0.0,0.0,0.0,0.001299995802782456,-0.015999293360158626,-0.0148484153740414,-0.72,-0.0,1.0
12.186250448226929,0.0,0.0,0.0,0.003725967829486218,-0.01350710908225892,-0.0038892958404531984,-0.72,-0.0,1.0
12.186281204223633,0.0,0.0,0.0,-0.006635078624204078,-0.019040526949310767,-0.010388800449207683,-0.72,-0.0,1.0
12.186311721801758,0.0,0.0,0.0,-0.002494394962045525,-0.014262458755155666,-0.01399651206200809,-0.72,-0.0,1.0
12.186342716217041,0.0,0.0,0.0,-0.0034956528677345727,-0.0157867694592415,-0.0115040446929042,-0.72,-0.0,1.0
12.186368703842163,0.0,0.0,0.0,-0.0010132105147539136,-0.010257120353491085,-0.0037004519666742263,-0.72,-0.0,1.0
12.186394214630127,0.0,0.0,0.0,-0.010489456129933399,-0.010714760142425258,-0.006242491768038589,-0.72,-0.0,1.0
12.186416149139404,0.0,0.0,0.0,-0.01269524673333389,-0.011985330727852128,0.0003466493977015395,-0.72,-0.0,1.0
12.227816820144653,0.0,0.0,0.0,-0.00019487173673648781,-0.005969620990933072,-0.001176959980714973,-0.72,-0.0,1.0
12.227956295013428,0.0,0.0,0.0,-0.006726020421090583,-0.014385610408020172,-0.006019794769986656,-0.72,-0.0,1.0
12.228017807006836,0.0,0.0,0.0,-0.006334885569553486,-0.020626288481179218,-0.0065789728583999325,-0.72,-0.0,1.0
12.228068351745605,0.0,0.0,0.0,-0.010561987998281955,-0.014974383289842318,-0.00761153459015307,-0.72,-0.0,1.0
12.228107690811157,0.0,0.0,0.0,-0.013573808127424536,-0.01934284604886457,0.0042064238812222895,-0.72,-0.0,1.0
12.228354692459106,0.0,0.0,0.0,-0.011274822877129944,-0.016066801099783045,0.0007902517439018968,-0.72,-0.0,1.0
12.228375673294067,0.0,0.0,0.0,-0.011169592905334818,-0.015191482371921963,0.004465951895850265,-0.72,-0.0,1.0
12.228395462036133,0.0,0.0,0.0,-0.01713639385856281,-0.006052174482017152,0.002998302711952814,-0.72,-0.0,1.0
12.22841191291809,0.0,0.0,0.0,-0.010174065875528163,-0.004779749949083104,-0.008822589127050515,-0.72,-0.0,1.0
12.228431701660156,0.0,0.0,0.0,-0.004521942955233769,0.0002753551291179666,-0.0005558070100188929,-0.72,-0.0,1.0
12.269898653030396,0.0,0.0,0.0,-0.009714346544040058,-0.0027567559553660094,0.003139696878693475,-0.72,-0.0,1.0
12.270039796829224,0.0,0.0,0.0,-0.009061695772872806,0.003375396077921053,0.0023377415398902375,-0.72,-0.0,1.0
12.270107984542847,0.0,0.0,0.0,-0.006237534576683769,0.001727946925731517,-0.008669791411653197,-0.72,-0.0,1.0
12.270162343978882,0.0,0.0,0.0,-0.009889851599494043,0.0015116525400623584,-0.019757758339405403,-0.72,-0.0,1.0
12.27020788192749,0.0,0.0,0.0,-0.015963314768479717,-0.002017040882090691,-0.006080948836890286,-0.72,-0.0,1.0
12.270251035690308,0.0,0.0,0.0,-0.011282609313205908,-0.006950942551610186,-0.00841768150878115,-0.72,-0.0,1.0
12.270289182662964,0.0,0.0,0.0,0.0026622996556620294,-0.0126383625617002,-0.007627307219527407,-0.72,-0.0,1.0
12.270326614379883,0.0,0.0,0.0,-0.013746805190426804,-0.00028518056024231164,-0.004873880594256592,-0.72,-0.0,1.0
12.270365476608276,0.0,0.0,0.0,-0.011359348925418289,0.002132320354594721,-5.9025832329396714e-05,-0.72,-0.0,1.0
12.270410299301147,0.0,0.0,0.0,-0.013658863428190733,-0.016491356788573493,-0.006903997547770397,-0.72,-0.0,1.0
12.311482191085815,0.0,0.0,0.0,-0.007762716346751174,-0.018483400466487873,0.007259264686247894,-0.72,-0.0,1.0
12.311618566513062,0.0,0.0,0.0,-0.0048240406020738005,-0.007286533557252456,0.007643200461137735,-0.72,-0.0,1.0
12.311676502227783,0.0,0.0,0.0,-0.00521376286903251,-0.010529811919026763,0.0043780930556223145,-0.72,-0.0,1.0
12.311726093292236,0.0,0.0,0.0,-0.00341222218386192,-0.007093714278561,-0.010467473482520138,-0.72,-0.0,1.0
12.311766147613525,0.0,0.0,0.0,-0.006067842351399691,-8.520876600895024e-05,-0.01840651592556838,-0.72,-0.0,1.0
12.31181287765503,0.0,0.0,0.0,-0.009934038854774858,0.00140676047301683,-0.013823496055215432,-0.72,-0.0,1.0
12.311858415603638,0.0,0.0,0.0,-0.0005893444936187589,0.006471345094977605,-0.003923795871693541,-0.72,-0.0,1.0
12.31190276145935,0.0,0.0,0.0,-0.014132735679745507,-0.01349415620881608,-0.012834364412453388,-0.72,-0.0,1.0
12.31194281578064,0.0,0.0,0.0,-0.006260233369312406,-0.020602041142298796,-0.006581048582654798,-0.72,-0.0,1.0
12.311982154846191,0.0,0.0,0.0,-0.011587321260277832,-0.025858915603264795,-0.005661291199238303,-0.72,-0.0,1.0
12.353130102157593,0.0,0.0,0.0,-0.013317240667075975,-0.019353972849394396,-0.00266126560859286,-0.72,-0.0,1.0
12.35327672958374,0.0,0.0,0.0,-0.012826741049283512,-0.01188019441402757,-0.013286823753718511,-0.72,-0.0,1.0
12.353339672088623,0.0,0.0,0.0,-0.007458665505271936,-0.010231314395486298,0.00042910115949265393,-0.72,-0.0,1.0
12.353387117385864,0.0,0.0,0.0,-0.004565482453756472,-0.009823961853042636,-0.012740266863538244,-0.72,-0.0,1.0
12.353434324264526,0.0,0.0,0.0,-0.008163755425067434,-0.010390883158334831,-0.00823554319238107,-0.72,-0.0,1.0
12.353473663330078,0.0,0.0,0.0,-0.004774433531703824,-0.012495197101495102,-0.001507304868709676,-0.72,-0.0,1.0
12.353512048721313,0.0,0.0,0.0,-0.01180574644807962,-0.009715359324287789,-0.002575159802518273,-0.72,-0.0,1.0
12.353554964065552,0.0,0.0,0.0,-0.01210327687198458,-0.007553667858762753,-0.00491306693946793,-0.72,-0.0,1.0
12.35359525680542,0.0,0.0,0.0,-0.01466883632522721,-0.001459900658744881,-0.009999413870555071,-0.72,-0.0,1.0
12.353636503219604,0.0,0.0,0.0,-0.015215918663590412,-0.008221599329237078,-0.0010480364738278609,-0.72,-0.0,1.0
12.404972076416016,0.0,0.0,0.0,-0.010171610690456766,-0.005635999389006344,0.005811778240071215,-0.72,-0.0,1.0
12.405108213424683,0.0,0.0,0.0,-0.008886599999784608,-0.003627772027277365,-0.00575869700874713,-0.72,-0.0,1.0
12.405357599258423,0.0,0.0,0.0,-0.012617060969861163,-0.009923489054454337,8.190344680816156e-05,-0.72,-0.0,1.0
12.40543508529663,0.0,0.0,0.0,-0.007791247616935119,-0.013210943842659272,-0.009389752787515148,-0.72,-0.0,1.0
12.405488967895508,0.0,0.0,0.0,-0.005933710940175304,-0.014361090708978999,-0.007343249483108586,-0.72,-0.0,1.0
12.405529022216797,0.0,0.0,0.0,-0.012713584904744727,-0.018555397493246792,-0.013313826424113311,-0.72,-0.0,1.0
12.405567169189453,0.0,0.0,0.0,-0.017008054554767057,-0.0035813383894993524,-0.01261943946967907,-0.72,-0.0,1.0
12.405603408813477,0.0,0.0,0.0,-0.018995345037819585,-0.01240802028612638,0.0005728179202985866,-0.72,-0.0,1.0
12.405641317367554,0.0,0.0,0.0,-0.004760388376337853,-0.007456358971814372,-0.0002730075924673903,-0.72,-0.0,1.0
12.446535110473633,0.0,0.0,0.0,-0.014412484377077784,0.004428816521334234,-0.006996984110083219,-0.72,-0.0,1.0
12.446627855300903,0.0,0.0,0.0,-0.01414612545458753,0.0017109827329107492,0.00011621481961551781,-0.72,-0.0,1.0
12.446655511856079,0.0,0.0,0.0,-0.010342808144374093,0.004316633054305032,-0.01052501416017978,-0.72,-0.0,1.0
12.44667673110962,0.0,0.0,0.0,-0.011517846571387194,-0.004387327871094845,-0.002728798252516359,-0.72,-0.0,1.0
12.446696281433105,0.0,0.0,0.0,-0.017009222031083356,-0.010831262563562566,-0.0086882747785396,-0.72,-0.0,1.0
12.446715116500854,0.0,0.0,0.0,-0.00817086160093128,-0.005703640887286895,-0.0012502160970622844,-0.72,-0.0,1.0
12.44673490524292,0.0,0.0,0.0,-0.0022674645388711155,-0.005083121492530291,-0.009730781170759779,-0.72,-0.0,1.0
12.446753978729248,0.0,0.0,0.0,-0.0066572494360834416,-0.018018605288378096,-0.011495095063870787,-0.72,-0.0,1.0
12.446772575378418,0.0,0.0,0.0,-0.0010843524686347966,-0.014892827419832198,-0.0019614721100603963,-0.72,-0.0,1.0
12.446791887283325,0.0,0.0,0.0,-0.0007703314075934516,-0.00819886512120938,-0.000862198043921369,-0.72,-0.0,1.0
12.487876415252686,0.0,0.0,0.0,-0.008474509104938462,-0.014574313859347444,-0.008110537375180027,-0.72,-0.0,1.0
12.488017320632935,0.0,0.0,0.0,-0.009896670575884893,-0.008275015178582165,0.006515789224555435,-0.72,-0.0,1.0
12.488070964813232,0.0,0.0,0.0,-0.008202496162085321,-0.014955767961917962,0.00010587344182667503,-0.72,-0.0,1.0
12.488149642944336,0.0,0.0,0.0,-0.01107079435140094,-0.010094377042900855,0.009253638077221007,-0.72,-0.0,1.0
12.488202333450317,0.0,0.0,0.0,8.138348904809478e-05,-0.004188266033355197,-0.0037323200757814656,-0.72,-0.0,1.0
12.488253831863403,0.0,0.0,0.0,-0.0017143912431208843,-0.004145785811783767,-0.0014140397971973617,-0.72,-0.0,1.0
12.488294839859009,0.0,0.0,0.0,-0.0007171328746647482,0.002845341176180172,-0.007357729079836739,-0.72,-0.0,1.0
12.488337516784668,0.0,0.0,0.0,-0.00851262108140526,0.0022317435042354173,-0.0014509930422921325,-0.72,-0.0,1.0
12.488378047943115,0.0,0.0,0.0,-0.0053861895239673005,-0.004003828142880174,-0.007351099609897815,-0.72,-0.0,1.0
12.488417863845825,0.0,0.0,0.0,-0.010392595795944011,-0.0023160447662819686,-0.003649454201787957,-0.72,-0.0,1.0
12.529442548751831,0.0,0.0,0.0,-0.011771990256264611,-0.013883858707660818,-0.0006900114734658331,-0.72,-0.0,1.0
12.529539108276367,0.0,0.0,0.0,-0.01286720042613786,-0.025113727968894554,-0.004446143642019069,-0.72,-0.0,1.0
12.529564142227173,0.0,0.0,0.0,-0.005949130708637786,-0.01868568270303888,0.0014626551995023818,-0.72,-0.0,1.0
12.529584884643555,0.0,0.0,0.0,-0.010249122093263568,-0.019409939972285992,0.003767127511437422,-0.72,-0.0,1.0
12.529604196548462,0.0,0.0,0.0,-0.004185044268917534,-0.013249047381983995,0.0013715551380488196,-0.72,-0.0,1.0
12.52962350845337,0.0,0.0,0.0,-0.0009421430348114622,-0.00922182456387534,-0.008382146508882046,-0.72,-0.0,1.0
12.529643535614014,0.0,0.0,0.0,-0.005410593580709081,-0.017751260807226298,-0.005394033755734572,-0.72,-0.0,1.0
12.529661178588867,0.0,0.0,0.0,-0.002107633757120012,-0.015568919638638247,-0.005972993411146986,-0.72,-0.0,1.0
12.529677391052246,0.0,0.0,0.0,-0.002409803083378302,-0.009910393486364598,-0.008696642242495212,-0.72,-0.0,1.0
12.529694318771362,0.0,0.0,0.0,-0.004849682753045658,-0.0027666924880384155,-0.01895531993101872,-0.72,-0.0,1.0
12.570879697799683,0.0,0.0,0.0,-0.006145943598253483,-0.008967539481457593,-0.02221601516839184,-0.72,-0.0,1.0
12.571019172668457,0.0,0.0,0.0,0.0013442577824862288,-0.017657142343105912,-0.017239196236939307,-0.72,-0.0,1.0
12.571078300476074,0.0,0.0,0.0,0.0035077472790063418,-0.012555815018433532,-0.011103052038488359,-0.72,-0.0,1.0
12.57112455368042,0.0,0.0,0.0,-0.0001337708738872167,-0.007884628404925115,-0.014590891677658329,-0.72,-0.0,1.0
12.57116985321045,0.0,0.0,0.0,0.0004921157037580293,-0.007035811240893318,-0.009953730505124197,-0.72,-0.0,1.0
12.57121229171753,0.0,0.0,0.0,-0.0011729346466733837,-0.01382496536692712,-0.004106678258830039,-0.72,-0.0,1.0
12.571254014968872,0.0,0.0,0.0,-0.01085476475940023,-0.01750588571492208,-0.012915592051188595,-0.72,-0.0,1.0
12.57129454612732,0.0,0.0,0.0,-0.011145762847841948,-0.027812879142814453,-0.006196547130673002,-0.72,-0.0,1.0
12.571332454681396,0.0,0.0,0.0,-0.015155334379170996,-0.02509258466671227,0.006620263786508752,-0.72,-0.0,1.0
12.571370363235474,0.0,0.0,0.0,-0.002188030658139812,-0.022269347738762404,-0.005421096103108283,-0.72,-0.0,1.0
12.612231731414795,0.0,0.0,0.0,-0.008576625754491805,-0.017743798930548758,0.0024855533601330243,-0.72,-0.0,1.0
12.612321853637695,0.0,0.0,0.0,-0.0016078616373035451,-0.025535382280206898,-0.0009785861783848237,-0.72,-0.0,1.0
12.612345457077026,0.0,0.0,0.0,0.0013372023757768886,-0.01794217979752187,-0.002500215874144036,-0.72,-0.0,1.0
12.612363576889038,0.0,0.0,0.0,-0.007076657157105917,-0.010297914001880116,-0.006204337830893717,-0.72,-0.0,1.0
12.61238169670105,0.0,0.0,0.0,-0.010312084851417172,-0.017416098358963357,0.0049411804715664915,-0.72,-0.0,1.0
12.612399339675903,0.0,0.0,0.0,-0.008821785513673543,-0.014859861256824291,0.006352070408087524,-0.72,-0.0,1.0
12.61241626739502,0.0,0.0,0.0,-0.0046175222593586125,-0.013287178952047117,-0.0011963116011337418,-0.72,-0.0,1.0
12.612433433532715,0.0,0.0,0.0,-0.0066983183710282385,-0.02155541533630564,-0.014466914720906861,-0.72,-0.0,1.0
12.612450361251831,0.0,0.0,0.0,-0.014710627915569052,-0.013287969136828299,-0.02318958890458068,-0.72,-0.0,1.0
12.612466812133789,0.0,0.0,0.0,-0.004649846504221392,-0.006372330651731406,-0.01126182071609927,-0.72,-0.0,1.0
12.653556108474731,0.0,0.0,0.0,-0.009897494996092058,-0.005767820403731524,-0.018581096063028088,-0.72,-0.0,1.0
12.653695106506348,0.0,0.0,0.0,-0.00972951950078105,-0.0075118457809389555,-0.010466191408394407,-0.72,-0.0,1.0
12.65375018119812,0.0,0.0,0.0,-0.012336190565898674,-0.015543716419779427,-0.005538201384134,-0.72,-0.0,1.0
12.653798818588257,0.0,0.0,0.0,-0.007055056560276666,-0.014563709042135258,-0.00825255447807382,-0.72,-0.0,1.0
12.65383791923523,0.0,0.0,0.0,-0.015376708575457537,-0.006110513379464197,-0.004851859374851571,-0.72,-0.0,1.0
12.653873682022095,0.0,0.0,0.0,-0.008349388041326745,-0.008990806641096428,-0.013461246920153564,-0.72,-0.0,1.0
12.653913021087646,0.0,0.0,0.0,-0.0073833176258304494,-0.008766574952732625,-0.0035087720546102064,-0.72,-0.0,1.0
12.653954029083252,0.0,0.0,0.0,-0.009965729317556371,-0.01775164530059294,-0.009187968408477664,-0.72,-0.0,1.0
12.653992891311646,0.0,0.0,0.0,-0.010129080971007008,-0.015351223969313255,-0.010673290466857149,-0.72,-0.0,1.0
12.654029369354248,0.0,0.0,0.0,-0.0048438882121204195,-0.023537969361424976,-0.016093766417020327,-0.72,-0.0,1.0
12.705360412597656,0.0,0.0,0.0,0.0009255024763011288,-0.009727612569334363,-0.0067984867345428236,-0.72,-0.0,1.0
12.705502986907959,0.0,0.0,0.0,-0.005705900021410806,-0.005355859866422259,0.006749287169088936,-0.72,-0.0,1.0
12.70555830001831,0.0,0.0,0.0,-0.004960622265682774,-0.00775998402250655,0.01504287832210712,-0.72,-0.0,1.0
12.705602884292603,0.0,0.0,0.0,-0.007105383735465437,-0.006578057907620659,0.002051478754874873,-0.72,-0.0,1.0
12.705644607543945,0.0,0.0,0.0,-0.013869889236824959,-0.01387224139870767,0.0025484403436763616,-0.72,-0.0,1.0
12.705899000167847,0.0,0.0,0.0,-0.008204348882558048,-0.01055056055236377,0.005203738151943386,-0.72,-0.0,1.0
12.705962419509888,0.0,0.0,0.0,-0.008874093889632825,-0.004129491524400317,-0.006015904152561262,-0.72,-0.0,1.0
12.706010103225708,0.0,0.0,0.0,-0.007252964865974241,-0.009034101507754012,-0.013215714331183006,-0.72,-0.0,1.0
12.706047534942627,0.0,0.0,0.0,-0.004923342784959004,-0.024517939150151494,-0.009738575922986731,-0.72,-0.0,1.0
12.70608401298523,0.0,0.0,0.0,-0.010871532729431796,-0.011657324977001995,-0.006136180138794507,-0.72,-0.0,1.0
12.747012376785278,0.0,0.0,0.0,-0.010210647194404891,-0.0029922916460379465,-0.011431427978875263,-0.72,-0.0,1.0
12.74714732170105,0.0,0.0,0.0,-0.0010927440928302776,-0.00822086683559529,-0.0064122536192826474,-0.72,-0.0,1.0
12.747206926345825,0.0,0.0,0.0,-0.0018808208248254944,0.003174465330447098,-0.0008830821326476018,-0.72,-0.0,1.0
12.747252941131592,0.0,0.0,0.0,-0.0006467716727190623,0.0007997052390282825,-0.00737515498107755,-0.72,-0.0,1.0
12.747294187545776,0.0,0.0,0.0,-0.005972817460311201,-0.008147348003905156,-0.010664501225651742,-0.72,-0.0,1.0
12.747331857681274,0.0,0.0,0.0,-0.006438803226069429,-0.010838313094150875,-0.0034831413989910055,-0.72,-0.0,1.0
12.747368574142456,0.0,0.0,0.0,-0.005626941040344949,-0.007372509728778374,-0.00522767241487548,-0.72,-0.0,1.0
12.747411489486694,0.0,0.0,0.0,-0.0036076233460330493,-0.006435709090541614,-0.0013771213693759452,-0.72,-0.0,1.0
12.747453451156616,0.0,0.0,0.0,-0.003281687621117175,-0.003923610889521496,-0.0036736433170804993,-0.72,-0.0,1.0
12.74749493598938,0.0,0.0,0.0,-0.005950547261099106,-0.00198009322060085,-0.009201789011180054,-0.72,-0.0,1.0
12.788593530654907,0.0,0.0,0.0,-0.011567018372713988,-0.007943440593354306,0.0013125833927640866,-0.72,-0.0,1.0
12.78869104385376,0.0,0.0,0.0,-0.015259820696352473,-0.0012483769105781058,0.008630211965762549,-0.72,-0.0,1.0
12.788718700408936,0.0,0.0,0.0,-0.015918622156905354,0.0038645903804806372,-0.0030034891319976123,-0.72,-0.0,1.0
12.788738250732422,0.0,0.0,0.0,-0.008908587555847976,0.004958000297539225,0.000870330760964499,-0.72,-0.0,1.0
12.78875732421875,0.0,0.0,0.0,-7.99861782755332e-05,-0.0074686739975618425,-0.006218080103881615,-0.72,-0.0,1.0
12.78878402709961,0.0,0.0,0.0,-0.007084800321989864,0.004060325009304256,-0.01365518743748849,-0.72,-0.0,1.0
12.788804769515991,0.0,0.0,0.0,-0.0005679006187944216,-0.0013022695788032011,-0.016385407529220856,-0.72,-0.0,1.0
12.788822889328003,0.0,0.0,0.0,-0.005197616381171238,-0.007918899340436438,-0.00195099003532206,-0.72,-0.0,1.0
12.788838386535645,0.0,0.0,0.0,-0.007007863404662046,-0.0033840210532807445,-0.00584483764668055,-0.72,-0.0,1.0
12.788854598999023,0.0,0.0,0.0,-0.008135126470840137,-0.007468028482922724,-0.013983270069558193,-0.72,-0.0,1.0
12.830465316772461,0.0,0.0,0.0,-0.001138508603132464,-0.006815598097771658,-0.01983211491998782,-0.72,-0.0,1.0
12.830630540847778,0.0,0.0,0.0,0.0011058008384685469,-0.017976409261681564,-0.013168064522837277,-0.72,-0.0,1.0
12.830694913864136,0.0,0.0,0.0,-0.0011913539389563927,-0.01532516335930296,-0.014949889256301061,-0.72,-0.0,1.0
12.830745697021484,0.0,0.0,0.0,-0.008331730482287601,-0.02486672587651686,-0.009985891392238638,-0.72,-0.0,1.0
12.8307945728302,0.0,0.0,0.0,-0.012442097074769422,-0.016096118730212366,-0.013778989354893228,-0.72,-0.0,1.0
12.830833435058594,0.0,0.0,0.0,-0.004334562573333237,-0.017433334936619325,-0.018888125101603155,-0.72,-0.0,1.0
12.830870628356934,0.0,0.0,0.0,-0.007955949871165885,-0.0133381262592892,-0.018995745285607366,-0.72,-0.0,1.0
12.830909013748169,0.0,0.0,0.0,-0.008486617512925666,-0.01002011418124719,-0.012912907822687204,-0.72,-0.0,1.0
12.83094573020935,0.0,0.0,0.0,-0.01788711572221137,-0.012304607717704844,-0.010549971710560217,-0.72,-0.0,1.0
12.830983877182007,0.0,0.0,0.0,-0.015619005615485407,-0.016886366060382338,-0.007560636909283625,-0.72,-0.0,1.0
12.871995210647583,0.0,0.0,0.0,-0.014051550449824913,-0.015492169309098492,-0.005735637639113215,-0.72,-0.0,1.0
12.87216305732727,0.0,0.0,0.0,-0.015182587068392445,-0.006657036722921876,-0.014288682877087023,-0.72,-0.0,1.0
12.872223377227783,0.0,0.0,0.0,-0.00823573536092341,-0.007842620756890089,-0.008883604084901424,-0.72,-0.0,1.0
12.87226939201355,0.0,0.0,0.0,-0.014459752020291157,-0.014770610619316445,-0.0045260888704574944,-0.72,-0.0,1.0
12.872315168380737,0.0,0.0,0.0,-0.009820231416605443,-0.004767311449166516,0.0005789323443893333,-0.72,-0.0,1.0
12.872363328933716,0.0,0.0,0.0,-0.002271874664790417,-0.007369140584346691,-0.008661854634551156,-0.72,-0.0,1.0
12.872405290603638,0.0,0.0,0.0,-0.0015468324990488274,-0.003803217213441991,-0.014374708983753847,-0.72,-0.0,1.0
12.872450590133667,0.0,0.0,0.0,-0.0013966427561767638,-0.013482421921256026,-0.012249122018203728,-0.72,-0.0,1.0
12.872490882873535,0.0,0.0,0.0,-0.0014622165505855447,-0.016000250599000242,-0.007968030376474838,-0.72,-0.0,1.0
12.872532606124878,0.0,0.0,0.0,-0.0017850942489921048,-0.006329579201170058,-0.0025588612911794668,-0.72,-0.0,1.0
12.913434028625488,0.0,0.0,0.0,-0.0036692325141533875,-0.004165101289151303,0.0041553799609530566,-0.72,-0.0,1.0
12.913524627685547,0.0,0.0,0.0,-0.013846554722411246,-0.020909854673699133,0.005117711869013323,-0.72,-0.0,1.0
12.913547039031982,0.0,0.0,0.0,-0.009490990020336501,-0.014218742495403789,0.002555851767046511,-0.72,-0.0,1.0
12.913566827774048,0.0,0.0,0.0,-0.002499777130790604,-0.008255529854460184,-0.002244988189897808,-0.72,-0.0,1.0
12.913585901260376,0.0,0.0,0.0,-0.0051571610117182596,-0.010235743139779362,0.004969421546691076,-0.72,-0.0,1.0
12.913607358932495,0.0,0.0,0.0,0.002148009176767957,-0.006247847501512566,-0.005671470387835878,-0.72,-0.0,1.0
12.913623571395874,0.0,0.0,0.0,-0.007556848441001868,-0.01290545301796756,-0.00017095787704247278,-0.72,-0.0,1.0
12.913644075393677,0.0,0.0,0.0,-0.0046011213234530375,-0.0024143738074274643,0.0016054597390575988,-0.72,-0.0,1.0
12.913663148880005,0.0,0.0,0.0,-0.010082505377736901,-0.009116987156411174,0.005573596506572134,-0.72,-0.0,1.0
12.964954614639282,0.0,0.0,0.0,-0.011323670746919806,-0.007353314337783336,-0.0031633175572899296,-0.72,-0.0,1.0
12.96509051322937,0.0,0.0,0.0,-0.008364694759206847,-0.01058424723043074,0.0014989949656405675,-0.72,-0.0,1.0
12.96514630317688,0.0,0.0,0.0,0.00336274700527751,-0.009297273458863742,-0.007580409821146777,-0.72,-0.0,1.0
12.965190887451172,0.0,0.0,0.0,-0.007187728454570217,-0.011526653204742091,-0.007745978425144294,-0.72,-0.0,1.0
12.965233087539673,0.0,0.0,0.0,-0.0055151506911080865,-0.01510332062965097,-0.008538565931721014,-0.72,-0.0,1.0
12.965272903442383,0.0,0.0,0.0,-0.006424097381589534,-0.020364070152586216,-0.003594640213731908,-0.72,-0.0,1.0
12.965316534042358,0.0,0.0,0.0,0.0006838727357413546,-0.014863702099534805,-0.0167245428999713,-0.72,-0.0,1.0
12.965359687805176,0.0,0.0,0.0,-0.0025508376468920237,-0.017914499597900296,-0.0012945416506732735,-0.72,-0.0,1.0
12.96540117263794,0.0,0.0,0.0,-0.00821574530097307,-0.013980473259731993,0.0028799344957981944,-0.72,-0.0,1.0
12.965441465377808,0.0,0.0,0.0,-0.012076111318409704,-0.016207008043659977,0.0010574889803335456,-0.72,-0.0,1.0
13.006747484207153,0.0,0.0,0.0,-0.006808885255046038,-0.011517579633990036,-0.009876536562860942,-0.72,-0.0,1.0
13.006895780563354,0.0,0.0,0.0,-0.009532782014340014,-0.011061560277172677,0.0011545355726905477,-0.72,-0.0,1.0
13.007266283035278,0.0,0.0,0.0,-0.009066222402048735,-0.006002517469696572,-0.005595496209872702,-0.72,-0.0,1.0
13.007313251495361,0.0,0.0,0.0,-0.010663048521036025,-0.004247772723861672,0.006389303222477872,-0.72,-0.0,1.0
13.007344007492065,0.0,0.0,0.0,-0.009248162307103144,-0.007318247974198849,-0.0017117386283575652,-0.72,-0.0,1.0
13.007370471954346,0.0,0.0,0.0,-0.006493561600551904,-0.013027662199231963,-0.003372921410406168,-0.72,-0.0,1.0
13.007397890090942,0.0,0.0,0.0,-0.01293316281864444,-0.011847692554029132,0.0014191233420111614,-0.72,-0.0,1.0
13.007423639297485,0.0,0.0,0.0,-0.015458090570455598,-0.009026569372610167,-0.0005375729549627871,-0.72,-0.0,1.0
13.007632970809937,0.0,0.0,0.0,-0.012350557968904188,-0.0035214433137810055,0.0007955702736498623,-0.72,-0.0,1.0
13.007664680480957,0.0,0.0,0.0,-0.013609253666789832,-0.006150710257344691,0.009369516153566088,-0.72,-0.0,1.0
13.049091100692749,0.0,0.0,0.0,-0.01358821816509578,-0.0056207901523448655,0.004712715536391419,-0.72,-0.0,1.0
13.049227714538574,0.0,0.0,0.0,-0.008479026174190808,-0.004115597167136382,-0.005629573360593918,-0.72,-0.0,1.0
13.049285173416138,0.0,0.0,0.0,-0.011666457553369997,-0.007175044931046543,0.003285422635451881,-0.72,-0.0,1.0
13.049335718154907,0.0,0.0,0.0,-0.006093633255797023,-0.01749920703358252,-0.0016098636043083458,-0.72,-0.0,1.0
13.049387693405151,0.0,0.0,0.0,-0.0022903718702871898,-0.006065638591204977,0.00022799270870246918,-0.72,-0.0,1.0
13.049431562423706,0.0,0.0,0.0,-0.006247023570966404,-0.014063814928830451,-0.002359823603254497,-0.72,-0.0,1.0
13.049474716186523,0.0,0.0,0.0,-0.003252595271000582,-0.013991195341279676,0.00042369328802669846,-0.72,-0.0,1.0
13.049518585205078,0.0,0.0,0.0,-0.010777459411101479,-0.0075507535164120515,0.002172030242112817,-0.72,-0.0,1.0
13.04955792427063,0.0,0.0,0.0,-0.008414276282388947,-0.0032873888361300866,-0.010203495252391845,-0.72,-0.0,1.0
13.049595832824707,0.0,0.0,0.0,0.00036548833524458797,-0.014461532013999436,-0.004594987034953897,-0.72,-0.0,1.0
13.09072232246399,0.0,0.0,0.0,-0.00394952696566856,-0.017092815634502198,-0.014782382462489066,-0.72,-0.0,1.0
13.0908682346344,0.0,0.0,0.0,0.0006451771909806613,-0.024448211703254247,-0.02367055691236166,-0.72,-0.0,1.0
13.090927600860596,0.0,0.0,0.0,0.00023405318885350504,-0.01974075933545697,-0.021068914000967425,-0.72,-0.0,1.0
13.090975999832153,0.0,0.0,0.0,-0.000576763182696819,-0.018942766565666118,-0.02366323955309393,-0.72,-0.0,1.0
13.091021299362183,0.0,0.0,0.0,-0.00950103998413016,-0.023181227802139836,-0.023564517451802387,-0.72,-0.0,1.0
13.09106183052063,0.0,0.0,0.0,-0.011305796749671413,-0.026084380289530223,-0.02032381947883107,-0.72,-0.0,1.0
13.091101169586182,0.0,0.0,0.0,-0.008294738313531953,-0.023962500834319594,-0.018605579057506635,-0.72,-0.0,1.0
13.091140270233154,0.0,0.0,0.0,-0.007424166546178332,-0.023270109886785875,-0.02674006743949763,-0.72,-0.0,1.0
13.091181993484497,0.0,0.0,0.0,-0.003035225688953503,-0.021598944768890373,-0.023137760804505473,-0.72,-0.0,1.0
13.091219902038574,0.0,0.0,0.0,-0.009573363690981053,-0.017688328168865848,-0.027148215458641836,-0.72,-0.0,1.0
13.132433652877808,0.0,0.0,0.0,-0.006207857043053263,-0.025554516341458295,-0.02211930598986329,-0.72,-0.0,1.0
13.132569074630737,0.0,0.0,0.0,-0.007540353008205621,-0.027537340083920604,-0.02382886433657517,-0.72,-0.0,1.0
13.132623672485352,0.0,0.0,0.0,-0.0076684358922388205,-0.01728397458050095,-0.02197548226608739,-0.72,-0.0,1.0
13.132669448852539,0.0,0.0,0.0,-0.011456813173919436,-0.018209696346064962,-0.013963024190362118,-0.72,-0.0,1.0
13.132715702056885,0.0,0.0,0.0,-0.013502099861101995,-0.014636804820231608,-0.005219608294713424,-0.72,-0.0,1.0
13.132757902145386,0.0,0.0,0.0,-0.008909253400194722,-0.006250393073017505,0.00047451088699526286,-0.72,-0.0,1.0
13.132803440093994,0.0,0.0,0.0,-0.00693513967085447,-0.016838428429350193,-0.0059657896016023,-0.72,-0.0,1.0
13.132845401763916,0.0,0.0,0.0,-0.004499318849403534,-0.009009577563049362,-0.0018034356941205587,-0.72,-0.0,1.0
13.132889032363892,0.0,0.0,0.0,-0.0049893905600899855,-0.0012664597264423008,-0.0006787273380255916,-0.72,-0.0,1.0
13.132929563522339,0.0,0.0,0.0,-0.013696658802798356,0.0026819377050903083,0.005651928566699513,-0.72,-0.0,1.0
13.174135208129883,0.0,0.0,0.0,-0.006734167537467193,0.0025896518305223654,0.012823015787489966,-0.72,-0.0,1.0
13.174273014068604,0.0,0.0,0.0,-0.009223566731537338,-0.007643675551235136,0.007647716576546374,-0.72,-0.0,1.0
13.174327850341797,0.0,0.0,0.0,-0.004381657360687478,-0.005739603529287468,0.0024917161943018933,-0.72,-0.0,1.0
13.174372911453247,0.0,0.0,0.0,-0.000692818181602542,-0.006401426198329277,-0.008976984223644626,-0.72,-0.0,1.0
13.174417495727539,0.0,0.0,0.0,-0.009077374409596434,-0.0069120969177249685,-0.018219439688499105,-0.72,-0.0,1.0
13.174462080001831,0.0,0.0,0.0,-0.002674386166811494,-0.005557948477224057,-0.003084105963229682,-0.72,-0.0,1.0
13.17449951171875,0.0,0.0,0.0,-0.011466335322489305,-0.008132269725188719,-0.0066592626970588395,-0.72,-0.0,1.0
13.174548625946045,0.0,0.0,0.0,-0.0005320983727783424,-0.011254183961184671,0.00140094426443406,-0.72,-0.0,1.0
13.174591302871704,0.0,0.0,0.0,-0.005125861504823767,-0.016540645968999696,-0.0014228789519452581,-0.72,-0.0,1.0
13.17462706565857,0.0,0.0,0.0,0.004269660234762752,-0.023923351939954283,-0.00017071250639743335,-0.72,-0.0,1.0
13.215818405151367,0.0,0.0,0.0,-0.008136100005179874,-0.016172293800046235,-0.012675660745475116,-0.72,-0.0,1.0
13.215957880020142,0.0,0.0,0.0,-0.007223050351189634,-0.025078798186460378,-0.016506099544114045,-0.72,-0.0,1.0
13.216015100479126,0.0,0.0,0.0,-0.008102607110031556,-0.02468126382409062,-0.015365475974236717,-0.72,-0.0,1.0
13.216062068939209,0.0,0.0,0.0,-0.008601081320084651,-0.027680834192733265,-0.01435285495182105,-0.72,-0.0,1.0
13.216104745864868,0.0,0.0,0.0,-0.021478104754867434,-0.017675481894863683,-0.005774129576194472,-0.72,-0.0,1.0
13.216197490692139,0.0,0.0,0.0,-0.013918487462497265,-0.014726154736621297,0.0018001941588067854,-0.72,-0.0,1.0
13.216245889663696,0.0,0.0,0.0,-0.015817302218448674,-0.01009867584360414,-0.007700828007069931,-0.72,-0.0,1.0
13.21629023551941,0.0,0.0,0.0,-0.0165456013357851,-0.00599101954979507,-0.007222312901423818,-0.72,-0.0,1.0
13.216330528259277,0.0,0.0,0.0,-0.005116321470259724,-0.007949242580388084,-0.007434223577390351,-0.72,-0.0,1.0
13.216370820999146,0.0,0.0,0.0,-0.007705738924364722,-0.005738572339044666,-0.016786178182878683,-0.72,-0.0,1.0
13.257599592208862,0.0,0.0,0.0,-0.004812972781013719,-0.006702172818668247,0.0031005980362501994,-0.72,-0.0,1.0
13.257739543914795,0.0,0.0,0.0,-0.0006918981648507602,-0.010289887981115652,-9.216099094555501e-05,-0.72,-0.0,1.0
13.257807970046997,0.0,0.0,0.0,0.008901904404898065,-0.0063509856896573095,0.00039747637889448655,-0.72,-0.0,1.0
13.257858753204346,0.0,0.0,0.0,0.006309606681811491,-0.019451476730363456,-0.011354471187731613,-0.72,-0.0,0.0
13.257901906967163,0.0,0.0,0.0,-0.0009666263504754986,-0.01850621846972343,-0.00790687625524614,-0.72,-0.0,0.0
13.257946252822876,0.0,0.0,0.0,-0.006797792677853923,-0.003977620571855006,-0.010701604981021495,-0.72,-0.0,0.0
13.25798773765564,0.0,0.0,0.0,-0.008962757841798917,-0.009934619197963793,-0.001281205684379277,-0.72,-0.0,0.0
13.258029460906982,0.0,0.0,0.0,-0.005530854020447322,-0.005962704619469312,-0.008865257410964889,-0.72,-0.0,0.0
13.258069038391113,0.0,0.0,0.0,-0.005158925010183877,-0.007305348525065515,-0.0033393484101923985,-0.72,-0.0,0.0
13.258108615875244,0.0,0.0,0.0,-0.002246020584737228,0.0008529209450126699,-0.006726556251746511,-0.72,-0.0,0.0
13.309221744537354,0.0,0.0,0.0,-0.011825426142146218,-0.008179055600967718,-0.0033603309724634656,-0.72,-0.0,0.0
13.309357404708862,0.0,0.0,0.0,-0.006444476325694972,0.0015155440329983883,-0.008605606580398191,-0.72,-0.0,0.0
13.309415102005005,0.0,0.0,0.0,-0.011325587353651873,-0.006998045554929867,-0.017192834560382265,-0.72,-0.0,0.0
13.309460639953613,0.0,0.0,0.0,-0.015822524405899447,-0.0055706673910340294,-0.016258476605953344,-0.72,-0.0,0.0
13.309503316879272,0.0,0.0,0.0,-0.014164061830952373,-0.008269628090634031,-0.017410837048717747,-0.72,-0.0,0.0
13.309545278549194,0.0,0.0,0.0,-0.013565558286542025,-0.011941796163274392,-0.012806275029730434,-0.72,-0.0,0.0
13.309587478637695,0.0,0.0,0.0,-0.01249539208956927,-0.02078478891464242,-0.004454210505668795,-0.72,-0.0,0.0
13.30962872505188,0.0,0.0,0.0,-0.008340396857342253,-0.022330347293722082,-0.007293967765551258,-0.72,-0.0,0.0
13.30967092514038,0.0,0.0,0.0,-0.011458182078532553,-0.018097940126966822,-0.00022269878071843428,-0.72,-0.0,0.0
13.309728384017944,0.0,0.0,0.0,-0.005948194386027092,-0.01378988312742899,-0.005022400551129195,-0.72,-0.0,0.0
13.350902557373047,0.0,0.0,0.0,-0.0008520587146136374,-0.01482204334227623,-0.007247598045328864,-0.72,-0.0,0.0
13.35101842880249,0.0,0.0,0.0,-0.0065660498765438445,-0.006835268891128587,-0.008225547999732817,-0.72,-0.0,0.0
13.351043701171875,0.0,0.0,0.0,-0.012566281017838767,-0.015327154329088901,-0.0026669952144133557,-0.72,-0.0,0.0
13.351064682006836,0.0,0.0,0.0,-0.017731768898164902,-0.018190750130247315,-0.012157842691131454,-0.72,-0.0,0.0
13.351083278656006,0.0,0.0,0.0,-0.0209773093167539,-0.019668336120933775,0.002400857898461667,-0.72,-0.0,0.0
13.351102352142334,0.0,0.0,0.0,-0.013298044180549938,-0.01707121179062866,-0.00044113445390452777,-0.72,-0.0,0.0
13.35112190246582,0.0,0.0,0.0,-0.007225230557115495,-0.02245128649261241,-0.004662946641571708,-0.72,-0.0,0.0
13.351147413253784,0.0,0.0,0.0,-0.006631577839774402,-0.01764145134422533,-0.003818940269635901,-0.72,-0.0,0.0
13.35116696357727,0.0,0.0,0.0,-0.01152804255870848,-0.010852752861095341,0.001223712543513507,-0.72,-0.0,0.0
13.351184844970703,0.0,0.0,0.0,-0.005145134617113547,-0.007666790019927963,0.0040256224819489326,-0.72,-0.0,0.0
13.392529726028442,0.0,0.0,0.0,-0.008775632029722551,-0.014648472963691914,-0.0061267972990723275,-0.72,-0.0,0.0
13.392667770385742,0.0,0.0,0.0,-0.008561101855172178,-0.021768699501748992,-0.009883254185414017,-0.72,-0.0,0.0
13.392723798751831,0.0,0.0,0.0,-0.005099942214550327,-0.018582756835141146,-0.0129210214357796,-0.72,-0.0,0.0
13.392778396606445,0.0,0.0,0.0,-0.004954949158410347,-0.009909478984030287,-0.0032505259275575384,-0.72,-0.0,0.0
13.392820358276367,0.0,0.0,0.0,-0.00876959124101106,-0.010426589324391108,-0.00849871135261383,-0.72,-0.0,0.0
13.39285922050476,0.0,0.0,0.0,-0.00962513600026609,-0.013124237066473763,-0.01230012477646545,-0.72,-0.0,0.0
13.392899513244629,0.0,0.0,0.0,-0.0029469016092264796,-0.012590153197286355,0.0006587746663427625,-0.72,-0.0,0.0
13.39294147491455,0.0,0.0,0.0,-0.011734421711437843,-0.015741732604466187,-0.005526420158257939,-0.72,-0.0,0.0
13.392981052398682,0.0,0.0,0.0,-0.005474095995943442,-0.010854398968827835,-0.00040296410225384077,-0.72,-0.0,0.0
13.393022537231445,0.0,0.0,0.0,-0.005771272544503473,-0.02238574929998776,0.005173248389508828,-0.72,-0.0,0.0
13.43437147140503,0.0,0.0,0.0,-0.0021210857358402377,-0.012526574304082225,0.0014519298882792497,-0.72,-0.0,0.0
13.434507369995117,0.0,0.0,0.0,-0.005593976728371466,-0.011594713874677729,-0.008608946922801248,-0.72,-0.0,0.0
13.43455958366394,0.0,0.0,0.0,-0.008548981237950512,-0.011819977207881218,0.0010421251763188116,-0.72,-0.0,0.0
13.434602737426758,0.0,0.0,0.0,-0.006116366728773387,-0.01878154125306737,-0.0026538444532741836,-0.72,-0.0,0.0
13.434645175933838,0.0,0.0,0.0,-0.001979486953996007,-0.012428112140421048,0.0009014081008452588,-0.72,-0.0,0.0
13.434687852859497,0.0,0.0,0.0,0.0025052969712495905,-0.016840394534942075,-0.005430599908883177,-0.72,-0.0,0.0
13.43472957611084,0.0,0.0,0.0,-0.0054655789877396345,-0.004368643641142667,-0.0008516019147115068,-0.72,-0.0,0.0
13.434768199920654,0.0,0.0,0.0,-0.00427059801544662,0.0011036088493052933,-0.0035652005995119645,-0.72,-0.0,0.0
13.434810400009155,0.0,0.0,0.0,-0.0007162114245215189,-0.0023229528780928815,0.0043452030304628,-0.72,-0.0,0.0
13.434850692749023,0.0,0.0,0.0,-0.002043748152707965,-0.014382597449898577,-0.0019240328292585197,-0.72,-0.0,0.0
13.475974321365356,0.0,0.0,0.0,-0.003315903162991731,-0.00019731195402227243,-0.004494087270615978,-0.72,-0.0,0.0
13.476139783859253,0.0,0.0,0.0,0.0024036596964725813,0.0038836795564071683,0.0011673516111052468,-0.72,-0.0,0.0
13.476203203201294,0.0,0.0,0.0,-0.0058342563114319,-0.015239289079459227,-0.007110366822069203,-0.72,-0.0,0.0
13.476248502731323,0.0,0.0,0.0,-0.00034832814504970984,-0.017554051170795157,0.0045770656710989975,-0.72,-0.0,0.0
13.476289987564087,0.0,0.0,0.0,-0.005454194243920879,-0.006527171925763408,-0.0037313029882094493,-0.72,-0.0,0.0
13.476329565048218,0.0,0.0,0.0,-0.007933017397652654,-0.01117556582105975,0.004637410313726712,-0.72,-0.0,0.0
13.47636890411377,0.0,0.0,0.0,-0.007661452054152939,-0.019463431220094304,-0.012244775915229916,-0.72,-0.0,0.0
13.476406812667847,0.0,0.0,0.0,-0.014164647533331564,-0.011850894599522406,-0.001170621874478834,-0.72,-0.0,0.0
13.476445436477661,0.0,0.0,0.0,-0.007616397291664192,-0.011965100179419746,-0.015274158632256273,-0.72,-0.0,0.0
13.517578125,0.0,0.0,0.0,-0.006350784299011719,-0.018116532734019385,-0.006346209152746703,-0.72,-0.0,0.0
13.517715692520142,0.0,0.0,0.0,0.002159353665536002,0.00025291261715955317,-0.00831885280878969,-0.72,-0.0,0.0
13.51777458190918,0.0,0.0,0.0,0.0004736743008700459,-0.004016773007375269,-0.00020342384031366083,-0.72,-0.0,0.0
13.517822265625,0.0,0.0,0.0,-0.009708123167080389,-0.0008032588611451089,-0.008137634447061448,-0.72,-0.0,0.0
13.51786494255066,0.0,0.0,0.0,-0.0023044595068764323,-0.005970613771987618,-0.005562145907373899,-0.72,-0.0,0.0
13.517902612686157,0.0,0.0,0.0,0.002838897872840989,-0.00340042998969426,-0.0006327394088160093,-0.72,-0.0,0.0
13.517942905426025,0.0,0.0,0.0,-0.0033007746053696765,-0.006715154780199101,-0.012847048190744064,-0.72,-0.0,0.0
13.517982959747314,0.0,0.0,0.0,-0.01085214674850648,-0.002300724852796252,-0.012579223747495184,-0.72,-0.0,0.0
13.518023490905762,0.0,0.0,0.0,-0.004830429337891888,-0.003283991339034976,-0.008617873770466385,-0.72,-0.0,0.0
13.518060684204102,0.0,0.0,0.0,-0.012545795896479753,-0.006182380315204156,-0.008000082028259387,-0.72,-0.0,0.0
13.559150457382202,0.0,0.0,0.0,-0.0027486868973424982,-0.012341243855180532,-0.011398114507848929,-0.72,-0.0,0.0
13.559287309646606,0.0,0.0,0.0,-0.0030356081378529525,-0.020460220144685803,0.0012565885080940583,-0.72,-0.0,0.0
13.559341192245483,0.0,0.0,0.0,-0.0014707824980245948,-0.010961482862844703,0.0035204658176366207,-0.72,-0.0,0.0
13.559388160705566,0.0,0.0,0.0,0.00038169564194795745,-0.013840917981378358,-0.011761885661362792,-0.72,-0.0,0.0
13.559431076049805,0.0,0.0,0.0,-0.0003271956070583448,-0.014147887001105091,-0.005182001259448803,-0.72,-0.0,0.0
13.559473276138306,0.0,0.0,0.0,-0.0010002446494734522,-0.003431452832084526,-0.011350358885450917,-0.72,-0.0,0.0
13.559522867202759,0.0,0.0,0.0,-0.003467223526086073,-0.011677943328592262,-0.016755636958472788,-0.72,-0.0,0.0
13.559560298919678,0.0,0.0,0.0,-0.006243444098102528,-0.013732284219256671,-0.02361950869700649,-0.72,-0.0,0.0
13.559596300125122,0.0,0.0,0.0,-0.0038450728890728034,-0.014796785870614218,-0.0014117116430499255,-0.72,-0.0,0.0
13.559632301330566,0.0,0.0,0.0,-0.011032581571460134,-0.020037575030627357,-0.009120880980958566,-0.72,-0.0,0.0
13.60073184967041,0.0,0.0,0.0,-0.013155133008544302,-0.02071315509863101,0.0024575126056604465,-0.72,-0.0,0.0
13.600868463516235,0.0,0.0,0.0,-0.018349834102090703,-0.009106665640429728,0.008385390317457896,-0.72,-0.0,0.0
13.60092282295227,0.0,0.0,0.0,-0.010425784328764443,-0.01032123254998986,-4.2668206990572596e-05,-0.72,-0.0,0.0
13.60097622871399,0.0,0.0,0.0,-0.01064455263019253,-0.005884643301860909,0.002791348783662143,-0.72,-0.0,0.0
13.601021766662598,0.0,0.0,0.0,-0.009714290526665066,-0.011502171193731248,0.0009617979681433703,-0.72,-0.0,0.0
13.601066589355469,0.0,0.0,0.0,-0.01222546926886,-0.008842600453909822,-0.012654101289781127,-0.72,-0.0,0.0
13.601109027862549,0.0,0.0,0.0,-0.0037907942259171983,-0.016218736545334324,-0.020454622618516726,-0.72,-0.0,0.0
13.601150512695312,0.0,0.0,0.0,-0.0006083695297784941,-0.02413925370720406,-0.013225648394713827,-0.72,-0.0,0.0
13.601191759109497,0.0,0.0,0.0,-0.001350072144511118,-0.019276683849468602,-0.01801794439603941,-0.72,-0.0,0.0
13.601230144500732,0.0,0.0,0.0,-0.008947399953146976,-0.017391465177746486,-0.008660791684528232,-0.72,-0.0,0.0
13.65291690826416,0.0,0.0,0.0,-0.015241107362380223,-0.012558679437004188,-0.016019127094802136,-0.72,-0.0,0.0
13.653076410293579,0.0,0.0,0.0,-0.011889070862122708,-0.013139025526981112,-0.012776471348730185,-0.72,-0.0,0.0
13.65313458442688,0.0,0.0,0.0,-0.008628679784988932,-0.012399823164505601,-0.009802020172595616,-0.72,-0.0,0.0
13.653375387191772,0.0,0.0,0.0,-0.001989787961446442,-0.011041048591409986,-0.0020422713948945554,-0.72,-0.0,0.0
13.653438568115234,0.0,0.0,0.0,0.00547358926189314,-0.016994824635276237,-0.008182220095592252,-0.72,-0.0,0.0
13.653484582901001,0.0,0.0,0.0,0.0006297645033080481,-0.01980828579639544,-0.013419452508096438,-0.72,-0.0,0.0
13.653529644012451,0.0,0.0,0.0,0.0071963445622778574,-0.015334745166265738,-0.006427876154007028,-0.72,-0.0,0.0
13.65357255935669,0.0,0.0,0.0,-0.0022833406942117493,-0.010929952409119988,-0.00947925694110995,-0.72,-0.0,0.0
13.653611660003662,0.0,0.0,0.0,-0.004483445604184679,-0.01602058862763937,-0.007989477354577305,-0.72,-0.0,0.0
13.653650522232056,0.0,0.0,0.0,-0.015341633873349178,-0.004222447933838926,-0.012218394199917373,-0.72,-0.0,0.0
13.694812297821045,0.0,0.0,0.0,-0.01508903308107858,-0.010054935479143566,-0.006732172659548279,-0.72,-0.0,0.0
13.694954872131348,0.0,0.0,0.0,-0.014335232912549484,-0.015113281303795554,-0.01536282567575267,-0.72,-0.0,0.0
13.695011615753174,0.0,0.0,0.0,-0.009306255002543326,-0.022756649236508983,-0.004525946452854932,-0.72,-0.0,0.0
13.695056438446045,0.0,0.0,0.0,-0.008018377777526084,-0.016899884825037327,-0.009865949342836368,-0.72,-0.0,0.0
13.695098876953125,0.0,0.0,0.0,-0.003363763486002016,-0.008980644079541848,0.0027086776282753866,-0.72,-0.0,0.0
13.695143222808838,0.0,0.0,0.0,0.00014916823427597707,-0.014107274435380379,0.0036844611304899617,-0.72,-0.0,0.0
13.695183992385864,0.0,0.0,0.0,-0.003555648918607143,-0.017661462835789718,0.004283144472200195,-0.72,-0.0,0.0
13.695223569869995,0.0,0.0,0.0,0.00014507920288989027,-0.015627880932429717,0.01530956605876025,-0.72,-0.0,0.0
13.695266485214233,0.0,0.0,0.0,0.0014139194890951529,-0.01774258274965451,0.00044438121714518355,-0.72,-0.0,0.0
13.695306777954102,0.0,0.0,0.0,-0.006389908289087588,-0.011600553229699651,-0.0012762198058664169,-0.72,-0.0,0.0
13.73644495010376,0.0,0.0,0.0,-0.005036418126544681,-0.01078443987820838,0.00018899974053323822,-0.72,-0.0,0.0
13.736583471298218,0.0,0.0,0.0,-0.013492359721576863,-0.013650832752192796,-0.00022266693788955622,-0.72,-0.0,0.0
13.736642360687256,0.0,0.0,0.0,-0.004479197316479127,-0.009821704141930652,0.006224759230687444,-0.72,-0.0,0.0
13.73669147491455,0.0,0.0,0.0,-0.003133002520971155,-0.012383205291247682,-0.0048120465354948945,-0.72,-0.0,0.0
13.736735582351685,0.0,0.0,0.0,-0.0060605168710599205,-0.008496613392478765,0.004115313750284804,-0.72,-0.0,0.0
13.73677659034729,0.0,0.0,0.0,-0.005468212373352119,-0.01584719114382373,-0.007379094691652285,-0.72,-0.0,0.0
13.736816883087158,0.0,0.0,0.0,-0.0016735068460636783,-0.0024498896420412485,-0.0020158319681092074,-0.72,-0.0,0.0
13.736859798431396,0.0,0.0,0.0,0.004643891945888772,-0.01117177656765326,-0.010721977747049614,-0.72,-0.0,0.0
13.73689889907837,0.0,0.0,0.0,0.0021483750385812694,-0.0007823486126903104,-0.00273664812518485,-0.72,-0.0,0.0
13.736938238143921,0.0,0.0,0.0,-0.0007902199594775747,-0.006455743304802559,0.002785227222624141,-0.72,-0.0,0.0
13.778156042098999,0.0,0.0,0.0,-0.0012316915826739603,-0.016831752108416313,0.002654225941517266,-0.72,-0.0,0.0
13.778288841247559,0.0,0.0,0.0,-0.0036129416385542136,-0.016627202600142332,-0.010387024684670582,-0.72,-0.0,0.0
13.778338193893433,0.0,0.0,0.0,-0.005155282546883133,-0.01691150561783552,-0.018192321072680775,-0.72,-0.0,0.0
13.778378248214722,0.0,0.0,0.0,-0.004103085398801317,-0.0011087335653153405,-0.02133380817494841,-0.72,-0.0,0.0
13.778418779373169,0.0,0.0,0.0,0.004271077837259232,-0.010655818172280217,-0.018541839687909928,-0.72,-0.0,0.0
13.778458833694458,0.0,0.0,0.0,-0.006036091575168085,-0.010277273544020835,-0.013136295464868981,-0.72,-0.0,0.0
13.778497457504272,0.0,0.0,0.0,-0.003450065900308857,-0.003172225333919156,-0.001688155352446626,-0.72,-0.0,0.0
13.778534889221191,0.0,0.0,0.0,-0.009984422244675448,-0.016082151757726877,-0.0038212618253483117,-0.72,-0.0,0.0
13.778573751449585,0.0,0.0,0.0,-0.014501089960565431,-0.024920295355268143,-0.0074634449261843,-0.72,-0.0,0.0
13.778610944747925,0.0,0.0,0.0,-0.018730088236047056,-0.017057743036907762,-0.006977907566812801,-0.72,-0.0,0.0
13.820048570632935,0.0,0.0,0.0,-0.00020323165036063612,-0.01427974783965225,-0.013392227646727366,-0.72,-0.0,0.0
13.820218324661255,0.0,0.0,0.0,-0.0030854895518314584,-0.01725286769569214,-0.016463497610319396,-0.72,-0.0,0.0
13.820257663726807,0.0,0.0,0.0,0.001251937860205588,-0.010053289011089544,-0.015311377438522702,-0.72,-0.0,0.0
13.82028865814209,0.0,0.0,0.0,-0.007882835724220735,-0.011572374401239104,-0.019503948520183972,-0.72,-0.0,0.0
13.820314884185791,0.0,0.0,0.0,-0.01641779753973474,-0.01947892756960796,-0.005946683874630383,-0.72,-0.0,0.0
13.820334911346436,0.0,0.0,0.0,-0.01514831003201465,-0.013118897381746318,-0.014353661741391681,-0.72,-0.0,0.0
13.820354223251343,0.0,0.0,0.0,-0.008451336349032936,-0.014218054902313,-0.02330406349471191,-0.72,-0.0,0.0
13.820371866226196,0.0,0.0,0.0,-0.002470939570891555,-0.012522878645285156,-0.018930236898749845,-0.72,-0.0,0.0
13.820389032363892,0.0,0.0,0.0,0.003741252077186788,-0.018485123406916017,-0.008437686490734016,-0.72,-0.0,0.0
13.82040524482727,0.0,0.0,0.0,0.002188122685327533,-0.012821197624875212,-0.013996774999664216,-0.72,-0.0,0.0
13.86139988899231,0.0,0.0,0.0,0.0015881446908056723,-0.01677738380652157,-0.0063621752044495505,-0.72,-0.0,0.0
13.861529350280762,0.0,0.0,0.0,-0.0019677682924737726,-0.007575806240526562,-0.016382672673994875,-0.72,-0.0,0.0
13.861568689346313,0.0,0.0,0.0,-0.00462871185442269,-0.011446211289009576,-0.023633710605100146,-0.72,-0.0,0.0
13.861594438552856,0.0,0.0,0.0,0.0027007627559694223,-0.006673677244847167,-0.014723196122934016,-0.72,-0.0,0.0
13.861618518829346,0.0,0.0,0.0,-0.010428340081642408,0.005519550175018795,-0.010765485307932185,-0.72,-0.0,0.0
13.861644983291626,0.0,0.0,0.0,-0.009548960864103749,-0.003667716824721684,-0.008458024353225214,-0.72,-0.0,0.0
13.861673355102539,0.0,0.0,0.0,-0.005973555079684622,-0.007615626198555559,-0.015401434629373312,-0.72,-0.0,0.0
13.861697673797607,0.0,0.0,0.0,-0.015437456067571746,-0.0021367251147648226,-0.01342229130702515,-0.72,-0.0,0.0
13.861723184585571,0.0,0.0,0.0,-0.009484129233626524,-0.005679898651091922,-0.022092462556850316,-0.72,-0.0,0.0
13.861747741699219,0.0,0.0,0.0,0.0005870173921718178,-0.0030339891101939555,-0.00539737559391656,-0.72,-0.0,0.0
13.902929782867432,0.0,0.0,0.0,-0.006952852670330951,0.0005399083357621286,0.0014901526116844798,-0.72,-0.0,0.0
13.903070211410522,0.0,0.0,0.0,0.001902539677275485,-0.0065624528989252,-0.006349982766978435,-0.72,-0.0,0.0
13.90312933921814,0.0,0.0,0.0,-0.0031012744956563417,-0.021746971060660144,-0.004869021477770736,-0.72,-0.0,0.0
13.903169631958008,0.0,0.0,0.0,-0.008757228419568353,-0.01982560294773904,-0.011279279033131619,-0.72,-0.0,0.0
13.9032142162323,0.0,0.0,0.0,-0.005833421606729466,-0.023538037855356853,-0.020682129919772453,-0.72,-0.0,0.0
13.903250455856323,0.0,0.0,0.0,-0.00366438485446773,-0.023830506512428518,-0.00668993102999769,-0.72,-0.0,0.0
13.90328574180603,0.0,0.0,0.0,-0.0022784841921181347,-0.01899793298569689,-0.016773066812839826,-0.72,-0.0,0.0
13.903331995010376,0.0,0.0,0.0,-0.00812238395179078,-0.01861441489121318,-0.01027329801190755,-0.72,-0.0,0.0
13.90337347984314,0.0,0.0,0.0,-0.002405799043598717,-0.026734908485090626,-0.012197274386512223,-0.72,-0.0,0.0
13.903408765792847,0.0,0.0,0.0,0.002653959037893766,-0.023886260532479203,-0.011111653759354466,-0.72,-0.0,0.0
13.954770565032959,0.0,0.0,0.0,0.0009860152511365408,-0.017095506288961965,0.0029627962896783037,-0.72,-0.0,0.0
13.954911231994629,0.0,0.0,0.0,0.004147799724529909,-0.015049427718242433,-0.01028301676118431,-0.72,-0.0,0.0
13.954966306686401,0.0,0.0,0.0,-0.0024653777741106566,-0.01746327818838448,-0.011626660203714176,-0.72,-0.0,0.0
13.95500636100769,0.0,0.0,0.0,-0.0032502311256838493,-0.023186082522087755,0.0021922818564813523,-0.72,-0.0,0.0
13.955045461654663,0.0,0.0,0.0,-0.007387941743645595,-0.021986721913309762,0.006823215130523636,-0.72,-0.0,0.0
13.95527458190918,0.0,0.0,0.0,-0.008780080337960969,-0.021222255426496667,-0.0021750878600576094,-0.72,-0.0,0.0
13.955336093902588,0.0,0.0,0.0,-0.00466409821240656,-0.02613022156864304,-0.008728279863145373,-0.72,-0.0,0.0
13.955374717712402,0.0,0.0,0.0,-0.0004877729993352833,-0.008478859227536129,-0.0014804567800370905,-0.72,-0.0,0.0
13.955431938171387,0.0,0.0,0.0,-0.005086487259987018,0.0003143413934592569,-0.00951903041258146,-0.72,-0.0,0.0
13.955476760864258,0.0,0.0,0.0,-0.013920362179654911,-0.011209620745318746,-0.009344661397460588,-0.72,-0.0,0.0
13.996470928192139,0.0,0.0,0.0,-0.0068306295601516555,0.0006077056994147714,-0.0001921021692235775,-0.72,-0.0,0.0
13.996569395065308,0.0,0.0,0.0,-0.011949671241646588,-0.0032136481017654185,0.0017758272106641593,-0.72,-0.0,0.0
13.996593952178955,0.0,0.0,0.0,-0.008841799071534798,-0.013138041614511365,-0.008234300678365959,-0.72,-0.0,0.0
13.996614694595337,0.0,0.0,0.0,-0.015094061461809699,-0.00944848707257928,-0.0016642765901124042,-0.72,-0.0,0.0
13.996636152267456,0.0,0.0,0.0,-0.014149797940920224,-0.006149134820176281,0.00024906440596907944,-0.72,-0.0,0.0
13.996654272079468,0.0,0.0,0.0,-0.014569131966682351,-0.011870321100443965,0.0005143412083325966,-0.72,-0.0,0.0
13.99667763710022,0.0,0.0,0.0,-0.009739595661591154,-0.013886884662234563,0.00224869424310422,-0.72,-0.0,0.0
13.996697902679443,0.0,0.0,0.0,-0.0035631833215596887,-0.01338443479037362,-0.0055038814095438385,-0.72,-0.0,0.0
13.99671483039856,0.0,0.0,0.0,-0.00010787278614402,-0.011105186377472707,-0.0014010170920845083,-0.72,-0.0,0.0
14.037927865982056,0.0,0.0,0.0,-0.002099007245142592,-0.00873279923509349,-0.010535576679636813,-0.72,-0.0,0.0
14.038249254226685,0.0,0.0,0.0,-0.012842593595398851,0.001971037689249401,-0.008825003880565813,-0.72,-0.0,0.0
14.038280248641968,0.0,0.0,0.0,-0.013793554726821498,-0.002320478279142409,-0.014636831009966357,-0.72,-0.0,0.0
14.038301229476929,0.0,0.0,0.0,-0.012474359197183774,-0.01349462757756406,-0.017707402046623466,-0.72,-0.0,0.0
14.038320541381836,0.0,0.0,0.0,-0.011857470232275154,-0.00575579553906018,-0.0011384870700830807,-0.72,-0.0,0.0
14.038339614868164,0.0,0.0,0.0,-0.007940025127443462,-0.008151833704894038,-0.006809251933410236,-0.72,-0.0,0.0
14.038357496261597,0.0,0.0,0.0,-0.012098232983510775,-0.006123072652700246,-0.005100167484715762,-0.72,-0.0,0.0
14.03837776184082,0.0,0.0,0.0,-0.015185669246253709,-0.007664220583178116,-0.0032427186507223583,-0.72,-0.0,0.0
14.038395166397095,0.0,0.0,0.0,-0.006750804240619184,-0.011540933706122856,0.00866802176864785,-0.72,-0.0,0.0
14.038428783416748,0.0,0.0,0.0,0.001211401451624843,-0.013213759740364055,-0.0038205046857105033,-0.72,-0.0,0.0
14.079559803009033,0.0,0.0,0.0,-0.006048802065040046,-0.027835456301679905,-0.0012397128996784448,-0.72,-0.0,0.0
14.079655885696411,0.0,0.0,0.0,-0.00750441305525982,-0.01829764792575582,-0.016738461349821057,-0.72,-0.0,0.0
14.079683065414429,0.0,0.0,0.0,0.002239679738643986,-0.010372959206200235,-0.0068431560068615465,-0.72,-0.0,0.0
14.079705238342285,0.0,0.0,0.0,0.007789003270731905,0.004225962129505189,-0.002250730201009877,-0.72,-0.0,0.0
14.079724788665771,0.0,0.0,0.0,-0.00018852789514155842,-0.005640332635576413,-0.007225149929787473,-0.72,-0.0,0.0
14.079745292663574,0.0,0.0,0.0,-0.000474528596199258,-0.006605223670467948,-0.014735433381522415,-0.72,-0.0,0.0
14.079765319824219,0.0,0.0,0.0,-0.0014209858757744283,-0.012448721430924636,-0.009335565932684083,-0.72,-0.0,0.0
14.079784393310547,0.0,0.0,0.0,-0.0058942956230549105,-0.02005601436140036,-0.020318278793303068,-0.72,-0.0,0.0
14.079804420471191,0.0,0.0,0.0,0.0008920429923376721,-0.009295208831423884,-0.014578090110479856,-0.72,-0.0,0.0
14.079823970794678,0.0,0.0,0.0,0.002928913164711669,-0.01868957973918814,-0.009651481851323734,-0.72,-0.0,0.0
14.120999097824097,0.0,0.0,0.0,-0.00553870644733891,-0.018476872232914235,-0.015657415064852655,-0.72,-0.0,0.0
14.121132850646973,0.0,0.0,0.0,-0.00916623598692316,-0.01893105535351069,-0.010200074976599508,-0.72,-0.0,0.0
14.121187925338745,0.0,0.0,0.0,-0.009286240602198613,-0.012461264953557023,-0.0007742670863697832,-0.72,-0.0,0.0
14.121235847473145,0.0,0.0,0.0,-0.004800703649324428,-0.015330834104918176,-0.010658264435287852,-0.72,-0.0,0.0
14.121280670166016,0.0,0.0,0.0,-0.005471363265322796,-0.015837440684716656,-0.004744003510476454,-0.72,-0.0,0.0
14.121318578720093,0.0,0.0,0.0,-0.007847048808911005,-0.007011895142191755,-0.016127928752716028,-0.72,-0.0,0.0
14.12135648727417,0.0,0.0,0.0,-0.008632405906057714,-0.00717771089102712,-0.008911586393900701,-0.72,-0.0,0.0
14.121392726898193,0.0,0.0,0.0,-0.00363155729486498,-0.01085796932340342,0.0006747282420372885,-0.72,-0.0,0.0
14.121436357498169,0.0,0.0,0.0,-0.00865762354117314,-0.003428895056794171,-0.00025295199428345213,-0.72,-0.0,0.0
14.121477127075195,0.0,0.0,0.0,-0.009402405695100357,-0.0061910666493201864,0.001980959641907217,-0.72,-0.0,0.0
14.162397861480713,0.0,0.0,0.0,-0.009930540587926534,-0.011018678241442812,-0.004394544980647613,-0.72,-0.0,0.0
14.162494421005249,0.0,0.0,0.0,-0.005820363285683616,-0.0009024580688466999,-0.014707911524869364,-0.72,-0.0,0.0
14.162522554397583,0.0,0.0,0.0,-0.008650985884742201,-0.005457084167386421,-0.017630174273417877,-0.72,-0.0,0.0
14.162543296813965,0.0,0.0,0.0,-0.010754125438027184,-0.00908401165448335,-0.006882614202876354,-0.72,-0.0,0.0
14.162565469741821,0.0,0.0,0.0,-0.012955088166761839,-0.0028654988819202245,0.0013745013058826187,-0.72,-0.0,0.0
14.162583827972412,0.0,0.0,0.0,-0.017784130810124327,-0.021876424402688496,-0.005424968922312838,-0.72,-0.0,0.0
14.162602663040161,0.0,0.0,0.0,-0.02312887030283305,-0.012691010017155677,-0.012749080861111994,-0.72,-0.0,0.0
14.162625312805176,0.0,0.0,0.0,-0.013241831711945063,-0.018513575825871344,0.0021930851834212387,-0.72,-0.0,0.0
14.162644147872925,0.0,0.0,0.0,-0.012435015409303585,-0.01745942914745137,-0.008966092091164658,-0.72,-0.0,0.0
14.162660360336304,0.0,0.0,0.0,-0.0030433501829365633,0.002543358992209645,-0.007564575484041406,-0.72,-0.0,0.0
14.20388150215149,0.0,0.0,0.0,-0.0007607752286445019,-0.002267474991530421,-0.012000749586151691,-0.72,-0.0,0.0
14.204014778137207,0.0,0.0,0.0,-0.004856480514228894,-0.005949101975598926,-0.013898101270315783,-0.72,-0.0,0.0
14.204072952270508,0.0,0.0,0.0,0.0008356144120218198,-0.01528797350036012,0.0007745903560675247,-0.72,-0.0,0.0
14.204147577285767,0.0,0.0,0.0,-0.007892023320488772,-0.017920987068238824,-0.013146102769810274,-0.72,-0.0,0.0
14.204196691513062,0.0,0.0,0.0,-0.00699958573120109,-0.015333525733822304,-0.011965434067190748,-0.72,-0.0,0.0
14.204236268997192,0.0,0.0,0.0,-0.010284330874714318,-0.0049831090642473925,-0.0033596791332148575,-0.72,-0.0,0.0
14.204279661178589,0.0,0.0,0.0,-0.0107506997442603,-0.0024584806462861226,0.010405943729568113,-0.72,-0.0,0.0
14.204319953918457,0.0,0.0,0.0,-0.022582155123358517,-0.00608754374475885,0.004069097394522924,-0.72,-0.0,0.0
14.204362154006958,0.0,0.0,0.0,-0.02161433536215899,-0.010077401048458199,0.0037069879821011015,-0.72,-0.0,0.0
14.204400777816772,0.0,0.0,0.0,-0.01106149701471793,0.002514645438350058,0.0061053526970719935,-0.72,-0.0,0.0
14.255792617797852,0.0,0.0,0.0,-0.004362220523275713,-0.0037880611388851687,-0.0009297718849343846,-0.72,-0.0,0.0
14.255931377410889,0.0,0.0,0.0,-0.007990263432518047,-0.007460018839245687,-0.006791221642979993,-0.72,-0.0,0.0
14.255985975265503,0.0,0.0,0.0,-0.01754022462625159,-0.014299112897261355,-0.0031914648075732272,-0.72,-0.0,0.0
14.256031274795532,0.0,0.0,0.0,-0.019843412859233682,0.000274105634158767,-0.003429458700911144,-0.72,-0.0,0.0
14.256073713302612,0.0,0.0,0.0,-0.010759118061430624,-0.002380931564310749,0.001930881729754534,-0.72,-0.0,0.0
14.25614595413208,0.0,0.0,0.0,-0.009196713385984353,0.003120521790981393,-0.004752293521065057,-0.72,-0.0,0.0
14.256197690963745,0.0,0.0,0.0,-0.0034335905637659972,-0.006915792100887785,-0.0016919589350287742,-0.72,-0.0,0.0
14.256236791610718,0.0,0.0,0.0,0.00440938171855508,0.000756136828319262,-0.013831753141124859,-0.72,-0.0,0.0
14.256511926651001,0.0,0.0,0.0,0.0013416914422266105,-0.001782023722310052,-0.006717330964094167,-0.72,-0.0,0.0
14.256607294082642,0.0,0.0,0.0,-0.0102064063598099,-0.010617428661024511,0.001288029548451825,-0.72,-0.0,0.0
14.297842025756836,0.0,0.0,0.0,-0.009382702016316379,-0.022606551476843574,0.004618096950279137,-0.72,-0.0,0.0
14.297979831695557,0.0,0.0,0.0,-0.0002576273479758234,-0.014617890257814304,-0.009565996184720482,-0.72,-0.0,0.0
14.298037052154541,0.0,0.0,0.0,-0.00855085352197232,-0.020189625135253225,-0.000729637767556282,-0.72,-0.0,0.0
14.298076868057251,0.0,0.0,0.0,-0.012683827929510384,-0.011172804695271743,-0.006917451720408783,-0.72,-0.0,0.0
14.298116683959961,0.0,0.0,0.0,-0.007058372612251566,-0.017500269176925702,-0.009881272853691222,-0.72,-0.0,0.0
14.298165321350098,0.0,0.0,0.0,-0.007576273242668641,-0.008425980838372298,-0.017057158571438504,-0.72,-0.0,0.0
14.298209190368652,0.0,0.0,0.0,-0.008973969088388637,-0.008237416403128502,-0.014140199968647191,-0.72,-0.0,0.0
14.298259258270264,0.0,0.0,0.0,-0.0026973072230661523,-0.01522454186266803,-0.0164213545250423,-0.72,-0.0,0.0
14.298301935195923,0.0,0.0,0.0,-0.002953549059025313,-0.010812495886859749,-0.008262547514695972,-0.72,-0.0,0.0
14.298336744308472,0.0,0.0,0.0,-0.0035244144675254238,-0.014456305029227526,-0.009559972338787578,-0.72,-0.0,0.0
14.339444875717163,0.0,0.0,0.0,-0.004184215770114549,-0.00033492287778248643,-0.0029210549851801126,-0.72,-0.0,0.0
14.339542388916016,0.0,0.0,0.0,-0.0053421167454824345,8.41123505964943e-05,0.0008282062035684317,-0.72,-0.0,0.0
14.33957314491272,0.0,0.0,0.0,-0.007332768390876426,-0.0007373039175121553,0.009427341572761708,-0.72,-0.0,0.0
14.339592456817627,0.0,0.0,0.0,-0.008730882394630891,-0.012194431919335494,0.002103349578312484,-0.72,-0.0,0.0
14.339610576629639,0.0,0.0,0.0,-0.010429979701655686,-0.01460459166659611,0.0011236220083155174,-0.72,-0.0,0.0
14.339642763137817,0.0,0.0,0.0,-0.009641323586489227,-0.013549488742848895,-0.011667782139606243,-0.72,-0.0,0.0
14.339663982391357,0.0,0.0,0.0,-0.0045612775871384965,-0.017346210903030145,-0.00894567880536688,-0.72,-0.0,0.0
14.339680433273315,0.0,0.0,0.0,0.001092236445533455,-0.014626185429931346,-0.0062995483771248985,-0.72,-0.0,0.0
14.339715480804443,0.0,0.0,0.0,-9.66737159996248e-05,-0.006962098441064487,0.0022331471716110934,-0.72,-0.0,0.0
14.339753150939941,0.0,0.0,0.0,0.007673851497220324,-0.007572817222742587,-0.0070653834575796414,-0.72,-0.0,0.0
14.381072282791138,0.0,0.0,0.0,-0.0004503868444660344,-0.0035140307663583206,-0.013117373195621656,-0.72,-0.0,0.0
14.381219863891602,0.0,0.0,0.0,-0.005910970241864337,-0.01360909036692191,-0.009525883885484324,-0.72,-0.0,0.0
14.381276845932007,0.0,0.0,0.0,0.0009321070805217649,-0.006525166598258234,-0.007004504852948456,-0.72,-0.0,0.0
14.381322622299194,0.0,0.0,0.0,-0.001017814795026589,-0.0007167318908742553,-0.010209049444865803,-0.72,-0.0,0.0
14.381365060806274,0.0,0.0,0.0,0.0014807964171060786,-0.015883531737814822,-0.009461786144145723,-0.72,-0.0,0.0
14.381407022476196,0.0,0.0,0.0,-0.0006362812832310227,-0.013983971665688044,-0.005887985161734813,-0.72,-0.0,0.0
14.38144588470459,0.0,0.0,0.0,-0.00978445151526497,-0.005080156645332619,-0.0039692985072241425,-0.72,-0.0,0.0
14.381483793258667,0.0,0.0,0.0,-0.008424982704230807,-0.015004469753853462,-0.0037988145373874264,-0.72,-0.0,0.0
14.381521940231323,0.0,0.0,0.0,-0.008906474246106355,-0.019701626393306273,-0.004077886775292352,-0.72,-0.0,0.0
14.381559610366821,0.0,0.0,0.0,-0.011490501924140282,-0.01684143605733009,-0.005190038242295454,-0.72,-0.0,0.0
14.423070907592773,0.0,0.0,0.0,-0.0068246272574035574,-0.015903538233104,-0.016721579397023255,-0.72,-0.0,0.0
14.423216581344604,0.0,0.0,0.0,2.873813600981675e-05,0.005202172680376266,-0.009231582305926482,-0.72,-0.0,0.0
14.423280239105225,0.0,0.0,0.0,-0.006992606898160407,-0.004927946914451796,-0.011320508102424479,-0.72,-0.0,0.0
14.423326015472412,0.0,0.0,0.0,-0.008406683469481691,-0.019192357290565353,-0.014418407701619588,-0.72,-0.0,0.0
14.423367261886597,0.0,0.0,0.0,-0.009504213390671156,-0.018090215759640673,-0.007632219456794909,-0.72,-0.0,0.0
14.423407554626465,0.0,0.0,0.0,-0.010909238137029193,-0.015734810474215735,-0.013249124751524188,-0.72,-0.0,0.0
14.423449516296387,0.0,0.0,0.0,-0.00897593778070143,-0.012487869688648347,-0.008206593182410614,-0.72,-0.0,0.0
14.42349362373352,0.0,0.0,0.0,-0.008133783839064988,-0.007987984435702662,-0.009419664298280662,-0.72,-0.0,0.0
14.423535823822021,0.0,0.0,0.0,-0.00670830857037111,-0.0012251026596167562,-0.013629682494415799,-0.72,-0.0,0.0
14.42357587814331,0.0,0.0,0.0,-0.011872407254180232,-0.013212389207982136,-0.01396161785668002,-0.72,-0.0,0.0
14.464754343032837,0.0,0.0,0.0,-0.01021212426683421,-0.0014436073593692717,-0.007222881894237564,-0.72,-0.0,0.0
14.464892625808716,0.0,0.0,0.0,-0.00702229988787729,-0.009050847342942456,-0.00649075095101128,-0.72,-0.0,0.0
14.464947700500488,0.0,0.0,0.0,-0.015899400865020716,-0.0076332006358297505,-0.010331062728938118,-0.72,-0.0,0.0
14.464993476867676,0.0,0.0,0.0,-0.01555799923305051,-0.004017247371507404,-0.019755773811252254,-0.72,-0.0,0.0
14.465033292770386,0.0,0.0,0.0,-0.0074046559717517845,-0.008094045264644713,-0.026978199703803583,-0.72,-0.0,0.0
14.465072393417358,0.0,0.0,0.0,-0.010024164356112414,-0.01744527512486769,-0.02843674971119059,-0.72,-0.0,0.0
14.465110301971436,0.0,0.0,0.0,-0.012694352784416147,-0.03125322209612879,-0.015330630241577754,-0.72,-0.0,0.0
14.465148687362671,0.0,0.0,0.0,-0.013830209150316462,-0.025964140503521495,-0.02005303464383744,-0.72,-0.0,0.0
14.465188026428223,0.0,0.0,0.0,-0.009550111584574401,-0.019038521028307893,-0.00826379068752859,-0.72,-0.0,0.0
14.465224981307983,0.0,0.0,0.0,-0.013556317214887406,-0.005215399661014884,-0.02082506884666891,-0.72,-0.0,0.0
14.506335020065308,0.0,0.0,0.0,-0.005968622213777258,-0.012100176175857803,-0.013017016595132396,-0.72,-0.0,0.0
14.506617784500122,0.0,0.0,0.0,-0.007526522846160061,-0.007156349369002871,-0.01311544322510973,-0.72,-0.0,0.0
14.506661176681519,0.0,0.0,0.0,-0.005098116695672259,-0.009168083488320553,-0.006070299265844295,-0.72,-0.0,0.0
14.506690502166748,0.0,0.0,0.0,-0.006775980894118168,-0.010470619610290091,-0.01473688234684203,-0.72,-0.0,0.0
14.50671648979187,0.0,0.0,0.0,-0.006634373519845008,-0.013065964053366047,-0.02168957760533073,-0.72,-0.0,0.0
14.506743907928467,0.0,0.0,0.0,-0.009887964448547542,-0.01704722042292713,-0.021271055106702453,-0.72,-0.0,0.0
14.506769895553589,0.0,0.0,0.0,-0.013159748273721766,-0.013698535417167892,-0.011382654809229453,-0.72,-0.0,0.0
14.506795167922974,0.0,0.0,0.0,-0.011186391338009454,-0.009569072907510889,-0.018090350591538178,-0.72,-0.0,0.0
14.50682020187378,0.0,0.0,0.0,-0.017133660743751153,-0.01690535772659155,-0.011432422478413844,-0.72,-0.0,0.0
14.50684380531311,0.0,0.0,0.0,-0.009304043973190224,-0.0243493744539666,-0.003245855419185648,-0.72,-0.0,0.0
14.547961473464966,0.0,0.0,0.0,-0.008369560868535303,-0.008088858167919022,0.0028677978972786373,-0.72,-0.0,0.0
14.548096656799316,0.0,0.0,0.0,-0.00807234359515726,-0.010294742136522088,-0.0009740036127611722,-0.72,-0.0,0.0
14.548198938369751,0.0,0.0,0.0,-0.012942030952555651,0.004456767332776711,-0.006140182873698738,-0.72,-0.0,0.0
14.548244714736938,0.0,0.0,0.0,-0.012769148313243077,-0.003518546251218806,-0.01204687469280956,-0.72,-0.0,0.0
14.54828667640686,0.0,0.0,0.0,-0.01659842828369953,-0.007898305939191228,-0.009293380585381603,-0.72,-0.0,0.0
14.54832935333252,0.0,0.0,0.0,-0.008456036621881047,-0.006716070805520419,-0.011008694872792447,-0.72,-0.0,0.0
14.548369407653809,0.0,0.0,0.0,-0.010738550230417764,-0.0024350655951607294,0.001982086648067163,-0.72,-0.0,0.0
14.548410415649414,0.0,0.0,0.0,-0.007824702641987502,-0.008290060398491958,-0.008622610447075017,-0.72,-0.0,0.0
14.548448324203491,0.0,0.0,0.0,-0.005284047919025922,-0.014739588233775013,-0.001046245790395432,-0.72,-0.0,0.0
14.599498987197876,0.0,0.0,0.0,-0.006937301322506279,-0.02221306685723963,-0.009526519532685058,-0.72,-0.0,0.0
14.599822521209717,0.0,0.0,0.0,-0.014728821300915079,-0.013725340224458413,0.0038041368346407377,-0.72,-0.0,0.0
14.599894523620605,0.0,0.0,0.0,-0.005181770976066273,-0.010014300155606564,0.005318419126089252,-0.72,-0.0,0.0
14.599947452545166,0.0,0.0,0.0,-0.006661122741437767,-0.004257295232267434,0.012896910897517258,-0.72,-0.0,0.0
14.59998607635498,0.0,0.0,0.0,-0.013535834760181708,-0.0018965929046044654,-0.0063333454407642695,-0.72,-0.0,0.0
14.6000235080719,0.0,0.0,0.0,-0.013336443784501132,-0.006136023814586764,0.0025576860746867732,-0.72,-0.0,0.0
14.60006070137024,0.0,0.0,0.0,-0.018973415656381613,-0.003660685918130932,-0.007531055430352553,-0.72,-0.0,0.0
14.600095987319946,0.0,0.0,0.0,-0.014095887590691398,-0.003738298294138314,0.0008463260840119351,-0.72,-0.0,0.0
14.60016942024231,0.0,0.0,0.0,-0.018850917006704063,-0.0056369789761665885,-0.005323445285225749,-0.72,-0.0,0.0
14.600218057632446,0.0,0.0,0.0,-0.012961536613002263,-0.005098239558168777,0.0019356049103434357,-0.72,-0.0,0.0
14.641444206237793,0.0,0.0,0.0,-0.005751266387434578,-0.020586312895193665,0.002533093940744947,-0.72,-0.0,0.0
14.641581773757935,0.0,0.0,0.0,-0.011802210009002046,-0.021937161014838506,-0.008815303064805833,-0.72,-0.0,0.0
14.641638040542603,0.0,0.0,0.0,-0.009634351493299904,-0.011110234899683382,-0.00012206608501296812,-0.72,-0.0,0.0
14.641681909561157,0.0,0.0,0.0,-0.010691221156939814,-0.01209396398300408,0.004115640613259123,-0.72,-0.0,0.0
14.641725540161133,0.0,0.0,0.0,-0.005516335970897597,-0.015543970988768667,-0.004142377047670618,-0.72,-0.0,0.0
14.641765832901001,0.0,0.0,0.0,-0.004947738982818896,-0.01565352052014832,-0.0031852439134607198,-0.72,-0.0,0.0
14.641807556152344,0.0,0.0,0.0,-0.0056065992842904205,-0.014197559123703601,0.009085877127425692,-0.72,-0.0,0.0
14.64184856414795,0.0,0.0,0.0,-0.006267651904745291,-0.008026979507888285,-0.001772469051151409,-0.72,-0.0,0.0
14.64188814163208,0.0,0.0,0.0,-0.0074805823722216115,-0.008369167809890997,0.003595160542035193,-0.72,-0.0,0.0
14.641926527023315,0.0,0.0,0.0,-0.012873616980111559,-0.009489932071759733,-0.000984837494424393,-0.72,-0.0,0.0
14.683067321777344,0.0,0.0,0.0,-0.012671151211830146,-0.007525451002916684,-0.004845844406108842,-0.72,-0.0,0.0
14.683204174041748,0.0,0.0,0.0,-0.01765316220204629,-0.015970715867230686,-0.007489314415601803,-0.72,-0.0,0.0
14.683257341384888,0.0,0.0,0.0,-0.02110379929615786,-0.01735683184983839,-0.00821982818927972,-0.72,-0.0,0.0
14.68330192565918,0.0,0.0,0.0,-0.0171838465366851,-0.01134407138223336,0.0008637206563469497,-0.72,-0.0,0.0
14.68334674835205,0.0,0.0,0.0,-0.011107238902084404,-0.01495047399215025,-0.0005332428738525306,-0.72,-0.0,0.0
14.683399200439453,0.0,0.0,0.0,-0.01686884696769092,-0.014730064520750999,0.002557345533515432,-0.72,-0.0,0.0
14.68344783782959,0.0,0.0,0.0,-0.009269097835813927,-0.013742669968131442,-0.0007898316716957346,-0.72,-0.0,0.0
14.683488368988037,0.0,0.0,0.0,-0.00941579527990265,-0.012162988233817666,0.008541078985596738,-0.72,-0.0,0.0
14.683526992797852,0.0,0.0,0.0,-0.009782109392949762,-0.019662746370545645,0.013133845106140917,-0.72,-0.0,0.0
14.683565616607666,0.0,0.0,0.0,0.001451796224276143,-0.020592092668649028,0.007417745998495004,-0.72,-0.0,0.0
14.72478723526001,0.0,0.0,0.0,-0.001958105331140215,-0.006968122227263526,-0.004330353451235844,-0.72,-0.0,0.0
14.724928379058838,0.0,0.0,0.0,-0.0073275860728357015,-0.010526497814133498,0.005239772639631527,-0.72,-0.0,0.0
14.724984645843506,0.0,0.0,0.0,-0.005716686353037228,-0.0030920892275110488,-0.00452857132183811,-0.72,-0.0,0.0
14.725032091140747,0.0,0.0,0.0,-0.00799178591146685,0.002018047584713741,0.001337443382811969,-0.72,-0.0,0.0
14.725077867507935,0.0,0.0,0.0,-0.012267186944283396,0.00910841783236717,-0.007018643568051104,-0.72,-0.0,0.0
14.725122690200806,0.0,0.0,0.0,-0.012987985991519638,-0.0015758572128953252,-0.004380363475039383,-0.72,-0.0,0.0
14.725165605545044,0.0,0.0,0.0,-0.013274314988120837,-0.007928290690009172,-0.00011068166641427338,-0.72,-0.0,0.0
14.725210189819336,0.0,0.0,0.0,-0.020173802585328478,-0.002988536244149219,-0.008561740681594375,-0.72,-0.0,0.0
14.72524905204773,0.0,0.0,0.0,-0.017816603030138895,-0.011483326467549905,0.003267745091368037,-0.72,-0.0,0.0
14.725287437438965,0.0,0.0,0.0,-0.016573650026785486,-0.015385257126722028,0.003844088682848475,-0.72,-0.0,0.0
14.766352653503418,0.0,0.0,0.0,-0.01458475015715812,-0.011252095961485686,-0.002907314021280757,-0.72,-0.0,0.0
14.76648759841919,0.0,0.0,0.0,-0.01229919694695813,-0.013849862903334405,0.0030527128453928564,-0.72,-0.0,0.0
14.766545534133911,0.0,0.0,0.0,-0.010093988880014528,-0.019226077002231216,0.006316818886326248,-0.72,-0.0,0.0
14.76659107208252,0.0,0.0,0.0,-0.005637115770159747,-0.011285128305816019,-0.00347905666050649,-0.72,-0.0,0.0
14.766634702682495,0.0,0.0,0.0,-0.007260016371911501,-0.019461435323738414,-0.004877592594963149,-0.72,-0.0,0.0
14.766675233840942,0.0,0.0,0.0,-0.0014224912055535084,-0.013010150599903954,-0.0019336421286801552,-0.72,-0.0,0.0
14.766717433929443,0.0,0.0,0.0,-0.007766484596056031,-0.014540799281237141,-0.009235514158596896,-0.72,-0.0,0.0
14.766763687133789,0.0,0.0,0.0,-0.010127477045135598,-0.018302992693523604,-0.0007629586976664171,-0.72,-0.0,0.0
14.766807556152344,0.0,0.0,0.0,-0.009493939578409213,-0.019286459194260617,-0.002804246289340665,-0.72,-0.0,0.0
14.766845703125,0.0,0.0,0.0,-0.013265888183493712,-0.0186221241756423,-0.0030817503558040024,-0.72,-0.0,0.0
14.80800986289978,0.0,0.0,0.0,-0.007017523095387439,-0.01945966420192265,-0.00440344655871198,-0.72,-0.0,0.0
14.808184385299683,0.0,0.0,0.0,-0.00783250053153454,-0.009421865851954005,-0.012681692156032872,-0.72,-0.0,0.0
14.808250665664673,0.0,0.0,0.0,-0.00812815574266512,-0.018970477499899233,-0.004038118522044159,-0.72,-0.0,0.0
14.80829405784607,0.0,0.0,0.0,-0.00406947238673607,-0.02697426627205842,-0.008121136452171879,-0.72,-0.0,0.0
14.808337450027466,0.0,0.0,0.0,0.0025403580751101667,-0.028705707424685298,-0.008750884975127028,-0.72,-0.0,0.0
14.808382272720337,0.0,0.0,0.0,-0.00038358352137207,-0.025769970898080117,-0.01539878510482196,-0.72,-0.0,0.0
14.808427810668945,0.0,0.0,0.0,-0.000921117831498494,-0.023922557968488134,-0.013255928484226078,-0.72,-0.0,0.0
14.808471202850342,0.0,0.0,0.0,0.001063086491827387,-0.02079828512303363,-0.00014720870184602633,-0.72,-0.0,0.0
14.808512449264526,0.0,0.0,0.0,-0.0033881843273267263,-0.02323361231726459,-0.003342282808333219,-0.72,-0.0,0.0
14.808549642562866,0.0,0.0,0.0,-0.0015105812000943473,-0.020634921806883613,-0.013671617897585578,-0.72,-0.0,0.0
14.849793434143066,0.0,0.0,0.0,-0.004411195028632777,-0.010643658961022553,-0.0033424837435956246,-0.72,-0.0,0.0
14.84992265701294,0.0,0.0,0.0,-0.003589185363471072,-0.0019229565807262988,-0.01376345785218665,-0.72,-0.0,0.0
14.849974155426025,0.0,0.0,0.0,-0.001642862350159179,-0.017960978116517912,-0.0013892191015562004,-0.72,-0.0,0.0
14.850016355514526,0.0,0.0,0.0,0.0004599815638047356,-0.016210131608637324,-0.01306116223039895,-0.72,-0.0,0.0
14.850059986114502,0.0,0.0,0.0,-0.002355992607173571,-0.016021268157621452,-0.023323598356852403,-0.72,-0.0,0.0
14.85010290145874,0.0,0.0,0.0,-0.007299614370648803,-0.011666704799652237,-0.010368634336443019,-0.72,-0.0,0.0
14.850144147872925,0.0,0.0,0.0,-0.0031082816273961243,-0.015828299700896383,-0.008578330973186157,-0.72,-0.0,0.0
14.850187540054321,0.0,0.0,0.0,0.004271538561781786,-0.0127129702921218,-0.006162380193244512,-0.72,-0.0,0.0
14.850227117538452,0.0,0.0,0.0,0.006820590600597097,-0.01983654928404793,0.003014036493827358,-0.72,-0.0,0.0
14.850267887115479,0.0,0.0,0.0,-0.0012608674666943244,-0.026140323051763666,-0.01043901719224381,-0.72,-0.0,0.0
14.901471853256226,0.0,0.0,0.0,0.002776570332969436,-0.018591804305886337,-0.00670992347865148,-0.72,-0.0,0.0
14.90160608291626,0.0,0.0,0.0,-0.007270205789346286,-0.011976369177739945,0.000727713924392839,-0.72,-0.0,0.0
14.901662826538086,0.0,0.0,0.0,-0.002613950797954926,-0.006795463235954474,-0.009541417251577563,-0.72,-0.0,0.0
14.901901483535767,0.0,0.0,0.0,0.0017015851358030026,-0.014755267704142568,-0.007626035446638093,-0.72,-0.0,0.0
14.90196442604065,0.0,0.0,0.0,-0.00037086606283635854,-0.01943284083641844,-0.0059242943911014655,-0.72,-0.0,0.0
14.90201735496521,0.0,0.0,0.0,-0.009422553219648508,-0.02023054082901003,0.005144097384306948,-0.72,-0.0,0.0
14.902061700820923,0.0,0.0,0.0,-0.01593707582520734,-0.006762815166933581,-0.001021586173821894,-0.72,-0.0,0.0
14.902101755142212,0.0,0.0,0.0,-0.011977528101892614,-0.016378291411407824,-0.0074172360154672635,-0.72,-0.0,0.0
14.90213918685913,0.0,0.0,0.0,-0.010873106265776741,-0.012080511478694295,0.00019189137953931366,-0.72,-0.0,0.0
14.902186632156372,0.0,0.0,0.0,-0.00911903057351376,-0.0035816397498776107,-0.011667598860403135,-0.72,-0.0,0.0
14.943024158477783,0.0,0.0,0.0,-0.01114933281160997,-0.006923706979969021,-0.001480879558107846,-0.72,-0.0,0.0
14.943164825439453,0.0,0.0,0.0,-0.017143367153018788,-0.007748745562564656,0.003502551085138437,-0.72,-0.0,0.0
14.943252086639404,0.0,0.0,0.0,-0.009506913401199253,-0.00026448649529216045,0.0044638819474457705,-0.72,-0.0,0.0
14.943305969238281,0.0,0.0,0.0,-0.014383465831866081,-0.006073766870972337,0.009772884999309743,-0.72,-0.0,0.0
14.94337248802185,0.0,0.0,0.0,-0.014665150598018078,-0.002993492508194863,-0.0028545763618591556,-0.72,-0.0,0.0
14.943432092666626,0.0,0.0,0.0,-0.010790140867338012,-0.012951189086692193,-0.0016759376787971781,-0.72,-0.0,0.0
14.94348955154419,0.0,0.0,0.0,-0.009290342390192038,-0.008921553397029665,-0.009211710003761845,-0.72,-0.0,0.0
14.943530797958374,0.0,0.0,0.0,-0.01857036312369551,-0.009993017505395196,-0.011257480566452517,-0.72,-0.0,0.0
14.943589925765991,0.0,0.0,0.0,-0.01905931127499855,-0.011257362570195344,-0.0037285979277783925,-0.72,-0.0,0.0
14.943647146224976,0.0,0.0,0.0,-0.021549899884538207,-0.02640355179190629,-0.007275920032389606,-0.72,-0.0,0.0
14.984777212142944,0.0,0.0,0.0,-0.015642462268742444,-0.02746913665044267,-0.005125863614100478,-0.72,-0.0,0.0
14.984918117523193,0.0,0.0,0.0,-0.00889021015959043,-0.027949545752039825,-0.016680475923651704,-0.72,-0.0,0.0
14.984977006912231,0.0,0.0,0.0,-0.012665496896864954,-0.009373341392036322,-0.0028071531600092343,-0.72,-0.0,0.0
14.985032796859741,0.0,0.0,0.0,-0.009241816674926635,0.0004206690695683823,-0.013573975556518405,-0.72,-0.0,0.0
14.985075950622559,0.0,0.0,0.0,-0.007127349523739812,-0.001978983459016365,-0.00966707268524285,-0.72,-0.0,0.0
14.985122680664062,0.0,0.0,0.0,-0.006182577028732856,-0.005105928947200832,-0.019209777461326034,-0.72,-0.0,0.0
14.985164880752563,0.0,0.0,0.0,-0.01524541509550683,-0.009834804053427654,-0.01560030231925971,-0.72,-0.0,0.0
14.985206127166748,0.0,0.0,0.0,-0.01583805488548411,-0.007220577371168739,-0.016463967165411784,-0.72,-0.0,0.0
14.9852454662323,0.0,0.0,0.0,-0.023003749769654466,-0.017320212188692983,-0.014569032844775117,-0.72,-0.0,0.0
14.985282182693481,0.0,0.0,0.0,-0.011547071135502194,-0.015922661569996128,-0.01962593172891927,-0.72,-0.0,0.0
15.026351690292358,0.0,0.0,0.0,-0.015374415128038027,-0.008984772163359255,-0.014178739858553936,-0.72,-0.0,0.0
15.026484489440918,0.0,0.0,0.0,-0.012109770269915648,-0.010134306123225297,-0.004254156709645966,-0.72,-0.0,0.0
15.026538372039795,0.0,0.0,0.0,-0.016649978872681676,-0.006814775005772043,-0.01048902889190188,-0.72,-0.0,0.0
15.026588916778564,0.0,0.0,0.0,-0.011252081626357439,-0.013862972794828041,-0.01490295769416769,-0.72,-0.0,0.0
15.026626586914062,0.0,0.0,0.0,-0.013824263727861146,-0.015665897311308706,-0.0006977293742844408,-0.72,-0.0,0.0
15.026668548583984,0.0,0.0,0.0,-0.005886944886117753,-0.008714499385622465,0.0018745640368374008,-0.72,-0.0,0.0
15.026708841323853,0.0,0.0,0.0,-0.0075769265820787935,-0.014245894456171686,-0.013362633790260807,-0.72,-0.0,0.0
15.026753664016724,0.0,0.0,0.0,-0.004363859703053554,-0.00604633232318289,0.00283378231805984,-0.72,-0.0,0.0
15.0267915725708,0.0,0.0,0.0,-0.013717091942591634,-0.013868372733129452,-0.005201863395607453,-0.72,-0.0,0.0
15.026830434799194,0.0,0.0,0.0,-0.003844416580680287,-0.009432624206921817,-0.015311631040913284,-0.72,-0.0,0.0
15.067878246307373,0.0,0.0,0.0,-0.005088404210115472,0.00026072194688552414,-0.015264140239075342,-0.72,-0.0,0.0
15.067973613739014,0.0,0.0,0.0,-0.013121657249585085,-0.005744616276525731,-0.008409096653245773,-0.72,-0.0,0.0
15.067999124526978,0.0,0.0,0.0,-0.006136923972473605,-0.005577961010460159,0.0036186272825949627,-0.72,-0.0,0.0
15.06801986694336,0.0,0.0,0.0,0.0020428451578237174,-0.014854646439017396,-0.008380178897547295,-0.72,-0.0,0.0
15.068037748336792,0.0,0.0,0.0,0.0022946450993564732,-0.003406632658861749,-0.016662053392808743,-0.72,-0.0,0.0
15.068055391311646,0.0,0.0,0.0,0.0036272322810842307,0.001319084234404458,-0.023423746839039375,-0.72,-0.0,0.0
15.068073034286499,0.0,0.0,0.0,0.00648013152175133,0.005590446588416348,-0.021054569423686546,-0.72,-0.0,0.0
15.068103313446045,0.0,0.0,0.0,-0.00037418529352726876,0.005428693270126283,-0.012047463440788757,-0.72,-0.0,0.0
15.068179368972778,0.0,0.0,0.0,-0.0025229261407356076,-0.0027514252082284437,-0.015498034876481022,-0.72,-0.0,0.0
15.109334707260132,0.0,0.0,0.0,-0.007019997947690377,-0.013986797499389058,-0.023131060908296145,-0.72,-0.0,0.0
15.10947036743164,0.0,0.0,0.0,-0.005419006249750644,-0.008301131320028726,-0.019647436715012512,-0.72,-0.0,0.0
15.109523296356201,0.0,0.0,0.0,-0.009265112597586585,-0.00632082902960221,-0.007215043865946142,-0.72,-0.0,0.0
15.10956597328186,0.0,0.0,0.0,-0.006629060871507504,-0.005673679836963766,0.0005754133390479476,-0.72,-0.0,0.0
15.109609127044678,0.0,0.0,0.0,-0.003764594485124198,-0.010153119798626493,-0.003659912178638536,-0.72,-0.0,0.0
15.1096510887146,0.0,0.0,0.0,0.005201271366836887,-0.014451145880713175,0.0006072974022424941,-0.72,-0.0,0.0
15.109696865081787,0.0,0.0,0.0,-0.008527311422184082,-0.009968321919913684,-0.006560789364244299,-0.72,-0.0,0.0
15.109747886657715,0.0,0.0,0.0,-0.005304062302049896,-0.012776190214194778,-0.014258977435426808,-0.72,-0.0,0.0
15.109788417816162,0.0,0.0,0.0,-0.0018065102755479771,-0.01856312770286427,-0.010727490806524511,-0.72,-0.0,0.0
15.109827280044556,0.0,0.0,0.0,0.0009544295371964381,-0.01553229323310108,-0.004351612025329532,-0.72,-0.0,0.0
15.151044845581055,0.0,0.0,0.0,0.00769650594667173,-0.0066948064705135415,-0.008651170258388314,-0.72,-0.0,0.0
15.151176691055298,0.0,0.0,0.0,0.001276092084525547,0.0005927794864762036,0.004452455459104565,-0.72,-0.0,0.0
15.15123438835144,0.0,0.0,0.0,-0.012251106762156273,-0.009592792221675835,-0.005485154298387446,-0.72,-0.0,0.0
15.15127968788147,0.0,0.0,0.0,-0.006136467184127426,-0.009584392364623297,-0.0018546639482522225,-0.72,-0.0,0.0
15.151320934295654,0.0,0.0,0.0,-0.003957540428719511,-0.0029345820759812467,0.0017897904704745973,-0.72,-0.0,0.0
15.151361465454102,0.0,0.0,0.0,-0.01174304569111529,-0.004054307097760024,0.0007706098219456703,-0.72,-0.0,0.0
15.151403903961182,0.0,0.0,0.0,-0.015620681036142623,-0.012889929107611189,0.00015840099223669466,-0.72,-0.0,0.0
15.151443243026733,0.0,0.0,0.0,-0.014654504692247064,-0.008332231885165872,-0.00939463812085788,-0.72,-0.0,0.0
15.151483058929443,0.0,0.0,0.0,-0.01068989835078248,-0.007652988314313303,-0.01595130108961961,-0.72,-0.0,0.0
15.1515212059021,0.0,0.0,0.0,-0.00881369495237724,-0.01788358862932819,-0.02349042433385475,-0.72,-0.0,0.0
15.202962636947632,0.0,0.0,0.0,-0.014367196188764092,-0.013012890409489492,-0.013199012350051048,-0.72,-0.0,0.0
15.203097343444824,0.0,0.0,0.0,-0.014999007168280785,-0.010358791517359673,-0.003443749837275044,-0.72,-0.0,0.0
15.203153610229492,0.0,0.0,0.0,-0.01232993135026828,-0.011869800892417348,-0.009553637840608127,-0.72,-0.0,0.0
15.2031991481781,0.0,0.0,0.0,-0.004708402508915632,-0.011557470722642637,-0.010924139437297774,-0.72,-0.0,0.0
15.203241109848022,0.0,0.0,0.0,-0.004290187708024042,-0.009448096721795422,0.002893172771336893,-0.72,-0.0,0.0
15.203282356262207,0.0,0.0,0.0,-0.007934144705056021,-0.0106821744048653,0.007580777719698737,-0.72,-0.0,0.0
15.203526973724365,0.0,0.0,0.0,-0.00900286780105376,-0.008165861684132277,-0.0018458820063633355,-0.72,-0.0,0.0
15.203584671020508,0.0,0.0,0.0,-0.00502909261955114,-0.011471723629607307,-0.012705445232464715,-0.72,-0.0,0.0
15.203631401062012,0.0,0.0,0.0,-0.004419291180367939,-0.0069299633020178065,-0.0167309467889003,-0.72,-0.0,0.0
15.203679323196411,0.0,0.0,0.0,0.002920007104369901,-0.014452588953759666,-0.00534175549980774,-0.72,-0.0,0.0
15.244983196258545,0.0,0.0,0.0,0.00465241674662893,-0.016823863281741066,-0.014817870868417939,-0.72,-0.0,0.0
15.245124101638794,0.0,0.0,0.0,0.00012402187292362277,-0.012488119151007324,-0.012819117262809838,-0.72,-0.0,0.0
15.245193243026733,0.0,0.0,0.0,0.005950139785548304,-0.002674028374539325,-0.014017693353810494,-0.72,-0.0,0.0
15.245240926742554,0.0,0.0,0.0,0.002762644762555167,-0.0035784930982943794,-0.0018003618306636957,-0.72,-0.0,0.0
15.24528956413269,0.0,0.0,0.0,-0.00901495570387216,-0.0013395734649837637,-0.0012238540437246594,-0.72,-0.0,0.0
15.245328664779663,0.0,0.0,0.0,-0.005496969738863919,-0.008655569616546104,-0.00850237323826479,-0.72,-0.0,0.0
15.24537205696106,0.0,0.0,0.0,-0.015339617754679699,-0.004526482412791946,-0.013752133832005775,-0.72,-0.0,0.0
15.245414018630981,0.0,0.0,0.0,-0.017777550693814936,-0.009598180621149683,-0.020935906358843726,-0.72,-0.0,0.0
15.245453119277954,0.0,0.0,0.0,-0.014133891752422145,-0.014122199979659642,-0.020818084204397035,-0.72,-0.0,0.0
15.245493650436401,0.0,0.0,0.0,-0.011282175331674088,-0.0016500803964310227,-0.007368432384375313,-0.72,-0.0,0.0
15.286710262298584,0.0,0.0,0.0,-0.009305570145234386,-0.0016789440825201929,0.002791610667859012,-0.72,-0.0,0.0
15.286843061447144,0.0,0.0,0.0,-0.008470388234509395,-0.010939687327169066,0.002710720172769117,-0.72,-0.0,0.0
15.286880493164062,0.0,0.0,0.0,-0.0032759594262800865,-0.013765729636629448,0.00444216435315804,-0.72,-0.0,0.0
15.28691053390503,0.0,0.0,0.0,-0.004555703746802623,-0.01230217885367018,0.01314292200025149,-0.72,-0.0,0.0
15.286937713623047,0.0,0.0,0.0,-0.010784258466718311,-0.006719530013131414,0.015616545504076285,-0.72,-0.0,0.0
15.286957502365112,0.0,0.0,0.0,-0.0063980891362991725,-0.004174349555492244,0.015662842648386754,-0.72,-0.0,0.0
15.286975860595703,0.0,0.0,0.0,-0.004252149666218223,-0.013831874486148478,0.018627855187098676,-0.72,-0.0,0.0
15.286993980407715,0.0,0.0,0.0,-0.006613569300785259,-0.009173794616078068,0.019916075240833445,-0.72,-0.0,0.0
15.287012338638306,0.0,0.0,0.0,-0.011527967866006749,-0.011695035995428255,0.007714117818198038,-0.72,-0.0,0.0
15.287028789520264,0.0,0.0,0.0,-0.007299310898868933,-0.0004096796316919067,0.00016593178801628593,-0.72,-0.0,0.0
15.328415155410767,0.0,0.0,0.0,-0.014317353157952212,-0.013796343547367614,0.00944155714414988,-0.72,-0.0,0.0
15.328567504882812,0.0,0.0,0.0,-0.008103096744863935,-0.0048389853533673775,0.011661444992842888,-0.72,-0.0,0.0
15.328631162643433,0.0,0.0,0.0,-0.007752419518320106,-0.01583191063996528,0.015232438943017226,-0.72,-0.0,0.0
15.328824520111084,0.0,0.0,0.0,-0.013311339557087775,-0.015871296642294527,-0.0010143459107162436,-0.72,-0.0,0.0
15.328895568847656,0.0,0.0,0.0,-0.01550794883173752,-0.016696463339363348,-0.008277769348389185,-0.72,-0.0,0.0
15.328964710235596,0.0,0.0,0.0,-0.018241091868109877,-0.0069504242574378655,-0.015708810972362104,-0.72,-0.0,0.0
15.329014778137207,0.0,0.0,0.0,-0.012931528303986028,-0.0032125927101436516,-0.022503832442735256,-0.72,-0.0,0.0
15.329060554504395,0.0,0.0,0.0,-0.016004071856516432,-0.01593056791772639,-0.02626306729087132,-0.72,-0.0,0.0
15.329163074493408,0.0,0.0,0.0,-0.014797600412518565,-0.01988823369639415,-0.01517780097647328,-0.72,-0.0,0.0
15.329207181930542,0.0,0.0,0.0,-0.01133685514083135,-0.011145789943872358,-0.022741941499542243,-0.72,-0.0,0.0
15.370398044586182,0.0,0.0,0.0,-0.0012351267106354492,-0.007704544066088389,-0.019855512644657076,-0.72,-0.0,0.0
15.37049126625061,0.0,0.0,0.0,-0.011382491791255257,-0.017533338916312407,-0.02358440345143307,-0.72,-0.0,0.0
15.370517492294312,0.0,0.0,0.0,-0.012366573479495723,-0.015851994737549297,-0.02923186257614875,-0.72,-0.0,0.0
15.370537042617798,0.0,0.0,0.0,-0.007127979396680332,-0.006524531487660805,-0.019301290002910844,-0.72,-0.0,0.0
15.370555400848389,0.0,0.0,0.0,-0.017075455142403606,-0.015940364543276533,-0.019370003624104754,-0.72,-0.0,0.0
15.370577573776245,0.0,0.0,0.0,-0.01220170537122753,-0.012934274287717455,-0.020564110746530268,-0.72,-0.0,0.0
15.370596885681152,0.0,0.0,0.0,-0.00973496407793638,-0.015553862073450019,-0.010817892808715583,-0.72,-0.0,0.0
15.370614767074585,0.0,0.0,0.0,-0.006641941774546845,-0.008336174193417095,-0.008719306687594667,-0.72,-0.0,0.0
15.370631456375122,0.0,0.0,0.0,-0.005187839838944142,-0.016676569395280685,-0.007508702240761045,-0.72,-0.0,0.0
15.37064814567566,0.0,0.0,0.0,-0.002442662736428688,-0.018616355269174573,-0.015645271912367052,-0.72,-0.0,0.0
15.411735534667969,0.0,0.0,0.0,0.005958319782791857,-0.011577393762267562,-0.015120588937044419,-0.72,-0.0,0.0
15.41184139251709,0.0,0.0,0.0,-0.0022316129856886483,-0.01567747826951649,-0.020222450935810314,-0.72,-0.0,0.0
15.411879301071167,0.0,0.0,0.0,-0.0007547913345384767,-0.015218374394146543,-0.012846499361637195,-0.72,-0.0,0.0
15.411910057067871,0.0,0.0,0.0,0.002847410422408095,-0.015431629744635272,-0.014415444672101515,-0.72,-0.0,0.0
15.411938667297363,0.0,0.0,0.0,0.0005846362177122644,-0.01877871385204139,-0.012363909862421644,-0.72,-0.0,0.0
15.411970853805542,0.0,0.0,0.0,0.005657221748769315,-0.014655809681259048,-0.01597452344219787,-0.72,-0.0,0.0
15.41199016571045,0.0,0.0,0.0,-0.005878244776573778,-0.006388834939827187,-0.014948880832501312,-0.72,-0.0,0.0
15.412007808685303,0.0,0.0,0.0,-0.0017569460496938594,-6.645021818985854e-06,-0.007566737074566709,-0.72,-0.0,0.0
15.412035703659058,0.0,0.0,0.0,-0.0012673803688791345,-0.011573706407285054,-0.0018249463275938137,-0.72,-0.0,0.0
15.412052631378174,0.0,0.0,0.0,-0.005464789620536724,-0.006687096072016106,0.006397967360298424,-0.72,-0.0,0.0
15.453267097473145,0.0,0.0,0.0,-0.0023980365922302814,-0.006846328107983292,0.016011434373616882,-0.72,-0.0,0.0
15.45338487625122,0.0,0.0,0.0,0.0011300822871164848,-0.013379928638150723,0.01179613956925963,-0.72,-0.0,0.0
15.453423023223877,0.0,0.0,0.0,0.0006485921346081746,-0.01780978627394547,0.0017585723583170955,-0.72,-0.0,0.0
15.45345425605774,0.0,0.0,0.0,0.0032233870383352116,-0.015683464181505458,-0.0016530741076947945,-0.72,-0.0,0.0
15.453482151031494,0.0,0.0,0.0,-0.006042544895286265,-0.0024928178189977243,-0.005707276248667633,-0.72,-0.0,0.0
15.453508377075195,0.0,0.0,0.0,-0.001818361187721581,-0.008410346294425197,-0.01566833679778024,-0.72,-0.0,0.0
15.45353651046753,0.0,0.0,0.0,-0.008306260363935659,0.0023638628756673242,-0.01242307646396263,-0.72,-0.0,0.0
15.45357346534729,0.0,0.0,0.0,-0.012599242261961949,-0.012271003982997821,-0.01949000361934715,-0.72,-0.0,0.0
15.453601837158203,0.0,0.0,0.0,-0.014608930106464886,-0.016455605221268512,-0.00076377911789142,-0.72,-0.0,0.0
15.453626871109009,0.0,0.0,0.0,-0.013351828585989533,-0.018828813457588106,0.007391785152484626,-0.72,-0.0,0.0
15.505039930343628,0.0,0.0,0.0,-0.011993550214255744,-0.00833736621062523,-0.0021747278949427614,-0.72,-0.0,0.0
15.505151510238647,0.0,0.0,0.0,-0.004391951022096787,-0.000942055971706762,-0.010136816235582343,-0.72,-0.0,0.0
15.505186080932617,0.0,0.0,0.0,-0.003888211628497487,-0.019523874599222023,-0.014922824910104418,-0.72,-0.0,0.0
15.5052170753479,0.0,0.0,0.0,-0.0010469150506840755,-0.00864405349953046,-0.0022415421714671387,-0.72,-0.0,0.0
15.505242109298706,0.0,0.0,0.0,0.00452300016565177,-0.011510701096793693,-0.0035833295556910874,-0.72,-0.0,0.0
15.505266189575195,0.0,0.0,0.0,0.0021585000632145406,-0.008335224824257133,0.001365008088576094,-0.72,-0.0,0.0
15.505294799804688,0.0,0.0,0.0,-0.007305054331859382,-0.004575558079249291,-0.0010600847173321574,-0.72,-0.0,0.0
15.505323886871338,0.0,0.0,0.0,-0.015178953358656735,-0.008404877899394262,-0.0068227250194257735,-0.72,-0.0,0.0
15.505513668060303,0.0,0.0,0.0,-0.014762267571694266,-0.004479903355581278,-0.007220738620253051,-0.72,-0.0,0.0
15.505556106567383,0.0,0.0,0.0,-0.016469160643046845,-0.00393924820328421,0.009314943278146727,-0.72,-0.0,0.0
15.546502828598022,0.0,0.0,0.0,-0.012700190766117973,0.00446911613422325,0.0037423495867727227,-0.72,-0.0,0.0
15.546608209609985,0.0,0.0,0.0,-0.014471456668654006,-0.007018253133835318,0.014583416570382061,-0.72,-0.0,0.0
15.546633958816528,0.0,0.0,0.0,-0.011329024761992147,-0.011241713907172135,0.00863244167426853,-0.72,-0.0,0.0
15.54665756225586,0.0,0.0,0.0,-0.01321694236511125,-0.016014360756530233,0.015608835754175014,-0.72,-0.0,0.0
15.546678066253662,0.0,0.0,0.0,-0.015214364087904117,-0.022528021115767176,0.007086203117500625,-0.72,-0.0,0.0
15.546697854995728,0.0,0.0,0.0,-0.014797944473392331,-0.0035691360426470895,-0.0067832756286719635,-0.72,-0.0,0.0
15.546719074249268,0.0,0.0,0.0,-0.01431725947602786,-0.003466145895568756,-0.01766762697866468,-0.72,-0.0,0.0
15.546736001968384,0.0,0.0,0.0,-0.012246365459907366,-0.012255219135095759,-0.015512002743584049,-0.72,-0.0,0.0
15.546752691268921,0.0,0.0,0.0,-0.011905165126699632,-0.01693104882353769,-0.007944534408991726,-0.72,-0.0,0.0
15.546768426895142,0.0,0.0,0.0,-0.010662470431778268,-0.017354343423232096,-0.01727553885147879,-0.72,-0.0,0.0
15.58792757987976,0.0,0.0,0.0,-0.002859445031386558,-0.007888063897203507,-0.021039132824262043,-0.72,-0.0,0.0
15.588020324707031,0.0,0.0,0.0,-0.005723270367407191,-0.005158263016909514,-0.02573196728208948,-0.72,-0.0,0.0
15.588045120239258,0.0,0.0,0.0,-0.012732952205710824,-0.00011688969648963156,-0.01427187990736817,-0.72,-0.0,0.0
15.588067770004272,0.0,0.0,0.0,-0.0059697678307240425,-0.00966924034982316,-0.002361330294468453,-0.72,-0.0,0.0
15.588085889816284,0.0,0.0,0.0,-0.006187733178636253,-0.002504090983118282,-0.007971364970024096,-0.72,-0.0,0.0
15.588103294372559,0.0,0.0,0.0,-0.0016535116292469658,-0.0013414287685440233,-0.0093829125781958,-0.72,-0.0,0.0
15.588143825531006,0.0,0.0,0.0,-0.00020103997515749116,7.730773745755198e-06,-0.006052139410402964,-0.72,-0.0,0.0
15.588170766830444,0.0,0.0,0.0,-0.006122619360080981,-0.006147690527415717,-0.008011202203345105,-0.72,-0.0,0.0
15.588188171386719,0.0,0.0,0.0,-0.009159307253332331,-0.002842440915351243,-0.0061834569649310295,-0.72,-0.0,0.0
15.588207006454468,0.0,0.0,0.0,-0.01259211203449943,-0.002728697455286661,-0.007931359761713904,-0.72,-0.0,0.0
15.62922739982605,0.0,0.0,0.0,-0.00858873647207524,-0.0059293543631615655,0.0034719576830918816,-0.72,-0.0,0.0
15.62932300567627,0.0,0.0,0.0,-0.0018084021627857323,-0.008542004974927958,-0.004596268816206304,-0.72,-0.0,0.0
15.629350185394287,0.0,0.0,0.0,-0.0026796740610240334,-0.002353381753243638,-0.014068357873203003,-0.72,-0.0,0.0
15.629371404647827,0.0,0.0,0.0,-0.008318851163248046,-0.0036776368402170277,-0.00819797959217577,-0.72,-0.0,0.0
15.629392623901367,0.0,0.0,0.0,-0.012418128104464831,-0.0066289327187078265,0.002083185682349774,-0.72,-0.0,0.0
15.629409551620483,0.0,0.0,0.0,-0.006466996265794969,-0.0052528981112166875,0.008399949457101943,-0.72,-0.0,0.0
15.629425525665283,0.0,0.0,0.0,-0.009431297742343223,-0.018350341212572303,0.011800222464281427,-0.72,-0.0,0.0
15.629441738128662,0.0,0.0,0.0,-0.006959043007306475,-0.018926396603751273,0.012546475636979772,-0.72,-0.0,0.0
15.629457950592041,0.0,0.0,0.0,-0.005481561171691406,-0.004825872461124561,0.003017706439951656,-0.72,-0.0,0.0
15.670873880386353,0.0,0.0,0.0,-0.008517754967323661,-0.002513496811449916,-0.004696550745053501,-0.72,-0.0,0.0
15.670990943908691,0.0,0.0,0.0,-0.012077819844632675,-0.011118543259640325,-0.017132565884226895,-0.72,-0.0,0.0
15.671015977859497,0.0,0.0,0.0,-0.002844431097789853,-0.0011929772183978619,-0.013744089208963408,-0.72,-0.0,0.0
15.671038627624512,0.0,0.0,0.0,0.0019262940108066555,-0.007478178065445412,0.00024846196156686455,-0.72,-0.0,0.0
15.671059131622314,0.0,0.0,0.0,-0.004178755472073603,-0.015983623857719145,-0.005185698514804269,-0.72,-0.0,0.0
15.671076536178589,0.0,0.0,0.0,-0.006260038949937422,-0.024937147878260547,-0.010413506737631561,-0.72,-0.0,0.0
15.671094179153442,0.0,0.0,0.0,-0.010685913450253343,-0.02825441971013954,-0.011035107184543605,-0.72,-0.0,0.0
15.671111583709717,0.0,0.0,0.0,-0.005360550963000685,-0.02234103526713794,-0.006260827662091972,-0.72,-0.0,0.0
15.671129703521729,0.0,0.0,0.0,-0.0032867136958154956,-0.0075365910450987,-0.011908300488188472,-0.72,-0.0,0.0
15.671146631240845,0.0,0.0,0.0,-0.002644703666701377,-0.015320350969698563,-0.014473046784371307,-0.72,-0.0,0.0
15.712356090545654,0.0,0.0,0.0,-0.004649728183540974,-0.014116118905695882,0.004971264368754791,-0.72,-0.0,0.0
15.71246075630188,0.0,0.0,0.0,0.003114919741562059,-0.013937488961907557,-0.00115319383585545,-0.72,-0.0,0.0
15.712486028671265,0.0,0.0,0.0,-0.005071698676315406,-0.013221491712214891,-0.011322284231442421,-0.72,-0.0,0.0
15.71250605583191,0.0,0.0,0.0,0.004157692880622264,-0.00036299850101300567,-0.009175630825855265,-0.72,-0.0,0.0
15.712525606155396,0.0,0.0,0.0,0.0006454371456207344,0.00032176511758067383,0.006253533430366816,-0.72,-0.0,0.0
15.712543487548828,0.0,0.0,0.0,-0.006014226859037667,-0.004994710150620716,0.0027712732571864213,-0.72,-0.0,0.0
15.712595224380493,0.0,0.0,0.0,-0.008748283404481503,-0.00505739753563913,-0.00910889933384688,-0.72,-0.0,0.0
15.712616682052612,0.0,0.0,0.0,-0.001603783441225572,-0.004905413230612879,-0.009630225466603103,-0.72,-0.0,0.0
15.712633848190308,0.0,0.0,0.0,-0.005991451733800135,-0.004698713693117068,0.004896586792849848,-0.72,-0.0,0.0
15.712653398513794,0.0,0.0,0.0,-0.00460674564519063,-0.011000417017538497,0.015761410522841583,-0.72,-0.0,0.0
15.754095315933228,0.0,0.0,0.0,-0.008044408026128958,-0.008481704334294222,0.003460874823350973,-0.72,-0.0,0.0
15.754189491271973,0.0,0.0,0.0,-0.016597009411402977,-0.024059164430228812,-0.00493269766443567,-0.72,-0.0,0.0
15.75421404838562,0.0,0.0,0.0,-0.015582215291734878,-0.011964333203675948,0.0014020638435766081,-0.72,-0.0,0.0
15.754233598709106,0.0,0.0,0.0,-0.014706777228229998,-0.01904750020820553,-0.009246968151677587,-0.72,-0.0,0.0
15.754251718521118,0.0,0.0,0.0,-0.011475209102080872,-0.017776960055523636,-0.01285833645130806,-0.72,-0.0,0.0
15.754268884658813,0.0,0.0,0.0,-0.0006076993844053372,-0.013349507276552033,-0.015224391734341007,-0.72,-0.0,0.0
15.754287958145142,0.0,0.0,0.0,-0.008414690578875256,-0.014371351659553144,1.406391548082612e-05,-0.72,-0.0,0.0
15.754309892654419,0.0,0.0,0.0,-0.004690563690374825,-0.010784991118367001,0.0014399709184303804,-0.72,-0.0,0.0
15.754327058792114,0.0,0.0,0.0,-0.005070568683746795,-0.02509565836324189,-0.0050345610791360474,-0.72,-0.0,0.0
15.754343509674072,0.0,0.0,0.0,-0.004934433555588966,-0.0064262992340377465,-0.004263381676552646,-0.72,-0.0,0.0
15.805651187896729,0.0,0.0,0.0,0.0006775161390195672,-0.014670306094517102,-0.011047872823109458,-0.72,-0.0,0.0
15.805794954299927,0.0,0.0,0.0,-0.008099789196209248,-0.013955652167734336,-0.007138645014016731,-0.72,-0.0,0.0
15.80584716796875,0.0,0.0,0.0,-0.0038712367784580395,-0.013992291576587365,-0.016924862692600757,-0.72,-0.0,0.0
15.805892705917358,0.0,0.0,0.0,-0.003435542606166201,-0.014198267220923093,-0.015472569993247785,-0.72,-0.0,0.0
15.805933475494385,0.0,0.0,0.0,-0.0021686175958884678,-0.002601237846387003,-0.015622669692239018,-0.72,-0.0,0.0
15.805972337722778,0.0,0.0,0.0,-0.007986583336481749,-0.004833799744714596,-0.012252881952391886,-0.72,-0.0,0.0
15.806010484695435,0.0,0.0,0.0,-0.008246400873316432,-0.00896074325271847,-0.011814440871090256,-0.72,-0.0,0.0
15.806048154830933,0.0,0.0,0.0,-0.006698491964678225,-0.009032036039844154,-0.022523941456266947,-0.72,-0.0,0.0
15.806085109710693,0.0,0.0,0.0,-0.009906472270887067,-0.02243220794758203,-0.02290714512895681,-0.72,-0.0,0.0
15.806124687194824,0.0,0.0,0.0,-0.006351814715542891,-0.015880071356690145,-0.012752401845619972,-0.72,-0.0,0.0
15.847467184066772,0.0,0.0,0.0,-0.0016900813998824093,-0.017384760109814733,-0.012221189786485372,-0.72,-0.0,0.0
15.847701787948608,0.0,0.0,0.0,-0.0017295196225644593,-0.01642222665143145,-0.012751921208957871,-0.72,-0.0,0.0
15.847742319107056,0.0,0.0,0.0,-0.005028299181827846,-0.017292478522935844,-0.008348432688338788,-0.72,-0.0,0.0
15.84776258468628,0.0,0.0,0.0,0.00034577909351497945,-0.01736640344162165,-0.004036408884151742,-0.72,-0.0,0.0
15.847782135009766,0.0,0.0,0.0,-0.012340437568654937,-0.02242929505798935,-0.008089816693624198,-0.72,-0.0,0.0
15.847805738449097,0.0,0.0,0.0,-0.007049576799123399,-0.022777837703662283,-0.011050187082905108,-0.72,-0.0,0.0
15.847826719284058,0.0,0.0,0.0,-0.004442667903107603,-0.0213159060888197,-0.015829034825388288,-0.72,-0.0,0.0
15.847842931747437,0.0,0.0,0.0,-0.005765526558350272,-0.017111482772415774,-0.022206650942261524,-0.72,-0.0,0.0
15.847860097885132,0.0,0.0,0.0,0.002390741092176581,-0.02138871631013087,-0.013689578751426599,-0.72,-0.0,0.0
15.847877025604248,0.0,0.0,0.0,-0.002240032596505065,-0.019120528811849592,-0.016505844530185176,-0.72,-0.0,0.0
15.889285564422607,0.0,0.0,0.0,0.003122367612064692,-0.009763196518785941,-0.010660851377572684,-0.72,-0.0,0.0
15.88938307762146,0.0,0.0,0.0,0.006582008498891035,-0.007078858584649447,-0.0059723159954235055,-0.72,-0.0,0.0
15.889408111572266,0.0,0.0,0.0,0.0020728634118535004,-0.0014902924149134368,-0.00830178181101357,-0.72,-0.0,0.0
15.889428615570068,0.0,0.0,0.0,-0.005505783829323027,0.00021474287471647422,-0.011813740633778847,-0.72,-0.0,0.0
15.889447450637817,0.0,0.0,0.0,-0.010822017918478245,-0.002689856468442342,-0.012374200503965075,-0.72,-0.0,0.0
15.889464139938354,0.0,0.0,0.0,-0.010829468843974954,-0.013827051988282144,-0.0006261617558518183,-0.72,-0.0,0.0
15.88948130607605,0.0,0.0,0.0,-0.01434308568990345,-0.006963681945288732,0.0027384619018266236,-0.72,-0.0,0.0
15.889498710632324,0.0,0.0,0.0,-0.01544976287247473,-0.015593594005867701,0.008049823082494178,-0.72,-0.0,0.0
15.889521837234497,0.0,0.0,0.0,-0.012323838024408878,-0.02330627136789739,-0.003543215046033646,-0.72,-0.0,0.0
15.889539241790771,0.0,0.0,0.0,-0.01595611371434992,-0.027348453879378412,-0.003381828700702571,-0.72,-0.0,0.0
15.930922031402588,0.0,0.0,0.0,-0.008358796899839607,-0.029500461158514842,0.006663927787174083,-0.72,-0.0,0.0
15.931058883666992,0.0,0.0,0.0,-0.02269000969197296,-0.028330817820523498,-0.003509873496824402,-0.72,-0.0,0.0
15.931112051010132,0.0,0.0,0.0,-0.01580515093127811,-0.01866796294830814,-0.006260318006454613,-0.72,-0.0,0.0
15.931157112121582,0.0,0.0,0.0,-0.019951360679611237,-0.017042525877207112,0.0005485297616171884,-0.72,-0.0,0.0
15.931201219558716,0.0,0.0,0.0,-0.01692337504314115,-0.01007461325232835,-0.0020657459343255188,-0.72,-0.0,0.0
15.931241512298584,0.0,0.0,0.0,-0.008174544411399583,-0.005184848465994922,-0.00599976704249428,-0.72,-0.0,0.0
15.931280136108398,0.0,0.0,0.0,-0.01541974674718811,-0.008730815395362615,-0.008813354139277455,-0.72,-0.0,0.0
15.931316137313843,0.0,0.0,0.0,-0.008363449538147529,-0.007426370655539618,-0.018530727273510066,-0.72,-0.0,0.0
15.931354761123657,0.0,0.0,0.0,-0.007222211790024106,-0.007041918318250076,-0.013463474216248973,-0.72,-0.0,0.0
15.931389808654785,0.0,0.0,0.0,-0.00837378399683015,-0.016864337714045313,0.0003876120642012842,-0.72,-0.0,0.0
15.972663640975952,0.0,0.0,0.0,-0.012534413308650391,-0.01747623304624508,-0.009566449391371088,-0.72,-0.0,0.0
15.972809314727783,0.0,0.0,0.0,-0.006374836445581003,-0.005513286998787906,-0.015701535238274743,-0.72,-0.0,0.0
15.972867012023926,0.0,0.0,0.0,-0.004082668288201106,0.0001707180258773134,-0.007426539225458188,-0.72,-0.0,0.0
15.972923517227173,0.0,0.0,0.0,-0.004942122504337992,0.0005526320477042797,-0.016762627003578747,-0.72,-0.0,0.0
15.972969770431519,0.0,0.0,0.0,-0.009371690825714185,-0.008034122877440531,-0.023003768012364006,-0.72,-0.0,0.0
15.973015069961548,0.0,0.0,0.0,-0.008883416581688865,-0.012562903689890163,-0.013451417434326334,-0.72,-0.0,0.0
15.973056316375732,0.0,0.0,0.0,0.0008786866971698498,-0.00698736577172373,-0.014050207941703578,-0.72,-0.0,0.0
15.97309684753418,0.0,0.0,0.0,-0.0014027586196861562,-0.012454167602899933,-0.0061944782450296465,-0.72,-0.0,0.0
15.973134994506836,0.0,0.0,0.0,-0.001593560019795333,-0.008489985632764444,-0.0044891849691601525,-0.72,-0.0,0.0
15.973173379898071,0.0,0.0,0.0,-0.005558812569497966,-0.0028991264317762685,-0.010143635303219727,-0.72,-0.0,0.0
16.01461100578308,0.0,0.0,0.0,0.00045486890218768544,-0.010968191713792165,-0.006011606046481905,-0.72,-0.0,0.0
16.014759063720703,0.0,0.0,0.0,-0.005190507904435047,-0.015209410116098597,-0.012350173743903943,-0.72,-0.0,0.0
16.01481819152832,0.0,0.0,0.0,-0.008695346085703787,-0.016024020952635387,-0.0052265095736362,-0.72,-0.0,0.0
16.014860153198242,0.0,0.0,0.0,-0.0061713035323748685,-0.012664360391172172,-0.0043917376756701975,-0.72,-0.0,0.0
16.014902353286743,0.0,0.0,0.0,-0.011240818627790755,-0.025627824454503637,-0.0030610991024353313,-0.72,-0.0,0.0
16.014944553375244,0.0,0.0,0.0,-0.014107364506948798,-0.011247765488792433,-0.0012969419170915713,-0.72,-0.0,0.0
16.014988899230957,0.0,0.0,0.0,-0.007308324549021694,-0.014274131701272957,-0.012207243095168024,-0.72,-0.0,0.0
16.015033960342407,0.0,0.0,0.0,-0.003176887393829253,-0.009760078055184333,-0.008358359639424936,-0.72,-0.0,0.0
16.015074729919434,0.0,0.0,0.0,0.0012881813371939219,-0.007089042853352891,-0.003977917531575472,-0.72,-0.0,0.0
16.015110969543457,0.0,0.0,0.0,0.0032732107059105136,-0.007483740026263689,-0.003262435198703362,-0.72,-0.0,0.0
16.056451082229614,0.0,0.0,0.0,-0.006090836451884728,-0.019865389762992177,-0.010824634708935651,-0.72,-0.0,0.0
16.056592226028442,0.0,0.0,0.0,-0.010363955753782883,-0.02253101414280826,-0.00566512688050774,-0.72,-0.0,0.0
16.056649684906006,0.0,0.0,0.0,-0.0062690844087849255,-0.010939191140106073,-0.013653817905729787,-0.72,-0.0,0.0
16.056695699691772,0.0,0.0,0.0,-0.007856358201133604,-0.00870647284649932,-0.009270804642753858,-0.72,-0.0,0.0
16.056740045547485,0.0,0.0,0.0,-0.014872270321626403,-0.003018625773459588,-0.006335056843893903,-0.72,-0.0,0.0
16.056780338287354,0.0,0.0,0.0,-0.009687407089956737,-0.005850384104822008,-0.004173935449351512,-0.72,-0.0,0.0
16.056822538375854,0.0,0.0,0.0,-0.011252897672815957,-0.006320418373410864,0.0031786683489001166,-0.72,-0.0,0.0
16.056864261627197,0.0,0.0,0.0,-0.009212010354546642,-0.007694986991636219,0.003008668778337222,-0.72,-0.0,0.0
16.056904077529907,0.0,0.0,0.0,-0.010188820239597248,0.0009591600028345663,0.010627401843714716,-0.72,-0.0,0.0
16.056946277618408,0.0,0.0,0.0,-0.009323357355207954,-0.0143766256314942,-0.005801870302336142,-0.72,-0.0,0.0
16.098267316818237,0.0,0.0,0.0,-0.01211922386381296,-0.0041368583051628735,-0.010513509629243445,-0.72,-0.0,0.0
16.098407983779907,0.0,0.0,0.0,-0.007251226405284867,-0.010551905132724708,-0.023174084015501754,-0.72,-0.0,0.0
16.098463535308838,0.0,0.0,0.0,-0.014497392158622217,-0.0020892271231740707,-0.012518203311107923,-0.72,-0.0,0.0
16.09850835800171,0.0,0.0,0.0,-0.009212582140332356,0.009347943577040939,-0.0056883556231074415,-0.72,-0.0,0.0
16.09855079650879,0.0,0.0,0.0,-0.003146530512003825,0.006087649875870141,-0.0053992670303542765,-0.72,-0.0,0.0
16.098597049713135,0.0,0.0,0.0,-0.011599995021353471,-0.010454418109471206,-0.009141966987650178,-0.72,-0.0,0.0
16.098639965057373,0.0,0.0,0.0,-0.011277915030311923,-0.009173608313053068,-0.0028022759305269553,-0.72,-0.0,0.0
16.098680019378662,0.0,0.0,0.0,-0.010378491383520639,-0.004821886020688482,0.0044715535663881366,-0.72,-0.0,0.0
16.098719358444214,0.0,0.0,0.0,-0.01014971868105663,-0.01984413580173035,-0.0012742301545693188,-0.72,-0.0,0.0
16.09876537322998,0.0,0.0,0.0,-0.011286479640789635,-0.006082653695688239,0.002537170899826103,-0.72,-0.0,0.0
16.150184869766235,0.0,0.0,0.0,-0.01514497791355723,-0.020367233821975472,0.008992196227259068,-0.72,-0.0,0.0
16.150326251983643,0.0,0.0,0.0,-0.01286163832019062,-0.022215906220830955,-0.00037084522696196156,-0.72,-0.0,0.0
16.150383472442627,0.0,0.0,0.0,-0.013667465419226879,-0.019922334998456352,-0.0066951098565806045,-0.72,-0.0,0.0
16.150624752044678,0.0,0.0,0.0,-0.011693872061066446,-0.023628314264407077,-0.009172541486567733,-0.72,-0.0,0.0
16.150687217712402,0.0,0.0,0.0,-0.0058770622800915495,-0.029055107410338094,-0.00907944133264467,-0.72,-0.0,0.0
16.150734186172485,0.0,0.0,0.0,-0.006859780553422946,-0.01909934476857798,-0.0099000609492994,-0.72,-0.0,0.0
16.150776863098145,0.0,0.0,0.0,-0.010277003635529918,-0.01811419955211015,-0.0115461921886095,-0.72,-0.0,0.0
16.1508207321167,0.0,0.0,0.0,-0.008165220236077374,-0.011980715156962052,-0.019255781495525634,-0.72,-0.0,0.0
16.150859355926514,0.0,0.0,0.0,-0.01681578966841967,-0.013701410735708448,-0.015009975601804802,-0.72,-0.0,0.0
16.19199824333191,0.0,0.0,0.0,-0.01263264504595227,-0.008666383153509418,-0.014653125561209094,-0.72,-0.0,0.0
16.192094326019287,0.0,0.0,0.0,-0.020707414283053473,-0.013151637174981011,-0.011186750392461899,-0.72,-0.0,0.0
16.19213366508484,0.0,0.0,0.0,-0.015272110662344022,-0.020061035437639724,-0.011041626258959778,-0.72,-0.0,0.0
16.192156314849854,0.0,0.0,0.0,-0.008340432666185919,-0.011106763359607882,0.0008448838813350513,-0.72,-0.0,0.0
16.192176580429077,0.0,0.0,0.0,-0.015369831598899781,-0.01944572390436427,-0.0003623660731021461,-0.72,-0.0,0.0
16.192194938659668,0.0,0.0,0.0,-0.014079097060578007,-0.010074386592915876,0.008279721562325064,-0.72,-0.0,0.0
16.19221305847168,0.0,0.0,0.0,-0.010276064006995293,-0.0107522372162248,0.010595932757454081,-0.72,-0.0,0.0
16.19223141670227,0.0,0.0,0.0,-0.0011963308796630696,-0.005450781339232919,0.0015628405684532656,-0.72,-0.0,0.0
16.19225001335144,0.0,0.0,0.0,-0.006610417771478846,-0.012606915768327556,-0.004526084428529909,-0.72,-0.0,0.0
16.19226622581482,0.0,0.0,0.0,-0.014210117500453267,-0.01809677281326628,0.0009288681180171741,-0.72,-0.0,0.0
16.233537197113037,0.0,0.0,0.0,-0.014641034360854451,-0.013081751610647997,0.009628280892571678,-0.72,-0.0,0.0
16.23366093635559,0.0,0.0,0.0,-0.013769548884581392,-0.003899027352904686,0.016921570033037008,-0.72,-0.0,0.0
16.233702421188354,0.0,0.0,0.0,-0.0132877313101698,-0.0032247900205107393,0.0038307675983860344,-0.72,-0.0,0.0
16.233736276626587,0.0,0.0,0.0,-0.005343582542083251,-0.006231635283316216,0.005047216989049112,-0.72,-0.0,0.0
16.23376727104187,0.0,0.0,0.0,-0.009532172712898376,-0.007427898245880898,0.007864174613864613,-0.72,-0.0,0.0
16.233800888061523,0.0,0.0,0.0,-0.0024410248244981867,-0.007837388709064766,0.014619009131764239,-0.72,-0.0,0.0
16.23383402824402,0.0,0.0,0.0,-0.002549166025098584,-0.011774036907742941,0.01765870847144638,-0.72,-0.0,0.0
16.233864307403564,0.0,0.0,0.0,-0.006848792658316112,-0.006491389751038519,0.0004975862913137141,-0.72,-0.0,0.0
16.23389720916748,0.0,0.0,0.0,-0.005317718896490424,-0.010536985511458201,0.004254274836430383,-0.72,-0.0,0.0
16.233928680419922,0.0,0.0,0.0,-0.0009378142029650777,-0.011235886289801177,0.003726263750635777,-0.72,-0.0,0.0
16.27519679069519,0.0,0.0,0.0,-0.002559300722565137,-0.010291199233454387,-0.011861339440277112,-0.72,-0.0,0.0
16.275325775146484,0.0,0.0,0.0,-0.009255913544295337,0.0014193338432595779,-0.01201722724824658,-0.72,-0.0,0.0
16.275373220443726,0.0,0.0,0.0,-0.011254429918724886,-0.012035560619289822,-0.00784624379257525,-0.72,-0.0,0.0
16.275413036346436,0.0,0.0,0.0,-0.008927576041958526,-0.00792042960412404,0.0012081289792322258,-0.72,-0.0,0.0
16.27545952796936,0.0,0.0,0.0,-0.01144869631036943,-0.014193551930833761,-0.011212475975205874,-0.72,-0.0,0.0
16.27549695968628,0.0,0.0,0.0,-0.018616780795813755,-0.0170328116453986,-0.015410487389856448,-0.72,-0.0,0.0
16.27553153038025,0.0,0.0,0.0,-0.019541935979659114,-0.017938610629367836,-0.006225608688628588,-0.72,-0.0,0.0
16.275566577911377,0.0,0.0,0.0,-0.008756370504430256,-0.015885868910566342,-0.005201372707497879,-0.72,-0.0,0.0
16.275601387023926,0.0,0.0,0.0,-0.008165739370716801,-0.009527117072400764,-0.0013618706410189526,-0.72,-0.0,0.0
16.27563786506653,0.0,0.0,0.0,-0.0030343147265278364,-0.014241191506624359,-0.0025266931325592335,-0.72,-0.0,0.0
16.31682538986206,0.0,0.0,0.0,-0.002941208343809902,-0.017107617884097114,-0.004248047033817671,-0.72,-0.0,0.0
16.316938638687134,0.0,0.0,0.0,-0.009276892387806126,-0.009650623441514508,-0.007191958716720336,-0.72,-0.0,0.0
16.316975116729736,0.0,0.0,0.0,-0.0062185257898746404,-0.009532466047180027,-0.004689928485511497,-0.72,-0.0,0.0
16.3170108795166,0.0,0.0,0.0,-0.009580253844822952,-0.011879572343726379,0.007390126996532058,-0.72,-0.0,0.0
16.317039251327515,0.0,0.0,0.0,-0.01700570632681748,-0.014102441908569397,0.006637037059202597,-0.72,-0.0,0.0
16.31706428527832,0.0,0.0,0.0,-0.011338451489615337,-0.012345390693907577,0.005199195623539713,-0.72,-0.0,0.0
16.317088842391968,0.0,0.0,0.0,-0.0174125710598439,-0.013297275509098054,-0.0038479503338717923,-0.72,-0.0,0.0
16.317113399505615,0.0,0.0,0.0,-0.01378499686922019,-0.0025029863715506744,-0.0017112479291324391,-0.72,-0.0,0.0
16.31713843345642,0.0,0.0,0.0,-0.010559654151749871,-0.0017795019117181395,-0.007765790122172521,-0.72,-0.0,0.0
16.31716227531433,0.0,0.0,0.0,0.00023363301864515,-0.0013753798019527652,-0.00825886136175699,-0.72,-0.0,0.0
16.358373403549194,0.0,0.0,0.0,-0.0020168042233351486,-0.011602922044951718,-0.011450944713157298,-0.72,-0.0,0.0
16.3585102558136,0.0,0.0,0.0,-0.0014386714315387044,-0.016736943183539972,-0.010935312767829036,-0.72,-0.0,0.0
16.358564138412476,0.0,0.0,0.0,-0.003446996984577767,-0.008126439853733517,-0.012359351385582173,-0.72,-0.0,0.0
16.358606338500977,0.0,0.0,0.0,-0.0034211984469696465,-0.016490069628049404,0.0011641853515101982,-0.72,-0.0,0.0
16.35865092277527,0.0,0.0,0.0,-0.00012121847836932136,-0.006915377091484025,-0.007266271530105708,-0.72,-0.0,0.0
16.358691930770874,0.0,0.0,0.0,0.0004921771350949344,-0.011901556942499567,0.0023759042510813743,-0.72,-0.0,0.0
16.35873317718506,0.0,0.0,0.0,-0.0009807440398386358,-0.01652826314118828,-0.009089071836301732,-0.72,-0.0,0.0
16.35877251625061,0.0,0.0,0.0,-0.00932869411172429,-0.019887894206283608,0.0008808276273157125,-0.72,-0.0,0.0
16.3588125705719,0.0,0.0,0.0,-0.007033550225074461,-0.01482462692913392,-0.004943225350418509,-0.72,-0.0,0.0
16.358853816986084,0.0,0.0,0.0,-0.002329839564855875,-0.0009803997936975136,0.002135123668812948,-0.72,-0.0,0.0
16.399901628494263,0.0,0.0,0.0,-0.012350244598757722,-0.0020639173577776566,-0.0063335908395746095,-0.72,-0.0,0.0
16.399995803833008,0.0,0.0,0.0,-0.019338020811607803,-0.007497796721057018,-0.00420075307716813,-0.72,-0.0,0.0
16.40002155303955,0.0,0.0,0.0,-0.00591107323274836,-0.01623695099382729,-0.01537256738535124,-0.72,-0.0,0.0
16.40004253387451,0.0,0.0,0.0,-0.004887732331041867,-0.01106116771207531,-0.0053390021052560814,-0.72,-0.0,0.0
16.40005874633789,0.0,0.0,0.0,-0.007927743645168331,-0.014291910164406698,-0.006269410015567431,-0.72,-0.0,0.0
16.40007448196411,0.0,0.0,0.0,-0.0012787822048869056,-0.001352181666197787,-0.01032713672935395,-0.72,-0.0,0.0
16.400091409683228,0.0,0.0,0.0,-0.006267422499911194,-0.010106741726132988,-0.0012913232108879512,-0.72,-0.0,0.0
16.400108098983765,0.0,0.0,0.0,-0.004962593790921256,-0.0033005582259158397,-0.00038174825214179405,-0.72,-0.0,0.0
16.400147438049316,0.0,0.0,0.0,-0.0021015523057669305,-0.0031113330979658216,-0.003388299396405514,-0.72,-0.0,0.0
16.400166034698486,0.0,0.0,0.0,-0.002888169420601556,-0.008988497505678528,-0.0017791661729141379,-0.72,-0.0,0.0
16.45162296295166,0.0,0.0,0.0,-0.007729336813328124,-0.006734935994932649,0.009025075468799527,-0.72,-0.0,0.0
16.4517240524292,0.0,0.0,0.0,-0.011694080301573474,-0.005065684367122719,0.007489601728272214,-0.72,-0.0,0.0
16.45174789428711,0.0,0.0,0.0,-0.015891924087510344,-0.011631674525690276,5.144180873004107e-05,-0.72,-0.0,0.0
16.45177674293518,0.0,0.0,0.0,-0.012100909442763711,-0.007750382104157974,-0.006420312852825557,-0.72,-0.0,0.0
16.451796054840088,0.0,0.0,0.0,-0.005584059079574408,-0.013603186500564518,-0.008118456468342023,-0.72,-0.0,0.0
16.451815366744995,0.0,0.0,0.0,0.0004258760039424124,-0.0039437379093352765,-0.01421395405556515,-0.72,-0.0,0.0
16.451834678649902,0.0,0.0,0.0,-0.00867827875894051,-0.0010409937820164302,-0.012383007379639373,-0.72,-0.0,0.0
16.452022075653076,0.0,0.0,0.0,-0.011430156320011228,-0.001410025501261155,-0.006981750732222961,-0.72,-0.0,0.0
16.452052354812622,0.0,0.0,0.0,-0.010871369603480598,-0.0002958281270875044,-0.0005315023867754961,-0.72,-0.0,0.0
16.452073097229004,0.0,0.0,0.0,-0.0014253803916066776,-0.003456302526860737,-0.0020541410921346196,-0.72,-0.0,0.0
16.493157625198364,0.0,0.0,0.0,-0.001901440892340908,0.00248784147345362,-0.01476965028257073,-0.72,-0.0,0.0
16.49329161643982,0.0,0.0,0.0,-0.006889372431142741,0.0010832425163714873,-0.020839849498696276,-0.72,-0.0,0.0
16.49334692955017,0.0,0.0,0.0,-0.011744476363373755,-0.0014799894099850079,-0.011578343869333598,-0.72,-0.0,0.0
16.493390321731567,0.0,0.0,0.0,-0.006378394809315051,-0.0006412937347733478,-0.01967561952998287,-0.72,-0.0,0.0
16.49343991279602,0.0,0.0,0.0,-0.008914773611427961,-0.015574275013565614,-0.009923784775362305,-0.72,-0.0,0.0
16.49347949028015,0.0,0.0,0.0,-0.004227374488837372,-0.014949328267464184,-0.008353414837627615,-0.72,-0.0,0.0
16.493516445159912,0.0,0.0,0.0,-0.006905720207418141,-0.014552747974211036,-0.015578314105296724,-0.72,-0.0,0.0
16.49355387687683,0.0,0.0,0.0,0.006802683843460544,-0.011888860430086532,-0.00933846858299281,-0.72,-0.0,0.0
16.493589401245117,0.0,0.0,0.0,0.005925182949905433,-0.009256100007703428,-0.015000895821979285,-0.72,-0.0,0.0
16.493632078170776,0.0,0.0,0.0,0.004427642084505666,-0.01050671196800687,-0.00852080642918022,-0.72,-0.0,0.0
16.53466534614563,0.0,0.0,0.0,0.011292123864341051,0.0021705947106652,-0.005636410854952638,-0.72,-0.0,0.0
16.534762144088745,0.0,0.0,0.0,0.003888099147590686,-0.010624323233013962,0.00017186340253590453,-0.72,-0.0,0.0
16.534787893295288,0.0,0.0,0.0,0.0012116795042401202,-0.008645094385011431,-0.006201740724951906,-0.72,-0.0,0.0
16.534815311431885,0.0,0.0,0.0,-0.0007326080987225533,-0.00725904935578289,0.007417195477423479,-0.72,-0.0,0.0
16.534833669662476,0.0,0.0,0.0,-0.005788453260152876,-0.003710142216409214,0.01427832035661954,-0.72,-0.0,0.0
16.534850597381592,0.0,0.0,0.0,-0.0032229903468941053,0.001537650596443545,0.0023229736363580443,-0.72,-0.0,0.0
16.534867525100708,0.0,0.0,0.0,-0.013794276350398009,0.004670560219524351,0.005632723718778687,-0.72,-0.0,0.0
16.534884214401245,0.0,0.0,0.0,-0.006358099355666603,0.007243282292199538,-0.005401382968994346,-0.72,-0.0,0.0
16.534903049468994,0.0,0.0,0.0,-0.016037803908362517,-0.0014383567945548113,-0.012440948870519667,-0.72,-0.0,0.0
16.534921407699585,0.0,0.0,0.0,-0.008429002308758645,0.003817219270783185,-0.00560132667241751,-0.72,-0.0,0.0
16.57610249519348,0.0,0.0,0.0,-0.00838865719006874,0.0019201755218725429,0.0004189490312699818,-0.72,-0.0,0.0
16.576277256011963,0.0,0.0,0.0,-0.011460700506284852,-0.00605005244457955,-0.012558079138227716,-0.72,-0.0,0.0
16.576334476470947,0.0,0.0,0.0,-0.007514225522215047,0.0019573978053818303,-0.02036364464132037,-0.72,-0.0,0.0
16.576380014419556,0.0,0.0,0.0,-0.012842695902129001,-6.145963449395894e-05,-0.02444240203233631,-0.72,-0.0,0.0
16.576429843902588,0.0,0.0,0.0,-0.020820134478314566,-0.01586825768343417,-0.013797248942961639,-0.72,-0.0,0.0
16.57647442817688,0.0,0.0,0.0,-0.005190969622072736,-0.005040145005662271,-0.008543450656343581,-0.72,-0.0,0.0
16.576514959335327,0.0,0.0,0.0,-0.004899815783367362,-0.003180184964681013,0.0041212246831069934,-0.72,-0.0,0.0
16.57655668258667,0.0,0.0,0.0,-0.00419217246808856,-0.003783976400525115,0.013964774926189649,-0.72,-0.0,0.0
16.57659339904785,0.0,0.0,0.0,-0.00659676965584197,-0.011861472202650672,0.0015754357663506514,-0.72,-0.0,0.0
16.57663369178772,0.0,0.0,0.0,-0.007717986300132544,-0.018226381402805223,-0.0010191024965874,-0.72,-0.0,0.0
16.618348836898804,0.0,0.0,0.0,-0.004673311660541932,-0.018142899442952193,-0.0009202910660383249,-0.72,-0.0,0.0
16.618446588516235,0.0,0.0,0.0,-0.01089776856370861,-0.008523481096395048,0.004389320448424548,-0.72,-0.0,0.0
16.618488311767578,0.0,0.0,0.0,-0.0024232451996212853,-0.021287553807997267,-0.009936096752772327,-0.72,-0.0,0.0
16.61853528022766,0.0,0.0,0.0,-0.01576734318701154,-0.012985450194351022,-0.0030549597766832176,-0.72,-0.0,0.0
16.618579149246216,0.0,0.0,0.0,-0.007123017923349616,-0.015955224773114937,-0.0035092062117493333,-0.72,-0.0,0.0
16.618619918823242,0.0,0.0,0.0,-0.015248947659350965,-0.016982851258195222,-0.012295853893761687,-0.72,-0.0,0.0
16.618656635284424,0.0,0.0,0.0,-0.014398289101980329,-0.011763891778222417,-0.005518490043050994,-0.72,-0.0,0.0
16.618693351745605,0.0,0.0,0.0,-0.013614472385659685,-0.00827926003688561,-0.012446453435535505,-0.72,-0.0,0.0
16.618728637695312,0.0,0.0,0.0,-0.009556828176861598,-0.01086715770719764,-0.019979881183865743,-0.72,-0.0,0.0
16.618761777877808,0.0,0.0,0.0,-0.0031767716831742018,-0.007187273052945276,-0.013796285545189668,-0.72,-0.0,0.0
16.659958362579346,0.0,0.0,0.0,-0.0112553729994876,-0.009665583118642445,-0.01803223006397567,-0.72,-0.0,0.0
16.660099267959595,0.0,0.0,0.0,-0.00815195650872492,-0.0018953955052357315,-0.006034117781071706,-0.72,-0.0,0.0
16.660193920135498,0.0,0.0,0.0,-0.007541667859990981,-0.00664588916066808,0.001343268352800902,-0.72,-0.0,0.0
16.66024613380432,0.0,0.0,0.0,0.003324928013943957,-0.010812982551613677,0.00010796941763527713,-0.72,-0.0,0.0
16.660290956497192,0.0,0.0,0.0,-0.006826531645974126,-0.009229553772948096,-0.0011624137686046655,-0.72,-0.0,0.0
16.660335540771484,0.0,0.0,0.0,-0.01842397164400977,-0.013488379428099643,-0.0038087067636415834,-0.72,-0.0,0.0
16.660374879837036,0.0,0.0,0.0,-0.022675687910384434,-0.007870129655249133,-0.006587886770145455,-0.72,-0.0,0.0
16.66041612625122,0.0,0.0,0.0,-0.008241847324697606,-0.016373417512369582,-0.017384171120654292,-0.72,-0.0,0.0
16.660454273223877,0.0,0.0,0.0,-0.011106405593014266,-0.019494531814478258,-0.024244703157017267,-0.72,-0.0,0.0
16.660491943359375,0.0,0.0,0.0,-0.015432418572930973,-0.01509960217682724,-0.018641424678988668,-0.72,-0.0,0.0
16.70159149169922,0.0,0.0,0.0,-0.012840337087884535,-0.010188918600936455,-0.007587333729900731,-0.72,-0.0,0.0
16.701687574386597,0.0,0.0,0.0,-0.0034519759626408363,-0.021531275828496288,-0.002410392413567787,-0.72,-0.0,0.0
16.701711893081665,0.0,0.0,0.0,0.00140052845524617,-0.015776472463727584,0.00391316799090218,-0.72,-0.0,0.0
16.70173215866089,0.0,0.0,0.0,0.0013998103621763432,-0.011529616486067075,0.011122436843273222,-0.72,-0.0,0.0
16.701750993728638,0.0,0.0,0.0,-0.002769936747506234,-0.013820975447886193,-0.0019191918466523064,-0.72,-0.0,0.0
16.702248573303223,0.0,0.0,0.0,-0.00853412313210771,-0.013453812684433478,0.0011026815370074996,-0.72,-0.0,0.0
16.70230460166931,0.0,0.0,0.0,-0.004429168452181724,-0.014389832994764434,0.005833539701594974,-0.72,-0.0,0.0
16.70234251022339,0.0,0.0,0.0,-0.0020427102624444777,-0.007870101737810954,0.007389541683503487,-0.72,-0.0,0.0
16.702389240264893,0.0,0.0,0.0,-0.004116668780538989,-0.009828650656821649,-0.005105145115253803,-0.72,-0.0,0.0
